model,batch_id,release_ns,finish_ns
phi2_conv300,0,0.0,148799842.0
phi2_conv300,1,0.0,165890854.0
phi2_conv300,2,0.0,182981866.0
phi2_conv300,3,0.0,200072878.0
phi2_conv300,4,0.0,217163890.0
phi2_conv300,5,0.0,234254902.0
phi2_conv300,6,0.0,251345914.0
phi2_conv300,7,0.0,268436926.0
phi2_conv300,8,0.0,285527938.0
phi2_conv300,9,0.0,302618950.0
phi2_conv300,10,0.0,319709962.0
phi2_conv300,11,0.0,336800974.0
phi2_conv300,12,0.0,353891986.0
phi2_conv300,13,0.0,370982998.0
phi2_conv300,14,0.0,388074010.0
phi2_conv300,15,0.0,405165022.0
phi2_conv300,16,0.0,422256034.0
phi2_conv300,17,0.0,439347046.0
phi2_conv300,18,0.0,456438058.0
phi2_conv300,19,0.0,473529070.0
phi2_conv300,20,0.0,490620082.0
phi2_conv300,21,0.0,507711094.0
phi2_conv300,22,0.0,524802106.0
phi2_conv300,23,0.0,541893118.0
phi2_conv300,24,0.0,558984130.0
phi2_conv300,25,0.0,576075142.0
phi2_conv300,26,0.0,593166154.0
phi2_conv300,27,0.0,610257166.0
phi2_conv300,28,0.0,627348178.0
phi2_conv300,29,0.0,644439190.0
phi2_conv300,30,0.0,661530202.0
phi2_conv300,31,0.0,678621214.0
phi2_conv300,32,0.0,695712226.0
phi2_conv300,33,0.0,712803238.0
phi2_conv300,34,0.0,729982314.0
phi2_conv300,35,0.0,747161390.0
phi2_conv300,36,0.0,764340466.0
phi2_conv300,37,0.0,781519542.0
phi2_conv300,38,0.0,798698618.0
phi2_conv300,39,0.0,815877694.0
phi2_conv300,40,0.0,833056770.0
phi2_conv300,41,0.0,850235846.0
phi2_conv300,42,0.0,867414922.0
phi2_conv300,43,0.0,884593998.0
phi2_conv300,44,4314579000.0,4462204275.0
phi2_conv300,45,4314579000.0,4479295287.0
phi2_conv300,46,4314579000.0,4496386299.0
phi2_conv300,47,4314579000.0,4513477311.0
phi2_conv300,48,4314579000.0,4530568323.0
phi2_conv300,49,4314579000.0,4547659335.0
phi2_conv300,50,4314579000.0,4564750347.0
phi2_conv300,51,4314579000.0,4581841359.0
phi2_conv300,52,4314579000.0,4598932371.0
phi2_conv300,53,4314579000.0,4616023383.0
phi2_conv300,54,4314579000.0,4633114395.0
phi2_conv300,55,4314579000.0,4650205407.0
phi2_conv300,56,4314579000.0,4667384483.0
phi2_conv300,57,4314579000.0,4684563559.0
phi2_conv300,58,4314579000.0,4701742635.0
phi2_conv300,59,4314579000.0,4718921711.0
phi2_conv300,60,4314579000.0,4736100787.0
phi2_conv300,61,4314579000.0,4753279863.0
phi2_conv300,62,4314579000.0,4770458939.0
phi2_conv300,63,4314579000.0,4787638015.0
phi2_conv300,64,4314579000.0,4804817091.0
phi2_conv300,65,4314579000.0,4821996167.0
phi2_conv300,66,4314579000.0,4839175243.0
phi2_conv300,67,4314579000.0,4856354319.0
phi2_conv300,68,4314579000.0,4873533395.0
phi2_conv300,69,4314579000.0,4890712471.0
phi2_conv300,70,4314579000.0,4907891547.0
phi2_conv300,71,4314579000.0,4925070623.0
phi2_conv300,72,4314579000.0,4942249699.0
phi2_conv300,73,4314579000.0,4959428775.0
phi2_conv300,74,4314579000.0,4976607851.0
phi2_conv300,75,4314579000.0,4993786927.0
phi2_conv300,76,4314579000.0,5010966003.0
phi2_conv300,77,4314579000.0,5028145079.0
phi2_conv300,78,4314579000.0,5045324155.0
phi2_conv300,79,4314579000.0,5062503231.0
phi2_conv300,80,4314579000.0,5079682307.0
phi2_conv300,81,4314579000.0,5096861383.0
phi2_conv300,82,4314579000.0,5114040459.0
phi2_conv300,83,4314579000.0,5131219535.0
phi2_conv300,84,4314579000.0,5148398611.0
phi2_conv300,85,4314579000.0,5165577687.0
phi2_conv300,86,4314579000.0,5182756763.0
phi2_conv300,87,4314579000.0,5199935839.0
phi2_conv300,88,4541877000.0,5601375160.0
phi2_conv300,89,4541877000.0,5778928161.0
phi2_conv300,90,4541877000.0,5793731301.0
phi2_conv300,91,4541877000.0,5808534441.0
phi2_conv300,92,4541877000.0,5823337581.0
phi2_conv300,93,4541877000.0,5838140721.0
phi2_conv300,94,4541877000.0,5852943861.0
phi2_conv300,95,4541877000.0,5867747001.0
phi2_conv300,96,4541877000.0,5882550141.0
phi2_conv300,97,4541877000.0,5897353281.0
phi2_conv300,98,4541877000.0,5912156421.0
phi2_conv300,99,4541877000.0,5926959561.0
phi2_conv300,100,4541877000.0,5941762701.0
phi2_conv300,101,4541877000.0,5956565841.0
phi2_conv300,102,4541877000.0,5971368981.0
phi2_conv300,103,4541877000.0,5986172121.0
phi2_conv300,104,4541877000.0,6000975261.0
phi2_conv300,105,4541877000.0,6015778401.0
phi2_conv300,106,4541877000.0,6030581541.0
phi2_conv300,107,4541877000.0,6045384681.0
phi2_conv300,108,4541877000.0,6060187821.0
phi2_conv300,109,4541877000.0,6074990961.0
phi2_conv300,110,4541877000.0,6089794101.0
phi2_conv300,111,4541877000.0,6104597241.0
phi2_conv300,112,4541877000.0,6119400381.0
phi2_conv300,113,4541877000.0,6134203521.0
phi2_conv300,114,4541877000.0,6149006661.0
phi2_conv300,115,4541877000.0,6163809801.0
phi2_conv300,116,4541877000.0,6178612941.0
phi2_conv300,117,4710427000.0,6194360721.0
phi2_conv300,118,4710427000.0,6201464917.0
phi2_conv300,119,4710427000.0,6208569113.0
phi2_conv300,120,4710427000.0,6215673309.0
phi2_conv300,121,4710427000.0,6222777505.0
phi2_conv300,122,4710427000.0,6229881701.0
phi2_conv300,123,4710427000.0,6236985897.0
phi2_conv300,124,4710427000.0,6244090093.0
phi2_conv300,125,4710427000.0,6251194289.0
phi2_conv300,126,4710427000.0,6258298485.0
phi2_conv300,127,4710427000.0,6265402681.0
phi2_conv300,128,4710427000.0,6272506877.0
phi2_conv300,129,4710427000.0,6279611073.0
phi2_conv300,130,4710427000.0,6286715269.0
phi2_conv300,131,4710427000.0,6293819465.0
phi2_conv300,132,4710427000.0,6300923661.0
phi2_conv300,133,4541877000.0,6315726801.0
phi2_conv300,134,4541877000.0,6330529941.0
phi2_conv300,135,4541877000.0,6345333081.0
phi2_conv300,136,4541877000.0,6360136221.0
phi2_conv300,137,4541877000.0,6374939361.0
phi2_conv300,138,4541877000.0,6389742501.0
phi2_conv300,139,4541877000.0,6404545641.0
phi2_conv300,140,4541877000.0,6419348781.0
phi2_conv300,141,4541877000.0,6434151921.0
phi2_conv300,142,4541877000.0,6448955061.0
phi2_conv300,143,4541877000.0,6463758201.0
phi2_conv300,144,4314579000.0,6480937277.0
phi2_conv300,145,4314579000.0,6498116353.0
phi2_conv300,146,4314579000.0,6515295429.0
phi2_conv300,147,4314579000.0,6532474505.0
phi2_conv300,148,4314579000.0,6549653581.0
phi2_conv300,149,4314579000.0,6566832657.0
phi2_conv300,150,4314579000.0,6584011733.0
phi2_conv300,151,4314579000.0,6601190809.0
phi2_conv300,152,4314579000.0,6618369885.0
phi2_conv300,153,5892655000.0,6634515521.0
phi2_conv300,154,5892655000.0,6651604485.0
phi2_conv300,155,5892655000.0,6668693449.0
phi2_conv300,156,5892655000.0,6685782413.0
phi2_conv300,157,5892655000.0,6702871377.0
phi2_conv300,158,5892655000.0,6719960341.0
phi2_conv300,159,5892655000.0,6737049305.0
phi2_conv300,160,5892655000.0,6754138269.0
phi2_conv300,161,5892655000.0,6771227233.0
phi2_conv300,162,5892655000.0,6788316197.0
phi2_conv300,163,5892655000.0,6805405161.0
phi2_conv300,164,5892655000.0,6822494125.0
phi2_conv300,165,5892655000.0,6839583089.0
phi2_conv300,166,5892655000.0,6856672053.0
phi2_conv300,167,5892655000.0,6873761017.0
phi2_conv300,168,5892655000.0,6890849981.0
phi2_conv300,169,6311529000.0,7059346310.0
phi2_conv300,170,6311529000.0,7076437322.0
phi2_conv300,171,6311529000.0,7093528334.0
phi2_conv300,172,6311529000.0,7110619346.0
phi2_conv300,173,6311529000.0,7127710358.0
phi2_conv300,174,6311529000.0,7144801370.0
phi2_conv300,175,6311529000.0,7161892382.0
phi2_conv300,176,6311529000.0,7178983394.0
phi2_conv300,177,6311529000.0,7196074406.0
phi2_conv300,178,6311529000.0,7213165418.0
phi2_conv300,179,6311529000.0,7230256430.0
phi2_conv300,180,6311529000.0,7247347442.0
phi2_conv300,181,6311529000.0,7264438454.0
phi2_conv300,182,6311529000.0,7281529466.0
phi2_conv300,183,6311529000.0,7298620478.0
phi2_conv300,184,6311529000.0,7315711490.0
phi2_conv300,185,6311529000.0,7332802502.0
phi2_conv300,186,6311529000.0,7349893514.0
phi2_conv300,187,6311529000.0,7366984526.0
phi2_conv300,188,6311529000.0,7384075538.0
phi2_conv300,189,6311529000.0,7401166550.0
phi2_conv300,190,6311529000.0,7418257562.0
phi2_conv300,191,6311529000.0,7435348574.0
phi2_conv300,192,6311529000.0,7452439586.0
phi2_conv300,193,6311529000.0,7469530598.0
phi2_conv300,194,6311529000.0,7486621610.0
phi2_conv300,195,6311529000.0,7503712622.0
phi2_conv300,196,6311529000.0,7520891698.0
phi2_conv300,197,6311529000.0,7538070774.0
phi2_conv300,198,6311529000.0,7555249850.0
phi2_conv300,199,6311529000.0,7572428926.0
phi2_conv300,200,6311529000.0,7589608002.0
phi2_conv300,201,6311529000.0,7606787078.0
phi2_conv300,202,6311529000.0,7623966154.0
phi2_conv300,203,6311529000.0,7641145230.0
phi2_conv300,204,6311529000.0,7658324306.0
phi2_conv300,205,6311529000.0,7675503382.0
phi2_conv300,206,6311529000.0,7692682458.0
phi2_conv300,207,6311529000.0,7709861534.0
phi2_conv300,208,6311529000.0,7727040610.0
phi2_conv300,209,6311529000.0,7744219686.0
phi2_conv300,210,6311529000.0,7761398762.0
phi2_conv300,211,6311529000.0,7778577838.0
phi2_conv300,212,6311529000.0,7795756914.0
phi2_conv300,213,6311529000.0,7812935990.0
phi2_conv300,214,6311529000.0,7830115066.0
phi2_conv300,215,6311529000.0,7847294142.0
phi2_conv300,216,6311529000.0,7864473218.0
phi2_conv300,217,6311529000.0,7881652294.0
phi2_conv300,218,6311529000.0,7898831370.0
phi2_conv300,219,6311529000.0,7916010446.0
phi2_conv300,220,6311529000.0,7933189522.0
phi2_conv300,221,6311529000.0,7950368598.0
phi2_conv300,222,6311529000.0,7967547674.0
phi2_conv300,223,6311529000.0,7984726750.0
phi2_conv300,224,6311529000.0,8001905826.0
phi2_conv300,225,6311529000.0,8019084902.0
phi2_conv300,226,6311529000.0,8036263978.0
phi2_conv300,227,6311529000.0,8053443054.0
phi2_conv300,228,6311529000.0,8070622130.0
phi2_conv300,229,6311529000.0,8087801206.0
phi2_conv300,230,6311529000.0,8104980282.0
phi2_conv300,231,6311529000.0,8122159358.0
phi2_conv300,232,6311529000.0,8139338434.0
phi2_conv300,233,6311529000.0,8156517510.0
phi2_conv300,234,6311529000.0,8173696586.0
phi2_conv300,235,6311529000.0,8190875662.0
phi2_conv300,236,6311529000.0,8208054738.0
phi2_conv300,237,6311529000.0,8225233814.0
phi2_conv300,238,6311529000.0,8242412890.0
phi2_conv300,239,6311529000.0,8259591966.0
phi2_conv300,240,6311529000.0,8276771042.0
phi2_conv300,241,6311529000.0,8293950118.0
phi2_conv300,242,6311529000.0,8311129194.0
phi2_conv300,243,6311529000.0,8328308270.0
phi2_conv300,244,6311529000.0,8345487346.0
phi2_conv300,245,6311529000.0,8362666422.0
phi2_conv300,246,6311529000.0,8379845498.0
phi2_conv300,247,6311529000.0,8397024574.0
phi2_conv300,248,6311529000.0,8414203650.0
phi2_conv300,249,6311529000.0,8431382726.0
phi2_conv300,250,6311529000.0,8448561802.0
phi2_conv300,251,6311529000.0,8465740878.0
phi2_conv300,252,6311529000.0,8482919954.0
phi2_conv300,253,7745497000.0,8669335338.0
phi2_conv300,254,7745497000.0,8914470978.0
phi2_conv300,255,7745497000.0,9093464978.0
phi2_conv300,256,7745497000.0,9110766934.0
phi2_conv300,257,7745497000.0,9128068890.0
phi2_conv300,258,7745497000.0,9145370846.0
phi2_conv300,259,7745497000.0,9162672802.0
phi2_conv300,260,7745497000.0,9179974758.0
phi2_conv300,261,7745497000.0,9197276714.0
phi2_conv300,262,7745497000.0,9214578670.0
phi2_conv300,263,7745497000.0,9231880626.0
phi2_conv300,264,7745497000.0,9249182582.0
phi2_conv300,265,7745497000.0,9266484538.0
phi2_conv300,266,7745497000.0,9283786494.0
phi2_conv300,267,7745497000.0,9301088450.0
phi2_conv300,268,7745497000.0,9318390406.0
phi2_conv300,269,7745497000.0,9335692362.0
phi2_conv300,270,7745497000.0,9352994318.0
phi2_conv300,271,7745497000.0,9370296274.0
phi2_conv300,272,7745497000.0,9387598230.0
phi2_conv300,273,7745497000.0,9404900186.0
phi2_conv300,274,7745497000.0,9422202142.0
phi2_conv300,275,7745497000.0,9439504098.0
phi2_conv300,276,7745497000.0,9456806054.0
phi2_conv300,277,7745497000.0,9474108010.0
phi2_conv300,278,7745497000.0,9491409966.0
phi2_conv300,279,7745497000.0,9508711922.0
phi2_conv300,280,7745497000.0,9526013878.0
phi2_conv300,281,7745497000.0,9543315834.0
phi2_conv300,282,7745497000.0,9560617790.0
phi2_conv300,283,7745497000.0,9577919746.0
phi2_conv300,284,7745497000.0,9595221702.0
phi2_conv300,285,7745497000.0,9612523658.0
phi2_conv300,286,7745497000.0,9629825614.0
phi2_conv300,287,7745497000.0,9647127570.0
phi2_conv300,288,7745497000.0,9664429526.0
phi2_conv300,289,7745497000.0,9681731482.0
phi2_conv300,290,7745497000.0,9699033438.0
phi2_conv300,291,7745497000.0,9716335394.0
phi2_conv300,292,7745497000.0,9733637350.0
phi2_conv300,293,7745497000.0,9750939306.0
phi2_conv300,294,7745497000.0,9768241262.0
phi2_conv300,295,7745497000.0,9785543218.0
phi2_conv300,296,7745497000.0,9802845174.0
phi2_conv300,297,7745497000.0,9820147130.0
phi2_conv300,298,7745497000.0,9837449086.0
phi2_conv300,299,7745497000.0,9854751042.0
phi2_conv300,300,7745497000.0,9872052998.0
phi2_conv300,301,7745497000.0,9889354954.0
phi2_conv300,302,7745497000.0,9906656910.0
phi2_conv300,303,7745497000.0,9923958866.0
phi2_conv300,304,7745497000.0,9941260822.0
phi2_conv300,305,7745497000.0,9958562778.0
phi2_conv300,306,7745497000.0,9975864734.0
phi2_conv300,307,7745497000.0,9993166690.0
phi2_conv300,308,7745497000.0,10010468646.0
phi2_conv300,309,7745497000.0,10027770602.0
phi2_conv300,310,7745497000.0,10045072558.0
phi2_conv300,311,7745497000.0,10062374514.0
phi2_conv300,312,7745497000.0,10079676470.0
phi2_conv300,313,7745497000.0,10096978426.0
phi2_conv300,314,7745497000.0,10114280382.0
phi2_conv300,315,7745497000.0,10131582338.0
phi2_conv300,316,7745497000.0,10148884294.0
phi2_conv300,317,7745497000.0,10166186250.0
phi2_conv300,318,7745497000.0,10183488206.0
phi2_conv300,319,7745497000.0,10200790162.0
phi2_conv300,320,7745497000.0,10218092118.0
phi2_conv300,321,7745497000.0,10235394074.0
phi2_conv300,322,7745497000.0,10252696030.0
phi2_conv300,323,7745497000.0,10269997986.0
phi2_conv300,324,7745497000.0,10287299942.0
phi2_conv300,325,7745497000.0,10304601898.0
phi2_conv300,326,7745497000.0,10321903854.0
phi2_conv300,327,7745497000.0,10339205810.0
phi2_conv300,328,7745497000.0,10356507766.0
phi2_conv300,329,7745497000.0,10373809722.0
phi2_conv300,330,7745497000.0,10391111678.0
phi2_conv300,331,7745497000.0,10408413634.0
phi2_conv300,332,7745497000.0,10425715590.0
phi2_conv300,333,7745497000.0,10443017546.0
phi2_conv300,334,7745497000.0,10460319502.0
phi2_conv300,335,7745497000.0,10477621458.0
phi2_conv300,336,7745497000.0,10494923414.0
phi2_conv300,337,7745497000.0,10512225370.0
phi2_conv300,338,7745497000.0,10529527326.0
phi2_conv300,339,7745497000.0,10546829282.0
phi2_conv300,340,7745497000.0,10564131238.0
phi2_conv300,341,7745497000.0,10581433194.0
phi2_conv300,342,7745497000.0,10598735150.0
phi2_conv300,343,7745497000.0,10616037106.0
phi2_conv300,344,8251431000.0,10779737544.0
phi2_conv300,345,8251431000.0,10794514060.0
phi2_conv300,346,8251431000.0,10809290576.0
phi2_conv300,347,8251431000.0,10824067092.0
phi2_conv300,348,8251431000.0,10838843608.0
phi2_conv300,349,8251431000.0,10853620124.0
phi2_conv300,350,8251431000.0,10868396640.0
phi2_conv300,351,8251431000.0,10883173156.0
phi2_conv300,352,8251431000.0,10897949672.0
phi2_conv300,353,8251431000.0,10912726188.0
phi2_conv300,354,8251431000.0,10927502704.0
phi2_conv300,355,8251431000.0,10942279220.0
phi2_conv300,356,8251431000.0,10957055736.0
phi2_conv300,357,8251431000.0,10971832252.0
phi2_conv300,358,8251431000.0,10986608768.0
phi2_conv300,359,8337078999.999999,11081839053.0
phi2_conv300,360,8337078999.999999,11088918673.0
phi2_conv300,361,8337078999.999999,11095998293.0
phi2_conv300,362,8337078999.999999,11103077913.0
phi2_conv300,363,8337078999.999999,11110157533.0
phi2_conv300,364,8337078999.999999,11117325217.0
phi2_conv300,365,8337078999.999999,11124492901.0
phi2_conv300,366,8337078999.999999,11131660585.0
phi2_conv300,367,8337078999.999999,11138828269.0
phi2_conv300,368,8337078999.999999,11145995953.0
phi2_conv300,369,8337078999.999999,11153163637.0
phi2_conv300,370,8337078999.999999,11160331321.0
phi2_conv300,371,8337078999.999999,11167499005.0
phi2_conv300,372,8337078999.999999,11174666689.0
phi2_conv300,373,8251431000.0,11189531269.0
phi2_conv300,374,8251431000.0,11204426569.0
phi2_conv300,375,8251431000.0,11219321869.0
phi2_conv300,376,8251431000.0,11234217169.0
phi2_conv300,377,8251431000.0,11249112469.0
phi2_conv300,378,8251431000.0,11264007769.0
phi2_conv300,379,8251431000.0,11278903069.0
phi2_conv300,380,8251431000.0,11293798369.0
phi2_conv300,381,8251431000.0,11308693669.0
phi2_conv300,382,8464985000.0,11376542841.0
phi2_conv300,383,8464985000.0,11383741245.0
phi2_conv300,384,8464985000.0,11390939649.0
phi2_conv300,385,8464985000.0,11398138053.0
phi2_conv300,386,8464985000.0,11405336457.0
phi2_conv300,387,8464985000.0,11412534861.0
phi2_conv300,388,8464985000.0,11419733265.0
phi2_conv300,389,8464985000.0,11426931669.0
phi2_conv300,390,8464985000.0,11434130073.0
phi2_conv300,391,8464985000.0,11441328477.0
phi2_conv300,392,8464985000.0,11448526881.0
phi2_conv300,393,8464985000.0,11455725285.0
phi2_conv300,394,8464985000.0,11462923689.0
phi2_conv300,395,8464985000.0,11470122093.0
phi2_conv300,396,8464985000.0,11477320497.0
phi2_conv300,397,8464985000.0,11491974133.0
phi2_conv300,398,8464985000.0,11506627769.0
phi2_conv300,399,8464985000.0,11521281405.0
phi2_conv300,400,8464985000.0,11535935041.0
phi2_conv300,401,8464985000.0,11550588677.0
phi2_conv300,402,8464985000.0,11565242313.0
phi2_conv300,403,8464985000.0,11579895949.0
phi2_conv300,404,8464985000.0,11594549585.0
phi2_conv300,405,8464985000.0,11609203221.0
phi2_conv300,406,8464985000.0,11623856857.0
phi2_conv300,407,8464985000.0,11638510493.0
phi2_conv300,408,8464985000.0,11653164129.0
phi2_conv300,409,8464985000.0,11667817765.0
phi2_conv300,410,8464985000.0,11682471401.0
phi2_conv300,411,8464985000.0,11697125037.0
phi2_conv300,412,8464985000.0,11711778673.0
phi2_conv300,413,8464985000.0,11726432309.0
phi2_conv300,414,8464985000.0,11741085945.0
phi2_conv300,415,8464985000.0,11755739581.0
phi2_conv300,416,8464985000.0,11770393217.0
phi2_conv300,417,8464985000.0,11785046853.0
phi2_conv300,418,8464985000.0,11799700489.0
phi2_conv300,419,8464985000.0,11814354125.0
phi2_conv300,420,8464985000.0,11829007761.0
phi2_conv300,421,8464985000.0,11843661397.0
phi2_conv300,422,8464985000.0,11858315033.0
phi2_conv300,423,8464985000.0,11872968669.0
phi2_conv300,424,8464985000.0,11887622305.0
phi2_conv300,425,8464985000.0,11902275941.0
phi2_conv300,426,8700213000.0,12049029348.0
phi2_conv300,427,8700213000.0,12055986088.0
phi2_conv300,428,8700213000.0,12070551660.0
phi2_conv300,429,8700213000.0,12085117232.0
phi2_conv300,430,8700213000.0,12099682804.0
phi2_conv300,431,8700213000.0,12114248376.0
phi2_conv300,432,8700213000.0,12128813948.0
phi2_conv300,433,8700213000.0,12143379520.0
phi2_conv300,434,8700213000.0,12157945092.0
phi2_conv300,435,8700213000.0,12172510664.0
phi2_conv300,436,8700213000.0,12187076236.0
phi2_conv300,437,8700213000.0,12201641808.0
phi2_conv300,438,8700213000.0,12216207380.0
phi2_conv300,439,8700213000.0,12230772952.0
phi2_conv300,440,8700213000.0,12245426588.0
phi2_conv300,441,8700213000.0,12260080224.0
phi2_conv300,442,8700213000.0,12274733860.0
phi2_conv300,443,8700213000.0,12289387496.0
phi2_conv300,444,8700213000.0,12304041132.0
phi2_conv300,445,8700213000.0,12318694768.0
phi2_conv300,446,8700213000.0,12333348404.0
phi2_conv300,447,8700213000.0,12348002040.0
phi2_conv300,448,8700213000.0,12362655676.0
phi2_conv300,449,8700213000.0,12377309312.0
phi2_conv300,450,8700213000.0,12391962948.0
phi2_conv300,451,8700213000.0,12406616584.0
phi2_conv300,452,8700213000.0,12421270220.0
phi2_conv300,453,8700213000.0,12435923856.0
phi2_conv300,454,8700213000.0,12450577492.0
phi2_conv300,455,8700213000.0,12465231128.0
phi2_conv300,456,8700213000.0,12479884764.0
phi2_conv300,457,8700213000.0,12494538400.0
phi2_conv300,458,8700213000.0,12509192036.0
phi2_conv300,459,8700213000.0,12523845672.0
phi2_conv300,460,8700213000.0,12538499308.0
phi2_conv300,461,8700213000.0,12553152944.0
phi2_conv300,462,8700213000.0,12567806580.0
phi2_conv300,463,8700213000.0,12582460216.0
phi2_conv300,464,8700213000.0,12597113852.0
phi2_conv300,465,8700213000.0,12611767488.0
phi2_conv300,466,8700213000.0,12626421124.0
phi2_conv300,467,8700213000.0,12641074760.0
phi2_conv300,468,8700213000.0,12655728396.0
phi2_conv300,469,8700213000.0,12670382032.0
phi2_conv300,470,8700213000.0,12685035668.0
phi2_conv300,471,8700213000.0,12699689304.0
phi2_conv300,472,8700213000.0,12714342940.0
phi2_conv300,473,8700213000.0,12728996576.0
phi2_conv300,474,8700213000.0,12743650212.0
phi2_conv300,475,8700213000.0,12758303848.0
phi2_conv300,476,8700213000.0,12772957484.0
phi2_conv300,477,8700213000.0,12787611120.0
phi2_conv300,478,8700213000.0,12802264756.0
phi2_conv300,479,8700213000.0,12816918392.0
phi2_conv300,480,8700213000.0,12831572028.0
phi2_conv300,481,8700213000.0,12846225664.0
phi2_conv300,482,8700213000.0,12860879300.0
phi2_conv300,483,8700213000.0,12875532936.0
phi2_conv300,484,8700213000.0,12890186572.0
phi2_conv300,485,8700213000.0,12904840208.0
phi2_conv300,486,8700213000.0,12919493844.0
phi2_conv300,487,8700213000.0,12934147480.0
phi2_conv300,488,8700213000.0,12948801116.0
phi2_conv300,489,8700213000.0,12963454752.0
phi2_conv300,490,8700213000.0,12978108388.0
phi2_conv300,491,8700213000.0,12992762024.0
phi2_conv300,492,8700213000.0,13007415660.0
phi2_conv300,493,8700213000.0,13022069296.0
phi2_conv300,494,8700213000.0,13036722932.0
phi2_conv300,495,8700213000.0,13051376568.0
phi2_conv300,496,8700213000.0,13066030204.0
phi2_conv300,497,8700213000.0,13080683840.0
phi2_conv300,498,8700213000.0,13095337476.0
phi2_conv300,499,8700213000.0,13109991112.0
phi2_conv300,500,8700213000.0,13124644748.0
phi2_conv300,501,8700213000.0,13139298384.0
phi2_conv300,502,8700213000.0,13153952020.0
phi2_conv300,503,8700213000.0,13168605656.0
phi2_conv300,504,8700213000.0,13183259292.0
phi2_conv300,505,8700213000.0,13197912928.0
phi2_conv300,506,8700213000.0,13212566564.0
phi2_conv300,507,8700213000.0,13227220200.0
phi2_conv300,508,8700213000.0,13241873836.0
phi2_conv300,509,8700213000.0,13256527472.0
phi2_conv300,510,8700213000.0,13271181108.0
phi2_conv300,511,8700213000.0,13285834744.0
phi2_conv300,512,8700213000.0,13300488380.0
phi2_conv300,513,8700213000.0,13315142016.0
phi2_conv300,514,8700213000.0,13329795652.0
phi2_conv300,515,8700213000.0,13344449288.0
phi2_conv300,516,8700213000.0,13359102924.0
phi2_conv300,517,8700213000.0,13373756560.0
phi2_conv300,518,8700213000.0,13388410196.0
phi2_conv300,519,8700213000.0,13403063832.0
phi2_conv300,520,8700213000.0,13417717468.0
phi2_conv300,521,8700213000.0,13432371104.0
phi2_conv300,522,8700213000.0,13447024740.0
phi2_conv300,523,8700213000.0,13461678376.0
phi2_conv300,524,8700213000.0,13476332012.0
phi2_conv300,525,8700213000.0,13490985648.0
phi2_conv300,526,8700213000.0,13505639284.0
phi2_conv300,527,8700213000.0,13520292920.0
phi2_conv300,528,8700213000.0,13534946556.0
phi2_conv300,529,8700213000.0,13549600192.0
phi2_conv300,530,8700213000.0,13564253828.0
phi2_conv300,531,8700213000.0,13578907464.0
phi2_conv300,532,8700213000.0,13593561100.0
phi2_conv300,533,8700213000.0,13608214736.0
phi2_conv300,534,8700213000.0,13625393812.0
phi2_conv300,535,8700213000.0,13642572888.0
phi2_conv300,536,8700213000.0,13659751964.0
phi2_conv300,537,8700213000.0,13676931040.0
phi2_conv300,538,8700213000.0,13694110116.0
phi2_conv300,539,8700213000.0,13711289192.0
phi2_conv300,540,8700213000.0,13728468268.0
phi2_conv300,541,8700213000.0,13745647344.0
phi2_conv300,542,8700213000.0,13762826420.0
phi2_conv300,543,8700213000.0,13780005496.0
phi2_conv300,544,8700213000.0,13797184572.0
phi2_conv300,545,8700213000.0,13814363648.0
phi2_conv300,546,8700213000.0,13831542724.0
phi2_conv300,547,8700213000.0,13848721800.0
phi2_conv300,548,8700213000.0,13865900876.0
phi2_conv300,549,8700213000.0,13883079952.0
phi2_conv300,550,9427468000.0,14028955296.0
phi2_conv300,551,9427468000.0,14046046308.0
phi2_conv300,552,9427468000.0,14063137320.0
phi2_conv300,553,9427468000.0,14080228332.0
phi2_conv300,554,9427468000.0,14097319344.0
phi2_conv300,555,9427468000.0,14114410356.0
phi2_conv300,556,9427468000.0,14131501368.0
phi2_conv300,557,9427468000.0,14148592380.0
phi2_conv300,558,9427468000.0,14165683392.0
phi2_conv300,559,9427468000.0,14182774404.0
phi2_conv300,560,9427468000.0,14199865416.0
phi2_conv300,561,9427468000.0,14216956428.0
phi2_conv300,562,9427468000.0,14234047440.0
phi2_conv300,563,9427468000.0,14251138452.0
phi2_conv300,564,9427468000.0,14268317528.0
phi2_conv300,565,9427468000.0,14285496604.0
phi2_conv300,566,9427468000.0,14302675680.0
phi2_conv300,567,9427468000.0,14319854756.0
phi2_conv300,568,9427468000.0,14337033832.0
phi2_conv300,569,9427468000.0,14354212908.0
phi2_conv300,570,9427468000.0,14371391984.0
phi2_conv300,571,9427468000.0,14388571060.0
phi2_conv300,572,9427468000.0,14405750136.0
phi2_conv300,573,9427468000.0,14422929212.0
phi2_conv300,574,9427468000.0,14440108288.0
phi2_conv300,575,9427468000.0,14457287364.0
phi2_conv300,576,9427468000.0,14474466440.0
phi2_conv300,577,9427468000.0,14491645516.0
phi2_conv300,578,9427468000.0,14508824592.0
phi2_conv300,579,9427468000.0,14526003668.0
phi2_conv300,580,9582558000.0,14927442989.0
phi2_conv300,581,9582558000.0,15373182598.0
phi2_conv300,582,9582558000.0,15572152244.0
phi2_conv300,583,9582558000.0,15587016824.0
phi2_conv300,584,9582558000.0,15601881404.0
phi2_conv300,585,9582558000.0,15616745984.0
phi2_conv300,586,9582558000.0,15631610564.0
phi2_conv300,587,9582558000.0,15646475144.0
phi2_conv300,588,9582558000.0,15661339724.0
phi2_conv300,589,9582558000.0,15676204304.0
phi2_conv300,590,9582558000.0,15691068884.0
phi2_conv300,591,9582558000.0,15705933464.0
phi2_conv300,592,9582558000.0,15720798044.0
phi2_conv300,593,9582558000.0,15735662624.0
phi2_conv300,594,9582558000.0,15750527204.0
phi2_conv300,595,9582558000.0,15765391784.0
phi2_conv300,596,9582558000.0,15780256364.0
phi2_conv300,597,9582558000.0,15795120944.0
phi2_conv300,598,9582558000.0,15809985524.0
phi2_conv300,599,9582558000.0,15824850104.0
phi2_conv300,600,9582558000.0,15839714684.0
phi2_conv300,601,9582558000.0,15854579264.0
phi2_conv300,602,9582558000.0,15869443844.0
phi2_conv300,603,9582558000.0,15884308424.0
phi2_conv300,604,9582558000.0,15899173004.0
phi2_conv300,605,9582558000.0,15914037584.0
phi2_conv300,606,9582558000.0,15928902164.0
phi2_conv300,607,9582558000.0,15943766744.0
phi2_conv300,608,9582558000.0,15958631324.0
phi2_conv300,609,9582558000.0,15975933280.0
phi2_conv300,610,9582558000.0,15993235236.0
phi2_conv300,611,9582558000.0,16010537192.0
phi2_conv300,612,9582558000.0,16027839148.0
phi2_conv300,613,9582558000.0,16045141104.0
phi2_conv300,614,9582558000.0,16062443060.0
phi2_conv300,615,9582558000.0,16079745016.0
phi2_conv300,616,9582558000.0,16097046972.0
phi2_conv300,617,9582558000.0,16114348928.0
phi2_conv300,618,9582558000.0,16131650884.0
phi2_conv300,619,9582558000.0,16148952840.0
phi2_conv300,620,9582558000.0,16166254796.0
phi2_conv300,621,9582558000.0,16183556752.0
phi2_conv300,622,9582558000.0,16200858708.0
phi2_conv300,623,9582558000.0,16218160664.0
phi2_conv300,624,9582558000.0,16235462620.0
phi2_conv300,625,9582558000.0,16252764576.0
phi2_conv300,626,9582558000.0,16270066532.0
phi2_conv300,627,9582558000.0,16287368488.0
phi2_conv300,628,9582558000.0,16304670444.0
phi2_conv300,629,9582558000.0,16321972400.0
phi2_conv300,630,9582558000.0,16339274356.0
phi2_conv300,631,9582558000.0,16356576312.0
phi2_conv300,632,9582558000.0,16373878268.0
phi2_conv300,633,9582558000.0,16391180224.0
phi2_conv300,634,9582558000.0,16408482180.0
phi2_conv300,635,9582558000.0,16425784136.0
phi2_conv300,636,9582558000.0,16443086092.0
phi2_conv300,637,9582558000.0,16460388048.0
phi2_conv300,638,9582558000.0,16477690004.0
phi2_conv300,639,9582558000.0,16494991960.0
phi2_conv300,640,9582558000.0,16512293916.0
phi2_conv300,641,9582558000.0,16529595872.0
phi2_conv300,642,9582558000.0,16546897828.0
phi2_conv300,643,9582558000.0,16564199784.0
phi2_conv300,644,9582558000.0,16581501740.0
phi2_conv300,645,9582558000.0,16598803696.0
phi2_conv300,646,9582558000.0,16616105652.0
phi2_conv300,647,9582558000.0,16633407608.0
phi2_conv300,648,9582558000.0,16650709564.0
phi2_conv300,649,9582558000.0,16668011520.0
phi2_conv300,650,9582558000.0,16685313476.0
phi2_conv300,651,9582558000.0,16702615432.0
phi2_conv300,652,9582558000.0,16719917388.0
phi2_conv300,653,9582558000.0,16737219344.0
phi2_conv300,654,9582558000.0,16754521300.0
phi2_conv300,655,9582558000.0,16771823256.0
phi2_conv300,656,9582558000.0,16789125212.0
phi2_conv300,657,9582558000.0,16806427168.0
phi2_conv300,658,9582558000.0,16823729124.0
phi2_conv300,659,9582558000.0,16841031080.0
phi2_conv300,660,9582558000.0,16858333036.0
phi2_conv300,661,9582558000.0,16875634992.0
phi2_conv300,662,9582558000.0,16892936948.0
phi2_conv300,663,9582558000.0,16910238904.0
phi2_conv300,664,9582558000.0,16927540860.0
phi2_conv300,665,9582558000.0,16944842816.0
phi2_conv300,666,9582558000.0,16962144772.0
phi2_conv300,667,9582558000.0,16979446728.0
phi2_conv300,668,9582558000.0,16996748684.0
phi2_conv300,669,9582558000.0,17014050640.0
phi2_conv300,670,9582558000.0,17031352596.0
phi2_conv300,671,9582558000.0,17048654552.0
phi2_conv300,672,9582558000.0,17065956508.0
phi2_conv300,673,10106379000.0,17467518709.0
phi2_conv300,674,10106379000.0,17913381198.0
phi2_conv300,675,10106379000.0,18447320999.0
phi2_conv300,676,10106379000.0,18982307328.0
phi2_conv300,677,10106379000.0,19189999419.0
phi2_conv300,678,10106379000.0,19205109759.0
phi2_conv300,679,10106379000.0,19220220099.0
phi2_conv300,680,10106379000.0,19235330439.0
phi2_conv300,681,10106379000.0,19250440779.0
phi2_conv300,682,10106379000.0,19265551119.0
phi2_conv300,683,10106379000.0,19280661459.0
phi2_conv300,684,10106379000.0,19295771799.0
phi2_conv300,685,10106379000.0,19310882139.0
phi2_conv300,686,10106379000.0,19325992479.0
phi2_conv300,687,10106379000.0,19341102819.0
phi2_conv300,688,10106379000.0,19356213159.0
phi2_conv300,689,10106379000.0,19371323499.0
phi2_conv300,690,10106379000.0,19386433839.0
phi2_conv300,691,10106379000.0,19401544179.0
phi2_conv300,692,9582558000.0,19418846135.0
phi2_conv300,693,9582558000.0,19436148091.0
phi2_conv300,694,9582558000.0,19453450047.0
phi2_conv300,695,9582558000.0,19470752003.0
phi2_conv300,696,9582558000.0,19488053959.0
phi2_conv300,697,9582558000.0,19505355915.0
phi2_conv300,698,9582558000.0,19522657871.0
phi2_conv300,699,9582558000.0,19539990547.0
phi2_conv300,700,9582558000.0,19557323223.0
phi2_conv300,701,9582558000.0,19574655899.0
phi2_conv300,702,9582558000.0,19591988575.0
phi2_conv300,703,9582558000.0,19609321251.0
phi2_conv300,704,9582558000.0,19626653927.0
phi2_conv300,705,9582558000.0,19643986603.0
phi2_conv300,706,9582558000.0,19661319279.0
phi2_conv300,707,9582558000.0,19678651955.0
phi2_conv300,708,9582558000.0,19695984631.0
phi2_conv300,709,9582558000.0,19713317307.0
phi2_conv300,710,9582558000.0,19730649983.0
phi2_conv300,711,9582558000.0,19747982659.0
phi2_conv300,712,9582558000.0,19765315335.0
phi2_conv300,713,9582558000.0,19782648011.0
phi2_conv300,714,9582558000.0,19799980687.0
phi2_conv300,715,9582558000.0,19817313363.0
phi2_conv300,716,9582558000.0,19834646039.0
phi2_conv300,717,9582558000.0,19851978715.0
phi2_conv300,718,9582558000.0,19869311391.0
phi2_conv300,719,9582558000.0,19886644067.0
phi2_conv300,720,9582558000.0,19903976743.0
phi2_conv300,721,9582558000.0,19921309419.0
phi2_conv300,722,9582558000.0,19938642095.0
phi2_conv300,723,9582558000.0,19955974771.0
phi2_conv300,724,9582558000.0,19973307447.0
phi2_conv300,725,9582558000.0,19990640123.0
phi2_conv300,726,9582558000.0,20007972799.0
phi2_conv300,727,9582558000.0,20025305475.0
phi2_conv300,728,9582558000.0,20042638151.0
phi2_conv300,729,9582558000.0,20059970827.0
phi2_conv300,730,9582558000.0,20077303503.0
phi2_conv300,731,9582558000.0,20094636179.0
phi2_conv300,732,9582558000.0,20111968855.0
phi2_conv300,733,9582558000.0,20129301531.0
phi2_conv300,734,9582558000.0,20146634207.0
phi2_conv300,735,9582558000.0,20163966883.0
phi2_conv300,736,9582558000.0,20181299559.0
phi2_conv300,737,9582558000.0,20198632235.0
phi2_conv300,738,9582558000.0,20215964911.0
phi2_conv300,739,9582558000.0,20233297587.0
phi2_conv300,740,9582558000.0,20250630263.0
phi2_conv300,741,9582558000.0,20267962939.0
phi2_conv300,742,9582558000.0,20285295615.0
phi2_conv300,743,9582558000.0,20302628291.0
phi2_conv300,744,10546126000.0,20447374975.0
phi2_conv300,745,10546126000.0,20462182211.0
phi2_conv300,746,10546126000.0,20476989447.0
phi2_conv300,747,10546126000.0,20491796683.0
phi2_conv300,748,10546126000.0,20506603919.0
phi2_conv300,749,10546126000.0,20521411155.0
phi2_conv300,750,10546126000.0,20536218391.0
phi2_conv300,751,10546126000.0,20551025627.0
phi2_conv300,752,10546126000.0,20565832863.0
phi2_conv300,753,10546126000.0,20580640099.0
phi2_conv300,754,10546126000.0,20595447335.0
phi2_conv300,755,10546126000.0,20610254571.0
phi2_conv300,756,10546126000.0,20627345583.0
phi2_conv300,757,10546126000.0,20644436595.0
phi2_conv300,758,10546126000.0,20661527607.0
phi2_conv300,759,10546126000.0,20678618619.0
phi2_conv300,760,10546126000.0,20695709631.0
phi2_conv300,761,10546126000.0,20712800643.0
phi2_conv300,762,10546126000.0,20729891655.0
phi2_conv300,763,10546126000.0,20747070731.0
phi2_conv300,764,10546126000.0,20764249807.0
phi2_conv300,765,10546126000.0,20781428883.0
phi2_conv300,766,10546126000.0,20798607959.0
phi2_conv300,767,10546126000.0,20815787035.0
phi2_conv300,768,10546126000.0,20832966111.0
phi2_conv300,769,10546126000.0,20850145187.0
phi2_conv300,770,10546126000.0,20867324263.0
phi2_conv300,771,10546126000.0,20884503339.0
phi2_conv300,772,10546126000.0,20901682415.0
phi2_conv300,773,10546126000.0,20918861491.0
phi2_conv300,774,10546126000.0,20936040567.0
phi2_conv300,775,10546126000.0,20953219643.0
phi2_conv300,776,10546126000.0,20970398719.0
phi2_conv300,777,10546126000.0,20987577795.0
phi2_conv300,778,10546126000.0,21004756871.0
phi2_conv300,779,10546126000.0,21021935947.0
phi2_conv300,780,10546126000.0,21039115023.0
phi2_conv300,781,10546126000.0,21056294099.0
phi2_conv300,782,10546126000.0,21073473175.0
phi2_conv300,783,10546126000.0,21090652251.0
phi2_conv300,784,10546126000.0,21107831327.0
phi2_conv300,785,10546126000.0,21125010403.0
phi2_conv300,786,10546126000.0,21142189479.0
phi2_conv300,787,10546126000.0,21159368555.0
phi2_conv300,788,10546126000.0,21176547631.0
phi2_conv300,789,10546126000.0,21193726707.0
phi2_conv300,790,10546126000.0,21210905783.0
phi2_conv300,791,10546126000.0,21228084859.0
phi2_conv300,792,10546126000.0,21245263935.0
phi2_conv300,793,10546126000.0,21262443011.0
phi2_conv300,794,10546126000.0,21279622087.0
phi2_conv300,795,10546126000.0,21296801163.0
phi2_conv300,796,10546126000.0,21313980239.0
phi2_conv300,797,10546126000.0,21331159315.0
phi2_conv300,798,10546126000.0,21348338391.0
phi2_conv300,799,10546126000.0,21365517467.0
phi2_conv300,800,10546126000.0,21382696543.0
phi2_conv300,801,10546126000.0,21399875619.0
phi2_conv300,802,10546126000.0,21417054695.0
phi2_conv300,803,10546126000.0,21434233771.0
phi2_conv300,804,10546126000.0,21451412847.0
phi2_conv300,805,10546126000.0,21468591923.0
phi2_conv300,806,10546126000.0,21485770999.0
phi2_conv300,807,10546126000.0,21502950075.0
phi2_conv300,808,10546126000.0,21520129151.0
phi2_conv300,809,10546126000.0,21537308227.0
phi2_conv300,810,10546126000.0,21554487303.0
phi2_conv300,811,10546126000.0,21571666379.0
phi2_conv300,812,10546126000.0,21588845455.0
phi2_conv300,813,10546126000.0,21606024531.0
phi2_conv300,814,10546126000.0,21623203607.0
phi2_conv300,815,10546126000.0,21640382683.0
phi2_conv300,816,10546126000.0,21657561759.0
phi2_conv300,817,10546126000.0,21674740835.0
phi2_conv300,818,10546126000.0,21691919911.0
phi2_conv300,819,10546126000.0,21709098987.0
phi2_conv300,820,10546126000.0,21726278063.0
phi2_conv300,821,10546126000.0,21743457139.0
phi2_conv300,822,10546126000.0,21760636215.0
phi2_conv300,823,10546126000.0,21777815291.0
phi2_conv300,824,10546126000.0,21794994367.0
phi2_conv300,825,10546126000.0,21812173443.0
phi2_conv300,826,10546126000.0,21829352519.0
phi2_conv300,827,10546126000.0,21846531595.0
phi2_conv300,828,10546126000.0,21863710671.0
phi2_conv300,829,10546126000.0,21880889747.0
phi2_conv300,830,10546126000.0,21898068823.0
phi2_conv300,831,10546126000.0,21915247899.0
phi2_conv300,832,10546126000.0,21932426975.0
phi2_conv300,833,10546126000.0,21949606051.0
phi2_conv300,834,11157911000.0,22152389766.0
phi2_conv300,835,11157911000.0,22169568842.0
phi2_conv300,836,11157911000.0,22186747918.0
phi2_conv300,837,11157911000.0,22203926994.0
phi2_conv300,838,11157911000.0,22221106070.0
phi2_conv300,839,11157911000.0,22238285146.0
phi2_conv300,840,11157911000.0,22255464222.0
phi2_conv300,841,11157911000.0,22272643298.0
phi2_conv300,842,11157911000.0,22289822374.0
phi2_conv300,843,11157911000.0,22307001450.0
phi2_conv300,844,11157911000.0,22324180526.0
phi2_conv300,845,11157911000.0,22341359602.0
phi2_conv300,846,11157911000.0,22358538678.0
phi2_conv300,847,11157911000.0,22375717754.0
phi2_conv300,848,11157911000.0,22392896830.0
phi2_conv300,849,11157911000.0,22410075906.0
phi2_conv300,850,11157911000.0,22427254982.0
phi2_conv300,851,11157911000.0,22444434058.0
phi2_conv300,852,11157911000.0,22461613134.0
phi2_conv300,853,11157911000.0,22478792210.0
phi2_conv300,854,11157911000.0,22495971286.0
phi2_conv300,855,11157911000.0,22513150362.0
phi2_conv300,856,11157911000.0,22530329438.0
phi2_conv300,857,11157911000.0,22547508514.0
phi2_conv300,858,11157911000.0,22564687590.0
phi2_conv300,859,11157911000.0,22581866666.0
phi2_conv300,860,11157911000.0,22599045742.0
phi2_conv300,861,11157911000.0,22616224818.0
phi2_conv300,862,11157911000.0,22633403894.0
phi2_conv300,863,11157911000.0,22650582970.0
phi2_conv300,864,11157911000.0,22667762046.0
phi2_conv300,865,11157911000.0,22684941122.0
phi2_conv300,866,11157911000.0,22702120198.0
phi2_conv300,867,11157911000.0,22719299274.0
phi2_conv300,868,11157911000.0,22736478350.0
phi2_conv300,869,11157911000.0,22753657426.0
phi2_conv300,870,11157911000.0,22770836502.0
phi2_conv300,871,11157911000.0,22788015578.0
phi2_conv300,872,11157911000.0,22805194654.0
phi2_conv300,873,11157911000.0,22822373730.0
phi2_conv300,874,11157911000.0,22839552806.0
phi2_conv300,875,11157911000.0,22856731882.0
phi2_conv300,876,11157911000.0,22873910958.0
phi2_conv300,877,11157911000.0,22891090034.0
phi2_conv300,878,11157911000.0,22908269110.0
phi2_conv300,879,11157911000.0,22925448186.0
phi2_conv300,880,11157911000.0,22942627262.0
phi2_conv300,881,11157911000.0,22959806338.0
phi2_conv300,882,11157911000.0,22976985414.0
phi2_conv300,883,11157911000.0,22994164490.0
phi2_conv300,884,11157911000.0,23011343566.0
phi2_conv300,885,11157911000.0,23028522642.0
phi2_conv300,886,11157911000.0,23045701718.0
phi2_conv300,887,11430904000.0,23090903482.0
phi2_conv300,888,11430904000.0,23105555070.0
phi2_conv300,889,11430904000.0,23120206658.0
phi2_conv300,890,11430904000.0,23134858246.0
phi2_conv300,891,11430904000.0,23149509834.0
phi2_conv300,892,11430904000.0,23164161422.0
phi2_conv300,893,11430904000.0,23178813010.0
phi2_conv300,894,11430904000.0,23193464598.0
phi2_conv300,895,11430904000.0,23208116186.0
phi2_conv300,896,11430904000.0,23222767774.0
phi2_conv300,897,11430904000.0,23237419362.0
phi2_conv300,898,11430904000.0,23252070950.0
phi2_conv300,899,11157911000.0,23269250026.0
phi2_conv300,900,11157911000.0,23286429102.0
phi2_conv300,901,11157911000.0,23303608178.0
phi2_conv300,902,11157911000.0,23320787254.0
phi2_conv300,903,11157911000.0,23337966330.0
phi2_conv300,904,11157911000.0,23355145406.0
phi2_conv300,905,11157911000.0,23372324482.0
phi2_conv300,906,11157911000.0,23389503558.0
phi2_conv300,907,11157911000.0,23406682634.0
phi2_conv300,908,11157911000.0,23423861710.0
phi2_conv300,909,11157911000.0,23441040786.0
phi2_conv300,910,11157911000.0,23458219862.0
phi2_conv300,911,11157911000.0,23475398938.0
phi2_conv300,912,11157911000.0,23492578014.0
phi2_conv300,913,11157911000.0,23509757090.0
phi2_conv300,914,11157911000.0,23526936166.0
phi2_conv300,915,11157911000.0,23544115242.0
phi2_conv300,916,11157911000.0,23561294318.0
phi2_conv300,917,11157911000.0,23578473394.0
phi2_conv300,918,11157911000.0,23595652470.0
phi2_conv300,919,11157911000.0,23612831546.0
phi2_conv300,920,11157911000.0,23630010622.0
phi2_conv300,921,11157911000.0,23647189698.0
phi2_conv300,922,11157911000.0,23664368774.0
phi2_conv300,923,11157911000.0,23681547850.0
phi2_conv300,924,11157911000.0,23698726926.0
phi2_conv300,925,11157911000.0,23715906002.0
phi2_conv300,926,11157911000.0,23733085078.0
phi2_conv300,927,11157911000.0,23750264154.0
phi2_conv300,928,11157911000.0,23767443230.0
phi2_conv300,929,11157911000.0,23784622306.0
phi2_conv300,930,11157911000.0,23801801382.0
phi2_conv300,931,11157911000.0,23818980458.0
phi2_conv300,932,11157911000.0,23836159534.0
phi2_conv300,933,11157911000.0,23853338610.0
phi2_conv300,934,11157911000.0,23870517686.0
phi2_conv300,935,11157911000.0,23887696762.0
phi2_conv300,936,11157911000.0,23904875838.0
phi2_conv300,937,11157911000.0,23922054914.0
phi2_conv300,938,11157911000.0,23939233990.0
phi2_conv300,939,11157911000.0,23956413066.0
phi2_conv300,940,11836633000.0,24203219889.0
phi2_conv300,941,11836633000.0,24220310901.0
phi2_conv300,942,11836633000.0,24237401913.0
phi2_conv300,943,11836633000.0,24254492925.0
phi2_conv300,944,11836633000.0,24271583937.0
phi2_conv300,945,11836633000.0,24288674949.0
phi2_conv300,946,11836633000.0,24305765961.0
phi2_conv300,947,11836633000.0,24322856973.0
phi2_conv300,948,11836633000.0,24339947985.0
phi2_conv300,949,11836633000.0,24357038997.0
phi2_conv300,950,11836633000.0,24374130009.0
phi2_conv300,951,11836633000.0,24391221021.0
phi2_conv300,952,11836633000.0,24408312033.0
phi2_conv300,953,11836633000.0,24425403045.0
phi2_conv300,954,11836633000.0,24442494057.0
phi2_conv300,955,11836633000.0,24459585069.0
phi2_conv300,956,11836633000.0,24476676081.0
phi2_conv300,957,11836633000.0,24493767093.0
phi2_conv300,958,11836633000.0,24510858105.0
phi2_conv300,959,11836633000.0,24527949117.0
phi2_conv300,960,11836633000.0,24545040129.0
phi2_conv300,961,11836633000.0,24562131141.0
phi2_conv300,962,11836633000.0,24579222153.0
phi2_conv300,963,11836633000.0,24596313165.0
phi2_conv300,964,11836633000.0,24613404177.0
phi2_conv300,965,11836633000.0,24630495189.0
phi2_conv300,966,11836633000.0,24647586201.0
phi2_conv300,967,11836633000.0,24664677213.0
phi2_conv300,968,11836633000.0,24681768225.0
phi2_conv300,969,11836633000.0,24698859237.0
phi2_conv300,970,11836633000.0,24715950249.0
phi2_conv300,971,11836633000.0,24733041261.0
phi2_conv300,972,11836633000.0,24750132273.0
phi2_conv300,973,11836633000.0,24767223285.0
phi2_conv300,974,11836633000.0,24784314297.0
phi2_conv300,975,11836633000.0,24801405309.0
phi2_conv300,976,11836633000.0,24818496321.0
phi2_conv300,977,11836633000.0,24835587333.0
phi2_conv300,978,11836633000.0,24852678345.0
phi2_conv300,979,11836633000.0,24869857421.0
phi2_conv300,980,11836633000.0,24887036497.0
phi2_conv300,981,11836633000.0,24904215573.0
phi2_conv300,982,11836633000.0,24921394649.0
phi2_conv300,983,11836633000.0,24938573725.0
phi2_conv300,984,11836633000.0,24955752801.0
phi2_conv300,985,11836633000.0,24972931877.0
phi2_conv300,986,11836633000.0,24990110953.0
phi2_conv300,987,11836633000.0,25007290029.0
phi2_conv300,988,11836633000.0,25024469105.0
phi2_conv300,989,11836633000.0,25041648181.0
phi2_conv300,990,11836633000.0,25058827257.0
phi2_conv300,991,11836633000.0,25076006333.0
phi2_conv300,992,11836633000.0,25093185409.0
phi2_conv300,993,11836633000.0,25110364485.0
phi2_conv300,994,11836633000.0,25127543561.0
phi2_conv300,995,11836633000.0,25144722637.0
phi2_conv300,996,11836633000.0,25161901713.0
phi2_conv300,997,11836633000.0,25179080789.0
phi2_conv300,998,11836633000.0,25196259865.0
phi2_conv300,999,11836633000.0,25213438941.0
phi2_conv300,1000,11836633000.0,25230618017.0
phi2_conv300,1001,11836633000.0,25247797093.0
phi2_conv300,1002,11836633000.0,25264976169.0
phi2_conv300,1003,11836633000.0,25282155245.0
phi2_conv300,1004,11836633000.0,25299334321.0
phi2_conv300,1005,11836633000.0,25316513397.0
phi2_conv300,1006,11836633000.0,25333692473.0
phi2_conv300,1007,11836633000.0,25350871549.0
phi2_conv300,1008,11836633000.0,25368050625.0
phi2_conv300,1009,11836633000.0,25385229701.0
phi2_conv300,1010,11836633000.0,25402408777.0
phi2_conv300,1011,11836633000.0,25419587853.0
phi2_conv300,1012,11836633000.0,25436766929.0
phi2_conv300,1013,11836633000.0,25453946005.0
phi2_conv300,1014,12886545000.0,25533325847.0
phi2_conv300,1015,12886545000.0,25550416859.0
phi2_conv300,1016,12886545000.0,25567507871.0
phi2_conv300,1017,12886545000.0,25584598883.0
phi2_conv300,1018,12886545000.0,25601689895.0
phi2_conv300,1019,12886545000.0,25618780907.0
phi2_conv300,1020,12886545000.0,25635871919.0
phi2_conv300,1021,12886545000.0,25652962931.0
phi2_conv300,1022,12886545000.0,25670053943.0
phi2_conv300,1023,12886545000.0,25687144955.0
phi2_conv300,1024,12886545000.0,25704235967.0
phi2_conv300,1025,12886545000.0,25721326979.0
phi2_conv300,1026,12886545000.0,25738417991.0
phi2_conv300,1027,12886545000.0,25755509003.0
phi2_conv300,1028,12886545000.0,25772600015.0
phi2_conv300,1029,12886545000.0,25789691027.0
phi2_conv300,1030,12886545000.0,25806782039.0
phi2_conv300,1031,12886545000.0,25823873051.0
phi2_conv300,1032,12886545000.0,25840964063.0
phi2_conv300,1033,12886545000.0,25858055075.0
phi2_conv300,1034,12886545000.0,25875146087.0
phi2_conv300,1035,12886545000.0,25892237099.0
phi2_conv300,1036,12886545000.0,25909328111.0
phi2_conv300,1037,12886545000.0,25926419123.0
phi2_conv300,1038,12886545000.0,25943510135.0
phi2_conv300,1039,12886545000.0,25960601147.0
phi2_conv300,1040,12886545000.0,25977692159.0
phi2_conv300,1041,12886545000.0,25994783171.0
phi2_conv300,1042,13025088000.0,26396134428.0
phi2_conv300,1043,13025088000.0,26841785973.0
phi2_conv300,1044,13049843000.0,27065033488.0
phi2_conv300,1045,13049843000.0,27068843860.0
phi2_conv300,1046,13049843000.0,27075921432.0
phi2_conv300,1047,13049843000.0,27082999004.0
phi2_conv300,1048,13049843000.0,27090078624.0
phi2_conv300,1049,13049843000.0,27097158244.0
phi2_conv300,1050,13049843000.0,27104237864.0
phi2_conv300,1051,13049843000.0,27111317484.0
phi2_conv300,1052,13049843000.0,27118397104.0
phi2_conv300,1053,13049843000.0,27125476724.0
phi2_conv300,1054,13049843000.0,27132556344.0
phi2_conv300,1055,13049843000.0,27139635964.0
phi2_conv300,1056,13049843000.0,27146715584.0
phi2_conv300,1057,13049843000.0,27153795204.0
phi2_conv300,1058,13049843000.0,27160874824.0
phi2_conv300,1059,13049843000.0,27167954444.0
phi2_conv300,1060,13049843000.0,27175034064.0
phi2_conv300,1061,13049843000.0,27182113684.0
phi2_conv300,1062,13049843000.0,27189193304.0
phi2_conv300,1063,13049843000.0,27196272924.0
phi2_conv300,1064,13049843000.0,27203352544.0
phi2_conv300,1065,13049843000.0,27210432164.0
phi2_conv300,1066,13049843000.0,27217511784.0
phi2_conv300,1067,13049843000.0,27224591404.0
phi2_conv300,1068,13049843000.0,27231671024.0
phi2_conv300,1069,13049843000.0,27238750644.0
phi2_conv300,1070,13049843000.0,27245830264.0
phi2_conv300,1071,13049843000.0,27252909884.0
phi2_conv300,1072,13049843000.0,27259989504.0
phi2_conv300,1073,13049843000.0,27267069124.0
phi2_conv300,1074,13049843000.0,27274148744.0
phi2_conv300,1075,13049843000.0,27281228364.0
phi2_conv300,1076,13049843000.0,27288307984.0
phi2_conv300,1077,13049843000.0,27295387604.0
phi2_conv300,1078,13049843000.0,27302467224.0
phi2_conv300,1079,13049843000.0,27309546844.0
phi2_conv300,1080,13049843000.0,27316626464.0
phi2_conv300,1081,13049843000.0,27323706084.0
phi2_conv300,1082,13049843000.0,27330785704.0
phi2_conv300,1083,13049843000.0,27337865324.0
phi2_conv300,1084,13049843000.0,27344944944.0
phi2_conv300,1085,13049843000.0,27352024564.0
phi2_conv300,1086,13049843000.0,27359104184.0
phi2_conv300,1087,13049843000.0,27366183804.0
phi2_conv300,1088,13049843000.0,27373263424.0
phi2_conv300,1089,13049843000.0,27380343044.0
phi2_conv300,1090,13049843000.0,27387422664.0
phi2_conv300,1091,13049843000.0,27394502284.0
phi2_conv300,1092,13049843000.0,27401581904.0
phi2_conv300,1093,13049843000.0,27408661524.0
phi2_conv300,1094,13049843000.0,27415741144.0
phi2_conv300,1095,13049843000.0,27422820764.0
phi2_conv300,1096,13049843000.0,27429900384.0
phi2_conv300,1097,13049843000.0,27436980004.0
phi2_conv300,1098,13049843000.0,27444059624.0
phi2_conv300,1099,13049843000.0,27451139244.0
phi2_conv300,1100,13049843000.0,27458218864.0
phi2_conv300,1101,13049843000.0,27465298484.0
phi2_conv300,1102,13049843000.0,27472378104.0
phi2_conv300,1103,13049843000.0,27479457724.0
phi2_conv300,1104,13049843000.0,27486537344.0
phi2_conv300,1105,13049843000.0,27493616964.0
phi2_conv300,1106,13049843000.0,27500696584.0
phi2_conv300,1107,13049843000.0,27507776204.0
phi2_conv300,1108,13049843000.0,27514855824.0
phi2_conv300,1109,13049843000.0,27521935444.0
phi2_conv300,1110,13049843000.0,27529015064.0
phi2_conv300,1111,13049843000.0,27536094684.0
phi2_conv300,1112,13049843000.0,27543174304.0
phi2_conv300,1113,13049843000.0,27550253924.0
phi2_conv300,1114,13049843000.0,27557333544.0
phi2_conv300,1115,13049843000.0,27564413164.0
phi2_conv300,1116,13049843000.0,27571492784.0
phi2_conv300,1117,13049843000.0,27578572404.0
phi2_conv300,1118,13049843000.0,27585652024.0
phi2_conv300,1119,13049843000.0,27592731644.0
phi2_conv300,1120,13049843000.0,27599811264.0
phi2_conv300,1121,13049843000.0,27606890884.0
phi2_conv300,1122,13049843000.0,27613970504.0
phi2_conv300,1123,13049843000.0,27621080844.0
phi2_conv300,1124,13049843000.0,27628191184.0
phi2_conv300,1125,13049843000.0,27635301524.0
phi2_conv300,1126,13049843000.0,27642411864.0
phi2_conv300,1127,13049843000.0,27649522204.0
phi2_conv300,1128,13049843000.0,27656632544.0
phi2_conv300,1129,13049843000.0,27663742884.0
phi2_conv300,1130,13049843000.0,27670853224.0
phi2_conv300,1131,13049843000.0,27677963564.0
phi2_conv300,1132,13049843000.0,27685073904.0
phi2_conv300,1133,13049843000.0,27692184244.0
phi2_conv300,1134,13049843000.0,27699294584.0
phi2_conv300,1135,13049843000.0,27706404924.0
phi2_conv300,1136,13049843000.0,27713515264.0
phi2_conv300,1137,13049843000.0,27720625604.0
phi2_conv300,1138,13049843000.0,27727735944.0
phi2_conv300,1139,13049843000.0,27734846284.0
phi2_conv300,1140,13049843000.0,27741956624.0
phi2_conv300,1141,13049843000.0,27749066964.0
phi2_conv300,1142,13049843000.0,27756177304.0
phi2_conv300,1143,13049843000.0,27763287644.0
phi2_conv300,1144,13049843000.0,27770397984.0
phi2_conv300,1145,13049843000.0,27777508324.0
phi2_conv300,1146,13049843000.0,27784618664.0
phi2_conv300,1147,13049843000.0,27791729004.0
phi2_conv300,1148,13049843000.0,27798839344.0
phi2_conv300,1149,13049843000.0,27805949684.0
phi2_conv300,1150,13049843000.0,27813060024.0
phi2_conv300,1151,13049843000.0,27820170364.0
phi2_conv300,1152,13049843000.0,27827280704.0
phi2_conv300,1153,13049843000.0,27834391044.0
phi2_conv300,1154,13049843000.0,27841501384.0
phi2_conv300,1155,13049843000.0,27848611724.0
phi2_conv300,1156,13049843000.0,27855722064.0
phi2_conv300,1157,13049843000.0,27862832404.0
phi2_conv300,1158,13049843000.0,27869942744.0
phi2_conv300,1159,13049843000.0,27877053084.0
phi2_conv300,1160,13049843000.0,27884163424.0
phi2_conv300,1161,13049843000.0,27891273764.0
phi2_conv300,1162,13049843000.0,27898384104.0
phi2_conv300,1163,13049843000.0,27905494444.0
phi2_conv300,1164,13049843000.0,27912604784.0
phi2_conv300,1165,13049843000.0,27919715124.0
phi2_conv300,1166,13049843000.0,27926825464.0
phi2_conv300,1167,13049843000.0,27933935804.0
phi2_conv300,1168,13049843000.0,27941046144.0
phi2_conv300,1169,13049843000.0,27948156484.0
phi2_conv300,1170,13049843000.0,27955266824.0
phi2_conv300,1171,13049843000.0,27962377164.0
phi2_conv300,1172,13049843000.0,27969487504.0
phi2_conv300,1173,13049843000.0,27976597844.0
phi2_conv300,1174,13049843000.0,27983708184.0
phi2_conv300,1175,13049843000.0,27990818524.0
phi2_conv300,1176,13049843000.0,28005625760.0
phi2_conv300,1177,13049843000.0,28020432996.0
phi2_conv300,1178,13049843000.0,28035240232.0
phi2_conv300,1179,13049843000.0,28050047468.0
phi2_conv300,1180,13049843000.0,28064854704.0
phi2_conv300,1181,13049843000.0,28079661940.0
phi2_conv300,1182,13049843000.0,28094469176.0
phi2_conv300,1183,13049843000.0,28109276412.0
phi2_conv300,1184,13049843000.0,28124083648.0
phi2_conv300,1185,13049843000.0,28138890884.0
phi2_conv300,1186,13049843000.0,28155981896.0
phi2_conv300,1187,13049843000.0,28173072908.0
phi2_conv300,1188,13049843000.0,28190163920.0
phi2_conv300,1189,13049843000.0,28207254932.0
phi2_conv300,1190,13049843000.0,28224345944.0
phi2_conv300,1191,13049843000.0,28241436956.0
phi2_conv300,1192,13049843000.0,28258527968.0
phi2_conv300,1193,13049843000.0,28275618980.0
phi2_conv300,1194,13049843000.0,28292709992.0
phi2_conv300,1195,13049843000.0,28309801004.0
phi2_conv300,1196,13049843000.0,28326892016.0
phi2_conv300,1197,14059550000.0,28373500630.0
phi2_conv300,1198,14059550000.0,28390589594.0
phi2_conv300,1199,14059550000.0,28407678558.0
phi2_conv300,1200,14059550000.0,28424767522.0
phi2_conv300,1201,14059550000.0,28441856486.0
phi2_conv300,1202,14059550000.0,28458945450.0
phi2_conv300,1203,14059550000.0,28476034414.0
phi2_conv300,1204,14059550000.0,28493123378.0
phi2_conv300,1205,14097780000.0,28656610824.0
phi2_conv300,1206,14097780000.0,28671174348.0
phi2_conv300,1207,14097780000.0,28685737872.0
phi2_conv300,1208,14097780000.0,28700301396.0
phi2_conv300,1209,14097780000.0,28714864920.0
phi2_conv300,1210,14097780000.0,28729428444.0
phi2_conv300,1211,14097780000.0,28743991968.0
phi2_conv300,1212,14097780000.0,28758555492.0
phi2_conv300,1213,14097780000.0,28773119016.0
phi2_conv300,1214,14097780000.0,28787682540.0
phi2_conv300,1215,14097780000.0,28802246064.0
phi2_conv300,1216,14097780000.0,28816811636.0
phi2_conv300,1217,14097780000.0,28831377208.0
phi2_conv300,1218,14097780000.0,28845942780.0
phi2_conv300,1219,14097780000.0,28860508352.0
phi2_conv300,1220,14097780000.0,28875073924.0
phi2_conv300,1221,14097780000.0,28889639496.0
phi2_conv300,1222,14097780000.0,28904205068.0
phi2_conv300,1223,14097780000.0,28918770640.0
phi2_conv300,1224,14097780000.0,28933336212.0
phi2_conv300,1225,14097780000.0,28947989848.0
phi2_conv300,1226,14097780000.0,28962643484.0
phi2_conv300,1227,14097780000.0,28977297120.0
phi2_conv300,1228,14097780000.0,28991950756.0
phi2_conv300,1229,14097780000.0,29006604392.0
phi2_conv300,1230,14097780000.0,29021258028.0
phi2_conv300,1231,14097780000.0,29035911664.0
phi2_conv300,1232,14097780000.0,29050565300.0
phi2_conv300,1233,14097780000.0,29065218936.0
phi2_conv300,1234,14097780000.0,29079872572.0
phi2_conv300,1235,14097780000.0,29094526208.0
phi2_conv300,1236,14097780000.0,29109179844.0
phi2_conv300,1237,14097780000.0,29123833480.0
phi2_conv300,1238,14097780000.0,29138487116.0
phi2_conv300,1239,14097780000.0,29153140752.0
phi2_conv300,1240,14097780000.0,29167794388.0
phi2_conv300,1241,14097780000.0,29182448024.0
phi2_conv300,1242,14293309000.0,29364225331.0
phi2_conv300,1243,14293309000.0,29604718798.0
phi2_conv300,1244,14293309000.0,29940495465.0
phi2_conv300,1245,14293309000.0,30320570372.0
phi2_conv300,1246,14293309000.0,30744058783.0
phi2_conv300,1247,14293309000.0,31331338042.0
phi2_conv300,1248,14293309000.0,31930475221.0
phi2_conv300,1249,14293309000.0,32502635476.0
phi2_conv300,1250,14293309000.0,32510202520.0
phi2_conv300,1251,14293309000.0,32517769564.0
phi2_conv300,1252,14293309000.0,32525336608.0
phi2_conv300,1253,14293309000.0,32532903652.0
phi2_conv300,1254,14293309000.0,32540470696.0
phi2_conv300,1255,14293309000.0,32548037740.0
phi2_conv300,1256,14293309000.0,32555604784.0
phi2_conv300,1257,14293309000.0,32563171828.0
phi2_conv300,1258,14293309000.0,32570738872.0
phi2_conv300,1259,14293309000.0,32585914748.0
phi2_conv300,1260,14293309000.0,32601090624.0
phi2_conv300,1261,14293309000.0,32616266500.0
phi2_conv300,1262,14293309000.0,32631442376.0
phi2_conv300,1263,14293309000.0,32646618252.0
phi2_conv300,1264,14293309000.0,32661794128.0
phi2_conv300,1265,14293309000.0,32676970004.0
phi2_conv300,1266,14293309000.0,32692145880.0
phi2_conv300,1267,14293309000.0,32707321756.0
phi2_conv300,1268,14293309000.0,32722497632.0
phi2_conv300,1269,14293309000.0,32737673508.0
phi2_conv300,1270,14293309000.0,32752849384.0
phi2_conv300,1271,14293309000.0,32768025260.0
phi2_conv300,1272,14293309000.0,32783201136.0
phi2_conv300,1273,14293309000.0,32798377012.0
phi2_conv300,1274,14293309000.0,32813552888.0
phi2_conv300,1275,14293309000.0,32828728764.0
phi2_conv300,1276,14293309000.0,32843904640.0
phi2_conv300,1277,14293309000.0,32859080516.0
phi2_conv300,1278,14293309000.0,32874256392.0
phi2_conv300,1279,14293309000.0,32889432268.0
phi2_conv300,1280,14293309000.0,32904608144.0
phi2_conv300,1281,14293309000.0,32919784020.0
phi2_conv300,1282,14293309000.0,32934959896.0
phi2_conv300,1283,14293309000.0,32950135772.0
phi2_conv300,1284,14293309000.0,32965311648.0
phi2_conv300,1285,14293309000.0,32980487524.0
phi2_conv300,1286,14293309000.0,32995663400.0
phi2_conv300,1287,14293309000.0,33010839276.0
phi2_conv300,1288,14293309000.0,33026015152.0
phi2_conv300,1289,14293309000.0,33041191028.0
phi2_conv300,1290,14293309000.0,33056366904.0
phi2_conv300,1291,14293309000.0,33071542780.0
phi2_conv300,1292,14293309000.0,33086718656.0
phi2_conv300,1293,14293309000.0,33101894532.0
phi2_conv300,1294,14293309000.0,33117070408.0
phi2_conv300,1295,14293309000.0,33132246284.0
phi2_conv300,1296,14293309000.0,33147422160.0
phi2_conv300,1297,14293309000.0,33162598036.0
phi2_conv300,1298,14293309000.0,33177773912.0
phi2_conv300,1299,14293309000.0,33192949788.0
phi2_conv300,1300,14293309000.0,33208125664.0
phi2_conv300,1301,14293309000.0,33223301540.0
phi2_conv300,1302,14293309000.0,33238477416.0
phi2_conv300,1303,14293309000.0,33253653292.0
phi2_conv300,1304,14293309000.0,33268829168.0
phi2_conv300,1305,14293309000.0,33284005044.0
phi2_conv300,1306,14293309000.0,33299180920.0
phi2_conv300,1307,14293309000.0,33314356796.0
phi2_conv300,1308,14293309000.0,33329532672.0
phi2_conv300,1309,14293309000.0,33344708548.0
phi2_conv300,1310,14293309000.0,33359884424.0
phi2_conv300,1311,14059550000.0,33376975436.0
phi2_conv300,1312,14059550000.0,33394066448.0
phi2_conv300,1313,14059550000.0,33411157460.0
phi2_conv300,1314,14059550000.0,33428248472.0
phi2_conv300,1315,14059550000.0,33445339484.0
phi2_conv300,1316,14059550000.0,33462430496.0
phi2_conv300,1317,14059550000.0,33479521508.0
phi2_conv300,1318,14059550000.0,33496612520.0
phi2_conv300,1319,14059550000.0,33513703532.0
phi2_conv300,1320,14059550000.0,33530794544.0
phi2_conv300,1321,14059550000.0,33547885556.0
phi2_conv300,1322,14059550000.0,33564976568.0
phi2_conv300,1323,14059550000.0,33582067580.0
phi2_conv300,1324,14059550000.0,33599158592.0
phi2_conv300,1325,14059550000.0,33616249604.0
phi2_conv300,1326,14059550000.0,33633340616.0
phi2_conv300,1327,14059550000.0,33650431628.0
phi2_conv300,1328,14059550000.0,33667522640.0
phi2_conv300,1329,14059550000.0,33684613652.0
phi2_conv300,1330,14059550000.0,33701704664.0
phi2_conv300,1331,14059550000.0,33718795676.0
phi2_conv300,1332,14059550000.0,33735886688.0
phi2_conv300,1333,14059550000.0,33752977700.0
phi2_conv300,1334,14059550000.0,33770068712.0
phi2_conv300,1335,14059550000.0,33787159724.0
phi2_conv300,1336,14059550000.0,33804250736.0
phi2_conv300,1337,14059550000.0,33821341748.0
phi2_conv300,1338,14059550000.0,33838432760.0
phi2_conv300,1339,14059550000.0,33855523772.0
phi2_conv300,1340,14059550000.0,33872614784.0
phi2_conv300,1341,14059550000.0,33889705796.0
phi2_conv300,1342,14059550000.0,33906796808.0
phi2_conv300,1343,14059550000.0,33923887820.0
phi2_conv300,1344,14059550000.0,33940978832.0
phi2_conv300,1345,14059550000.0,33958069844.0
phi2_conv300,1346,14059550000.0,33975160856.0
phi2_conv300,1347,14059550000.0,33992251868.0
phi2_conv300,1348,14059550000.0,34009342880.0
phi2_conv300,1349,14059550000.0,34026433892.0
phi2_conv300,1350,14059550000.0,34043524904.0
phi2_conv300,1351,17420918000.0,34229940288.0
phi2_conv300,1352,17420918000.0,34475075928.0
phi2_conv300,1353,17420918000.0,34837127792.0
phi2_conv300,1354,17420918000.0,35200228232.0
phi2_conv300,1355,17420918000.0,35606934688.0
phi2_conv300,1356,17420918000.0,35627315044.0
phi2_conv300,1357,17420918000.0,35644801320.0
phi2_conv300,1358,17420918000.0,35662287596.0
phi2_conv300,1359,17420918000.0,35679773872.0
phi2_conv300,1360,17420918000.0,35697260148.0
phi2_conv300,1361,17420918000.0,35714746424.0
phi2_conv300,1362,17420918000.0,35732232700.0
phi2_conv300,1363,17420918000.0,35749718976.0
phi2_conv300,1364,17420918000.0,35767205252.0
phi2_conv300,1365,17420918000.0,35784691528.0
phi2_conv300,1366,17420918000.0,35802177804.0
phi2_conv300,1367,17420918000.0,35819664080.0
phi2_conv300,1368,17420918000.0,35837150356.0
phi2_conv300,1369,17420918000.0,35854636632.0
phi2_conv300,1370,17420918000.0,35872122908.0
phi2_conv300,1371,17420918000.0,35889609184.0
phi2_conv300,1372,17420918000.0,35907095460.0
phi2_conv300,1373,17420918000.0,35924581736.0
phi2_conv300,1374,17420918000.0,35942068012.0
phi2_conv300,1375,17420918000.0,35959554288.0
phi2_conv300,1376,17420918000.0,35977040564.0
phi2_conv300,1377,17420918000.0,35994526840.0
phi2_conv300,1378,17420918000.0,36012013116.0
phi2_conv300,1379,17420918000.0,36029499392.0
phi2_conv300,1380,17420918000.0,36046985668.0
phi2_conv300,1381,17420918000.0,36064471944.0
phi2_conv300,1382,17420918000.0,36081958220.0
phi2_conv300,1383,17420918000.0,36099444496.0
phi2_conv300,1384,17420918000.0,36116930772.0
phi2_conv300,1385,17420918000.0,36134417048.0
phi2_conv300,1386,17420918000.0,36151903324.0
phi2_conv300,1387,17420918000.0,36169389600.0
phi2_conv300,1388,17420918000.0,36186875876.0
phi2_conv300,1389,17420918000.0,36204362152.0
phi2_conv300,1390,17420918000.0,36221848428.0
phi2_conv300,1391,17420918000.0,36239334704.0
phi2_conv300,1392,17420918000.0,36256820980.0
phi2_conv300,1393,17420918000.0,36274307256.0
phi2_conv300,1394,17420918000.0,36291793532.0
phi2_conv300,1395,17420918000.0,36309279808.0
phi2_conv300,1396,17420918000.0,36326766084.0
phi2_conv300,1397,17420918000.0,36344252360.0
phi2_conv300,1398,17420918000.0,36361738636.0
phi2_conv300,1399,17420918000.0,36379224912.0
phi2_conv300,1400,17420918000.0,36396711188.0
phi2_conv300,1401,17420918000.0,36414197464.0
phi2_conv300,1402,17420918000.0,36431683740.0
phi2_conv300,1403,17420918000.0,36449170016.0
phi2_conv300,1404,17420918000.0,36466656292.0
phi2_conv300,1405,17420918000.0,36484142568.0
phi2_conv300,1406,17792938000.0,36549540163.0
phi2_conv300,1407,17792938000.0,36564500999.0
phi2_conv300,1408,17792938000.0,36579461835.0
phi2_conv300,1409,17792938000.0,36594422671.0
phi2_conv300,1410,17792938000.0,36609383507.0
phi2_conv300,1411,17792938000.0,36624344343.0
phi2_conv300,1412,17792938000.0,36639305179.0
phi2_conv300,1413,17792938000.0,36654266015.0
phi2_conv300,1414,17792938000.0,36669226851.0
phi2_conv300,1415,17792938000.0,36684187687.0
phi2_conv300,1416,17792938000.0,36699148523.0
phi2_conv300,1417,17792938000.0,36714109359.0
phi2_conv300,1418,17792938000.0,36729070195.0
phi2_conv300,1419,17792938000.0,36744031031.0
phi2_conv300,1420,17792938000.0,36758991867.0
phi2_conv300,1421,17792938000.0,36773952703.0
phi2_conv300,1422,17792938000.0,36788913539.0
phi2_conv300,1423,17792938000.0,36803874375.0
phi2_conv300,1424,17792938000.0,36818835211.0
phi2_conv300,1425,17792938000.0,36833796047.0
phi2_conv300,1426,17792938000.0,36848756883.0
phi2_conv300,1427,17792938000.0,36863717719.0
phi2_conv300,1428,17792938000.0,36878709275.0
phi2_conv300,1429,17792938000.0,36893700831.0
phi2_conv300,1430,17792938000.0,36908692387.0
phi2_conv300,1431,17792938000.0,36923683943.0
phi2_conv300,1432,17792938000.0,36938675499.0
phi2_conv300,1433,17792938000.0,36953667055.0
phi2_conv300,1434,17792938000.0,36968658611.0
phi2_conv300,1435,17792938000.0,36983650167.0
phi2_conv300,1436,17792938000.0,36998641723.0
phi2_conv300,1437,17792938000.0,37013633279.0
phi2_conv300,1438,17792938000.0,37028624835.0
phi2_conv300,1439,17792938000.0,37043616391.0
phi2_conv300,1440,17792938000.0,37058607947.0
phi2_conv300,1441,17792938000.0,37073599503.0
phi2_conv300,1442,17792938000.0,37088591059.0
phi2_conv300,1443,17792938000.0,37103582615.0
phi2_conv300,1444,17792938000.0,37118574171.0
phi2_conv300,1445,17792938000.0,37133565727.0
phi2_conv300,1446,17792938000.0,37148557283.0
phi2_conv300,1447,17792938000.0,37163548839.0
phi2_conv300,1448,17792938000.0,37178540395.0
phi2_conv300,1449,17792938000.0,37193531951.0
phi2_conv300,1450,17792938000.0,37208523507.0
phi2_conv300,1451,17792938000.0,37223515063.0
phi2_conv300,1452,17792938000.0,37238506619.0
phi2_conv300,1453,17792938000.0,37253498175.0
phi2_conv300,1454,17792938000.0,37268489731.0
phi2_conv300,1455,17792938000.0,37283481287.0
phi2_conv300,1456,17792938000.0,37298472843.0
phi2_conv300,1457,17792938000.0,37313464399.0
phi2_conv300,1458,17792938000.0,37328455955.0
phi2_conv300,1459,17792938000.0,37343447511.0
phi2_conv300,1460,17792938000.0,37358439067.0
phi2_conv300,1461,17792938000.0,37373430623.0
phi2_conv300,1462,17792938000.0,37388422179.0
phi2_conv300,1463,17792938000.0,37403413735.0
phi2_conv300,1464,17792938000.0,37418405291.0
phi2_conv300,1465,17792938000.0,37433396847.0
phi2_conv300,1466,17792938000.0,37448388403.0
phi2_conv300,1467,17792938000.0,37463379959.0
phi2_conv300,1468,17792938000.0,37478371515.0
phi2_conv300,1469,17792938000.0,37493363071.0
phi2_conv300,1470,18160513000.0,37539458627.0
phi2_conv300,1471,18160513000.0,37546751239.0
phi2_conv300,1472,18160513000.0,37554043851.0
phi2_conv300,1473,18160513000.0,37561336463.0
phi2_conv300,1474,18160513000.0,37568629075.0
phi2_conv300,1475,18160513000.0,37575921687.0
phi2_conv300,1476,18160513000.0,37583214299.0
phi2_conv300,1477,18160513000.0,37590506911.0
phi2_conv300,1478,18160513000.0,37597799523.0
phi2_conv300,1479,18160513000.0,37605092135.0
phi2_conv300,1480,18160513000.0,37612384747.0
phi2_conv300,1481,18160513000.0,37619677359.0
phi2_conv300,1482,18160513000.0,37626969971.0
phi2_conv300,1483,18160513000.0,37634262583.0
phi2_conv300,1484,18160513000.0,37641555195.0
phi2_conv300,1485,18160513000.0,37648847807.0
phi2_conv300,1486,18160513000.0,37656140419.0
phi2_conv300,1487,18160513000.0,37663433031.0
phi2_conv300,1488,18160513000.0,37670725643.0
phi2_conv300,1489,18160513000.0,37678018255.0
phi2_conv300,1490,18160513000.0,37685310867.0
phi2_conv300,1491,18160513000.0,37692603479.0
phi2_conv300,1492,18160513000.0,37699896091.0
phi2_conv300,1493,18160513000.0,37707188703.0
phi2_conv300,1494,18160513000.0,37714481315.0
phi2_conv300,1495,18160513000.0,37721773927.0
phi2_conv300,1496,18160513000.0,37729066539.0
phi2_conv300,1497,18160513000.0,37736359151.0
phi2_conv300,1498,18160513000.0,37743651763.0
phi2_conv300,1499,18160513000.0,37750944375.0
phi2_conv300,1500,18160513000.0,37758236987.0
phi2_conv300,1501,18160513000.0,37765529599.0
phi2_conv300,1502,18160513000.0,37772822211.0
phi2_conv300,1503,18160513000.0,37780114823.0
phi2_conv300,1504,18160513000.0,37787407435.0
phi2_conv300,1505,18160513000.0,37794700047.0
phi2_conv300,1506,18160513000.0,37801992659.0
phi2_conv300,1507,18160513000.0,37809285271.0
phi2_conv300,1508,18160513000.0,37816577883.0
phi2_conv300,1509,18160513000.0,37823870495.0
phi2_conv300,1510,18160513000.0,37831163107.0
phi2_conv300,1511,18160513000.0,37838455719.0
phi2_conv300,1512,18160513000.0,37845748331.0
phi2_conv300,1513,18160513000.0,37853040943.0
phi2_conv300,1514,18160513000.0,37860333555.0
phi2_conv300,1515,18160513000.0,37867626167.0
phi2_conv300,1516,18160513000.0,37874918779.0
phi2_conv300,1517,18160513000.0,37882211391.0
phi2_conv300,1518,18160513000.0,37889504003.0
phi2_conv300,1519,18160513000.0,37896796615.0
phi2_conv300,1520,18160513000.0,37904089227.0
phi2_conv300,1521,18160513000.0,37911381839.0
phi2_conv300,1522,18160513000.0,37918674451.0
phi2_conv300,1523,18463892000.0,38058136734.0
phi2_conv300,1524,18463892000.0,38061581986.0
phi2_conv300,1525,18463892000.0,38065027238.0
phi2_conv300,1526,18463892000.0,38071893866.0
phi2_conv300,1527,18463892000.0,38078760494.0
phi2_conv300,1528,18463892000.0,38085627122.0
phi2_conv300,1529,18463892000.0,38092493750.0
phi2_conv300,1530,18463892000.0,38099360378.0
phi2_conv300,1531,18463892000.0,38106227006.0
phi2_conv300,1532,18463892000.0,38113093634.0
phi2_conv300,1533,18463892000.0,38119960262.0
phi2_conv300,1534,18463892000.0,38126826890.0
phi2_conv300,1535,18463892000.0,38133693518.0
phi2_conv300,1536,18463892000.0,38140560146.0
phi2_conv300,1537,18463892000.0,38147426774.0
phi2_conv300,1538,18463892000.0,38154293402.0
phi2_conv300,1539,18463892000.0,38161160030.0
phi2_conv300,1540,18463892000.0,38168026658.0
phi2_conv300,1541,18463892000.0,38174893286.0
phi2_conv300,1542,18463892000.0,38181847978.0
phi2_conv300,1543,18463892000.0,38188802670.0
phi2_conv300,1544,18463892000.0,38195759410.0
phi2_conv300,1545,18463892000.0,38202716150.0
phi2_conv300,1546,18463892000.0,38209672890.0
phi2_conv300,1547,18463892000.0,38216629630.0
phi2_conv300,1548,18463892000.0,38223586370.0
phi2_conv300,1549,18463892000.0,38230543110.0
phi2_conv300,1550,18463892000.0,38237499850.0
phi2_conv300,1551,18463892000.0,38244456590.0
phi2_conv300,1552,18463892000.0,38251413330.0
phi2_conv300,1553,18463892000.0,38266066966.0
phi2_conv300,1554,18463892000.0,38280720602.0
phi2_conv300,1555,18463892000.0,38295374238.0
phi2_conv300,1556,18463892000.0,38310027874.0
phi2_conv300,1557,18463892000.0,38324681510.0
phi2_conv300,1558,18463892000.0,38339335146.0
phi2_conv300,1559,18463892000.0,38353988782.0
phi2_conv300,1560,18463892000.0,38368642418.0
phi2_conv300,1561,18463892000.0,38383296054.0
phi2_conv300,1562,18463892000.0,38397949690.0
phi2_conv300,1563,18463892000.0,38412603326.0
phi2_conv300,1564,18463892000.0,38427256962.0
phi2_conv300,1565,18463892000.0,38441910598.0
phi2_conv300,1566,18463892000.0,38456564234.0
phi2_conv300,1567,18463892000.0,38471217870.0
phi2_conv300,1568,18463892000.0,38485871506.0
phi2_conv300,1569,18463892000.0,38500525142.0
phi2_conv300,1570,18463892000.0,38515178778.0
phi2_conv300,1571,18463892000.0,38529832414.0
phi2_conv300,1572,18463892000.0,38544486050.0
phi2_conv300,1573,18463892000.0,38559139686.0
phi2_conv300,1574,18463892000.0,38573793322.0
phi2_conv300,1575,18463892000.0,38588446958.0
phi2_conv300,1576,18463892000.0,38603100594.0
phi2_conv300,1577,18463892000.0,38617754230.0
phi2_conv300,1578,18463892000.0,38632407866.0
phi2_conv300,1579,18463892000.0,38647061502.0
phi2_conv300,1580,18463892000.0,38661715138.0
phi2_conv300,1581,18463892000.0,38676368774.0
phi2_conv300,1582,18463892000.0,38691022410.0
phi2_conv300,1583,18463892000.0,38705676046.0
phi2_conv300,1584,18463892000.0,38720329682.0
phi2_conv300,1585,18463892000.0,38734983318.0
phi2_conv300,1586,18463892000.0,38749636954.0
phi2_conv300,1587,18463892000.0,38764290590.0
phi2_conv300,1588,18463892000.0,38778944226.0
phi2_conv300,1589,18463892000.0,38793597862.0
phi2_conv300,1590,18463892000.0,38808251498.0
phi2_conv300,1591,18463892000.0,38822905134.0
phi2_conv300,1592,18463892000.0,38837558770.0
phi2_conv300,1593,18463892000.0,38852212406.0
phi2_conv300,1594,18463892000.0,38866866042.0
phi2_conv300,1595,18463892000.0,38881519678.0
phi2_conv300,1596,18463892000.0,38896173314.0
phi2_conv300,1597,18463892000.0,38910826950.0
phi2_conv300,1598,18463892000.0,38925480586.0
phi2_conv300,1599,18463892000.0,38940134222.0
phi2_conv300,1600,18463892000.0,38954787858.0
phi2_conv300,1601,18463892000.0,38969441494.0
phi2_conv300,1602,18463892000.0,38984095130.0
phi2_conv300,1603,18463892000.0,38998748766.0
phi2_conv300,1604,18463892000.0,39013402402.0
phi2_conv300,1605,18463892000.0,39028056038.0
phi2_conv300,1606,18463892000.0,39042709674.0
phi2_conv300,1607,18463892000.0,39057363310.0
phi2_conv300,1608,18463892000.0,39072016946.0
phi2_conv300,1609,18463892000.0,39086670582.0
phi2_conv300,1610,18160513000.0,39103761594.0
phi2_conv300,1611,18160513000.0,39120852606.0
phi2_conv300,1612,18160513000.0,39137943618.0
phi2_conv300,1613,18160513000.0,39155034630.0
phi2_conv300,1614,18160513000.0,39172125642.0
phi2_conv300,1615,18160513000.0,39189216654.0
phi2_conv300,1616,18160513000.0,39206307666.0
phi2_conv300,1617,18160513000.0,39223398678.0
phi2_conv300,1618,18160513000.0,39240489690.0
phi2_conv300,1619,18160513000.0,39257580702.0
phi2_conv300,1620,18160513000.0,39274671714.0
phi2_conv300,1621,18160513000.0,39291762726.0
phi2_conv300,1622,18979439000.0,39693113983.0
phi2_conv300,1623,18979439000.0,40138765528.0
phi2_conv300,1624,18979439000.0,40672494385.0
phi2_conv300,1625,18979439000.0,41207269770.0
phi2_conv300,1626,18979439000.0,41606767229.0
phi2_conv300,1627,18979439000.0,41621728065.0
phi2_conv300,1628,18979439000.0,41636688901.0
phi2_conv300,1629,18979439000.0,41651649737.0
phi2_conv300,1630,18979439000.0,41666610573.0
phi2_conv300,1631,18979439000.0,41681571409.0
phi2_conv300,1632,18979439000.0,41696532245.0
phi2_conv300,1633,18979439000.0,41711493081.0
phi2_conv300,1634,18979439000.0,41726453917.0
phi2_conv300,1635,18979439000.0,41741414753.0
phi2_conv300,1636,18979439000.0,41756375589.0
phi2_conv300,1637,18979439000.0,41771336425.0
phi2_conv300,1638,18979439000.0,41786297261.0
phi2_conv300,1639,18979439000.0,41801258097.0
phi2_conv300,1640,18979439000.0,41816218933.0
phi2_conv300,1641,18979439000.0,41831179769.0
phi2_conv300,1642,18979439000.0,41846140605.0
phi2_conv300,1643,18979439000.0,41861101441.0
phi2_conv300,1644,18979439000.0,41876062277.0
phi2_conv300,1645,18979439000.0,41891023113.0
phi2_conv300,1646,18979439000.0,41905983949.0
phi2_conv300,1647,18979439000.0,41920944785.0
phi2_conv300,1648,18979439000.0,41935905621.0
phi2_conv300,1649,18979439000.0,41950866457.0
phi2_conv300,1650,18979439000.0,41965827293.0
phi2_conv300,1651,18979439000.0,41980788129.0
phi2_conv300,1652,18979439000.0,41995748965.0
phi2_conv300,1653,18979439000.0,42010709801.0
phi2_conv300,1654,18979439000.0,42025670637.0
phi2_conv300,1655,18979439000.0,42040631473.0
phi2_conv300,1656,18979439000.0,42055592309.0
phi2_conv300,1657,18979439000.0,42070553145.0
phi2_conv300,1658,18979439000.0,42085513981.0
phi2_conv300,1659,18979439000.0,42100474817.0
phi2_conv300,1660,18979439000.0,42115435653.0
phi2_conv300,1661,18979439000.0,42130396489.0
phi2_conv300,1662,18979439000.0,42145357325.0
phi2_conv300,1663,18979439000.0,42160318161.0
phi2_conv300,1664,18979439000.0,42177804437.0
phi2_conv300,1665,18979439000.0,42195290713.0
phi2_conv300,1666,18979439000.0,42212776989.0
phi2_conv300,1667,18979439000.0,42230263265.0
phi2_conv300,1668,18979439000.0,42247749541.0
phi2_conv300,1669,18979439000.0,42265235817.0
phi2_conv300,1670,18979439000.0,42282722093.0
phi2_conv300,1671,18979439000.0,42300208369.0
phi2_conv300,1672,18979439000.0,42317694645.0
phi2_conv300,1673,18979439000.0,42335180921.0
phi2_conv300,1674,18979439000.0,42352667197.0
phi2_conv300,1675,18979439000.0,42370153473.0
phi2_conv300,1676,18979439000.0,42387639749.0
phi2_conv300,1677,18979439000.0,42405126025.0
phi2_conv300,1678,18979439000.0,42422612301.0
phi2_conv300,1679,18979439000.0,42440098577.0
phi2_conv300,1680,18979439000.0,42457584853.0
phi2_conv300,1681,18979439000.0,42475071129.0
phi2_conv300,1682,18979439000.0,42492557405.0
phi2_conv300,1683,18979439000.0,42510043681.0
phi2_conv300,1684,18979439000.0,42527529957.0
phi2_conv300,1685,18979439000.0,42545016233.0
phi2_conv300,1686,18979439000.0,42562502509.0
phi2_conv300,1687,18979439000.0,42579988785.0
phi2_conv300,1688,18979439000.0,42597475061.0
phi2_conv300,1689,18979439000.0,42614961337.0
phi2_conv300,1690,18979439000.0,42632447613.0
phi2_conv300,1691,18979439000.0,42649933889.0
phi2_conv300,1692,18979439000.0,42667420165.0
phi2_conv300,1693,18979439000.0,42684906441.0
phi2_conv300,1694,18979439000.0,42702392717.0
phi2_conv300,1695,18979439000.0,42719878993.0
phi2_conv300,1696,18979439000.0,42737365269.0
phi2_conv300,1697,18979439000.0,42754851545.0
phi2_conv300,1698,18979439000.0,42772337821.0
phi2_conv300,1699,18979439000.0,42789824097.0
phi2_conv300,1700,18979439000.0,42807310373.0
phi2_conv300,1701,18979439000.0,42824796649.0
phi2_conv300,1702,18979439000.0,42842282925.0
phi2_conv300,1703,18979439000.0,42859769201.0
phi2_conv300,1704,18979439000.0,42877255477.0
phi2_conv300,1705,18979439000.0,42894741753.0
phi2_conv300,1706,18979439000.0,42912228029.0
phi2_conv300,1707,18979439000.0,42929714305.0
phi2_conv300,1708,18979439000.0,42947200581.0
phi2_conv300,1709,18979439000.0,42964686857.0
phi2_conv300,1710,18979439000.0,42982173133.0
phi2_conv300,1711,18979439000.0,42999659409.0
phi2_conv300,1712,18979439000.0,43017145685.0
phi2_conv300,1713,18979439000.0,43034631961.0
phi2_conv300,1714,18979439000.0,43052118237.0
phi2_conv300,1715,18979439000.0,43069604513.0
phi2_conv300,1716,18979439000.0,43087090789.0
phi2_conv300,1717,18979439000.0,43104577065.0
phi2_conv300,1718,18979439000.0,43122063341.0
phi2_conv300,1719,18979439000.0,43139549617.0
phi2_conv300,1720,18979439000.0,43157035893.0
phi2_conv300,1721,18979439000.0,43174522169.0
phi2_conv300,1722,18979439000.0,43192008445.0
phi2_conv300,1723,18979439000.0,43209494721.0
phi2_conv300,1724,18979439000.0,43226980997.0
phi2_conv300,1725,18979439000.0,43244467273.0
phi2_conv300,1726,18979439000.0,43261953549.0
phi2_conv300,1727,18979439000.0,43279439825.0
phi2_conv300,1728,18979439000.0,43296926101.0
phi2_conv300,1729,18979439000.0,43314412377.0
phi2_conv300,1730,18979439000.0,43331898653.0
phi2_conv300,1731,18979439000.0,43349384929.0
phi2_conv300,1732,18979439000.0,43366871205.0
phi2_conv300,1733,18979439000.0,43384357481.0
phi2_conv300,1734,18979439000.0,43401874477.0
phi2_conv300,1735,18979439000.0,43419391473.0
phi2_conv300,1736,18979439000.0,43436908469.0
phi2_conv300,1737,18979439000.0,43454425465.0
phi2_conv300,1738,18979439000.0,43471942461.0
phi2_conv300,1739,18979439000.0,43489459457.0
phi2_conv300,1740,18979439000.0,43506976453.0
phi2_conv300,1741,18979439000.0,43524493449.0
phi2_conv300,1742,19913927000.0,43540639085.0
phi2_conv300,1743,19913927000.0,43557728049.0
phi2_conv300,1744,19913927000.0,43574817013.0
phi2_conv300,1745,19913927000.0,43591905977.0
phi2_conv300,1746,19913927000.0,43608994941.0
phi2_conv300,1747,19913927000.0,43626083905.0
phi2_conv300,1748,19913927000.0,43643172869.0
phi2_conv300,1749,19945197000.0,44044522078.0
phi2_conv300,1750,19945197000.0,44490171575.0
phi2_conv300,1751,19945197000.0,45023898384.0
phi2_conv300,1752,19945197000.0,45558671721.0
phi2_conv300,1753,19945197000.0,46136943554.0
phi2_conv300,1754,19945197000.0,46889822747.0
phi2_conv300,1755,19945197000.0,47643748468.0
phi2_conv300,1756,19945197000.0,48261864356.0
phi2_conv300,1757,19945197000.0,48277038184.0
phi2_conv300,1758,19945197000.0,48294739500.0
phi2_conv300,1759,19945197000.0,48312440816.0
phi2_conv300,1760,19945197000.0,48330142132.0
phi2_conv300,1761,19945197000.0,48347843448.0
phi2_conv300,1762,19945197000.0,48365544764.0
phi2_conv300,1763,19945197000.0,48383246080.0
phi2_conv300,1764,19945197000.0,48400947396.0
phi2_conv300,1765,19945197000.0,48418648712.0
phi2_conv300,1766,19945197000.0,48436350028.0
phi2_conv300,1767,19945197000.0,48454051344.0
phi2_conv300,1768,19945197000.0,48471752660.0
phi2_conv300,1769,19945197000.0,48489453976.0
phi2_conv300,1770,19945197000.0,48507155292.0
phi2_conv300,1771,19945197000.0,48524856608.0
phi2_conv300,1772,19945197000.0,48542557924.0
phi2_conv300,1773,19945197000.0,48560259240.0
phi2_conv300,1774,19945197000.0,48577960556.0
phi2_conv300,1775,19945197000.0,48595661872.0
phi2_conv300,1776,19945197000.0,48613363188.0
phi2_conv300,1777,19945197000.0,48631064504.0
phi2_conv300,1778,19945197000.0,48648765820.0
phi2_conv300,1779,19945197000.0,48666467136.0
phi2_conv300,1780,19945197000.0,48684168452.0
phi2_conv300,1781,19945197000.0,48701869768.0
phi2_conv300,1782,19945197000.0,48719571084.0
phi2_conv300,1783,19945197000.0,48737272400.0
phi2_conv300,1784,19945197000.0,48754973716.0
phi2_conv300,1785,19945197000.0,48772675032.0
phi2_conv300,1786,19945197000.0,48790376348.0
phi2_conv300,1787,19945197000.0,48808077664.0
phi2_conv300,1788,19945197000.0,48825778980.0
phi2_conv300,1789,19945197000.0,48843480296.0
phi2_conv300,1790,19945197000.0,48861181612.0
phi2_conv300,1791,19945197000.0,48878882928.0
phi2_conv300,1792,19945197000.0,48896584244.0
phi2_conv300,1793,19945197000.0,48914285560.0
phi2_conv300,1794,19945197000.0,48931986876.0
phi2_conv300,1795,19945197000.0,48949688192.0
phi2_conv300,1796,19945197000.0,48967389508.0
phi2_conv300,1797,19945197000.0,48985090824.0
phi2_conv300,1798,19945197000.0,49002792140.0
phi2_conv300,1799,19945197000.0,49020493456.0
phi2_conv300,1800,19945197000.0,49038194772.0
phi2_conv300,1801,19945197000.0,49055896088.0
phi2_conv300,1802,19945197000.0,49073597404.0
phi2_conv300,1803,19945197000.0,49091298720.0
phi2_conv300,1804,19945197000.0,49109000036.0
phi2_conv300,1805,19945197000.0,49126701352.0
phi2_conv300,1806,19945197000.0,49144402668.0
phi2_conv300,1807,19945197000.0,49162103984.0
phi2_conv300,1808,19945197000.0,49179805300.0
phi2_conv300,1809,19945197000.0,49197506616.0
phi2_conv300,1810,19945197000.0,49215207932.0
phi2_conv300,1811,19945197000.0,49232909248.0
phi2_conv300,1812,19945197000.0,49250610564.0
phi2_conv300,1813,19945197000.0,49268311880.0
phi2_conv300,1814,19945197000.0,49286013196.0
phi2_conv300,1815,19945197000.0,49303714512.0
phi2_conv300,1816,19945197000.0,49321415828.0
phi2_conv300,1817,19945197000.0,49339117144.0
phi2_conv300,1818,20478941000.0,49385220674.0
phi2_conv300,1819,20478941000.0,49400394502.0
phi2_conv300,1820,20478941000.0,49415568330.0
phi2_conv300,1821,20478941000.0,49430742158.0
phi2_conv300,1822,20478941000.0,49445915986.0
phi2_conv300,1823,20478941000.0,49461089814.0
phi2_conv300,1824,20478941000.0,49476263642.0
phi2_conv300,1825,20478941000.0,49491437470.0
phi2_conv300,1826,20478941000.0,49506611298.0
phi2_conv300,1827,20478941000.0,49521785126.0
phi2_conv300,1828,20478941000.0,49536958954.0
phi2_conv300,1829,20478941000.0,49552132782.0
phi2_conv300,1830,20478941000.0,49569221746.0
phi2_conv300,1831,20478941000.0,49586310710.0
phi2_conv300,1832,20478941000.0,49603399674.0
phi2_conv300,1833,20478941000.0,49620488638.0
phi2_conv300,1834,20478941000.0,49637577602.0
phi2_conv300,1835,20478941000.0,49654666566.0
phi2_conv300,1836,20478941000.0,49671755530.0
phi2_conv300,1837,20478941000.0,49688846542.0
phi2_conv300,1838,20478941000.0,49705937554.0
phi2_conv300,1839,20478941000.0,49723028566.0
phi2_conv300,1840,20478941000.0,49740119578.0
phi2_conv300,1841,20478941000.0,49757210590.0
phi2_conv300,1842,20478941000.0,49774301602.0
phi2_conv300,1843,20478941000.0,49791392614.0
phi2_conv300,1844,20478941000.0,49808483626.0
phi2_conv300,1845,20478941000.0,49825574638.0
phi2_conv300,1846,20478941000.0,49842665650.0
phi2_conv300,1847,20478941000.0,49859756662.0
phi2_conv300,1848,20478941000.0,49876847674.0
phi2_conv300,1849,20478941000.0,49893938686.0
phi2_conv300,1850,20478941000.0,49911029698.0
phi2_conv300,1851,20658353000.0,49958321073.0
phi2_conv300,1852,20658353000.0,49972884597.0
phi2_conv300,1853,20658353000.0,49987448121.0
phi2_conv300,1854,20658353000.0,50002011645.0
phi2_conv300,1855,20658353000.0,50016575169.0
phi2_conv300,1856,20658353000.0,50031138693.0
phi2_conv300,1857,20658353000.0,50045702217.0
phi2_conv300,1858,20658353000.0,50060265741.0
phi2_conv300,1859,20658353000.0,50074829265.0
phi2_conv300,1860,20658353000.0,50089394837.0
phi2_conv300,1861,20658353000.0,50103960409.0
phi2_conv300,1862,20658353000.0,50118525981.0
phi2_conv300,1863,20658353000.0,50133091553.0
phi2_conv300,1864,20658353000.0,50147657125.0
phi2_conv300,1865,20658353000.0,50162222697.0
phi2_conv300,1866,20658353000.0,50176788269.0
phi2_conv300,1867,20658353000.0,50191353841.0
phi2_conv300,1868,20658353000.0,50205919413.0
phi2_conv300,1869,20658353000.0,50220484985.0
phi2_conv300,1870,20658353000.0,50235050557.0
phi2_conv300,1871,20658353000.0,50249616129.0
phi2_conv300,1872,20658353000.0,50264181701.0
phi2_conv300,1873,20658353000.0,50278747273.0
phi2_conv300,1874,20658353000.0,50293312845.0
phi2_conv300,1875,20658353000.0,50307878417.0
phi2_conv300,1876,20658353000.0,50322443989.0
phi2_conv300,1877,20658353000.0,50337009561.0
phi2_conv300,1878,20658353000.0,50351575133.0
phi2_conv300,1879,20658353000.0,50366140705.0
phi2_conv300,1880,20658353000.0,50380706277.0
phi2_conv300,1881,20658353000.0,50395271849.0
phi2_conv300,1882,20658353000.0,50409837421.0
phi2_conv300,1883,20658353000.0,50424402993.0
phi2_conv300,1884,20658353000.0,50438968565.0
phi2_conv300,1885,20658353000.0,50453534137.0
phi2_conv300,1886,20658353000.0,50468099709.0
phi2_conv300,1887,20658353000.0,50482665281.0
phi2_conv300,1888,20658353000.0,50497230853.0
phi2_conv300,1889,20658353000.0,50511796425.0
phi2_conv300,1890,20658353000.0,50526361997.0
phi2_conv300,1891,20658353000.0,50540927569.0
phi2_conv300,1892,20658353000.0,50555493141.0
phi2_conv300,1893,20658353000.0,50570058713.0
phi2_conv300,1894,20658353000.0,50584624285.0
phi2_conv300,1895,20658353000.0,50599189857.0
phi2_conv300,1896,20658353000.0,50613755429.0
phi2_conv300,1897,20658353000.0,50628321001.0
phi2_conv300,1898,20658353000.0,50642886573.0
phi2_conv300,1899,20658353000.0,50657452145.0
phi2_conv300,1900,20658353000.0,50672017717.0
phi2_conv300,1901,20658353000.0,50686583289.0
phi2_conv300,1902,20658353000.0,50701148861.0
phi2_conv300,1903,20658353000.0,50715714433.0
phi2_conv300,1904,20658353000.0,50730280005.0
phi2_conv300,1905,20658353000.0,50744845577.0
phi2_conv300,1906,20658353000.0,50759411149.0
phi2_conv300,1907,20941916000.0,50764560017.0
phi2_conv300,1908,20941916000.0,50771426645.0
phi2_conv300,1909,20941916000.0,50778293273.0
phi2_conv300,1910,20941916000.0,50785159901.0
phi2_conv300,1911,20941916000.0,50792026529.0
phi2_conv300,1912,20941916000.0,50798893157.0
phi2_conv300,1913,20941916000.0,50805759785.0
phi2_conv300,1914,20941916000.0,50812626413.0
phi2_conv300,1915,20941916000.0,50819493041.0
phi2_conv300,1916,20941916000.0,50826359669.0
phi2_conv300,1917,20941916000.0,50833226297.0
phi2_conv300,1918,20941916000.0,50840092925.0
phi2_conv300,1919,20941916000.0,50846959553.0
phi2_conv300,1920,20941916000.0,50853826181.0
phi2_conv300,1921,20941916000.0,50860692809.0
phi2_conv300,1922,20941916000.0,50867559437.0
phi2_conv300,1923,20941916000.0,50874426065.0
phi2_conv300,1924,20941916000.0,50881292693.0
phi2_conv300,1925,20941916000.0,50888159321.0
phi2_conv300,1926,20941916000.0,50895025949.0
phi2_conv300,1927,20941916000.0,50901892577.0
phi2_conv300,1928,20941916000.0,50908759205.0
phi2_conv300,1929,20941916000.0,50915625833.0
phi2_conv300,1930,20941916000.0,50922492461.0
phi2_conv300,1931,20941916000.0,50929359089.0
phi2_conv300,1932,20941916000.0,50936225717.0
phi2_conv300,1933,20941916000.0,50943092345.0
phi2_conv300,1934,20941916000.0,50949958973.0
phi2_conv300,1935,20941916000.0,50956825601.0
phi2_conv300,1936,20941916000.0,50963692229.0
phi2_conv300,1937,20941916000.0,50970558857.0
phi2_conv300,1938,20941916000.0,50977425485.0
phi2_conv300,1939,20941916000.0,50984292113.0
phi2_conv300,1940,20941916000.0,50991158741.0
phi2_conv300,1941,20941916000.0,51005722265.0
phi2_conv300,1942,20941916000.0,51020285789.0
phi2_conv300,1943,20941916000.0,51034849313.0
phi2_conv300,1944,20941916000.0,51049412837.0
phi2_conv300,1945,20941916000.0,51063976361.0
phi2_conv300,1946,20941916000.0,51078539885.0
phi2_conv300,1947,20941916000.0,51093103409.0
phi2_conv300,1948,20941916000.0,51107666933.0
phi2_conv300,1949,20941916000.0,51122230457.0
phi2_conv300,1950,20941916000.0,51136793981.0
phi2_conv300,1951,20941916000.0,51151357505.0
phi2_conv300,1952,20941916000.0,51165921029.0
phi2_conv300,1953,20941916000.0,51180484553.0
phi2_conv300,1954,20941916000.0,51195048077.0
phi2_conv300,1955,20941916000.0,51209611601.0
phi2_conv300,1956,20941916000.0,51224175125.0
phi2_conv300,1957,20941916000.0,51238738649.0
phi2_conv300,1958,20941916000.0,51253302173.0
phi2_conv300,1959,20941916000.0,51267865697.0
phi2_conv300,1960,20941916000.0,51282429221.0
phi2_conv300,1961,20941916000.0,51296992745.0
phi2_conv300,1962,20941916000.0,51311556269.0
phi2_conv300,1963,20941916000.0,51326119793.0
phi2_conv300,1964,20941916000.0,51340683317.0
phi2_conv300,1965,20941916000.0,51355246841.0
phi2_conv300,1966,20941916000.0,51369810365.0
phi2_conv300,1967,20941916000.0,51384373889.0
phi2_conv300,1968,20941916000.0,51398937413.0
phi2_conv300,1969,20941916000.0,51413500937.0
phi2_conv300,1970,20941916000.0,51428064461.0
phi2_conv300,1971,20941916000.0,51442627985.0
phi2_conv300,1972,20941916000.0,51457191509.0
phi2_conv300,1973,20941916000.0,51471755033.0
phi2_conv300,1974,20941916000.0,51486318557.0
phi2_conv300,1975,20941916000.0,51500882081.0
phi2_conv300,1976,20941916000.0,51515445605.0
phi2_conv300,1977,20941916000.0,51530009129.0
phi2_conv300,1978,20941916000.0,51544572653.0
phi2_conv300,1979,20941916000.0,51559136177.0
phi2_conv300,1980,20941916000.0,51573699701.0
phi2_conv300,1981,20941916000.0,51588263225.0
phi2_conv300,1982,20941916000.0,51602826749.0
phi2_conv300,1983,20941916000.0,51617390273.0
phi2_conv300,1984,20941916000.0,51631953797.0
phi2_conv300,1985,20941916000.0,51646517321.0
phi2_conv300,1986,20941916000.0,51661080845.0
phi2_conv300,1987,20941916000.0,51675644369.0
phi2_conv300,1988,20941916000.0,51690207893.0
phi2_conv300,1989,20941916000.0,51704771417.0
phi2_conv300,1990,20941916000.0,51719334941.0
phi2_conv300,1991,20941916000.0,51733898465.0
phi2_conv300,1992,20941916000.0,51748461989.0
phi2_conv300,1993,21370065000.0,51811835075.0
phi2_conv300,1994,21375087000.0,51965676063.0
phi2_conv300,1995,21375087000.0,51968695331.0
phi2_conv300,1996,21375087000.0,51971714599.0
phi2_conv300,1997,21375087000.0,51974733867.0
phi2_conv300,1998,21375087000.0,51977753135.0
phi2_conv300,1999,21375087000.0,51980772403.0
phi2_conv300,2000,21375087000.0,51983791671.0
phi2_conv300,2001,21375087000.0,51986810939.0
phi2_conv300,2002,21375087000.0,51989830207.0
phi2_conv300,2003,21375087000.0,51992849475.0
phi2_conv300,2004,21375087000.0,51995956807.0
phi2_conv300,2005,21375087000.0,51999064139.0
phi2_conv300,2006,21375087000.0,52002171471.0
phi2_conv300,2007,21375087000.0,52005278803.0
phi2_conv300,2008,21375087000.0,52008386135.0
phi2_conv300,2009,21375087000.0,52011493467.0
phi2_conv300,2010,21375087000.0,52014600799.0
phi2_conv300,2011,21375087000.0,52017708131.0
phi2_conv300,2012,21375087000.0,52020815463.0
phi2_conv300,2013,21375087000.0,52023922795.0
phi2_conv300,2014,21375087000.0,52027030127.0
phi2_conv300,2015,21375087000.0,52030137459.0
phi2_conv300,2016,21375087000.0,52033244791.0
phi2_conv300,2017,21375087000.0,52036352123.0
phi2_conv300,2018,21375087000.0,52039459455.0
phi2_conv300,2019,21375087000.0,52042566787.0
phi2_conv300,2020,21375087000.0,52045674119.0
phi2_conv300,2021,21375087000.0,52048781451.0
phi2_conv300,2022,21375087000.0,52051888783.0
phi2_conv300,2023,21375087000.0,52054996115.0
phi2_conv300,2024,21375087000.0,52058103447.0
phi2_conv300,2025,21375087000.0,52061210779.0
phi2_conv300,2026,21375087000.0,52064318111.0
phi2_conv300,2027,21375087000.0,52067425443.0
phi2_conv300,2028,21375087000.0,52070532775.0
phi2_conv300,2029,21375087000.0,52073640107.0
phi2_conv300,2030,21375087000.0,52076747439.0
phi2_conv300,2031,21375087000.0,52079854771.0
phi2_conv300,2032,21375087000.0,52082962103.0
phi2_conv300,2033,21375087000.0,52086069435.0
phi2_conv300,2034,21375087000.0,52089176767.0
phi2_conv300,2035,21375087000.0,52092284099.0
phi2_conv300,2036,21375087000.0,52095391431.0
phi2_conv300,2037,21375087000.0,52098498763.0
phi2_conv300,2038,21375087000.0,52101606095.0
phi2_conv300,2039,21375087000.0,52104713427.0
phi2_conv300,2040,21375087000.0,52107820759.0
phi2_conv300,2041,21375087000.0,52110928091.0
phi2_conv300,2042,21375087000.0,52114035423.0
phi2_conv300,2043,21375087000.0,52117142755.0
phi2_conv300,2044,21375087000.0,52120250087.0
phi2_conv300,2045,21375087000.0,52123357419.0
phi2_conv300,2046,21375087000.0,52126464751.0
phi2_conv300,2047,21375087000.0,52129572083.0
phi2_conv300,2048,21375087000.0,52132679415.0
phi2_conv300,2049,21375087000.0,52135786747.0
phi2_conv300,2050,21375087000.0,52138894079.0
phi2_conv300,2051,21375087000.0,52142001411.0
phi2_conv300,2052,21375087000.0,52145108743.0
phi2_conv300,2053,21375087000.0,52148216075.0
phi2_conv300,2054,21375087000.0,52151323407.0
phi2_conv300,2055,21375087000.0,52154430739.0
phi2_conv300,2056,21375087000.0,52157538071.0
phi2_conv300,2057,21375087000.0,52160645403.0
phi2_conv300,2058,21375087000.0,52163752735.0
phi2_conv300,2059,21375087000.0,52166860067.0
phi2_conv300,2060,21375087000.0,52169967399.0
phi2_conv300,2061,21375087000.0,52173074731.0
phi2_conv300,2062,21375087000.0,52176182063.0
phi2_conv300,2063,21375087000.0,52179289395.0
phi2_conv300,2064,21375087000.0,52182396727.0
phi2_conv300,2065,21375087000.0,52185504059.0
phi2_conv300,2066,21375087000.0,52188611391.0
phi2_conv300,2067,21375087000.0,52191718723.0
phi2_conv300,2068,21375087000.0,52198673415.0
phi2_conv300,2069,21375087000.0,52205628107.0
phi2_conv300,2070,21375087000.0,52212582799.0
phi2_conv300,2071,21375087000.0,52219537491.0
phi2_conv300,2072,21375087000.0,52226492183.0
phi2_conv300,2073,21375087000.0,52233446875.0
phi2_conv300,2074,21375087000.0,52240401567.0
phi2_conv300,2075,21370065000.0,52254965091.0
phi2_conv300,2076,21370065000.0,52269528615.0
phi2_conv300,2077,21370065000.0,52284092139.0
phi2_conv300,2078,21370065000.0,52298655663.0
phi2_conv300,2079,21370065000.0,52313219187.0
phi2_conv300,2080,21370065000.0,52327784759.0
phi2_conv300,2081,21370065000.0,52342350331.0
phi2_conv300,2082,21370065000.0,52356915903.0
phi2_conv300,2083,21370065000.0,52371481475.0
phi2_conv300,2084,21370065000.0,52386047047.0
phi2_conv300,2085,21370065000.0,52400612619.0
phi2_conv300,2086,21370065000.0,52415178191.0
phi2_conv300,2087,21370065000.0,52429743763.0
phi2_conv300,2088,21370065000.0,52444309335.0
phi2_conv300,2089,21370065000.0,52458874907.0
phi2_conv300,2090,21370065000.0,52475965919.0
phi2_conv300,2091,21370065000.0,52493056931.0
phi2_conv300,2092,21370065000.0,52510147943.0
phi2_conv300,2093,21370065000.0,52527238955.0
phi2_conv300,2094,21370065000.0,52544329967.0
phi2_conv300,2095,21370065000.0,52561420979.0
phi2_conv300,2096,21370065000.0,52578511991.0
phi2_conv300,2097,21370065000.0,52595603003.0
phi2_conv300,2098,21370065000.0,52612694015.0
phi2_conv300,2099,21370065000.0,52629785027.0
phi2_conv300,2100,21370065000.0,52646876039.0
phi2_conv300,2101,21370065000.0,52663967051.0
phi2_conv300,2102,21370065000.0,52681058063.0
phi2_conv300,2103,21370065000.0,52698149075.0
phi2_conv300,2104,21370065000.0,52715240087.0
phi2_conv300,2105,21370065000.0,52732331099.0
phi2_conv300,2106,21370065000.0,52749422111.0
phi2_conv300,2107,21370065000.0,52766513123.0
phi2_conv300,2108,21370065000.0,52783604135.0
phi2_conv300,2109,21370065000.0,52800695147.0
phi2_conv300,2110,21370065000.0,52817786159.0
phi2_conv300,2111,21370065000.0,52834877171.0
phi2_conv300,2112,21370065000.0,52851968183.0
phi2_conv300,2113,21370065000.0,52869059195.0
phi2_conv300,2114,21370065000.0,52886150207.0
phi2_conv300,2115,21370065000.0,52903241219.0
phi2_conv300,2116,21370065000.0,52920332231.0
phi2_conv300,2117,21370065000.0,52937423243.0
phi2_conv300,2118,21370065000.0,52954514255.0
phi2_conv300,2119,21370065000.0,52971605267.0
phi2_conv300,2120,21370065000.0,52988696279.0
phi2_conv300,2121,21370065000.0,53005787291.0
phi2_conv300,2122,21370065000.0,53022878303.0
phi2_conv300,2123,21370065000.0,53039969315.0
phi2_conv300,2124,21370065000.0,53057060327.0
phi2_conv300,2125,21370065000.0,53074151339.0
phi2_conv300,2126,21370065000.0,53091242351.0
phi2_conv300,2127,21370065000.0,53108333363.0
phi2_conv300,2128,21370065000.0,53125424375.0
phi2_conv300,2129,21370065000.0,53142515387.0
phi2_conv300,2130,21370065000.0,53159606399.0
phi2_conv300,2131,21370065000.0,53176697411.0
phi2_conv300,2132,21370065000.0,53193788423.0
phi2_conv300,2133,21370065000.0,53210879435.0
phi2_conv300,2134,21370065000.0,53227970447.0
phi2_conv300,2135,21370065000.0,53245061459.0
phi2_conv300,2136,21370065000.0,53262152471.0
phi2_conv300,2137,21370065000.0,53279243483.0
phi2_conv300,2138,21370065000.0,53296334495.0
phi2_conv300,2139,21370065000.0,53313425507.0
phi2_conv300,2140,21370065000.0,53330516519.0
phi2_conv300,2141,21370065000.0,53347607531.0
phi2_conv300,2142,21370065000.0,53364698543.0
phi2_conv300,2143,21370065000.0,53381789555.0
phi2_conv300,2144,21370065000.0,53398880567.0
phi2_conv300,2145,21370065000.0,53415971579.0
phi2_conv300,2146,21370065000.0,53433062591.0
phi2_conv300,2147,21370065000.0,53450153603.0
phi2_conv300,2148,21370065000.0,53467244615.0
phi2_conv300,2149,21370065000.0,53484335627.0
phi2_conv300,2150,21370065000.0,53501426639.0
phi2_conv300,2151,21370065000.0,53518517651.0
phi2_conv300,2152,21370065000.0,53535608663.0
phi2_conv300,2153,21370065000.0,53552699675.0
phi2_conv300,2154,21370065000.0,53569790687.0
phi2_conv300,2155,21370065000.0,53586881699.0
phi2_conv300,2156,21370065000.0,53603972711.0
phi2_conv300,2157,21370065000.0,53621063723.0
phi2_conv300,2158,21370065000.0,53638154735.0
phi2_conv300,2159,21370065000.0,53655245747.0
phi2_conv300,2160,21370065000.0,53672336759.0
phi2_conv300,2161,21370065000.0,53689427771.0
phi2_conv300,2162,21370065000.0,53706518783.0
phi2_conv300,2163,21370065000.0,53723609795.0
phi2_conv300,2164,21370065000.0,53740700807.0
phi2_conv300,2165,21370065000.0,53757791819.0
phi2_conv300,2166,21370065000.0,53774882831.0
phi2_conv300,2167,21370065000.0,53791973843.0
phi2_conv300,2168,21370065000.0,53809064855.0
phi2_conv300,2169,21370065000.0,53826155867.0
phi2_conv300,2170,21370065000.0,53843246879.0
phi2_conv300,2171,21370065000.0,53860337891.0
phi2_conv300,2172,21370065000.0,53877428903.0
phi2_conv300,2173,21370065000.0,53894519915.0
phi2_conv300,2174,21370065000.0,53911610927.0
phi2_conv300,2175,21370065000.0,53928701939.0
phi2_conv300,2176,21370065000.0,53945792951.0
phi2_conv300,2177,21370065000.0,53962883963.0
phi2_conv300,2178,21370065000.0,53979974975.0
phi2_conv300,2179,21370065000.0,53997065987.0
phi2_conv300,2180,21370065000.0,54014156999.0
phi2_conv300,2181,21370065000.0,54031248011.0
phi2_conv300,2182,21370065000.0,54048339023.0
phi2_conv300,2183,21370065000.0,54065430035.0
phi2_conv300,2184,21370065000.0,54082521047.0
phi2_conv300,2185,21370065000.0,54099612059.0
phi2_conv300,2186,21370065000.0,54116703071.0
phi2_conv300,2187,21370065000.0,54133794083.0
phi2_conv300,2188,21370065000.0,54150885095.0
phi2_conv300,2189,21370065000.0,54167976107.0
phi2_conv300,2190,21370065000.0,54185067119.0
phi2_conv300,2191,21370065000.0,54202158131.0
phi2_conv300,2192,21370065000.0,54219249143.0
phi2_conv300,2193,21370065000.0,54236340155.0
phi2_conv300,2194,21370065000.0,54253431167.0
phi2_conv300,2195,21370065000.0,54270522179.0
phi2_conv300,2196,21370065000.0,54287613191.0
phi2_conv300,2197,21370065000.0,54304704203.0
phi2_conv300,2198,21370065000.0,54321883279.0
phi2_conv300,2199,21370065000.0,54339062355.0
phi2_conv300,2200,21370065000.0,54356241431.0
phi2_conv300,2201,21370065000.0,54373420507.0
phi2_conv300,2202,21370065000.0,54390599583.0
phi2_conv300,2203,21370065000.0,54407778659.0
phi2_conv300,2204,21370065000.0,54424957735.0
phi2_conv300,2205,21370065000.0,54442136811.0
phi2_conv300,2206,21370065000.0,54459315887.0
phi2_conv300,2207,21370065000.0,54476494963.0
phi2_conv300,2208,21370065000.0,54493674039.0
phi2_conv300,2209,21370065000.0,54510853115.0
phi2_conv300,2210,22712872000.0,54557210335.0
phi2_conv300,2211,22712872000.0,54574299299.0
phi2_conv300,2212,22712872000.0,54591388263.0
phi2_conv300,2213,22712872000.0,54608477227.0
phi2_conv300,2214,22712872000.0,54625566191.0
phi2_conv300,2215,22712872000.0,54642655155.0
phi2_conv300,2216,22712872000.0,54659744119.0
phi2_conv300,2217,22712872000.0,54676833083.0
phi2_conv300,2218,22712872000.0,54693922047.0
phi2_conv300,2219,22712872000.0,54711011011.0
phi2_conv300,2220,22712872000.0,54728099975.0
phi2_conv300,2221,22712872000.0,54745188939.0
phi2_conv300,2222,22712872000.0,54762277903.0
phi2_conv300,2223,22712872000.0,54779366867.0
phi2_conv300,2224,22712872000.0,54796455831.0
phi2_conv300,2225,22712872000.0,54813544795.0
phi2_conv300,2226,22712872000.0,54830633759.0
phi2_conv300,2227,22712872000.0,54847722723.0
phi2_conv300,2228,22712872000.0,54864811687.0
phi2_conv300,2229,22712872000.0,54881900651.0
phi2_conv300,2230,22712872000.0,54898989615.0
phi2_conv300,2231,22712872000.0,54916078579.0
phi2_conv300,2232,22712872000.0,54933167543.0
phi2_conv300,2233,22712872000.0,54950256507.0
phi2_conv300,2234,22712872000.0,54967345471.0
phi2_conv300,2235,22712872000.0,54984434435.0
phi2_conv300,2236,22712872000.0,55001523399.0
phi2_conv300,2237,22712872000.0,55018612363.0
phi2_conv300,2238,22712872000.0,55035701327.0
phi2_conv300,2239,22712872000.0,55052790291.0
phi2_conv300,2240,22712872000.0,55069879255.0
phi2_conv300,2241,22712872000.0,55086968219.0
phi2_conv300,2242,22712872000.0,55104057183.0
phi2_conv300,2243,22712872000.0,55121146147.0
phi2_conv300,2244,22712872000.0,55138235111.0
phi2_conv300,2245,22712872000.0,55155324075.0
phi2_conv300,2246,22712872000.0,55172413039.0
phi2_conv300,2247,22712872000.0,55189502003.0
phi2_conv300,2248,22712872000.0,55206590967.0
phi2_conv300,2249,22712872000.0,55223679931.0
phi2_conv300,2250,22712872000.0,55240768895.0
phi2_conv300,2251,22712872000.0,55257857859.0
phi2_conv300,2252,22712872000.0,55274946823.0
phi2_conv300,2253,22712872000.0,55292035787.0
phi2_conv300,2254,22712872000.0,55309124751.0
phi2_conv300,2255,22712872000.0,55326213715.0
phi2_conv300,2256,22712872000.0,55343302679.0
phi2_conv300,2257,22712872000.0,55360391643.0
phi2_conv300,2258,22712872000.0,55377480607.0
phi2_conv300,2259,22712872000.0,55394569571.0
phi2_conv300,2260,22712872000.0,55411658535.0
phi2_conv300,2261,22712872000.0,55428747499.0
phi2_conv300,2262,22712872000.0,55445836463.0
phi2_conv300,2263,22712872000.0,55462925427.0
phi2_conv300,2264,22712872000.0,55480014391.0
phi2_conv300,2265,22712872000.0,55497103355.0
phi2_conv300,2266,22712872000.0,55514192319.0
phi2_conv300,2267,22712872000.0,55531281283.0
phi2_conv300,2268,22994856000.0,55597274195.0
phi2_conv300,2269,22994856000.0,55611837719.0
phi2_conv300,2270,22994856000.0,55626401243.0
phi2_conv300,2271,22994856000.0,55640964767.0
phi2_conv300,2272,22994856000.0,55655528291.0
phi2_conv300,2273,22994856000.0,55670091815.0
phi2_conv300,2274,22994856000.0,55684655339.0
phi2_conv300,2275,22994856000.0,55699218863.0
phi2_conv300,2276,22994856000.0,55713782387.0
phi2_conv300,2277,22994856000.0,55728345911.0
phi2_conv300,2278,22994856000.0,55742909435.0
phi2_conv300,2279,22994856000.0,55757472959.0
phi2_conv300,2280,22994856000.0,55772036483.0
phi2_conv300,2281,22994856000.0,55786600007.0
phi2_conv300,2282,22994856000.0,55801163531.0
phi2_conv300,2283,22994856000.0,55815727055.0
phi2_conv300,2284,22994856000.0,55830292627.0
phi2_conv300,2285,22994856000.0,55844858199.0
phi2_conv300,2286,22994856000.0,55859423771.0
phi2_conv300,2287,22994856000.0,55873989343.0
phi2_conv300,2288,22994856000.0,55888554915.0
phi2_conv300,2289,22994856000.0,55903120487.0
phi2_conv300,2290,22994856000.0,55917686059.0
phi2_conv300,2291,22994856000.0,55932251631.0
phi2_conv300,2292,22994856000.0,55946817203.0
phi2_conv300,2293,22994856000.0,55961382775.0
phi2_conv300,2294,22994856000.0,55975948347.0
phi2_conv300,2295,22994856000.0,55990513919.0
phi2_conv300,2296,22994856000.0,56005079491.0
phi2_conv300,2297,22994856000.0,56019645063.0
phi2_conv300,2298,22994856000.0,56034210635.0
phi2_conv300,2299,22994856000.0,56048776207.0
phi2_conv300,2300,22994856000.0,56063341779.0
phi2_conv300,2301,22994856000.0,56077907351.0
phi2_conv300,2302,22994856000.0,56092472923.0
phi2_conv300,2303,22994856000.0,56107038495.0
phi2_conv300,2304,22994856000.0,56121604067.0
phi2_conv300,2305,22994856000.0,56136169639.0
phi2_conv300,2306,22994856000.0,56150735211.0
phi2_conv300,2307,22994856000.0,56165300783.0
phi2_conv300,2308,22994856000.0,56179866355.0
phi2_conv300,2309,22994856000.0,56194431927.0
phi2_conv300,2310,22994856000.0,56208997499.0
phi2_conv300,2311,22994856000.0,56223563071.0
phi2_conv300,2312,22994856000.0,56238128643.0
phi2_conv300,2313,22994856000.0,56252694215.0
phi2_conv300,2314,22994856000.0,56267259787.0
phi2_conv300,2315,22994856000.0,56281825359.0
phi2_conv300,2316,22994856000.0,56296390931.0
phi2_conv300,2317,22994856000.0,56310956503.0
phi2_conv300,2318,22994856000.0,56325522075.0
phi2_conv300,2319,22994856000.0,56340087647.0
phi2_conv300,2320,22994856000.0,56354653219.0
phi2_conv300,2321,22994856000.0,56369218791.0
phi2_conv300,2322,22994856000.0,56383784363.0
phi2_conv300,2323,22994856000.0,56398349935.0
phi2_conv300,2324,22994856000.0,56412915507.0
phi2_conv300,2325,22994856000.0,56427481079.0
phi2_conv300,2326,22994856000.0,56442046651.0
phi2_conv300,2327,22994856000.0,56456612223.0
phi2_conv300,2328,22994856000.0,56471177795.0
phi2_conv300,2329,22994856000.0,56485743367.0
phi2_conv300,2330,22994856000.0,56500308939.0
phi2_conv300,2331,22994856000.0,56514874511.0
phi2_conv300,2332,22994856000.0,56529440083.0
phi2_conv300,2333,22994856000.0,56544005655.0
phi2_conv300,2334,22994856000.0,56558571227.0
phi2_conv300,2335,22994856000.0,56573136799.0
phi2_conv300,2336,22994856000.0,56587702371.0
phi2_conv300,2337,22994856000.0,56602267943.0
phi2_conv300,2338,22994856000.0,56616833515.0
phi2_conv300,2339,22994856000.0,56631399087.0
phi2_conv300,2340,22994856000.0,56645964659.0
phi2_conv300,2341,22994856000.0,56660530231.0
phi2_conv300,2342,23371403000.0,56728049675.0
phi2_conv300,2343,23371403000.0,56734918351.0
phi2_conv300,2344,23371403000.0,56741787027.0
phi2_conv300,2345,23371403000.0,56748655703.0
phi2_conv300,2346,23371403000.0,56755524379.0
phi2_conv300,2347,23371403000.0,56762393055.0
phi2_conv300,2348,23371403000.0,56769261731.0
phi2_conv300,2349,23371403000.0,56776130407.0
phi2_conv300,2350,23371403000.0,56782999083.0
phi2_conv300,2351,23371403000.0,56789867759.0
phi2_conv300,2352,23371403000.0,56796736435.0
phi2_conv300,2353,23371403000.0,56803605111.0
phi2_conv300,2354,23371403000.0,56810473787.0
phi2_conv300,2355,23371403000.0,56817342463.0
phi2_conv300,2356,23371403000.0,56824211139.0
phi2_conv300,2357,23371403000.0,56831079815.0
phi2_conv300,2358,23371403000.0,56837948491.0
phi2_conv300,2359,23371403000.0,56844817167.0
phi2_conv300,2360,23371403000.0,56851685843.0
phi2_conv300,2361,23371403000.0,56858554519.0
phi2_conv300,2362,23371403000.0,56865423195.0
phi2_conv300,2363,23371403000.0,56872291871.0
phi2_conv300,2364,23371403000.0,56879160547.0
phi2_conv300,2365,23371403000.0,56886029223.0
phi2_conv300,2366,23371403000.0,56892897899.0
phi2_conv300,2367,23371403000.0,56899766575.0
phi2_conv300,2368,23371403000.0,56906635251.0
phi2_conv300,2369,23371403000.0,56913503927.0
phi2_conv300,2370,23371403000.0,56920372603.0
phi2_conv300,2371,23371403000.0,56927241279.0
phi2_conv300,2372,23371403000.0,56934109955.0
phi2_conv300,2373,23371403000.0,56940978631.0
phi2_conv300,2374,23371403000.0,56947847307.0
phi2_conv300,2375,23371403000.0,56954715983.0
phi2_conv300,2376,23371403000.0,56961584659.0
phi2_conv300,2377,23371403000.0,56968453335.0
phi2_conv300,2378,23371403000.0,56975322011.0
phi2_conv300,2379,23371403000.0,56982190687.0
phi2_conv300,2380,23371403000.0,56989059363.0
phi2_conv300,2381,23371403000.0,56995928039.0
phi2_conv300,2382,23371403000.0,57010493611.0
phi2_conv300,2383,23371403000.0,57025059183.0
phi2_conv300,2384,23371403000.0,57039624755.0
phi2_conv300,2385,23371403000.0,57054190327.0
phi2_conv300,2386,23371403000.0,57068755899.0
phi2_conv300,2387,23371403000.0,57083321471.0
phi2_conv300,2388,23371403000.0,57097887043.0
phi2_conv300,2389,23371403000.0,57112452615.0
phi2_conv300,2390,23371403000.0,57127018187.0
phi2_conv300,2391,23371403000.0,57141583759.0
phi2_conv300,2392,23371403000.0,57156149331.0
phi2_conv300,2393,23371403000.0,57170714903.0
phi2_conv300,2394,23371403000.0,57185280475.0
phi2_conv300,2395,23371403000.0,57199846047.0
phi2_conv300,2396,23371403000.0,57214411619.0
phi2_conv300,2397,23371403000.0,57228977191.0
phi2_conv300,2398,23371403000.0,57243542763.0
phi2_conv300,2399,23371403000.0,57258108335.0
phi2_conv300,2400,23371403000.0,57272673907.0
phi2_conv300,2401,23371403000.0,57287239479.0
phi2_conv300,2402,23371403000.0,57301805051.0
phi2_conv300,2403,23371403000.0,57316370623.0
phi2_conv300,2404,23371403000.0,57330936195.0
phi2_conv300,2405,23371403000.0,57345501767.0
phi2_conv300,2406,23371403000.0,57360067339.0
phi2_conv300,2407,23371403000.0,57374632911.0
phi2_conv300,2408,23371403000.0,57389198483.0
phi2_conv300,2409,23371403000.0,57403764055.0
phi2_conv300,2410,23371403000.0,57418329627.0
phi2_conv300,2411,23371403000.0,57432895199.0
phi2_conv300,2412,23371403000.0,57447460771.0
phi2_conv300,2413,23371403000.0,57462026343.0
phi2_conv300,2414,23371403000.0,57476591915.0
phi2_conv300,2415,23371403000.0,57491157487.0
phi2_conv300,2416,23371403000.0,57505723059.0
phi2_conv300,2417,23371403000.0,57520288631.0
phi2_conv300,2418,23371403000.0,57534854203.0
phi2_conv300,2419,23371403000.0,57549419775.0
phi2_conv300,2420,23371403000.0,57563985347.0
phi2_conv300,2421,23371403000.0,57578550919.0
phi2_conv300,2422,23371403000.0,57593116491.0
phi2_conv300,2423,23371403000.0,57607682063.0
phi2_conv300,2424,23371403000.0,57622247635.0
phi2_conv300,2425,23371403000.0,57636813207.0
phi2_conv300,2426,23371403000.0,57651378779.0
phi2_conv300,2427,23371403000.0,57665944351.0
phi2_conv300,2428,23371403000.0,57680509923.0
phi2_conv300,2429,23371403000.0,57695075495.0
phi2_conv300,2430,23371403000.0,57709641067.0
phi2_conv300,2431,23371403000.0,57724206639.0
phi2_conv300,2432,23371403000.0,57738772211.0
phi2_conv300,2433,23371403000.0,57753337783.0
phi2_conv300,2434,23371403000.0,57767903355.0
phi2_conv300,2435,23371403000.0,57782468927.0
phi2_conv300,2436,23371403000.0,57797034499.0
phi2_conv300,2437,23371403000.0,57811600071.0
phi2_conv300,2438,23371403000.0,57826165643.0
phi2_conv300,2439,23371403000.0,57840731215.0
phi2_conv300,2440,23371403000.0,57855296787.0
phi2_conv300,2441,23371403000.0,57869862359.0
phi2_conv300,2442,23371403000.0,57884427931.0
phi2_conv300,2443,23371403000.0,57898993503.0
phi2_conv300,2444,23371403000.0,57913559075.0
phi2_conv300,2445,23371403000.0,57928124647.0
phi2_conv300,2446,23371403000.0,57942690219.0
phi2_conv300,2447,23371403000.0,57957255791.0
phi2_conv300,2448,23371403000.0,57971821363.0
phi2_conv300,2449,23371403000.0,57988912375.0
phi2_conv300,2450,23371403000.0,58006003387.0
phi2_conv300,2451,23371403000.0,58023094399.0
phi2_conv300,2452,23371403000.0,58040185411.0
phi2_conv300,2453,23371403000.0,58057276423.0
phi2_conv300,2454,23371403000.0,58074367435.0
phi2_conv300,2455,23371403000.0,58091458447.0
phi2_conv300,2456,23371403000.0,58108549459.0
phi2_conv300,2457,23371403000.0,58125640471.0
phi2_conv300,2458,23371403000.0,58142731483.0
phi2_conv300,2459,23371403000.0,58159822495.0
phi2_conv300,2460,23371403000.0,58176913507.0
phi2_conv300,2461,23371403000.0,58194004519.0
phi2_conv300,2462,23371403000.0,58211095531.0
phi2_conv300,2463,23371403000.0,58228186543.0
phi2_conv300,2464,23371403000.0,58245277555.0
phi2_conv300,2465,23371403000.0,58262368567.0
phi2_conv300,2466,23371403000.0,58279459579.0
phi2_conv300,2467,23371403000.0,58296550591.0
phi2_conv300,2468,23371403000.0,58313641603.0
phi2_conv300,2469,23371403000.0,58330732615.0
phi2_conv300,2470,23371403000.0,58347823627.0
phi2_conv300,2471,23371403000.0,58364914639.0
phi2_conv300,2472,23371403000.0,58382005651.0
phi2_conv300,2473,23371403000.0,58399096663.0
phi2_conv300,2474,23371403000.0,58416187675.0
phi2_conv300,2475,23371403000.0,58433278687.0
phi2_conv300,2476,23371403000.0,58450369699.0
phi2_conv300,2477,23371403000.0,58467460711.0
phi2_conv300,2478,23371403000.0,58484551723.0
phi2_conv300,2479,23371403000.0,58501642735.0
phi2_conv300,2480,23371403000.0,58518733747.0
phi2_conv300,2481,23371403000.0,58535824759.0
phi2_conv300,2482,23371403000.0,58552915771.0
phi2_conv300,2483,23371403000.0,58570006783.0
phi2_conv300,2484,23371403000.0,58587097795.0
phi2_conv300,2485,23371403000.0,58604188807.0
phi2_conv300,2486,23371403000.0,58621279819.0
phi2_conv300,2487,23371403000.0,58638370831.0
phi2_conv300,2488,23371403000.0,58655461843.0
phi2_conv300,2489,23371403000.0,58672552855.0
phi2_conv300,2490,23371403000.0,58689643867.0
phi2_conv300,2491,23371403000.0,58706734879.0
phi2_conv300,2492,23371403000.0,58723825891.0
phi2_conv300,2493,23371403000.0,58740916903.0
phi2_conv300,2494,23371403000.0,58758007915.0
phi2_conv300,2495,24146296000.0,58764664367.0
phi2_conv300,2496,24146296000.0,58779227891.0
phi2_conv300,2497,24146296000.0,58793791415.0
phi2_conv300,2498,24146296000.0,58808354939.0
phi2_conv300,2499,24146296000.0,58822918463.0
phi2_conv300,2500,24146296000.0,58837481987.0
phi2_conv300,2501,24146296000.0,58852045511.0
phi2_conv300,2502,24146296000.0,58866609035.0
phi2_conv300,2503,24146296000.0,58881172559.0
phi2_conv300,2504,24146296000.0,58895736083.0
phi2_conv300,2505,24146296000.0,58910299607.0
phi2_conv300,2506,24146296000.0,58924863131.0
phi2_conv300,2507,24146296000.0,58939426655.0
phi2_conv300,2508,24146296000.0,58953990179.0
phi2_conv300,2509,24146296000.0,58968553703.0
phi2_conv300,2510,24146296000.0,58983117227.0
phi2_conv300,2511,24146296000.0,58997680751.0
phi2_conv300,2512,24146296000.0,59012244275.0
phi2_conv300,2513,24146296000.0,59026807799.0
phi2_conv300,2514,24146296000.0,59041371323.0
phi2_conv300,2515,24146296000.0,59055934847.0
phi2_conv300,2516,24146296000.0,59070498371.0
phi2_conv300,2517,24146296000.0,59085061895.0
phi2_conv300,2518,24146296000.0,59099625419.0
phi2_conv300,2519,24146296000.0,59114188943.0
phi2_conv300,2520,24146296000.0,59128752467.0
phi2_conv300,2521,24146296000.0,59143315991.0
phi2_conv300,2522,24146296000.0,59157879515.0
phi2_conv300,2523,24146296000.0,59174968479.0
phi2_conv300,2524,24146296000.0,59192057443.0
phi2_conv300,2525,24146296000.0,59209146407.0
phi2_conv300,2526,24146296000.0,59226235371.0
phi2_conv300,2527,24146296000.0,59243324335.0
phi2_conv300,2528,24146296000.0,59260413299.0
phi2_conv300,2529,24146296000.0,59277502263.0
phi2_conv300,2530,24146296000.0,59294591227.0
phi2_conv300,2531,24146296000.0,59311680191.0
phi2_conv300,2532,24146296000.0,59328769155.0
phi2_conv300,2533,24146296000.0,59345858119.0
phi2_conv300,2534,24146296000.0,59362947083.0
phi2_conv300,2535,24146296000.0,59380036047.0
phi2_conv300,2536,24146296000.0,59397125011.0
phi2_conv300,2537,24146296000.0,59414213975.0
phi2_conv300,2538,24146296000.0,59431302939.0
phi2_conv300,2539,24146296000.0,59448391903.0
phi2_conv300,2540,24146296000.0,59465480867.0
phi2_conv300,2541,24146296000.0,59482569831.0
phi2_conv300,2542,24146296000.0,59499658795.0
phi2_conv300,2543,24146296000.0,59516747759.0
phi2_conv300,2544,24146296000.0,59533836723.0
phi2_conv300,2545,24146296000.0,59550925687.0
phi2_conv300,2546,24146296000.0,59568014651.0
phi2_conv300,2547,24146296000.0,59585103615.0
phi2_conv300,2548,24146296000.0,59602192579.0
phi2_conv300,2549,24146296000.0,59619281543.0
phi2_conv300,2550,24146296000.0,59636370507.0
phi2_conv300,2551,24146296000.0,59653459471.0
phi2_conv300,2552,24146296000.0,59670548435.0
phi2_conv300,2553,24146296000.0,59687637399.0
phi2_conv300,2554,24146296000.0,59704726363.0
phi2_conv300,2555,24146296000.0,59721815327.0
phi2_conv300,2556,24146296000.0,59738904291.0
phi2_conv300,2557,24146296000.0,59755993255.0
phi2_conv300,2558,24146296000.0,59773082219.0
phi2_conv300,2559,24146296000.0,59790171183.0
phi2_conv300,2560,24146296000.0,59807260147.0
phi2_conv300,2561,24146296000.0,59824349111.0
phi2_conv300,2562,24146296000.0,59841438075.0
phi2_conv300,2563,24146296000.0,59858527039.0
phi2_conv300,2564,24146296000.0,59875616003.0
phi2_conv300,2565,24146296000.0,59892704967.0
phi2_conv300,2566,24146296000.0,59909793931.0
phi2_conv300,2567,24146296000.0,59926882895.0
phi2_conv300,2568,24146296000.0,59943971859.0
phi2_conv300,2569,24146296000.0,59961060823.0
phi2_conv300,2570,24146296000.0,59978149787.0
phi2_conv300,2571,24146296000.0,59995238751.0
phi2_conv300,2572,24146296000.0,60012327715.0
phi2_conv300,2573,24146296000.0,60029416679.0
phi2_conv300,2574,24146296000.0,60046505643.0
phi2_conv300,2575,24146296000.0,60063594607.0
phi2_conv300,2576,24146296000.0,60080683571.0
phi2_conv300,2577,24146296000.0,60097772535.0
phi2_conv300,2578,24146296000.0,60114861499.0
phi2_conv300,2579,24146296000.0,60131950463.0
phi2_conv300,2580,24146296000.0,60149039427.0
phi2_conv300,2581,24146296000.0,60166128391.0
phi2_conv300,2582,24146296000.0,60183217355.0
phi2_conv300,2583,24146296000.0,60200306319.0
phi2_conv300,2584,24146296000.0,60217395283.0
phi2_conv300,2585,24146296000.0,60234484247.0
phi2_conv300,2586,24146296000.0,60251573211.0
phi2_conv300,2587,24146296000.0,60268662175.0
phi2_conv300,2588,24146296000.0,60285751139.0
phi2_conv300,2589,24146296000.0,60302840103.0
phi2_conv300,2590,24146296000.0,60319929067.0
phi2_conv300,2591,24146296000.0,60337018031.0
phi2_conv300,2592,24146296000.0,60354106995.0
phi2_conv300,2593,24146296000.0,60371195959.0
phi2_conv300,2594,24146296000.0,60388284923.0
phi2_conv300,2595,24146296000.0,60405373887.0
phi2_conv300,2596,24146296000.0,60422462851.0
phi2_conv300,2597,24146296000.0,60439551815.0
phi2_conv300,2598,24146296000.0,60456640779.0
phi2_conv300,2599,24146296000.0,60473729743.0
phi2_conv300,2600,24146296000.0,60490818707.0
phi2_conv300,2601,24146296000.0,60507907671.0
phi2_conv300,2602,24146296000.0,60524996635.0
phi2_conv300,2603,24146296000.0,60542085599.0
phi2_conv300,2604,24146296000.0,60559174563.0
phi2_conv300,2605,24146296000.0,60576263527.0
phi2_conv300,2606,24146296000.0,60593352491.0
phi2_conv300,2607,24146296000.0,60610441455.0
phi2_conv300,2608,24146296000.0,60627530419.0
phi2_conv300,2609,24146296000.0,60644619383.0
phi2_conv300,2610,24146296000.0,60661708347.0
phi2_conv300,2611,24146296000.0,60678797311.0
phi2_conv300,2612,24146296000.0,60695886275.0
phi2_conv300,2613,24146296000.0,60712975239.0
phi2_conv300,2614,24146296000.0,60730064203.0
phi2_conv300,2615,24146296000.0,60747153167.0
phi2_conv300,2616,24146296000.0,60764242131.0
phi2_conv300,2617,24146296000.0,60781331095.0
phi2_conv300,2618,24146296000.0,60798420059.0
phi2_conv300,2619,24146296000.0,60815509023.0
phi2_conv300,2620,24146296000.0,60832597987.0
phi2_conv300,2621,24146296000.0,60849686951.0
phi2_conv300,2622,24768385000.0,61096856554.0
phi2_conv300,2623,24768385000.0,61111508142.0
phi2_conv300,2624,24768385000.0,61126159730.0
phi2_conv300,2625,24768385000.0,61140811318.0
phi2_conv300,2626,24768385000.0,61155462906.0
phi2_conv300,2627,24768385000.0,61170114494.0
phi2_conv300,2628,24768385000.0,61184766082.0
phi2_conv300,2629,24768385000.0,61199417670.0
phi2_conv300,2630,24768385000.0,61214069258.0
phi2_conv300,2631,24768385000.0,61228720846.0
phi2_conv300,2632,24768385000.0,61243372434.0
phi2_conv300,2633,24768385000.0,61258024022.0
phi2_conv300,2634,24768385000.0,61272675610.0
phi2_conv300,2635,24768385000.0,61287327198.0
phi2_conv300,2636,24768385000.0,61301978786.0
phi2_conv300,2637,24768385000.0,61316630374.0
phi2_conv300,2638,24768385000.0,61331281962.0
phi2_conv300,2639,24768385000.0,61345933550.0
phi2_conv300,2640,24768385000.0,61360585138.0
phi2_conv300,2641,24768385000.0,61375236726.0
phi2_conv300,2642,24768385000.0,61389888314.0
phi2_conv300,2643,24768385000.0,61404539902.0
phi2_conv300,2644,24768385000.0,61419191490.0
phi2_conv300,2645,24894961000.0,61463479696.0
phi2_conv300,2646,24894961000.0,61470432340.0
phi2_conv300,2647,24894961000.0,61477384984.0
phi2_conv300,2648,24894961000.0,61484337628.0
phi2_conv300,2649,24894961000.0,61491290272.0
phi2_conv300,2650,24894961000.0,61498242916.0
phi2_conv300,2651,24894961000.0,61505195560.0
phi2_conv300,2652,24894961000.0,61512148204.0
phi2_conv300,2653,24894961000.0,61519100848.0
phi2_conv300,2654,24894961000.0,61526053492.0
phi2_conv300,2655,24894961000.0,61533006136.0
phi2_conv300,2656,24894961000.0,61539958780.0
phi2_conv300,2657,24894961000.0,61546911424.0
phi2_conv300,2658,24894961000.0,61553864068.0
phi2_conv300,2659,24894961000.0,61560816712.0
phi2_conv300,2660,24894961000.0,61567769356.0
phi2_conv300,2661,24894961000.0,61574722000.0
phi2_conv300,2662,24894961000.0,61581674644.0
phi2_conv300,2663,24894961000.0,61588627288.0
phi2_conv300,2664,24894961000.0,61595581980.0
phi2_conv300,2665,24894961000.0,61602536672.0
phi2_conv300,2666,24894961000.0,61609491364.0
phi2_conv300,2667,24894961000.0,61616448104.0
phi2_conv300,2668,24894961000.0,61623404844.0
phi2_conv300,2669,24894961000.0,61630361584.0
phi2_conv300,2670,24894961000.0,61645015220.0
phi2_conv300,2671,24894961000.0,61659668856.0
phi2_conv300,2672,24894961000.0,61674322492.0
phi2_conv300,2673,24894961000.0,61688976128.0
phi2_conv300,2674,24894961000.0,61703629764.0
phi2_conv300,2675,24894961000.0,61718283400.0
phi2_conv300,2676,24894961000.0,61732937036.0
phi2_conv300,2677,24894961000.0,61747590672.0
phi2_conv300,2678,24894961000.0,61762244308.0
phi2_conv300,2679,24894961000.0,61776897944.0
phi2_conv300,2680,24894961000.0,61791551580.0
phi2_conv300,2681,25081422000.0,61855014778.0
phi2_conv300,2682,25081422000.0,61861971518.0
phi2_conv300,2683,25081422000.0,61868928258.0
phi2_conv300,2684,25081422000.0,61875884998.0
phi2_conv300,2685,25081422000.0,61882841738.0
phi2_conv300,2686,25081422000.0,61889798478.0
phi2_conv300,2687,25081422000.0,61896755218.0
phi2_conv300,2688,25081422000.0,61903711958.0
phi2_conv300,2689,25081422000.0,61910668698.0
phi2_conv300,2690,25081422000.0,61917625438.0
phi2_conv300,2691,25081422000.0,61924582178.0
phi2_conv300,2692,25081422000.0,61931538918.0
phi2_conv300,2693,25081422000.0,61938495658.0
phi2_conv300,2694,25081422000.0,61945452398.0
phi2_conv300,2695,25081422000.0,61952409138.0
phi2_conv300,2696,25081422000.0,61959365878.0
phi2_conv300,2697,25081422000.0,61966322618.0
phi2_conv300,2698,25081422000.0,61973279358.0
phi2_conv300,2699,25081422000.0,61980236098.0
phi2_conv300,2700,25081422000.0,61987192838.0
phi2_conv300,2701,25081422000.0,61994149578.0
phi2_conv300,2702,25081422000.0,62001106318.0
phi2_conv300,2703,25081422000.0,62008063058.0
phi2_conv300,2704,25081422000.0,62015019798.0
phi2_conv300,2705,25081422000.0,62021976538.0
phi2_conv300,2706,25081422000.0,62028933278.0
phi2_conv300,2707,25081422000.0,62035890018.0
phi2_conv300,2708,25081422000.0,62042846758.0
phi2_conv300,2709,25223379000.0,62122775165.0
phi2_conv300,2710,25223379000.0,62129643841.0
phi2_conv300,2711,25223379000.0,62136512517.0
phi2_conv300,2712,25223379000.0,62143381193.0
phi2_conv300,2713,25249840000.0,62359307174.0
phi2_conv300,2714,25249840000.0,62619529347.0
phi2_conv300,2715,25249840000.0,62881315168.0
phi2_conv300,2716,25249840000.0,63230650941.0
phi2_conv300,2717,25249840000.0,63803539226.0
phi2_conv300,2718,25249840000.0,64242845687.0
phi2_conv300,2719,25249840000.0,64991377620.0
phi2_conv300,2720,25324254000.0,65532206995.0
phi2_conv300,2721,25324254000.0,65543130743.0
phi2_conv300,2722,25324254000.0,65546814299.0
phi2_conv300,2723,25324254000.0,65550497855.0
phi2_conv300,2724,25324254000.0,65554181411.0
phi2_conv300,2725,25324254000.0,65557864967.0
phi2_conv300,2726,25324254000.0,65561548523.0
phi2_conv300,2727,25324254000.0,65565232079.0
phi2_conv300,2728,25324254000.0,65568915635.0
phi2_conv300,2729,25324254000.0,65572599191.0
phi2_conv300,2730,25324254000.0,65576282747.0
phi2_conv300,2731,25324254000.0,65579966303.0
phi2_conv300,2732,25324254000.0,65583649859.0
phi2_conv300,2733,25324254000.0,65587333415.0
phi2_conv300,2734,25324254000.0,65591016971.0
phi2_conv300,2735,25324254000.0,65594700527.0
phi2_conv300,2736,25324254000.0,65598384083.0
phi2_conv300,2737,25249840000.0,65602015703.0
phi2_conv300,2738,25249840000.0,65605647323.0
phi2_conv300,2739,25249840000.0,65609278943.0
phi2_conv300,2740,25249840000.0,65612910563.0
phi2_conv300,2741,25249840000.0,65616542183.0
phi2_conv300,2742,25249840000.0,65620173803.0
phi2_conv300,2743,25249840000.0,65623805423.0
phi2_conv300,2744,25249840000.0,65627437043.0
phi2_conv300,2745,25249840000.0,65631068663.0
phi2_conv300,2746,25249840000.0,65634700283.0
phi2_conv300,2747,25249840000.0,65638331903.0
phi2_conv300,2748,25249840000.0,65641963523.0
phi2_conv300,2749,25249840000.0,65649442503.0
phi2_conv300,2750,25249840000.0,65656921483.0
phi2_conv300,2751,25249840000.0,65664400463.0
phi2_conv300,2752,25249840000.0,65671879443.0
phi2_conv300,2753,25249840000.0,65679358423.0
phi2_conv300,2754,25249840000.0,65686837403.0
phi2_conv300,2755,25249840000.0,65694316383.0
phi2_conv300,2756,25249840000.0,65701795363.0
phi2_conv300,2757,25249840000.0,65709274343.0
phi2_conv300,2758,25249840000.0,65716753323.0
phi2_conv300,2759,25249840000.0,65724232303.0
phi2_conv300,2760,25249840000.0,65731711283.0
phi2_conv300,2761,25249840000.0,65739190263.0
phi2_conv300,2762,25249840000.0,65746669243.0
phi2_conv300,2763,25249840000.0,65754148223.0
phi2_conv300,2764,25249840000.0,65761627203.0
phi2_conv300,2765,25249840000.0,65769106183.0
phi2_conv300,2766,25249840000.0,65776585163.0
phi2_conv300,2767,25249840000.0,65784064143.0
phi2_conv300,2768,25249840000.0,65791543123.0
phi2_conv300,2769,25249840000.0,65799022103.0
phi2_conv300,2770,25249840000.0,65806501083.0
phi2_conv300,2771,25249840000.0,65813980063.0
phi2_conv300,2772,25249840000.0,65821459043.0
phi2_conv300,2773,25249840000.0,65828938023.0
phi2_conv300,2774,25249840000.0,65836417003.0
phi2_conv300,2775,25249840000.0,65843895983.0
phi2_conv300,2776,25249840000.0,65851374963.0
phi2_conv300,2777,25249840000.0,65858853943.0
phi2_conv300,2778,25223379000.0,65873419515.0
phi2_conv300,2779,25223379000.0,65887985087.0
phi2_conv300,2780,25223379000.0,65902550659.0
phi2_conv300,2781,25223379000.0,65917116231.0
phi2_conv300,2782,25223379000.0,65931681803.0
phi2_conv300,2783,25223379000.0,65946247375.0
phi2_conv300,2784,25223379000.0,65960812947.0
phi2_conv300,2785,25223379000.0,65975378519.0
phi2_conv300,2786,25223379000.0,65989944091.0
phi2_conv300,2787,25223379000.0,66004509663.0
phi2_conv300,2788,25223379000.0,66019075235.0
phi2_conv300,2789,25223379000.0,66033640807.0
phi2_conv300,2790,25223379000.0,66048206379.0
phi2_conv300,2791,25223379000.0,66062771951.0
phi2_conv300,2792,25223379000.0,66077337523.0
phi2_conv300,2793,25223379000.0,66091903095.0
phi2_conv300,2794,25223379000.0,66106468667.0
phi2_conv300,2795,25223379000.0,66121034239.0
phi2_conv300,2796,25223379000.0,66135599811.0
phi2_conv300,2797,25223379000.0,66150165383.0
phi2_conv300,2798,25223379000.0,66164730955.0
phi2_conv300,2799,25223379000.0,66179296527.0
phi2_conv300,2800,25223379000.0,66193862099.0
phi2_conv300,2801,25223379000.0,66208427671.0
phi2_conv300,2802,25223379000.0,66222993243.0
phi2_conv300,2803,25223379000.0,66237558815.0
phi2_conv300,2804,25223379000.0,66252124387.0
phi2_conv300,2805,25223379000.0,66266689959.0
phi2_conv300,2806,25917107000.0,66448379202.0
phi2_conv300,2807,25917107000.0,66688784605.0
phi2_conv300,2808,25917107000.0,66827244929.0
phi2_conv300,2809,25917107000.0,66834293829.0
phi2_conv300,2810,25917107000.0,66841342729.0
phi2_conv300,2811,25917107000.0,66848391629.0
phi2_conv300,2812,25917107000.0,66855440529.0
phi2_conv300,2813,25917107000.0,66862489429.0
phi2_conv300,2814,25917107000.0,66869538329.0
phi2_conv300,2815,25917107000.0,66876587229.0
phi2_conv300,2816,25917107000.0,66883636129.0
phi2_conv300,2817,25917107000.0,66890685029.0
phi2_conv300,2818,25917107000.0,66897733929.0
phi2_conv300,2819,25917107000.0,66912479725.0
phi2_conv300,2820,25917107000.0,66927225521.0
phi2_conv300,2821,25917107000.0,66941971317.0
phi2_conv300,2822,25917107000.0,66956717113.0
phi2_conv300,2823,25917107000.0,66971462909.0
phi2_conv300,2824,25917107000.0,66986208705.0
phi2_conv300,2825,25917107000.0,67000954501.0
phi2_conv300,2826,25917107000.0,67015700297.0
phi2_conv300,2827,25917107000.0,67030446093.0
phi2_conv300,2828,25917107000.0,67045191889.0
phi2_conv300,2829,25917107000.0,67059937685.0
phi2_conv300,2830,25917107000.0,67074683481.0
phi2_conv300,2831,25917107000.0,67089429277.0
phi2_conv300,2832,25917107000.0,67104175073.0
phi2_conv300,2833,25917107000.0,67118920869.0
phi2_conv300,2834,25917107000.0,67133666665.0
phi2_conv300,2835,25917107000.0,67148412461.0
phi2_conv300,2836,25917107000.0,67163158257.0
phi2_conv300,2837,25917107000.0,67177904053.0
phi2_conv300,2838,25917107000.0,67192649849.0
phi2_conv300,2839,25917107000.0,67207395645.0
phi2_conv300,2840,25917107000.0,67222141441.0
phi2_conv300,2841,25917107000.0,67236887237.0
phi2_conv300,2842,25917107000.0,67251633033.0
phi2_conv300,2843,25917107000.0,67266378829.0
phi2_conv300,2844,25917107000.0,67281124625.0
phi2_conv300,2845,25917107000.0,67295870421.0
phi2_conv300,2846,25917107000.0,67310616217.0
phi2_conv300,2847,25917107000.0,67325362013.0
phi2_conv300,2848,25917107000.0,67340107809.0
phi2_conv300,2849,25917107000.0,67354853605.0
phi2_conv300,2850,25917107000.0,67369599401.0
phi2_conv300,2851,25917107000.0,67384345197.0
phi2_conv300,2852,25917107000.0,67399090993.0
phi2_conv300,2853,25917107000.0,67413836789.0
phi2_conv300,2854,25917107000.0,67428582585.0
phi2_conv300,2855,25917107000.0,67443328381.0
phi2_conv300,2856,25917107000.0,67458074177.0
phi2_conv300,2857,25917107000.0,67472819973.0
phi2_conv300,2858,25917107000.0,67487565769.0
phi2_conv300,2859,25917107000.0,67502311565.0
phi2_conv300,2860,25917107000.0,67517057361.0
phi2_conv300,2861,25917107000.0,67531803157.0
phi2_conv300,2862,25917107000.0,67546548953.0
phi2_conv300,2863,25917107000.0,67561294749.0
phi2_conv300,2864,25917107000.0,67576040545.0
phi2_conv300,2865,26254478000.0,67723726974.0
phi2_conv300,2866,26254478000.0,67730775874.0
phi2_conv300,2867,26254478000.0,67737824774.0
phi2_conv300,2868,26254478000.0,67744873674.0
phi2_conv300,2869,26254478000.0,67751922574.0
phi2_conv300,2870,26254478000.0,67758971474.0
phi2_conv300,2871,26254478000.0,67766020374.0
phi2_conv300,2872,26254478000.0,67773069274.0
phi2_conv300,2873,26254478000.0,67780118174.0
phi2_conv300,2874,26254478000.0,67787167074.0
phi2_conv300,2875,26254478000.0,67794215974.0
phi2_conv300,2876,26254478000.0,67801264874.0
phi2_conv300,2877,26254478000.0,67808313774.0
phi2_conv300,2878,26254478000.0,67815362674.0
phi2_conv300,2879,26254478000.0,67822411574.0
phi2_conv300,2880,26254478000.0,67829460474.0
phi2_conv300,2881,26254478000.0,67836509374.0
phi2_conv300,2882,26254478000.0,67843558274.0
phi2_conv300,2883,26254478000.0,67850607174.0
phi2_conv300,2884,26254478000.0,67857656074.0
phi2_conv300,2885,26254478000.0,67864704974.0
phi2_conv300,2886,26254478000.0,67879450770.0
phi2_conv300,2887,26254478000.0,67894196566.0
phi2_conv300,2888,26254478000.0,67908942362.0
phi2_conv300,2889,26254478000.0,67923688158.0
phi2_conv300,2890,26254478000.0,67938433954.0
phi2_conv300,2891,26254478000.0,67953267814.0
phi2_conv300,2892,26407057000.0,68103866632.0
phi2_conv300,2893,26407057000.0,68111091660.0
phi2_conv300,2894,26407057000.0,68118316688.0
phi2_conv300,2895,26407057000.0,68125541716.0
phi2_conv300,2896,26407057000.0,68132766744.0
phi2_conv300,2897,26407057000.0,68139991772.0
phi2_conv300,2898,26407057000.0,68147216800.0
phi2_conv300,2899,26407057000.0,68154441828.0
phi2_conv300,2900,26461144000.0,68232502021.0
phi2_conv300,2901,26461144000.0,68235877641.0
phi2_conv300,2902,26461144000.0,68239253261.0
phi2_conv300,2903,26461144000.0,68242628881.0
phi2_conv300,2904,26461144000.0,68246004501.0
phi2_conv300,2905,26461144000.0,68249380121.0
phi2_conv300,2906,26461144000.0,68252757789.0
phi2_conv300,2907,26461144000.0,68256135457.0
phi2_conv300,2908,26461144000.0,68259513125.0
phi2_conv300,2909,26461144000.0,68262890793.0
phi2_conv300,2910,26461144000.0,68266268461.0
phi2_conv300,2911,26461144000.0,68269646129.0
phi2_conv300,2912,26461144000.0,68273023797.0
phi2_conv300,2913,26461144000.0,68276401465.0
phi2_conv300,2914,26461144000.0,68279779133.0
phi2_conv300,2915,26461144000.0,68283156801.0
phi2_conv300,2916,26461144000.0,68286534469.0
phi2_conv300,2917,26461144000.0,68289912137.0
phi2_conv300,2918,26461144000.0,68293289805.0
phi2_conv300,2919,26461144000.0,68296667473.0
phi2_conv300,2920,26461144000.0,68300045141.0
phi2_conv300,2921,26461144000.0,68303422809.0
phi2_conv300,2922,26461144000.0,68306800477.0
phi2_conv300,2923,26461144000.0,68310178145.0
phi2_conv300,2924,26461144000.0,68313555813.0
phi2_conv300,2925,26461144000.0,68316933481.0
phi2_conv300,2926,26461144000.0,68320311149.0
phi2_conv300,2927,26461144000.0,68323688817.0
phi2_conv300,2928,26461144000.0,68327066485.0
phi2_conv300,2929,26461144000.0,68334203449.0
phi2_conv300,2930,26461144000.0,68341340413.0
phi2_conv300,2931,26461144000.0,68348477377.0
phi2_conv300,2932,26461144000.0,68355614341.0
phi2_conv300,2933,26461144000.0,68362751305.0
phi2_conv300,2934,26461144000.0,68369888269.0
phi2_conv300,2935,26461144000.0,68377025233.0
phi2_conv300,2936,26461144000.0,68384162197.0
phi2_conv300,2937,26461144000.0,68391299161.0
phi2_conv300,2938,26461144000.0,68398436125.0
phi2_conv300,2939,26461144000.0,68405573089.0
phi2_conv300,2940,26461144000.0,68412710053.0
phi2_conv300,2941,26461144000.0,68419847017.0
phi2_conv300,2942,26461144000.0,68426983981.0
phi2_conv300,2943,26461144000.0,68434120945.0
phi2_conv300,2944,26461144000.0,68441257909.0
phi2_conv300,2945,26461144000.0,68448425593.0
phi2_conv300,2946,26461144000.0,68455593277.0
phi2_conv300,2947,26461144000.0,68462760961.0
phi2_conv300,2948,26461144000.0,68469928645.0
phi2_conv300,2949,26461144000.0,68477096329.0
phi2_conv300,2950,26461144000.0,68484264013.0
phi2_conv300,2951,26461144000.0,68491431697.0
phi2_conv300,2952,26461144000.0,68498599381.0
phi2_conv300,2953,26461144000.0,68505767065.0
phi2_conv300,2954,26461144000.0,68512934749.0
phi2_conv300,2955,26461144000.0,68520102433.0
phi2_conv300,2956,26461144000.0,68527270117.0
phi2_conv300,2957,26461144000.0,68534437801.0
phi2_conv300,2958,26461144000.0,68541605485.0
phi2_conv300,2959,26461144000.0,68548773169.0
phi2_conv300,2960,26461144000.0,68555940853.0
phi2_conv300,2961,26461144000.0,68563108537.0
phi2_conv300,2962,26461144000.0,68570276221.0
phi2_conv300,2963,26461144000.0,68577443905.0
phi2_conv300,2964,26461144000.0,68584611589.0
phi2_conv300,2965,26461144000.0,68591779273.0
phi2_conv300,2966,26461144000.0,68598946957.0
phi2_conv300,2967,26461144000.0,68606114641.0
phi2_conv300,2968,26461144000.0,68613282325.0
phi2_conv300,2969,26461144000.0,68620450009.0
phi2_conv300,2970,26461144000.0,68627617693.0
phi2_conv300,2971,26461144000.0,68634785377.0
phi2_conv300,2972,26461144000.0,68641953061.0
phi2_conv300,2973,26461144000.0,68649120745.0
phi2_conv300,2974,26461144000.0,68656288429.0
phi2_conv300,2975,26461144000.0,68663456113.0
phi2_conv300,2976,26461144000.0,68670623797.0
phi2_conv300,2977,26461144000.0,68677791481.0
phi2_conv300,2978,26461144000.0,68684959165.0
phi2_conv300,2979,26461144000.0,68692126849.0
phi2_conv300,2980,26461144000.0,68699294533.0
phi2_conv300,2981,26461144000.0,68706462217.0
phi2_conv300,2982,26461144000.0,68713629901.0
phi2_conv300,2983,26461144000.0,68720797585.0
phi2_conv300,2984,26461144000.0,68727965269.0
phi2_conv300,2985,26461144000.0,68735132953.0
phi2_conv300,2986,26461144000.0,68742300637.0
phi2_conv300,2987,26461144000.0,68749468321.0
phi2_conv300,2988,26461144000.0,68756636005.0
phi2_conv300,2989,26461144000.0,68763803689.0
phi2_conv300,2990,26461144000.0,68770971373.0
phi2_conv300,2991,26461144000.0,68778139057.0
phi2_conv300,2992,26461144000.0,68785306741.0
phi2_conv300,2993,26461144000.0,68792474425.0
phi2_conv300,2994,26461144000.0,68807250941.0
phi2_conv300,2995,26461144000.0,68822027457.0
phi2_conv300,2996,26461144000.0,68836803973.0
phi2_conv300,2997,26461144000.0,68851580489.0
phi2_conv300,2998,26461144000.0,68866357005.0
phi2_conv300,2999,26461144000.0,68881133521.0
phi2_conv300,3000,26461144000.0,68895910037.0
phi2_conv300,3001,26461144000.0,68910686553.0
phi2_conv300,3002,26461144000.0,68925463069.0
phi2_conv300,3003,26461144000.0,68940239585.0
phi2_conv300,3004,26461144000.0,68955016101.0
phi2_conv300,3005,26461144000.0,68969792617.0
phi2_conv300,3006,26461144000.0,68984569133.0
phi2_conv300,3007,26461144000.0,68999345649.0
phi2_conv300,3008,26461144000.0,69014122165.0
phi2_conv300,3009,26461144000.0,69028898681.0
phi2_conv300,3010,26461144000.0,69043675197.0
phi2_conv300,3011,26461144000.0,69058451713.0
phi2_conv300,3012,26461144000.0,69073228229.0
phi2_conv300,3013,26461144000.0,69088004745.0
phi2_conv300,3014,26461144000.0,69102781261.0
phi2_conv300,3015,26461144000.0,69117557777.0
phi2_conv300,3016,26461144000.0,69132334293.0
phi2_conv300,3017,26461144000.0,69147110809.0
phi2_conv300,3018,26461144000.0,69161887325.0
phi2_conv300,3019,26461144000.0,69176663841.0
phi2_conv300,3020,26461144000.0,69191440357.0
phi2_conv300,3021,26461144000.0,69206216873.0
phi2_conv300,3022,26461144000.0,69220993389.0
phi2_conv300,3023,26461144000.0,69235769905.0
phi2_conv300,3024,26461144000.0,69250546421.0
phi2_conv300,3025,26461144000.0,69265322937.0
phi2_conv300,3026,26461144000.0,69280099453.0
phi2_conv300,3027,26461144000.0,69294875969.0
phi2_conv300,3028,26461144000.0,69309652485.0
phi2_conv300,3029,26461144000.0,69324429001.0
phi2_conv300,3030,26461144000.0,69339205517.0
phi2_conv300,3031,26461144000.0,69353982033.0
phi2_conv300,3032,26461144000.0,69368758549.0
phi2_conv300,3033,26461144000.0,69383535065.0
phi2_conv300,3034,26461144000.0,69398311581.0
phi2_conv300,3035,26461144000.0,69413088097.0
phi2_conv300,3036,26461144000.0,69427864613.0
phi2_conv300,3037,26461144000.0,69442641129.0
phi2_conv300,3038,26461144000.0,69457417645.0
phi2_conv300,3039,26461144000.0,69472194161.0
phi2_conv300,3040,26461144000.0,69486970677.0
phi2_conv300,3041,26461144000.0,69501747193.0
phi2_conv300,3042,26461144000.0,69516523709.0
phi2_conv300,3043,26461144000.0,69531300225.0
phi2_conv300,3044,26461144000.0,69546076741.0
phi2_conv300,3045,26461144000.0,69560853257.0
phi2_conv300,3046,26461144000.0,69575629773.0
phi2_conv300,3047,26461144000.0,69590406289.0
phi2_conv300,3048,26461144000.0,69605182805.0
phi2_conv300,3049,26461144000.0,69619959321.0
phi2_conv300,3050,26461144000.0,69634735837.0
phi2_conv300,3051,26461144000.0,69649512353.0
phi2_conv300,3052,26461144000.0,69664288869.0
phi2_conv300,3053,26461144000.0,69679065385.0
phi2_conv300,3054,26461144000.0,69693841901.0
phi2_conv300,3055,26461144000.0,69708618417.0
phi2_conv300,3056,26461144000.0,69723394933.0
phi2_conv300,3057,26461144000.0,69738171449.0
phi2_conv300,3058,26461144000.0,69752947965.0
phi2_conv300,3059,26461144000.0,69767724481.0
phi2_conv300,3060,26461144000.0,69782500997.0
phi2_conv300,3061,27330266000.0,69846087075.0
phi2_conv300,3062,27330266000.0,69853166695.0
phi2_conv300,3063,27330266000.0,69860246315.0
phi2_conv300,3064,27330266000.0,69867325935.0
phi2_conv300,3065,27330266000.0,69874405555.0
phi2_conv300,3066,27330266000.0,69881485175.0
phi2_conv300,3067,27330266000.0,69888564795.0
phi2_conv300,3068,27330266000.0,69895644415.0
phi2_conv300,3069,27330266000.0,69902724035.0
phi2_conv300,3070,27330266000.0,69909803655.0
phi2_conv300,3071,27330266000.0,69916883275.0
phi2_conv300,3072,27330266000.0,69923962895.0
phi2_conv300,3073,27330266000.0,69931042515.0
phi2_conv300,3074,27330266000.0,69938122135.0
phi2_conv300,3075,27330266000.0,69945201755.0
phi2_conv300,3076,27330266000.0,69952281375.0
phi2_conv300,3077,27330266000.0,69959360995.0
phi2_conv300,3078,27330266000.0,69966440615.0
phi2_conv300,3079,27330266000.0,69973520235.0
phi2_conv300,3080,27330266000.0,69980599855.0
phi2_conv300,3081,27330266000.0,69987679475.0
phi2_conv300,3082,27330266000.0,69994759095.0
phi2_conv300,3083,27330266000.0,70001838715.0
phi2_conv300,3084,27330266000.0,70008918335.0
phi2_conv300,3085,27330266000.0,70015997955.0
phi2_conv300,3086,27330266000.0,70023077575.0
phi2_conv300,3087,27330266000.0,70030157195.0
phi2_conv300,3088,27330266000.0,70037236815.0
phi2_conv300,3089,27330266000.0,70044316435.0
phi2_conv300,3090,27330266000.0,70051396055.0
phi2_conv300,3091,27330266000.0,70058475675.0
phi2_conv300,3092,27330266000.0,70065555295.0
phi2_conv300,3093,27330266000.0,70072634915.0
phi2_conv300,3094,27330266000.0,70079714535.0
phi2_conv300,3095,27330266000.0,70086794155.0
phi2_conv300,3096,27330266000.0,70093873775.0
phi2_conv300,3097,27330266000.0,70100953395.0
phi2_conv300,3098,27330266000.0,70108033015.0
phi2_conv300,3099,27330266000.0,70115112635.0
phi2_conv300,3100,27330266000.0,70122192255.0
phi2_conv300,3101,27330266000.0,70129271875.0
phi2_conv300,3102,27552529000.0,70209323162.0
phi2_conv300,3103,27552529000.0,70212555422.0
phi2_conv300,3104,27552529000.0,70215787682.0
phi2_conv300,3105,27552529000.0,70219019942.0
phi2_conv300,3106,27552529000.0,70222252202.0
phi2_conv300,3107,27552529000.0,70225484462.0
phi2_conv300,3108,27552529000.0,70228716722.0
phi2_conv300,3109,27552529000.0,70231948982.0
phi2_conv300,3110,27552529000.0,70235181242.0
phi2_conv300,3111,27552529000.0,70238413502.0
phi2_conv300,3112,27552529000.0,70241645762.0
phi2_conv300,3113,27552529000.0,70244878022.0
phi2_conv300,3114,27552529000.0,70248198346.0
phi2_conv300,3115,27552529000.0,70251518670.0
phi2_conv300,3116,27552529000.0,70254838994.0
phi2_conv300,3117,27552529000.0,70261918614.0
phi2_conv300,3118,27552529000.0,70268998234.0
phi2_conv300,3119,27552529000.0,70276077854.0
phi2_conv300,3120,27552529000.0,70283157474.0
phi2_conv300,3121,27552529000.0,70290237094.0
phi2_conv300,3122,27552529000.0,70297316714.0
phi2_conv300,3123,27552529000.0,70304396334.0
phi2_conv300,3124,27552529000.0,70311475954.0
phi2_conv300,3125,27552529000.0,70318555574.0
phi2_conv300,3126,27552529000.0,70325635194.0
phi2_conv300,3127,27552529000.0,70332714814.0
phi2_conv300,3128,27552529000.0,70339794434.0
phi2_conv300,3129,27552529000.0,70346874054.0
phi2_conv300,3130,27552529000.0,70353953674.0
phi2_conv300,3131,27552529000.0,70361033294.0
phi2_conv300,3132,27552529000.0,70368112914.0
phi2_conv300,3133,27552529000.0,70375192534.0
phi2_conv300,3134,27552529000.0,70382272154.0
phi2_conv300,3135,27552529000.0,70389351774.0
phi2_conv300,3136,27552529000.0,70396431394.0
phi2_conv300,3137,27552529000.0,70403511014.0
phi2_conv300,3138,27552529000.0,70410590634.0
phi2_conv300,3139,27552529000.0,70417670254.0
phi2_conv300,3140,27552529000.0,70424749874.0
phi2_conv300,3141,27552529000.0,70431829494.0
phi2_conv300,3142,27552529000.0,70438909114.0
phi2_conv300,3143,27552529000.0,70445988734.0
phi2_conv300,3144,27552529000.0,70453068354.0
phi2_conv300,3145,27552529000.0,70460147974.0
phi2_conv300,3146,27552529000.0,70467227594.0
phi2_conv300,3147,27552529000.0,70474307214.0
phi2_conv300,3148,27552529000.0,70481386834.0
phi2_conv300,3149,27552529000.0,70488466454.0
phi2_conv300,3150,27552529000.0,70495546074.0
phi2_conv300,3151,27552529000.0,70502625694.0
phi2_conv300,3152,27552529000.0,70509705314.0
phi2_conv300,3153,27552529000.0,70516815654.0
phi2_conv300,3154,27552529000.0,70523925994.0
phi2_conv300,3155,27552529000.0,70531036334.0
phi2_conv300,3156,27552529000.0,70538146674.0
phi2_conv300,3157,27552529000.0,70545257014.0
phi2_conv300,3158,27552529000.0,70552367354.0
phi2_conv300,3159,27552529000.0,70559477694.0
phi2_conv300,3160,27552529000.0,70566588034.0
phi2_conv300,3161,27552529000.0,70573698374.0
phi2_conv300,3162,27552529000.0,70580808714.0
phi2_conv300,3163,27552529000.0,70587919054.0
phi2_conv300,3164,27552529000.0,70595029394.0
phi2_conv300,3165,27552529000.0,70602139734.0
phi2_conv300,3166,27552529000.0,70609250074.0
phi2_conv300,3167,27552529000.0,70616360414.0
phi2_conv300,3168,27552529000.0,70623470754.0
phi2_conv300,3169,27552529000.0,70630581094.0
phi2_conv300,3170,27552529000.0,70637691434.0
phi2_conv300,3171,27552529000.0,70644801774.0
phi2_conv300,3172,27552529000.0,70651912114.0
phi2_conv300,3173,27552529000.0,70659022454.0
phi2_conv300,3174,27552529000.0,70666132794.0
phi2_conv300,3175,27552529000.0,70673243134.0
phi2_conv300,3176,27552529000.0,70680353474.0
phi2_conv300,3177,27552529000.0,70687463814.0
phi2_conv300,3178,27552529000.0,70694574154.0
phi2_conv300,3179,27552529000.0,70701684494.0
phi2_conv300,3180,27552529000.0,70708794834.0
phi2_conv300,3181,27552529000.0,70715905174.0
phi2_conv300,3182,27552529000.0,70723015514.0
phi2_conv300,3183,27552529000.0,70730125854.0
phi2_conv300,3184,27552529000.0,70737236194.0
phi2_conv300,3185,27552529000.0,70744346534.0
phi2_conv300,3186,27552529000.0,70751456874.0
phi2_conv300,3187,27552529000.0,70758567214.0
phi2_conv300,3188,27552529000.0,70765677554.0
phi2_conv300,3189,27552529000.0,70772787894.0
phi2_conv300,3190,27552529000.0,70779898234.0
phi2_conv300,3191,27552529000.0,70787008574.0
phi2_conv300,3192,27552529000.0,70794118914.0
phi2_conv300,3193,27552529000.0,70801229254.0
phi2_conv300,3194,27552529000.0,70808339594.0
phi2_conv300,3195,27552529000.0,70815449934.0
phi2_conv300,3196,27552529000.0,70822560274.0
phi2_conv300,3197,27552529000.0,70829670614.0
phi2_conv300,3198,27552529000.0,70836780954.0
phi2_conv300,3199,27552529000.0,70843891294.0
phi2_conv300,3200,27552529000.0,70851001634.0
phi2_conv300,3201,27552529000.0,70858111974.0
phi2_conv300,3202,28090234000.0,70870074666.0
phi2_conv300,3203,28090234000.0,70873335598.0
phi2_conv300,3204,28090234000.0,70876596530.0
phi2_conv300,3205,28090234000.0,70879857462.0
phi2_conv300,3206,28090234000.0,70883118394.0
phi2_conv300,3207,28090234000.0,70886379326.0
phi2_conv300,3208,28090234000.0,70889640258.0
phi2_conv300,3209,28090234000.0,70896506886.0
phi2_conv300,3210,28090234000.0,70903373514.0
phi2_conv300,3211,28090234000.0,70910240142.0
phi2_conv300,3212,28090234000.0,70917106770.0
phi2_conv300,3213,28090234000.0,70923973398.0
phi2_conv300,3214,28090234000.0,70930840026.0
phi2_conv300,3215,28090234000.0,70937706654.0
phi2_conv300,3216,28090234000.0,70944573282.0
phi2_conv300,3217,28090234000.0,70951439910.0
phi2_conv300,3218,28090234000.0,70958306538.0
phi2_conv300,3219,28090234000.0,70965173166.0
phi2_conv300,3220,28090234000.0,70972039794.0
phi2_conv300,3221,28090234000.0,70978906422.0
phi2_conv300,3222,28090234000.0,70985773050.0
phi2_conv300,3223,28090234000.0,70992639678.0
phi2_conv300,3224,28090234000.0,70999506306.0
phi2_conv300,3225,28090234000.0,71006372934.0
phi2_conv300,3226,28090234000.0,71013239562.0
phi2_conv300,3227,28090234000.0,71020106190.0
phi2_conv300,3228,28090234000.0,71026972818.0
phi2_conv300,3229,28090234000.0,71033839446.0
phi2_conv300,3230,28090234000.0,71040706074.0
phi2_conv300,3231,28090234000.0,71047572702.0
phi2_conv300,3232,28090234000.0,71054439330.0
phi2_conv300,3233,28090234000.0,71061305958.0
phi2_conv300,3234,28090234000.0,71068172586.0
phi2_conv300,3235,28090234000.0,71075039214.0
phi2_conv300,3236,28090234000.0,71081905842.0
phi2_conv300,3237,28090234000.0,71088772470.0
phi2_conv300,3238,28090234000.0,71095639098.0
phi2_conv300,3239,28090234000.0,71102505726.0
phi2_conv300,3240,28090234000.0,71109372354.0
phi2_conv300,3241,28090234000.0,71116238982.0
phi2_conv300,3242,28090234000.0,71123105610.0
phi2_conv300,3243,28090234000.0,71129972238.0
phi2_conv300,3244,28090234000.0,71136838866.0
phi2_conv300,3245,28090234000.0,71143705494.0
phi2_conv300,3246,28090234000.0,71150572122.0
phi2_conv300,3247,28090234000.0,71157438750.0
phi2_conv300,3248,28090234000.0,71164305378.0
phi2_conv300,3249,28090234000.0,71171172006.0
phi2_conv300,3250,28090234000.0,71178038634.0
phi2_conv300,3251,28090234000.0,71184905262.0
phi2_conv300,3252,28090234000.0,71191771890.0
phi2_conv300,3253,28353357000.0,71436558583.0
phi2_conv300,3254,28353357000.0,71439665915.0
phi2_conv300,3255,28353357000.0,71442773247.0
phi2_conv300,3256,28353357000.0,71445880579.0
phi2_conv300,3257,28353357000.0,71448987911.0
phi2_conv300,3258,28353357000.0,71452095243.0
phi2_conv300,3259,28353357000.0,71455202575.0
phi2_conv300,3260,28353357000.0,71458309907.0
phi2_conv300,3261,28353357000.0,71461417239.0
phi2_conv300,3262,28353357000.0,71464524571.0
phi2_conv300,3263,28353357000.0,71467631903.0
phi2_conv300,3264,28353357000.0,71470739235.0
phi2_conv300,3265,28353357000.0,71473846567.0
phi2_conv300,3266,28353357000.0,71477041963.0
phi2_conv300,3267,28353357000.0,71480237359.0
phi2_conv300,3268,28353357000.0,71483432755.0
phi2_conv300,3269,28353357000.0,71486628151.0
phi2_conv300,3270,28353357000.0,71489823547.0
phi2_conv300,3271,28353357000.0,71493018943.0
phi2_conv300,3272,28353357000.0,71496214339.0
phi2_conv300,3273,28353357000.0,71499409735.0
phi2_conv300,3274,28353357000.0,71502605131.0
phi2_conv300,3275,28353357000.0,71505800527.0
phi2_conv300,3276,28353357000.0,71508995923.0
phi2_conv300,3277,28353357000.0,71512191319.0
phi2_conv300,3278,28353357000.0,71519146011.0
phi2_conv300,3279,28353357000.0,71526100703.0
phi2_conv300,3280,28353357000.0,71533055395.0
phi2_conv300,3281,28353357000.0,71540010087.0
phi2_conv300,3282,28353357000.0,71546964779.0
phi2_conv300,3283,28353357000.0,71553919471.0
phi2_conv300,3284,28353357000.0,71560874163.0
phi2_conv300,3285,28353357000.0,71567828855.0
phi2_conv300,3286,28353357000.0,71574783547.0
phi2_conv300,3287,28353357000.0,71581738239.0
phi2_conv300,3288,28353357000.0,71588692931.0
phi2_conv300,3289,28353357000.0,71595647623.0
phi2_conv300,3290,28353357000.0,71602602315.0
phi2_conv300,3291,28353357000.0,71609557007.0
phi2_conv300,3292,28353357000.0,71616511699.0
phi2_conv300,3293,28353357000.0,71623466391.0
phi2_conv300,3294,28578535000.0,71839478388.0
phi2_conv300,3295,28578535000.0,72099786577.0
phi2_conv300,3296,28607772000.0,72309448464.0
phi2_conv300,3297,28607772000.0,72537002511.0
phi2_conv300,3298,28607772000.0,72627815305.0
phi2_conv300,3299,28607772000.0,72631337069.0
phi2_conv300,3300,28607772000.0,72634858833.0
phi2_conv300,3301,28607772000.0,72638380597.0
phi2_conv300,3302,28607772000.0,72641902361.0
phi2_conv300,3303,28607772000.0,72645424125.0
phi2_conv300,3304,28607772000.0,72648945889.0
phi2_conv300,3305,28607772000.0,72652467653.0
phi2_conv300,3306,28607772000.0,72655989417.0
phi2_conv300,3307,28607772000.0,72659511181.0
phi2_conv300,3308,28607772000.0,72663032945.0
phi2_conv300,3309,28607772000.0,72666554709.0
phi2_conv300,3310,28607772000.0,72670164537.0
phi2_conv300,3311,28607772000.0,72673774365.0
phi2_conv300,3312,28607772000.0,72677384193.0
phi2_conv300,3313,28607772000.0,72680994021.0
phi2_conv300,3314,28607772000.0,72684603849.0
phi2_conv300,3315,28607772000.0,72688213677.0
phi2_conv300,3316,28607772000.0,72691823505.0
phi2_conv300,3317,28764379000.0,72851660654.0
phi2_conv300,3318,28764379000.0,72863894834.0
phi2_conv300,3319,28764379000.0,72867416598.0
phi2_conv300,3320,28764379000.0,72870938362.0
phi2_conv300,3321,28764379000.0,72874460126.0
phi2_conv300,3322,28764379000.0,72877981890.0
phi2_conv300,3323,28764379000.0,72881503654.0
phi2_conv300,3324,28764379000.0,72885025418.0
phi2_conv300,3325,28764379000.0,72888547182.0
phi2_conv300,3326,28764379000.0,72892068946.0
phi2_conv300,3327,28764379000.0,72895590710.0
phi2_conv300,3328,28764379000.0,72899112474.0
phi2_conv300,3329,28764379000.0,72902634238.0
phi2_conv300,3330,28764379000.0,72906156002.0
phi2_conv300,3331,28764379000.0,72909677766.0
phi2_conv300,3332,28764379000.0,72913199530.0
phi2_conv300,3333,28764379000.0,72916721294.0
phi2_conv300,3334,28764379000.0,72920243058.0
phi2_conv300,3335,28764379000.0,72923764822.0
phi2_conv300,3336,28764379000.0,72927286586.0
phi2_conv300,3337,28764379000.0,72930808350.0
phi2_conv300,3338,28764379000.0,72934332162.0
phi2_conv300,3339,28764379000.0,72937855974.0
phi2_conv300,3340,28764379000.0,72941379786.0
phi2_conv300,3341,28764379000.0,72944903598.0
phi2_conv300,3342,28764379000.0,72948427410.0
phi2_conv300,3343,28764379000.0,72951951222.0
phi2_conv300,3344,28764379000.0,72955475034.0
phi2_conv300,3345,28764379000.0,72958998846.0
phi2_conv300,3346,28764379000.0,72962522658.0
phi2_conv300,3347,28764379000.0,72966134534.0
phi2_conv300,3348,28764379000.0,72969746410.0
phi2_conv300,3349,28764379000.0,72973358286.0
phi2_conv300,3350,28764379000.0,72976970162.0
phi2_conv300,3351,28764379000.0,72980582038.0
phi2_conv300,3352,28764379000.0,72984193914.0
phi2_conv300,3353,28764379000.0,72987805790.0
phi2_conv300,3354,28764379000.0,72991417666.0
phi2_conv300,3355,28764379000.0,72995029542.0
phi2_conv300,3356,28764379000.0,72998641418.0
phi2_conv300,3357,28764379000.0,73002253294.0
phi2_conv300,3358,28764379000.0,73005865170.0
phi2_conv300,3359,28764379000.0,73009477046.0
phi2_conv300,3360,28764379000.0,73013088922.0
phi2_conv300,3361,28764379000.0,73016700798.0
phi2_conv300,3362,28764379000.0,73020312674.0
phi2_conv300,3363,28764379000.0,73023924550.0
phi2_conv300,3364,28764379000.0,73027536426.0
phi2_conv300,3365,28764379000.0,73031148302.0
phi2_conv300,3366,28764379000.0,73034760178.0
phi2_conv300,3367,28764379000.0,73038372054.0
phi2_conv300,3368,28764379000.0,73041983930.0
phi2_conv300,3369,28764379000.0,73045595806.0
phi2_conv300,3370,28764379000.0,73049207682.0
phi2_conv300,3371,28764379000.0,73052819558.0
phi2_conv300,3372,28764379000.0,73056431434.0
phi2_conv300,3373,28764379000.0,73060043310.0
phi2_conv300,3374,28764379000.0,73063655186.0
phi2_conv300,3375,28607772000.0,73067125014.0
phi2_conv300,3376,28607772000.0,73082081754.0
phi2_conv300,3377,28607772000.0,73097038494.0
phi2_conv300,3378,28607772000.0,73111995234.0
phi2_conv300,3379,28607772000.0,73126951974.0
phi2_conv300,3380,28607772000.0,73141908714.0
phi2_conv300,3381,28607772000.0,73156865454.0
phi2_conv300,3382,28607772000.0,73171822194.0
phi2_conv300,3383,28607772000.0,73186778934.0
phi2_conv300,3384,28607772000.0,73201735674.0
phi2_conv300,3385,28607772000.0,73216692414.0
phi2_conv300,3386,28607772000.0,73231649154.0
phi2_conv300,3387,28607772000.0,73246605894.0
phi2_conv300,3388,28607772000.0,73261562634.0
phi2_conv300,3389,28607772000.0,73276519374.0
phi2_conv300,3390,28607772000.0,73291476114.0
phi2_conv300,3391,28607772000.0,73306432854.0
phi2_conv300,3392,28607772000.0,73321389594.0
phi2_conv300,3393,28607772000.0,73336346334.0
phi2_conv300,3394,28607772000.0,73351303074.0
phi2_conv300,3395,28607772000.0,73366259814.0
phi2_conv300,3396,28607772000.0,73381216554.0
phi2_conv300,3397,28607772000.0,73396173294.0
phi2_conv300,3398,28607772000.0,73411130034.0
phi2_conv300,3399,28607772000.0,73426086774.0
phi2_conv300,3400,28607772000.0,73441043514.0
phi2_conv300,3401,28607772000.0,73456000254.0
phi2_conv300,3402,28607772000.0,73470956994.0
phi2_conv300,3403,28607772000.0,73485913734.0
phi2_conv300,3404,28607772000.0,73500870474.0
phi2_conv300,3405,28607772000.0,73515827214.0
phi2_conv300,3406,28607772000.0,73530783954.0
phi2_conv300,3407,28607772000.0,73545740694.0
phi2_conv300,3408,28607772000.0,73560697434.0
phi2_conv300,3409,28607772000.0,73575654174.0
phi2_conv300,3410,28607772000.0,73590610914.0
phi2_conv300,3411,28607772000.0,73605567654.0
phi2_conv300,3412,28607772000.0,73620524394.0
phi2_conv300,3413,28607772000.0,73635481134.0
phi2_conv300,3414,28607772000.0,73650437874.0
phi2_conv300,3415,28607772000.0,73665394614.0
phi2_conv300,3416,29340288000.0,73681295994.0
phi2_conv300,3417,29340288000.0,73688553790.0
phi2_conv300,3418,29340288000.0,73695811586.0
phi2_conv300,3419,29340288000.0,73703069382.0
phi2_conv300,3420,29340288000.0,73710327178.0
phi2_conv300,3421,29340288000.0,73717584974.0
phi2_conv300,3422,29340288000.0,73724842770.0
phi2_conv300,3423,29340288000.0,73732100566.0
phi2_conv300,3424,29340288000.0,73739358362.0
phi2_conv300,3425,29340288000.0,73746616158.0
phi2_conv300,3426,29340288000.0,73753873954.0
phi2_conv300,3427,29340288000.0,73761131750.0
phi2_conv300,3428,29340288000.0,73768389546.0
phi2_conv300,3429,29340288000.0,73775647342.0
phi2_conv300,3430,29340288000.0,73782905138.0
phi2_conv300,3431,29340288000.0,73790162934.0
phi2_conv300,3432,28607772000.0,73805119674.0
phi2_conv300,3433,28607772000.0,73820076414.0
phi2_conv300,3434,28607772000.0,73835033154.0
phi2_conv300,3435,28607772000.0,73849989894.0
phi2_conv300,3436,28607772000.0,73864946634.0
phi2_conv300,3437,28607772000.0,73879903374.0
phi2_conv300,3438,28607772000.0,73894860114.0
phi2_conv300,3439,28607772000.0,73909816854.0
phi2_conv300,3440,28607772000.0,73924773594.0
phi2_conv300,3441,28607772000.0,73939730334.0
phi2_conv300,3442,28607772000.0,73954687074.0
phi2_conv300,3443,28607772000.0,73969643814.0
phi2_conv300,3444,28607772000.0,73984600554.0
phi2_conv300,3445,28607772000.0,73999557294.0
phi2_conv300,3446,28607772000.0,74014514034.0
phi2_conv300,3447,28607772000.0,74029470774.0
phi2_conv300,3448,28607772000.0,74044458234.0
phi2_conv300,3449,28607772000.0,74059445694.0
phi2_conv300,3450,28607772000.0,74074433154.0
phi2_conv300,3451,28607772000.0,74089420614.0
phi2_conv300,3452,28607772000.0,74104408074.0
phi2_conv300,3453,28607772000.0,74119395534.0
phi2_conv300,3454,28607772000.0,74136666770.0
phi2_conv300,3455,28607772000.0,74153938006.0
phi2_conv300,3456,28607772000.0,74171209242.0
phi2_conv300,3457,28607772000.0,74188480478.0
phi2_conv300,3458,28607772000.0,74205751714.0
phi2_conv300,3459,28607772000.0,74223022950.0
phi2_conv300,3460,28607772000.0,74240294186.0
phi2_conv300,3461,28607772000.0,74257565422.0
phi2_conv300,3462,28607772000.0,74274836658.0
phi2_conv300,3463,28607772000.0,74292107894.0
phi2_conv300,3464,28607772000.0,74309379130.0
phi2_conv300,3465,28607772000.0,74326650366.0
phi2_conv300,3466,28607772000.0,74343921602.0
phi2_conv300,3467,28607772000.0,74361192838.0
phi2_conv300,3468,28607772000.0,74378464074.0
phi2_conv300,3469,28607772000.0,74395735310.0
phi2_conv300,3470,28607772000.0,74413006546.0
phi2_conv300,3471,28607772000.0,74430277782.0
phi2_conv300,3472,28607772000.0,74447549018.0
phi2_conv300,3473,28607772000.0,74464820254.0
phi2_conv300,3474,28607772000.0,74482091490.0
phi2_conv300,3475,28607772000.0,74499362726.0
phi2_conv300,3476,28607772000.0,74516633962.0
phi2_conv300,3477,28607772000.0,74533905198.0
phi2_conv300,3478,28607772000.0,74551176434.0
phi2_conv300,3479,28607772000.0,74568447670.0
phi2_conv300,3480,29686078000.0,74969979151.0
phi2_conv300,3481,29686078000.0,75415810920.0
phi2_conv300,3482,29686078000.0,75949720001.0
phi2_conv300,3483,29686078000.0,76484675610.0
phi2_conv300,3484,29686078000.0,77063129715.0
phi2_conv300,3485,29686078000.0,77816191180.0
phi2_conv300,3486,29686078000.0,78570299173.0
phi2_conv300,3487,29686078000.0,79141810520.0
phi2_conv300,3488,29686078000.0,79157166620.0
phi2_conv300,3489,29686078000.0,79172522720.0
phi2_conv300,3490,29686078000.0,79187878820.0
phi2_conv300,3491,29686078000.0,79203234920.0
phi2_conv300,3492,29686078000.0,79218591020.0
phi2_conv300,3493,29686078000.0,79233947120.0
phi2_conv300,3494,29686078000.0,79249303220.0
phi2_conv300,3495,29686078000.0,79264659320.0
phi2_conv300,3496,29686078000.0,79280015420.0
phi2_conv300,3497,29686078000.0,79295371520.0
phi2_conv300,3498,29686078000.0,79310727620.0
phi2_conv300,3499,29686078000.0,79326083720.0
phi2_conv300,3500,29686078000.0,79341439820.0
phi2_conv300,3501,29686078000.0,79356795920.0
phi2_conv300,3502,29686078000.0,79372152020.0
phi2_conv300,3503,29686078000.0,79387508120.0
phi2_conv300,3504,29686078000.0,79402864220.0
phi2_conv300,3505,29686078000.0,79418220320.0
phi2_conv300,3506,29686078000.0,79433576420.0
phi2_conv300,3507,29686078000.0,79448932520.0
phi2_conv300,3508,29686078000.0,79464288620.0
phi2_conv300,3509,29686078000.0,79479644720.0
phi2_conv300,3510,29686078000.0,79495000820.0
phi2_conv300,3511,29686078000.0,79510356920.0
phi2_conv300,3512,29686078000.0,79525713020.0
phi2_conv300,3513,29686078000.0,79541069120.0
phi2_conv300,3514,29686078000.0,79556425220.0
phi2_conv300,3515,29686078000.0,79571781320.0
phi2_conv300,3516,29686078000.0,79587137420.0
phi2_conv300,3517,29686078000.0,79602493520.0
phi2_conv300,3518,29686078000.0,79617849620.0
phi2_conv300,3519,29686078000.0,79633205720.0
phi2_conv300,3520,29686078000.0,79648561820.0
phi2_conv300,3521,29686078000.0,79663917920.0
phi2_conv300,3522,29686078000.0,79679274020.0
phi2_conv300,3523,29686078000.0,79694630120.0
phi2_conv300,3524,29686078000.0,79709986220.0
phi2_conv300,3525,29686078000.0,79725342320.0
phi2_conv300,3526,29686078000.0,79740698420.0
phi2_conv300,3527,29686078000.0,79756054520.0
phi2_conv300,3528,29686078000.0,79771410620.0
phi2_conv300,3529,29686078000.0,79786766720.0
phi2_conv300,3530,29686078000.0,79802122820.0
phi2_conv300,3531,29686078000.0,79817478920.0
phi2_conv300,3532,29686078000.0,79832835020.0
phi2_conv300,3533,29686078000.0,79848191120.0
phi2_conv300,3534,29686078000.0,79863547220.0
phi2_conv300,3535,29686078000.0,79878903320.0
phi2_conv300,3536,29686078000.0,79894259420.0
phi2_conv300,3537,28607772000.0,79911530656.0
phi2_conv300,3538,28607772000.0,79928801892.0
phi2_conv300,3539,28607772000.0,79946073128.0
phi2_conv300,3540,28607772000.0,79963344364.0
phi2_conv300,3541,30181499000.0,80108029608.0
phi2_conv300,3542,30181499000.0,80122775404.0
phi2_conv300,3543,30181499000.0,80137521200.0
phi2_conv300,3544,30181499000.0,80152266996.0
phi2_conv300,3545,30181499000.0,80167012792.0
phi2_conv300,3546,30181499000.0,80181758588.0
phi2_conv300,3547,30181499000.0,80196504384.0
phi2_conv300,3548,30181499000.0,80211250180.0
phi2_conv300,3549,30181499000.0,80225995976.0
phi2_conv300,3550,30181499000.0,80240741772.0
phi2_conv300,3551,30181499000.0,80255487568.0
phi2_conv300,3552,30181499000.0,80270233364.0
phi2_conv300,3553,30181499000.0,80284979160.0
phi2_conv300,3554,30181499000.0,80299724956.0
phi2_conv300,3555,30181499000.0,80314470752.0
phi2_conv300,3556,30181499000.0,80329216548.0
phi2_conv300,3557,30181499000.0,80343962344.0
phi2_conv300,3558,30181499000.0,80358708140.0
phi2_conv300,3559,30181499000.0,80373453936.0
phi2_conv300,3560,30181499000.0,80388287796.0
phi2_conv300,3561,30181499000.0,80403121656.0
phi2_conv300,3562,30181499000.0,80417955516.0
phi2_conv300,3563,30181499000.0,80432789376.0
phi2_conv300,3564,30181499000.0,80447623236.0
phi2_conv300,3565,30181499000.0,80462457096.0
phi2_conv300,3566,30181499000.0,80477290956.0
phi2_conv300,3567,30181499000.0,80492124816.0
phi2_conv300,3568,30181499000.0,80506958676.0
phi2_conv300,3569,30181499000.0,80521792536.0
phi2_conv300,3570,30181499000.0,80536626396.0
phi2_conv300,3571,30181499000.0,80551460256.0
phi2_conv300,3572,30181499000.0,80566294116.0
phi2_conv300,3573,30181499000.0,80581127976.0
phi2_conv300,3574,30181499000.0,80595961836.0
phi2_conv300,3575,30181499000.0,80610795696.0
phi2_conv300,3576,30181499000.0,80625629556.0
phi2_conv300,3577,30181499000.0,80640463416.0
phi2_conv300,3578,30181499000.0,80655297276.0
phi2_conv300,3579,30181499000.0,80670131136.0
phi2_conv300,3580,30181499000.0,80684964996.0
phi2_conv300,3581,30181499000.0,80699798856.0
phi2_conv300,3582,30181499000.0,80714632716.0
phi2_conv300,3583,30181499000.0,80729466576.0
phi2_conv300,3584,30181499000.0,80744300436.0
phi2_conv300,3585,30181499000.0,80759134296.0
phi2_conv300,3586,30181499000.0,80773968156.0
phi2_conv300,3587,30181499000.0,80788802016.0
phi2_conv300,3588,30181499000.0,80803635876.0
phi2_conv300,3589,30181499000.0,80818469736.0
phi2_conv300,3590,30181499000.0,80833303596.0
phi2_conv300,3591,30181499000.0,80848137456.0
phi2_conv300,3592,30181499000.0,80862971316.0
phi2_conv300,3593,30181499000.0,80877805176.0
phi2_conv300,3594,30181499000.0,80892639036.0
phi2_conv300,3595,30181499000.0,80907472896.0
phi2_conv300,3596,30181499000.0,80922306756.0
phi2_conv300,3597,30181499000.0,80937140616.0
phi2_conv300,3598,30181499000.0,80951974476.0
phi2_conv300,3599,30181499000.0,80966808336.0
phi2_conv300,3600,30181499000.0,80981642196.0
phi2_conv300,3601,30181499000.0,80996476056.0
phi2_conv300,3602,30181499000.0,81011309916.0
phi2_conv300,3603,30181499000.0,81026143776.0
phi2_conv300,3604,30181499000.0,81040977636.0
phi2_conv300,3605,30181499000.0,81055811496.0
phi2_conv300,3606,30181499000.0,81070645356.0
phi2_conv300,3607,30181499000.0,81085479216.0
phi2_conv300,3608,30181499000.0,81100313076.0
phi2_conv300,3609,30181499000.0,81115146936.0
phi2_conv300,3610,30181499000.0,81129980796.0
phi2_conv300,3611,30181499000.0,81144814656.0
phi2_conv300,3612,30181499000.0,81159648516.0
phi2_conv300,3613,30181499000.0,81174482376.0
phi2_conv300,3614,30181499000.0,81189316236.0
phi2_conv300,3615,30181499000.0,81204150096.0
phi2_conv300,3616,30181499000.0,81218983956.0
phi2_conv300,3617,30181499000.0,81233817816.0
phi2_conv300,3618,30181499000.0,81248651676.0
phi2_conv300,3619,30181499000.0,81263485536.0
phi2_conv300,3620,30181499000.0,81278319396.0
phi2_conv300,3621,30181499000.0,81293153256.0
phi2_conv300,3622,30181499000.0,81307987116.0
phi2_conv300,3623,30181499000.0,81322820976.0
phi2_conv300,3624,30181499000.0,81337654836.0
phi2_conv300,3625,30181499000.0,81352488696.0
phi2_conv300,3626,30181499000.0,81367322556.0
phi2_conv300,3627,30181499000.0,81382156416.0
phi2_conv300,3628,30181499000.0,81396990276.0
phi2_conv300,3629,30181499000.0,81411824136.0
phi2_conv300,3630,28607772000.0,81429095372.0
phi2_conv300,3631,28607772000.0,81446366608.0
phi2_conv300,3632,28607772000.0,81463637844.0
phi2_conv300,3633,28607772000.0,81480909080.0
phi2_conv300,3634,28607772000.0,81498180316.0
phi2_conv300,3635,28607772000.0,81515451552.0
phi2_conv300,3636,28607772000.0,81532722788.0
phi2_conv300,3637,28607772000.0,81549994024.0
phi2_conv300,3638,28607772000.0,81567265260.0
phi2_conv300,3639,28607772000.0,81584536496.0
phi2_conv300,3640,28607772000.0,81601807732.0
phi2_conv300,3641,28607772000.0,81619078968.0
phi2_conv300,3642,28607772000.0,81636350204.0
phi2_conv300,3643,28607772000.0,81653621440.0
phi2_conv300,3644,28607772000.0,81670892676.0
phi2_conv300,3645,28607772000.0,81688163912.0
phi2_conv300,3646,28607772000.0,81705435148.0
phi2_conv300,3647,28607772000.0,81722706384.0
phi2_conv300,3648,28607772000.0,81740008340.0
phi2_conv300,3649,28607772000.0,81757310296.0
phi2_conv300,3650,28607772000.0,81774612252.0
phi2_conv300,3651,28607772000.0,81791914208.0
phi2_conv300,3652,28607772000.0,81809216164.0
phi2_conv300,3653,28607772000.0,81826518120.0
phi2_conv300,3654,28607772000.0,81843820076.0
phi2_conv300,3655,28607772000.0,81861122032.0
phi2_conv300,3656,28607772000.0,81878423988.0
phi2_conv300,3657,28607772000.0,81895725944.0
phi2_conv300,3658,28607772000.0,81913027900.0
phi2_conv300,3659,28607772000.0,81930329856.0
phi2_conv300,3660,28607772000.0,81947631812.0
phi2_conv300,3661,28607772000.0,81964933768.0
phi2_conv300,3662,28607772000.0,81982235724.0
phi2_conv300,3663,28607772000.0,81999537680.0
phi2_conv300,3664,28607772000.0,82016839636.0
phi2_conv300,3665,28607772000.0,82034141592.0
phi2_conv300,3666,28607772000.0,82051443548.0
phi2_conv300,3667,28607772000.0,82068745504.0
phi2_conv300,3668,28607772000.0,82086047460.0
phi2_conv300,3669,28607772000.0,82103349416.0
phi2_conv300,3670,28607772000.0,82120651372.0
phi2_conv300,3671,28607772000.0,82137953328.0
phi2_conv300,3672,28607772000.0,82155255284.0
phi2_conv300,3673,28607772000.0,82172557240.0
phi2_conv300,3674,28607772000.0,82189859196.0
phi2_conv300,3675,28607772000.0,82207161152.0
phi2_conv300,3676,28607772000.0,82224463108.0
phi2_conv300,3677,28607772000.0,82241765064.0
phi2_conv300,3678,28607772000.0,82259067020.0
phi2_conv300,3679,28607772000.0,82276368976.0
phi2_conv300,3680,28607772000.0,82293670932.0
phi2_conv300,3681,28607772000.0,82310972888.0
phi2_conv300,3682,28607772000.0,82328274844.0
phi2_conv300,3683,28607772000.0,82345576800.0
phi2_conv300,3684,28607772000.0,82362878756.0
phi2_conv300,3685,28607772000.0,82380180712.0
phi2_conv300,3686,28607772000.0,82397482668.0
phi2_conv300,3687,28607772000.0,82414784624.0
phi2_conv300,3688,28607772000.0,82432086580.0
phi2_conv300,3689,28607772000.0,82449388536.0
phi2_conv300,3690,28607772000.0,82466690492.0
phi2_conv300,3691,28607772000.0,82483992448.0
phi2_conv300,3692,28607772000.0,82501294404.0
phi2_conv300,3693,28607772000.0,82518596360.0
phi2_conv300,3694,28607772000.0,82535898316.0
phi2_conv300,3695,28607772000.0,82553200272.0
phi2_conv300,3696,28607772000.0,82570502228.0
phi2_conv300,3697,28607772000.0,82587804184.0
phi2_conv300,3698,28607772000.0,82605106140.0
phi2_conv300,3699,28607772000.0,82622408096.0
phi2_conv300,3700,28607772000.0,82639710052.0
phi2_conv300,3701,28607772000.0,82657012008.0
phi2_conv300,3702,31269171000.0,82738338912.0
phi2_conv300,3703,31269171000.0,82755429924.0
phi2_conv300,3704,31269171000.0,82772520936.0
phi2_conv300,3705,31269171000.0,82789611948.0
phi2_conv300,3706,31269171000.0,82806702960.0
phi2_conv300,3707,31269171000.0,82823793972.0
phi2_conv300,3708,31269171000.0,82840884984.0
phi2_conv300,3709,31269171000.0,82857975996.0
phi2_conv300,3710,31269171000.0,82875067008.0
phi2_conv300,3711,31269171000.0,82892158020.0
phi2_conv300,3712,31269171000.0,82909249032.0
phi2_conv300,3713,31269171000.0,82926340044.0
phi2_conv300,3714,31269171000.0,82943431056.0
phi2_conv300,3715,31269171000.0,82960522068.0
phi2_conv300,3716,31269171000.0,82977613080.0
phi2_conv300,3717,31269171000.0,82994704092.0
phi2_conv300,3718,31269171000.0,83011795104.0
phi2_conv300,3719,31269171000.0,83028886116.0
phi2_conv300,3720,31269171000.0,83045977128.0
phi2_conv300,3721,31269171000.0,83063068140.0
phi2_conv300,3722,31269171000.0,83080159152.0
phi2_conv300,3723,31269171000.0,83097250164.0
phi2_conv300,3724,31269171000.0,83114341176.0
phi2_conv300,3725,31269171000.0,83131432188.0
phi2_conv300,3726,31269171000.0,83148523200.0
phi2_conv300,3727,31269171000.0,83165614212.0
phi2_conv300,3728,31269171000.0,83182705224.0
phi2_conv300,3729,31269171000.0,83199796236.0
phi2_conv300,3730,31269171000.0,83216887248.0
phi2_conv300,3731,31269171000.0,83233978260.0
phi2_conv300,3732,31269171000.0,83251069272.0
phi2_conv300,3733,31269171000.0,83268160284.0
phi2_conv300,3734,31269171000.0,83285251296.0
phi2_conv300,3735,31269171000.0,83302342308.0
phi2_conv300,3736,31269171000.0,83319433320.0
phi2_conv300,3737,31269171000.0,83336524332.0
phi2_conv300,3738,31269171000.0,83353615344.0
phi2_conv300,3739,31269171000.0,83370706356.0
phi2_conv300,3740,31269171000.0,83387797368.0
phi2_conv300,3741,31269171000.0,83404888380.0
phi2_conv300,3742,31269171000.0,83421979392.0
phi2_conv300,3743,31269171000.0,83439070404.0
phi2_conv300,3744,31269171000.0,83456161416.0
phi2_conv300,3745,31269171000.0,83473252428.0
phi2_conv300,3746,31269171000.0,83490343440.0
phi2_conv300,3747,31269171000.0,83507434452.0
phi2_conv300,3748,31269171000.0,83524525464.0
phi2_conv300,3749,31269171000.0,83541616476.0
phi2_conv300,3750,31269171000.0,83558707488.0
phi2_conv300,3751,31269171000.0,83575798500.0
phi2_conv300,3752,31269171000.0,83592889512.0
phi2_conv300,3753,31269171000.0,83609980524.0
phi2_conv300,3754,31269171000.0,83627071536.0
phi2_conv300,3755,31269171000.0,83644162548.0
phi2_conv300,3756,31269171000.0,83661253560.0
phi2_conv300,3757,31269171000.0,83678344572.0
phi2_conv300,3758,31269171000.0,83695435584.0
phi2_conv300,3759,31269171000.0,83712526596.0
phi2_conv300,3760,31269171000.0,83729617608.0
phi2_conv300,3761,31269171000.0,83746708620.0
phi2_conv300,3762,31269171000.0,83763799632.0
phi2_conv300,3763,31269171000.0,83780890644.0
phi2_conv300,3764,31269171000.0,83797981656.0
phi2_conv300,3765,31269171000.0,83815072668.0
phi2_conv300,3766,31269171000.0,83832163680.0
phi2_conv300,3767,31269171000.0,83849254692.0
phi2_conv300,3768,31269171000.0,83866345704.0
phi2_conv300,3769,31269171000.0,83883436716.0
phi2_conv300,3770,31269171000.0,83900527728.0
phi2_conv300,3771,31269171000.0,83917618740.0
phi2_conv300,3772,31269171000.0,83934709752.0
phi2_conv300,3773,31620490000.0,84336061009.0
phi2_conv300,3774,31620490000.0,84781712554.0
phi2_conv300,3775,31620490000.0,84812221582.0
phi2_conv300,3776,31620490000.0,84826967378.0
phi2_conv300,3777,31620490000.0,84841713174.0
phi2_conv300,3778,31620490000.0,84856458970.0
phi2_conv300,3779,31620490000.0,84871204766.0
phi2_conv300,3780,31620490000.0,84885950562.0
phi2_conv300,3781,31620490000.0,84900696358.0
phi2_conv300,3782,31620490000.0,84915442154.0
phi2_conv300,3783,31620490000.0,84930187950.0
phi2_conv300,3784,31620490000.0,84944933746.0
phi2_conv300,3785,31620490000.0,84959679542.0
phi2_conv300,3786,31620490000.0,84974425338.0
phi2_conv300,3787,31620490000.0,84989171134.0
phi2_conv300,3788,31620490000.0,85003916930.0
phi2_conv300,3789,31620490000.0,85018662726.0
phi2_conv300,3790,31620490000.0,85033408522.0
phi2_conv300,3791,31620490000.0,85048154318.0
phi2_conv300,3792,31620490000.0,85062900114.0
phi2_conv300,3793,31620490000.0,85077645910.0
phi2_conv300,3794,31620490000.0,85092391706.0
phi2_conv300,3795,31760229000.0,85246764928.0
phi2_conv300,3796,31760229000.0,85253901892.0
phi2_conv300,3797,31760229000.0,85261038856.0
phi2_conv300,3798,31760229000.0,85268175820.0
phi2_conv300,3799,31760229000.0,85275312784.0
phi2_conv300,3800,31760229000.0,85282449748.0
phi2_conv300,3801,31760229000.0,85289586712.0
phi2_conv300,3802,31760229000.0,85296723676.0
phi2_conv300,3803,31760229000.0,85303860640.0
phi2_conv300,3804,31760229000.0,85310997604.0
phi2_conv300,3805,31760229000.0,85318134568.0
phi2_conv300,3806,31760229000.0,85325271532.0
phi2_conv300,3807,31760229000.0,85332408496.0
phi2_conv300,3808,31760229000.0,85339545460.0
phi2_conv300,3809,31760229000.0,85346682424.0
phi2_conv300,3810,31760229000.0,85353819388.0
phi2_conv300,3811,31760229000.0,85360956352.0
phi2_conv300,3812,31760229000.0,85368093316.0
phi2_conv300,3813,31760229000.0,85375230280.0
phi2_conv300,3814,31760229000.0,85382367244.0
phi2_conv300,3815,31760229000.0,85389504208.0
phi2_conv300,3816,31760229000.0,85396641172.0
phi2_conv300,3817,31760229000.0,85403778136.0
phi2_conv300,3818,31760229000.0,85410915100.0
phi2_conv300,3819,31760229000.0,85418052064.0
phi2_conv300,3820,31760229000.0,85425189028.0
phi2_conv300,3821,31760229000.0,85432325992.0
phi2_conv300,3822,31917003000.0,85579870553.0
phi2_conv300,3823,31917003000.0,85583160157.0
phi2_conv300,3824,31917003000.0,85586449761.0
phi2_conv300,3825,31917003000.0,85589739365.0
phi2_conv300,3826,31917003000.0,85593028969.0
phi2_conv300,3827,31917003000.0,85596318573.0
phi2_conv300,3828,31917003000.0,85599608177.0
phi2_conv300,3829,31917003000.0,85602897781.0
phi2_conv300,3830,31917003000.0,85606187385.0
phi2_conv300,3831,31917003000.0,85609476989.0
phi2_conv300,3832,31917003000.0,85612766593.0
phi2_conv300,3833,31917003000.0,85616056197.0
phi2_conv300,3834,31917003000.0,85619433865.0
phi2_conv300,3835,31917003000.0,85622811533.0
phi2_conv300,3836,31917003000.0,85626189201.0
phi2_conv300,3837,31917003000.0,85629566869.0
phi2_conv300,3838,31917003000.0,85632944537.0
phi2_conv300,3839,31917003000.0,85636322205.0
phi2_conv300,3840,31917003000.0,85639699873.0
phi2_conv300,3841,31917003000.0,85643077541.0
phi2_conv300,3842,31917003000.0,85646455209.0
phi2_conv300,3843,31917003000.0,85649832877.0
phi2_conv300,3844,31917003000.0,85653210545.0
phi2_conv300,3845,31917003000.0,85656588213.0
phi2_conv300,3846,31917003000.0,85659965881.0
phi2_conv300,3847,31917003000.0,85663343549.0
phi2_conv300,3848,31917003000.0,85666721217.0
phi2_conv300,3849,31917003000.0,85670098885.0
phi2_conv300,3850,31917003000.0,85673476553.0
phi2_conv300,3851,31917003000.0,85676854221.0
phi2_conv300,3852,31917003000.0,85680231889.0
phi2_conv300,3853,31917003000.0,85683609557.0
phi2_conv300,3854,31917003000.0,85686987225.0
phi2_conv300,3855,31917003000.0,85690364893.0
phi2_conv300,3856,31917003000.0,85693742561.0
phi2_conv300,3857,31917003000.0,85697120229.0
phi2_conv300,3858,31917003000.0,85700497897.0
phi2_conv300,3859,31917003000.0,85703875565.0
phi2_conv300,3860,31917003000.0,85707253233.0
phi2_conv300,3861,31917003000.0,85710630901.0
phi2_conv300,3862,31917003000.0,85714008569.0
phi2_conv300,3863,31917003000.0,85717386237.0
phi2_conv300,3864,31917003000.0,85720763905.0
phi2_conv300,3865,31917003000.0,85724141573.0
phi2_conv300,3866,31917003000.0,85727519241.0
phi2_conv300,3867,31917003000.0,85730896909.0
phi2_conv300,3868,31917003000.0,85734274577.0
phi2_conv300,3869,31917003000.0,85737652245.0
phi2_conv300,3870,31917003000.0,85741029913.0
phi2_conv300,3871,31917003000.0,85744407581.0
phi2_conv300,3872,31917003000.0,85747785249.0
phi2_conv300,3873,31917003000.0,85751162917.0
phi2_conv300,3874,31917003000.0,85754540585.0
phi2_conv300,3875,31917003000.0,85757918253.0
phi2_conv300,3876,31917003000.0,85761295921.0
phi2_conv300,3877,31917003000.0,85764673589.0
phi2_conv300,3878,31917003000.0,85768051257.0
phi2_conv300,3879,31917003000.0,85771428925.0
phi2_conv300,3880,31917003000.0,85774806593.0
phi2_conv300,3881,31917003000.0,85778184261.0
phi2_conv300,3882,31917003000.0,85781561929.0
phi2_conv300,3883,31917003000.0,85784939597.0
phi2_conv300,3884,31917003000.0,85788317265.0
phi2_conv300,3885,31917003000.0,85795542293.0
phi2_conv300,3886,31917003000.0,85802767321.0
phi2_conv300,3887,31917003000.0,85809992349.0
phi2_conv300,3888,31917003000.0,85817217377.0
phi2_conv300,3889,31917003000.0,85824442405.0
phi2_conv300,3890,31917003000.0,85831667433.0
phi2_conv300,3891,31917003000.0,85838892461.0
phi2_conv300,3892,31917003000.0,85846117489.0
phi2_conv300,3893,31917003000.0,85853342517.0
phi2_conv300,3894,31917003000.0,85860567545.0
phi2_conv300,3895,31917003000.0,85867792573.0
phi2_conv300,3896,31917003000.0,85875017601.0
phi2_conv300,3897,31917003000.0,85882242629.0
phi2_conv300,3898,31917003000.0,85889467657.0
phi2_conv300,3899,31917003000.0,85896692685.0
phi2_conv300,3900,31917003000.0,85903917713.0
phi2_conv300,3901,31917003000.0,85911142741.0
phi2_conv300,3902,31917003000.0,85918367769.0
phi2_conv300,3903,31917003000.0,85925592797.0
phi2_conv300,3904,31760229000.0,85940426657.0
phi2_conv300,3905,32388505000.000004,86122384188.0
phi2_conv300,3906,32388505000.000004,86363057879.0
phi2_conv300,3907,32388505000.000004,86366497947.0
phi2_conv300,3908,32388505000.000004,86373815135.0
phi2_conv300,3909,32388505000.000004,86381132323.0
phi2_conv300,3910,32388505000.000004,86388449511.0
phi2_conv300,3911,32388505000.000004,86395766699.0
phi2_conv300,3912,32388505000.000004,86403083887.0
phi2_conv300,3913,32388505000.000004,86410401075.0
phi2_conv300,3914,32388505000.000004,86417748983.0
phi2_conv300,3915,32388505000.000004,86425096891.0
phi2_conv300,3916,32388505000.000004,86432444799.0
phi2_conv300,3917,32388505000.000004,86439792707.0
phi2_conv300,3918,32388505000.000004,86447140615.0
phi2_conv300,3919,32388505000.000004,86454488523.0
phi2_conv300,3920,32388505000.000004,86461836431.0
phi2_conv300,3921,32388505000.000004,86469184339.0
phi2_conv300,3922,32388505000.000004,86476532247.0
phi2_conv300,3923,32388505000.000004,86483880155.0
phi2_conv300,3924,32388505000.000004,86491228063.0
phi2_conv300,3925,32388505000.000004,86498575971.0
phi2_conv300,3926,32388505000.000004,86513532711.0
phi2_conv300,3927,32388505000.000004,86528489451.0
phi2_conv300,3928,32388505000.000004,86543446191.0
phi2_conv300,3929,32388505000.000004,86558402931.0
phi2_conv300,3930,32388505000.000004,86573359671.0
phi2_conv300,3931,32388505000.000004,86588316411.0
phi2_conv300,3932,32388505000.000004,86603273151.0
phi2_conv300,3933,32388505000.000004,86618229891.0
phi2_conv300,3934,32388505000.000004,86633186631.0
phi2_conv300,3935,32388505000.000004,86648143371.0
phi2_conv300,3936,32388505000.000004,86663100111.0
phi2_conv300,3937,32388505000.000004,86678056851.0
phi2_conv300,3938,32388505000.000004,86693013591.0
phi2_conv300,3939,32388505000.000004,86707970331.0
phi2_conv300,3940,32388505000.000004,86722927071.0
phi2_conv300,3941,32388505000.000004,86737883811.0
phi2_conv300,3942,32388505000.000004,86752840551.0
phi2_conv300,3943,32388505000.000004,86767797291.0
phi2_conv300,3944,32388505000.000004,86782754031.0
phi2_conv300,3945,32388505000.000004,86797710771.0
phi2_conv300,3946,32388505000.000004,86812667511.0
phi2_conv300,3947,32388505000.000004,86827624251.0
phi2_conv300,3948,32388505000.000004,86842580991.0
phi2_conv300,3949,32388505000.000004,86857537731.0
phi2_conv300,3950,32388505000.000004,86872494471.0
phi2_conv300,3951,32388505000.000004,86887451211.0
phi2_conv300,3952,32388505000.000004,86902407951.0
phi2_conv300,3953,32388505000.000004,86917364691.0
phi2_conv300,3954,32388505000.000004,86932321431.0
phi2_conv300,3955,32388505000.000004,86947278171.0
phi2_conv300,3956,32388505000.000004,86962234911.0
phi2_conv300,3957,32388505000.000004,86977191651.0
phi2_conv300,3958,32388505000.000004,86992148391.0
phi2_conv300,3959,32388505000.000004,87007105131.0
phi2_conv300,3960,32388505000.000004,87022061871.0
phi2_conv300,3961,32388505000.000004,87037018611.0
phi2_conv300,3962,32388505000.000004,87051975351.0
phi2_conv300,3963,32388505000.000004,87066932091.0
phi2_conv300,3964,32388505000.000004,87081888831.0
phi2_conv300,3965,32388505000.000004,87096845571.0
phi2_conv300,3966,32388505000.000004,87111802311.0
phi2_conv300,3967,32388505000.000004,87126759051.0
phi2_conv300,3968,32388505000.000004,87141715791.0
phi2_conv300,3969,32388505000.000004,87156672531.0
phi2_conv300,3970,32388505000.000004,87171629271.0
phi2_conv300,3971,32388505000.000004,87186586011.0
phi2_conv300,3972,32388505000.000004,87201542751.0
phi2_conv300,3973,32388505000.000004,87216499491.0
phi2_conv300,3974,32388505000.000004,87231456231.0
phi2_conv300,3975,32388505000.000004,87246412971.0
phi2_conv300,3976,32388505000.000004,87261369711.0
phi2_conv300,3977,32388505000.000004,87276326451.0
phi2_conv300,3978,32388505000.000004,87291283191.0
phi2_conv300,3979,32388505000.000004,87306239931.0
phi2_conv300,3980,32388505000.000004,87321196671.0
phi2_conv300,3981,32388505000.000004,87336153411.0
phi2_conv300,3982,32388505000.000004,87351110151.0
phi2_conv300,3983,32388505000.000004,87366066891.0
phi2_conv300,3984,32388505000.000004,87381023631.0
phi2_conv300,3985,32388505000.000004,87395980371.0
phi2_conv300,3986,32388505000.000004,87410937111.0
phi2_conv300,3987,32388505000.000004,87425893851.0
phi2_conv300,3988,32388505000.000004,87440850591.0
phi2_conv300,3989,32388505000.000004,87455807331.0
phi2_conv300,3990,32388505000.000004,87470764071.0
phi2_conv300,3991,32388505000.000004,87485720811.0
phi2_conv300,3992,32388505000.000004,87500677551.0
phi2_conv300,3993,32388505000.000004,87515634291.0
phi2_conv300,3994,32388505000.000004,87530591031.0
phi2_conv300,3995,32388505000.000004,87545547771.0
phi2_conv300,3996,32388505000.000004,87560504511.0
phi2_conv300,3997,32388505000.000004,87575461251.0
phi2_conv300,3998,32388505000.000004,87590417991.0
phi2_conv300,3999,32388505000.000004,87605374731.0
phi2_conv300,4000,32388505000.000004,87620331471.0
phi2_conv300,4001,32388505000.000004,87635288211.0
phi2_conv300,4002,32388505000.000004,87650244951.0
phi2_conv300,4003,32388505000.000004,87665201691.0
phi2_conv300,4004,32388505000.000004,87680158431.0
phi2_conv300,4005,32388505000.000004,87695115171.0
phi2_conv300,4006,32388505000.000004,87710071911.0
phi2_conv300,4007,32388505000.000004,87725028651.0
phi2_conv300,4008,32388505000.000004,87739985391.0
phi2_conv300,4009,32388505000.000004,87754942131.0
phi2_conv300,4010,32388505000.000004,87769898871.0
phi2_conv300,4011,32388505000.000004,87784855611.0
phi2_conv300,4012,32388505000.000004,87799812351.0
phi2_conv300,4013,32388505000.000004,87814769091.0
phi2_conv300,4014,32388505000.000004,87829725831.0
phi2_conv300,4015,32388505000.000004,87844682571.0
phi2_conv300,4016,32388505000.000004,87859639311.0
phi2_conv300,4017,32388505000.000004,87874596051.0
phi2_conv300,4018,32388505000.000004,87889552791.0
phi2_conv300,4019,32388505000.000004,87904509531.0
phi2_conv300,4020,32388505000.000004,87919466271.0
phi2_conv300,4021,32388505000.000004,87934423011.0
phi2_conv300,4022,32388505000.000004,87949379751.0
phi2_conv300,4023,32388505000.000004,87964336491.0
phi2_conv300,4024,32388505000.000004,87979293231.0
phi2_conv300,4025,32388505000.000004,87994249971.0
phi2_conv300,4026,32388505000.000004,88009206711.0
phi2_conv300,4027,32388505000.000004,88024163451.0
phi2_conv300,4028,32388505000.000004,88039120191.0
phi2_conv300,4029,32388505000.000004,88054076931.0
phi2_conv300,4030,32388505000.000004,88069033671.0
phi2_conv300,4031,32388505000.000004,88083990411.0
phi2_conv300,4032,32388505000.000004,88098947151.0
phi2_conv300,4033,32388505000.000004,88113903891.0
phi2_conv300,4034,32388505000.000004,88128860631.0
phi2_conv300,4035,32388505000.000004,88143817371.0
phi2_conv300,4036,32388505000.000004,88158774111.0
phi2_conv300,4037,32388505000.000004,88173730851.0
phi2_conv300,4038,32388505000.000004,88188687591.0
phi2_conv300,4039,32388505000.000004,88203644331.0
phi2_conv300,4040,32388505000.000004,88218601071.0
phi2_conv300,4041,32388505000.000004,88233557811.0
phi2_conv300,4042,32388505000.000004,88248514551.0
phi2_conv300,4043,32388505000.000004,88263471291.0
phi2_conv300,4044,32388505000.000004,88278428031.0
phi2_conv300,4045,32388505000.000004,88293384771.0
phi2_conv300,4046,32388505000.000004,88308341511.0
phi2_conv300,4047,32388505000.000004,88323298251.0
phi2_conv300,4048,32388505000.000004,88338254991.0
phi2_conv300,4049,32388505000.000004,88353211731.0
phi2_conv300,4050,32388505000.000004,88368168471.0
phi2_conv300,4051,32388505000.000004,88383125211.0
phi2_conv300,4052,32388505000.000004,88398081951.0
phi2_conv300,4053,32388505000.000004,88413038691.0
phi2_conv300,4054,33235881999.999996,88595119102.0
phi2_conv300,4055,33235881999.999996,88832682395.0
phi2_conv300,4056,33235881999.999996,88840091743.0
phi2_conv300,4057,33235881999.999996,88847501091.0
phi2_conv300,4058,33235881999.999996,88854910439.0
phi2_conv300,4059,33235881999.999996,88862319787.0
phi2_conv300,4060,33235881999.999996,88869729135.0
phi2_conv300,4061,33235881999.999996,88877138483.0
phi2_conv300,4062,33235881999.999996,88884547831.0
phi2_conv300,4063,33235881999.999996,88891957179.0
phi2_conv300,4064,33235881999.999996,88899366527.0
phi2_conv300,4065,33235881999.999996,88906775875.0
phi2_conv300,4066,33235881999.999996,88914185223.0
phi2_conv300,4067,33235881999.999996,88921594571.0
phi2_conv300,4068,33235881999.999996,88929003919.0
phi2_conv300,4069,33235881999.999996,88936413267.0
phi2_conv300,4070,33235881999.999996,88943822615.0
phi2_conv300,4071,33235881999.999996,88951231963.0
phi2_conv300,4072,33235881999.999996,88958641311.0
phi2_conv300,4073,33235881999.999996,88966050659.0
phi2_conv300,4074,33235881999.999996,88973460007.0
phi2_conv300,4075,33235881999.999996,88980869355.0
phi2_conv300,4076,33235881999.999996,88988278703.0
phi2_conv300,4077,33235881999.999996,88995688051.0
phi2_conv300,4078,33235881999.999996,89003097399.0
phi2_conv300,4079,33235881999.999996,89010506747.0
phi2_conv300,4080,33413528000.0,89074229565.0
phi2_conv300,4081,33413528000.0,89077791553.0
phi2_conv300,4082,33413528000.0,89081353541.0
phi2_conv300,4083,33413528000.0,89084915529.0
phi2_conv300,4084,33413528000.0,89088477517.0
phi2_conv300,4085,33413528000.0,89092039505.0
phi2_conv300,4086,33413528000.0,89095601493.0
phi2_conv300,4087,33413528000.0,89099163481.0
phi2_conv300,4088,33413528000.0,89102725469.0
phi2_conv300,4089,33413528000.0,89106287457.0
phi2_conv300,4090,33413528000.0,89109849445.0
phi2_conv300,4091,33413528000.0,89113411433.0
phi2_conv300,4092,33491000999.999996,89340689000.0
phi2_conv300,4093,33491000999.999996,89530861023.0
phi2_conv300,4094,33526770000.0,89575927544.0
phi2_conv300,4095,33526770000.0,89588315324.0
phi2_conv300,4096,33526770000.0,89600703104.0
phi2_conv300,4097,33526770000.0,89613090884.0
phi2_conv300,4098,33526770000.0,89625478664.0
phi2_conv300,4099,33526770000.0,89637866444.0
phi2_conv300,4100,33526770000.0,89650254224.0
phi2_conv300,4101,33526770000.0,89662642004.0
phi2_conv300,4102,33526770000.0,89675060504.0
phi2_conv300,4103,33526770000.0,89687479004.0
phi2_conv300,4104,33526770000.0,89699897504.0
phi2_conv300,4105,33526770000.0,89712316004.0
phi2_conv300,4106,33526770000.0,89724734504.0
phi2_conv300,4107,33526770000.0,89737153004.0
phi2_conv300,4108,33526770000.0,89749571504.0
phi2_conv300,4109,33526770000.0,89761990004.0
phi2_conv300,4110,33526770000.0,89774408504.0
phi2_conv300,4111,33526770000.0,89786827004.0
phi2_conv300,4112,33526770000.0,89799245504.0
phi2_conv300,4113,33645713000.0,89965932471.0
phi2_conv300,4114,33645713000.0,89969897132.0
phi2_conv300,4115,33645713000.0,89973861793.0
phi2_conv300,4116,33645713000.0,89977826454.0
phi2_conv300,4117,33645713000.0,89981821835.0
phi2_conv300,4118,33645713000.0,89985817216.0
phi2_conv300,4119,33645713000.0,89989812597.0
phi2_conv300,4120,33645713000.0,89993807978.0
phi2_conv300,4121,33645713000.0,89997803359.0
phi2_conv300,4122,33645713000.0,90001829460.0
phi2_conv300,4123,33645713000.0,90005855561.0
phi2_conv300,4124,33645713000.0,90009881662.0
phi2_conv300,4125,33645713000.0,90013907763.0
phi2_conv300,4126,33645713000.0,90017933864.0
phi2_conv300,4127,33748702000.0,90209393734.0
phi2_conv300,4128,33748702000.0,90445141604.0
phi2_conv300,4129,33748702000.0,90671780002.0
phi2_conv300,4130,33748702000.0,90676088608.0
phi2_conv300,4131,33748702000.0,90680294933.0
phi2_conv300,4132,33748702000.0,90684501258.0
phi2_conv300,4133,33748702000.0,90688707583.0
phi2_conv300,4134,33825000000.000004,90736964253.0
phi2_conv300,4135,33825000000.000004,90741270811.0
phi2_conv300,4136,33825000000.000004,90745577369.0
phi2_conv300,4137,33825000000.000004,90749883927.0
phi2_conv300,4138,33825000000.000004,90754190485.0
phi2_conv300,4139,33825000000.000004,90758497043.0
phi2_conv300,4140,33825000000.000004,90762803601.0
phi2_conv300,4141,33825000000.000004,90767110159.0
phi2_conv300,4142,33825000000.000004,90771416717.0
phi2_conv300,4143,33825000000.000004,90775723275.0
phi2_conv300,4144,33825000000.000004,90780029833.0
phi2_conv300,4145,33825000000.000004,90784336391.0
phi2_conv300,4146,33825000000.000004,90788642949.0
phi2_conv300,4147,33825000000.000004,90792949507.0
phi2_conv300,4148,33932529000.000004,90973767260.0
phi2_conv300,4149,33932529000.000004,91207882165.0
phi2_conv300,4150,33932529000.000004,91366956618.0
phi2_conv300,4151,33932529000.000004,91371489985.0
phi2_conv300,4152,33932529000.000004,91376023352.0
phi2_conv300,4153,33932529000.000004,91380556719.0
phi2_conv300,4154,33932529000.000004,91385090086.0
phi2_conv300,4155,33932529000.000004,91389623453.0
phi2_conv300,4156,33932529000.000004,91394156820.0
phi2_conv300,4157,33932529000.000004,91398690187.0
phi2_conv300,4158,33932529000.000004,91403223554.0
phi2_conv300,4159,33932529000.000004,91407756921.0
phi2_conv300,4160,33932529000.000004,91412290288.0
phi2_conv300,4161,33932529000.000004,91416823655.0
phi2_conv300,4162,33932529000.000004,91421357022.0
phi2_conv300,4163,33932529000.000004,91425890389.0
phi2_conv300,4164,33932529000.000004,91430423756.0
phi2_conv300,4165,33932529000.000004,91434957123.0
phi2_conv300,4166,33932529000.000004,91439490490.0
phi2_conv300,4167,33932529000.000004,91444023857.0
phi2_conv300,4168,33932529000.000004,91448557224.0
phi2_conv300,4169,33932529000.000004,91452833062.0
phi2_conv300,4170,33932529000.000004,91457108900.0
phi2_conv300,4171,33932529000.000004,91461384738.0
phi2_conv300,4172,33932529000.000004,91465660576.0
phi2_conv300,4173,33932529000.000004,91469936414.0
phi2_conv300,4174,33932529000.000004,91474212252.0
phi2_conv300,4175,33932529000.000004,91478488090.0
phi2_conv300,4176,33932529000.000004,91482763928.0
phi2_conv300,4177,33932529000.000004,91487039766.0
phi2_conv300,4178,33932529000.000004,91491315604.0
phi2_conv300,4179,33932529000.000004,91495591442.0
phi2_conv300,4180,33932529000.000004,91499867280.0
phi2_conv300,4181,33932529000.000004,91504143118.0
phi2_conv300,4182,33932529000.000004,91508418956.0
phi2_conv300,4183,33932529000.000004,91512694794.0
phi2_conv300,4184,33932529000.000004,91516970632.0
phi2_conv300,4185,33932529000.000004,91521246470.0
phi2_conv300,4186,33932529000.000004,91525522308.0
phi2_conv300,4187,33932529000.000004,91529546361.0
phi2_conv300,4188,33932529000.000004,91533570414.0
phi2_conv300,4189,33932529000.000004,91537594467.0
phi2_conv300,4190,33932529000.000004,91541618520.0
phi2_conv300,4191,33932529000.000004,91545642573.0
phi2_conv300,4192,33932529000.000004,91549666626.0
phi2_conv300,4193,33932529000.000004,91553690679.0
phi2_conv300,4194,33932529000.000004,91557714732.0
phi2_conv300,4195,33932529000.000004,91561738785.0
phi2_conv300,4196,33932529000.000004,91565762838.0
phi2_conv300,4197,33932529000.000004,91569786891.0
phi2_conv300,4198,33932529000.000004,91573810944.0
phi2_conv300,4199,33932529000.000004,91577834997.0
phi2_conv300,4200,33932529000.000004,91581859050.0
phi2_conv300,4201,33932529000.000004,91585883103.0
phi2_conv300,4202,33932529000.000004,91589907156.0
phi2_conv300,4203,33932529000.000004,91593931209.0
phi2_conv300,4204,33932529000.000004,91597955262.0
phi2_conv300,4205,33932529000.000004,91601979315.0
phi2_conv300,4206,33932529000.000004,91606003368.0
phi2_conv300,4207,33932529000.000004,91610027421.0
phi2_conv300,4208,33932529000.000004,91614051474.0
phi2_conv300,4209,33932529000.000004,91618075527.0
phi2_conv300,4210,33932529000.000004,91622101628.0
phi2_conv300,4211,33932529000.000004,91626127729.0
phi2_conv300,4212,33932529000.000004,91630153830.0
phi2_conv300,4213,33932529000.000004,91634179931.0
phi2_conv300,4214,33932529000.000004,91638206032.0
phi2_conv300,4215,33932529000.000004,91642232133.0
phi2_conv300,4216,33932529000.000004,91646258234.0
phi2_conv300,4217,33932529000.000004,91650284335.0
phi2_conv300,4218,33932529000.000004,91654310436.0
phi2_conv300,4219,33932529000.000004,91658336537.0
phi2_conv300,4220,33932529000.000004,91662362638.0
phi2_conv300,4221,33932529000.000004,91666388739.0
phi2_conv300,4222,33932529000.000004,91670414840.0
phi2_conv300,4223,33932529000.000004,91674440941.0
phi2_conv300,4224,33932529000.000004,91678467042.0
phi2_conv300,4225,33932529000.000004,91682493143.0
phi2_conv300,4226,33932529000.000004,91686519244.0
phi2_conv300,4227,33932529000.000004,91690545345.0
phi2_conv300,4228,33932529000.000004,91694571446.0
phi2_conv300,4229,33932529000.000004,91698597547.0
phi2_conv300,4230,33932529000.000004,91702623648.0
phi2_conv300,4231,33932529000.000004,91706649749.0
phi2_conv300,4232,33932529000.000004,91710675850.0
phi2_conv300,4233,33932529000.000004,91714701951.0
phi2_conv300,4234,33932529000.000004,91718758772.0
phi2_conv300,4235,33932529000.000004,91722815593.0
phi2_conv300,4236,33932529000.000004,91726872414.0
phi2_conv300,4237,33932529000.000004,91730929235.0
phi2_conv300,4238,33932529000.000004,91734986056.0
phi2_conv300,4239,33932529000.000004,91739042877.0
phi2_conv300,4240,33932529000.000004,91743099698.0
phi2_conv300,4241,33932529000.000004,91747156519.0
phi2_conv300,4242,33932529000.000004,91751213340.0
phi2_conv300,4243,33932529000.000004,91755270161.0
phi2_conv300,4244,33932529000.000004,91759326982.0
phi2_conv300,4245,33932529000.000004,91763383803.0
phi2_conv300,4246,33932529000.000004,91767440624.0
phi2_conv300,4247,33932529000.000004,91771497445.0
phi2_conv300,4248,33932529000.000004,91775554266.0
phi2_conv300,4249,33932529000.000004,91779611087.0
phi2_conv300,4250,33932529000.000004,91783667908.0
phi2_conv300,4251,33932529000.000004,91787724729.0
phi2_conv300,4252,33932529000.000004,91791781550.0
phi2_conv300,4253,33932529000.000004,91795838371.0
phi2_conv300,4254,33932529000.000004,91799895192.0
phi2_conv300,4255,33932529000.000004,91803952013.0
phi2_conv300,4256,34746446000.0,91995442603.0
phi2_conv300,4257,34746446000.0,92231221193.0
phi2_conv300,4258,34746446000.0,92332807495.0
phi2_conv300,4259,34746446000.0,92337146821.0
phi2_conv300,4260,34746446000.0,92341486147.0
phi2_conv300,4261,34746446000.0,92345825473.0
phi2_conv300,4262,34746446000.0,92350164799.0
phi2_conv300,4263,34746446000.0,92354504125.0
phi2_conv300,4264,34746446000.0,92358843451.0
phi2_conv300,4265,34746446000.0,92363182777.0
phi2_conv300,4266,34746446000.0,92367522103.0
phi2_conv300,4267,34746446000.0,92371861429.0
phi2_conv300,4268,34746446000.0,92376200755.0
phi2_conv300,4269,34746446000.0,92380570801.0
phi2_conv300,4270,34746446000.0,92384940847.0
phi2_conv300,4271,34746446000.0,92389310893.0
phi2_conv300,4272,34746446000.0,92393680939.0
phi2_conv300,4273,34746446000.0,92398050985.0
phi2_conv300,4274,34746446000.0,92402421031.0
phi2_conv300,4275,34746446000.0,92406791077.0
phi2_conv300,4276,34746446000.0,92411161123.0
phi2_conv300,4277,34746446000.0,92415531169.0
phi2_conv300,4278,34746446000.0,92419901215.0
phi2_conv300,4279,34746446000.0,92424271261.0
phi2_conv300,4280,34746446000.0,92428641307.0
phi2_conv300,4281,34746446000.0,92433011353.0
phi2_conv300,4282,34746446000.0,92437381399.0
phi2_conv300,4283,34746446000.0,92441751445.0
phi2_conv300,4284,34746446000.0,92446121491.0
phi2_conv300,4285,34746446000.0,92450579601.0
phi2_conv300,4286,34746446000.0,92455037711.0
phi2_conv300,4287,34746446000.0,92459495821.0
phi2_conv300,4288,34746446000.0,92463953931.0
phi2_conv300,4289,34746446000.0,92468412041.0
phi2_conv300,4290,34746446000.0,92472870151.0
phi2_conv300,4291,34746446000.0,92477225980.0
phi2_conv300,4292,34746446000.0,92481581809.0
phi2_conv300,4293,34746446000.0,92485937638.0
phi2_conv300,4294,34746446000.0,92490293467.0
phi2_conv300,4295,34746446000.0,92494649296.0
phi2_conv300,4296,34746446000.0,92499005125.0
phi2_conv300,4297,34746446000.0,92511728777.0
phi2_conv300,4298,34746446000.0,92524452429.0
phi2_conv300,4299,34746446000.0,92537176081.0
phi2_conv300,4300,34746446000.0,92549899733.0
phi2_conv300,4301,34746446000.0,92562623385.0
phi2_conv300,4302,34746446000.0,92575347037.0
phi2_conv300,4303,34746446000.0,92588070689.0
phi2_conv300,4304,34746446000.0,92600794341.0
phi2_conv300,4305,34746446000.0,92613517993.0
phi2_conv300,4306,34746446000.0,92617406349.0
phi2_conv300,4307,34746446000.0,92621294705.0
phi2_conv300,4308,34746446000.0,92625183061.0
phi2_conv300,4309,34746446000.0,92629071417.0
phi2_conv300,4310,34746446000.0,92632959773.0
phi2_conv300,4311,34746446000.0,92636848129.0
phi2_conv300,4312,34746446000.0,92640736485.0
phi2_conv300,4313,34746446000.0,92644624841.0
phi2_conv300,4314,34746446000.0,92648513197.0
phi2_conv300,4315,34746446000.0,92652401553.0
phi2_conv300,4316,34746446000.0,92656289909.0
phi2_conv300,4317,34746446000.0,92660208985.0
phi2_conv300,4318,34746446000.0,92664128061.0
phi2_conv300,4319,34746446000.0,92668047137.0
phi2_conv300,4320,34746446000.0,92671966213.0
phi2_conv300,4321,34746446000.0,92675973353.0
phi2_conv300,4322,34746446000.0,92679980493.0
phi2_conv300,4323,34746446000.0,92683987633.0
phi2_conv300,4324,34746446000.0,92687994773.0
phi2_conv300,4325,34746446000.0,92692001913.0
phi2_conv300,4326,34746446000.0,92696009053.0
phi2_conv300,4327,34746446000.0,92700016193.0
phi2_conv300,4328,34746446000.0,92704023333.0
phi2_conv300,4329,35294069000.0,92845782771.0
phi2_conv300,4330,35294069000.0,92849548247.0
phi2_conv300,4331,35294069000.0,92853313723.0
phi2_conv300,4332,35294069000.0,92857079199.0
phi2_conv300,4333,35294069000.0,92860844675.0
phi2_conv300,4334,35294069000.0,92864610151.0
phi2_conv300,4335,35294069000.0,92868375627.0
phi2_conv300,4336,35294069000.0,92872141103.0
phi2_conv300,4337,35294069000.0,92875994643.0
phi2_conv300,4338,35294069000.0,92879848183.0
phi2_conv300,4339,35294069000.0,92883701723.0
phi2_conv300,4340,35294069000.0,92887555263.0
phi2_conv300,4341,35294069000.0,92891408803.0
phi2_conv300,4342,35294069000.0,92895262343.0
phi2_conv300,4343,35294069000.0,92899115883.0
phi2_conv300,4344,35294069000.0,92902969423.0
phi2_conv300,4345,35294069000.0,92906822963.0
phi2_conv300,4346,35294069000.0,92910676503.0
phi2_conv300,4347,35294069000.0,92914387995.0
phi2_conv300,4348,35294069000.0,92918099487.0
phi2_conv300,4349,35294069000.0,92921810979.0
phi2_conv300,4350,35294069000.0,92925522471.0
phi2_conv300,4351,35294069000.0,92929233963.0
phi2_conv300,4352,35294069000.0,92932945455.0
phi2_conv300,4353,35294069000.0,92936656947.0
phi2_conv300,4354,35294069000.0,92940368439.0
phi2_conv300,4355,35294069000.0,92944079931.0
phi2_conv300,4356,35294069000.0,92947791423.0
phi2_conv300,4357,35294069000.0,92951502915.0
phi2_conv300,4358,35294069000.0,92955214407.0
phi2_conv300,4359,35294069000.0,92958925899.0
phi2_conv300,4360,35294069000.0,92962637391.0
phi2_conv300,4361,35294069000.0,92966348883.0
phi2_conv300,4362,35294069000.0,92970060375.0
phi2_conv300,4363,35294069000.0,92973771867.0
phi2_conv300,4364,35294069000.0,92977483359.0
phi2_conv300,4365,35294069000.0,92981194851.0
phi2_conv300,4366,35294069000.0,92984906343.0
phi2_conv300,4367,35294069000.0,92988617835.0
phi2_conv300,4368,35294069000.0,92992329327.0
phi2_conv300,4369,35294069000.0,92996040819.0
phi2_conv300,4370,35294069000.0,92999752311.0
phi2_conv300,4371,35294069000.0,93003463803.0
phi2_conv300,4372,35294069000.0,93007175295.0
phi2_conv300,4373,35294069000.0,93010886787.0
phi2_conv300,4374,35294069000.0,93014598279.0
phi2_conv300,4375,35294069000.0,93018309771.0
phi2_conv300,4376,35294069000.0,93022021263.0
phi2_conv300,4377,35294069000.0,93025732755.0
phi2_conv300,4378,35294069000.0,93029444247.0
phi2_conv300,4379,35294069000.0,93033155739.0
phi2_conv300,4380,35294069000.0,93036867231.0
phi2_conv300,4381,35294069000.0,93040578723.0
phi2_conv300,4382,35294069000.0,93044290215.0
phi2_conv300,4383,35294069000.0,93048001707.0
phi2_conv300,4384,35294069000.0,93051713199.0
phi2_conv300,4385,35294069000.0,93055424691.0
phi2_conv300,4386,35294069000.0,93059166903.0
phi2_conv300,4387,35294069000.0,93062909115.0
phi2_conv300,4388,35294069000.0,93066651327.0
phi2_conv300,4389,35294069000.0,93070393539.0
phi2_conv300,4390,35294069000.0,93074135751.0
phi2_conv300,4391,35294069000.0,93077877963.0
phi2_conv300,4392,35294069000.0,93081620175.0
phi2_conv300,4393,35294069000.0,93085362387.0
phi2_conv300,4394,35294069000.0,93089104599.0
phi2_conv300,4395,35294069000.0,93092846811.0
phi2_conv300,4396,35294069000.0,93096589023.0
phi2_conv300,4397,35294069000.0,93100331235.0
phi2_conv300,4398,35294069000.0,93104073447.0
phi2_conv300,4399,35294069000.0,93107815659.0
phi2_conv300,4400,35294069000.0,93111557871.0
phi2_conv300,4401,35294069000.0,93115300083.0
phi2_conv300,4402,35294069000.0,93119042295.0
phi2_conv300,4403,35294069000.0,93122784507.0
phi2_conv300,4404,35294069000.0,93126526719.0
phi2_conv300,4405,35294069000.0,93130268931.0
phi2_conv300,4406,35294069000.0,93134011143.0
phi2_conv300,4407,35294069000.0,93137753355.0
phi2_conv300,4408,35294069000.0,93141495567.0
phi2_conv300,4409,35294069000.0,93145237779.0
phi2_conv300,4410,35294069000.0,93148979991.0
phi2_conv300,4411,35294069000.0,93152722203.0
phi2_conv300,4412,35294069000.0,93156464415.0
phi2_conv300,4413,35294069000.0,93160206627.0
phi2_conv300,4414,35294069000.0,93163948839.0
phi2_conv300,4415,35294069000.0,93167691051.0
phi2_conv300,4416,35294069000.0,93171433263.0
phi2_conv300,4417,35294069000.0,93175175475.0
phi2_conv300,4418,35294069000.0,93178917687.0
phi2_conv300,4419,35294069000.0,93182659899.0
phi2_conv300,4420,35294069000.0,93186402111.0
phi2_conv300,4421,35294069000.0,93190144323.0
phi2_conv300,4422,35294069000.0,93193886535.0
phi2_conv300,4423,35294069000.0,93197628747.0
phi2_conv300,4424,35294069000.0,93201370959.0
phi2_conv300,4425,35294069000.0,93205113171.0
phi2_conv300,4426,35294069000.0,93208855383.0
phi2_conv300,4427,35294069000.0,93212597595.0
phi2_conv300,4428,35294069000.0,93216339807.0
phi2_conv300,4429,35294069000.0,93220082019.0
phi2_conv300,4430,35294069000.0,93223824231.0
phi2_conv300,4431,34746446000.0,93231325739.0
phi2_conv300,4432,34746446000.0,93238827247.0
phi2_conv300,4433,34746446000.0,93246328755.0
phi2_conv300,4434,34746446000.0,93253830263.0
phi2_conv300,4435,34746446000.0,93261331771.0
phi2_conv300,4436,34746446000.0,93268833279.0
phi2_conv300,4437,34746446000.0,93276334787.0
phi2_conv300,4438,34746446000.0,93283836295.0
phi2_conv300,4439,34746446000.0,93291337803.0
phi2_conv300,4440,34746446000.0,93298839311.0
phi2_conv300,4441,34746446000.0,93306340819.0
phi2_conv300,4442,34746446000.0,93313873047.0
phi2_conv300,4443,34746446000.0,93321405275.0
phi2_conv300,4444,34746446000.0,93328937503.0
phi2_conv300,4445,34746446000.0,93336469731.0
phi2_conv300,4446,34746446000.0,93344001959.0
phi2_conv300,4447,34746446000.0,93351534187.0
phi2_conv300,4448,34746446000.0,93359066415.0
phi2_conv300,4449,34746446000.0,93366598643.0
phi2_conv300,4450,34746446000.0,93374130871.0
phi2_conv300,4451,34746446000.0,93381663099.0
phi2_conv300,4452,34746446000.0,93389195327.0
phi2_conv300,4453,34746446000.0,93396727555.0
phi2_conv300,4454,34746446000.0,93411745735.0
phi2_conv300,4455,34746446000.0,93426763915.0
phi2_conv300,4456,34746446000.0,93441782095.0
phi2_conv300,4457,34746446000.0,93456800275.0
phi2_conv300,4458,34746446000.0,93471818455.0
phi2_conv300,4459,34746446000.0,93486836635.0
phi2_conv300,4460,34746446000.0,93501854815.0
phi2_conv300,4461,34746446000.0,93516872995.0
phi2_conv300,4462,34746446000.0,93531891175.0
phi2_conv300,4463,36138512000.0,93714033026.0
phi2_conv300,4464,36138512000.0,93954891037.0
phi2_conv300,4465,36138512000.0,94031924865.0
phi2_conv300,4466,36138512000.0,94039426373.0
phi2_conv300,4467,36138512000.0,94046927881.0
phi2_conv300,4468,36138512000.0,94054429389.0
phi2_conv300,4469,36138512000.0,94061930897.0
phi2_conv300,4470,36138512000.0,94069432405.0
phi2_conv300,4471,36138512000.0,94076933913.0
phi2_conv300,4472,36138512000.0,94084435421.0
phi2_conv300,4473,36138512000.0,94091936929.0
phi2_conv300,4474,36138512000.0,94099438437.0
phi2_conv300,4475,36138512000.0,94106939945.0
phi2_conv300,4476,36138512000.0,94114441453.0
phi2_conv300,4477,36138512000.0,94121942961.0
phi2_conv300,4478,36138512000.0,94129444469.0
phi2_conv300,4479,36138512000.0,94136945977.0
phi2_conv300,4480,36138512000.0,94144447485.0
phi2_conv300,4481,36138512000.0,94151948993.0
phi2_conv300,4482,36138512000.0,94159450501.0
phi2_conv300,4483,36138512000.0,94166952009.0
phi2_conv300,4484,36138512000.0,94174453517.0
phi2_conv300,4485,36138512000.0,94181955025.0
phi2_conv300,4486,36138512000.0,94189456533.0
phi2_conv300,4487,36138512000.0,94196958041.0
phi2_conv300,4488,36138512000.0,94204459549.0
phi2_conv300,4489,36138512000.0,94211961057.0
phi2_conv300,4490,36138512000.0,94219462565.0
phi2_conv300,4491,36138512000.0,94226964073.0
phi2_conv300,4492,36138512000.0,94234465581.0
phi2_conv300,4493,36138512000.0,94241967089.0
phi2_conv300,4494,36138512000.0,94249468597.0
phi2_conv300,4495,36138512000.0,94256970105.0
phi2_conv300,4496,36138512000.0,94264471613.0
phi2_conv300,4497,36138512000.0,94271973121.0
phi2_conv300,4498,36138512000.0,94279474629.0
phi2_conv300,4499,36138512000.0,94286976137.0
phi2_conv300,4500,36138512000.0,94294477645.0
phi2_conv300,4501,36138512000.0,94301979153.0
phi2_conv300,4502,36138512000.0,94309480661.0
phi2_conv300,4503,36138512000.0,94316982169.0
phi2_conv300,4504,36138512000.0,94324483677.0
phi2_conv300,4505,36138512000.0,94331985185.0
phi2_conv300,4506,36138512000.0,94339486693.0
phi2_conv300,4507,36138512000.0,94346988201.0
phi2_conv300,4508,36138512000.0,94354489709.0
phi2_conv300,4509,36138512000.0,94361991217.0
phi2_conv300,4510,36138512000.0,94369492725.0
phi2_conv300,4511,36138512000.0,94376994233.0
phi2_conv300,4512,36138512000.0,94384495741.0
phi2_conv300,4513,36138512000.0,94391997249.0
phi2_conv300,4514,36138512000.0,94399498757.0
phi2_conv300,4515,36138512000.0,94407000265.0
phi2_conv300,4516,36138512000.0,94414501773.0
phi2_conv300,4517,36138512000.0,94422003281.0
phi2_conv300,4518,36138512000.0,94429504789.0
phi2_conv300,4519,36138512000.0,94437006297.0
phi2_conv300,4520,36138512000.0,94444507805.0
phi2_conv300,4521,36138512000.0,94452009313.0
phi2_conv300,4522,36520417000.0,94515824291.0
phi2_conv300,4523,36520417000.0,94519478439.0
phi2_conv300,4524,36520417000.0,94523132587.0
phi2_conv300,4525,36520417000.0,94526786735.0
phi2_conv300,4526,36520417000.0,94530440883.0
phi2_conv300,4527,36520417000.0,94534095031.0
phi2_conv300,4528,36520417000.0,94537749179.0
phi2_conv300,4529,36520417000.0,94541403327.0
phi2_conv300,4530,36520417000.0,94545057475.0
phi2_conv300,4531,36520417000.0,94548711623.0
phi2_conv300,4532,36520417000.0,94552365771.0
phi2_conv300,4533,36520417000.0,94556019919.0
phi2_conv300,4534,36520417000.0,94559674067.0
phi2_conv300,4535,36520417000.0,94563328215.0
phi2_conv300,4536,36520417000.0,94566982363.0
phi2_conv300,4537,36520417000.0,94570636511.0
phi2_conv300,4538,36520417000.0,94574290659.0
phi2_conv300,4539,36520417000.0,94577944807.0
phi2_conv300,4540,36520417000.0,94581598955.0
phi2_conv300,4541,36520417000.0,94585253103.0
phi2_conv300,4542,36520417000.0,94588907251.0
phi2_conv300,4543,36520417000.0,94596167095.0
phi2_conv300,4544,36520417000.0,94603426939.0
phi2_conv300,4545,36520417000.0,94610686783.0
phi2_conv300,4546,36520417000.0,94617946627.0
phi2_conv300,4547,36520417000.0,94625206471.0
phi2_conv300,4548,36520417000.0,94632466315.0
phi2_conv300,4549,36520417000.0,94639726159.0
phi2_conv300,4550,36520417000.0,94646986003.0
phi2_conv300,4551,36520417000.0,94654245847.0
phi2_conv300,4552,36520417000.0,94661505691.0
phi2_conv300,4553,36520417000.0,94668765535.0
phi2_conv300,4554,36520417000.0,94676025379.0
phi2_conv300,4555,36520417000.0,94683285223.0
phi2_conv300,4556,36520417000.0,94690545067.0
phi2_conv300,4557,36520417000.0,94697804911.0
phi2_conv300,4558,36520417000.0,94705064755.0
phi2_conv300,4559,36520417000.0,94712324599.0
phi2_conv300,4560,36520417000.0,94719584443.0
phi2_conv300,4561,36520417000.0,94726844287.0
phi2_conv300,4562,36520417000.0,94734104131.0
phi2_conv300,4563,36520417000.0,94741363975.0
phi2_conv300,4564,36520417000.0,94748623819.0
phi2_conv300,4565,36520417000.0,94755883663.0
phi2_conv300,4566,36520417000.0,94763143507.0
phi2_conv300,4567,36520417000.0,94770403351.0
phi2_conv300,4568,36520417000.0,94777663195.0
phi2_conv300,4569,36520417000.0,94784923039.0
phi2_conv300,4570,36520417000.0,94792182883.0
phi2_conv300,4571,36520417000.0,94799442727.0
phi2_conv300,4572,36520417000.0,94806702571.0
phi2_conv300,4573,36520417000.0,94813962415.0
phi2_conv300,4574,36520417000.0,94821222259.0
phi2_conv300,4575,36520417000.0,94828482103.0
phi2_conv300,4576,36520417000.0,94835741947.0
phi2_conv300,4577,36520417000.0,94843001791.0
phi2_conv300,4578,36520417000.0,94850261635.0
phi2_conv300,4579,36520417000.0,94857521479.0
phi2_conv300,4580,36864739000.0,95073838628.0
phi2_conv300,4581,36864739000.0,95334451969.0
phi2_conv300,4582,36864739000.0,95482304174.0
phi2_conv300,4583,36864739000.0,95485927602.0
phi2_conv300,4584,36864739000.0,95489551030.0
phi2_conv300,4585,36864739000.0,95493174458.0
phi2_conv300,4586,36864739000.0,95496797886.0
phi2_conv300,4587,36864739000.0,95500421314.0
phi2_conv300,4588,36864739000.0,95504044742.0
phi2_conv300,4589,36864739000.0,95507668170.0
phi2_conv300,4590,36864739000.0,95511291598.0
phi2_conv300,4591,36864739000.0,95514915026.0
phi2_conv300,4592,36864739000.0,95518538454.0
phi2_conv300,4593,36864739000.0,95522161882.0
phi2_conv300,4594,36864739000.0,95525816030.0
phi2_conv300,4595,36864739000.0,95529470178.0
phi2_conv300,4596,36864739000.0,95533124326.0
phi2_conv300,4597,36864739000.0,95536778474.0
phi2_conv300,4598,36864739000.0,95540432622.0
phi2_conv300,4599,36864739000.0,95544086770.0
phi2_conv300,4600,36864739000.0,95547740918.0
phi2_conv300,4601,36864739000.0,95551395066.0
phi2_conv300,4602,36864739000.0,95555049214.0
phi2_conv300,4603,36864739000.0,95558703362.0
phi2_conv300,4604,36864739000.0,95562357510.0
phi2_conv300,4605,36864739000.0,95566011658.0
phi2_conv300,4606,36864739000.0,95569665806.0
phi2_conv300,4607,36864739000.0,95573319954.0
phi2_conv300,4608,36864739000.0,95576974102.0
phi2_conv300,4609,36864739000.0,95580628250.0
phi2_conv300,4610,36864739000.0,95584282398.0
phi2_conv300,4611,36864739000.0,95587936546.0
phi2_conv300,4612,36864739000.0,95591590694.0
phi2_conv300,4613,36864739000.0,95595244842.0
phi2_conv300,4614,36864739000.0,95598898990.0
phi2_conv300,4615,36864739000.0,95602553138.0
phi2_conv300,4616,37124806000.0,95614804758.0
phi2_conv300,4617,37124806000.0,95618510842.0
phi2_conv300,4618,37124806000.0,95622216926.0
phi2_conv300,4619,37124806000.0,95625923010.0
phi2_conv300,4620,37124806000.0,95629629094.0
phi2_conv300,4621,37124806000.0,95633335178.0
phi2_conv300,4622,37124806000.0,95637041262.0
phi2_conv300,4623,37124806000.0,95640747346.0
phi2_conv300,4624,37124806000.0,95644453430.0
phi2_conv300,4625,37124806000.0,95648159514.0
phi2_conv300,4626,37124806000.0,95651865598.0
phi2_conv300,4627,37124806000.0,95655571682.0
phi2_conv300,4628,37124806000.0,95659277766.0
phi2_conv300,4629,37124806000.0,95662983850.0
phi2_conv300,4630,37124806000.0,95666689934.0
phi2_conv300,4631,37124806000.0,95670396018.0
phi2_conv300,4632,37124806000.0,95674132822.0
phi2_conv300,4633,37124806000.0,95677869626.0
phi2_conv300,4634,37124806000.0,95681606430.0
phi2_conv300,4635,37124806000.0,95685343234.0
phi2_conv300,4636,37124806000.0,95689080038.0
phi2_conv300,4637,37124806000.0,95692816842.0
phi2_conv300,4638,37124806000.0,95696553646.0
phi2_conv300,4639,37124806000.0,95700290450.0
phi2_conv300,4640,37124806000.0,95704027254.0
phi2_conv300,4641,37124806000.0,95707468410.0
phi2_conv300,4642,37124806000.0,95710909566.0
phi2_conv300,4643,37124806000.0,95714350722.0
phi2_conv300,4644,37124806000.0,95717791878.0
phi2_conv300,4645,37124806000.0,95721233034.0
phi2_conv300,4646,37124806000.0,95724674190.0
phi2_conv300,4647,37124806000.0,95728115346.0
phi2_conv300,4648,37124806000.0,95731556502.0
phi2_conv300,4649,37124806000.0,95734997658.0
phi2_conv300,4650,37124806000.0,95738438814.0
phi2_conv300,4651,37124806000.0,95741879970.0
phi2_conv300,4652,37124806000.0,95745321126.0
phi2_conv300,4653,37124806000.0,95748762282.0
phi2_conv300,4654,37124806000.0,95752203438.0
phi2_conv300,4655,37124806000.0,95755644594.0
phi2_conv300,4656,37124806000.0,95759085750.0
phi2_conv300,4657,37124806000.0,95762526906.0
phi2_conv300,4658,37124806000.0,95765968062.0
phi2_conv300,4659,37124806000.0,95769409218.0
phi2_conv300,4660,37124806000.0,95772850374.0
phi2_conv300,4661,37124806000.0,95776291530.0
phi2_conv300,4662,37124806000.0,95779732686.0
phi2_conv300,4663,37124806000.0,95783173842.0
phi2_conv300,4664,37124806000.0,95786614998.0
phi2_conv300,4665,37124806000.0,95790056154.0
phi2_conv300,4666,37124806000.0,95793497310.0
phi2_conv300,4667,37124806000.0,95796938466.0
phi2_conv300,4668,37124806000.0,95800379622.0
phi2_conv300,4669,37124806000.0,95803820778.0
phi2_conv300,4670,37124806000.0,95807261934.0
phi2_conv300,4671,37124806000.0,95810703090.0
phi2_conv300,4672,37124806000.0,95814144246.0
phi2_conv300,4673,37124806000.0,95817585402.0
phi2_conv300,4674,37475965000.0,96044742137.0
phi2_conv300,4675,37475965000.0,96316193016.0
phi2_conv300,4676,37475965000.0,96342501276.0
phi2_conv300,4677,37475965000.0,96346176640.0
phi2_conv300,4678,37475965000.0,96349852004.0
phi2_conv300,4679,37475965000.0,96353527368.0
phi2_conv300,4680,37475965000.0,96357202732.0
phi2_conv300,4681,37475965000.0,96360878096.0
phi2_conv300,4682,37475965000.0,96364553460.0
phi2_conv300,4683,37475965000.0,96368228824.0
phi2_conv300,4684,37475965000.0,96371850204.0
phi2_conv300,4685,37475965000.0,96375471584.0
phi2_conv300,4686,37475965000.0,96379092964.0
phi2_conv300,4687,37475965000.0,96382714344.0
phi2_conv300,4688,37475965000.0,96386335724.0
phi2_conv300,4689,37475965000.0,96389957104.0
phi2_conv300,4690,37475965000.0,96393578484.0
phi2_conv300,4691,37475965000.0,96397199864.0
phi2_conv300,4692,37475965000.0,96400821244.0
phi2_conv300,4693,37475965000.0,96404442624.0
phi2_conv300,4694,37475965000.0,96408064004.0
phi2_conv300,4695,37475965000.0,96411685384.0
phi2_conv300,4696,37475965000.0,96415306764.0
phi2_conv300,4697,37475965000.0,96418928144.0
phi2_conv300,4698,37475965000.0,96422549524.0
phi2_conv300,4699,37475965000.0,96426170904.0
phi2_conv300,4700,37475965000.0,96429823004.0
phi2_conv300,4701,37475965000.0,96433475104.0
phi2_conv300,4702,37475965000.0,96437127204.0
phi2_conv300,4703,37475965000.0,96440779304.0
phi2_conv300,4704,37475965000.0,96444431404.0
phi2_conv300,4705,37475965000.0,96448083504.0
phi2_conv300,4706,37475965000.0,96451735604.0
phi2_conv300,4707,37475965000.0,96455387704.0
phi2_conv300,4708,37475965000.0,96459039804.0
phi2_conv300,4709,37475965000.0,96466541312.0
phi2_conv300,4710,37475965000.0,96474042820.0
phi2_conv300,4711,37475965000.0,96481544328.0
phi2_conv300,4712,37475965000.0,96489045836.0
phi2_conv300,4713,37475965000.0,96496547344.0
phi2_conv300,4714,37475965000.0,96504048852.0
phi2_conv300,4715,37475965000.0,96511550360.0
phi2_conv300,4716,37475965000.0,96519051868.0
phi2_conv300,4717,37475965000.0,96526553376.0
phi2_conv300,4718,37475965000.0,96534054884.0
phi2_conv300,4719,37475965000.0,96541556392.0
phi2_conv300,4720,37475965000.0,96549057900.0
phi2_conv300,4721,37475965000.0,96556559408.0
phi2_conv300,4722,37475965000.0,96564060916.0
phi2_conv300,4723,37475965000.0,96571562424.0
phi2_conv300,4724,37475965000.0,96579063932.0
phi2_conv300,4725,37475965000.0,96586565440.0
phi2_conv300,4726,37475965000.0,96594066948.0
phi2_conv300,4727,37475965000.0,96601568456.0
phi2_conv300,4728,37475965000.0,96609069964.0
phi2_conv300,4729,37475965000.0,96616571472.0
phi2_conv300,4730,37475965000.0,96624072980.0
phi2_conv300,4731,37475965000.0,96631574488.0
phi2_conv300,4732,37475965000.0,96639075996.0
phi2_conv300,4733,37475965000.0,96646577504.0
phi2_conv300,4734,37475965000.0,96654079012.0
phi2_conv300,4735,37475965000.0,96661580520.0
phi2_conv300,4736,37475965000.0,96669082028.0
phi2_conv300,4737,37475965000.0,96676583536.0
phi2_conv300,4738,37475965000.0,96684085044.0
phi2_conv300,4739,37475965000.0,96691586552.0
phi2_conv300,4740,37475965000.0,96699088060.0
phi2_conv300,4741,37475965000.0,96706589568.0
phi2_conv300,4742,37475965000.0,96714091076.0
phi2_conv300,4743,37475965000.0,96721592584.0
phi2_conv300,4744,37475965000.0,96729094092.0
phi2_conv300,4745,37475965000.0,96736595600.0
phi2_conv300,4746,37475965000.0,96744097108.0
phi2_conv300,4747,37475965000.0,96751598616.0
phi2_conv300,4748,37475965000.0,96759100124.0
phi2_conv300,4749,37475965000.0,96766601632.0
phi2_conv300,4750,37475965000.0,96774103140.0
phi2_conv300,4751,37475965000.0,96781604648.0
phi2_conv300,4752,37475965000.0,96789106156.0
phi2_conv300,4753,37475965000.0,96796607664.0
phi2_conv300,4754,37475965000.0,96804109172.0
phi2_conv300,4755,37475965000.0,96811610680.0
phi2_conv300,4756,37475965000.0,96819112188.0
phi2_conv300,4757,37475965000.0,96826613696.0
phi2_conv300,4758,37475965000.0,96834115204.0
phi2_conv300,4759,37475965000.0,96841616712.0
phi2_conv300,4760,37475965000.0,96849118220.0
phi2_conv300,4761,37475965000.0,96856619728.0
phi2_conv300,4762,37475965000.0,96864121236.0
phi2_conv300,4763,37475965000.0,96871622744.0
phi2_conv300,4764,37475965000.0,96879124252.0
phi2_conv300,4765,37475965000.0,96886625760.0
phi2_conv300,4766,37475965000.0,96894127268.0
phi2_conv300,4767,37475965000.0,96901628776.0
phi2_conv300,4768,37475965000.0,96909130284.0
phi2_conv300,4769,37475965000.0,96916631792.0
phi2_conv300,4770,37475965000.0,96924133300.0
phi2_conv300,4771,37475965000.0,96931634808.0
phi2_conv300,4772,37475965000.0,96939136316.0
phi2_conv300,4773,37475965000.0,96946637824.0
phi2_conv300,4774,37475965000.0,96954139332.0
phi2_conv300,4775,37475965000.0,96961640840.0
phi2_conv300,4776,37475965000.0,96969142348.0
phi2_conv300,4777,37475965000.0,96976643856.0
phi2_conv300,4778,37475965000.0,96984145364.0
phi2_conv300,4779,37475965000.0,96991646872.0
phi2_conv300,4780,37475965000.0,96999148380.0
phi2_conv300,4781,38154930000.0,97206144554.0
phi2_conv300,4782,38154930000.0,97209798702.0
phi2_conv300,4783,38154930000.0,97213452850.0
phi2_conv300,4784,38154930000.0,97217106998.0
phi2_conv300,4785,38154930000.0,97220761146.0
phi2_conv300,4786,38154930000.0,97224415294.0
phi2_conv300,4787,38154930000.0,97228069442.0
phi2_conv300,4788,38154930000.0,97231723590.0
phi2_conv300,4789,38154930000.0,97235377738.0
phi2_conv300,4790,38154930000.0,97239031886.0
phi2_conv300,4791,38154930000.0,97242686034.0
phi2_conv300,4792,38154930000.0,97246340182.0
phi2_conv300,4793,38154930000.0,97249994330.0
phi2_conv300,4794,38154930000.0,97253648478.0
phi2_conv300,4795,38154930000.0,97257302626.0
phi2_conv300,4796,38154930000.0,97260956774.0
phi2_conv300,4797,38154930000.0,97264610922.0
phi2_conv300,4798,38154930000.0,97271870766.0
phi2_conv300,4799,38154930000.0,97279130610.0
phi2_conv300,4800,38154930000.0,97286390454.0
phi2_conv300,4801,38154930000.0,97293650298.0
phi2_conv300,4802,38154930000.0,97300910142.0
phi2_conv300,4803,38154930000.0,97308169986.0
phi2_conv300,4804,38154930000.0,97315429830.0
phi2_conv300,4805,38154930000.0,97322689674.0
phi2_conv300,4806,38154930000.0,97329949518.0
phi2_conv300,4807,38154930000.0,97337209362.0
phi2_conv300,4808,38154930000.0,97344469206.0
phi2_conv300,4809,38154930000.0,97351729050.0
phi2_conv300,4810,38154930000.0,97358988894.0
phi2_conv300,4811,38154930000.0,97366248738.0
phi2_conv300,4812,38154930000.0,97373508582.0
phi2_conv300,4813,38154930000.0,97380768426.0
phi2_conv300,4814,38154930000.0,97388028270.0
phi2_conv300,4815,38154930000.0,97395288114.0
phi2_conv300,4816,38154930000.0,97402547958.0
phi2_conv300,4817,38154930000.0,97409895866.0
phi2_conv300,4818,38154930000.0,97417243774.0
phi2_conv300,4819,38392642000.0,97633648987.0
phi2_conv300,4820,38392642000.0,97894350392.0
phi2_conv300,4821,38392642000.0,98156615445.0
phi2_conv300,4822,38392642000.0,98506430450.0
phi2_conv300,4823,38392642000.0,99079797967.0
phi2_conv300,4824,38392642000.0,99519583660.0
phi2_conv300,4825,38392642000.0,100268594825.0
phi2_conv300,4826,38392642000.0,100844763496.0
phi2_conv300,4827,38549044000.0,101072589927.0
phi2_conv300,4828,38549044000.0,101344710502.0
phi2_conv300,4829,38549044000.0,101383272394.0
phi2_conv300,4830,38549044000.0,101387617454.0
phi2_conv300,4831,38549044000.0,101391962514.0
phi2_conv300,4832,38549044000.0,101396307574.0
phi2_conv300,4833,38549044000.0,101400652634.0
phi2_conv300,4834,38549044000.0,101404997694.0
phi2_conv300,4835,38549044000.0,101409373474.0
phi2_conv300,4836,38549044000.0,101413749254.0
phi2_conv300,4837,38549044000.0,101418125034.0
phi2_conv300,4838,38549044000.0,101422500814.0
phi2_conv300,4839,38549044000.0,101426876594.0
phi2_conv300,4840,38549044000.0,101431283094.0
phi2_conv300,4841,38549044000.0,101435547546.0
phi2_conv300,4842,38549044000.0,101439811998.0
phi2_conv300,4843,38549044000.0,101444076450.0
phi2_conv300,4844,38549044000.0,101448340902.0
phi2_conv300,4845,38549044000.0,101452605354.0
phi2_conv300,4846,38549044000.0,101456869806.0
phi2_conv300,4847,38549044000.0,101461134258.0
phi2_conv300,4848,38549044000.0,101465398710.0
phi2_conv300,4849,38549044000.0,101469663162.0
phi2_conv300,4850,38549044000.0,101473927614.0
phi2_conv300,4851,38549044000.0,101478192066.0
phi2_conv300,4852,38549044000.0,101482456518.0
phi2_conv300,4853,38549044000.0,101486720970.0
phi2_conv300,4854,38549044000.0,101490985422.0
phi2_conv300,4855,38549044000.0,101495249874.0
phi2_conv300,4856,38549044000.0,101499514326.0
phi2_conv300,4857,38549044000.0,101503778778.0
phi2_conv300,4858,38813332000.0,101731758809.0
phi2_conv300,4859,38813332000.0,102004032984.0
phi2_conv300,4860,38813332000.0,102127647420.0
phi2_conv300,4861,38813332000.0,102132146080.0
phi2_conv300,4862,38813332000.0,102136644740.0
phi2_conv300,4863,38813332000.0,102141143400.0
phi2_conv300,4864,38813332000.0,102145642060.0
phi2_conv300,4865,38813332000.0,102150140720.0
phi2_conv300,4866,38813332000.0,102154639380.0
phi2_conv300,4867,38813332000.0,102159138040.0
phi2_conv300,4868,38813332000.0,102163636700.0
phi2_conv300,4869,38813332000.0,102168135360.0
phi2_conv300,4870,38813332000.0,102172634020.0
phi2_conv300,4871,38813332000.0,102177132680.0
phi2_conv300,4872,38813332000.0,102181631340.0
phi2_conv300,4873,38813332000.0,102186130000.0
phi2_conv300,4874,38813332000.0,102190628660.0
phi2_conv300,4875,38813332000.0,102195127320.0
phi2_conv300,4876,38813332000.0,102199625980.0
phi2_conv300,4877,38813332000.0,102204124640.0
phi2_conv300,4878,38813332000.0,102208623300.0
phi2_conv300,4879,38813332000.0,102213121960.0
phi2_conv300,4880,38813332000.0,102217620620.0
phi2_conv300,4881,38813332000.0,102222119280.0
phi2_conv300,4882,38813332000.0,102226617940.0
phi2_conv300,4883,38813332000.0,102231116600.0
phi2_conv300,4884,38813332000.0,102235615260.0
phi2_conv300,4885,38813332000.0,102240113920.0
phi2_conv300,4886,38813332000.0,102244612580.0
phi2_conv300,4887,38813332000.0,102249111240.0
phi2_conv300,4888,38813332000.0,102253609900.0
phi2_conv300,4889,38813332000.0,102257812912.0
phi2_conv300,4890,38813332000.0,102262015924.0
phi2_conv300,4891,38813332000.0,102266218936.0
phi2_conv300,4892,39091915000.0,102494137527.0
phi2_conv300,4893,39091915000.0,102766350262.0
phi2_conv300,4894,39091915000.0,103040123573.0
phi2_conv300,4895,39091915000.0,103401444788.0
phi2_conv300,4896,39091915000.0,103806009523.0
phi2_conv300,4897,39091915000.0,104212157362.0
phi2_conv300,4898,39091915000.0,104848230065.0
phi2_conv300,4899,39220584000.0,105419985042.0
phi2_conv300,4900,39220584000.0,105666531763.0
phi2_conv300,4901,39220584000.0,105957370580.0
phi2_conv300,4902,39220584000.0,106067376168.0
phi2_conv300,4903,39324127000.0,106350180028.0
phi2_conv300,4904,39324127000.0,106677273936.0
phi2_conv300,4905,39324127000.0,106803222725.0
phi2_conv300,4906,39324127000.0,106808649658.0
phi2_conv300,4907,39324127000.0,106814076591.0
phi2_conv300,4908,39324127000.0,106827349107.0
phi2_conv300,4909,39324127000.0,106840621623.0
phi2_conv300,4910,39324127000.0,106853894139.0
phi2_conv300,4911,39324127000.0,106867166655.0
phi2_conv300,4912,39324127000.0,106880439171.0
phi2_conv300,4913,39324127000.0,106893711687.0
phi2_conv300,4914,39324127000.0,106906984203.0
phi2_conv300,4915,39324127000.0,106920256719.0
phi2_conv300,4916,39324127000.0,106933529235.0
phi2_conv300,4917,39324127000.0,106946801751.0
phi2_conv300,4918,39324127000.0,106960074267.0
phi2_conv300,4919,39324127000.0,106973346783.0
phi2_conv300,4920,39324127000.0,106986619299.0
phi2_conv300,4921,39324127000.0,106999891815.0
phi2_conv300,4922,39324127000.0,107013164331.0
phi2_conv300,4923,39324127000.0,107026436847.0
phi2_conv300,4924,39324127000.0,107039709363.0
phi2_conv300,4925,39324127000.0,107052981879.0
phi2_conv300,4926,39324127000.0,107066254395.0
phi2_conv300,4927,39324127000.0,107079526911.0
phi2_conv300,4928,39324127000.0,107092799427.0
phi2_conv300,4929,39324127000.0,107106071943.0
phi2_conv300,4930,39324127000.0,107119344459.0
phi2_conv300,4931,39324127000.0,107132616975.0
phi2_conv300,4932,39324127000.0,107145889491.0
phi2_conv300,4933,39324127000.0,107159162007.0
phi2_conv300,4934,39324127000.0,107172434523.0
phi2_conv300,4935,39324127000.0,107185707039.0
phi2_conv300,4936,39324127000.0,107189744899.0
phi2_conv300,4937,39324127000.0,107193782759.0
phi2_conv300,4938,39324127000.0,107197820619.0
phi2_conv300,4939,39324127000.0,107201858479.0
phi2_conv300,4940,39637764000.0,107411275414.0
phi2_conv300,4941,39645191000.0,107693038890.0
phi2_conv300,4942,39645191000.0,108019092414.0
phi2_conv300,4943,39645191000.0,108270300083.0
phi2_conv300,4944,39645191000.0,108274686632.0
phi2_conv300,4945,39645191000.0,108279073181.0
phi2_conv300,4946,39645191000.0,108283459730.0
phi2_conv300,4947,39645191000.0,108287846279.0
phi2_conv300,4948,39645191000.0,108292232828.0
phi2_conv300,4949,39645191000.0,108296650097.0
phi2_conv300,4950,39645191000.0,108301067366.0
phi2_conv300,4951,39645191000.0,108305484635.0
phi2_conv300,4952,39645191000.0,108309901904.0
phi2_conv300,4953,39645191000.0,108314319173.0
phi2_conv300,4954,39645191000.0,108318736442.0
phi2_conv300,4955,39645191000.0,108323153711.0
phi2_conv300,4956,39645191000.0,108327570980.0
phi2_conv300,4957,39645191000.0,108331988249.0
phi2_conv300,4958,39645191000.0,108336405518.0
phi2_conv300,4959,39645191000.0,108340822787.0
phi2_conv300,4960,39645191000.0,108345240056.0
phi2_conv300,4961,39645191000.0,108349657325.0
phi2_conv300,4962,39645191000.0,108354074594.0
phi2_conv300,4963,39645191000.0,108358491863.0
phi2_conv300,4964,39645191000.0,108362909132.0
phi2_conv300,4965,39645191000.0,108367326401.0
phi2_conv300,4966,39645191000.0,108371743670.0
phi2_conv300,4967,39645191000.0,108376160939.0
phi2_conv300,4968,39645191000.0,108380666272.0
phi2_conv300,4969,39645191000.0,108385171605.0
phi2_conv300,4970,39645191000.0,108389676938.0
phi2_conv300,4971,39645191000.0,108394182271.0
phi2_conv300,4972,39645191000.0,108398687604.0
phi2_conv300,4973,39645191000.0,108403192937.0
phi2_conv300,4974,39645191000.0,108407698270.0
phi2_conv300,4975,39645191000.0,108412203603.0
phi2_conv300,4976,39645191000.0,108416708936.0
phi2_conv300,4977,39645191000.0,108421214269.0
phi2_conv300,4978,39645191000.0,108425719602.0
phi2_conv300,4979,39645191000.0,108430224935.0
phi2_conv300,4980,39645191000.0,108434730268.0
phi2_conv300,4981,39645191000.0,108439235601.0
phi2_conv300,4982,39645191000.0,108443740934.0
phi2_conv300,4983,39645191000.0,108448246267.0
phi2_conv300,4984,39645191000.0,108452751600.0
phi2_conv300,4985,39645191000.0,108457256933.0
phi2_conv300,4986,39645191000.0,108461762266.0
phi2_conv300,4987,40041867000.0,108471661592.0
phi2_conv300,4988,40041867000.0,108476267158.0
phi2_conv300,4989,40041867000.0,108480872724.0
phi2_conv300,4990,40041867000.0,108485478290.0
phi2_conv300,4991,40041867000.0,108490083856.0
phi2_conv300,4992,40041867000.0,108494689422.0
phi2_conv300,4993,40041867000.0,108499294988.0
phi2_conv300,4994,40041867000.0,108503900554.0
phi2_conv300,4995,40041867000.0,108508506120.0
phi2_conv300,4996,40041867000.0,108513111686.0
phi2_conv300,4997,40041867000.0,108517717252.0
phi2_conv300,4998,40041867000.0,108522322818.0
phi2_conv300,4999,40041867000.0,108526928384.0
phi2_conv300,5000,40041867000.0,108531533950.0
phi2_conv300,5001,40041867000.0,108536139516.0
phi2_conv300,5002,40041867000.0,108540745082.0
phi2_conv300,5003,40041867000.0,108545350648.0
phi2_conv300,5004,40041867000.0,108549956214.0
phi2_conv300,5005,40041867000.0,108554561780.0
phi2_conv300,5006,40041867000.0,108559167346.0
phi2_conv300,5007,40041867000.0,108563772912.0
phi2_conv300,5008,40041867000.0,108568378478.0
phi2_conv300,5009,40041867000.0,108573014764.0
phi2_conv300,5010,40041867000.0,108577651050.0
phi2_conv300,5011,40041867000.0,108582318056.0
phi2_conv300,5012,40041867000.0,108586985062.0
phi2_conv300,5013,40041867000.0,108591652068.0
phi2_conv300,5014,40041867000.0,108596319074.0
phi2_conv300,5015,40041867000.0,108600986080.0
phi2_conv300,5016,40041867000.0,108605653086.0
phi2_conv300,5017,40041867000.0,108610320092.0
phi2_conv300,5018,40041867000.0,108614987098.0
phi2_conv300,5019,40041867000.0,108619654104.0
phi2_conv300,5020,40041867000.0,108624321110.0
phi2_conv300,5021,40041867000.0,108628988116.0
phi2_conv300,5022,40041867000.0,108633655122.0
phi2_conv300,5023,40041867000.0,108638322128.0
phi2_conv300,5024,40041867000.0,108642989134.0
phi2_conv300,5025,40041867000.0,108647656140.0
phi2_conv300,5026,40350634000.0,108828834341.0
phi2_conv300,5027,40350634000.0,109063309694.0
phi2_conv300,5028,40350634000.0,109308344535.0
phi2_conv300,5029,40350634000.0,109649930288.0
phi2_conv300,5030,40350634000.0,110052441993.0
phi2_conv300,5031,40350634000.0,110115372928.0
phi2_conv300,5032,40350634000.0,110120451063.0
phi2_conv300,5033,40479164000.0,110305629195.0
phi2_conv300,5034,40479164000.0,110553144351.0
phi2_conv300,5035,40479164000.0,110618763910.0
phi2_conv300,5036,40479164000.0,110624172406.0
phi2_conv300,5037,40479164000.0,110629580902.0
phi2_conv300,5038,40479164000.0,110634989398.0
phi2_conv300,5039,40479164000.0,110640397894.0
phi2_conv300,5040,40479164000.0,110645806390.0
phi2_conv300,5041,40479164000.0,110651214886.0
phi2_conv300,5042,40479164000.0,110656415901.0
phi2_conv300,5043,40479164000.0,110661647636.0
phi2_conv300,5044,40479164000.0,110666879371.0
phi2_conv300,5045,40479164000.0,110672111106.0
phi2_conv300,5046,40479164000.0,110677342841.0
phi2_conv300,5047,40479164000.0,110682574576.0
phi2_conv300,5048,40479164000.0,110687806311.0
phi2_conv300,5049,40479164000.0,110693038046.0
phi2_conv300,5050,40479164000.0,110698269781.0
phi2_conv300,5051,40479164000.0,110703501516.0
phi2_conv300,5052,40479164000.0,110708733251.0
phi2_conv300,5053,40479164000.0,110713964986.0
phi2_conv300,5054,40479164000.0,110719196721.0
phi2_conv300,5055,40479164000.0,110724428456.0
phi2_conv300,5056,40479164000.0,110729660191.0
phi2_conv300,5057,40479164000.0,110734891926.0
phi2_conv300,5058,40479164000.0,110740123661.0
phi2_conv300,5059,40479164000.0,110745355396.0
phi2_conv300,5060,40479164000.0,110750587131.0
phi2_conv300,5061,40479164000.0,110755818866.0
phi2_conv300,5062,40479164000.0,110761050601.0
phi2_conv300,5063,40479164000.0,110766282336.0
phi2_conv300,5064,40479164000.0,110771514071.0
phi2_conv300,5065,40479164000.0,110776745806.0
phi2_conv300,5066,40479164000.0,110781977541.0
phi2_conv300,5067,40479164000.0,110787209276.0
phi2_conv300,5068,40479164000.0,110792441011.0
phi2_conv300,5069,40479164000.0,110797672746.0
phi2_conv300,5070,40479164000.0,110802904481.0
phi2_conv300,5071,40479164000.0,110808136216.0
phi2_conv300,5072,40479164000.0,110813367951.0
phi2_conv300,5073,40479164000.0,110818599686.0
phi2_conv300,5074,40479164000.0,110823831421.0
phi2_conv300,5075,40479164000.0,110829063156.0
phi2_conv300,5076,40479164000.0,110834294891.0
phi2_conv300,5077,40479164000.0,110839526626.0
phi2_conv300,5078,40479164000.0,110844758361.0
phi2_conv300,5079,40479164000.0,110849990096.0
phi2_conv300,5080,40479164000.0,110855221831.0
phi2_conv300,5081,40479164000.0,110860042437.0
phi2_conv300,5082,40479164000.0,110864863043.0
phi2_conv300,5083,40479164000.0,110869683649.0
phi2_conv300,5084,40479164000.0,110874504255.0
phi2_conv300,5085,40479164000.0,110878980916.0
phi2_conv300,5086,40479164000.0,110883457577.0
phi2_conv300,5087,40479164000.0,110887934238.0
phi2_conv300,5088,40479164000.0,110892410899.0
phi2_conv300,5089,40479164000.0,110896887560.0
phi2_conv300,5090,40479164000.0,110901364221.0
phi2_conv300,5091,40479164000.0,110905840882.0
phi2_conv300,5092,40479164000.0,110910317543.0
phi2_conv300,5093,40479164000.0,110914794204.0
phi2_conv300,5094,40479164000.0,110919270865.0
phi2_conv300,5095,40479164000.0,110923747526.0
phi2_conv300,5096,40479164000.0,110928224187.0
phi2_conv300,5097,40479164000.0,110932700848.0
phi2_conv300,5098,40479164000.0,110937177509.0
phi2_conv300,5099,40479164000.0,110941654170.0
phi2_conv300,5100,40479164000.0,110946130831.0
phi2_conv300,5101,40479164000.0,110950607492.0
phi2_conv300,5102,40479164000.0,110955084153.0
phi2_conv300,5103,40479164000.0,110959560814.0
phi2_conv300,5104,40479164000.0,110964037475.0
phi2_conv300,5105,40479164000.0,110968514136.0
phi2_conv300,5106,40479164000.0,110972990797.0
phi2_conv300,5107,41125873000.0,111023068011.0
phi2_conv300,5108,41125873000.0,111027644905.0
phi2_conv300,5109,41125873000.0,111032252519.0
phi2_conv300,5110,41125873000.0,111036860133.0
phi2_conv300,5111,41125873000.0,111041467747.0
phi2_conv300,5112,41125873000.0,111046075361.0
phi2_conv300,5113,41125873000.0,111050682975.0
phi2_conv300,5114,41125873000.0,111055290589.0
phi2_conv300,5115,41125873000.0,111059898203.0
phi2_conv300,5116,41125873000.0,111064505817.0
phi2_conv300,5117,41125873000.0,111069113431.0
phi2_conv300,5118,41125873000.0,111073721045.0
phi2_conv300,5119,41125873000.0,111078359379.0
phi2_conv300,5120,41125873000.0,111082997713.0
phi2_conv300,5121,41125873000.0,111087636047.0
phi2_conv300,5122,41125873000.0,111092274381.0
phi2_conv300,5123,41125873000.0,111096912715.0
phi2_conv300,5124,41125873000.0,111101551049.0
phi2_conv300,5125,41125873000.0,111106189383.0
phi2_conv300,5126,41125873000.0,111110827717.0
phi2_conv300,5127,41125873000.0,111115466051.0
phi2_conv300,5128,41125873000.0,111120104385.0
phi2_conv300,5129,41125873000.0,111124742719.0
phi2_conv300,5130,41125873000.0,111129381053.0
phi2_conv300,5131,41125873000.0,111134019387.0
phi2_conv300,5132,41125873000.0,111138657721.0
phi2_conv300,5133,41125873000.0,111143296055.0
phi2_conv300,5134,41125873000.0,111147934389.0
phi2_conv300,5135,41125873000.0,111152572723.0
phi2_conv300,5136,41357391000.0,111405637148.0
phi2_conv300,5137,41357391000.0,111410379411.0
phi2_conv300,5138,41357391000.0,111415121674.0
phi2_conv300,5139,41357391000.0,111419863937.0
phi2_conv300,5140,41357391000.0,111424606200.0
phi2_conv300,5141,41357391000.0,111429348463.0
phi2_conv300,5142,41357391000.0,111434090726.0
phi2_conv300,5143,41357391000.0,111438832989.0
phi2_conv300,5144,41357391000.0,111443575252.0
phi2_conv300,5145,41357391000.0,111448319563.0
phi2_conv300,5146,41357391000.0,111453063874.0
phi2_conv300,5147,41357391000.0,111457808185.0
phi2_conv300,5148,41357391000.0,111462552496.0
phi2_conv300,5149,41357391000.0,111467296807.0
phi2_conv300,5150,41357391000.0,111472041118.0
phi2_conv300,5151,41357391000.0,111476785429.0
phi2_conv300,5152,41357391000.0,111481529740.0
phi2_conv300,5153,41357391000.0,111486274051.0
phi2_conv300,5154,41357391000.0,111491002497.0
phi2_conv300,5155,41357391000.0,111495730943.0
phi2_conv300,5156,41357391000.0,111500459389.0
phi2_conv300,5157,41357391000.0,111505218555.0
phi2_conv300,5158,41357391000.0,111509977721.0
phi2_conv300,5159,41357391000.0,111514736887.0
phi2_conv300,5160,41357391000.0,111519496053.0
phi2_conv300,5161,41357391000.0,111524255219.0
phi2_conv300,5162,41357391000.0,111529014385.0
phi2_conv300,5163,41357391000.0,111533773551.0
phi2_conv300,5164,41357391000.0,111538532717.0
phi2_conv300,5165,41357391000.0,111543291883.0
phi2_conv300,5166,41357391000.0,111548051049.0
phi2_conv300,5167,41357391000.0,111552810215.0
phi2_conv300,5168,41357391000.0,111557569381.0
phi2_conv300,5169,41357391000.0,111562328547.0
phi2_conv300,5170,41357391000.0,111567087713.0
phi2_conv300,5171,41357391000.0,111571846879.0
phi2_conv300,5172,41357391000.0,111576606045.0
phi2_conv300,5173,41357391000.0,111581365211.0
phi2_conv300,5174,41357391000.0,111586124377.0
phi2_conv300,5175,41357391000.0,111590883543.0
phi2_conv300,5176,41357391000.0,111595642709.0
phi2_conv300,5177,41357391000.0,111600401875.0
phi2_conv300,5178,41357391000.0,111605161041.0
phi2_conv300,5179,41357391000.0,111609920207.0
phi2_conv300,5180,41357391000.0,111614679373.0
phi2_conv300,5181,41357391000.0,111619440587.0
phi2_conv300,5182,41357391000.0,111624201801.0
phi2_conv300,5183,41357391000.0,111628963015.0
phi2_conv300,5184,41357391000.0,111633724229.0
phi2_conv300,5185,41357391000.0,111638485443.0
phi2_conv300,5186,41357391000.0,111643246657.0
phi2_conv300,5187,41357391000.0,111648007871.0
phi2_conv300,5188,41357391000.0,111652769085.0
phi2_conv300,5189,41357391000.0,111657530299.0
phi2_conv300,5190,41357391000.0,111662291513.0
phi2_conv300,5191,41357391000.0,111667052727.0
phi2_conv300,5192,41357391000.0,111671813941.0
phi2_conv300,5193,41357391000.0,111676575155.0
phi2_conv300,5194,41357391000.0,111681336369.0
phi2_conv300,5195,41357391000.0,111686097583.0
phi2_conv300,5196,41357391000.0,111690858797.0
phi2_conv300,5197,41357391000.0,111695620011.0
phi2_conv300,5198,41357391000.0,111700381225.0
phi2_conv300,5199,41357391000.0,111705142439.0
phi2_conv300,5200,41357391000.0,111709903653.0
phi2_conv300,5201,41357391000.0,111714664867.0
phi2_conv300,5202,41357391000.0,111719426081.0
phi2_conv300,5203,41357391000.0,111724187295.0
phi2_conv300,5204,41357391000.0,111728948509.0
phi2_conv300,5205,41357391000.0,111733709723.0
phi2_conv300,5206,41357391000.0,111738470937.0
phi2_conv300,5207,41357391000.0,111743232151.0
phi2_conv300,5208,41357391000.0,111747993365.0
phi2_conv300,5209,41357391000.0,111752754579.0
phi2_conv300,5210,41357391000.0,111757515793.0
phi2_conv300,5211,41357391000.0,111762277007.0
phi2_conv300,5212,41357391000.0,111767038221.0
phi2_conv300,5213,41357391000.0,111771799435.0
phi2_conv300,5214,41357391000.0,111776560649.0
phi2_conv300,5215,41357391000.0,111781321863.0
phi2_conv300,5216,41357391000.0,111786083077.0
phi2_conv300,5217,41357391000.0,111790875011.0
phi2_conv300,5218,41357391000.0,111795666945.0
phi2_conv300,5219,41357391000.0,111800489599.0
phi2_conv300,5220,41125873000.0,111805121908.0
phi2_conv300,5221,41125873000.0,111809754217.0
phi2_conv300,5222,41125873000.0,111814386526.0
phi2_conv300,5223,41125873000.0,111827233058.0
phi2_conv300,5224,41125873000.0,111840079590.0
phi2_conv300,5225,41125873000.0,111852926122.0
phi2_conv300,5226,41125873000.0,111865772654.0
phi2_conv300,5227,41125873000.0,111878619186.0
phi2_conv300,5228,41125873000.0,111891465718.0
phi2_conv300,5229,41125873000.0,111904312250.0
phi2_conv300,5230,41125873000.0,111917158782.0
phi2_conv300,5231,41125873000.0,111930005314.0
phi2_conv300,5232,41125873000.0,111942851846.0
phi2_conv300,5233,41125873000.0,111955698378.0
phi2_conv300,5234,41125873000.0,111968544910.0
phi2_conv300,5235,41125873000.0,111981391442.0
phi2_conv300,5236,41125873000.0,111994237974.0
phi2_conv300,5237,41125873000.0,112007084506.0
phi2_conv300,5238,41125873000.0,112019931038.0
phi2_conv300,5239,41125873000.0,112032777570.0
phi2_conv300,5240,41125873000.0,112045624102.0
phi2_conv300,5241,41125873000.0,112058470634.0
phi2_conv300,5242,41125873000.0,112071347886.0
phi2_conv300,5243,41125873000.0,112084225138.0
phi2_conv300,5244,41125873000.0,112097102390.0
phi2_conv300,5245,41125873000.0,112109979642.0
phi2_conv300,5246,41125873000.0,112122856894.0
phi2_conv300,5247,41125873000.0,112135734146.0
phi2_conv300,5248,41125873000.0,112148611398.0
phi2_conv300,5249,41125873000.0,112161488650.0
phi2_conv300,5250,41125873000.0,112174365902.0
phi2_conv300,5251,41125873000.0,112187243154.0
phi2_conv300,5252,41125873000.0,112200120406.0
phi2_conv300,5253,41125873000.0,112212997658.0
phi2_conv300,5254,41125873000.0,112225874910.0
phi2_conv300,5255,41125873000.0,112238752162.0
phi2_conv300,5256,41125873000.0,112251629414.0
phi2_conv300,5257,41125873000.0,112264506666.0
phi2_conv300,5258,41125873000.0,112277383918.0
phi2_conv300,5259,41125873000.0,112290261170.0
phi2_conv300,5260,41125873000.0,112303138422.0
phi2_conv300,5261,42334055000.0,112585116938.0
phi2_conv300,5262,42334055000.0,112911385502.0
phi2_conv300,5263,42334055000.0,113125871539.0
phi2_conv300,5264,42334055000.0,113130473128.0
phi2_conv300,5265,42334055000.0,113135074717.0
phi2_conv300,5266,42334055000.0,113139676306.0
phi2_conv300,5267,42334055000.0,113144277895.0
phi2_conv300,5268,42334055000.0,113148879484.0
phi2_conv300,5269,42334055000.0,113153481073.0
phi2_conv300,5270,42334055000.0,113158082662.0
phi2_conv300,5271,42334055000.0,113162684251.0
phi2_conv300,5272,42334055000.0,113167285840.0
phi2_conv300,5273,42334055000.0,113171887429.0
phi2_conv300,5274,42334055000.0,113184703241.0
phi2_conv300,5275,42334055000.0,113188653037.0
phi2_conv300,5276,42334055000.0,113192602833.0
phi2_conv300,5277,42334055000.0,113196552629.0
phi2_conv300,5278,42334055000.0,113200502425.0
phi2_conv300,5279,42334055000.0,113204452221.0
phi2_conv300,5280,42334055000.0,113208402017.0
phi2_conv300,5281,42334055000.0,113212351813.0
phi2_conv300,5282,42334055000.0,113216301609.0
phi2_conv300,5283,42334055000.0,113220251405.0
phi2_conv300,5284,42530625000.0,113561727585.0
phi2_conv300,5285,42545263000.0,113747369343.0
phi2_conv300,5286,42545263000.0,113983209373.0
phi2_conv300,5287,42563820000.0,114322848758.0
phi2_conv300,5288,42563820000.0,114552937295.0
phi2_conv300,5289,42563820000.0,114586213510.0
phi2_conv300,5290,42563820000.0,114590779645.0
phi2_conv300,5291,42563820000.0,114595345780.0
phi2_conv300,5292,42563820000.0,114599911915.0
phi2_conv300,5293,42563820000.0,114604566114.0
phi2_conv300,5294,42563820000.0,114609220313.0
phi2_conv300,5295,42563820000.0,114613874512.0
phi2_conv300,5296,42685223000.0,114798628708.0
phi2_conv300,5297,42691238000.0,115005756964.0
phi2_conv300,5298,42691238000.0,115284895716.0
phi2_conv300,5299,42715300000.0,115699042991.0
phi2_conv300,5300,42715300000.0,115888204922.0
phi2_conv300,5301,42715300000.0,116129017631.0
phi2_conv300,5302,42715300000.0,116134505602.0
phi2_conv300,5303,42808573000.0,116359373847.0
phi2_conv300,5304,42808573000.0,116562316227.0
phi2_conv300,5305,42808573000.0,116567933103.0
phi2_conv300,5306,42808573000.0,116573549979.0
phi2_conv300,5307,42808573000.0,116579166855.0
phi2_conv300,5308,42808573000.0,116584783731.0
phi2_conv300,5309,42808573000.0,116590400607.0
phi2_conv300,5310,42808573000.0,116596038082.0
phi2_conv300,5311,42808573000.0,116601675557.0
phi2_conv300,5312,42808573000.0,116607313032.0
phi2_conv300,5313,42808573000.0,116612950507.0
phi2_conv300,5314,42808573000.0,116618587982.0
phi2_conv300,5315,42808573000.0,116624225457.0
phi2_conv300,5316,42808573000.0,116629862932.0
phi2_conv300,5317,42808573000.0,116635500407.0
phi2_conv300,5318,42808573000.0,116641137882.0
phi2_conv300,5319,42808573000.0,116646775357.0
phi2_conv300,5320,42808573000.0,116652412832.0
phi2_conv300,5321,42808573000.0,116658050307.0
phi2_conv300,5322,42808573000.0,116663687782.0
phi2_conv300,5323,42999747000.0,116710857694.0
phi2_conv300,5324,42999747000.0,116716472522.0
phi2_conv300,5325,42999747000.0,116722087350.0
phi2_conv300,5326,42999747000.0,116727702178.0
phi2_conv300,5327,42999747000.0,116733347726.0
phi2_conv300,5328,42999747000.0,116738772209.0
phi2_conv300,5329,42999747000.0,116744196692.0
phi2_conv300,5330,42999747000.0,116749621175.0
phi2_conv300,5331,42999747000.0,116754737745.0
phi2_conv300,5332,42999747000.0,116759854315.0
phi2_conv300,5333,42999747000.0,116765001605.0
phi2_conv300,5334,42999747000.0,116770148895.0
phi2_conv300,5335,42999747000.0,116775296185.0
phi2_conv300,5336,42999747000.0,116780443475.0
phi2_conv300,5337,42999747000.0,116785590765.0
phi2_conv300,5338,42999747000.0,116790738055.0
phi2_conv300,5339,42999747000.0,116795885345.0
phi2_conv300,5340,42999747000.0,116801032635.0
phi2_conv300,5341,42999747000.0,116806179925.0
phi2_conv300,5342,42999747000.0,116811327215.0
phi2_conv300,5343,42999747000.0,116816474505.0
phi2_conv300,5344,42999747000.0,116821621795.0
phi2_conv300,5345,42999747000.0,116826769085.0
phi2_conv300,5346,42999747000.0,116831916375.0
phi2_conv300,5347,43193461000.0,116879904869.0
phi2_conv300,5348,43193461000.0,116885116360.0
phi2_conv300,5349,43193461000.0,116890327851.0
phi2_conv300,5350,43193461000.0,116895539342.0
phi2_conv300,5351,43193461000.0,116900750833.0
phi2_conv300,5352,43193461000.0,116905962324.0
phi2_conv300,5353,43193461000.0,116911173815.0
phi2_conv300,5354,43193461000.0,116916385306.0
phi2_conv300,5355,43193461000.0,116921596797.0
phi2_conv300,5356,43193461000.0,116926808288.0
phi2_conv300,5357,43193461000.0,116932019779.0
phi2_conv300,5358,43193461000.0,116937231270.0
phi2_conv300,5359,43193461000.0,116942442761.0
phi2_conv300,5360,43193461000.0,116947656300.0
phi2_conv300,5361,43193461000.0,116952869839.0
phi2_conv300,5362,43193461000.0,116958083378.0
phi2_conv300,5363,43193461000.0,116963296917.0
phi2_conv300,5364,43193461000.0,116968510456.0
phi2_conv300,5365,43193461000.0,116973723995.0
phi2_conv300,5366,43193461000.0,116978939582.0
phi2_conv300,5367,43193461000.0,116984155169.0
phi2_conv300,5368,43193461000.0,116989370756.0
phi2_conv300,5369,43193461000.0,116994586343.0
phi2_conv300,5370,43193461000.0,116999801930.0
phi2_conv300,5371,43193461000.0,117005017517.0
phi2_conv300,5372,43193461000.0,117010263824.0
phi2_conv300,5373,43193461000.0,117015510131.0
phi2_conv300,5374,43193461000.0,117020756438.0
phi2_conv300,5375,43193461000.0,117026002745.0
phi2_conv300,5376,43193461000.0,117031094739.0
phi2_conv300,5377,43193461000.0,117036186733.0
phi2_conv300,5378,43193461000.0,117041278727.0
phi2_conv300,5379,43193461000.0,117046370721.0
phi2_conv300,5380,43193461000.0,117051462715.0
phi2_conv300,5381,43193461000.0,117056554709.0
phi2_conv300,5382,43193461000.0,117061646703.0
phi2_conv300,5383,43193461000.0,117066738697.0
phi2_conv300,5384,43193461000.0,117071830691.0
phi2_conv300,5385,43193461000.0,117076922685.0
phi2_conv300,5386,43193461000.0,117082014679.0
phi2_conv300,5387,43193461000.0,117087106673.0
phi2_conv300,5388,43193461000.0,117092229387.0
phi2_conv300,5389,43193461000.0,117097352101.0
phi2_conv300,5390,43193461000.0,117102474815.0
phi2_conv300,5391,43193461000.0,117107597529.0
phi2_conv300,5392,43193461000.0,117112720243.0
phi2_conv300,5393,43193461000.0,117117842957.0
phi2_conv300,5394,43193461000.0,117122965671.0
phi2_conv300,5395,43193461000.0,117128088385.0
phi2_conv300,5396,43193461000.0,117133211099.0
phi2_conv300,5397,43589055000.0,117285592531.0
phi2_conv300,5398,43589055000.0,117290869558.0
phi2_conv300,5399,43609910000.0,117515526859.0
phi2_conv300,5400,43609910000.0,117784461920.0
phi2_conv300,5401,43609910000.0,117869157336.0
phi2_conv300,5402,43609910000.0,117874593988.0
phi2_conv300,5403,43609910000.0,117880030640.0
phi2_conv300,5404,43609910000.0,117885467292.0
phi2_conv300,5405,43609910000.0,117890903944.0
phi2_conv300,5406,43609910000.0,117896340596.0
phi2_conv300,5407,43609910000.0,117901777248.0
phi2_conv300,5408,43609910000.0,117907213900.0
phi2_conv300,5409,43609910000.0,117912650552.0
phi2_conv300,5410,43609910000.0,117918087204.0
phi2_conv300,5411,43609910000.0,117923523856.0
phi2_conv300,5412,43609910000.0,117928739443.0
phi2_conv300,5413,43609910000.0,117933955030.0
phi2_conv300,5414,43609910000.0,117939170617.0
phi2_conv300,5415,43609910000.0,117944386204.0
phi2_conv300,5416,43609910000.0,117949601791.0
phi2_conv300,5417,43609910000.0,117954817378.0
phi2_conv300,5418,43791124000.0,118069581407.0
phi2_conv300,5419,43791124000.0,118074776395.0
phi2_conv300,5420,43791124000.0,118079971383.0
phi2_conv300,5421,43791124000.0,118085166371.0
phi2_conv300,5422,43791124000.0,118090361359.0
phi2_conv300,5423,43791124000.0,118095556347.0
phi2_conv300,5424,43791124000.0,118100751335.0
phi2_conv300,5425,43791124000.0,118105946323.0
phi2_conv300,5426,43791124000.0,118111141311.0
phi2_conv300,5427,43791124000.0,118116336299.0
phi2_conv300,5428,43791124000.0,118121531287.0
phi2_conv300,5429,43791124000.0,118126756995.0
phi2_conv300,5430,43893426000.0,118308132656.0
phi2_conv300,5431,43893426000.0,118566224349.0
phi2_conv300,5432,43923071000.0,118947819466.0
phi2_conv300,5433,43923071000.0,119206122103.0
phi2_conv300,5434,43923071000.0,119399531364.0
phi2_conv300,5435,43923071000.0,119405295462.0
phi2_conv300,5436,43923071000.0,119411059560.0
phi2_conv300,5437,43923071000.0,119416823658.0
phi2_conv300,5438,43923071000.0,119422587756.0
phi2_conv300,5439,43923071000.0,119428351854.0
phi2_conv300,5440,44040741000.0,119611940362.0
phi2_conv300,5441,44040741000.0,119863231654.0
phi2_conv300,5442,44061321000.0,120057139954.0
phi2_conv300,5443,44061321000.0,120478023806.0
phi2_conv300,5444,44061321000.0,120597842796.0
phi2_conv300,5445,44061321000.0,120604312521.0
phi2_conv300,5446,44061321000.0,120610782246.0
phi2_conv300,5447,44061321000.0,120617251971.0
phi2_conv300,5448,44061321000.0,120623721696.0
phi2_conv300,5449,44061321000.0,120630191421.0
phi2_conv300,5450,44061321000.0,120636661146.0
phi2_conv300,5451,44061321000.0,120643161591.0
phi2_conv300,5452,44061321000.0,120649662036.0
phi2_conv300,5453,44061321000.0,120656162481.0
phi2_conv300,5454,44061321000.0,120662662926.0
phi2_conv300,5455,44061321000.0,120669163371.0
phi2_conv300,5456,44061321000.0,120675663816.0
phi2_conv300,5457,44061321000.0,120682164261.0
phi2_conv300,5458,44061321000.0,120688664706.0
phi2_conv300,5459,44061321000.0,120695165151.0
phi2_conv300,5460,44061321000.0,120701665596.0
phi2_conv300,5461,44061321000.0,120708166041.0
phi2_conv300,5462,44061321000.0,120714727926.0
phi2_conv300,5463,44061321000.0,120721147301.0
phi2_conv300,5464,44061321000.0,120727566676.0
phi2_conv300,5465,44061321000.0,120733986051.0
phi2_conv300,5466,44061321000.0,120740405426.0
phi2_conv300,5467,44061321000.0,120746824801.0
phi2_conv300,5468,44061321000.0,120753244176.0
phi2_conv300,5469,44061321000.0,120759663551.0
phi2_conv300,5470,44061321000.0,120766082926.0
phi2_conv300,5471,44061321000.0,120772502301.0
phi2_conv300,5472,44061321000.0,120778921676.0
phi2_conv300,5473,44061321000.0,120785341051.0
phi2_conv300,5474,44061321000.0,120791760426.0
phi2_conv300,5475,44061321000.0,120798179801.0
phi2_conv300,5476,44061321000.0,120804599176.0
phi2_conv300,5477,44061321000.0,120811018551.0
phi2_conv300,5478,44061321000.0,120817437926.0
phi2_conv300,5479,44061321000.0,120823857301.0
phi2_conv300,5480,44061321000.0,120830276676.0
phi2_conv300,5481,44061321000.0,120836696051.0
phi2_conv300,5482,44061321000.0,120843115426.0
phi2_conv300,5483,44061321000.0,120849534801.0
phi2_conv300,5484,44061321000.0,120855954176.0
phi2_conv300,5485,44061321000.0,120862082818.0
phi2_conv300,5486,44061321000.0,120868211460.0
phi2_conv300,5487,44061321000.0,120874340102.0
phi2_conv300,5488,44061321000.0,120880468744.0
phi2_conv300,5489,44061321000.0,120886597386.0
phi2_conv300,5490,44061321000.0,120892726028.0
phi2_conv300,5491,44061321000.0,120898854670.0
phi2_conv300,5492,44061321000.0,120904983312.0
phi2_conv300,5493,44061321000.0,120911111954.0
phi2_conv300,5494,44061321000.0,120917240596.0
phi2_conv300,5495,44061321000.0,120923369238.0
phi2_conv300,5496,44061321000.0,120929497880.0
phi2_conv300,5497,44061321000.0,120935626522.0
phi2_conv300,5498,44061321000.0,120941755164.0
phi2_conv300,5499,44061321000.0,120947883806.0
phi2_conv300,5500,44061321000.0,120954012448.0
phi2_conv300,5501,44061321000.0,120960141090.0
phi2_conv300,5502,44061321000.0,120966269732.0
phi2_conv300,5503,44061321000.0,120972398374.0
phi2_conv300,5504,44061321000.0,120978527016.0
phi2_conv300,5505,44061321000.0,120984655658.0
phi2_conv300,5506,44061321000.0,120990784300.0
phi2_conv300,5507,44061321000.0,120996912942.0
phi2_conv300,5508,44061321000.0,121003041584.0
phi2_conv300,5509,44061321000.0,121009170226.0
phi2_conv300,5510,44061321000.0,121015298868.0
phi2_conv300,5511,44061321000.0,121021427510.0
phi2_conv300,5512,44061321000.0,121027556152.0
phi2_conv300,5513,44061321000.0,121033684794.0
phi2_conv300,5514,44061321000.0,121039813436.0
phi2_conv300,5515,44061321000.0,121045942078.0
phi2_conv300,5516,44061321000.0,121052101440.0
phi2_conv300,5517,44828079000.0,121236085212.0
phi2_conv300,5518,44828079000.0,121487771768.0
phi2_conv300,5519,44828079000.0,121631700839.0
phi2_conv300,5520,44828079000.0,121638243094.0
phi2_conv300,5521,44828079000.0,121644785349.0
phi2_conv300,5522,44828079000.0,121651327604.0
phi2_conv300,5523,44828079000.0,121657869859.0
phi2_conv300,5524,44828079000.0,121664412114.0
phi2_conv300,5525,44828079000.0,121670954369.0
phi2_conv300,5526,44828079000.0,121677496624.0
phi2_conv300,5527,44828079000.0,121684038879.0
phi2_conv300,5528,44828079000.0,121690581134.0
phi2_conv300,5529,44828079000.0,121697123389.0
phi2_conv300,5530,44828079000.0,121703665644.0
phi2_conv300,5531,44828079000.0,121710207899.0
phi2_conv300,5532,44828079000.0,121716750154.0
phi2_conv300,5533,45009757000.0,122093757654.0
phi2_conv300,5534,45009757000.0,122515036770.0
phi2_conv300,5535,45025513000.0,122846784125.0
phi2_conv300,5536,45025513000.0,123089825176.0
phi2_conv300,5537,45104946000.0,123310138228.0
phi2_conv300,5538,45104946000.0,123550571600.0
phi2_conv300,5539,45120367000.0,123703454181.0
phi2_conv300,5540,45120367000.0,123711420587.0
phi2_conv300,5541,45174957000.0,124081836117.0
phi2_conv300,5542,45174957000.0,124287103320.0
phi2_conv300,5543,45174957000.0,124295544652.0
phi2_conv300,5544,45174957000.0,124303985984.0
phi2_conv300,5545,45246852000.0,124488924122.0
phi2_conv300,5546,45246852000.0,124723530356.0
phi2_conv300,5547,45246852000.0,124767982024.0
phi2_conv300,5548,45246852000.0,124776603580.0
phi2_conv300,5549,45246852000.0,124785225136.0
phi2_conv300,5550,45246852000.0,124793846692.0
phi2_conv300,5551,45246852000.0,124802468248.0
phi2_conv300,5552,45246852000.0,124811089804.0
phi2_conv300,5553,45246852000.0,124819711360.0
phi2_conv300,5554,45246852000.0,124828332916.0
phi2_conv300,5555,45246852000.0,124836954472.0
phi2_conv300,5556,45246852000.0,124845576028.0
phi2_conv300,5557,45246852000.0,124854197584.0
phi2_conv300,5558,45246852000.0,124862819140.0
phi2_conv300,5559,45246852000.0,124871176714.0
phi2_conv300,5560,45246852000.0,124879534288.0
phi2_conv300,5561,45246852000.0,124887891862.0
phi2_conv300,5562,45246852000.0,124896280156.0
phi2_conv300,5563,45246852000.0,124904668450.0
phi2_conv300,5564,45246852000.0,124913056744.0
phi2_conv300,5565,45246852000.0,124921445038.0
phi2_conv300,5566,45246852000.0,124929833332.0
phi2_conv300,5567,45502752000.0,125300609310.0
phi2_conv300,5568,45502752000.0,125715648712.0
phi2_conv300,5569,45530242000.0,125997685858.0
phi2_conv300,5570,45530242000.0,126232179452.0
phi2_conv300,5571,45530242000.0,126376631821.0
phi2_conv300,5572,45530242000.0,126385887407.0
phi2_conv300,5573,45530242000.0,126395142993.0
phi2_conv300,5574,45530242000.0,126404398579.0
phi2_conv300,5575,45530242000.0,126413654165.0
phi2_conv300,5576,45530242000.0,126422909751.0
phi2_conv300,5577,45530242000.0,126432165337.0
phi2_conv300,5578,45530242000.0,126441420923.0
phi2_conv300,5579,45530242000.0,126450676509.0
phi2_conv300,5580,45530242000.0,126459478289.0
phi2_conv300,5581,45530242000.0,126468280069.0
phi2_conv300,5582,45530242000.0,126477081849.0
phi2_conv300,5583,45530242000.0,126485883629.0
phi2_conv300,5584,45530242000.0,126494685409.0
phi2_conv300,5585,45530242000.0,126503487189.0
phi2_conv300,5586,45530242000.0,126512288969.0
phi2_conv300,5587,45530242000.0,126521090749.0
phi2_conv300,5588,45530242000.0,126529892529.0
phi2_conv300,5589,45530242000.0,126538694309.0
phi2_conv300,5590,45530242000.0,126547496089.0
phi2_conv300,5591,45530242000.0,126556297869.0
phi2_conv300,5592,45530242000.0,126565099649.0
phi2_conv300,5593,45530242000.0,126573901429.0
phi2_conv300,5594,45530242000.0,126582703209.0
phi2_conv300,5595,45530242000.0,126591504989.0
phi2_conv300,5596,45530242000.0,126600337489.0
phi2_conv300,5597,45530242000.0,126609169989.0
phi2_conv300,5598,45530242000.0,126618002489.0
phi2_conv300,5599,45530242000.0,126626834989.0
phi2_conv300,5600,45530242000.0,126635667489.0
phi2_conv300,5601,45530242000.0,126644499989.0
phi2_conv300,5602,45530242000.0,126653332489.0
phi2_conv300,5603,45530242000.0,126662164989.0
phi2_conv300,5604,45530242000.0,126670997489.0
phi2_conv300,5605,45980822000.0,126856326795.0
phi2_conv300,5606,45980822000.0,127091324197.0
phi2_conv300,5607,45980822000.0,127344053183.0
phi2_conv300,5608,45980822000.0,127684297305.0
phi2_conv300,5609,45980822000.0,128082577651.0
phi2_conv300,5610,46102321000.0,128530995484.0
phi2_conv300,5611,46102321000.0,128898820357.0
phi2_conv300,5612,46102321000.0,129311407342.0
phi2_conv300,5613,46102321000.0,129724999895.0
phi2_conv300,5614,46102321000.0,130226105536.0
phi2_conv300,5615,46102321000.0,130769040553.0
phi2_conv300,5616,46102321000.0,131312981138.0
phi2_conv300,5617,46102321000.0,132031445115.0
phi2_conv300,5618,46102321000.0,132750914660.0
phi2_conv300,5619,46190439000.0,133016410749.0
phi2_conv300,5620,46190439000.0,133331809174.0
phi2_conv300,5621,46230075000.0,133551953246.0
phi2_conv300,5622,46230075000.0,133740876326.0
phi2_conv300,5623,46406559000.0,133965069214.0
phi2_conv300,5624,46406559000.0,134155947030.0
phi2_conv300,5625,46406559000.0,134326998928.0
phi2_conv300,5626,46406559000.0,134338534217.0
phi2_conv300,5627,46406559000.0,134350069506.0
phi2_conv300,5628,46406559000.0,134361604795.0
phi2_conv300,5629,46406559000.0,134373201524.0
phi2_conv300,5630,46406559000.0,134384798253.0
phi2_conv300,5631,46406559000.0,134396125815.0
phi2_conv300,5632,46406559000.0,134407453377.0
phi2_conv300,5633,46626689000.0,134482534287.0
phi2_conv300,5634,46626689000.0,134494010184.0
phi2_conv300,5635,46626689000.0,134505486081.0
phi2_conv300,5636,46678144000.0,134867209512.0
phi2_conv300,5637,46678144000.0,135273184079.0
phi2_conv300,5638,46678144000.0,135680654710.0
phi2_conv300,5639,46678144000.0,136175630237.0
phi2_conv300,5640,46678144000.0,136711498180.0
phi2_conv300,5641,46678144000.0,137249322987.0
phi2_conv300,5642,46678144000.0,137960766994.0
phi2_conv300,5643,46678144000.0,138673707065.0
phi2_conv300,5644,46678144000.0,138876206575.0
phi2_conv300,5645,46678144000.0,138888574229.0
phi2_conv300,5646,46678144000.0,138900082894.0
phi2_conv300,5647,46678144000.0,138911591559.0
phi2_conv300,5648,46678144000.0,138923100224.0
phi2_conv300,5649,46678144000.0,138934608889.0
phi2_conv300,5650,46678144000.0,138946117554.0
phi2_conv300,5651,46678144000.0,138957687659.0
phi2_conv300,5652,46678144000.0,138969257764.0
phi2_conv300,5653,46678144000.0,138980827869.0
phi2_conv300,5654,46678144000.0,138992397974.0
phi2_conv300,5655,46678144000.0,139003968079.0
phi2_conv300,5656,46678144000.0,139015568904.0
phi2_conv300,5657,46678144000.0,139027169729.0
phi2_conv300,5658,46678144000.0,139038770554.0
phi2_conv300,5659,46678144000.0,139050402099.0
phi2_conv300,5660,46678144000.0,139062033644.0
phi2_conv300,5661,46678144000.0,139073665189.0
phi2_conv300,5662,46678144000.0,139085327454.0
phi2_conv300,5663,46678144000.0,139096989719.0
phi2_conv300,5664,46678144000.0,139108651984.0
phi2_conv300,5665,47209725000.0,139180423054.0
phi2_conv300,5666,47209725000.0,139192331956.0
phi2_conv300,5667,47209725000.0,139204240858.0
phi2_conv300,5668,47209725000.0,139215692179.0
phi2_conv300,5669,47209725000.0,139226230896.0
phi2_conv300,5670,47209725000.0,139236800333.0
phi2_conv300,5671,47209725000.0,139247369770.0
phi2_conv300,5672,47209725000.0,139257939207.0
phi2_conv300,5673,47209725000.0,139268508644.0
phi2_conv300,5674,47209725000.0,139279078081.0
phi2_conv300,5675,47209725000.0,139289678238.0
phi2_conv300,5676,47209725000.0,139300309115.0
phi2_conv300,5677,47209725000.0,139310939992.0
phi2_conv300,5678,47209725000.0,139321570869.0
phi2_conv300,5679,47209725000.0,139332201746.0
phi2_conv300,5680,47209725000.0,139342832623.0
phi2_conv300,5681,47209725000.0,139353463500.0
phi2_conv300,5682,47209725000.0,139364094377.0
phi2_conv300,5683,47209725000.0,139374479192.0
phi2_conv300,5684,47459940000.0,139742494529.0
phi2_conv300,5685,47459940000.0,140154769194.0
phi2_conv300,5686,47459940000.0,140360865034.0
phi2_conv300,5687,47459940000.0,140371219129.0
phi2_conv300,5688,47459940000.0,140381573224.0
phi2_conv300,5689,47459940000.0,140391927319.0
phi2_conv300,5690,47459940000.0,140402281414.0
phi2_conv300,5691,47459940000.0,140412635509.0
phi2_conv300,5692,47459940000.0,140422989604.0
phi2_conv300,5693,47459940000.0,140432312774.0
phi2_conv300,5694,47459940000.0,140441635944.0
phi2_conv300,5695,47459940000.0,140450959114.0
phi2_conv300,5696,47459940000.0,140460313004.0
phi2_conv300,5697,47459940000.0,140469666894.0
phi2_conv300,5698,47459940000.0,140479020784.0
phi2_conv300,5699,47459940000.0,140488374674.0
phi2_conv300,5700,47459940000.0,140497728564.0
phi2_conv300,5701,47459940000.0,140506628648.0
phi2_conv300,5702,47459940000.0,140515528732.0
phi2_conv300,5703,47459940000.0,140524428816.0
phi2_conv300,5704,47734062000.0,140709825706.0
phi2_conv300,5705,47734062000.0,140944890692.0
phi2_conv300,5706,47734062000.0,141071317317.0
phi2_conv300,5707,47734062000.0,141080217401.0
phi2_conv300,5708,47734062000.0,141089117485.0
phi2_conv300,5709,47734062000.0,141098017569.0
phi2_conv300,5710,47734062000.0,141106412007.0
phi2_conv300,5711,47734062000.0,141114806445.0
phi2_conv300,5712,47734062000.0,141123200883.0
phi2_conv300,5713,47734062000.0,141131595321.0
phi2_conv300,5714,47734062000.0,141139989759.0
phi2_conv300,5715,47734062000.0,141148384197.0
phi2_conv300,5716,47734062000.0,141156809355.0
phi2_conv300,5717,47734062000.0,141165234513.0
phi2_conv300,5718,47734062000.0,141173690391.0
phi2_conv300,5719,47925302000.0,141356886289.0
phi2_conv300,5720,47925302000.0,141641771501.0
phi2_conv300,5721,47925302000.0,141661259318.0
phi2_conv300,5722,47925302000.0,141669101471.0
phi2_conv300,5723,47925302000.0,141676943624.0
phi2_conv300,5724,47925302000.0,141684785777.0
phi2_conv300,5725,47925302000.0,141692627930.0
phi2_conv300,5726,47925302000.0,141700470083.0
phi2_conv300,5727,48032991000.0,141883573821.0
phi2_conv300,5728,48032991000.0,142119954231.0
phi2_conv300,5729,48045529000.0,142366771233.0
phi2_conv300,5730,48045529000.0,142781281227.0
phi2_conv300,5731,48045529000.0,143197305717.0
phi2_conv300,5732,48045529000.0,143700847391.0
phi2_conv300,5733,48045529000.0,144246290121.0
phi2_conv300,5734,48045529000.0,144792810099.0
phi2_conv300,5735,48045529000.0,145513354781.0
phi2_conv300,5736,48045529000.0,146235413959.0
phi2_conv300,5737,48134608000.0,146681760097.0
phi2_conv300,5738,48134608000.0,146873405435.0
phi2_conv300,5739,48296375000.0,147089189028.0
phi2_conv300,5740,48296375000.0,147147787240.0
phi2_conv300,5741,48296375000.0,147157899671.0
phi2_conv300,5742,48296375000.0,147168012102.0
phi2_conv300,5743,48296375000.0,147178124533.0
phi2_conv300,5744,48296375000.0,147188236964.0
phi2_conv300,5745,48296375000.0,147198349395.0
phi2_conv300,5746,48296375000.0,147208461826.0
phi2_conv300,5747,48296375000.0,147218574257.0
phi2_conv300,5748,48296375000.0,147228686688.0
phi2_conv300,5749,48296375000.0,147238829839.0
phi2_conv300,5750,48296375000.0,147248972990.0
phi2_conv300,5751,48296375000.0,147259116141.0
phi2_conv300,5752,48296375000.0,147269259292.0
phi2_conv300,5753,48296375000.0,147279402443.0
phi2_conv300,5754,48296375000.0,147289545594.0
phi2_conv300,5755,48296375000.0,147299688745.0
phi2_conv300,5756,48296375000.0,147309831896.0
phi2_conv300,5757,48296375000.0,147319975047.0
phi2_conv300,5758,48296375000.0,147330118198.0
phi2_conv300,5759,48296375000.0,147340261349.0
phi2_conv300,5760,48296375000.0,147350404500.0
phi2_conv300,5761,48296375000.0,147360547651.0
phi2_conv300,5762,48296375000.0,147370690802.0
phi2_conv300,5763,48296375000.0,147380833953.0
phi2_conv300,5764,48296375000.0,147390977104.0
phi2_conv300,5765,48296375000.0,147401120255.0
phi2_conv300,5766,48296375000.0,147411263406.0
phi2_conv300,5767,48296375000.0,147421437277.0
phi2_conv300,5768,48709657000.0,147692158582.0
phi2_conv300,5769,48709657000.0,148007137167.0
phi2_conv300,5770,48709657000.0,148169580271.0
phi2_conv300,5771,48709657000.0,148180000204.0
phi2_conv300,5772,48709657000.0,148190420137.0
phi2_conv300,5773,48709657000.0,148200840070.0
phi2_conv300,5774,48709657000.0,148211260003.0
phi2_conv300,5775,48709657000.0,148221679936.0
phi2_conv300,5776,48709657000.0,148232099869.0
phi2_conv300,5777,48709657000.0,148242519802.0
phi2_conv300,5778,48709657000.0,148252939735.0
phi2_conv300,5779,48709657000.0,148263359668.0
phi2_conv300,5780,48709657000.0,148273779601.0
phi2_conv300,5781,48709657000.0,148284199534.0
phi2_conv300,5782,48709657000.0,148294619467.0
phi2_conv300,5783,48709657000.0,148305039400.0
phi2_conv300,5784,48709657000.0,148315459333.0
phi2_conv300,5785,48709657000.0,148325879266.0
phi2_conv300,5786,48709657000.0,148336299199.0
phi2_conv300,5787,48709657000.0,148346719132.0
phi2_conv300,5788,48995607000.0,148531178596.0
phi2_conv300,5789,48995607000.0,148803017787.0
phi2_conv300,5790,48995607000.0,148813925509.0
phi2_conv300,5791,48995607000.0,148824833231.0
phi2_conv300,5792,48995607000.0,148835740953.0
phi2_conv300,5793,48995607000.0,148846648675.0
phi2_conv300,5794,48995607000.0,148857556397.0
phi2_conv300,5795,48995607000.0,148868464119.0
phi2_conv300,5796,48995607000.0,148879371841.0
phi2_conv300,5797,48995607000.0,148889330974.0
phi2_conv300,5798,48995607000.0,148899290107.0
phi2_conv300,5799,48995607000.0,148909249240.0
phi2_conv300,5800,48995607000.0,148919208373.0
phi2_conv300,5801,48995607000.0,148929167506.0
phi2_conv300,5802,48995607000.0,148939126639.0
phi2_conv300,5803,48995607000.0,148949085772.0
phi2_conv300,5804,49227038000.0,149023657267.0
phi2_conv300,5805,49227038000.0,149033954685.0
phi2_conv300,5806,49227038000.0,149044252103.0
phi2_conv300,5807,49227038000.0,149054549521.0
phi2_conv300,5808,49227038000.0,149064846939.0
phi2_conv300,5809,49227038000.0,149075144357.0
phi2_conv300,5810,49227038000.0,149085441775.0
phi2_conv300,5811,49227038000.0,149095739193.0
phi2_conv300,5812,49227038000.0,149106036611.0
phi2_conv300,5813,49227038000.0,149116334029.0
phi2_conv300,5814,49227038000.0,149126631447.0
phi2_conv300,5815,49227038000.0,149136928865.0
phi2_conv300,5816,49227038000.0,149146887998.0
phi2_conv300,5817,49227038000.0,149156847131.0
phi2_conv300,5818,49227038000.0,149166806264.0
phi2_conv300,5819,49227038000.0,149176765397.0
phi2_conv300,5820,49227038000.0,149186724530.0
phi2_conv300,5821,49227038000.0,149196683663.0
phi2_conv300,5822,49227038000.0,149206642796.0
phi2_conv300,5823,49227038000.0,149216632649.0
phi2_conv300,5824,49227038000.0,149226622502.0
phi2_conv300,5825,49227038000.0,149236612355.0
phi2_conv300,5826,49227038000.0,149246602208.0
phi2_conv300,5827,49227038000.0,149256345999.0
phi2_conv300,5828,49227038000.0,149266089790.0
phi2_conv300,5829,49227038000.0,149275833581.0
phi2_conv300,5830,49227038000.0,149285577372.0
phi2_conv300,5831,49561183000.0,149341501196.0
phi2_conv300,5832,49561183000.0,149351247337.0
phi2_conv300,5833,49587457000.0,149535033009.0
phi2_conv300,5834,49587457000.0,149781096313.0
phi2_conv300,5835,49587457000.0,149833979235.0
phi2_conv300,5836,49587457000.0,149844243885.0
phi2_conv300,5837,49660912000.0,150033651237.0
phi2_conv300,5838,49660912000.0,150232011364.0
phi2_conv300,5839,49660912000.0,150242245294.0
phi2_conv300,5840,49724480000.0,150431591206.0
phi2_conv300,5841,49724480000.0,150674201502.0
phi2_conv300,5842,49742685000.0,150918765253.0
phi2_conv300,5843,49742685000.0,151323764972.0
phi2_conv300,5844,49742691000.0,151558982531.0
phi2_conv300,5845,49742691000.0,151808704794.0
phi2_conv300,5846,49832434000.0,152013106273.0
phi2_conv300,5847,49832434000.0,152371121832.0
phi2_conv300,5848,49878430000.0,152588905630.0
phi2_conv300,5849,49878430000.0,152826824084.0
phi2_conv300,5850,49878430000.0,153164520688.0
phi2_conv300,5851,49878430000.0,153176828511.0
phi2_conv300,5852,49878430000.0,153189136334.0
phi2_conv300,5853,49878430000.0,153201444157.0
phi2_conv300,5854,49878430000.0,153213751980.0
phi2_conv300,5855,49878430000.0,153226059803.0
phi2_conv300,5856,49878430000.0,153238367626.0
phi2_conv300,5857,49878430000.0,153250675449.0
phi2_conv300,5858,49878430000.0,153262983272.0
phi2_conv300,5859,49878430000.0,153275321815.0
phi2_conv300,5860,49878430000.0,153287170777.0
phi2_conv300,5861,49878430000.0,153299050459.0
phi2_conv300,5862,49878430000.0,153310930141.0
phi2_conv300,5863,49878430000.0,153322840543.0
phi2_conv300,5864,49878430000.0,153334750945.0
phi2_conv300,5865,49878430000.0,153346661347.0
phi2_conv300,5866,49878430000.0,153358571749.0
phi2_conv300,5867,49878430000.0,153370482151.0
phi2_conv300,5868,50228524000.0,153553405661.0
phi2_conv300,5869,50228524000.0,153791387603.0
phi2_conv300,5870,50228524000.0,153803661013.0
phi2_conv300,5871,50228524000.0,153815479255.0
phi2_conv300,5872,50228524000.0,153827297497.0
phi2_conv300,5873,50228524000.0,153839115739.0
phi2_conv300,5874,50228524000.0,153850933981.0
phi2_conv300,5875,50228524000.0,153862782943.0
phi2_conv300,5876,50228524000.0,153874719969.0
phi2_conv300,5877,50228524000.0,153886656995.0
phi2_conv300,5878,50228524000.0,153898594021.0
phi2_conv300,5879,50228524000.0,153910531047.0
phi2_conv300,5880,50228524000.0,153922468073.0
phi2_conv300,5881,50228524000.0,153934405099.0
phi2_conv300,5882,50228524000.0,153945970815.0
phi2_conv300,5883,50228524000.0,153957536531.0
phi2_conv300,5884,50228524000.0,153969132967.0
phi2_conv300,5885,50228524000.0,153980729403.0
phi2_conv300,5886,50486136000.0,154338430594.0
phi2_conv300,5887,50486136000.0,154740378825.0
phi2_conv300,5888,50486136000.0,155012057931.0
phi2_conv300,5889,50486136000.0,155024117837.0
phi2_conv300,5890,50486136000.0,155036177743.0
phi2_conv300,5891,50486136000.0,155048268369.0
phi2_conv300,5892,50486136000.0,155060358995.0
phi2_conv300,5893,50486136000.0,155072449621.0
phi2_conv300,5894,50631087000.0,155162027624.0
phi2_conv300,5895,50631087000.0,155174366167.0
phi2_conv300,5896,50657657000.0,155348442347.0
phi2_conv300,5897,50657657000.0,155580684607.0
phi2_conv300,5898,50657657000.0,155827023251.0
phi2_conv300,5899,50657657000.0,155870192253.0
phi2_conv300,5900,50741785000.0,156221103554.0
phi2_conv300,5901,50741785000.0,156511338814.0
phi2_conv300,5902,50741785000.0,156524737655.0
phi2_conv300,5903,50741785000.0,156538136496.0
phi2_conv300,5904,50741785000.0,156551566057.0
phi2_conv300,5905,50741785000.0,156564995618.0
phi2_conv300,5906,50741785000.0,156578425179.0
phi2_conv300,5907,50741785000.0,156591854740.0
phi2_conv300,5908,50741785000.0,156605284301.0
phi2_conv300,5909,50894221000.0,156788788865.0
phi2_conv300,5910,50894221000.0,157023739189.0
phi2_conv300,5911,50908333000.0,157235354905.0
phi2_conv300,5912,50908333000.0,157490312189.0
phi2_conv300,5913,50995179000.0,157815133137.0
phi2_conv300,5914,50995179000.0,157863807477.0
phi2_conv300,5915,50995179000.0,157878785655.0
phi2_conv300,5916,50995179000.0,157893513643.0
phi2_conv300,5917,50995179000.0,157908241631.0
phi2_conv300,5918,50995179000.0,157922969619.0
phi2_conv300,5919,51121242000.0,158184429351.0
phi2_conv300,5920,51121242000.0,158490121787.0
phi2_conv300,5921,51121242000.0,158579406720.0
phi2_conv300,5922,51121242000.0,158594595842.0
phi2_conv300,5923,51121242000.0,158609784964.0
phi2_conv300,5924,51121242000.0,158625004806.0
phi2_conv300,5925,51121242000.0,158640224648.0
phi2_conv300,5926,51121242000.0,158655475210.0
phi2_conv300,5927,51121242000.0,158670725772.0
phi2_conv300,5928,51121242000.0,158685976334.0
phi2_conv300,5929,51121242000.0,158701257616.0
phi2_conv300,5930,51121242000.0,158716626962.0
phi2_conv300,5931,51121242000.0,158731504454.0
phi2_conv300,5932,51121242000.0,158746381946.0
phi2_conv300,5933,51365096000.0,158932051294.0
phi2_conv300,5934,51365096000.0,159167149074.0
phi2_conv300,5935,51365096000.0,159294318326.0
phi2_conv300,5936,51365096000.0,159308572572.0
phi2_conv300,5937,51365096000.0,159322826818.0
phi2_conv300,5938,51365096000.0,159337081064.0
phi2_conv300,5939,51479026000.0,159522719692.0
phi2_conv300,5940,51479026000.0,159729512571.0
phi2_conv300,5941,51479026000.0,159744328623.0
phi2_conv300,5942,51479026000.0,159758552149.0
phi2_conv300,5943,51479026000.0,159772775675.0
phi2_conv300,5944,51479026000.0,159786999201.0
phi2_conv300,5945,51479026000.0,159801222727.0
phi2_conv300,5946,51479026000.0,159815446253.0
phi2_conv300,5947,51621416000.0,160001054161.0
phi2_conv300,5948,51621416000.0,160177440295.0
phi2_conv300,5949,51678347000.0,160438895931.0
phi2_conv300,5950,51678347000.0,160744584271.0
phi2_conv300,5951,51678347000.0,160821193487.0
phi2_conv300,5952,51678347000.0,160836347793.0
phi2_conv300,5953,51678347000.0,160851532819.0
phi2_conv300,5954,51678347000.0,160866717845.0
phi2_conv300,5955,51678347000.0,160881902871.0
phi2_conv300,5956,51678347000.0,160897087897.0
phi2_conv300,5957,51678347000.0,160911934669.0
phi2_conv300,5958,51678347000.0,160926781441.0
phi2_conv300,5959,51678347000.0,160941628213.0
phi2_conv300,5960,51678347000.0,160956474985.0
phi2_conv300,5961,51678347000.0,160970729231.0
phi2_conv300,5962,51678347000.0,160984983477.0
phi2_conv300,5963,51678347000.0,160999237723.0
phi2_conv300,5964,51678347000.0,161013491969.0
phi2_conv300,5965,51940252000.0,161112299820.0
phi2_conv300,5966,51940252000.0,161126904928.0
phi2_conv300,5967,51940252000.0,161141510036.0
phi2_conv300,5968,51940252000.0,161156115144.0
phi2_conv300,5969,51940252000.0,161170720252.0
phi2_conv300,5970,51940252000.0,161185356080.0
phi2_conv300,5971,51940252000.0,161199991908.0
phi2_conv300,5972,51940252000.0,161214627736.0
phi2_conv300,5973,51940252000.0,161229263564.0
phi2_conv300,5974,51940252000.0,161243930112.0
phi2_conv300,5975,51940252000.0,161258627380.0
phi2_conv300,5976,52120220000.0,161520056392.0
phi2_conv300,5977,52120220000.0,161737779486.0
phi2_conv300,5978,52120220000.0,161752876448.0
phi2_conv300,5979,52120220000.0,161767973410.0
phi2_conv300,5980,52120220000.0,161783070372.0
phi2_conv300,5981,52120220000.0,161798167334.0
phi2_conv300,5982,52227631000.0,162030906089.0
phi2_conv300,5983,52227631000.0,162307875500.0
phi2_conv300,5984,52248622000.0,162544311151.0
phi2_conv300,5985,52248622000.0,162777111346.0
phi2_conv300,5986,52248622000.0,163054630645.0
phi2_conv300,5987,52257840000.0,163343559269.0
phi2_conv300,5988,52257840000.0,163359031490.0
phi2_conv300,5989,52257840000.0,163374503711.0
phi2_conv300,5990,52257840000.0,163389975932.0
phi2_conv300,5991,52257840000.0,163405448153.0
phi2_conv300,5992,52257840000.0,163420920374.0
phi2_conv300,5993,52257840000.0,163436392595.0
phi2_conv300,5994,52257840000.0,163451864816.0
phi2_conv300,5995,52257840000.0,163467050431.0
phi2_conv300,5996,52257840000.0,163482236046.0
phi2_conv300,5997,52257840000.0,163497421661.0
phi2_conv300,5998,52257840000.0,163512607276.0
phi2_conv300,5999,52257840000.0,163527792891.0
phi2_conv300,6000,52257840000.0,163542978506.0
phi2_conv300,6001,52257840000.0,163558164121.0
phi2_conv300,6002,52257840000.0,163573349736.0
phi2_conv300,6003,52257840000.0,163588477418.0
phi2_conv300,6004,52257840000.0,163603605100.0
phi2_conv300,6005,52257840000.0,163618732782.0
phi2_conv300,6006,52257840000.0,163633860464.0
phi2_conv300,6007,52257840000.0,163648988146.0
phi2_conv300,6008,52257840000.0,163664115828.0
phi2_conv300,6009,52257840000.0,163679243510.0
phi2_conv300,6010,52257840000.0,163694371192.0
phi2_conv300,6011,52257840000.0,163709498874.0
phi2_conv300,6012,52257840000.0,163724165422.0
phi2_conv300,6013,52257840000.0,163738831970.0
phi2_conv300,6014,52257840000.0,163753498518.0
phi2_conv300,6015,52257840000.0,163768226506.0
phi2_conv300,6016,52257840000.0,163782954494.0
phi2_conv300,6017,52257840000.0,163797713202.0
phi2_conv300,6018,52257840000.0,163812471910.0
phi2_conv300,6019,52883306000.0,163998053194.0
phi2_conv300,6020,52883306000.0,164393565855.0
phi2_conv300,6021,52883306000.0,164407912261.0
phi2_conv300,6022,52883306000.0,164422258667.0
phi2_conv300,6023,52883306000.0,164436605073.0
phi2_conv300,6024,52883306000.0,164450951479.0
phi2_conv300,6025,52883306000.0,164465297885.0
phi2_conv300,6026,52883306000.0,164479675011.0
phi2_conv300,6027,52883306000.0,164494052137.0
phi2_conv300,6028,52883306000.0,164508429263.0
phi2_conv300,6029,52883306000.0,164522806389.0
phi2_conv300,6030,52883306000.0,164537214235.0
phi2_conv300,6031,52883306000.0,164551622081.0
phi2_conv300,6032,52883306000.0,164565291258.0
phi2_conv300,6033,52883306000.0,164579021875.0
phi2_conv300,6034,52883306000.0,164592752492.0
phi2_conv300,6035,53143328000.0,164650519286.0
phi2_conv300,6036,53172040000.0,164836129242.0
phi2_conv300,6037,53172040000.0,165073928588.0
phi2_conv300,6038,53172040000.0,165088685248.0
phi2_conv300,6039,53172040000.0,165103441908.0
phi2_conv300,6040,53172040000.0,165118198568.0
phi2_conv300,6041,53172040000.0,165132985948.0
phi2_conv300,6042,53172040000.0,165147773328.0
phi2_conv300,6043,53172040000.0,165162560708.0
phi2_conv300,6044,53172040000.0,165177348088.0
phi2_conv300,6045,53172040000.0,165192135468.0
phi2_conv300,6046,53172040000.0,165206922848.0
phi2_conv300,6047,53172040000.0,165221710228.0
phi2_conv300,6048,53172040000.0,165236497608.0
phi2_conv300,6049,53172040000.0,165251284988.0
phi2_conv300,6050,53172040000.0,165266072368.0
phi2_conv300,6051,53172040000.0,165280859748.0
phi2_conv300,6052,53172040000.0,165295647128.0
phi2_conv300,6053,53172040000.0,165310434508.0
phi2_conv300,6054,53172040000.0,165324782962.0
phi2_conv300,6055,53172040000.0,165339131416.0
phi2_conv300,6056,53172040000.0,165353479870.0
phi2_conv300,6057,53172040000.0,165367828324.0
phi2_conv300,6058,53172040000.0,165382176778.0
phi2_conv300,6059,53172040000.0,165396525232.0
phi2_conv300,6060,53172040000.0,165410873686.0
phi2_conv300,6061,53563248000.0,165489682033.0
phi2_conv300,6062,53563248000.0,165504412069.0
phi2_conv300,6063,53563248000.0,165519142105.0
phi2_conv300,6064,53563248000.0,165533872141.0
phi2_conv300,6065,53563248000.0,165548602177.0
phi2_conv300,6066,53563248000.0,165563332213.0
phi2_conv300,6067,53563248000.0,165578062249.0
phi2_conv300,6068,53563248000.0,165592794333.0
phi2_conv300,6069,53563248000.0,165607526417.0
phi2_conv300,6070,53706456000.0,165868990245.0
phi2_conv300,6071,53706456000.0,166174717497.0
phi2_conv300,6072,53706456000.0,166218914491.0
phi2_conv300,6073,53706456000.0,166234076989.0
phi2_conv300,6074,53706456000.0,166249270207.0
phi2_conv300,6075,53706456000.0,166264463425.0
phi2_conv300,6076,53706456000.0,166279656643.0
phi2_conv300,6077,53706456000.0,166294599671.0
phi2_conv300,6078,53706456000.0,166309542699.0
phi2_conv300,6079,53706456000.0,166324485727.0
phi2_conv300,6080,53706456000.0,166339428755.0
phi2_conv300,6081,53706456000.0,166354371783.0
phi2_conv300,6082,53706456000.0,166369376251.0
phi2_conv300,6083,53706456000.0,166384380719.0
phi2_conv300,6084,53706456000.0,166399385187.0
phi2_conv300,6085,53706456000.0,166414389655.0
phi2_conv300,6086,53992761000.0,166504413629.0
phi2_conv300,6087,53992761000.0,166519668287.0
phi2_conv300,6088,54022464000.0,166752564738.0
phi2_conv300,6089,54022464000.0,167029691845.0
phi2_conv300,6090,54022464000.0,167383272960.0
phi2_conv300,6091,54022464000.0,167398827215.0
phi2_conv300,6092,54117659000.0,167583269153.0
phi2_conv300,6093,54117659000.0,167860334820.0
phi2_conv300,6094,54117659000.0,167928154195.0
phi2_conv300,6095,54117659000.0,167943585570.0
phi2_conv300,6096,54117659000.0,167958717348.0
phi2_conv300,6097,54117659000.0,167973849126.0
phi2_conv300,6098,54117659000.0,167988980904.0
phi2_conv300,6099,54117659000.0,168003651548.0
phi2_conv300,6100,54117659000.0,168018322192.0
phi2_conv300,6101,54117659000.0,168032992836.0
phi2_conv300,6102,54117659000.0,168047663480.0
phi2_conv300,6103,54117659000.0,168062364844.0
phi2_conv300,6104,54117659000.0,168076746066.0
phi2_conv300,6105,54117659000.0,168091127288.0
phi2_conv300,6106,54117659000.0,168105508510.0
phi2_conv300,6107,54117659000.0,168119889732.0
phi2_conv300,6108,54117659000.0,168134270954.0
phi2_conv300,6109,54117659000.0,168148652176.0
phi2_conv300,6110,54117659000.0,168163033398.0
phi2_conv300,6111,54117659000.0,168177414620.0
phi2_conv300,6112,54117659000.0,168191795842.0
phi2_conv300,6113,54117659000.0,168206177064.0
phi2_conv300,6114,54117659000.0,168220589006.0
phi2_conv300,6115,54117659000.0,168235000948.0
phi2_conv300,6116,54117659000.0,168249412890.0
phi2_conv300,6117,54117659000.0,168263824832.0
phi2_conv300,6118,54117659000.0,168278236774.0
phi2_conv300,6119,54117659000.0,168292679436.0
phi2_conv300,6120,54117659000.0,168307122098.0
phi2_conv300,6121,54117659000.0,168321564760.0
phi2_conv300,6122,54117659000.0,168336038142.0
phi2_conv300,6123,54117659000.0,168350511524.0
phi2_conv300,6124,54117659000.0,168365015626.0
phi2_conv300,6125,54117659000.0,168379519728.0
phi2_conv300,6126,54117659000.0,168394023830.0
phi2_conv300,6127,54117659000.0,168407274016.0
phi2_conv300,6128,54117659000.0,168420524202.0
phi2_conv300,6129,54117659000.0,168433774388.0
phi2_conv300,6130,54117659000.0,168447024574.0
phi2_conv300,6131,54117659000.0,168460274760.0
phi2_conv300,6132,54117659000.0,168473524946.0
phi2_conv300,6133,54117659000.0,168486775132.0
phi2_conv300,6134,54117659000.0,168500025318.0
phi2_conv300,6135,54117659000.0,168513275504.0
phi2_conv300,6136,54117659000.0,168526525690.0
phi2_conv300,6137,54117659000.0,168539775876.0
phi2_conv300,6138,54117659000.0,168553026062.0
phi2_conv300,6139,54117659000.0,168566276248.0
phi2_conv300,6140,54117659000.0,168579526434.0
phi2_conv300,6141,54117659000.0,168592807340.0
phi2_conv300,6142,54117659000.0,168606088246.0
phi2_conv300,6143,54117659000.0,168619369152.0
phi2_conv300,6144,54117659000.0,168632650058.0
phi2_conv300,6145,54117659000.0,168645930964.0
phi2_conv300,6146,54117659000.0,168659211870.0
phi2_conv300,6147,54117659000.0,168672523496.0
phi2_conv300,6148,54117659000.0,168685835122.0
phi2_conv300,6149,54117659000.0,168699146748.0
phi2_conv300,6150,54117659000.0,168712458374.0
phi2_conv300,6151,54117659000.0,168725770000.0
phi2_conv300,6152,54117659000.0,168739081626.0
phi2_conv300,6153,54117659000.0,168752393252.0
phi2_conv300,6154,54117659000.0,168765704878.0
phi2_conv300,6155,54117659000.0,168779016504.0
phi2_conv300,6156,55083021000.0,169130232957.0
phi2_conv300,6157,55083021000.0,169525688258.0
phi2_conv300,6158,55110396000.0,169968851830.0
phi2_conv300,6159,55110396000.0,169995853788.0
phi2_conv300,6160,55110396000.0,170010085506.0
phi2_conv300,6161,55110396000.0,170024347944.0
phi2_conv300,6162,55110396000.0,170038610382.0
phi2_conv300,6163,55110396000.0,170052872820.0
phi2_conv300,6164,55110396000.0,170066396589.0
phi2_conv300,6165,55110396000.0,170079435831.0
phi2_conv300,6166,55110396000.0,170092475073.0
phi2_conv300,6167,55110396000.0,170105602379.0
phi2_conv300,6168,55110396000.0,170118817749.0
phi2_conv300,6169,55110396000.0,170132033119.0
phi2_conv300,6170,55110396000.0,170145279209.0
phi2_conv300,6171,55339650000.0,170496430126.0
phi2_conv300,6172,55339650000.0,170891819891.0
phi2_conv300,6173,55339650000.0,171118682732.0
phi2_conv300,6174,55339650000.0,171132382629.0
phi2_conv300,6175,55339650000.0,171146082526.0
phi2_conv300,6176,55339650000.0,171159451496.0
phi2_conv300,6177,55339650000.0,171172820466.0
phi2_conv300,6178,55339650000.0,171186189436.0
phi2_conv300,6179,55339650000.0,171199558406.0
phi2_conv300,6180,55339650000.0,171212927376.0
phi2_conv300,6181,55339650000.0,171226296346.0
phi2_conv300,6182,55339650000.0,171239696036.0
phi2_conv300,6183,55339650000.0,171253095726.0
phi2_conv300,6184,55339650000.0,171266495416.0
phi2_conv300,6185,55339650000.0,171279895106.0
phi2_conv300,6186,55339650000.0,171293294796.0
phi2_conv300,6187,55339650000.0,171306694486.0
phi2_conv300,6188,55339650000.0,171320094176.0
phi2_conv300,6189,55339650000.0,171332978621.0
phi2_conv300,6190,55339650000.0,171345863066.0
phi2_conv300,6191,55339650000.0,171358747511.0
phi2_conv300,6192,55339650000.0,171371631956.0
phi2_conv300,6193,55339650000.0,171384516401.0
phi2_conv300,6194,55339650000.0,171397400846.0
phi2_conv300,6195,55339650000.0,171410285291.0
phi2_conv300,6196,55339650000.0,171423169736.0
phi2_conv300,6197,55339650000.0,171436054181.0
phi2_conv300,6198,55339650000.0,171448938626.0
phi2_conv300,6199,55339650000.0,171461823071.0
phi2_conv300,6200,55339650000.0,171474707516.0
phi2_conv300,6201,55339650000.0,171487591961.0
phi2_conv300,6202,55339650000.0,171500476406.0
phi2_conv300,6203,55339650000.0,171513391571.0
phi2_conv300,6204,55339650000.0,171526306736.0
phi2_conv300,6205,55339650000.0,171538794783.0
phi2_conv300,6206,55339650000.0,171551282830.0
phi2_conv300,6207,55339650000.0,171563770877.0
phi2_conv300,6208,55339650000.0,171576258924.0
phi2_conv300,6209,55339650000.0,171588777691.0
phi2_conv300,6210,55339650000.0,171601296458.0
phi2_conv300,6211,55339650000.0,171613815225.0
phi2_conv300,6212,55339650000.0,171626333992.0
phi2_conv300,6213,55339650000.0,171638852759.0
phi2_conv300,6214,55339650000.0,171651123609.0
phi2_conv300,6215,55339650000.0,171663394459.0
phi2_conv300,6216,55339650000.0,171675665309.0
phi2_conv300,6217,55339650000.0,171687441969.0
phi2_conv300,6218,55339650000.0,171699218629.0
phi2_conv300,6219,55339650000.0,171710995289.0
phi2_conv300,6220,55339650000.0,171722771949.0
phi2_conv300,6221,55339650000.0,171734548609.0
phi2_conv300,6222,55339650000.0,171746325269.0
phi2_conv300,6223,55339650000.0,171757650491.0
phi2_conv300,6224,55339650000.0,171768975713.0
phi2_conv300,6225,55339650000.0,171780300935.0
phi2_conv300,6226,55339650000.0,171791626157.0
phi2_conv300,6227,55339650000.0,171802951379.0
phi2_conv300,6228,55339650000.0,171814276601.0
phi2_conv300,6229,55339650000.0,171825601823.0
phi2_conv300,6230,55339650000.0,171836927045.0
phi2_conv300,6231,55339650000.0,171848252267.0
phi2_conv300,6232,55339650000.0,171859577489.0
phi2_conv300,6233,55339650000.0,171870902711.0
phi2_conv300,6234,55339650000.0,171882258653.0
phi2_conv300,6235,55339650000.0,171893614595.0
phi2_conv300,6236,55339650000.0,171904970537.0
phi2_conv300,6237,55339650000.0,171916326479.0
phi2_conv300,6238,55339650000.0,171927682421.0
phi2_conv300,6239,55339650000.0,171939038363.0
phi2_conv300,6240,55339650000.0,171950394305.0
phi2_conv300,6241,55339650000.0,171961811687.0
phi2_conv300,6242,55339650000.0,171973229069.0
phi2_conv300,6243,55339650000.0,171984646451.0
phi2_conv300,6244,55339650000.0,171996063833.0
phi2_conv300,6245,55339650000.0,172007481215.0
phi2_conv300,6246,55339650000.0,172018408248.0
phi2_conv300,6247,55339650000.0,172029215618.0
phi2_conv300,6248,55339650000.0,172040022988.0
phi2_conv300,6249,55339650000.0,172050861078.0
phi2_conv300,6250,55339650000.0,172061699168.0
phi2_conv300,6251,55339650000.0,172072537258.0
phi2_conv300,6252,55339650000.0,172083375348.0
phi2_conv300,6253,55339650000.0,172094213438.0
phi2_conv300,6254,55339650000.0,172105051528.0
phi2_conv300,6255,55339650000.0,172115889618.0
phi2_conv300,6256,55339650000.0,172126178479.0
phi2_conv300,6257,55339650000.0,172136467340.0
phi2_conv300,6258,55339650000.0,172146756201.0
phi2_conv300,6259,55339650000.0,172157045062.0
phi2_conv300,6260,55339650000.0,172167421987.0
phi2_conv300,6261,56587820000.0,172351838443.0
phi2_conv300,6262,56587820000.0,172598532531.0
phi2_conv300,6263,56587820000.0,172675683389.0
phi2_conv300,6264,56587820000.0,172686578823.0
phi2_conv300,6265,56587820000.0,172696832566.0
phi2_conv300,6266,56587820000.0,172707086309.0
phi2_conv300,6267,56587820000.0,172717340052.0
phi2_conv300,6268,56587820000.0,172727593795.0
phi2_conv300,6269,56587820000.0,172737878258.0
phi2_conv300,6270,56587820000.0,172748162721.0
phi2_conv300,6271,56587820000.0,172757784899.0
phi2_conv300,6272,56587820000.0,172767407077.0
phi2_conv300,6273,56587820000.0,172777029255.0
phi2_conv300,6274,56587820000.0,172786682153.0
phi2_conv300,6275,56587820000.0,172796335051.0
phi2_conv300,6276,56587820000.0,172805987949.0
phi2_conv300,6277,56587820000.0,172815640847.0
phi2_conv300,6278,56587820000.0,172824962819.0
phi2_conv300,6279,56587820000.0,172834284791.0
phi2_conv300,6280,56587820000.0,172843606763.0
phi2_conv300,6281,56587820000.0,172852423089.0
phi2_conv300,6282,56587820000.0,172861239415.0
phi2_conv300,6283,56587820000.0,172870055741.0
phi2_conv300,6284,56587820000.0,172878319782.0
phi2_conv300,6285,56587820000.0,172886583823.0
phi2_conv300,6286,56587820000.0,172894847864.0
phi2_conv300,6287,56587820000.0,172903111905.0
phi2_conv300,6288,56587820000.0,172911375946.0
phi2_conv300,6289,56587820000.0,172919639987.0
phi2_conv300,6290,56965420000.0,173103227053.0
phi2_conv300,6291,56965420000.0,173340090791.0
phi2_conv300,6292,56965420000.0,173669871906.0
phi2_conv300,6293,56965420000.0,173678718952.0
phi2_conv300,6294,56965420000.0,173687565998.0
phi2_conv300,6295,56965420000.0,173696413044.0
phi2_conv300,6296,56965420000.0,173705260090.0
phi2_conv300,6297,56965420000.0,173714107136.0
phi2_conv300,6298,56965420000.0,173722463337.0
phi2_conv300,6299,56965420000.0,173730819538.0
phi2_conv300,6300,56965420000.0,173739175739.0
phi2_conv300,6301,56965420000.0,173747531940.0
phi2_conv300,6302,56965420000.0,173755888141.0
phi2_conv300,6303,56965420000.0,173764275062.0
phi2_conv300,6304,56965420000.0,173772661983.0
phi2_conv300,6305,56965420000.0,173781048904.0
phi2_conv300,6306,56965420000.0,173789040178.0
phi2_conv300,6307,56965420000.0,173797031452.0
phi2_conv300,6308,56965420000.0,173805022726.0
phi2_conv300,6309,56965420000.0,173813014000.0
phi2_conv300,6310,57217515000.0,174054084300.0
phi2_conv300,6311,57217515000.0,174339422120.0
phi2_conv300,6312,57217515000.0,174409388628.0
phi2_conv300,6313,57280079000.0,174592975694.0
phi2_conv300,6314,57280079000.0,174829870152.0
phi2_conv300,6315,57280079000.0,174843049358.0
phi2_conv300,6316,57280079000.0,174851865684.0
phi2_conv300,6317,57280079000.0,174860682010.0
phi2_conv300,6318,57280079000.0,174869498336.0
phi2_conv300,6319,57280079000.0,174878345382.0
phi2_conv300,6320,57280079000.0,174887192428.0
phi2_conv300,6321,57280079000.0,174896039474.0
phi2_conv300,6322,57280079000.0,174904886520.0
phi2_conv300,6323,57414624000.0,175276121250.0
phi2_conv300,6324,57414624000.0,175691619404.0
phi2_conv300,6325,57452439000.0,176051766758.0
phi2_conv300,6326,57492631000.0,176278639567.0
phi2_conv300,6327,57492631000.0,176646585272.0
phi2_conv300,6328,57503945000.0,176961963217.0
phi2_conv300,6329,57511147000.0,177128636057.0
phi2_conv300,6330,57511147000.0,177313021793.0
phi2_conv300,6331,57577696000.0,177531104553.0
phi2_conv300,6332,57577696000.0,177719534065.0
phi2_conv300,6333,57577696000.0,177912940727.0
phi2_conv300,6334,57577696000.0,177923133332.0
phi2_conv300,6335,57577696000.0,177933110595.0
phi2_conv300,6336,57577696000.0,177943087858.0
phi2_conv300,6337,57577696000.0,177953065121.0
phi2_conv300,6338,57577696000.0,177963042384.0
phi2_conv300,6339,57577696000.0,177973081087.0
phi2_conv300,6340,57577696000.0,177983119790.0
phi2_conv300,6341,57577696000.0,177993158493.0
phi2_conv300,6342,57780753000.0,178263744630.0
phi2_conv300,6343,57780753000.0,178675703903.0
phi2_conv300,6344,57780753000.0,179089171528.0
phi2_conv300,6345,57780753000.0,179590152241.0
phi2_conv300,6346,57780753000.0,180132361242.0
phi2_conv300,6347,57780753000.0,180676176899.0
phi2_conv300,6348,57780753000.0,181394406380.0
phi2_conv300,6349,57780753000.0,182059161557.0
phi2_conv300,6350,57780753000.0,182201404134.0
phi2_conv300,6351,57780753000.0,182211872917.0
phi2_conv300,6352,57780753000.0,182222341700.0
phi2_conv300,6353,57780753000.0,182232810483.0
phi2_conv300,6354,57780753000.0,182243279266.0
phi2_conv300,6355,57780753000.0,182253748049.0
phi2_conv300,6356,57780753000.0,182264216832.0
phi2_conv300,6357,57780753000.0,182274084770.0
phi2_conv300,6358,57780753000.0,182283952708.0
phi2_conv300,6359,57780753000.0,182293820646.0
phi2_conv300,6360,57780753000.0,182303688584.0
phi2_conv300,6361,57780753000.0,182313556522.0
phi2_conv300,6362,57780753000.0,182323424460.0
phi2_conv300,6363,57780753000.0,182333292398.0
phi2_conv300,6364,57780753000.0,182342675810.0
phi2_conv300,6365,57780753000.0,182352059222.0
phi2_conv300,6366,57780753000.0,182361442634.0
phi2_conv300,6367,57780753000.0,182370826046.0
phi2_conv300,6368,57780753000.0,182380209458.0
phi2_conv300,6369,57780753000.0,182389592870.0
phi2_conv300,6370,57780753000.0,182398976282.0
phi2_conv300,6371,57780753000.0,182408359694.0
phi2_conv300,6372,58265729000.0,182557082740.0
phi2_conv300,6373,58265729000.0,182566709014.0
phi2_conv300,6374,58265729000.0,182576335288.0
phi2_conv300,6375,58265729000.0,182585961562.0
phi2_conv300,6376,58265729000.0,182595587836.0
phi2_conv300,6377,58265729000.0,182604729584.0
phi2_conv300,6378,58265729000.0,182613871332.0
phi2_conv300,6379,58265729000.0,182623013080.0
phi2_conv300,6380,58265729000.0,182632154828.0
phi2_conv300,6381,58265729000.0,182640852370.0
phi2_conv300,6382,58265729000.0,182649580632.0
phi2_conv300,6383,58265729000.0,182657756609.0
phi2_conv300,6384,58265729000.0,182665932586.0
phi2_conv300,6385,58265729000.0,182674196627.0
phi2_conv300,6386,58265729000.0,182682460668.0
phi2_conv300,6387,58265729000.0,182690724709.0
phi2_conv300,6388,58265729000.0,182698988750.0
phi2_conv300,6389,58464914000.0,182774640511.0
phi2_conv300,6390,58464914000.0,182783215173.0
phi2_conv300,6391,58464914000.0,182791789835.0
phi2_conv300,6392,58464914000.0,182800364497.0
phi2_conv300,6393,58464914000.0,182808939159.0
phi2_conv300,6394,58464914000.0,182816592896.0
phi2_conv300,6395,58464914000.0,182824246633.0
phi2_conv300,6396,58464914000.0,182831900370.0
phi2_conv300,6397,58464914000.0,182839554107.0
phi2_conv300,6398,58464914000.0,182847207844.0
phi2_conv300,6399,58464914000.0,182854861581.0
phi2_conv300,6400,58464914000.0,182862515318.0
phi2_conv300,6401,58464914000.0,182870169055.0
phi2_conv300,6402,58464914000.0,182877822792.0
phi2_conv300,6403,58464914000.0,182885476529.0
phi2_conv300,6404,58464914000.0,182893130266.0
phi2_conv300,6405,58464914000.0,182900784003.0
phi2_conv300,6406,58464914000.0,182908437740.0
phi2_conv300,6407,58464914000.0,182916091477.0
phi2_conv300,6408,58464914000.0,182923775934.0
phi2_conv300,6409,58464914000.0,182931460391.0
phi2_conv300,6410,58464914000.0,182939144848.0
phi2_conv300,6411,58464914000.0,182946829305.0
phi2_conv300,6412,58464914000.0,182954513762.0
phi2_conv300,6413,58464914000.0,182961894732.0
phi2_conv300,6414,58464914000.0,182969275702.0
phi2_conv300,6415,58464914000.0,182976656672.0
phi2_conv300,6416,58464914000.0,182984037642.0
phi2_conv300,6417,58464914000.0,182991418612.0
phi2_conv300,6418,58464914000.0,182998799582.0
phi2_conv300,6419,58464914000.0,183006180552.0
phi2_conv300,6420,58464914000.0,183013561522.0
phi2_conv300,6421,58464914000.0,183020942492.0
phi2_conv300,6422,58464914000.0,183027895545.0
phi2_conv300,6423,58464914000.0,183034848598.0
phi2_conv300,6424,58464914000.0,183041801651.0
phi2_conv300,6425,58464914000.0,183048754704.0
phi2_conv300,6426,58464914000.0,183055707757.0
phi2_conv300,6427,58464914000.0,183062660810.0
phi2_conv300,6428,58464914000.0,183069613863.0
phi2_conv300,6429,58464914000.0,183076566916.0
phi2_conv300,6430,58464914000.0,183083289395.0
phi2_conv300,6431,58464914000.0,183089598261.0
phi2_conv300,6432,58464914000.0,183095907127.0
phi2_conv300,6433,58464914000.0,183102215993.0
phi2_conv300,6434,58464914000.0,183108524859.0
phi2_conv300,6435,58464914000.0,183114833725.0
phi2_conv300,6436,58464914000.0,183121142591.0
phi2_conv300,6437,58464914000.0,183127451457.0
phi2_conv300,6438,58464914000.0,183133760323.0
phi2_conv300,6439,58464914000.0,183140069189.0
phi2_conv300,6440,58464914000.0,183146378055.0
phi2_conv300,6441,58464914000.0,183152686921.0
phi2_conv300,6442,58464914000.0,183158995787.0
phi2_conv300,6443,58464914000.0,183165304653.0
phi2_conv300,6444,58464914000.0,183171613519.0
phi2_conv300,6445,58464914000.0,183177594939.0
phi2_conv300,6446,58464914000.0,183183576359.0
phi2_conv300,6447,58464914000.0,183189557779.0
phi2_conv300,6448,58464914000.0,183195539199.0
phi2_conv300,6449,58464914000.0,183201520619.0
phi2_conv300,6450,58464914000.0,183207502039.0
phi2_conv300,6451,58464914000.0,183213323834.0
phi2_conv300,6452,58464914000.0,183219145629.0
phi2_conv300,6453,58464914000.0,183224967424.0
phi2_conv300,6454,58464914000.0,183230789219.0
phi2_conv300,6455,58464914000.0,183236611014.0
phi2_conv300,6456,58464914000.0,183242432809.0
phi2_conv300,6457,58464914000.0,183248254604.0
phi2_conv300,6458,58464914000.0,183254076399.0
phi2_conv300,6459,58464914000.0,183259898194.0
phi2_conv300,6460,58464914000.0,183265719989.0
phi2_conv300,6461,58464914000.0,183271541784.0
phi2_conv300,6462,58464914000.0,183277363579.0
phi2_conv300,6463,58464914000.0,183283185374.0
phi2_conv300,6464,58464914000.0,183289007169.0
phi2_conv300,6465,58464914000.0,183294828964.0
phi2_conv300,6466,58464914000.0,183300650759.0
phi2_conv300,6467,58464914000.0,183306472554.0
phi2_conv300,6468,58464914000.0,183312294349.0
phi2_conv300,6469,58464914000.0,183318116144.0
phi2_conv300,6470,58464914000.0,183323937939.0
phi2_conv300,6471,58464914000.0,183329605421.0
phi2_conv300,6472,58464914000.0,183335272903.0
phi2_conv300,6473,58464914000.0,183340940385.0
phi2_conv300,6474,58464914000.0,183346607867.0
phi2_conv300,6475,58464914000.0,183352275349.0
phi2_conv300,6476,58464914000.0,183357942831.0
phi2_conv300,6477,58464914000.0,183363610313.0
phi2_conv300,6478,58464914000.0,183369277795.0
phi2_conv300,6479,58464914000.0,183374945277.0
phi2_conv300,6480,58464914000.0,183380612759.0
phi2_conv300,6481,58464914000.0,183386310961.0
phi2_conv300,6482,58464914000.0,183392009163.0
phi2_conv300,6483,58464914000.0,183397707365.0
phi2_conv300,6484,58464914000.0,183403405567.0
phi2_conv300,6485,58464914000.0,183409103769.0
phi2_conv300,6486,58464914000.0,183414801971.0
phi2_conv300,6487,58464914000.0,183420500173.0
phi2_conv300,6488,58464914000.0,183426198375.0
phi2_conv300,6489,58464914000.0,183431896577.0
phi2_conv300,6490,58464914000.0,183437594779.0
phi2_conv300,6491,58464914000.0,183443292981.0
phi2_conv300,6492,58464914000.0,183448991183.0
phi2_conv300,6493,58464914000.0,183454689385.0
phi2_conv300,6494,58464914000.0,183460387587.0
phi2_conv300,6495,58464914000.0,183466085789.0
phi2_conv300,6496,58464914000.0,183471783991.0
phi2_conv300,6497,58464914000.0,183477482193.0
phi2_conv300,6498,58464914000.0,183483180395.0
phi2_conv300,6499,58464914000.0,183488878597.0
phi2_conv300,6500,58464914000.0,183494576799.0
phi2_conv300,6501,58464914000.0,183500275001.0
phi2_conv300,6502,58464914000.0,183505973203.0
phi2_conv300,6503,58464914000.0,183511671405.0
phi2_conv300,6504,58464914000.0,183517369607.0
phi2_conv300,6505,58464914000.0,183523067809.0
phi2_conv300,6506,58464914000.0,183528796731.0
phi2_conv300,6507,58464914000.0,183534525653.0
phi2_conv300,6508,58464914000.0,183540254575.0
phi2_conv300,6509,58464914000.0,183545983497.0
phi2_conv300,6510,58464914000.0,183551332601.0
phi2_conv300,6511,58464914000.0,183556681705.0
phi2_conv300,6512,58464914000.0,183562061529.0
phi2_conv300,6513,58464914000.0,183567441353.0
phi2_conv300,6514,58464914000.0,183572821177.0
phi2_conv300,6515,58464914000.0,183578201001.0
phi2_conv300,6516,58464914000.0,183583580825.0
phi2_conv300,6517,58464914000.0,183588960649.0
phi2_conv300,6518,58464914000.0,183594340473.0
phi2_conv300,6519,58464914000.0,183599720297.0
phi2_conv300,6520,58464914000.0,183605100121.0
phi2_conv300,6521,58464914000.0,183610479945.0
phi2_conv300,6522,58464914000.0,183615890489.0
phi2_conv300,6523,58464914000.0,183621301033.0
phi2_conv300,6524,58464914000.0,183626711577.0
phi2_conv300,6525,58464914000.0,183632122121.0
phi2_conv300,6526,58464914000.0,183637532665.0
phi2_conv300,6527,58464914000.0,183642943209.0
phi2_conv300,6528,58464914000.0,183648353753.0
phi2_conv300,6529,58464914000.0,183653764297.0
phi2_conv300,6530,58464914000.0,183659174841.0
phi2_conv300,6531,58464914000.0,183664585385.0
phi2_conv300,6532,58464914000.0,183669995929.0
phi2_conv300,6533,58464914000.0,183675406473.0
phi2_conv300,6534,58464914000.0,183680817017.0
phi2_conv300,6535,58464914000.0,183686227561.0
phi2_conv300,6536,58464914000.0,183691638105.0
phi2_conv300,6537,58464914000.0,183697048649.0
phi2_conv300,6538,58464914000.0,183702459193.0
phi2_conv300,6539,58464914000.0,183707931177.0
phi2_conv300,6540,58464914000.0,183713433881.0
phi2_conv300,6541,58464914000.0,183718936585.0
phi2_conv300,6542,58464914000.0,183724439289.0
phi2_conv300,6543,58464914000.0,183729941993.0
phi2_conv300,6544,58464914000.0,183735444697.0
phi2_conv300,6545,58464914000.0,183740947401.0
phi2_conv300,6546,58464914000.0,183746450105.0
phi2_conv300,6547,58464914000.0,183751952809.0
phi2_conv300,6548,58464914000.0,183757455513.0
phi2_conv300,6549,58464914000.0,183762958217.0
phi2_conv300,6550,58464914000.0,183768460921.0
phi2_conv300,6551,58464914000.0,183773963625.0
phi2_conv300,6552,58464914000.0,183779466329.0
phi2_conv300,6553,58464914000.0,183784969033.0
phi2_conv300,6554,58464914000.0,183790471737.0
phi2_conv300,6555,58464914000.0,183795613360.0
phi2_conv300,6556,59993520000.0,183843214563.0
phi2_conv300,6557,59993520000.0,183848473555.0
phi2_conv300,6558,59993520000.0,183853732547.0
phi2_conv300,6559,59993520000.0,183858991539.0
phi2_conv300,6560,59993520000.0,183864250531.0
phi2_conv300,6561,59993520000.0,183869509523.0
phi2_conv300,6562,59993520000.0,183874768515.0
phi2_conv300,6563,59993520000.0,183880027507.0
phi2_conv300,6564,59993520000.0,183885286499.0
phi2_conv300,6565,59993520000.0,183890545491.0
phi2_conv300,6566,59993520000.0,183895804483.0
phi2_conv300,6567,59993520000.0,183901063475.0
phi2_conv300,6568,59993520000.0,183906322467.0
phi2_conv300,6569,59993520000.0,183911581459.0
phi2_conv300,6570,59993520000.0,183916840451.0
phi2_conv300,6571,59993520000.0,183922099443.0
phi2_conv300,6572,59993520000.0,183927358435.0
phi2_conv300,6573,59993520000.0,183932617427.0
phi2_conv300,6574,59993520000.0,183937876419.0
phi2_conv300,6575,59993520000.0,183943137459.0
phi2_conv300,6576,60172200000.0,184222100083.0
phi2_conv300,6577,60172200000.0,184545344563.0
phi2_conv300,6578,60183596000.0,184751887038.0
phi2_conv300,6579,60183596000.0,184985184393.0
phi2_conv300,6580,60183596000.0,185160140652.0
phi2_conv300,6581,60183596000.0,185165966543.0
phi2_conv300,6582,60183596000.0,185171792434.0
phi2_conv300,6583,60183596000.0,185177618325.0
phi2_conv300,6584,60183596000.0,185183444216.0
phi2_conv300,6585,60183596000.0,185189270107.0
phi2_conv300,6586,60183596000.0,185195095998.0
phi2_conv300,6587,60183596000.0,185200921889.0
phi2_conv300,6588,60183596000.0,185206835844.0
phi2_conv300,6589,60183596000.0,185212749799.0
phi2_conv300,6590,60183596000.0,185218663754.0
phi2_conv300,6591,60183596000.0,185224577709.0
phi2_conv300,6592,60183596000.0,185230491664.0
phi2_conv300,6593,60183596000.0,185236405619.0
phi2_conv300,6594,60183596000.0,185242319574.0
phi2_conv300,6595,60183596000.0,185248233529.0
phi2_conv300,6596,60183596000.0,185254147484.0
phi2_conv300,6597,60183596000.0,185260061439.0
phi2_conv300,6598,60183596000.0,185265975394.0
phi2_conv300,6599,60183596000.0,185271889349.0
phi2_conv300,6600,60426171000.0,185497183578.0
phi2_conv300,6601,60426171000.0,185766755567.0
phi2_conv300,6602,60426171000.0,186037863556.0
phi2_conv300,6603,60426171000.0,186431433682.0
phi2_conv300,6604,60426171000.0,186437630142.0
phi2_conv300,6605,60426171000.0,186443826602.0
phi2_conv300,6606,60426171000.0,186449955597.0
phi2_conv300,6607,60426171000.0,186456084592.0
phi2_conv300,6608,60426171000.0,186462213587.0
phi2_conv300,6609,60426171000.0,186468342582.0
phi2_conv300,6610,60426171000.0,186474471577.0
phi2_conv300,6611,60426171000.0,186480600572.0
phi2_conv300,6612,60426171000.0,186486729567.0
phi2_conv300,6613,60426171000.0,186492858562.0
phi2_conv300,6614,60426171000.0,186498987557.0
phi2_conv300,6615,60426171000.0,186505116552.0
phi2_conv300,6616,60426171000.0,186511276267.0
phi2_conv300,6617,60426171000.0,186517435982.0
phi2_conv300,6618,60426171000.0,186523595697.0
phi2_conv300,6619,60648144000.0,186667719702.0
phi2_conv300,6620,60648144000.0,186673858818.0
phi2_conv300,6621,60648144000.0,186679997934.0
phi2_conv300,6622,60648144000.0,186686137050.0
phi2_conv300,6623,60648144000.0,186692276166.0
phi2_conv300,6624,60648144000.0,186698415282.0
phi2_conv300,6625,60648144000.0,186704554398.0
phi2_conv300,6626,60648144000.0,186710693514.0
phi2_conv300,6627,60648144000.0,186716832630.0
phi2_conv300,6628,60648144000.0,186722971746.0
phi2_conv300,6629,60648144000.0,186729110862.0
phi2_conv300,6630,60648144000.0,186735249978.0
phi2_conv300,6631,60648144000.0,186741389094.0
phi2_conv300,6632,60778525000.0,186808036404.0
phi2_conv300,6633,60778525000.0,186814320694.0
phi2_conv300,6634,60778525000.0,186820604984.0
phi2_conv300,6635,60778525000.0,186826979386.0
phi2_conv300,6636,60778525000.0,186833353788.0
phi2_conv300,6637,60831569000.0,187017552600.0
phi2_conv300,6638,60831569000.0,187314932545.0
phi2_conv300,6639,60872432000.0,187692124365.0
phi2_conv300,6640,60872432000.0,188113587801.0
phi2_conv300,6641,60872432000.0,188183621206.0
phi2_conv300,6642,60872432000.0,188190670515.0
phi2_conv300,6643,60872432000.0,188197719824.0
phi2_conv300,6644,60872432000.0,188204769133.0
phi2_conv300,6645,60872432000.0,188211818442.0
phi2_conv300,6646,60872432000.0,188218867751.0
phi2_conv300,6647,60872432000.0,188225917060.0
phi2_conv300,6648,60872432000.0,188232966369.0
phi2_conv300,6649,60872432000.0,188240015678.0
phi2_conv300,6650,60872432000.0,188247064987.0
phi2_conv300,6651,60872432000.0,188254114296.0
phi2_conv300,6652,60872432000.0,188261163605.0
phi2_conv300,6653,60872432000.0,188268212914.0
phi2_conv300,6654,60872432000.0,188275262223.0
phi2_conv300,6655,60872432000.0,188282311532.0
phi2_conv300,6656,60872432000.0,188288915227.0
phi2_conv300,6657,60872432000.0,188295518922.0
phi2_conv300,6658,60872432000.0,188302122617.0
phi2_conv300,6659,60872432000.0,188308757032.0
phi2_conv300,6660,60872432000.0,188315391447.0
phi2_conv300,6661,60872432000.0,188322025862.0
phi2_conv300,6662,60872432000.0,188328660277.0
phi2_conv300,6663,61145266000.0,188705759937.0
phi2_conv300,6664,61145266000.0,189127131213.0
phi2_conv300,6665,61145266000.0,189147095658.0
phi2_conv300,6666,61145266000.0,189153668633.0
phi2_conv300,6667,61145266000.0,189160241608.0
phi2_conv300,6668,61145266000.0,189166814583.0
phi2_conv300,6669,61145266000.0,189173184889.0
phi2_conv300,6670,61145266000.0,189179555195.0
phi2_conv300,6671,61145266000.0,189185925501.0
phi2_conv300,6672,61263537000.0,189370120217.0
phi2_conv300,6673,61263537000.0,189622017717.0
phi2_conv300,6674,61285563000.0,189899887937.0
phi2_conv300,6675,61285563000.0,190321377997.0
phi2_conv300,6676,61294115000.0,190628569832.0
phi2_conv300,6677,61294115000.0,190860500483.0
phi2_conv300,6678,61294115000.0,190992343917.0
phi2_conv300,6679,61294115000.0,190999847767.0
phi2_conv300,6680,61294115000.0,191007351617.0
phi2_conv300,6681,61294115000.0,191014886187.0
phi2_conv300,6682,61294115000.0,191022420757.0
phi2_conv300,6683,61294115000.0,191029955327.0
phi2_conv300,6684,61294115000.0,191037520617.0
phi2_conv300,6685,61294115000.0,191045085907.0
phi2_conv300,6686,61294115000.0,191052651197.0
phi2_conv300,6687,61294115000.0,191060247207.0
phi2_conv300,6688,61294115000.0,191067843217.0
phi2_conv300,6689,61294115000.0,191075439227.0
phi2_conv300,6690,61294115000.0,191082130986.0
phi2_conv300,6691,61294115000.0,191088822745.0
phi2_conv300,6692,61294115000.0,191095514504.0
phi2_conv300,6693,61294115000.0,191102206263.0
phi2_conv300,6694,61294115000.0,191108898022.0
phi2_conv300,6695,61294115000.0,191115589781.0
phi2_conv300,6696,61294115000.0,191121837207.0
phi2_conv300,6697,61294115000.0,191128084633.0
phi2_conv300,6698,61294115000.0,191134332059.0
phi2_conv300,6699,61294115000.0,191140579485.0
phi2_conv300,6700,61294115000.0,191146826911.0
phi2_conv300,6701,61294115000.0,191153074337.0
phi2_conv300,6702,61294115000.0,191159321763.0
phi2_conv300,6703,61294115000.0,191165569189.0
phi2_conv300,6704,61294115000.0,191171816615.0
phi2_conv300,6705,61294115000.0,191178064041.0
phi2_conv300,6706,61294115000.0,191184311467.0
phi2_conv300,6707,61294115000.0,191190558893.0
phi2_conv300,6708,61294115000.0,191196806319.0
phi2_conv300,6709,61294115000.0,191202695579.0
phi2_conv300,6710,61294115000.0,191208584839.0
phi2_conv300,6711,61294115000.0,191214474099.0
phi2_conv300,6712,61294115000.0,191220363359.0
phi2_conv300,6713,61294115000.0,191226252619.0
phi2_conv300,6714,61294115000.0,191232141879.0
phi2_conv300,6715,61294115000.0,191237963674.0
phi2_conv300,6716,61764605000.0,191426915685.0
phi2_conv300,6717,61764605000.0,191665981109.0
phi2_conv300,6718,61764605000.0,191671741464.0
phi2_conv300,6719,61764605000.0,191677501819.0
phi2_conv300,6720,61764605000.0,191683262174.0
phi2_conv300,6721,61764605000.0,191689022529.0
phi2_conv300,6722,61838028000.0,191859582958.0
phi2_conv300,6723,61838028000.0,192063436698.0
phi2_conv300,6724,61838028000.0,192069440412.0
phi2_conv300,6725,61838028000.0,192075444126.0
phi2_conv300,6726,61838028000.0,192081447840.0
phi2_conv300,6727,61906835000.0,192234641519.0
phi2_conv300,6728,61928694000.0,192611401211.0
phi2_conv300,6729,61928694000.0,193032432519.0
phi2_conv300,6730,61928694000.0,193101124836.0
phi2_conv300,6731,61928694000.0,193107742017.0
phi2_conv300,6732,61928694000.0,193114359198.0
phi2_conv300,6733,61928694000.0,193120976379.0
phi2_conv300,6734,61928694000.0,193127593560.0
phi2_conv300,6735,61928694000.0,193134210741.0
phi2_conv300,6736,61928694000.0,193140827922.0
phi2_conv300,6737,61928694000.0,193147445103.0
phi2_conv300,6738,61928694000.0,193154062284.0
phi2_conv300,6739,61928694000.0,193160679465.0
phi2_conv300,6740,61928694000.0,193167327366.0
phi2_conv300,6741,61928694000.0,193173975267.0
phi2_conv300,6742,61928694000.0,193180623168.0
phi2_conv300,6743,61928694000.0,193187271069.0
phi2_conv300,6744,61928694000.0,193193949690.0
phi2_conv300,6745,61928694000.0,193200628311.0
phi2_conv300,6746,61928694000.0,193207306932.0
phi2_conv300,6747,61928694000.0,193214016273.0
phi2_conv300,6748,61928694000.0,193220725614.0
phi2_conv300,6749,61928694000.0,193227434955.0
phi2_conv300,6750,61928694000.0,193234144296.0
phi2_conv300,6751,62174486000.0,193420144451.0
phi2_conv300,6752,62174486000.0,193663029854.0
phi2_conv300,6753,62174486000.0,193863140793.0
phi2_conv300,6754,62174486000.0,193870339491.0
phi2_conv300,6755,62174486000.0,193877568909.0
phi2_conv300,6756,62174486000.0,193884798327.0
phi2_conv300,6757,62174486000.0,193892027745.0
phi2_conv300,6758,62276484000.0,194078027900.0
phi2_conv300,6759,62276484000.0,194320913303.0
phi2_conv300,6760,62276484000.0,194374010049.0
phi2_conv300,6761,62276484000.0,194381178027.0
phi2_conv300,6762,62276484000.0,194388346005.0
phi2_conv300,6763,62276484000.0,194395513983.0
phi2_conv300,6764,62276484000.0,194402681961.0
phi2_conv300,6765,62276484000.0,194409849939.0
phi2_conv300,6766,62276484000.0,194417017917.0
phi2_conv300,6767,62276484000.0,194423635098.0
phi2_conv300,6768,62276484000.0,194430252279.0
phi2_conv300,6769,62276484000.0,194436869460.0
phi2_conv300,6770,62276484000.0,194443486641.0
phi2_conv300,6771,62276484000.0,194450103822.0
phi2_conv300,6772,62276484000.0,194456721003.0
phi2_conv300,6773,62276484000.0,194463338184.0
phi2_conv300,6774,62276484000.0,194469955365.0
phi2_conv300,6775,62276484000.0,194476572546.0
phi2_conv300,6776,62482331000.0,194662480541.0
phi2_conv300,6777,62482331000.0,194905273784.0
phi2_conv300,6778,62482331000.0,195011355555.0
phi2_conv300,6779,62482331000.0,195018431373.0
phi2_conv300,6780,62482331000.0,195025507191.0
phi2_conv300,6781,62482331000.0,195032583009.0
phi2_conv300,6782,62482331000.0,195039658827.0
phi2_conv300,6783,62482331000.0,195046734645.0
phi2_conv300,6784,62482331000.0,195053810463.0
phi2_conv300,6785,62482331000.0,195060886281.0
phi2_conv300,6786,62482331000.0,195067962099.0
phi2_conv300,6787,62482331000.0,195075037917.0
phi2_conv300,6788,62482331000.0,195082113735.0
phi2_conv300,6789,62482331000.0,195089189553.0
phi2_conv300,6790,62482331000.0,195096265371.0
phi2_conv300,6791,62482331000.0,195103341189.0
phi2_conv300,6792,62482331000.0,195110417007.0
phi2_conv300,6793,62482331000.0,195117492825.0
phi2_conv300,6794,62482331000.0,195124568643.0
phi2_conv300,6795,62482331000.0,195131644461.0
phi2_conv300,6796,62482331000.0,195138720279.0
phi2_conv300,6797,62482331000.0,195145796097.0
phi2_conv300,6798,62482331000.0,195152871915.0
phi2_conv300,6799,62482331000.0,195159947733.0
phi2_conv300,6800,62482331000.0,195167023551.0
phi2_conv300,6801,62482331000.0,195174099369.0
phi2_conv300,6802,62482331000.0,195181175187.0
phi2_conv300,6803,62482331000.0,195188251005.0
phi2_conv300,6804,62482331000.0,195195326823.0
phi2_conv300,6805,62482331000.0,195202402641.0
phi2_conv300,6806,62482331000.0,195209478459.0
phi2_conv300,6807,62482331000.0,195216554277.0
phi2_conv300,6808,62482331000.0,195223630095.0
phi2_conv300,6809,62482331000.0,195230705913.0
phi2_conv300,6810,62843126000.0,195470860757.0
phi2_conv300,6811,62843126000.0,195701310287.0
phi2_conv300,6812,62843126000.0,195708689592.0
phi2_conv300,6813,62843126000.0,195716068897.0
phi2_conv300,6814,62843126000.0,195723448202.0
phi2_conv300,6815,62843126000.0,195730827507.0
phi2_conv300,6816,62843126000.0,195738206812.0
phi2_conv300,6817,62843126000.0,195745586117.0
phi2_conv300,6818,62843126000.0,195752723375.0
phi2_conv300,6819,62843126000.0,195759860633.0
phi2_conv300,6820,62843126000.0,195766997891.0
phi2_conv300,6821,62843126000.0,195774135149.0
phi2_conv300,6822,62843126000.0,195781272407.0
phi2_conv300,6823,62843126000.0,195788409665.0
phi2_conv300,6824,62843126000.0,195795546923.0
phi2_conv300,6825,62843126000.0,195802684181.0
phi2_conv300,6826,62843126000.0,195809821439.0
phi2_conv300,6827,63043028000.0,195821119688.0
phi2_conv300,6828,63043028000.0,195828439601.0
phi2_conv300,6829,63043028000.0,195835759514.0
phi2_conv300,6830,63043028000.0,195843079427.0
phi2_conv300,6831,63043028000.0,195850399340.0
phi2_conv300,6832,63043028000.0,195857749973.0
phi2_conv300,6833,63043028000.0,195865100606.0
phi2_conv300,6834,63112742000.0,196010035976.0
phi2_conv300,6835,63112742000.0,196017697230.0
phi2_conv300,6836,63112742000.0,196025358484.0
phi2_conv300,6837,63112742000.0,196033019738.0
phi2_conv300,6838,63112742000.0,196040680992.0
phi2_conv300,6839,63112742000.0,196048342246.0
phi2_conv300,6840,63112742000.0,196056034220.0
phi2_conv300,6841,63112742000.0,196063756914.0
phi2_conv300,6842,63112742000.0,196071479608.0
phi2_conv300,6843,63112742000.0,196079290366.0
phi2_conv300,6844,63112742000.0,196087101124.0
phi2_conv300,6845,63112742000.0,196094911882.0
phi2_conv300,6846,63112742000.0,196102722640.0
phi2_conv300,6847,63112742000.0,196110533398.0
phi2_conv300,6848,63112742000.0,196118344156.0
phi2_conv300,6849,63112742000.0,196125756229.0
phi2_conv300,6850,63112742000.0,196133170350.0
phi2_conv300,6851,63112742000.0,196140584471.0
phi2_conv300,6852,63112742000.0,196147998592.0
phi2_conv300,6853,63112742000.0,196155412713.0
phi2_conv300,6854,63112742000.0,196162826834.0
phi2_conv300,6855,63112742000.0,196170240955.0
phi2_conv300,6856,63112742000.0,196177743140.0
phi2_conv300,6857,63112742000.0,196185276045.0
phi2_conv300,6858,63112742000.0,196192808950.0
phi2_conv300,6859,63112742000.0,196200341855.0
phi2_conv300,6860,63112742000.0,196207874760.0
phi2_conv300,6861,63112742000.0,196215407665.0
phi2_conv300,6862,63112742000.0,196222971290.0
phi2_conv300,6863,63112742000.0,196230565635.0
phi2_conv300,6864,63112742000.0,196238159980.0
phi2_conv300,6865,63112742000.0,196245754325.0
phi2_conv300,6866,63112742000.0,196253348670.0
phi2_conv300,6867,63112742000.0,196260943015.0
phi2_conv300,6868,63112742000.0,196268537360.0
phi2_conv300,6869,63112742000.0,196276131705.0
phi2_conv300,6870,63112742000.0,196283726050.0
phi2_conv300,6871,63112742000.0,196291320395.0
phi2_conv300,6872,63112742000.0,196298976180.0
phi2_conv300,6873,63112742000.0,196306631965.0
phi2_conv300,6874,63112742000.0,196314287750.0
phi2_conv300,6875,63112742000.0,196321943535.0
phi2_conv300,6876,63112742000.0,196329599320.0
phi2_conv300,6877,63112742000.0,196337255105.0
phi2_conv300,6878,63112742000.0,196344910890.0
phi2_conv300,6879,63112742000.0,196352566675.0
phi2_conv300,6880,63112742000.0,196360222460.0
phi2_conv300,6881,63112742000.0,196367878245.0
phi2_conv300,6882,63597893000.0,196550795615.0
phi2_conv300,6883,63597893000.0,196786989657.0
phi2_conv300,6884,63597893000.0,196893490687.0
phi2_conv300,6885,63597893000.0,196901637317.0
phi2_conv300,6886,63597893000.0,196909783947.0
phi2_conv300,6887,63597893000.0,196917961297.0
phi2_conv300,6888,63597893000.0,196926138647.0
phi2_conv300,6889,63597893000.0,196934315997.0
phi2_conv300,6890,63597893000.0,196942493347.0
phi2_conv300,6891,63597893000.0,196950670697.0
phi2_conv300,6892,63597893000.0,196958878767.0
phi2_conv300,6893,63597893000.0,196967086837.0
phi2_conv300,6894,63597893000.0,196975294907.0
phi2_conv300,6895,63597893000.0,196983104292.0
phi2_conv300,6896,63597893000.0,196990944397.0
phi2_conv300,6897,63597893000.0,196998784502.0
phi2_conv300,6898,63597893000.0,197006624607.0
phi2_conv300,6899,63597893000.0,197014464712.0
phi2_conv300,6900,63597893000.0,197022304817.0
phi2_conv300,6901,63597893000.0,197030175642.0
phi2_conv300,6902,63597893000.0,197038046467.0
phi2_conv300,6903,63597893000.0,197045917292.0
phi2_conv300,6904,63597893000.0,197053788117.0
phi2_conv300,6905,63597893000.0,197061658942.0
phi2_conv300,6906,63597893000.0,197069529767.0
phi2_conv300,6907,63597893000.0,197077400592.0
phi2_conv300,6908,63597893000.0,197085271417.0
phi2_conv300,6909,63597893000.0,197093142242.0
phi2_conv300,6910,63597893000.0,197101013067.0
phi2_conv300,6911,63597893000.0,197108883892.0
phi2_conv300,6912,63597893000.0,197116754717.0
phi2_conv300,6913,63597893000.0,197124625542.0
phi2_conv300,6914,63597893000.0,197132496367.0
phi2_conv300,6915,63597893000.0,197140367192.0
phi2_conv300,6916,63597893000.0,197148238017.0
phi2_conv300,6917,63597893000.0,197156108842.0
phi2_conv300,6918,63597893000.0,197163979667.0
phi2_conv300,6919,63597893000.0,197171850492.0
phi2_conv300,6920,63597893000.0,197179721317.0
phi2_conv300,6921,63597893000.0,197187592142.0
phi2_conv300,6922,63597893000.0,197195462967.0
phi2_conv300,6923,63597893000.0,197202938145.0
phi2_conv300,6924,63597893000.0,197210413323.0
phi2_conv300,6925,63597893000.0,197217888501.0
phi2_conv300,6926,63597893000.0,197225363679.0
phi2_conv300,6927,63597893000.0,197232838857.0
phi2_conv300,6928,64095402000.00001,197304811097.0
phi2_conv300,6929,64095402000.00001,197312440258.0
phi2_conv300,6930,64095402000.00001,197320069419.0
phi2_conv300,6931,64095402000.00001,197327698580.0
phi2_conv300,6932,64095402000.00001,197335327741.0
phi2_conv300,6933,64095402000.00001,197342956902.0
phi2_conv300,6934,64095402000.00001,197350586063.0
phi2_conv300,6935,64095402000.00001,197358215224.0
phi2_conv300,6936,64186733000.0,197541105970.0
phi2_conv300,6937,64186733000.0,197777273388.0
phi2_conv300,6938,64186733000.0,197880603634.0
phi2_conv300,6939,64186733000.0,197888723640.0
phi2_conv300,6940,64186733000.0,197896843646.0
phi2_conv300,6941,64186733000.0,197904963652.0
phi2_conv300,6942,64186733000.0,197913083658.0
phi2_conv300,6943,64186733000.0,197921203664.0
phi2_conv300,6944,64186733000.0,197929354390.0
phi2_conv300,6945,64186733000.0,197937505116.0
phi2_conv300,6946,64186733000.0,197945655842.0
phi2_conv300,6947,64186733000.0,197953806568.0
phi2_conv300,6948,64186733000.0,197961957294.0
phi2_conv300,6949,64186733000.0,197970108020.0
phi2_conv300,6950,64186733000.0,197978258746.0
phi2_conv300,6951,64186733000.0,197986409472.0
phi2_conv300,6952,64186733000.0,197994560198.0
phi2_conv300,6953,64186733000.0,198002710924.0
phi2_conv300,6954,64186733000.0,198010861650.0
phi2_conv300,6955,64186733000.0,198019012376.0
phi2_conv300,6956,64186733000.0,198027163102.0
phi2_conv300,6957,64186733000.0,198035313828.0
phi2_conv300,6958,64186733000.0,198043464554.0
phi2_conv300,6959,64186733000.0,198051615280.0
phi2_conv300,6960,64186733000.0,198059766006.0
phi2_conv300,6961,64186733000.0,198067916732.0
phi2_conv300,6962,64186733000.0,198076067458.0
phi2_conv300,6963,64186733000.0,198084248904.0
phi2_conv300,6964,64186733000.0,198092430350.0
phi2_conv300,6965,64186733000.0,198100611796.0
phi2_conv300,6966,64186733000.0,198108793242.0
phi2_conv300,6967,64186733000.0,198116664067.0
phi2_conv300,6968,64186733000.0,198124534892.0
phi2_conv300,6969,64186733000.0,198132405717.0
phi2_conv300,6970,64186733000.0,198140276542.0
phi2_conv300,6971,64186733000.0,198148147367.0
phi2_conv300,6972,64186733000.0,198155653265.0
phi2_conv300,6973,64186733000.0,198162882798.0
phi2_conv300,6974,64186733000.0,198170112331.0
phi2_conv300,6975,64186733000.0,198177341864.0
phi2_conv300,6976,64186733000.0,198184571397.0
phi2_conv300,6977,64186733000.0,198191800930.0
phi2_conv300,6978,64186733000.0,198199030463.0
phi2_conv300,6979,64186733000.0,198206259996.0
phi2_conv300,6980,64186733000.0,198213489529.0
phi2_conv300,6981,64186733000.0,198220719062.0
phi2_conv300,6982,64186733000.0,198227948595.0
phi2_conv300,6983,64186733000.0,198235178128.0
phi2_conv300,6984,64186733000.0,198242407661.0
phi2_conv300,6985,64186733000.0,198249637194.0
phi2_conv300,6986,64186733000.0,198256866727.0
phi2_conv300,6987,64186733000.0,198264096260.0
phi2_conv300,6988,64186733000.0,198271325793.0
phi2_conv300,6989,64186733000.0,198278555326.0
phi2_conv300,6990,64186733000.0,198285784859.0
phi2_conv300,6991,64186733000.0,198293014392.0
phi2_conv300,6992,64186733000.0,198299859751.0
phi2_conv300,6993,64186733000.0,198306705110.0
phi2_conv300,6994,64186733000.0,198313550469.0
phi2_conv300,6995,64186733000.0,198320395828.0
phi2_conv300,6996,64186733000.0,198327241187.0
phi2_conv300,6997,64186733000.0,198334086546.0
phi2_conv300,6998,64186733000.0,198340931905.0
phi2_conv300,6999,64186733000.0,198347777264.0
phi2_conv300,7000,64888310000.00001,198399464941.0
phi2_conv300,7001,64888310000.00001,198406450762.0
phi2_conv300,7002,64910998000.00001,198457617000.0
phi2_conv300,7003,64910998000.00001,198464879186.0
phi2_conv300,7004,64940790000.00001,198635646988.0
phi2_conv300,7005,64940790000.00001,198827424006.0
phi2_conv300,7006,64940790000.00001,199063972352.0
phi2_conv300,7007,64940790000.00001,199409666810.0
phi2_conv300,7008,64940790000.00001,199797347316.0
phi2_conv300,7009,64940790000.00001,200245581038.0
phi2_conv300,7010,64940790000.00001,200694826472.0
phi2_conv300,7011,64940790000.00001,201318604514.0
phi2_conv300,7012,64940790000.00001,201855996862.0
phi2_conv300,7013,65064085000.00001,202042858088.0
phi2_conv300,7014,65064085000.00001,202413672978.0
phi2_conv300,7015,65064156000.0,202791566828.0
phi2_conv300,7016,65064156000.0,202976935046.0
phi2_conv300,7017,65064156000.0,203211971360.0
phi2_conv300,7018,65066011000.0,203419677641.0
phi2_conv300,7019,65066011000.0,203663323336.0
phi2_conv300,7020,65066011000.0,203673187959.0
phi2_conv300,7021,65348307000.00001,203745965069.0
phi2_conv300,7022,65348307000.00001,203755834090.0
phi2_conv300,7023,65348307000.00001,203765703111.0
phi2_conv300,7024,65348307000.00001,203775572132.0
phi2_conv300,7025,65348307000.00001,203785441153.0
phi2_conv300,7026,65348307000.00001,203795310174.0
phi2_conv300,7027,65348307000.00001,203805267259.0
phi2_conv300,7028,65348307000.00001,203815255064.0
phi2_conv300,7029,65348307000.00001,203825242869.0
phi2_conv300,7030,65348307000.00001,203835230674.0
phi2_conv300,7031,65348307000.00001,203845218479.0
phi2_conv300,7032,65348307000.00001,203855206284.0
phi2_conv300,7033,65348307000.00001,203865194089.0
phi2_conv300,7034,65348307000.00001,203875212614.0
phi2_conv300,7035,65348307000.00001,203885231139.0
phi2_conv300,7036,65531595999.99999,204069289195.0
phi2_conv300,7037,65531595999.99999,204315624883.0
phi2_conv300,7038,65531595999.99999,204386604797.0
phi2_conv300,7039,65531595999.99999,204397141831.0
phi2_conv300,7040,65531595999.99999,204407678865.0
phi2_conv300,7041,65531595999.99999,204418215899.0
phi2_conv300,7042,65531595999.99999,204428752933.0
phi2_conv300,7043,65531595999.99999,204439289967.0
phi2_conv300,7044,65531595999.99999,204449827001.0
phi2_conv300,7045,65531595999.99999,204460364035.0
phi2_conv300,7046,65531595999.99999,204470901069.0
phi2_conv300,7047,65531595999.99999,204480888874.0
phi2_conv300,7048,65715096000.0,204664946930.0
phi2_conv300,7049,65715096000.0,204911313338.0
phi2_conv300,7050,65715096000.0,204930486404.0
phi2_conv300,7051,65715096000.0,204941023438.0
phi2_conv300,7052,65786250999.99999,205130672454.0
phi2_conv300,7053,65786250999.99999,205335242897.0
phi2_conv300,7054,65786250999.99999,205344769902.0
phi2_conv300,7055,65786250999.99999,205354296907.0
phi2_conv300,7056,65786250999.99999,205363823912.0
phi2_conv300,7057,65786250999.99999,205373381637.0
phi2_conv300,7058,65786250999.99999,205382939362.0
phi2_conv300,7059,65786250999.99999,205392497087.0
phi2_conv300,7060,65786250999.99999,205402054812.0
phi2_conv300,7061,65786250999.99999,205411612537.0
phi2_conv300,7062,65786250999.99999,205421170262.0
phi2_conv300,7063,65786250999.99999,205430758707.0
phi2_conv300,7064,65786250999.99999,205440347152.0
phi2_conv300,7065,65786250999.99999,205449935597.0
phi2_conv300,7066,65786250999.99999,205459524042.0
phi2_conv300,7067,65786250999.99999,205469112487.0
phi2_conv300,7068,65786250999.99999,205478700932.0
phi2_conv300,7069,65786250999.99999,205488289377.0
phi2_conv300,7070,65786250999.99999,205497662480.0
phi2_conv300,7071,65786250999.99999,205507066303.0
phi2_conv300,7072,65786250999.99999,205516470126.0
phi2_conv300,7073,65786250999.99999,205525873949.0
phi2_conv300,7074,65786250999.99999,205535277772.0
phi2_conv300,7075,65786250999.99999,205544681595.0
phi2_conv300,7076,65786250999.99999,205554087466.0
phi2_conv300,7077,65786250999.99999,205563493337.0
phi2_conv300,7078,65786250999.99999,205572899208.0
phi2_conv300,7079,65786250999.99999,205582305079.0
phi2_conv300,7080,65786250999.99999,205591079385.0
phi2_conv300,7081,65786250999.99999,205599884411.0
phi2_conv300,7082,65786250999.99999,205608689437.0
phi2_conv300,7083,65786250999.99999,205617009937.0
phi2_conv300,7084,65786250999.99999,205624824791.0
phi2_conv300,7085,65786250999.99999,205632639645.0
phi2_conv300,7086,65786250999.99999,205640454499.0
phi2_conv300,7087,65786250999.99999,205648269353.0
phi2_conv300,7088,65786250999.99999,205656084207.0
phi2_conv300,7089,65786250999.99999,205663899061.0
phi2_conv300,7090,65786250999.99999,205671403294.0
phi2_conv300,7091,65786250999.99999,205678907527.0
phi2_conv300,7092,65786250999.99999,205686411760.0
phi2_conv300,7093,65786250999.99999,205693915993.0
phi2_conv300,7094,65786250999.99999,205701420226.0
phi2_conv300,7095,65786250999.99999,205708924459.0
phi2_conv300,7096,65786250999.99999,205716217365.0
phi2_conv300,7097,66310171000.0,205956589297.0
phi2_conv300,7098,66310171000.0,206241228749.0
phi2_conv300,7099,66310171000.0,206527388841.0
phi2_conv300,7100,66310171000.0,206901070213.0
phi2_conv300,7101,66403490000.00001,207226734399.0
phi2_conv300,7102,66403490000.00001,207419324473.0
phi2_conv300,7103,66403490000.00001,207705279418.0
phi2_conv300,7104,66403490000.00001,207713581696.0
phi2_conv300,7105,66403490000.00001,207721883974.0
phi2_conv300,7106,66403490000.00001,207730186252.0
phi2_conv300,7107,66403490000.00001,207738488530.0
phi2_conv300,7108,66511613000.0,208109178492.0
phi2_conv300,7109,66511613000.0,208524162598.0
phi2_conv300,7110,66511613000.0,208568373484.0
phi2_conv300,7111,66511613000.0,208576737202.0
phi2_conv300,7112,66511613000.0,208585100920.0
phi2_conv300,7113,66511613000.0,208593464638.0
phi2_conv300,7114,66511613000.0,208601828356.0
phi2_conv300,7115,66511613000.0,208610192074.0
phi2_conv300,7116,66624229000.0,208980943476.0
phi2_conv300,7117,66624229000.0,209395958302.0
phi2_conv300,7118,66655683999.99999,209726985656.0
phi2_conv300,7119,66693467999.99999,210006053473.0
phi2_conv300,7120,66693467999.99999,210240903419.0
phi2_conv300,7121,66711635000.0,210516089184.0
phi2_conv300,7122,66711635000.0,210525617935.0
phi2_conv300,7123,66711635000.0,210535146686.0
phi2_conv300,7124,66711635000.0,210544675437.0
phi2_conv300,7125,66711635000.0,210554204188.0
phi2_conv300,7126,66711635000.0,210563732939.0
phi2_conv300,7127,66711635000.0,210573261690.0
phi2_conv300,7128,66711635000.0,210582790441.0
phi2_conv300,7129,66711635000.0,210592319192.0
phi2_conv300,7130,66711635000.0,210601847943.0
phi2_conv300,7131,66711635000.0,210611376694.0
phi2_conv300,7132,66711635000.0,210620905445.0
phi2_conv300,7133,66711635000.0,210630434196.0
phi2_conv300,7134,66711635000.0,210639962947.0
phi2_conv300,7135,66711635000.0,210649491698.0
phi2_conv300,7136,66711635000.0,210659020449.0
phi2_conv300,7137,66711635000.0,210668549200.0
phi2_conv300,7138,66711635000.0,210678077951.0
phi2_conv300,7139,66711635000.0,210687606702.0
phi2_conv300,7140,66711635000.0,210697135453.0
phi2_conv300,7141,66711635000.0,210706664204.0
phi2_conv300,7142,66711635000.0,210716192955.0
phi2_conv300,7143,66711635000.0,210725752426.0
phi2_conv300,7144,66711635000.0,210734803212.0
phi2_conv300,7145,66711635000.0,210743853998.0
phi2_conv300,7146,66711635000.0,210752904784.0
phi2_conv300,7147,66711635000.0,210761955570.0
phi2_conv300,7148,66711635000.0,210771006356.0
phi2_conv300,7149,66711635000.0,210780057142.0
phi2_conv300,7150,66711635000.0,210789107928.0
phi2_conv300,7151,66711635000.0,210798158714.0
phi2_conv300,7152,66711635000.0,210807240220.0
phi2_conv300,7153,66711635000.0,210816352446.0
phi2_conv300,7154,66711635000.0,210825464672.0
phi2_conv300,7155,66711635000.0,210834576898.0
phi2_conv300,7156,66711635000.0,210843689124.0
phi2_conv300,7157,66711635000.0,210852801350.0
phi2_conv300,7158,66711635000.0,210861913576.0
phi2_conv300,7159,66711635000.0,210871025802.0
phi2_conv300,7160,66711635000.0,210880138028.0
phi2_conv300,7161,66711635000.0,210889250254.0
phi2_conv300,7162,66711635000.0,210898362480.0
phi2_conv300,7163,67245928000.00001,211088637362.0
phi2_conv300,7164,67245928000.00001,211098170209.0
phi2_conv300,7165,67245928000.00001,211107703056.0
phi2_conv300,7166,67245928000.00001,211117235903.0
phi2_conv300,7167,67245928000.00001,211126768750.0
phi2_conv300,7168,67245928000.00001,211136301597.0
phi2_conv300,7169,67245928000.00001,211145834444.0
phi2_conv300,7170,67245928000.00001,211155367291.0
phi2_conv300,7171,67245928000.00001,211164900138.0
phi2_conv300,7172,67245928000.00001,211173770700.0
phi2_conv300,7173,67245928000.00001,211182033856.0
phi2_conv300,7174,67245928000.00001,211190297012.0
phi2_conv300,7175,67245928000.00001,211198296186.0
phi2_conv300,7176,67245928000.00001,211206295360.0
phi2_conv300,7177,67245928000.00001,211214294534.0
phi2_conv300,7178,67245928000.00001,211222293708.0
phi2_conv300,7179,67245928000.00001,211230292882.0
phi2_conv300,7180,67439933000.0,211247165222.0
phi2_conv300,7181,67439933000.0,211255426330.0
phi2_conv300,7182,67439933000.0,211263687438.0
phi2_conv300,7183,67439933000.0,211271948546.0
phi2_conv300,7184,67439933000.0,211280209654.0
phi2_conv300,7185,67439933000.0,211288470762.0
phi2_conv300,7186,67439933000.0,211296256944.0
phi2_conv300,7187,67439933000.0,211304043126.0
phi2_conv300,7188,67439933000.0,211311829308.0
phi2_conv300,7189,67439933000.0,211319646210.0
phi2_conv300,7190,67439933000.0,211327463112.0
phi2_conv300,7191,67439933000.0,211335280014.0
phi2_conv300,7192,67439933000.0,211343184980.0
phi2_conv300,7193,67439933000.0,211351089946.0
phi2_conv300,7194,67439933000.0,211358994912.0
phi2_conv300,7195,67439933000.0,211366899878.0
phi2_conv300,7196,67439933000.0,211374835564.0
phi2_conv300,7197,67439933000.0,211382771250.0
phi2_conv300,7198,67439933000.0,211390308251.0
phi2_conv300,7199,67439933000.0,211397845252.0
phi2_conv300,7200,67439933000.0,211405382253.0
phi2_conv300,7201,67439933000.0,211412919254.0
phi2_conv300,7202,67439933000.0,211420456255.0
phi2_conv300,7203,67439933000.0,211427993256.0
phi2_conv300,7204,67439933000.0,211435530257.0
phi2_conv300,7205,67439933000.0,211443067258.0
phi2_conv300,7206,67439933000.0,211450604259.0
phi2_conv300,7207,67439933000.0,211458141260.0
phi2_conv300,7208,67439933000.0,211465678261.0
phi2_conv300,7209,67439933000.0,211472819615.0
phi2_conv300,7210,67439933000.0,211479960969.0
phi2_conv300,7211,67439933000.0,211487102323.0
phi2_conv300,7212,67439933000.0,211494243677.0
phi2_conv300,7213,67439933000.0,211501385031.0
phi2_conv300,7214,67439933000.0,211508526385.0
phi2_conv300,7215,67439933000.0,211515667739.0
phi2_conv300,7216,67439933000.0,211522809093.0
phi2_conv300,7217,67439933000.0,211529950447.0
phi2_conv300,7218,67439933000.0,211537091801.0
phi2_conv300,7219,67439933000.0,211544263875.0
phi2_conv300,7220,67439933000.0,211551524013.0
phi2_conv300,7221,67439933000.0,211558784151.0
phi2_conv300,7222,67439933000.0,211566044289.0
phi2_conv300,7223,67439933000.0,211573304427.0
phi2_conv300,7224,67439933000.0,211580564565.0
phi2_conv300,7225,67439933000.0,211587824703.0
phi2_conv300,7226,67439933000.0,211595115561.0
phi2_conv300,7227,67439933000.0,211602406419.0
phi2_conv300,7228,67439933000.0,211609697277.0
phi2_conv300,7229,67930409000.0,211850067161.0
phi2_conv300,7230,67930409000.0,212134704565.0
phi2_conv300,7231,67966089999.99999,212338036703.0
phi2_conv300,7232,67966089999.99999,212402424629.0
phi2_conv300,7233,67966089999.99999,212410655017.0
phi2_conv300,7234,67966089999.99999,212418885405.0
phi2_conv300,7235,67966089999.99999,212427115793.0
phi2_conv300,7236,67966089999.99999,212435346181.0
phi2_conv300,7237,67966089999.99999,212443576569.0
phi2_conv300,7238,67966089999.99999,212451454911.0
phi2_conv300,7239,67966089999.99999,212459333253.0
phi2_conv300,7240,67966089999.99999,212467211595.0
phi2_conv300,7241,67966089999.99999,212475089937.0
phi2_conv300,7242,67966089999.99999,212482998999.0
phi2_conv300,7243,67966089999.99999,212490908061.0
phi2_conv300,7244,67966089999.99999,212498817123.0
phi2_conv300,7245,67966089999.99999,212506726185.0
phi2_conv300,7246,67966089999.99999,212514635247.0
phi2_conv300,7247,67966089999.99999,212522544309.0
phi2_conv300,7248,67966089999.99999,212529931806.0
phi2_conv300,7249,67966089999.99999,212537350023.0
phi2_conv300,7250,67966089999.99999,212544768240.0
phi2_conv300,7251,67966089999.99999,212552186457.0
phi2_conv300,7252,67966089999.99999,212559604674.0
phi2_conv300,7253,67966089999.99999,212567022891.0
phi2_conv300,7254,67966089999.99999,212574441108.0
phi2_conv300,7255,67966089999.99999,212581859325.0
phi2_conv300,7256,67966089999.99999,212589277542.0
phi2_conv300,7257,67966089999.99999,212596695759.0
phi2_conv300,7258,67966089999.99999,212604113976.0
phi2_conv300,7259,67966089999.99999,212611532193.0
phi2_conv300,7260,67966089999.99999,212618950410.0
phi2_conv300,7261,67966089999.99999,212625942260.0
phi2_conv300,7262,67966089999.99999,212632934110.0
phi2_conv300,7263,67966089999.99999,212639925960.0
phi2_conv300,7264,67966089999.99999,212646917810.0
phi2_conv300,7265,67966089999.99999,212653909660.0
phi2_conv300,7266,67966089999.99999,212660901510.0
phi2_conv300,7267,67966089999.99999,212667924080.0
phi2_conv300,7268,67966089999.99999,212674946650.0
phi2_conv300,7269,67966089999.99999,212681969220.0
phi2_conv300,7270,67966089999.99999,212688991790.0
phi2_conv300,7271,67966089999.99999,212696045080.0
phi2_conv300,7272,67966089999.99999,212703098370.0
phi2_conv300,7273,67966089999.99999,212710151660.0
phi2_conv300,7274,67966089999.99999,212717204950.0
phi2_conv300,7275,67966089999.99999,212724258240.0
phi2_conv300,7276,67966089999.99999,212731311530.0
phi2_conv300,7277,67966089999.99999,212738364820.0
phi2_conv300,7278,67966089999.99999,212745418110.0
phi2_conv300,7279,67966089999.99999,212752471400.0
phi2_conv300,7280,67966089999.99999,212759524690.0
phi2_conv300,7281,67966089999.99999,212766608700.0
phi2_conv300,7282,67966089999.99999,212773692710.0
phi2_conv300,7283,67966089999.99999,212780776720.0
phi2_conv300,7284,67966089999.99999,212787860730.0
phi2_conv300,7285,67966089999.99999,212794944740.0
phi2_conv300,7286,67966089999.99999,212802028750.0
phi2_conv300,7287,67966089999.99999,212809112760.0
phi2_conv300,7288,67966089999.99999,212816196770.0
phi2_conv300,7289,67966089999.99999,212823280780.0
phi2_conv300,7290,67966089999.99999,212830364790.0
phi2_conv300,7291,67966089999.99999,212837448800.0
phi2_conv300,7292,67966089999.99999,212844532810.0
phi2_conv300,7293,67966089999.99999,212851616820.0
phi2_conv300,7294,67966089999.99999,212858700830.0
phi2_conv300,7295,67966089999.99999,212865264763.0
phi2_conv300,7296,67966089999.99999,212871828696.0
phi2_conv300,7297,67966089999.99999,212878392629.0
phi2_conv300,7298,67966089999.99999,212884956562.0
phi2_conv300,7299,67966089999.99999,212891520495.0
phi2_conv300,7300,68682209000.0,213268407163.0
phi2_conv300,7301,68682209000.0,213689565447.0
phi2_conv300,7302,68682209000.0,213878306052.0
phi2_conv300,7303,68682209000.0,213885050209.0
phi2_conv300,7304,68682209000.0,213891794366.0
phi2_conv300,7305,68682209000.0,213898538523.0
phi2_conv300,7306,68682209000.0,213905282680.0
phi2_conv300,7307,68682209000.0,213911796263.0
phi2_conv300,7308,68682209000.0,213918309846.0
phi2_conv300,7309,68682209000.0,213924823429.0
phi2_conv300,7310,68682209000.0,213931337012.0
phi2_conv300,7311,68682209000.0,213937850595.0
phi2_conv300,7312,68682209000.0,213944364178.0
phi2_conv300,7313,68682209000.0,213950877761.0
phi2_conv300,7314,68682209000.0,213957391344.0
phi2_conv300,7315,68682209000.0,213963904927.0
phi2_conv300,7316,68682209000.0,213970418510.0
phi2_conv300,7317,68682209000.0,213976932093.0
phi2_conv300,7318,68682209000.0,213983445676.0
phi2_conv300,7319,68682209000.0,213989959259.0
phi2_conv300,7320,68682209000.0,213996472842.0
phi2_conv300,7321,68682209000.0,214002986425.0
phi2_conv300,7322,68682209000.0,214009500008.0
phi2_conv300,7323,68682209000.0,214016013591.0
phi2_conv300,7324,68682209000.0,214022529222.0
phi2_conv300,7325,68682209000.0,214029044853.0
phi2_conv300,7326,68682209000.0,214035560484.0
phi2_conv300,7327,68682209000.0,214042076115.0
phi2_conv300,7328,68682209000.0,214048591746.0
phi2_conv300,7329,68682209000.0,214055107377.0
phi2_conv300,7330,68682209000.0,214061623008.0
phi2_conv300,7331,69017743000.0,214109293650.0
phi2_conv300,7332,69017743000.0,214115949743.0
phi2_conv300,7333,69017743000.0,214122605836.0
phi2_conv300,7334,69017743000.0,214129261929.0
phi2_conv300,7335,69017743000.0,214135918022.0
phi2_conv300,7336,69017743000.0,214142574115.0
phi2_conv300,7337,69017743000.0,214149230208.0
phi2_conv300,7338,69017743000.0,214155886301.0
phi2_conv300,7339,69017743000.0,214162542394.0
phi2_conv300,7340,69017743000.0,214169198487.0
phi2_conv300,7341,69017743000.0,214175854580.0
phi2_conv300,7342,69017743000.0,214182510673.0
phi2_conv300,7343,69017743000.0,214189166766.0
phi2_conv300,7344,69017743000.0,214195680349.0
phi2_conv300,7345,69017743000.0,214202193932.0
phi2_conv300,7346,69017743000.0,214208707515.0
phi2_conv300,7347,69017743000.0,214215221098.0
phi2_conv300,7348,69017743000.0,214221734681.0
phi2_conv300,7349,69017743000.0,214228248264.0
phi2_conv300,7350,69017743000.0,214234761847.0
phi2_conv300,7351,69017743000.0,214241306150.0
phi2_conv300,7352,69017743000.0,214247850453.0
phi2_conv300,7353,69017743000.0,214254394756.0
phi2_conv300,7354,69017743000.0,214260939059.0
phi2_conv300,7355,69017743000.0,214267483362.0
phi2_conv300,7356,69017743000.0,214274027665.0
phi2_conv300,7357,69017743000.0,214280571968.0
phi2_conv300,7358,69017743000.0,214287116271.0
phi2_conv300,7359,69017743000.0,214293660574.0
phi2_conv300,7360,69017743000.0,214300206925.0
phi2_conv300,7361,69017743000.0,214306783996.0
phi2_conv300,7362,69017743000.0,214313361067.0
phi2_conv300,7363,69017743000.0,214319938138.0
phi2_conv300,7364,69017743000.0,214326515209.0
phi2_conv300,7365,69017743000.0,214333092280.0
phi2_conv300,7366,69017743000.0,214339669351.0
phi2_conv300,7367,69017743000.0,214346246422.0
phi2_conv300,7368,69017743000.0,214352823493.0
phi2_conv300,7369,69017743000.0,214359400564.0
phi2_conv300,7370,69017743000.0,214365977635.0
phi2_conv300,7371,69017743000.0,214372554706.0
phi2_conv300,7372,69017743000.0,214379131777.0
phi2_conv300,7373,69017743000.0,214385708848.0
phi2_conv300,7374,69017743000.0,214392285919.0
phi2_conv300,7375,69017743000.0,214398862990.0
phi2_conv300,7376,69017743000.0,214405440061.0
phi2_conv300,7377,69017743000.0,214412017132.0
phi2_conv300,7378,69017743000.0,214418594203.0
phi2_conv300,7379,69017743000.0,214425171274.0
phi2_conv300,7380,69017743000.0,214431748345.0
phi2_conv300,7381,69017743000.0,214438325416.0
phi2_conv300,7382,69017743000.0,214444902487.0
phi2_conv300,7383,69017743000.0,214451479558.0
phi2_conv300,7384,69017743000.0,214458056629.0
phi2_conv300,7385,69017743000.0,214464633700.0
phi2_conv300,7386,69017743000.0,214471210771.0
phi2_conv300,7387,69017743000.0,214477787842.0
phi2_conv300,7388,69017743000.0,214484364913.0
phi2_conv300,7389,69017743000.0,214490972704.0
phi2_conv300,7390,69017743000.0,214497580495.0
phi2_conv300,7391,69017743000.0,214504188286.0
phi2_conv300,7392,69017743000.0,214510796077.0
phi2_conv300,7393,69017743000.0,214516843033.0
phi2_conv300,7394,69017743000.0,214522941308.0
phi2_conv300,7395,69017743000.0,214529039583.0
phi2_conv300,7396,69017743000.0,214535137858.0
phi2_conv300,7397,69017743000.0,214541236133.0
phi2_conv300,7398,69017743000.0,214547334408.0
phi2_conv300,7399,69017743000.0,214553432683.0
phi2_conv300,7400,69017743000.0,214559530958.0
phi2_conv300,7401,69017743000.0,214565629233.0
phi2_conv300,7402,69017743000.0,214571727508.0
phi2_conv300,7403,69017743000.0,214577517870.0
phi2_conv300,7404,69017743000.0,214583338952.0
phi2_conv300,7405,69017743000.0,214589160034.0
phi2_conv300,7406,69017743000.0,214594981116.0
phi2_conv300,7407,69017743000.0,214600802198.0
phi2_conv300,7408,69017743000.0,214606623280.0
phi2_conv300,7409,69017743000.0,214612444362.0
phi2_conv300,7410,69017743000.0,214618265444.0
phi2_conv300,7411,69017743000.0,214624086526.0
phi2_conv300,7412,69017743000.0,214629907608.0
phi2_conv300,7413,69017743000.0,214635728690.0
phi2_conv300,7414,69017743000.0,214640778153.0
phi2_conv300,7415,69017743000.0,214645827616.0
phi2_conv300,7416,69017743000.0,214650877079.0
phi2_conv300,7417,69017743000.0,214655926542.0
phi2_conv300,7418,69017743000.0,214660976005.0
phi2_conv300,7419,69017743000.0,214666025468.0
phi2_conv300,7420,69017743000.0,214671074931.0
phi2_conv300,7421,69017743000.0,214676124394.0
phi2_conv300,7422,69017743000.0,214681173857.0
phi2_conv300,7423,69017743000.0,214686223320.0
phi2_conv300,7424,69017743000.0,214691272783.0
phi2_conv300,7425,69017743000.0,214696322246.0
phi2_conv300,7426,69017743000.0,214701371709.0
phi2_conv300,7427,69017743000.0,214706451892.0
phi2_conv300,7428,69017743000.0,214711532075.0
phi2_conv300,7429,69017743000.0,214716612258.0
phi2_conv300,7430,69017743000.0,214721692441.0
phi2_conv300,7431,69017743000.0,214726803344.0
phi2_conv300,7432,69017743000.0,214731914247.0
phi2_conv300,7433,69017743000.0,214737025150.0
phi2_conv300,7434,69017743000.0,214742166773.0
phi2_conv300,7435,69017743000.0,214747308396.0
phi2_conv300,7436,69017743000.0,214752450019.0
phi2_conv300,7437,69017743000.0,214757591642.0
phi2_conv300,7438,69017743000.0,214762733265.0
phi2_conv300,7439,69017743000.0,214767874888.0
phi2_conv300,7440,69017743000.0,214773016511.0
phi2_conv300,7441,69017743000.0,214778158134.0
phi2_conv300,7442,69017743000.0,214783299757.0
phi2_conv300,7443,69017743000.0,214788472100.0
phi2_conv300,7444,69017743000.0,214793644443.0
phi2_conv300,7445,70095865000.0,214978916783.0
phi2_conv300,7446,70095865000.0,215224355519.0
phi2_conv300,7447,70095865000.0,215229796783.0
phi2_conv300,7448,70095865000.0,215235238047.0
phi2_conv300,7449,70095865000.0,215240679311.0
phi2_conv300,7450,70095865000.0,215246120575.0
phi2_conv300,7451,70095865000.0,215251561839.0
phi2_conv300,7452,70095865000.0,215257003103.0
phi2_conv300,7453,70095865000.0,215262444367.0
phi2_conv300,7454,70095865000.0,215267885631.0
phi2_conv300,7455,70095865000.0,215273326895.0
phi2_conv300,7456,70095865000.0,215278768159.0
phi2_conv300,7457,70095865000.0,215284209423.0
phi2_conv300,7458,70095865000.0,215289650687.0
phi2_conv300,7459,70095865000.0,215295091951.0
phi2_conv300,7460,70095865000.0,215300533215.0
phi2_conv300,7461,70095865000.0,215305974479.0
phi2_conv300,7462,70095865000.0,215311415743.0
phi2_conv300,7463,70095865000.0,215316857007.0
phi2_conv300,7464,70095865000.0,215322298271.0
phi2_conv300,7465,70287471000.0,215601441119.0
phi2_conv300,7466,70287471000.0,215924865823.0
phi2_conv300,7467,70287471000.0,216249832671.0
phi2_conv300,7468,70287471000.0,216662335135.0
phi2_conv300,7469,70287471000.0,216824406725.0
phi2_conv300,7470,70287471000.0,216830350687.0
phi2_conv300,7471,70287471000.0,216835914831.0
phi2_conv300,7472,70287471000.0,216841478975.0
phi2_conv300,7473,70287471000.0,216847043119.0
phi2_conv300,7474,70287471000.0,216852607263.0
phi2_conv300,7475,70287471000.0,216858202127.0
phi2_conv300,7476,70287471000.0,216863796991.0
phi2_conv300,7477,70457950000.0,217012744513.0
phi2_conv300,7478,70457950000.0,217018508251.0
phi2_conv300,7479,70457950000.0,217024271989.0
phi2_conv300,7480,70457950000.0,217030035727.0
phi2_conv300,7481,70457950000.0,217035799465.0
phi2_conv300,7482,70457950000.0,217041563203.0
phi2_conv300,7483,70457950000.0,217047326941.0
phi2_conv300,7484,70457950000.0,217053090679.0
phi2_conv300,7485,70457950000.0,217058854417.0
phi2_conv300,7486,70457950000.0,217064618155.0
phi2_conv300,7487,70457950000.0,217070381893.0
phi2_conv300,7488,70457950000.0,217076176351.0
phi2_conv300,7489,70457950000.0,217082001529.0
phi2_conv300,7490,70457950000.0,217087826707.0
phi2_conv300,7491,70457950000.0,217092880266.0
phi2_conv300,7492,70457950000.0,217097933825.0
phi2_conv300,7493,70457950000.0,217102987384.0
phi2_conv300,7494,70457950000.0,217108040943.0
phi2_conv300,7495,70457950000.0,217113094502.0
phi2_conv300,7496,70457950000.0,217118148061.0
phi2_conv300,7497,70457950000.0,217123201620.0
phi2_conv300,7498,70457950000.0,217128255179.0
phi2_conv300,7499,70457950000.0,217133308738.0
phi2_conv300,7500,70457950000.0,217138362297.0
phi2_conv300,7501,70457950000.0,217143415856.0
phi2_conv300,7502,70457950000.0,217148469415.0
phi2_conv300,7503,70457950000.0,217153522974.0
phi2_conv300,7504,70457950000.0,217158319004.0
phi2_conv300,7505,70457950000.0,217163115034.0
phi2_conv300,7506,70457950000.0,217167911064.0
phi2_conv300,7507,70457950000.0,217172707094.0
phi2_conv300,7508,70457950000.0,217177503124.0
phi2_conv300,7509,70457950000.0,217182329874.0
phi2_conv300,7510,70457950000.0,217187156624.0
phi2_conv300,7511,70457950000.0,217192071438.0
phi2_conv300,7512,70457950000.0,217196986252.0
phi2_conv300,7513,70457950000.0,217201901066.0
phi2_conv300,7514,70457950000.0,217206713599.0
phi2_conv300,7515,70457950000.0,217211526132.0
phi2_conv300,7516,70457950000.0,217216338665.0
phi2_conv300,7517,70457950000.0,217221151198.0
phi2_conv300,7518,70457950000.0,217225963731.0
phi2_conv300,7519,70457950000.0,217230776264.0
phi2_conv300,7520,70457950000.0,217235588797.0
phi2_conv300,7521,70457950000.0,217240401330.0
phi2_conv300,7522,70457950000.0,217245213863.0
phi2_conv300,7523,70457950000.0,217250026396.0
phi2_conv300,7524,70457950000.0,217254838929.0
phi2_conv300,7525,70457950000.0,217259651462.0
phi2_conv300,7526,70457950000.0,217264463995.0
phi2_conv300,7527,70457950000.0,217269276528.0
phi2_conv300,7528,70457950000.0,217274089061.0
phi2_conv300,7529,70913521000.0,217466335363.0
phi2_conv300,7530,70913521000.0,217702869665.0
phi2_conv300,7531,70913521000.0,217707872150.0
phi2_conv300,7532,70913521000.0,217712746123.0
phi2_conv300,7533,70977717000.0,217763220649.0
phi2_conv300,7534,70977717000.0,217768194855.0
phi2_conv300,7535,70977717000.0,217773169061.0
phi2_conv300,7536,70977717000.0,217778173987.0
phi2_conv300,7537,70977717000.0,217783178913.0
phi2_conv300,7538,70977717000.0,217788183839.0
phi2_conv300,7539,70977717000.0,217793188765.0
phi2_conv300,7540,70977717000.0,217798193691.0
phi2_conv300,7541,70977717000.0,217802854672.0
phi2_conv300,7542,70977717000.0,217807515653.0
phi2_conv300,7543,70977717000.0,217812176634.0
phi2_conv300,7544,70977717000.0,217816837615.0
phi2_conv300,7545,70977717000.0,217821498596.0
phi2_conv300,7546,70977717000.0,217826159577.0
phi2_conv300,7547,70977717000.0,217830820558.0
phi2_conv300,7548,70977717000.0,217835481539.0
phi2_conv300,7549,70977717000.0,217840142520.0
phi2_conv300,7550,70977717000.0,217844803501.0
phi2_conv300,7551,70977717000.0,217849464482.0
phi2_conv300,7552,70977717000.0,217854125463.0
phi2_conv300,7553,70977717000.0,217858786444.0
phi2_conv300,7554,70977717000.0,217863447425.0
phi2_conv300,7555,70977717000.0,217868108406.0
phi2_conv300,7556,70977717000.0,217880860730.0
phi2_conv300,7557,70977717000.0,217893613054.0
phi2_conv300,7558,70977717000.0,217906365378.0
phi2_conv300,7559,70977717000.0,217919117702.0
phi2_conv300,7560,70977717000.0,217931870026.0
phi2_conv300,7561,70977717000.0,217944622350.0
phi2_conv300,7562,70977717000.0,217957374674.0
phi2_conv300,7563,70977717000.0,217970126998.0
phi2_conv300,7564,70977717000.0,217982879322.0
phi2_conv300,7565,70977717000.0,217995631646.0
phi2_conv300,7566,70977717000.0,218008383970.0
phi2_conv300,7567,70977717000.0,218021136294.0
phi2_conv300,7568,70977717000.0,218033888618.0
phi2_conv300,7569,70977717000.0,218046640942.0
phi2_conv300,7570,70977717000.0,218059393266.0
phi2_conv300,7571,70977717000.0,218072145590.0
phi2_conv300,7572,70977717000.0,218084897914.0
phi2_conv300,7573,70977717000.0,218097650238.0
phi2_conv300,7574,70977717000.0,218110402562.0
phi2_conv300,7575,70977717000.0,218123154886.0
phi2_conv300,7576,70977717000.0,218135907210.0
phi2_conv300,7577,70977717000.0,218148659534.0
phi2_conv300,7578,70977717000.0,218161411858.0
phi2_conv300,7579,70977717000.0,218174164182.0
phi2_conv300,7580,70977717000.0,218186916506.0
phi2_conv300,7581,70977717000.0,218199668830.0
phi2_conv300,7582,70977717000.0,218212421154.0
phi2_conv300,7583,70977717000.0,218225173478.0
phi2_conv300,7584,70977717000.0,218237925802.0
phi2_conv300,7585,70977717000.0,218250678126.0
phi2_conv300,7586,70977717000.0,218263430450.0
phi2_conv300,7587,70977717000.0,218276182774.0
phi2_conv300,7588,70977717000.0,218288935098.0
phi2_conv300,7589,70977717000.0,218301687422.0
phi2_conv300,7590,70977717000.0,218314439746.0
phi2_conv300,7591,70977717000.0,218327192070.0
phi2_conv300,7592,70977717000.0,218339944394.0
phi2_conv300,7593,70977717000.0,218352696718.0
phi2_conv300,7594,70977717000.0,218365449042.0
phi2_conv300,7595,70977717000.0,218378201366.0
phi2_conv300,7596,70977717000.0,218390953690.0
phi2_conv300,7597,70977717000.0,218403706014.0
phi2_conv300,7598,70977717000.0,218416458338.0
phi2_conv300,7599,70977717000.0,218429210662.0
phi2_conv300,7600,70977717000.0,218441962986.0
phi2_conv300,7601,70977717000.0,218454715310.0
phi2_conv300,7602,70977717000.0,218467467634.0
phi2_conv300,7603,70977717000.0,218480219958.0
phi2_conv300,7604,70977717000.0,218492972282.0
phi2_conv300,7605,70977717000.0,218505724606.0
phi2_conv300,7606,70977717000.0,218518476930.0
phi2_conv300,7607,70977717000.0,218531231302.0
phi2_conv300,7608,70977717000.0,218543985674.0
phi2_conv300,7609,70977717000.0,218556740046.0
phi2_conv300,7610,70977717000.0,218569494418.0
phi2_conv300,7611,70977717000.0,218582248790.0
phi2_conv300,7612,70977717000.0,218595003162.0
phi2_conv300,7613,70977717000.0,218607757534.0
phi2_conv300,7614,71553215000.0,218889613170.0
phi2_conv300,7615,71553215000.0,219215758854.0
phi2_conv300,7616,71553215000.0,219280249803.0
phi2_conv300,7617,71553215000.0,219284728512.0
phi2_conv300,7618,71553215000.0,219289207221.0
phi2_conv300,7619,71553215000.0,219293685930.0
phi2_conv300,7620,71553215000.0,219298164639.0
phi2_conv300,7621,71553215000.0,219302643348.0
phi2_conv300,7622,71553215000.0,219307122057.0
phi2_conv300,7623,71553215000.0,219311600766.0
phi2_conv300,7624,71553215000.0,219316079475.0
phi2_conv300,7625,71553215000.0,219320558184.0
phi2_conv300,7626,71553215000.0,219325036893.0
phi2_conv300,7627,71553215000.0,219329546322.0
phi2_conv300,7628,71553215000.0,219334055751.0
phi2_conv300,7629,71553215000.0,219338565180.0
phi2_conv300,7630,71553215000.0,219343074609.0
phi2_conv300,7631,71553215000.0,219347614758.0
phi2_conv300,7632,71553215000.0,219352154907.0
phi2_conv300,7633,71553215000.0,219356695056.0
phi2_conv300,7634,71553215000.0,219361235205.0
phi2_conv300,7635,71553215000.0,219365775354.0
phi2_conv300,7636,71553215000.0,219370315503.0
phi2_conv300,7637,71553215000.0,219374855652.0
phi2_conv300,7638,71553215000.0,219379395801.0
phi2_conv300,7639,71553215000.0,219383935950.0
phi2_conv300,7640,71553215000.0,219388476099.0
phi2_conv300,7641,71553215000.0,219392303015.0
phi2_conv300,7642,71553215000.0,219396129931.0
phi2_conv300,7643,71553215000.0,219399956847.0
phi2_conv300,7644,71553215000.0,219403783763.0
phi2_conv300,7645,71553215000.0,219407610679.0
phi2_conv300,7646,71553215000.0,219411437595.0
phi2_conv300,7647,71553215000.0,219415264511.0
phi2_conv300,7648,71553215000.0,219419091427.0
phi2_conv300,7649,71553215000.0,219422918343.0
phi2_conv300,7650,71553215000.0,219426745259.0
phi2_conv300,7651,71553215000.0,219430602895.0
phi2_conv300,7652,71553215000.0,219434460531.0
phi2_conv300,7653,71553215000.0,219438318167.0
phi2_conv300,7654,71553215000.0,219442175803.0
phi2_conv300,7655,71553215000.0,219446033439.0
phi2_conv300,7656,71553215000.0,219449891075.0
phi2_conv300,7657,71553215000.0,219453748711.0
phi2_conv300,7658,71553215000.0,219457606347.0
phi2_conv300,7659,71553215000.0,219461463983.0
phi2_conv300,7660,71553215000.0,219465321619.0
phi2_conv300,7661,71553215000.0,219469179255.0
phi2_conv300,7662,71926622000.0,219714716312.0
phi2_conv300,7663,71926622000.0,220004545465.0
phi2_conv300,7664,71926622000.0,220037435229.0
phi2_conv300,7665,71926622000.0,220050097441.0
phi2_conv300,7666,71926622000.0,220062759653.0
phi2_conv300,7667,71926622000.0,220075421865.0
phi2_conv300,7668,71926622000.0,220088084077.0
phi2_conv300,7669,71926622000.0,220100746289.0
phi2_conv300,7670,71926622000.0,220113408501.0
phi2_conv300,7671,71926622000.0,220126070713.0
phi2_conv300,7672,71926622000.0,220138732925.0
phi2_conv300,7673,71926622000.0,220151395137.0
phi2_conv300,7674,71926622000.0,220164057349.0
phi2_conv300,7675,71926622000.0,220176719561.0
phi2_conv300,7676,71926622000.0,220189381773.0
phi2_conv300,7677,71926622000.0,220202043985.0
phi2_conv300,7678,71926622000.0,220214706197.0
phi2_conv300,7679,71926622000.0,220227368409.0
phi2_conv300,7680,71926622000.0,220231164605.0
phi2_conv300,7681,71926622000.0,220234960801.0
phi2_conv300,7682,71926622000.0,220238756997.0
phi2_conv300,7683,71926622000.0,220242553193.0
phi2_conv300,7684,71926622000.0,220246349389.0
phi2_conv300,7685,71926622000.0,220250145585.0
phi2_conv300,7686,71926622000.0,220253941781.0
phi2_conv300,7687,71926622000.0,220257737977.0
phi2_conv300,7688,71926622000.0,220261564893.0
phi2_conv300,7689,71926622000.0,220265391809.0
phi2_conv300,7690,71926622000.0,220269218725.0
phi2_conv300,7691,71926622000.0,220273045641.0
phi2_conv300,7692,71926622000.0,220276872557.0
phi2_conv300,7693,71926622000.0,220280730193.0
phi2_conv300,7694,71926622000.0,220284587829.0
phi2_conv300,7695,71926622000.0,220288445465.0
phi2_conv300,7696,71926622000.0,220292303101.0
phi2_conv300,7697,71926622000.0,220296160737.0
phi2_conv300,7698,71926622000.0,220300018373.0
phi2_conv300,7699,71926622000.0,220303876009.0
phi2_conv300,7700,71926622000.0,220307733645.0
phi2_conv300,7701,71926622000.0,220311591281.0
phi2_conv300,7702,71926622000.0,220315448917.0
phi2_conv300,7703,71926622000.0,220319306553.0
phi2_conv300,7704,71926622000.0,220323164189.0
phi2_conv300,7705,71926622000.0,220327021825.0
phi2_conv300,7706,71926622000.0,220330879461.0
phi2_conv300,7707,71926622000.0,220334737097.0
phi2_conv300,7708,71926622000.0,220338594733.0
phi2_conv300,7709,71926622000.0,220342452369.0
phi2_conv300,7710,72258986000.0,220587989426.0
phi2_conv300,7711,72258986000.0,220760406660.0
phi2_conv300,7712,72258986000.0,220773038152.0
phi2_conv300,7713,72258986000.0,220785669644.0
phi2_conv300,7714,72258986000.0,220798301136.0
phi2_conv300,7715,72258986000.0,220810932628.0
phi2_conv300,7716,72258986000.0,220823564120.0
phi2_conv300,7717,72258986000.0,220836195612.0
phi2_conv300,7718,72258986000.0,220848827104.0
phi2_conv300,7719,72258986000.0,220861458596.0
phi2_conv300,7720,72258986000.0,220874090088.0
phi2_conv300,7721,72258986000.0,220886721580.0
phi2_conv300,7722,72258986000.0,220899353072.0
phi2_conv300,7723,72258986000.0,220911984564.0
phi2_conv300,7724,72258986000.0,220924616056.0
phi2_conv300,7725,72258986000.0,220937247548.0
phi2_conv300,7726,72258986000.0,220949879040.0
phi2_conv300,7727,72258986000.0,220962510532.0
phi2_conv300,7728,72258986000.0,220975142024.0
phi2_conv300,7729,72258986000.0,220987773516.0
phi2_conv300,7730,72258986000.0,221000405008.0
phi2_conv300,7731,72258986000.0,221013036500.0
phi2_conv300,7732,72258986000.0,221025667992.0
phi2_conv300,7733,72258986000.0,221038299484.0
phi2_conv300,7734,72258986000.0,221050930976.0
phi2_conv300,7735,72258986000.0,221063562468.0
phi2_conv300,7736,72258986000.0,221076224680.0
phi2_conv300,7737,72258986000.0,221088886892.0
phi2_conv300,7738,72463206000.0,221132474937.0
phi2_conv300,7739,72463206000.0,221145135101.0
phi2_conv300,7740,72463206000.0,221157795265.0
phi2_conv300,7741,72463206000.0,221170455429.0
phi2_conv300,7742,72463206000.0,221183115593.0
phi2_conv300,7743,72463206000.0,221195775757.0
phi2_conv300,7744,72463206000.0,221208435921.0
phi2_conv300,7745,72463206000.0,221221096085.0
phi2_conv300,7746,72463206000.0,221233756249.0
phi2_conv300,7747,72463206000.0,221246416413.0
phi2_conv300,7748,72463206000.0,221259076577.0
phi2_conv300,7749,72463206000.0,221271736741.0
phi2_conv300,7750,72463206000.0,221284396905.0
phi2_conv300,7751,72463206000.0,221297057069.0
phi2_conv300,7752,72463206000.0,221309717233.0
phi2_conv300,7753,72463206000.0,221322377397.0
phi2_conv300,7754,72463206000.0,221335037561.0
phi2_conv300,7755,72463206000.0,221347697725.0
phi2_conv300,7756,72463206000.0,221360357889.0
phi2_conv300,7757,72463206000.0,221373018053.0
phi2_conv300,7758,72463206000.0,221385678217.0
phi2_conv300,7759,72463206000.0,221398338381.0
phi2_conv300,7760,72463206000.0,221410998545.0
phi2_conv300,7761,72463206000.0,221423658709.0
phi2_conv300,7762,72463206000.0,221436318873.0
phi2_conv300,7763,72463206000.0,221448979037.0
phi2_conv300,7764,72463206000.0,221461639201.0
phi2_conv300,7765,72463206000.0,221474299365.0
phi2_conv300,7766,72463206000.0,221486959529.0
phi2_conv300,7767,72463206000.0,221499619693.0
phi2_conv300,7768,72463206000.0,221512279857.0
phi2_conv300,7769,72463206000.0,221524942069.0
phi2_conv300,7770,72463206000.0,221537604281.0
phi2_conv300,7771,72463206000.0,221550266493.0
phi2_conv300,7772,72686339000.0,221832029969.0
phi2_conv300,7773,72686339000.0,222158083493.0
phi2_conv300,7774,72686339000.0,222254998106.0
phi2_conv300,7775,72686339000.0,222259384655.0
phi2_conv300,7776,72686339000.0,222263771204.0
phi2_conv300,7777,72686339000.0,222268157753.0
phi2_conv300,7778,72686339000.0,222272544302.0
phi2_conv300,7779,72686339000.0,222276930851.0
phi2_conv300,7780,72772330000.0,222468751169.0
phi2_conv300,7781,72772330000.0,222737747694.0
phi2_conv300,7782,72772330000.0,222742386028.0
phi2_conv300,7783,72772330000.0,222747024362.0
phi2_conv300,7784,72772330000.0,222751662696.0
phi2_conv300,7785,72772330000.0,222756301030.0
phi2_conv300,7786,72772330000.0,222760939364.0
phi2_conv300,7787,72772330000.0,222765577698.0
phi2_conv300,7788,72772330000.0,222770216032.0
phi2_conv300,7789,72772330000.0,222774854366.0
phi2_conv300,7790,72772330000.0,222779492700.0
phi2_conv300,7791,72772330000.0,222784131034.0
phi2_conv300,7792,72772330000.0,222788769368.0
phi2_conv300,7793,72772330000.0,222793407702.0
phi2_conv300,7794,72772330000.0,222798046036.0
phi2_conv300,7795,72772330000.0,222802684370.0
phi2_conv300,7796,72772330000.0,222807322704.0
phi2_conv300,7797,72772330000.0,222811961038.0
phi2_conv300,7798,72772330000.0,222816599372.0
phi2_conv300,7799,72772330000.0,222821237706.0
phi2_conv300,7800,72772330000.0,222825876040.0
phi2_conv300,7801,72772330000.0,222830514374.0
phi2_conv300,7802,72772330000.0,222835152708.0
phi2_conv300,7803,72772330000.0,222839791042.0
phi2_conv300,7804,72772330000.0,222844460096.0
phi2_conv300,7805,72772330000.0,222849129150.0
phi2_conv300,7806,72772330000.0,222853798204.0
phi2_conv300,7807,72772330000.0,222858467258.0
phi2_conv300,7808,72772330000.0,222863136312.0
phi2_conv300,7809,72772330000.0,222867805366.0
phi2_conv300,7810,72772330000.0,222872505140.0
phi2_conv300,7811,72772330000.0,222877204914.0
phi2_conv300,7812,72772330000.0,222881904688.0
phi2_conv300,7813,72772330000.0,222886604462.0
phi2_conv300,7814,72772330000.0,222891304236.0
phi2_conv300,7815,73069107000.0,223040314714.0
phi2_conv300,7816,73069107000.0,223045030353.0
phi2_conv300,7817,73069107000.0,223049745992.0
phi2_conv300,7818,73069107000.0,223054461631.0
phi2_conv300,7819,73069107000.0,223059177270.0
phi2_conv300,7820,73069107000.0,223063892909.0
phi2_conv300,7821,73069107000.0,223068608548.0
phi2_conv300,7822,73139437000.0,223253424184.0
phi2_conv300,7823,73139437000.0,223500546124.0
phi2_conv300,7824,73139437000.0,223749213280.0
phi2_conv300,7825,73139437000.0,224269246580.0
phi2_conv300,7826,73139437000.0,224832098440.0
phi2_conv300,7827,73139437000.0,225243183260.0
phi2_conv300,7828,73139437000.0,225981648048.0
phi2_conv300,7829,73139437000.0,226721142980.0
phi2_conv300,7830,73188991000.0,226936416836.0
phi2_conv300,7831,73188991000.0,227259845636.0
phi2_conv300,7832,73284651000.0,227466660495.0
phi2_conv300,7833,73284651000.0,227700230234.0
phi2_conv300,7834,73284651000.0,227861923346.0
phi2_conv300,7835,73284651000.0,227868052341.0
phi2_conv300,7836,73284651000.0,227874181336.0
phi2_conv300,7837,73284651000.0,227880310331.0
phi2_conv300,7838,73284651000.0,227886439326.0
phi2_conv300,7839,73284651000.0,227892568321.0
phi2_conv300,7840,73284651000.0,227898697316.0
phi2_conv300,7841,73284651000.0,227904826311.0
phi2_conv300,7842,73284651000.0,227910955306.0
phi2_conv300,7843,73501684000.0,228136464575.0
phi2_conv300,7844,73501684000.0,228406251604.0
phi2_conv300,7845,73501684000.0,228441867872.0
phi2_conv300,7846,73501684000.0,228448156492.0
phi2_conv300,7847,73501684000.0,228454445112.0
phi2_conv300,7848,73501684000.0,228460733732.0
phi2_conv300,7849,73501684000.0,228467022352.0
phi2_conv300,7850,73501684000.0,228473310972.0
phi2_conv300,7851,73501684000.0,228479599592.0
phi2_conv300,7852,73501684000.0,228485918932.0
phi2_conv300,7853,73501684000.0,228492238272.0
phi2_conv300,7854,73501684000.0,228498557612.0
phi2_conv300,7855,73501684000.0,228504876952.0
phi2_conv300,7856,73501684000.0,228511196292.0
phi2_conv300,7857,73501684000.0,228517515632.0
phi2_conv300,7858,73501684000.0,228523834972.0
phi2_conv300,7859,73501684000.0,228530154312.0
phi2_conv300,7860,73501684000.0,228536473652.0
phi2_conv300,7861,73501684000.0,228542792992.0
phi2_conv300,7862,73501684000.0,228549112332.0
phi2_conv300,7863,73501684000.0,228555431672.0
phi2_conv300,7864,73501684000.0,228561751012.0
phi2_conv300,7865,73501684000.0,228568070352.0
phi2_conv300,7866,73501684000.0,228574389692.0
phi2_conv300,7867,73501684000.0,228580709032.0
phi2_conv300,7868,73501684000.0,228586438667.0
phi2_conv300,7869,73501684000.0,228592168302.0
phi2_conv300,7870,73501684000.0,228597897937.0
phi2_conv300,7871,73501684000.0,228603627572.0
phi2_conv300,7872,73501684000.0,228609357207.0
phi2_conv300,7873,73501684000.0,228615086842.0
phi2_conv300,7874,73501684000.0,228620816477.0
phi2_conv300,7875,73501684000.0,228626268919.0
phi2_conv300,7876,73501684000.0,228631721361.0
phi2_conv300,7877,73501684000.0,228637173803.0
phi2_conv300,7878,73841563000.0,228826033654.0
phi2_conv300,7879,73841563000.0,229099647772.0
phi2_conv300,7880,73841563000.0,229105315967.0
phi2_conv300,7881,73841563000.0,229110984162.0
phi2_conv300,7882,73841563000.0,229116652357.0
phi2_conv300,7883,73841563000.0,229122320552.0
phi2_conv300,7884,73841563000.0,229127988747.0
phi2_conv300,7885,73841563000.0,229133656942.0
phi2_conv300,7886,73841563000.0,229139325137.0
phi2_conv300,7887,73841563000.0,229144993332.0
phi2_conv300,7888,73841563000.0,229150661527.0
phi2_conv300,7889,73841563000.0,229156329722.0
phi2_conv300,7890,73841563000.0,229161997917.0
phi2_conv300,7891,73841563000.0,229167666112.0
phi2_conv300,7892,73841563000.0,229173334307.0
phi2_conv300,7893,73841563000.0,229179002502.0
phi2_conv300,7894,73841563000.0,229184670697.0
phi2_conv300,7895,74006953000.0,229409719166.0
phi2_conv300,7896,74006953000.0,229679045395.0
phi2_conv300,7897,74046995000.0,229866637056.0
phi2_conv300,7898,74046995000.0,230125330861.0
phi2_conv300,7899,74046995000.0,230165039023.0
phi2_conv300,7900,74046995000.0,230171132849.0
phi2_conv300,7901,74046995000.0,230177257395.0
phi2_conv300,7902,74046995000.0,230183381941.0
phi2_conv300,7903,74046995000.0,230189506487.0
phi2_conv300,7904,74046995000.0,230195661753.0
phi2_conv300,7905,74046995000.0,230201817019.0
phi2_conv300,7906,74046995000.0,230207972285.0
phi2_conv300,7907,74046995000.0,230214127551.0
phi2_conv300,7908,74046995000.0,230220078251.0
phi2_conv300,7909,74046995000.0,230226028951.0
phi2_conv300,7910,74046995000.0,230231979651.0
phi2_conv300,7911,74046995000.0,230237930351.0
phi2_conv300,7912,74046995000.0,230243881051.0
phi2_conv300,7913,74046995000.0,230249831751.0
phi2_conv300,7914,74046995000.0,230255782451.0
phi2_conv300,7915,74046995000.0,230261733151.0
phi2_conv300,7916,74046995000.0,230267683851.0
phi2_conv300,7917,74046995000.0,230273634551.0
phi2_conv300,7918,74046995000.0,230279585251.0
phi2_conv300,7919,74046995000.0,230285535951.0
phi2_conv300,7920,74046995000.0,230291486651.0
phi2_conv300,7921,74046995000.0,230297437351.0
phi2_conv300,7922,74046995000.0,230303388051.0
phi2_conv300,7923,74046995000.0,230309338751.0
phi2_conv300,7924,74046995000.0,230315289451.0
phi2_conv300,7925,74046995000.0,230321240151.0
phi2_conv300,7926,74046995000.0,230327190851.0
phi2_conv300,7927,74046995000.0,230333141551.0
phi2_conv300,7928,74046995000.0,230339092251.0
phi2_conv300,7929,74046995000.0,230345042951.0
phi2_conv300,7930,74046995000.0,230350993651.0
phi2_conv300,7931,74046995000.0,230356975071.0
phi2_conv300,7932,74046995000.0,230362956491.0
phi2_conv300,7933,74046995000.0,230368937911.0
phi2_conv300,7934,74046995000.0,230374919331.0
phi2_conv300,7935,74046995000.0,230380900751.0
phi2_conv300,7936,74046995000.0,230386882171.0
phi2_conv300,7937,74046995000.0,230392863591.0
phi2_conv300,7938,74046995000.0,230398845011.0
phi2_conv300,7939,74046995000.0,230404826431.0
phi2_conv300,7940,74046995000.0,230410807851.0
phi2_conv300,7941,74046995000.0,230416789271.0
phi2_conv300,7942,74046995000.0,230422770691.0
phi2_conv300,7943,74046995000.0,230428782831.0
phi2_conv300,7944,74046995000.0,230434604626.0
phi2_conv300,7945,74046995000.0,230440426421.0
phi2_conv300,7946,74046995000.0,230446248216.0
phi2_conv300,7947,74046995000.0,230452070011.0
phi2_conv300,7948,74046995000.0,230457891806.0
phi2_conv300,7949,74046995000.0,230463713601.0
phi2_conv300,7950,74046995000.0,230469535396.0
phi2_conv300,7951,74046995000.0,230475357191.0
phi2_conv300,7952,74046995000.0,230481178986.0
phi2_conv300,7953,74046995000.0,230487000781.0
phi2_conv300,7954,74046995000.0,230492822576.0
phi2_conv300,7955,74046995000.0,230498578122.0
phi2_conv300,7956,74046995000.0,230504333668.0
phi2_conv300,7957,74046995000.0,230510089214.0
phi2_conv300,7958,74046995000.0,230515844760.0
phi2_conv300,7959,74046995000.0,230521600306.0
phi2_conv300,7960,74046995000.0,230527355852.0
phi2_conv300,7961,74046995000.0,230533111398.0
phi2_conv300,7962,74046995000.0,230538866944.0
phi2_conv300,7963,74046995000.0,230544622490.0
phi2_conv300,7964,74046995000.0,230550378036.0
phi2_conv300,7965,74046995000.0,230556133582.0
phi2_conv300,7966,74046995000.0,230561889128.0
phi2_conv300,7967,74046995000.0,230567644674.0
phi2_conv300,7968,74046995000.0,230573400220.0
phi2_conv300,7969,74046995000.0,230579155766.0
phi2_conv300,7970,74046995000.0,230584911312.0
phi2_conv300,7971,74046995000.0,230590697578.0
phi2_conv300,7972,74046995000.0,230596483844.0
phi2_conv300,7973,74046995000.0,230602270110.0
phi2_conv300,7974,74046995000.0,230608056376.0
phi2_conv300,7975,74046995000.0,230613842642.0
phi2_conv300,7976,74046995000.0,230619628908.0
phi2_conv300,7977,74046995000.0,230625415174.0
phi2_conv300,7978,74046995000.0,230631201440.0
phi2_conv300,7979,74046995000.0,230636987706.0
phi2_conv300,7980,74046995000.0,230642773972.0
phi2_conv300,7981,74046995000.0,230648560238.0
phi2_conv300,7982,74046995000.0,230654346504.0
phi2_conv300,7983,74046995000.0,230660132770.0
phi2_conv300,7984,74046995000.0,230665919036.0
phi2_conv300,7985,74046995000.0,230671705302.0
phi2_conv300,7986,74046995000.0,230677491568.0
phi2_conv300,7987,74046995000.0,230683277834.0
phi2_conv300,7988,74046995000.0,230689064100.0
phi2_conv300,7989,74046995000.0,230694850366.0
phi2_conv300,7990,74046995000.0,230700636632.0
phi2_conv300,7991,74046995000.0,230706422898.0
phi2_conv300,7992,74046995000.0,230712209164.0
phi2_conv300,7993,74046995000.0,230717995430.0
phi2_conv300,7994,74046995000.0,230723812416.0
phi2_conv300,7995,74046995000.0,230729629402.0
phi2_conv300,7996,74046995000.0,230735446388.0
phi2_conv300,7997,74046995000.0,230741263374.0
phi2_conv300,7998,74046995000.0,230747080360.0
phi2_conv300,7999,74046995000.0,230752928066.0
phi2_conv300,8000,74046995000.0,230758775772.0
phi2_conv300,8001,74046995000.0,230764623478.0
phi2_conv300,8002,74046995000.0,230770471184.0
phi2_conv300,8003,74046995000.0,230776318890.0
phi2_conv300,8004,74046995000.0,230782197316.0
phi2_conv300,8005,74046995000.0,230788075742.0
phi2_conv300,8006,74046995000.0,230793954168.0
phi2_conv300,8007,74046995000.0,230799832594.0
phi2_conv300,8008,74046995000.0,230805711020.0
phi2_conv300,8009,74046995000.0,230811589446.0
phi2_conv300,8010,74046995000.0,230817467872.0
phi2_conv300,8011,74046995000.0,230823346298.0
phi2_conv300,8012,74046995000.0,230828814186.0
phi2_conv300,8013,74046995000.0,230834282074.0
phi2_conv300,8014,74046995000.0,230839749962.0
phi2_conv300,8015,74046995000.0,230845217850.0
phi2_conv300,8016,74046995000.0,230850685738.0
phi2_conv300,8017,74046995000.0,230856153626.0
phi2_conv300,8018,74046995000.0,230861652234.0
phi2_conv300,8019,74046995000.0,230867150842.0
phi2_conv300,8020,74046995000.0,230872649450.0
phi2_conv300,8021,74046995000.0,230878148058.0
phi2_conv300,8022,74046995000.0,230883677386.0
phi2_conv300,8023,74046995000.0,230889206714.0
phi2_conv300,8024,74046995000.0,230894736042.0
phi2_conv300,8025,74046995000.0,230900265370.0
phi2_conv300,8026,74046995000.0,230905794698.0
phi2_conv300,8027,74046995000.0,230911324026.0
phi2_conv300,8028,74046995000.0,230916853354.0
phi2_conv300,8029,74046995000.0,230922382682.0
phi2_conv300,8030,74046995000.0,230927912010.0
phi2_conv300,8031,74046995000.0,230933441338.0
phi2_conv300,8032,74046995000.0,230938970666.0
phi2_conv300,8033,74046995000.0,230944499994.0
phi2_conv300,8034,74046995000.0,230950029322.0
phi2_conv300,8035,74046995000.0,230955558650.0
phi2_conv300,8036,74046995000.0,230961087978.0
phi2_conv300,8037,75304583000.0,231240318890.0
phi2_conv300,8038,75304583000.0,231563831658.0
phi2_conv300,8039,75304583000.0,231677405188.0
phi2_conv300,8040,75304583000.0,231683283614.0
phi2_conv300,8041,75304583000.0,231689162040.0
phi2_conv300,8042,75304583000.0,231695040466.0
phi2_conv300,8043,75304583000.0,231700918892.0
phi2_conv300,8044,75304583000.0,231706797318.0
phi2_conv300,8045,75304583000.0,231712675744.0
phi2_conv300,8046,75304583000.0,231718554170.0
phi2_conv300,8047,75304583000.0,231724432596.0
phi2_conv300,8048,75304583000.0,231730311022.0
phi2_conv300,8049,75304583000.0,231736189448.0
phi2_conv300,8050,75304583000.0,231742067874.0
phi2_conv300,8051,75304583000.0,231747946300.0
phi2_conv300,8052,75304583000.0,231753855446.0
phi2_conv300,8053,75304583000.0,231759764592.0
phi2_conv300,8054,75304583000.0,231765673738.0
phi2_conv300,8055,75304583000.0,231771582884.0
phi2_conv300,8056,75304583000.0,231777492030.0
phi2_conv300,8057,75304583000.0,231783401176.0
phi2_conv300,8058,75304583000.0,231789310322.0
phi2_conv300,8059,75304583000.0,231795219468.0
phi2_conv300,8060,75304583000.0,231801128614.0
phi2_conv300,8061,75304583000.0,231807037760.0
phi2_conv300,8062,75304583000.0,231812946906.0
phi2_conv300,8063,75304583000.0,231818856052.0
phi2_conv300,8064,75304583000.0,231824765198.0
phi2_conv300,8065,75304583000.0,231830674344.0
phi2_conv300,8066,75304583000.0,231836583490.0
phi2_conv300,8067,75304583000.0,231842492636.0
phi2_conv300,8068,75304583000.0,231848401782.0
phi2_conv300,8069,75304583000.0,231854310928.0
phi2_conv300,8070,75627209000.0,232043627483.0
phi2_conv300,8071,75627209000.0,232284432806.0
phi2_conv300,8072,75627209000.0,232323866409.0
phi2_conv300,8073,75627209000.0,232330022028.0
phi2_conv300,8074,75627209000.0,232336177647.0
phi2_conv300,8075,75627209000.0,232342333266.0
phi2_conv300,8076,75627209000.0,232348488885.0
phi2_conv300,8077,75627209000.0,232354644504.0
phi2_conv300,8078,75726526000.0,232580180397.0
phi2_conv300,8079,75726526000.0,232849994050.0
phi2_conv300,8080,75726526000.0,232887907342.0
phi2_conv300,8081,75726526000.0,232894222586.0
phi2_conv300,8082,75726526000.0,232900537830.0
phi2_conv300,8083,75726526000.0,232906853074.0
phi2_conv300,8084,75726526000.0,232913168318.0
phi2_conv300,8085,75726526000.0,232919483562.0
phi2_conv300,8086,75726526000.0,232925798806.0
phi2_conv300,8087,75833898000.0,233074888594.0
phi2_conv300,8088,75833898000.0,233081320340.0
phi2_conv300,8089,75862760000.0,233100232579.0
phi2_conv300,8090,75862760000.0,233106864946.0
phi2_conv300,8091,75862760000.0,233113497313.0
phi2_conv300,8092,75862760000.0,233119685347.0
phi2_conv300,8093,75862760000.0,233125873381.0
phi2_conv300,8094,75862760000.0,233132061415.0
phi2_conv300,8095,75862760000.0,233138249449.0
phi2_conv300,8096,75862760000.0,233144437483.0
phi2_conv300,8097,75862760000.0,233150625517.0
phi2_conv300,8098,75862760000.0,233156813551.0
phi2_conv300,8099,75862760000.0,233163001585.0
phi2_conv300,8100,75862760000.0,233169189619.0
phi2_conv300,8101,75862760000.0,233175377653.0
phi2_conv300,8102,75862760000.0,233181565687.0
phi2_conv300,8103,75862760000.0,233187753721.0
phi2_conv300,8104,75862760000.0,233193941755.0
phi2_conv300,8105,75862760000.0,233200129789.0
phi2_conv300,8106,75862760000.0,233206317823.0
phi2_conv300,8107,75862760000.0,233212505857.0
phi2_conv300,8108,75862760000.0,233218693891.0
phi2_conv300,8109,75862760000.0,233224881925.0
phi2_conv300,8110,75862760000.0,233231158023.0
phi2_conv300,8111,75862760000.0,233237434121.0
phi2_conv300,8112,75862760000.0,233243740939.0
phi2_conv300,8113,75862760000.0,233250047757.0
phi2_conv300,8114,76099724000.0,233397473809.0
phi2_conv300,8115,76099724000.0,233404071360.0
phi2_conv300,8116,76099724000.0,233410668911.0
phi2_conv300,8117,76099724000.0,233417266462.0
phi2_conv300,8118,76099724000.0,233423864013.0
phi2_conv300,8119,76099724000.0,233430461564.0
phi2_conv300,8120,76099724000.0,233437059115.0
phi2_conv300,8121,76099724000.0,233443656666.0
phi2_conv300,8122,76099724000.0,233450254217.0
phi2_conv300,8123,76099724000.0,233456851768.0
phi2_conv300,8124,76099724000.0,233463035706.0
phi2_conv300,8125,76099724000.0,233469219644.0
phi2_conv300,8126,76099724000.0,233475403582.0
phi2_conv300,8127,76099724000.0,233481587520.0
phi2_conv300,8128,76099724000.0,233487771458.0
phi2_conv300,8129,76099724000.0,233493955396.0
phi2_conv300,8130,76099724000.0,233500139334.0
phi2_conv300,8131,76099724000.0,233506353992.0
phi2_conv300,8132,76286150000.0,233690393060.0
phi2_conv300,8133,76286150000.0,233942134912.0
phi2_conv300,8134,76286150000.0,234011654863.0
phi2_conv300,8135,76286150000.0,234018252414.0
phi2_conv300,8136,76286150000.0,234024849965.0
phi2_conv300,8137,76286150000.0,234031447516.0
phi2_conv300,8138,76286150000.0,234038045067.0
phi2_conv300,8139,76286150000.0,234044642618.0
phi2_conv300,8140,76286150000.0,234051240169.0
phi2_conv300,8141,76286150000.0,234057837720.0
phi2_conv300,8142,76286150000.0,234064435271.0
phi2_conv300,8143,76286150000.0,234071063542.0
phi2_conv300,8144,76286150000.0,234077691813.0
phi2_conv300,8145,76286150000.0,234084320084.0
phi2_conv300,8146,76286150000.0,234090948355.0
phi2_conv300,8147,76286150000.0,234097576626.0
phi2_conv300,8148,76286150000.0,234104204897.0
phi2_conv300,8149,76286150000.0,234110833168.0
phi2_conv300,8150,76286150000.0,234117461439.0
phi2_conv300,8151,76286150000.0,234124089710.0
phi2_conv300,8152,76286150000.0,234130717981.0
phi2_conv300,8153,76286150000.0,234137346252.0
phi2_conv300,8154,76286150000.0,234143974523.0
phi2_conv300,8155,76286150000.0,234150602794.0
phi2_conv300,8156,76286150000.0,234157231065.0
phi2_conv300,8157,76286150000.0,234163859336.0
phi2_conv300,8158,76558380000.0,234540952852.0
phi2_conv300,8159,76558380000.0,234962317984.0
phi2_conv300,8160,76558380000.0,235040691500.0
phi2_conv300,8161,76558380000.0,235047642505.0
phi2_conv300,8162,76558380000.0,235054593510.0
phi2_conv300,8163,76558380000.0,235061544515.0
phi2_conv300,8164,76558380000.0,235068495520.0
phi2_conv300,8165,76558380000.0,235075446525.0
phi2_conv300,8166,76558380000.0,235082397530.0
phi2_conv300,8167,76558380000.0,235089348535.0
phi2_conv300,8168,76558380000.0,235096299540.0
phi2_conv300,8169,76558380000.0,235103250545.0
phi2_conv300,8170,76558380000.0,235110201550.0
phi2_conv300,8171,76558380000.0,235117152555.0
phi2_conv300,8172,76558380000.0,235124103560.0
phi2_conv300,8173,76558380000.0,235131054565.0
phi2_conv300,8174,76749357000.0,235317296384.0
phi2_conv300,8175,76749357000.0,235560423451.0
phi2_conv300,8176,76749357000.0,235567871493.0
phi2_conv300,8177,76749357000.0,235575250415.0
phi2_conv300,8178,76749357000.0,235582629337.0
phi2_conv300,8179,76749357000.0,235590038979.0
phi2_conv300,8180,76749357000.0,235597448621.0
phi2_conv300,8181,76749357000.0,235604858263.0
phi2_conv300,8182,76749357000.0,235612267905.0
phi2_conv300,8183,76749357000.0,235619677547.0
phi2_conv300,8184,76749357000.0,235627087189.0
phi2_conv300,8185,76749357000.0,235634130354.0
phi2_conv300,8186,76749357000.0,235641173519.0
phi2_conv300,8187,76749357000.0,235648216684.0
phi2_conv300,8188,76749357000.0,235655259849.0
phi2_conv300,8189,76749357000.0,235662303014.0
phi2_conv300,8190,76749357000.0,235669346179.0
phi2_conv300,8191,76749357000.0,235676389344.0
phi2_conv300,8192,76749357000.0,235683432509.0
phi2_conv300,8193,76749357000.0,235690475674.0
phi2_conv300,8194,76749357000.0,235697518839.0
phi2_conv300,8195,76749357000.0,235704562004.0
phi2_conv300,8196,76749357000.0,235711605169.0
phi2_conv300,8197,76749357000.0,235718648334.0
phi2_conv300,8198,76749357000.0,235725691499.0
phi2_conv300,8199,76749357000.0,235732734664.0
phi2_conv300,8200,76749357000.0,235739777829.0
phi2_conv300,8201,76749357000.0,235746820994.0
phi2_conv300,8202,76749357000.0,235753894879.0
phi2_conv300,8203,76749357000.0,235760584590.0
phi2_conv300,8204,76749357000.0,235767274301.0
phi2_conv300,8205,76749357000.0,235773964012.0
phi2_conv300,8206,76749357000.0,235780715163.0
phi2_conv300,8207,76749357000.0,235787497034.0
phi2_conv300,8208,76749357000.0,235793865292.0
phi2_conv300,8209,76749357000.0,235800233550.0
phi2_conv300,8210,76749357000.0,235806601808.0
phi2_conv300,8211,76749357000.0,235812972114.0
phi2_conv300,8212,76749357000.0,235819342420.0
phi2_conv300,8213,76749357000.0,235825712726.0
phi2_conv300,8214,76749357000.0,235831909186.0
phi2_conv300,8215,76749357000.0,235838105646.0
phi2_conv300,8216,76749357000.0,235844302106.0
phi2_conv300,8217,76749357000.0,235850498566.0
phi2_conv300,8218,76749357000.0,235856695026.0
phi2_conv300,8219,76749357000.0,235862891486.0
phi2_conv300,8220,76749357000.0,235868866881.0
phi2_conv300,8221,76749357000.0,235874842276.0
phi2_conv300,8222,76749357000.0,235880817671.0
phi2_conv300,8223,76749357000.0,235886793066.0
phi2_conv300,8224,76749357000.0,235892768461.0
phi2_conv300,8225,76749357000.0,235898743856.0
phi2_conv300,8226,76749357000.0,235904719251.0
phi2_conv300,8227,76749357000.0,235910694646.0
phi2_conv300,8228,77310607000.0,236136050315.0
phi2_conv300,8229,77310607000.0,236301880579.0
phi2_conv300,8230,77310607000.0,236307728285.0
phi2_conv300,8231,77310607000.0,236313575991.0
phi2_conv300,8232,77310607000.0,236319454417.0
phi2_conv300,8233,77310607000.0,236325332843.0
phi2_conv300,8234,77310607000.0,236331211269.0
phi2_conv300,8235,77310607000.0,236337089695.0
phi2_conv300,8236,77310607000.0,236342968121.0
phi2_conv300,8237,77310607000.0,236348846547.0
phi2_conv300,8238,77310607000.0,236354755693.0
phi2_conv300,8239,77310607000.0,236360664839.0
phi2_conv300,8240,77310607000.0,236366573985.0
phi2_conv300,8241,77310607000.0,236372483131.0
phi2_conv300,8242,77310607000.0,236378392277.0
phi2_conv300,8243,77310607000.0,236384301423.0
phi2_conv300,8244,77310607000.0,236390210569.0
phi2_conv300,8245,77310607000.0,236396119715.0
phi2_conv300,8246,77310607000.0,236402028861.0
phi2_conv300,8247,77310607000.0,236407938007.0
phi2_conv300,8248,77310607000.0,236413847153.0
phi2_conv300,8249,77310607000.0,236419756299.0
phi2_conv300,8250,77310607000.0,236425665445.0
phi2_conv300,8251,77310607000.0,236431574591.0
phi2_conv300,8252,77310607000.0,236437483737.0
phi2_conv300,8253,77546989000.0,236626800292.0
phi2_conv300,8254,77546989000.0,236867605615.0
phi2_conv300,8255,77546989000.0,236934834751.0
phi2_conv300,8256,77546989000.0,236940682457.0
phi2_conv300,8257,77546989000.0,236946530163.0
phi2_conv300,8258,77546989000.0,236952377869.0
phi2_conv300,8259,77546989000.0,236958225575.0
phi2_conv300,8260,77546989000.0,236964073281.0
phi2_conv300,8261,77546989000.0,236969920987.0
phi2_conv300,8262,77546989000.0,236975768693.0
phi2_conv300,8263,77546989000.0,236981616399.0
phi2_conv300,8264,77546989000.0,236987464105.0
phi2_conv300,8265,77546989000.0,236993311811.0
phi2_conv300,8266,77546989000.0,236999159517.0
phi2_conv300,8267,77546989000.0,237005007223.0
phi2_conv300,8268,77546989000.0,237010854929.0
phi2_conv300,8269,77546989000.0,237016702635.0
phi2_conv300,8270,77546989000.0,237022550341.0
phi2_conv300,8271,77546989000.0,237028398047.0
phi2_conv300,8272,77546989000.0,237034245753.0
phi2_conv300,8273,77546989000.0,237040093459.0
phi2_conv300,8274,77546989000.0,237045941165.0
phi2_conv300,8275,77546989000.0,237051788871.0
phi2_conv300,8276,77546989000.0,237057636577.0
phi2_conv300,8277,77546989000.0,237063484283.0
phi2_conv300,8278,77546989000.0,237069331989.0
phi2_conv300,8279,77546989000.0,237075179695.0
phi2_conv300,8280,77546989000.0,237081027401.0
phi2_conv300,8281,77546989000.0,237086875107.0
phi2_conv300,8282,77546989000.0,237092722813.0
phi2_conv300,8283,77546989000.0,237098190701.0
phi2_conv300,8284,77546989000.0,237103658589.0
phi2_conv300,8285,77546989000.0,237109126477.0
phi2_conv300,8286,77546989000.0,237114594365.0
phi2_conv300,8287,77546989000.0,237120062253.0
phi2_conv300,8288,77546989000.0,237125530141.0
phi2_conv300,8289,77546989000.0,237130998029.0
phi2_conv300,8290,77546989000.0,237136465917.0
phi2_conv300,8291,77546989000.0,237141572724.0
phi2_conv300,8292,77546989000.0,237146679531.0
phi2_conv300,8293,77546989000.0,237151786338.0
phi2_conv300,8294,77546989000.0,237156893145.0
phi2_conv300,8295,77546989000.0,237161999952.0
phi2_conv300,8296,77546989000.0,237167106759.0
phi2_conv300,8297,77546989000.0,237172213566.0
phi2_conv300,8298,77546989000.0,237177320373.0
phi2_conv300,8299,77546989000.0,237182427180.0
phi2_conv300,8300,77546989000.0,237187533987.0
phi2_conv300,8301,77546989000.0,237192640794.0
phi2_conv300,8302,77546989000.0,237197747601.0
phi2_conv300,8303,77546989000.0,237202854408.0
phi2_conv300,8304,77546989000.0,237207961215.0
phi2_conv300,8305,77546989000.0,237213068022.0
phi2_conv300,8306,77546989000.0,237218174829.0
phi2_conv300,8307,77546989000.0,237223281636.0
phi2_conv300,8308,77546989000.0,237228388443.0
phi2_conv300,8309,77546989000.0,237233495250.0
phi2_conv300,8310,77546989000.0,237238602057.0
phi2_conv300,8311,77546989000.0,237243708864.0
phi2_conv300,8312,77546989000.0,237248815671.0
phi2_conv300,8313,77546989000.0,237253922478.0
phi2_conv300,8314,77546989000.0,237259029285.0
phi2_conv300,8315,77546989000.0,237264136092.0
phi2_conv300,8316,77546989000.0,237269242899.0
phi2_conv300,8317,77546989000.0,237274349706.0
phi2_conv300,8318,77546989000.0,237279456513.0
phi2_conv300,8319,77546989000.0,237284563320.0
phi2_conv300,8320,77546989000.0,237289670127.0
phi2_conv300,8321,77546989000.0,237294776934.0
phi2_conv300,8322,77546989000.0,237299883741.0
phi2_conv300,8323,77546989000.0,237304990548.0
phi2_conv300,8324,77546989000.0,237310097355.0
phi2_conv300,8325,77546989000.0,237315204162.0
phi2_conv300,8326,77546989000.0,237320310969.0
phi2_conv300,8327,77546989000.0,237325417776.0
phi2_conv300,8328,77546989000.0,237330524583.0
phi2_conv300,8329,77546989000.0,237335631390.0
phi2_conv300,8330,77546989000.0,237340738197.0
phi2_conv300,8331,78254342000.0,237525975721.0
phi2_conv300,8332,78254342000.0,237773519549.0
phi2_conv300,8333,78254342000.0,237886216365.0
phi2_conv300,8334,78254342000.0,237891653533.0
phi2_conv300,8335,78313936000.0,238170792285.0
phi2_conv300,8336,78313936000.0,238494212893.0
phi2_conv300,8337,78313936000.0,238749382313.0
phi2_conv300,8338,78313936000.0,238754880921.0
phi2_conv300,8339,78313936000.0,238760440969.0
phi2_conv300,8340,78313936000.0,238766001017.0
phi2_conv300,8341,78313936000.0,238771561065.0
phi2_conv300,8342,78313936000.0,238777121113.0
phi2_conv300,8343,78313936000.0,238782681161.0
phi2_conv300,8344,78313936000.0,238788241209.0
phi2_conv300,8345,78313936000.0,238793801257.0
phi2_conv300,8346,78313936000.0,238799361305.0
phi2_conv300,8347,78313936000.0,238804921353.0
phi2_conv300,8348,78313936000.0,238810481401.0
phi2_conv300,8349,78313936000.0,238816041449.0
phi2_conv300,8350,78313936000.0,238821601497.0
phi2_conv300,8351,78313936000.0,238827161545.0
phi2_conv300,8352,78313936000.0,238832721593.0
phi2_conv300,8353,78313936000.0,238838281641.0
phi2_conv300,8354,78313936000.0,238843841689.0
phi2_conv300,8355,78313936000.0,238849401737.0
phi2_conv300,8356,78313936000.0,238854961785.0
phi2_conv300,8357,78313936000.0,238860521833.0
phi2_conv300,8358,78313936000.0,238866081881.0
phi2_conv300,8359,78313936000.0,238871641929.0
phi2_conv300,8360,78313936000.0,238877201977.0
phi2_conv300,8361,78313936000.0,238882762025.0
phi2_conv300,8362,78313936000.0,238888322073.0
phi2_conv300,8363,78313936000.0,238893882121.0
phi2_conv300,8364,78313936000.0,238899442169.0
phi2_conv300,8365,78313936000.0,238905002217.0
phi2_conv300,8366,78313936000.0,238910562265.0
phi2_conv300,8367,78313936000.0,238916122313.0
phi2_conv300,8368,78313936000.0,238921682361.0
phi2_conv300,8369,78313936000.0,238927242409.0
phi2_conv300,8370,78313936000.0,238932802457.0
phi2_conv300,8371,78313936000.0,238938362505.0
phi2_conv300,8372,78313936000.0,238943922553.0
phi2_conv300,8373,78684997000.0,238989877959.0
phi2_conv300,8374,78684997000.0,238995604833.0
phi2_conv300,8375,78707843000.0,239184739116.0
phi2_conv300,8376,78707843000.0,239425362167.0
phi2_conv300,8377,78707843000.0,239714382530.0
phi2_conv300,8378,78741657000.0,239935692808.0
phi2_conv300,8379,78741657000.0,239941735668.0
phi2_conv300,8380,78741657000.0,239947778528.0
phi2_conv300,8381,78741657000.0,239953821388.0
phi2_conv300,8382,78741657000.0,239959864248.0
phi2_conv300,8383,78741657000.0,239965907108.0
phi2_conv300,8384,78741657000.0,239971949968.0
phi2_conv300,8385,78741657000.0,239977992828.0
phi2_conv300,8386,78741657000.0,239984035688.0
phi2_conv300,8387,78741657000.0,239990078548.0
phi2_conv300,8388,78741657000.0,239996121408.0
phi2_conv300,8389,78741657000.0,240002164268.0
phi2_conv300,8390,78741657000.0,240008207128.0
phi2_conv300,8391,78741657000.0,240014249988.0
phi2_conv300,8392,78741657000.0,240020292848.0
phi2_conv300,8393,78741657000.0,240026335708.0
phi2_conv300,8394,78741657000.0,240032378568.0
phi2_conv300,8395,78741657000.0,240038421428.0
phi2_conv300,8396,78741657000.0,240044464288.0
phi2_conv300,8397,78741657000.0,240050507148.0
phi2_conv300,8398,78741657000.0,240056550008.0
phi2_conv300,8399,78741657000.0,240062592868.0
phi2_conv300,8400,78741657000.0,240068635728.0
phi2_conv300,8401,78741657000.0,240074678588.0
phi2_conv300,8402,78741657000.0,240080721448.0
phi2_conv300,8403,78741657000.0,240086764308.0
phi2_conv300,8404,78741657000.0,240092807168.0
phi2_conv300,8405,78741657000.0,240098850028.0
phi2_conv300,8406,78741657000.0,240104925656.0
phi2_conv300,8407,78741657000.0,240111001284.0
phi2_conv300,8408,78741657000.0,240117076912.0
phi2_conv300,8409,78741657000.0,240123152540.0
phi2_conv300,8410,78741657000.0,240129228168.0
phi2_conv300,8411,78741657000.0,240135303796.0
phi2_conv300,8412,78741657000.0,240141379424.0
phi2_conv300,8413,78741657000.0,240147455052.0
phi2_conv300,8414,78741657000.0,240153561400.0
phi2_conv300,8415,78741657000.0,240159698468.0
phi2_conv300,8416,78741657000.0,240165835536.0
phi2_conv300,8417,78741657000.0,240171972604.0
phi2_conv300,8418,78741657000.0,240178109672.0
phi2_conv300,8419,78741657000.0,240184246740.0
phi2_conv300,8420,78741657000.0,240190383808.0
phi2_conv300,8421,78741657000.0,240196520876.0
phi2_conv300,8422,78741657000.0,240202688664.0
phi2_conv300,8423,78741657000.0,240208856452.0
phi2_conv300,8424,78741657000.0,240215024240.0
phi2_conv300,8425,78741657000.0,240221192028.0
phi2_conv300,8426,78741657000.0,240227390536.0
phi2_conv300,8427,78741657000.0,240233589044.0
phi2_conv300,8428,78741657000.0,240239505047.0
phi2_conv300,8429,78741657000.0,240245421050.0
phi2_conv300,8430,78741657000.0,240251337053.0
phi2_conv300,8431,79246030000.0,240410853876.0
phi2_conv300,8432,79246030000.0,240416616279.0
phi2_conv300,8433,79246030000.0,240422378682.0
phi2_conv300,8434,79246030000.0,240428141085.0
phi2_conv300,8435,79246030000.0,240433903488.0
phi2_conv300,8436,79246030000.0,240439665891.0
phi2_conv300,8437,79246030000.0,240445428294.0
phi2_conv300,8438,79316404000.0,240670570971.0
phi2_conv300,8439,79316404000.0,240939991408.0
phi2_conv300,8440,79323080000.0,241031128942.0
phi2_conv300,8441,79323080000.0,241037196144.0
phi2_conv300,8442,79323080000.0,241043263346.0
phi2_conv300,8443,79323080000.0,241049330548.0
phi2_conv300,8444,79323080000.0,241055397750.0
phi2_conv300,8445,79323080000.0,241061464952.0
phi2_conv300,8446,79323080000.0,241067562874.0
phi2_conv300,8447,79431406000.0,241251485206.0
phi2_conv300,8448,79431406000.0,241503110322.0
phi2_conv300,8449,79466727000.0,241757377278.0
phi2_conv300,8450,79466727000.0,241764029275.0
phi2_conv300,8451,79466727000.0,241770681272.0
phi2_conv300,8452,79466727000.0,241777333269.0
phi2_conv300,8453,79466727000.0,241783985266.0
phi2_conv300,8454,79466727000.0,241790253089.0
phi2_conv300,8455,79466727000.0,241796520912.0
phi2_conv300,8456,79466727000.0,241802788735.0
phi2_conv300,8457,79466727000.0,241809056558.0
phi2_conv300,8458,79466727000.0,241815324381.0
phi2_conv300,8459,79466727000.0,241821594252.0
phi2_conv300,8460,79466727000.0,241827864123.0
phi2_conv300,8461,79466727000.0,241834133994.0
phi2_conv300,8462,79466727000.0,241840403865.0
phi2_conv300,8463,79466727000.0,241846673736.0
phi2_conv300,8464,79466727000.0,241852943607.0
phi2_conv300,8465,79466727000.0,241859213478.0
phi2_conv300,8466,79466727000.0,241865483349.0
phi2_conv300,8467,79466727000.0,241871753220.0
phi2_conv300,8468,79466727000.0,241878023091.0
phi2_conv300,8469,79466727000.0,241884295010.0
phi2_conv300,8470,79466727000.0,241890566929.0
phi2_conv300,8471,79466727000.0,241896838848.0
phi2_conv300,8472,79466727000.0,241903110767.0
phi2_conv300,8473,79466727000.0,241909382686.0
phi2_conv300,8474,79466727000.0,241915654605.0
phi2_conv300,8475,79466727000.0,241921926524.0
phi2_conv300,8476,79466727000.0,241928198443.0
phi2_conv300,8477,79466727000.0,241934470362.0
phi2_conv300,8478,79466727000.0,241940742281.0
phi2_conv300,8479,79466727000.0,241947014200.0
phi2_conv300,8480,79466727000.0,241952841786.0
phi2_conv300,8481,79788963000.0,241998898144.0
phi2_conv300,8482,79788963000.0,242004682639.0
phi2_conv300,8483,79788963000.0,242010467134.0
phi2_conv300,8484,79817387000.0,242386716874.0
phi2_conv300,8485,79817387000.0,242807238230.0
phi2_conv300,8486,79817387000.0,242966712471.0
phi2_conv300,8487,79817387000.0,242972850420.0
phi2_conv300,8488,79817387000.0,242978988369.0
phi2_conv300,8489,79817387000.0,242985126318.0
phi2_conv300,8490,79817387000.0,242991264267.0
phi2_conv300,8491,79817387000.0,242997402216.0
phi2_conv300,8492,79817387000.0,243003540165.0
phi2_conv300,8493,79817387000.0,243009678114.0
phi2_conv300,8494,79817387000.0,243015816063.0
phi2_conv300,8495,79817387000.0,243021954012.0
phi2_conv300,8496,79817387000.0,243028091961.0
phi2_conv300,8497,79817387000.0,243034229910.0
phi2_conv300,8498,79817387000.0,243040398579.0
phi2_conv300,8499,79817387000.0,243046567248.0
phi2_conv300,8500,79996058000.0,243232026731.0
phi2_conv300,8501,79996058000.0,243474371462.0
phi2_conv300,8502,79996058000.0,243510885840.0
phi2_conv300,8503,79996058000.0,243517513146.0
phi2_conv300,8504,79996058000.0,243524140452.0
phi2_conv300,8505,79996058000.0,243530767758.0
phi2_conv300,8506,79996058000.0,243537395064.0
phi2_conv300,8507,79996058000.0,243544022370.0
phi2_conv300,8508,79996058000.0,243550649676.0
phi2_conv300,8509,79996058000.0,243557276982.0
phi2_conv300,8510,79996058000.0,243563904288.0
phi2_conv300,8511,79996058000.0,243570531594.0
phi2_conv300,8512,79996058000.0,243576882535.0
phi2_conv300,8513,79996058000.0,243583233476.0
phi2_conv300,8514,79996058000.0,243589584417.0
phi2_conv300,8515,79996058000.0,243595935358.0
phi2_conv300,8516,79996058000.0,243602286299.0
phi2_conv300,8517,80182683000.0,243787928054.0
phi2_conv300,8518,80182683000.0,244025110180.0
phi2_conv300,8519,80182683000.0,244031891086.0
phi2_conv300,8520,80182683000.0,244038671992.0
phi2_conv300,8521,80182683000.0,244045452898.0
phi2_conv300,8522,80182683000.0,244051744447.0
phi2_conv300,8523,80182683000.0,244058035996.0
phi2_conv300,8524,80182683000.0,244064327545.0
phi2_conv300,8525,80182683000.0,244070619094.0
phi2_conv300,8526,80182683000.0,244076910643.0
phi2_conv300,8527,80182683000.0,244083202192.0
phi2_conv300,8528,80182683000.0,244089493741.0
phi2_conv300,8529,80182683000.0,244095785290.0
phi2_conv300,8530,80182683000.0,244102076839.0
phi2_conv300,8531,80182683000.0,244108368388.0
phi2_conv300,8532,80182683000.0,244114659937.0
phi2_conv300,8533,80182683000.0,244120951486.0
phi2_conv300,8534,80182683000.0,244127243035.0
phi2_conv300,8535,80182683000.0,244133304010.0
phi2_conv300,8536,80182683000.0,244139364985.0
phi2_conv300,8537,80396777000.0,244322806037.0
phi2_conv300,8538,80396777000.0,244573949873.0
phi2_conv300,8539,80421214000.0,244801218109.0
phi2_conv300,8540,80421214000.0,245221445577.0
phi2_conv300,8541,80421214000.0,245378533978.0
phi2_conv300,8542,80421214000.0,245384856247.0
phi2_conv300,8543,80421214000.0,245391178516.0
phi2_conv300,8544,80421214000.0,245397358275.0
phi2_conv300,8545,80421214000.0,245403538034.0
phi2_conv300,8546,80421214000.0,245409748513.0
phi2_conv300,8547,80421214000.0,245415989712.0
phi2_conv300,8548,80421214000.0,245422230911.0
phi2_conv300,8549,80421214000.0,245428472110.0
phi2_conv300,8550,80421214000.0,245434713309.0
phi2_conv300,8551,80421214000.0,245440954508.0
phi2_conv300,8552,80421214000.0,245447195707.0
phi2_conv300,8553,80421214000.0,245453436906.0
phi2_conv300,8554,80421214000.0,245459678105.0
phi2_conv300,8555,80421214000.0,245465919304.0
phi2_conv300,8556,80421214000.0,245472160503.0
phi2_conv300,8557,80421214000.0,245478401702.0
phi2_conv300,8558,80421214000.0,245484642901.0
phi2_conv300,8559,80421214000.0,245490884100.0
phi2_conv300,8560,80421214000.0,245497125299.0
phi2_conv300,8561,80421214000.0,245503366498.0
phi2_conv300,8562,80421214000.0,245509607697.0
phi2_conv300,8563,80421214000.0,245515848896.0
phi2_conv300,8564,80421214000.0,245522120815.0
phi2_conv300,8565,80421214000.0,245528392734.0
phi2_conv300,8566,80421214000.0,245534664653.0
phi2_conv300,8567,80421214000.0,245540967292.0
phi2_conv300,8568,80421214000.0,245547269931.0
phi2_conv300,8569,80421214000.0,245553572570.0
phi2_conv300,8570,80421214000.0,245559875209.0
phi2_conv300,8571,80421214000.0,245566177848.0
phi2_conv300,8572,80421214000.0,245572480487.0
phi2_conv300,8573,80421214000.0,245578783126.0
phi2_conv300,8574,80421214000.0,245584885144.0
phi2_conv300,8575,80421214000.0,245590987162.0
phi2_conv300,8576,80421214000.0,245597089180.0
phi2_conv300,8577,80421214000.0,245603191198.0
phi2_conv300,8578,80421214000.0,245609176714.0
phi2_conv300,8579,80421214000.0,245615162230.0
phi2_conv300,8580,80421214000.0,245621147746.0
phi2_conv300,8581,80421214000.0,245627133262.0
phi2_conv300,8582,80421214000.0,245633118778.0
phi2_conv300,8583,80421214000.0,245639104294.0
phi2_conv300,8584,80421214000.0,245645089810.0
phi2_conv300,8585,80895356000.0,245827225279.0
phi2_conv300,8586,80895356000.0,246063294541.0
phi2_conv300,8587,80895356000.0,246069187897.0
phi2_conv300,8588,80895356000.0,246075081253.0
phi2_conv300,8589,80895356000.0,246080974609.0
phi2_conv300,8590,80895356000.0,246086867965.0
phi2_conv300,8591,80895356000.0,246092761321.0
phi2_conv300,8592,80895356000.0,246098654677.0
phi2_conv300,8593,80895356000.0,246104548033.0
phi2_conv300,8594,80895356000.0,246110441389.0
phi2_conv300,8595,80895356000.0,246116144400.0
phi2_conv300,8596,80895356000.0,246121847411.0
phi2_conv300,8597,80895356000.0,246127550422.0
phi2_conv300,8598,80895356000.0,246133253433.0
phi2_conv300,8599,80895356000.0,246138987164.0
phi2_conv300,8600,80895356000.0,246144720895.0
phi2_conv300,8601,80895356000.0,246150454626.0
phi2_conv300,8602,80895356000.0,246156188357.0
phi2_conv300,8603,80895356000.0,246161922088.0
phi2_conv300,8604,80895356000.0,246167686539.0
phi2_conv300,8605,80895356000.0,246173450990.0
phi2_conv300,8606,80895356000.0,246179215441.0
phi2_conv300,8607,80895356000.0,246184979892.0
phi2_conv300,8608,80895356000.0,246190744343.0
phi2_conv300,8609,80895356000.0,246196508794.0
phi2_conv300,8610,80895356000.0,246202273245.0
phi2_conv300,8611,81144872000.0,246427417970.0
phi2_conv300,8612,81144872000.0,246696840455.0
phi2_conv300,8613,81144872000.0,246815428991.0
phi2_conv300,8614,81144872000.0,246821383787.0
phi2_conv300,8615,81144872000.0,246827338583.0
phi2_conv300,8616,81144872000.0,246833293379.0
phi2_conv300,8617,81144872000.0,246839248175.0
phi2_conv300,8618,81144872000.0,246845202971.0
phi2_conv300,8619,81144872000.0,246851157767.0
phi2_conv300,8620,81144872000.0,246857112563.0
phi2_conv300,8621,81144872000.0,246863067359.0
phi2_conv300,8622,81144872000.0,246869022155.0
phi2_conv300,8623,81144872000.0,246874976951.0
phi2_conv300,8624,81144872000.0,246880931747.0
phi2_conv300,8625,81144872000.0,246886886543.0
phi2_conv300,8626,81144872000.0,246892620274.0
phi2_conv300,8627,81144872000.0,246898354005.0
phi2_conv300,8628,81144872000.0,246904087736.0
phi2_conv300,8629,81144872000.0,246909821467.0
phi2_conv300,8630,81144872000.0,246915555198.0
phi2_conv300,8631,81144872000.0,246921288929.0
phi2_conv300,8632,81144872000.0,246927022660.0
phi2_conv300,8633,81144872000.0,246932756391.0
phi2_conv300,8634,81144872000.0,246938490122.0
phi2_conv300,8635,81144872000.0,246944223853.0
phi2_conv300,8636,81144872000.0,246949957584.0
phi2_conv300,8637,81144872000.0,246955691315.0
phi2_conv300,8638,81144872000.0,246961425046.0
phi2_conv300,8639,81144872000.0,246967158777.0
phi2_conv300,8640,81144872000.0,246972892508.0
phi2_conv300,8641,81144872000.0,246978626239.0
phi2_conv300,8642,81144872000.0,246984359970.0
phi2_conv300,8643,81144872000.0,246990093701.0
phi2_conv300,8644,81144872000.0,246995827432.0
phi2_conv300,8645,81144872000.0,247001561163.0
phi2_conv300,8646,81144872000.0,247007294894.0
phi2_conv300,8647,81144872000.0,247013028625.0
phi2_conv300,8648,81144872000.0,247018762356.0
phi2_conv300,8649,81144872000.0,247024496087.0
phi2_conv300,8650,81144872000.0,247030229818.0
phi2_conv300,8651,81144872000.0,247035963549.0
phi2_conv300,8652,81144872000.0,247041697280.0
phi2_conv300,8653,81144872000.0,247047431011.0
phi2_conv300,8654,81144872000.0,247053164742.0
phi2_conv300,8655,81144872000.0,247058898473.0
phi2_conv300,8656,81144872000.0,247064632204.0
phi2_conv300,8657,81144872000.0,247070365935.0
phi2_conv300,8658,81144872000.0,247076099666.0
phi2_conv300,8659,81144872000.0,247081864117.0
phi2_conv300,8660,81144872000.0,247087628568.0
phi2_conv300,8661,81144872000.0,247093393019.0
phi2_conv300,8662,81144872000.0,247099157470.0
phi2_conv300,8663,81628783000.0,247324302195.0
phi2_conv300,8664,81628783000.0,247593724680.0
phi2_conv300,8665,81628783000.0,247844881394.0
phi2_conv300,8666,81628783000.0,247850836190.0
phi2_conv300,8667,81628783000.0,247856879050.0
phi2_conv300,8668,81628783000.0,247862921910.0
phi2_conv300,8669,81628783000.0,247868964770.0
phi2_conv300,8670,81628783000.0,247875038350.0
phi2_conv300,8671,81628783000.0,247881111930.0
phi2_conv300,8672,81628783000.0,247887185510.0
phi2_conv300,8673,81628783000.0,247893259090.0
phi2_conv300,8674,81628783000.0,247899332670.0
phi2_conv300,8675,81628783000.0,247905406250.0
phi2_conv300,8676,81628783000.0,247911479830.0
phi2_conv300,8677,81628783000.0,247917553410.0
phi2_conv300,8678,81628783000.0,247923626990.0
phi2_conv300,8679,81628783000.0,247929700570.0
phi2_conv300,8680,81628783000.0,247935774150.0
phi2_conv300,8681,81628783000.0,247941780265.0
phi2_conv300,8682,81628783000.0,247947786380.0
phi2_conv300,8683,81628783000.0,247953792495.0
phi2_conv300,8684,81628783000.0,247959798610.0
phi2_conv300,8685,81628783000.0,247965496812.0
phi2_conv300,8686,81628783000.0,247971026140.0
phi2_conv300,8687,81628783000.0,247976555468.0
phi2_conv300,8688,81628783000.0,247982084796.0
phi2_conv300,8689,81628783000.0,247987253043.0
phi2_conv300,8690,81628783000.0,247992421290.0
phi2_conv300,8691,81628783000.0,247997589537.0
phi2_conv300,8692,81628783000.0,248002757784.0
phi2_conv300,8693,81628783000.0,248007926031.0
phi2_conv300,8694,81628783000.0,248013094278.0
phi2_conv300,8695,81628783000.0,248018262525.0
phi2_conv300,8696,81628783000.0,248023430772.0
phi2_conv300,8697,81628783000.0,248028599019.0
phi2_conv300,8698,81628783000.0,248033767266.0
phi2_conv300,8699,81628783000.0,248038935513.0
phi2_conv300,8700,81628783000.0,248044103760.0
phi2_conv300,8701,81628783000.0,248049272007.0
phi2_conv300,8702,81628783000.0,248054440254.0
phi2_conv300,8703,81628783000.0,248059608501.0
phi2_conv300,8704,81628783000.0,248064776748.0
phi2_conv300,8705,81628783000.0,248069944995.0
phi2_conv300,8706,81628783000.0,248075143962.0
phi2_conv300,8707,81628783000.0,248080342929.0
phi2_conv300,8708,81628783000.0,248085541896.0
phi2_conv300,8709,82066092000.0,248270871580.0
phi2_conv300,8710,82066092000.0,248518507568.0
phi2_conv300,8711,82109910000.0,248864217840.0
phi2_conv300,8712,82109910000.0,249280067260.0
phi2_conv300,8713,82109910000.0,249285914966.0
phi2_conv300,8714,82109910000.0,249291762672.0
phi2_conv300,8715,82109910000.0,249297610378.0
phi2_conv300,8716,82109910000.0,249303458084.0
phi2_conv300,8717,82109910000.0,249309305790.0
phi2_conv300,8718,82109910000.0,249315153496.0
phi2_conv300,8719,82109910000.0,249321001202.0
phi2_conv300,8720,82109910000.0,249326848908.0
phi2_conv300,8721,82109910000.0,249332696614.0
phi2_conv300,8722,82109910000.0,249338544320.0
phi2_conv300,8723,82109910000.0,249344392026.0
phi2_conv300,8724,82109910000.0,249350239732.0
phi2_conv300,8725,82109910000.0,249356087438.0
phi2_conv300,8726,82109910000.0,249361935144.0
phi2_conv300,8727,82109910000.0,249367782850.0
phi2_conv300,8728,82109910000.0,249373630556.0
phi2_conv300,8729,82109910000.0,249379478262.0
phi2_conv300,8730,82109910000.0,249385325968.0
phi2_conv300,8731,82109910000.0,249391173674.0
phi2_conv300,8732,82109910000.0,249397021380.0
phi2_conv300,8733,82109910000.0,249402869086.0
phi2_conv300,8734,82109910000.0,249408716792.0
phi2_conv300,8735,82109910000.0,249414564498.0
phi2_conv300,8736,82109910000.0,249420412204.0
phi2_conv300,8737,82109910000.0,249426259910.0
phi2_conv300,8738,82109910000.0,249432107616.0
phi2_conv300,8739,82109910000.0,249437955322.0
phi2_conv300,8740,82109910000.0,249443803028.0
phi2_conv300,8741,82109910000.0,249449650734.0
phi2_conv300,8742,82109910000.0,249455498440.0
phi2_conv300,8743,82413633000.0,249644753555.0
phi2_conv300,8744,82413633000.0,249885497438.0
phi2_conv300,8745,82413633000.0,250141039233.0
phi2_conv300,8746,82413633000.0,250147133412.0
phi2_conv300,8747,82413633000.0,250153227591.0
phi2_conv300,8748,82413633000.0,250159321770.0
phi2_conv300,8749,82497749000.0,250384796223.0
phi2_conv300,8750,82497749000.0,250654548436.0
phi2_conv300,8751,82497749000.0,250718295872.0
phi2_conv300,8752,82497749000.0,250724549676.0
phi2_conv300,8753,82497749000.0,250730803480.0
phi2_conv300,8754,82497749000.0,250737088004.0
phi2_conv300,8755,82497749000.0,250743372528.0
phi2_conv300,8756,82497749000.0,250749657052.0
phi2_conv300,8757,82497749000.0,250755941576.0
phi2_conv300,8758,82497749000.0,250762226100.0
phi2_conv300,8759,82497749000.0,250768510624.0
phi2_conv300,8760,82497749000.0,250774795148.0
phi2_conv300,8761,82497749000.0,250781079672.0
phi2_conv300,8762,82497749000.0,250787364196.0
phi2_conv300,8763,82497749000.0,250793648720.0
phi2_conv300,8764,82497749000.0,250799963964.0
phi2_conv300,8765,82497749000.0,250806279208.0
phi2_conv300,8766,82497749000.0,250812594452.0
phi2_conv300,8767,82497749000.0,250818909696.0
phi2_conv300,8768,82497749000.0,250825224940.0
phi2_conv300,8769,82497749000.0,250831540184.0
phi2_conv300,8770,82497749000.0,250837855428.0
phi2_conv300,8771,82497749000.0,250844170672.0
phi2_conv300,8772,82497749000.0,250850485916.0
phi2_conv300,8773,82497749000.0,250856801160.0
phi2_conv300,8774,82497749000.0,250863116404.0
phi2_conv300,8775,82497749000.0,250869431648.0
phi2_conv300,8776,82497749000.0,250875746892.0
phi2_conv300,8777,82497749000.0,250882062136.0
phi2_conv300,8778,82497749000.0,250888377380.0
phi2_conv300,8779,82497749000.0,250894692624.0
phi2_conv300,8780,82497749000.0,250901038588.0
phi2_conv300,8781,82497749000.0,250907384552.0
phi2_conv300,8782,82497749000.0,250913730516.0
phi2_conv300,8783,82497749000.0,250920076480.0
phi2_conv300,8784,82497749000.0,250926422444.0
phi2_conv300,8785,82497749000.0,250932768408.0
phi2_conv300,8786,82497749000.0,250939114372.0
phi2_conv300,8787,82497749000.0,250945460336.0
phi2_conv300,8788,82497749000.0,250951806300.0
phi2_conv300,8789,82497749000.0,250958152264.0
phi2_conv300,8790,82497749000.0,250964498228.0
phi2_conv300,8791,82497749000.0,250970844192.0
phi2_conv300,8792,82919064000.0,251153340109.0
phi2_conv300,8793,82919064000.0,251412552058.0
phi2_conv300,8794,82919064000.0,251454908732.0
phi2_conv300,8795,82919064000.0,251461551422.0
phi2_conv300,8796,82919064000.0,251468194112.0
phi2_conv300,8797,82919064000.0,251474836802.0
phi2_conv300,8798,82919064000.0,251481479492.0
phi2_conv300,8799,82919064000.0,251488122182.0
phi2_conv300,8800,82919064000.0,251494764872.0
phi2_conv300,8801,82919064000.0,251501407562.0
phi2_conv300,8802,82919064000.0,251508050252.0
phi2_conv300,8803,82919064000.0,251514692942.0
phi2_conv300,8804,82919064000.0,251521335632.0
phi2_conv300,8805,82919064000.0,251527978322.0
phi2_conv300,8806,82919064000.0,251534621012.0
phi2_conv300,8807,82919064000.0,251541294422.0
phi2_conv300,8808,82919064000.0,251547967832.0
phi2_conv300,8809,82919064000.0,251554641242.0
phi2_conv300,8810,82919064000.0,251561314652.0
phi2_conv300,8811,82919064000.0,251567988062.0
phi2_conv300,8812,82919064000.0,251574692192.0
phi2_conv300,8813,82919064000.0,251581396322.0
phi2_conv300,8814,82919064000.0,251588100452.0
phi2_conv300,8815,82919064000.0,251594804582.0
phi2_conv300,8816,82919064000.0,251601508712.0
phi2_conv300,8817,82919064000.0,251608212842.0
phi2_conv300,8818,82919064000.0,251614916972.0
phi2_conv300,8819,82919064000.0,251621621102.0
phi2_conv300,8820,82919064000.0,251628325232.0
phi2_conv300,8821,82919064000.0,251635029362.0
phi2_conv300,8822,82919064000.0,251641733492.0
phi2_conv300,8823,82919064000.0,251648437622.0
phi2_conv300,8824,82919064000.0,251655141752.0
phi2_conv300,8825,82919064000.0,251661845882.0
phi2_conv300,8826,82919064000.0,251668550012.0
phi2_conv300,8827,82919064000.0,251675254142.0
phi2_conv300,8828,82919064000.0,251681958272.0
phi2_conv300,8829,82919064000.0,251688662402.0
phi2_conv300,8830,82919064000.0,251695366532.0
phi2_conv300,8831,82919064000.0,251702070662.0
phi2_conv300,8832,82919064000.0,251708805512.0
phi2_conv300,8833,82919064000.0,251715540362.0
phi2_conv300,8834,82919064000.0,251721917046.0
phi2_conv300,8835,82919064000.0,251728293730.0
phi2_conv300,8836,82919064000.0,251734670414.0
phi2_conv300,8837,82919064000.0,251741047098.0
phi2_conv300,8838,82919064000.0,251747423782.0
phi2_conv300,8839,82919064000.0,251753800466.0
phi2_conv300,8840,82919064000.0,251760177150.0
phi2_conv300,8841,82919064000.0,251766553834.0
phi2_conv300,8842,82919064000.0,251772930518.0
phi2_conv300,8843,82919064000.0,251779307202.0
phi2_conv300,8844,82919064000.0,251785683886.0
phi2_conv300,8845,82919064000.0,251792060570.0
phi2_conv300,8846,82919064000.0,251798467974.0
phi2_conv300,8847,82919064000.0,251804875378.0
phi2_conv300,8848,82919064000.0,251811282782.0
phi2_conv300,8849,82919064000.0,251817720906.0
phi2_conv300,8850,82919064000.0,251824159030.0
phi2_conv300,8851,82919064000.0,251830376089.0
phi2_conv300,8852,82919064000.0,251836593148.0
phi2_conv300,8853,82919064000.0,251842810207.0
phi2_conv300,8854,82919064000.0,251849027266.0
phi2_conv300,8855,82919064000.0,251855244325.0
phi2_conv300,8856,82919064000.0,251861461384.0
phi2_conv300,8857,82919064000.0,251867678443.0
phi2_conv300,8858,82919064000.0,251873895502.0
phi2_conv300,8859,82919064000.0,251880143281.0
phi2_conv300,8860,82919064000.0,251886391060.0
phi2_conv300,8861,82919064000.0,251892638839.0
phi2_conv300,8862,82919064000.0,251898886618.0
phi2_conv300,8863,82919064000.0,251905134397.0
phi2_conv300,8864,82919064000.0,251911382176.0
phi2_conv300,8865,82919064000.0,251917629955.0
phi2_conv300,8866,82919064000.0,251923877734.0
phi2_conv300,8867,82919064000.0,251930125513.0
phi2_conv300,8868,82919064000.0,251936373292.0
phi2_conv300,8869,82919064000.0,251942621071.0
phi2_conv300,8870,82919064000.0,251948868850.0
phi2_conv300,8871,82919064000.0,251955116629.0
phi2_conv300,8872,82919064000.0,251961364408.0
phi2_conv300,8873,82919064000.0,251967612187.0
phi2_conv300,8874,83735745000.0,252193240240.0
phi2_conv300,8875,83735745000.0,252463146053.0
phi2_conv300,8876,83735745000.0,252618511537.0
phi2_conv300,8877,83735745000.0,252624918941.0
phi2_conv300,8878,83797671000.0,252807507018.0
phi2_conv300,8879,83797671000.0,253066811127.0
phi2_conv300,8880,83797671000.0,253144057046.0
phi2_conv300,8881,83797671000.0,253150822616.0
phi2_conv300,8882,83797671000.0,253157588186.0
phi2_conv300,8883,83797671000.0,253164353756.0
phi2_conv300,8884,83797671000.0,253171119326.0
phi2_conv300,8885,83797671000.0,253177884896.0
phi2_conv300,8886,83797671000.0,253184650466.0
phi2_conv300,8887,83797671000.0,253191416036.0
phi2_conv300,8888,83797671000.0,253198181606.0
phi2_conv300,8889,83797671000.0,253204947176.0
phi2_conv300,8890,83797671000.0,253211712746.0
phi2_conv300,8891,83797671000.0,253218478316.0
phi2_conv300,8892,83797671000.0,253225243886.0
phi2_conv300,8893,83797671000.0,253232009456.0
phi2_conv300,8894,83797671000.0,253238775026.0
phi2_conv300,8895,83797671000.0,253245540596.0
phi2_conv300,8896,83797671000.0,253251948000.0
phi2_conv300,8897,83797671000.0,253258355404.0
phi2_conv300,8898,84029102000.0,253343900753.0
phi2_conv300,8899,84029102000.0,253350424659.0
phi2_conv300,8900,84029102000.0,253356948565.0
phi2_conv300,8901,84029102000.0,253363472471.0
phi2_conv300,8902,84029102000.0,253369996377.0
phi2_conv300,8903,84029102000.0,253376520283.0
phi2_conv300,8904,84029102000.0,253383044189.0
phi2_conv300,8905,84029102000.0,253389568095.0
phi2_conv300,8906,84029102000.0,253396122721.0
phi2_conv300,8907,84029102000.0,253402677347.0
phi2_conv300,8908,84029102000.0,253409231973.0
phi2_conv300,8909,84029102000.0,253415786599.0
phi2_conv300,8910,84029102000.0,253422341225.0
phi2_conv300,8911,84029102000.0,253428895851.0
phi2_conv300,8912,84029102000.0,253435450477.0
phi2_conv300,8913,84029102000.0,253442005103.0
phi2_conv300,8914,84029102000.0,253448559729.0
phi2_conv300,8915,84029102000.0,253455114355.0
phi2_conv300,8916,84029102000.0,253461668981.0
phi2_conv300,8917,84029102000.0,253468254327.0
phi2_conv300,8918,84029102000.0,253474839673.0
phi2_conv300,8919,84029102000.0,253481425019.0
phi2_conv300,8920,84029102000.0,253488010365.0
phi2_conv300,8921,84029102000.0,253494595711.0
phi2_conv300,8922,84029102000.0,253501181057.0
phi2_conv300,8923,84029102000.0,253507766403.0
phi2_conv300,8924,84029102000.0,253514351749.0
phi2_conv300,8925,84029102000.0,253520937095.0
phi2_conv300,8926,84029102000.0,253527522441.0
phi2_conv300,8927,84029102000.0,253534107787.0
phi2_conv300,8928,84029102000.0,253540693133.0
phi2_conv300,8929,84029102000.0,253547278479.0
phi2_conv300,8930,84029102000.0,253553863825.0
phi2_conv300,8931,84029102000.0,253560449171.0
phi2_conv300,8932,84029102000.0,253567034517.0
phi2_conv300,8933,84029102000.0,253573619863.0
phi2_conv300,8934,84029102000.0,253580205209.0
phi2_conv300,8935,84029102000.0,253586790555.0
phi2_conv300,8936,84029102000.0,253593375901.0
phi2_conv300,8937,84029102000.0,253599961247.0
phi2_conv300,8938,84029102000.0,253606546593.0
phi2_conv300,8939,84029102000.0,253612804493.0
phi2_conv300,8940,84029102000.0,253619062393.0
phi2_conv300,8941,84029102000.0,253625320293.0
phi2_conv300,8942,84029102000.0,253631578193.0
phi2_conv300,8943,84029102000.0,253637836093.0
phi2_conv300,8944,84029102000.0,253644093993.0
phi2_conv300,8945,84029102000.0,253650351893.0
phi2_conv300,8946,84029102000.0,253656609793.0
phi2_conv300,8947,84029102000.0,253662867693.0
phi2_conv300,8948,84029102000.0,253669125593.0
phi2_conv300,8949,84029102000.0,253675383493.0
phi2_conv300,8950,84029102000.0,253681641393.0
phi2_conv300,8951,84029102000.0,253687899293.0
phi2_conv300,8952,84029102000.0,253694157193.0
phi2_conv300,8953,84029102000.0,253700415093.0
phi2_conv300,8954,84029102000.0,253706703713.0
phi2_conv300,8955,84029102000.0,253712992333.0
phi2_conv300,8956,84029102000.0,253719280953.0
phi2_conv300,8957,84029102000.0,253725600293.0
phi2_conv300,8958,84029102000.0,253731919633.0
phi2_conv300,8959,84029102000.0,253738238973.0
phi2_conv300,8960,84029102000.0,253744367968.0
phi2_conv300,8961,84029102000.0,253750496963.0
phi2_conv300,8962,84029102000.0,253756625958.0
phi2_conv300,8963,84029102000.0,253762754953.0
phi2_conv300,8964,84029102000.0,253768883948.0
phi2_conv300,8965,84029102000.0,253775012943.0
phi2_conv300,8966,84029102000.0,253781141938.0
phi2_conv300,8967,84029102000.0,253787270933.0
phi2_conv300,8968,84029102000.0,253793399928.0
phi2_conv300,8969,84029102000.0,253799528923.0
phi2_conv300,8970,84029102000.0,253805657918.0
phi2_conv300,8971,84029102000.0,253811786913.0
phi2_conv300,8972,84029102000.0,253817915908.0
phi2_conv300,8973,84029102000.0,253824044903.0
phi2_conv300,8974,84029102000.0,253830173898.0
phi2_conv300,8975,84029102000.0,253836302893.0
phi2_conv300,8976,84029102000.0,253842431888.0
phi2_conv300,8977,84029102000.0,253848560883.0
phi2_conv300,8978,84029102000.0,253854689878.0
phi2_conv300,8979,84029102000.0,253860818873.0
phi2_conv300,8980,84029102000.0,253866947868.0
phi2_conv300,8981,84029102000.0,253873076863.0
phi2_conv300,8982,84029102000.0,253878867225.0
phi2_conv300,8983,84029102000.0,253884657587.0
phi2_conv300,8984,84029102000.0,253890447949.0
phi2_conv300,8985,84029102000.0,253896238311.0
phi2_conv300,8986,84029102000.0,253902028673.0
phi2_conv300,8987,84029102000.0,253907819035.0
phi2_conv300,8988,84029102000.0,253913609397.0
phi2_conv300,8989,84029102000.0,253919399759.0
phi2_conv300,8990,84029102000.0,253925190121.0
phi2_conv300,8991,84029102000.0,253930980483.0
phi2_conv300,8992,84029102000.0,253936770845.0
phi2_conv300,8993,84029102000.0,253942561207.0
phi2_conv300,8994,84029102000.0,253948351569.0
phi2_conv300,8995,84029102000.0,253954141931.0
phi2_conv300,8996,84029102000.0,253959932293.0
phi2_conv300,8997,84029102000.0,253965722655.0
phi2_conv300,8998,84029102000.0,253971513017.0
phi2_conv300,8999,84029102000.0,253977303379.0
phi2_conv300,9000,84029102000.0,253983093741.0
phi2_conv300,9001,84029102000.0,253988884103.0
phi2_conv300,9002,84029102000.0,253994674465.0
phi2_conv300,9003,84029102000.0,254000464827.0
phi2_conv300,9004,84029102000.0,254006255189.0
phi2_conv300,9005,84029102000.0,254012045551.0
phi2_conv300,9006,84029102000.0,254017835913.0
phi2_conv300,9007,84029102000.0,254023626275.0
phi2_conv300,9008,84029102000.0,254029416637.0
phi2_conv300,9009,84029102000.0,254035206999.0
phi2_conv300,9010,84029102000.0,254040997361.0
phi2_conv300,9011,84029102000.0,254046787723.0
phi2_conv300,9012,84029102000.0,254052608805.0
phi2_conv300,9013,84029102000.0,254058429887.0
phi2_conv300,9014,84029102000.0,254063809711.0
phi2_conv300,9015,84029102000.0,254069189535.0
phi2_conv300,9016,84029102000.0,254074569359.0
phi2_conv300,9017,84029102000.0,254079949183.0
phi2_conv300,9018,84029102000.0,254085329007.0
phi2_conv300,9019,84029102000.0,254090708831.0
phi2_conv300,9020,84029102000.0,254096088655.0
phi2_conv300,9021,84029102000.0,254101468479.0
phi2_conv300,9022,84029102000.0,254106848303.0
phi2_conv300,9023,84029102000.0,254112228127.0
phi2_conv300,9024,84029102000.0,254117607951.0
phi2_conv300,9025,84029102000.0,254122987775.0
phi2_conv300,9026,84029102000.0,254128367599.0
phi2_conv300,9027,84029102000.0,254133778143.0
phi2_conv300,9028,84029102000.0,254139188687.0
phi2_conv300,9029,84029102000.0,254144599231.0
phi2_conv300,9030,84029102000.0,254150009775.0
phi2_conv300,9031,84029102000.0,254155089958.0
phi2_conv300,9032,84029102000.0,254160170141.0
phi2_conv300,9033,84029102000.0,254165250324.0
phi2_conv300,9034,84029102000.0,254170330507.0
phi2_conv300,9035,84029102000.0,254175410690.0
phi2_conv300,9036,84029102000.0,254180490873.0
phi2_conv300,9037,84029102000.0,254185571056.0
phi2_conv300,9038,84029102000.0,254190651239.0
phi2_conv300,9039,84029102000.0,254195731422.0
phi2_conv300,9040,84029102000.0,254200842325.0
phi2_conv300,9041,84029102000.0,254205953228.0
phi2_conv300,9042,84029102000.0,254211064131.0
phi2_conv300,9043,84029102000.0,254216175034.0
phi2_conv300,9044,84029102000.0,254221285937.0
phi2_conv300,9045,84029102000.0,254226396840.0
phi2_conv300,9046,84029102000.0,254231507743.0
phi2_conv300,9047,84029102000.0,254236618646.0
phi2_conv300,9048,84029102000.0,254241729549.0
phi2_conv300,9049,84029102000.0,254246871172.0
phi2_conv300,9050,84029102000.0,254252012795.0
phi2_conv300,9051,84029102000.0,254257154418.0
phi2_conv300,9052,84029102000.0,254262296041.0
phi2_conv300,9053,84029102000.0,254267437664.0
phi2_conv300,9054,84029102000.0,254272610007.0
phi2_conv300,9055,84029102000.0,254277782350.0
phi2_conv300,9056,84029102000.0,254282954693.0
phi2_conv300,9057,84029102000.0,254288127036.0
phi2_conv300,9058,84029102000.0,254293299379.0
phi2_conv300,9059,84029102000.0,254298471722.0
phi2_conv300,9060,84029102000.0,254303644065.0
phi2_conv300,9061,84029102000.0,254308816408.0
phi2_conv300,9062,84029102000.0,254313988751.0
phi2_conv300,9063,84029102000.0,254319161094.0
phi2_conv300,9064,84029102000.0,254324333437.0
phi2_conv300,9065,84029102000.0,254329505780.0
phi2_conv300,9066,84029102000.0,254334678123.0
phi2_conv300,9067,84029102000.0,254339850466.0
phi2_conv300,9068,84029102000.0,254345022809.0
phi2_conv300,9069,84029102000.0,254350195152.0
phi2_conv300,9070,84029102000.0,254355367495.0
phi2_conv300,9071,84029102000.0,254360539838.0
phi2_conv300,9072,84029102000.0,254365712181.0
phi2_conv300,9073,84029102000.0,254370884524.0
phi2_conv300,9074,84029102000.0,254376056867.0
phi2_conv300,9075,84029102000.0,254381229210.0
phi2_conv300,9076,84029102000.0,254386401553.0
phi2_conv300,9077,84029102000.0,254391573896.0
phi2_conv300,9078,84029102000.0,254396746239.0
phi2_conv300,9079,84029102000.0,254401918582.0
phi2_conv300,9080,84029102000.0,254407090925.0
phi2_conv300,9081,83797671000.0,254412247403.0
phi2_conv300,9082,83797671000.0,254417403881.0
phi2_conv300,9083,83797671000.0,254422560359.0
phi2_conv300,9084,83797671000.0,254427716837.0
phi2_conv300,9085,83797671000.0,254432873315.0
phi2_conv300,9086,83797671000.0,254438029793.0
phi2_conv300,9087,83797671000.0,254442873046.0
phi2_conv300,9088,83797671000.0,254447747019.0
phi2_conv300,9089,83797671000.0,254452620992.0
phi2_conv300,9090,83797671000.0,254457494965.0
phi2_conv300,9091,83797671000.0,254462368938.0
phi2_conv300,9092,83797671000.0,254467242911.0
phi2_conv300,9093,83797671000.0,254472116884.0
phi2_conv300,9094,83797671000.0,254476990857.0
phi2_conv300,9095,83797671000.0,254481864830.0
phi2_conv300,9096,83797671000.0,254486738803.0
phi2_conv300,9097,83797671000.0,254491612776.0
phi2_conv300,9098,83797671000.0,254496486749.0
phi2_conv300,9099,83797671000.0,254501360722.0
phi2_conv300,9100,83797671000.0,254506234695.0
phi2_conv300,9101,83797671000.0,254511108668.0
phi2_conv300,9102,83797671000.0,254515982641.0
phi2_conv300,9103,83797671000.0,254520856614.0
phi2_conv300,9104,83797671000.0,254533914090.0
phi2_conv300,9105,83797671000.0,254546971566.0
phi2_conv300,9106,83797671000.0,254560029042.0
phi2_conv300,9107,83797671000.0,254573086518.0
phi2_conv300,9108,83797671000.0,254586143994.0
phi2_conv300,9109,83797671000.0,254599201470.0
phi2_conv300,9110,83797671000.0,254612258946.0
phi2_conv300,9111,83797671000.0,254625316422.0
phi2_conv300,9112,83797671000.0,254638373898.0
phi2_conv300,9113,83797671000.0,254651431374.0
phi2_conv300,9114,83797671000.0,254664488850.0
phi2_conv300,9115,83797671000.0,254677546326.0
phi2_conv300,9116,83797671000.0,254690603802.0
phi2_conv300,9117,83797671000.0,254703661278.0
phi2_conv300,9118,83797671000.0,254716718754.0
phi2_conv300,9119,83797671000.0,254729776230.0
phi2_conv300,9120,83797671000.0,254742833706.0
phi2_conv300,9121,83797671000.0,254755891182.0
phi2_conv300,9122,83797671000.0,254768948658.0
phi2_conv300,9123,83797671000.0,254782006134.0
phi2_conv300,9124,83797671000.0,254795063610.0
phi2_conv300,9125,83797671000.0,254808121086.0
phi2_conv300,9126,83797671000.0,254821178562.0
phi2_conv300,9127,83797671000.0,254834236038.0
phi2_conv300,9128,83797671000.0,254847293514.0
phi2_conv300,9129,83797671000.0,254860350990.0
phi2_conv300,9130,83797671000.0,254864542450.0
phi2_conv300,9131,83797671000.0,254868733910.0
phi2_conv300,9132,83797671000.0,254872925370.0
phi2_conv300,9133,83797671000.0,254877116830.0
phi2_conv300,9134,83797671000.0,254881308290.0
phi2_conv300,9135,83797671000.0,254885499750.0
phi2_conv300,9136,83797671000.0,254889691210.0
phi2_conv300,9137,83797671000.0,254893882670.0
phi2_conv300,9138,83797671000.0,254898074130.0
phi2_conv300,9139,83797671000.0,254902265590.0
phi2_conv300,9140,83797671000.0,254906457050.0
phi2_conv300,9141,83797671000.0,254910352862.0
phi2_conv300,9142,83797671000.0,254914248674.0
phi2_conv300,9143,83797671000.0,254918144486.0
phi2_conv300,9144,83797671000.0,254922040298.0
phi2_conv300,9145,83797671000.0,254925936110.0
phi2_conv300,9146,83797671000.0,254929831922.0
phi2_conv300,9147,83797671000.0,254933758454.0
phi2_conv300,9148,83797671000.0,254937684986.0
phi2_conv300,9149,83797671000.0,254941611518.0
phi2_conv300,9150,83797671000.0,254945538050.0
phi2_conv300,9151,83797671000.0,254949464582.0
phi2_conv300,9152,83797671000.0,254953391114.0
phi2_conv300,9153,83797671000.0,254957317646.0
phi2_conv300,9154,83797671000.0,254961244178.0
phi2_conv300,9155,83797671000.0,254965170710.0
phi2_conv300,9156,83797671000.0,254969097242.0
phi2_conv300,9157,83797671000.0,254973023774.0
phi2_conv300,9158,83797671000.0,254976950306.0
phi2_conv300,9159,83797671000.0,254980876838.0
phi2_conv300,9160,83797671000.0,254984803370.0
phi2_conv300,9161,83797671000.0,254988729902.0
phi2_conv300,9162,83797671000.0,254992656434.0
phi2_conv300,9163,83797671000.0,254996582966.0
phi2_conv300,9164,83797671000.0,255000509498.0
phi2_conv300,9165,83797671000.0,255004466750.0
phi2_conv300,9166,83797671000.0,255008424002.0
phi2_conv300,9167,83797671000.0,255012381254.0
phi2_conv300,9168,83797671000.0,255016338506.0
phi2_conv300,9169,83797671000.0,255020295758.0
phi2_conv300,9170,83797671000.0,255024253010.0
phi2_conv300,9171,83797671000.0,255028210262.0
phi2_conv300,9172,83797671000.0,255032167514.0
phi2_conv300,9173,83797671000.0,255036124766.0
phi2_conv300,9174,83797671000.0,255040082018.0
phi2_conv300,9175,83797671000.0,255044039270.0
phi2_conv300,9176,83797671000.0,255047996522.0
phi2_conv300,9177,83797671000.0,255051953774.0
phi2_conv300,9178,83797671000.0,255055911026.0
phi2_conv300,9179,83797671000.0,255059868278.0
phi2_conv300,9180,83797671000.0,255063825530.0
phi2_conv300,9181,83797671000.0,255067782782.0
phi2_conv300,9182,83797671000.0,255071740034.0
phi2_conv300,9183,83797671000.0,255075697286.0
phi2_conv300,9184,83797671000.0,255079654538.0
phi2_conv300,9185,83797671000.0,255083611790.0
phi2_conv300,9186,83797671000.0,255087569042.0
phi2_conv300,9187,83797671000.0,255091526294.0
phi2_conv300,9188,83797671000.0,255095483546.0
phi2_conv300,9189,83797671000.0,255099440798.0
phi2_conv300,9190,83797671000.0,255103398050.0
phi2_conv300,9191,83797671000.0,255107355302.0
phi2_conv300,9192,83797671000.0,255111312554.0
phi2_conv300,9193,83797671000.0,255115269806.0
phi2_conv300,9194,83797671000.0,255119227058.0
phi2_conv300,9195,83797671000.0,255123184310.0
phi2_conv300,9196,83797671000.0,255127141562.0
phi2_conv300,9197,83797671000.0,255131098814.0
phi2_conv300,9198,83797671000.0,255135056066.0
phi2_conv300,9199,83797671000.0,255139013318.0
phi2_conv300,9200,83797671000.0,255142970570.0
phi2_conv300,9201,83797671000.0,255146927822.0
phi2_conv300,9202,83797671000.0,255150885074.0
phi2_conv300,9203,83797671000.0,255154842326.0
phi2_conv300,9204,83797671000.0,255158799578.0
phi2_conv300,9205,83797671000.0,255162756830.0
phi2_conv300,9206,83797671000.0,255166714082.0
phi2_conv300,9207,83797671000.0,255170671334.0
phi2_conv300,9208,83797671000.0,255174628586.0
phi2_conv300,9209,83797671000.0,255178585838.0
phi2_conv300,9210,83797671000.0,255182543090.0
phi2_conv300,9211,83797671000.0,255186500342.0
phi2_conv300,9212,83797671000.0,255190457594.0
phi2_conv300,9213,83797671000.0,255198020542.0
phi2_conv300,9214,83797671000.0,255205583490.0
phi2_conv300,9215,83797671000.0,255213146438.0
phi2_conv300,9216,83797671000.0,255220709386.0
phi2_conv300,9217,83797671000.0,255228272334.0
phi2_conv300,9218,83797671000.0,255235835282.0
phi2_conv300,9219,83797671000.0,255243398230.0
phi2_conv300,9220,83797671000.0,255250961178.0
phi2_conv300,9221,83797671000.0,255258524126.0
phi2_conv300,9222,83797671000.0,255266087074.0
phi2_conv300,9223,83797671000.0,255273650022.0
phi2_conv300,9224,83797671000.0,255281212970.0
phi2_conv300,9225,83797671000.0,255288775918.0
phi2_conv300,9226,83797671000.0,255296338866.0
phi2_conv300,9227,83797671000.0,255303901814.0
phi2_conv300,9228,83797671000.0,255311464762.0
phi2_conv300,9229,83797671000.0,255319027710.0
phi2_conv300,9230,83797671000.0,255326590658.0
phi2_conv300,9231,83797671000.0,255341608838.0
phi2_conv300,9232,83797671000.0,255356627018.0
phi2_conv300,9233,83797671000.0,255371645198.0
phi2_conv300,9234,83797671000.0,255386663378.0
phi2_conv300,9235,83797671000.0,255401712278.0
phi2_conv300,9236,83797671000.0,255416761178.0
phi2_conv300,9237,83797671000.0,255431810078.0
phi2_conv300,9238,83797671000.0,255446858978.0
phi2_conv300,9239,83797671000.0,255461907878.0
phi2_conv300,9240,83797671000.0,255476956778.0
phi2_conv300,9241,83797671000.0,255492005678.0
phi2_conv300,9242,83797671000.0,255507054578.0
phi2_conv300,9243,83797671000.0,255522103478.0
phi2_conv300,9244,83797671000.0,255537152378.0
phi2_conv300,9245,83797671000.0,255552201278.0
phi2_conv300,9246,83797671000.0,255567250178.0
phi2_conv300,9247,83797671000.0,255582299078.0
phi2_conv300,9248,83797671000.0,255597347978.0
phi2_conv300,9249,83797671000.0,255612396878.0
phi2_conv300,9250,83797671000.0,255627445778.0
phi2_conv300,9251,83797671000.0,255642494678.0
phi2_conv300,9252,83797671000.0,255657543578.0
phi2_conv300,9253,83797671000.0,255672592478.0
phi2_conv300,9254,83797671000.0,255687641378.0
phi2_conv300,9255,83797671000.0,255702690278.0
phi2_conv300,9256,83797671000.0,255717739178.0
phi2_conv300,9257,83797671000.0,255732788078.0
phi2_conv300,9258,83797671000.0,255747836978.0
phi2_conv300,9259,83797671000.0,255762885878.0
phi2_conv300,9260,83797671000.0,255777934778.0
phi2_conv300,9261,83797671000.0,255792983678.0
phi2_conv300,9262,83797671000.0,255808032578.0
phi2_conv300,9263,83797671000.0,255823081478.0
phi2_conv300,9264,83797671000.0,255838130378.0
phi2_conv300,9265,83797671000.0,255853179278.0
phi2_conv300,9266,83797671000.0,255868228178.0
phi2_conv300,9267,83797671000.0,255883277078.0
phi2_conv300,9268,83797671000.0,255898325978.0
phi2_conv300,9269,83797671000.0,255913374878.0
phi2_conv300,9270,83797671000.0,255928423778.0
phi2_conv300,9271,83797671000.0,255943472678.0
phi2_conv300,9272,83797671000.0,255958521578.0
phi2_conv300,9273,83797671000.0,255973570478.0
phi2_conv300,9274,83797671000.0,255988619378.0
phi2_conv300,9275,83797671000.0,256003668278.0
phi2_conv300,9276,83797671000.0,256018717178.0
phi2_conv300,9277,83797671000.0,256033766078.0
phi2_conv300,9278,83797671000.0,256048814978.0
phi2_conv300,9279,83797671000.0,256063863878.0
phi2_conv300,9280,83797671000.0,256078912778.0
phi2_conv300,9281,83797671000.0,256093961678.0
phi2_conv300,9282,83797671000.0,256109010578.0
phi2_conv300,9283,83797671000.0,256124059478.0
phi2_conv300,9284,83797671000.0,256139108378.0
phi2_conv300,9285,83797671000.0,256154157278.0
phi2_conv300,9286,83797671000.0,256169206178.0
phi2_conv300,9287,83797671000.0,256184255078.0
phi2_conv300,9288,83797671000.0,256199303978.0
phi2_conv300,9289,83797671000.0,256214352878.0
phi2_conv300,9290,83797671000.0,256229401778.0
phi2_conv300,9291,83797671000.0,256244450678.0
phi2_conv300,9292,83797671000.0,256259499578.0
phi2_conv300,9293,83735745000.0,256276832254.0
phi2_conv300,9294,83735745000.0,256294164930.0
phi2_conv300,9295,83735745000.0,256311497606.0
