model,batch_id,release_ns,finish_ns
llama3-8b_conv300,0,0.0,296696383.0
llama3-8b_conv300,1,0.0,439438863.0
llama3-8b_conv300,2,0.0,582181343.0
llama3-8b_conv300,3,0.0,724923823.0
llama3-8b_conv300,4,0.0,867666303.0
llama3-8b_conv300,5,0.0,1010408783.0
llama3-8b_conv300,6,0.0,1153151263.0
llama3-8b_conv300,7,0.0,1295893743.0
llama3-8b_conv300,8,0.0,1438636223.0
llama3-8b_conv300,9,0.0,1581378703.0
llama3-8b_conv300,10,0.0,1724137055.0
llama3-8b_conv300,11,0.0,1866895407.0
llama3-8b_conv300,12,0.0,2009653759.0
llama3-8b_conv300,13,0.0,2152412111.0
llama3-8b_conv300,14,0.0,2295170463.0
llama3-8b_conv300,15,0.0,2437928815.0
llama3-8b_conv300,16,0.0,2580687167.0
llama3-8b_conv300,17,0.0,2723445519.0
llama3-8b_conv300,18,0.0,2866203871.0
llama3-8b_conv300,19,0.0,3008962223.0
llama3-8b_conv300,20,0.0,3151720575.0
llama3-8b_conv300,21,0.0,3294478927.0
llama3-8b_conv300,22,0.0,3437237279.0
llama3-8b_conv300,23,0.0,3579995631.0
llama3-8b_conv300,24,0.0,3722753983.0
llama3-8b_conv300,25,0.0,3865512335.0
llama3-8b_conv300,26,0.0,4008270687.0
llama3-8b_conv300,27,0.0,4151029039.0
llama3-8b_conv300,28,0.0,4293787391.0
llama3-8b_conv300,29,0.0,4436545743.0
llama3-8b_conv300,30,0.0,4579304095.0
llama3-8b_conv300,31,0.0,4722062447.0
llama3-8b_conv300,32,0.0,4864820799.0
llama3-8b_conv300,33,0.0,5007579151.0
llama3-8b_conv300,34,0.0,5150337503.0
llama3-8b_conv300,35,0.0,5293095855.0
llama3-8b_conv300,36,0.0,5435854207.0
llama3-8b_conv300,37,0.0,5578612559.0
llama3-8b_conv300,38,0.0,5721370911.0
llama3-8b_conv300,39,0.0,5864129263.0
llama3-8b_conv300,40,0.0,6006887615.0
llama3-8b_conv300,41,0.0,6149645967.0
llama3-8b_conv300,42,0.0,6292404319.0
llama3-8b_conv300,43,0.0,6435162671.0
llama3-8b_conv300,44,4314579000.0,6805304943.0
llama3-8b_conv300,45,4314579000.0,6948063295.0
llama3-8b_conv300,46,4314579000.0,7090821647.0
llama3-8b_conv300,47,4314579000.0,7233579999.0
llama3-8b_conv300,48,4314579000.0,7376338351.0
llama3-8b_conv300,49,4314579000.0,7519096703.0
llama3-8b_conv300,50,4314579000.0,7661855055.0
llama3-8b_conv300,51,4314579000.0,7804613407.0
llama3-8b_conv300,52,4314579000.0,7947371759.0
llama3-8b_conv300,53,4314579000.0,8090130111.0
llama3-8b_conv300,54,4314579000.0,8232888463.0
llama3-8b_conv300,55,4314579000.0,8375646815.0
llama3-8b_conv300,56,4314579000.0,8518405167.0
llama3-8b_conv300,57,4314579000.0,8661163519.0
llama3-8b_conv300,58,4314579000.0,8803921871.0
llama3-8b_conv300,59,4314579000.0,8946680223.0
llama3-8b_conv300,60,4314579000.0,9089438575.0
llama3-8b_conv300,61,4314579000.0,9232196927.0
llama3-8b_conv300,62,4314579000.0,9374955279.0
llama3-8b_conv300,63,4541877000.0,10127245739.0
llama3-8b_conv300,64,4541877000.0,10438818785.0
llama3-8b_conv300,65,4541877000.0,10588338353.0
llama3-8b_conv300,66,4541877000.0,10737857921.0
llama3-8b_conv300,67,4541877000.0,10887377489.0
llama3-8b_conv300,68,4541877000.0,11036897057.0
llama3-8b_conv300,69,4541877000.0,11186416625.0
llama3-8b_conv300,70,4541877000.0,11335936193.0
llama3-8b_conv300,71,4541877000.0,11485455761.0
llama3-8b_conv300,72,4541877000.0,11634975329.0
llama3-8b_conv300,73,4541877000.0,11784494897.0
llama3-8b_conv300,74,4710427000.0,11843568494.0
llama3-8b_conv300,75,4710427000.0,11993776446.0
llama3-8b_conv300,76,4710427000.0,12143984398.0
llama3-8b_conv300,77,4710427000.0,12294192350.0
llama3-8b_conv300,78,4710427000.0,12444400302.0
llama3-8b_conv300,79,4710427000.0,12594608254.0
llama3-8b_conv300,80,4710427000.0,12744816206.0
llama3-8b_conv300,81,4710427000.0,12895040030.0
llama3-8b_conv300,82,4710427000.0,13045263854.0
llama3-8b_conv300,83,4710427000.0,13195487678.0
llama3-8b_conv300,84,4710427000.0,13345711502.0
llama3-8b_conv300,85,4710427000.0,13495935326.0
llama3-8b_conv300,86,4710427000.0,13646159150.0
llama3-8b_conv300,87,4710427000.0,13796382974.0
llama3-8b_conv300,88,4710427000.0,13946606798.0
llama3-8b_conv300,89,4710427000.0,14096830622.0
llama3-8b_conv300,90,4541877000.0,14246366062.0
llama3-8b_conv300,91,4541877000.0,14395901502.0
llama3-8b_conv300,92,4541877000.0,14545436942.0
llama3-8b_conv300,93,4541877000.0,14694972382.0
llama3-8b_conv300,94,4541877000.0,14844507822.0
llama3-8b_conv300,95,4541877000.0,14994043262.0
llama3-8b_conv300,96,4541877000.0,15143578702.0
llama3-8b_conv300,97,4541877000.0,15293114142.0
llama3-8b_conv300,98,4541877000.0,15442649582.0
llama3-8b_conv300,99,4541877000.0,15592185022.0
llama3-8b_conv300,100,4541877000.0,15741720462.0
llama3-8b_conv300,101,4541877000.0,15891255902.0
llama3-8b_conv300,102,4541877000.0,16040791342.0
llama3-8b_conv300,103,4541877000.0,16190326782.0
llama3-8b_conv300,104,4541877000.0,16339862222.0
llama3-8b_conv300,105,4541877000.0,16489397662.0
llama3-8b_conv300,106,4541877000.0,16638933102.0
llama3-8b_conv300,107,4541877000.0,16788468542.0
llama3-8b_conv300,108,4541877000.0,16938003982.0
llama3-8b_conv300,109,4541877000.0,17087539422.0
llama3-8b_conv300,110,4541877000.0,17237074862.0
llama3-8b_conv300,111,4541877000.0,17386610302.0
llama3-8b_conv300,112,4541877000.0,17536145742.0
llama3-8b_conv300,113,4541877000.0,17685681182.0
llama3-8b_conv300,114,4541877000.0,17835216622.0
llama3-8b_conv300,115,4541877000.0,17984752062.0
llama3-8b_conv300,116,4541877000.0,18134287502.0
llama3-8b_conv300,117,4541877000.0,18283822942.0
llama3-8b_conv300,118,4541877000.0,18433358382.0
llama3-8b_conv300,119,4314579000.0,18576116734.0
llama3-8b_conv300,120,4314579000.0,18718875086.0
llama3-8b_conv300,121,4314579000.0,18861633438.0
llama3-8b_conv300,122,4314579000.0,19004391790.0
llama3-8b_conv300,123,4314579000.0,19147150142.0
llama3-8b_conv300,124,4314579000.0,19289908494.0
llama3-8b_conv300,125,4314579000.0,19432666846.0
llama3-8b_conv300,126,4314579000.0,19575425198.0
llama3-8b_conv300,127,4314579000.0,19718183550.0
llama3-8b_conv300,128,4314579000.0,19860941902.0
llama3-8b_conv300,129,4314579000.0,20003700254.0
llama3-8b_conv300,130,4314579000.0,20146458606.0
llama3-8b_conv300,131,4314579000.0,20289216958.0
llama3-8b_conv300,132,4314579000.0,20431975310.0
llama3-8b_conv300,133,4314579000.0,20574733662.0
llama3-8b_conv300,134,4314579000.0,20717492014.0
llama3-8b_conv300,135,4314579000.0,20860250366.0
llama3-8b_conv300,136,4314579000.0,21003008718.0
llama3-8b_conv300,137,4314579000.0,21145767070.0
llama3-8b_conv300,138,4314579000.0,21288525422.0
llama3-8b_conv300,139,4314579000.0,21431283774.0
llama3-8b_conv300,140,4314579000.0,21574042126.0
llama3-8b_conv300,141,4314579000.0,21716800478.0
llama3-8b_conv300,142,4314579000.0,21859558830.0
llama3-8b_conv300,143,4314579000.0,22002317182.0
llama3-8b_conv300,144,4314579000.0,22145075534.0
llama3-8b_conv300,145,4314579000.0,22287833886.0
llama3-8b_conv300,146,4314579000.0,22430592238.0
llama3-8b_conv300,147,4314579000.0,22573350590.0
llama3-8b_conv300,148,4314579000.0,22716108942.0
llama3-8b_conv300,149,4314579000.0,22858867294.0
llama3-8b_conv300,150,4314579000.0,23001625646.0
llama3-8b_conv300,151,4314579000.0,23144383998.0
llama3-8b_conv300,152,4314579000.0,23287142350.0
llama3-8b_conv300,153,5892655000.0,23343877983.0
llama3-8b_conv300,154,5892655000.0,23486574895.0
llama3-8b_conv300,155,5892655000.0,23629271807.0
llama3-8b_conv300,156,5892655000.0,23771968719.0
llama3-8b_conv300,157,5892655000.0,23914665631.0
llama3-8b_conv300,158,5892655000.0,24057362543.0
llama3-8b_conv300,159,5892655000.0,24200059455.0
llama3-8b_conv300,160,5892655000.0,24342756367.0
llama3-8b_conv300,161,5892655000.0,24485453279.0
llama3-8b_conv300,162,5892655000.0,24628150191.0
llama3-8b_conv300,163,5892655000.0,24770847103.0
llama3-8b_conv300,164,5892655000.0,24913544015.0
llama3-8b_conv300,165,5892655000.0,25056240927.0
llama3-8b_conv300,166,5892655000.0,25198937839.0
llama3-8b_conv300,167,5892655000.0,25341634751.0
llama3-8b_conv300,168,5892655000.0,25484331663.0
llama3-8b_conv300,169,6311529000.0,32598579115.0
llama3-8b_conv300,170,6311529000.0,32741321595.0
llama3-8b_conv300,171,6311529000.0,32884064075.0
llama3-8b_conv300,172,6311529000.0,33026822427.0
llama3-8b_conv300,173,6311529000.0,33169580779.0
llama3-8b_conv300,174,6311529000.0,33312339131.0
llama3-8b_conv300,175,6311529000.0,33455097483.0
llama3-8b_conv300,176,6311529000.0,33597855835.0
llama3-8b_conv300,177,6311529000.0,33740614187.0
llama3-8b_conv300,178,6311529000.0,33883372539.0
llama3-8b_conv300,179,6311529000.0,34026130891.0
llama3-8b_conv300,180,6311529000.0,34168889243.0
llama3-8b_conv300,181,6311529000.0,34311647595.0
llama3-8b_conv300,182,6311529000.0,34454405947.0
llama3-8b_conv300,183,6311529000.0,34597164299.0
llama3-8b_conv300,184,6311529000.0,34739922651.0
llama3-8b_conv300,185,6311529000.0,34882681003.0
llama3-8b_conv300,186,6311529000.0,35025439355.0
llama3-8b_conv300,187,6311529000.0,35168197707.0
llama3-8b_conv300,188,6311529000.0,35310956059.0
llama3-8b_conv300,189,6311529000.0,35453714411.0
llama3-8b_conv300,190,6311529000.0,35596472763.0
llama3-8b_conv300,191,6311529000.0,35739231115.0
llama3-8b_conv300,192,6311529000.0,35881989467.0
llama3-8b_conv300,193,6311529000.0,36024747819.0
llama3-8b_conv300,194,6311529000.0,36167506171.0
llama3-8b_conv300,195,6311529000.0,36310264523.0
llama3-8b_conv300,196,6311529000.0,36453022875.0
llama3-8b_conv300,197,6311529000.0,36595781227.0
llama3-8b_conv300,198,6311529000.0,36738539579.0
llama3-8b_conv300,199,6311529000.0,36881297931.0
llama3-8b_conv300,200,6311529000.0,37024056283.0
llama3-8b_conv300,201,6311529000.0,37166814635.0
llama3-8b_conv300,202,6311529000.0,37309572987.0
llama3-8b_conv300,203,6311529000.0,37452331339.0
llama3-8b_conv300,204,6311529000.0,37595089691.0
llama3-8b_conv300,205,6311529000.0,37737848043.0
llama3-8b_conv300,206,6311529000.0,37880606395.0
llama3-8b_conv300,207,6311529000.0,38023364747.0
llama3-8b_conv300,208,6311529000.0,38166123099.0
llama3-8b_conv300,209,6311529000.0,38308881451.0
llama3-8b_conv300,210,6311529000.0,38451639803.0
llama3-8b_conv300,211,6311529000.0,38594398155.0
llama3-8b_conv300,212,6311529000.0,38737156507.0
llama3-8b_conv300,213,6311529000.0,38879914859.0
llama3-8b_conv300,214,6311529000.0,39022673211.0
llama3-8b_conv300,215,6311529000.0,39165431563.0
llama3-8b_conv300,216,6311529000.0,39308189915.0
llama3-8b_conv300,217,6311529000.0,39450948267.0
llama3-8b_conv300,218,6311529000.0,39593706619.0
llama3-8b_conv300,219,6311529000.0,39736464971.0
llama3-8b_conv300,220,6311529000.0,39879223323.0
llama3-8b_conv300,221,6311529000.0,40021981675.0
llama3-8b_conv300,222,6311529000.0,40164740027.0
llama3-8b_conv300,223,6311529000.0,40307498379.0
llama3-8b_conv300,224,6311529000.0,40450256731.0
llama3-8b_conv300,225,6311529000.0,40593015083.0
llama3-8b_conv300,226,6311529000.0,40735773435.0
llama3-8b_conv300,227,6311529000.0,40878531787.0
llama3-8b_conv300,228,6311529000.0,41021290139.0
llama3-8b_conv300,229,6311529000.0,41164048491.0
llama3-8b_conv300,230,6311529000.0,41306806843.0
llama3-8b_conv300,231,6311529000.0,41449565195.0
llama3-8b_conv300,232,6311529000.0,41592323547.0
llama3-8b_conv300,233,6311529000.0,41735081899.0
llama3-8b_conv300,234,6311529000.0,41877840251.0
llama3-8b_conv300,235,6311529000.0,42020598603.0
llama3-8b_conv300,236,6311529000.0,42163356955.0
llama3-8b_conv300,237,6311529000.0,42306115307.0
llama3-8b_conv300,238,6311529000.0,42448873659.0
llama3-8b_conv300,239,6311529000.0,42591632011.0
llama3-8b_conv300,240,6311529000.0,42734390363.0
llama3-8b_conv300,241,6311529000.0,42877148715.0
llama3-8b_conv300,242,6311529000.0,43019907067.0
llama3-8b_conv300,243,6311529000.0,43162665419.0
llama3-8b_conv300,244,6311529000.0,43305423771.0
llama3-8b_conv300,245,6311529000.0,43448182123.0
llama3-8b_conv300,246,6311529000.0,43590940475.0
llama3-8b_conv300,247,6311529000.0,43733698827.0
llama3-8b_conv300,248,6311529000.0,43876457179.0
llama3-8b_conv300,249,6311529000.0,44019215531.0
llama3-8b_conv300,250,6311529000.0,44161973883.0
llama3-8b_conv300,251,6311529000.0,44304732235.0
llama3-8b_conv300,252,6311529000.0,44447490587.0
llama3-8b_conv300,253,7745497000.0,45273156820.0
llama3-8b_conv300,254,7745497000.0,45679392653.0
llama3-8b_conv300,255,7745497000.0,45955560578.0
llama3-8b_conv300,256,7745497000.0,46098430034.0
llama3-8b_conv300,257,7745497000.0,46241299490.0
llama3-8b_conv300,258,7745497000.0,46384168946.0
llama3-8b_conv300,259,7745497000.0,46527038402.0
llama3-8b_conv300,260,7745497000.0,46669907858.0
llama3-8b_conv300,261,7745497000.0,46812777314.0
llama3-8b_conv300,262,7745497000.0,46955646770.0
llama3-8b_conv300,263,7745497000.0,47098516226.0
llama3-8b_conv300,264,7745497000.0,47241385682.0
llama3-8b_conv300,265,7745497000.0,47384255138.0
llama3-8b_conv300,266,7745497000.0,47527124594.0
llama3-8b_conv300,267,7745497000.0,47669994050.0
llama3-8b_conv300,268,7745497000.0,47812863506.0
llama3-8b_conv300,269,7745497000.0,47955732962.0
llama3-8b_conv300,270,7745497000.0,48098602418.0
llama3-8b_conv300,271,7745497000.0,48241471874.0
llama3-8b_conv300,272,7745497000.0,48384341330.0
llama3-8b_conv300,273,7745497000.0,48527210786.0
llama3-8b_conv300,274,7745497000.0,48670080242.0
llama3-8b_conv300,275,7745497000.0,48812949698.0
llama3-8b_conv300,276,7745497000.0,48955819154.0
llama3-8b_conv300,277,7745497000.0,49098688610.0
llama3-8b_conv300,278,7745497000.0,49241558066.0
llama3-8b_conv300,279,7745497000.0,49384427522.0
llama3-8b_conv300,280,7745497000.0,49527296978.0
llama3-8b_conv300,281,7745497000.0,49670166434.0
llama3-8b_conv300,282,7745497000.0,49813035890.0
llama3-8b_conv300,283,7745497000.0,49955905346.0
llama3-8b_conv300,284,7745497000.0,50098774802.0
llama3-8b_conv300,285,7745497000.0,50241644258.0
llama3-8b_conv300,286,7745497000.0,50384513714.0
llama3-8b_conv300,287,7745497000.0,50527383170.0
llama3-8b_conv300,288,7745497000.0,50670252626.0
llama3-8b_conv300,289,7745497000.0,50813122082.0
llama3-8b_conv300,290,7745497000.0,50955991538.0
llama3-8b_conv300,291,7745497000.0,51098860994.0
llama3-8b_conv300,292,8251431000.0,51388103943.0
llama3-8b_conv300,293,8251431000.0,51537686999.0
llama3-8b_conv300,294,8251431000.0,51687270055.0
llama3-8b_conv300,295,8251431000.0,51836853111.0
llama3-8b_conv300,296,8251431000.0,51986436167.0
llama3-8b_conv300,297,8251431000.0,52136019223.0
llama3-8b_conv300,298,8337078999.999999,52481027110.0
llama3-8b_conv300,299,8337078999.999999,52631300598.0
llama3-8b_conv300,300,8337078999.999999,52781574086.0
llama3-8b_conv300,301,8337078999.999999,52931847574.0
llama3-8b_conv300,302,8337078999.999999,53082121062.0
llama3-8b_conv300,303,8337078999.999999,53232394550.0
llama3-8b_conv300,304,8337078999.999999,53382668038.0
llama3-8b_conv300,305,8337078999.999999,53532941526.0
llama3-8b_conv300,306,8337078999.999999,53683215014.0
llama3-8b_conv300,307,8337078999.999999,53833488502.0
llama3-8b_conv300,308,8464985000.0,54160101327.0
llama3-8b_conv300,309,8464985000.0,54352627871.0
llama3-8b_conv300,310,8464985000.0,54545154415.0
llama3-8b_conv300,311,8464985000.0,54737680959.0
llama3-8b_conv300,312,8464985000.0,54887954447.0
llama3-8b_conv300,313,8464985000.0,55038227935.0
llama3-8b_conv300,314,8464985000.0,55188501423.0
llama3-8b_conv300,315,8464985000.0,55338774911.0
llama3-8b_conv300,316,8464985000.0,55489048399.0
llama3-8b_conv300,317,8464985000.0,55639321887.0
llama3-8b_conv300,318,8464985000.0,55789595375.0
llama3-8b_conv300,319,8464985000.0,55939868863.0
llama3-8b_conv300,320,8464985000.0,56090142351.0
llama3-8b_conv300,321,8464985000.0,56240415839.0
llama3-8b_conv300,322,8464985000.0,56390689327.0
llama3-8b_conv300,323,8464985000.0,56540962815.0
llama3-8b_conv300,324,8464985000.0,56691236303.0
llama3-8b_conv300,325,8464985000.0,56841509791.0
llama3-8b_conv300,326,8464985000.0,56991783279.0
llama3-8b_conv300,327,8464985000.0,57142056767.0
llama3-8b_conv300,328,8464985000.0,57292330255.0
llama3-8b_conv300,329,8700213000.0,57572646849.0
llama3-8b_conv300,330,8700213000.0,57765232785.0
llama3-8b_conv300,331,8700213000.0,57957818721.0
llama3-8b_conv300,332,8700213000.0,58150404657.0
llama3-8b_conv300,333,8700213000.0,58342990593.0
llama3-8b_conv300,334,8700213000.0,58535576529.0
llama3-8b_conv300,335,8700213000.0,58728162465.0
llama3-8b_conv300,336,8700213000.0,58920748401.0
llama3-8b_conv300,337,8700213000.0,59113334337.0
llama3-8b_conv300,338,8700213000.0,59305920273.0
llama3-8b_conv300,339,8700213000.0,59498506209.0
llama3-8b_conv300,340,8700213000.0,59691092145.0
llama3-8b_conv300,341,8700213000.0,59883678081.0
llama3-8b_conv300,342,8700213000.0,60076264017.0
llama3-8b_conv300,343,8700213000.0,60268849953.0
llama3-8b_conv300,344,8700213000.0,60461435889.0
llama3-8b_conv300,345,8700213000.0,60654021825.0
llama3-8b_conv300,346,8700213000.0,60846607761.0
llama3-8b_conv300,347,8700213000.0,61039193697.0
llama3-8b_conv300,348,8700213000.0,61231779633.0
llama3-8b_conv300,349,8700213000.0,61424365569.0
llama3-8b_conv300,350,8700213000.0,61616967377.0
llama3-8b_conv300,351,8700213000.0,61809569185.0
llama3-8b_conv300,352,8700213000.0,62002170993.0
llama3-8b_conv300,353,8700213000.0,62194772801.0
llama3-8b_conv300,354,8700213000.0,62387374609.0
llama3-8b_conv300,355,8700213000.0,62580019937.0
llama3-8b_conv300,356,8700213000.0,62772665265.0
llama3-8b_conv300,357,8700213000.0,62965310593.0
llama3-8b_conv300,358,8700213000.0,63157955921.0
llama3-8b_conv300,359,8700213000.0,63350601249.0
llama3-8b_conv300,360,8700213000.0,63543246577.0
llama3-8b_conv300,361,8700213000.0,63735891905.0
llama3-8b_conv300,362,8700213000.0,63928537233.0
llama3-8b_conv300,363,8700213000.0,64121182561.0
llama3-8b_conv300,364,8700213000.0,64313827889.0
llama3-8b_conv300,365,8700213000.0,64506473217.0
llama3-8b_conv300,366,8700213000.0,64699118545.0
llama3-8b_conv300,367,8700213000.0,64891763873.0
llama3-8b_conv300,368,8700213000.0,65084409201.0
llama3-8b_conv300,369,8700213000.0,65277054529.0
llama3-8b_conv300,370,8700213000.0,65469699857.0
llama3-8b_conv300,371,8700213000.0,65662345185.0
llama3-8b_conv300,372,8700213000.0,65854990513.0
llama3-8b_conv300,373,8700213000.0,66047635841.0
llama3-8b_conv300,374,8700213000.0,66240281169.0
llama3-8b_conv300,375,8700213000.0,66432926497.0
llama3-8b_conv300,376,8700213000.0,66583259377.0
llama3-8b_conv300,377,8700213000.0,66733592257.0
llama3-8b_conv300,378,8700213000.0,66883925137.0
llama3-8b_conv300,379,8700213000.0,67034258017.0
llama3-8b_conv300,380,8700213000.0,67184590897.0
llama3-8b_conv300,381,8700213000.0,67334923777.0
llama3-8b_conv300,382,8700213000.0,67485256657.0
llama3-8b_conv300,383,8700213000.0,67635589537.0
llama3-8b_conv300,384,8700213000.0,67785922417.0
llama3-8b_conv300,385,8700213000.0,67936255297.0
llama3-8b_conv300,386,8700213000.0,68086588177.0
llama3-8b_conv300,387,8700213000.0,68236921057.0
llama3-8b_conv300,388,8700213000.0,68387253937.0
llama3-8b_conv300,389,8700213000.0,68537586817.0
llama3-8b_conv300,390,8700213000.0,68687919697.0
llama3-8b_conv300,391,8700213000.0,68838252577.0
llama3-8b_conv300,392,9427468000.0,69118628563.0
llama3-8b_conv300,393,9427468000.0,69311273891.0
llama3-8b_conv300,394,9427468000.0,69503919219.0
llama3-8b_conv300,395,9427468000.0,69696564547.0
llama3-8b_conv300,396,9427468000.0,69889209875.0
llama3-8b_conv300,397,9427468000.0,70039415779.0
llama3-8b_conv300,398,9427468000.0,70189621683.0
llama3-8b_conv300,399,9427468000.0,70339827587.0
llama3-8b_conv300,400,9427468000.0,70490033491.0
llama3-8b_conv300,401,9427468000.0,70640239395.0
llama3-8b_conv300,402,9427468000.0,70790445299.0
llama3-8b_conv300,403,9427468000.0,70940651203.0
llama3-8b_conv300,404,9582558000.0,71301962437.0
llama3-8b_conv300,405,9582558000.0,71716607687.0
llama3-8b_conv300,406,9582558000.0,72058244613.0
llama3-8b_conv300,407,9582558000.0,72250874069.0
llama3-8b_conv300,408,9582558000.0,72443503525.0
llama3-8b_conv300,409,9582558000.0,72636132981.0
llama3-8b_conv300,410,9582558000.0,72828762437.0
llama3-8b_conv300,411,9582558000.0,73021391893.0
llama3-8b_conv300,412,9582558000.0,73214021349.0
llama3-8b_conv300,413,9582558000.0,73406650805.0
llama3-8b_conv300,414,9582558000.0,73599280261.0
llama3-8b_conv300,415,9582558000.0,73791909717.0
llama3-8b_conv300,416,9582558000.0,73984539173.0
llama3-8b_conv300,417,9582558000.0,74177168629.0
llama3-8b_conv300,418,9582558000.0,74369798085.0
llama3-8b_conv300,419,9582558000.0,74562427541.0
llama3-8b_conv300,420,9582558000.0,74755056997.0
llama3-8b_conv300,421,9582558000.0,74947686453.0
llama3-8b_conv300,422,9582558000.0,75140315909.0
llama3-8b_conv300,423,9582558000.0,75332945365.0
llama3-8b_conv300,424,9582558000.0,75525574821.0
llama3-8b_conv300,425,9582558000.0,75718204277.0
llama3-8b_conv300,426,9582558000.0,75910833733.0
llama3-8b_conv300,427,9582558000.0,76103463189.0
llama3-8b_conv300,428,9582558000.0,76296092645.0
llama3-8b_conv300,429,9582558000.0,76488722101.0
llama3-8b_conv300,430,9582558000.0,76681351557.0
llama3-8b_conv300,431,9582558000.0,76873981013.0
llama3-8b_conv300,432,9582558000.0,77066610469.0
llama3-8b_conv300,433,9582558000.0,77259239925.0
llama3-8b_conv300,434,9582558000.0,77451869381.0
llama3-8b_conv300,435,9582558000.0,77644498837.0
llama3-8b_conv300,436,9582558000.0,77837128293.0
llama3-8b_conv300,437,9582558000.0,78029757749.0
llama3-8b_conv300,438,9582558000.0,78222387205.0
llama3-8b_conv300,439,9582558000.0,78415016661.0
llama3-8b_conv300,440,9582558000.0,78607646117.0
llama3-8b_conv300,441,9582558000.0,78800275573.0
llama3-8b_conv300,442,9582558000.0,78992905029.0
llama3-8b_conv300,443,9582558000.0,79185534485.0
llama3-8b_conv300,444,10106379000.0,79544171482.0
llama3-8b_conv300,445,10106379000.0,79953123743.0
llama3-8b_conv300,446,10106379000.0,80503093092.0
llama3-8b_conv300,447,10106379000.0,81079370537.0
llama3-8b_conv300,448,10106379000.0,81518616287.0
llama3-8b_conv300,449,10106379000.0,81711895727.0
llama3-8b_conv300,450,10106379000.0,81905175167.0
llama3-8b_conv300,451,10106379000.0,82098042703.0
llama3-8b_conv300,452,10106379000.0,82290910239.0
llama3-8b_conv300,453,10106379000.0,82441449455.0
llama3-8b_conv300,454,10106379000.0,82591988671.0
llama3-8b_conv300,455,10106379000.0,82742527887.0
llama3-8b_conv300,456,10106379000.0,82893067103.0
llama3-8b_conv300,457,10106379000.0,83043606319.0
llama3-8b_conv300,458,10106379000.0,83194145535.0
llama3-8b_conv300,459,10106379000.0,83344684751.0
llama3-8b_conv300,460,10106379000.0,83494490015.0
llama3-8b_conv300,461,10106379000.0,83644295279.0
llama3-8b_conv300,462,10106379000.0,83794100543.0
llama3-8b_conv300,463,9582558000.0,83936969999.0
llama3-8b_conv300,464,9582558000.0,84079839455.0
llama3-8b_conv300,465,9582558000.0,84222708911.0
llama3-8b_conv300,466,9582558000.0,84365578367.0
llama3-8b_conv300,467,9582558000.0,84508447823.0
llama3-8b_conv300,468,9582558000.0,84651317279.0
llama3-8b_conv300,469,9582558000.0,84794186735.0
llama3-8b_conv300,470,9582558000.0,84937056191.0
llama3-8b_conv300,471,10546126000.0,85213768813.0
llama3-8b_conv300,472,10546126000.0,85363351869.0
llama3-8b_conv300,473,10546126000.0,85512934925.0
llama3-8b_conv300,474,10546126000.0,85662517981.0
llama3-8b_conv300,475,10546126000.0,85812101037.0
llama3-8b_conv300,476,10546126000.0,85961684093.0
llama3-8b_conv300,477,10546126000.0,86111267149.0
llama3-8b_conv300,478,10546126000.0,86260850205.0
llama3-8b_conv300,479,10546126000.0,86410433261.0
llama3-8b_conv300,480,10546126000.0,86560016317.0
llama3-8b_conv300,481,10546126000.0,86709599373.0
llama3-8b_conv300,482,10546126000.0,86859182429.0
llama3-8b_conv300,483,10546126000.0,87008765485.0
llama3-8b_conv300,484,10546126000.0,87158348541.0
llama3-8b_conv300,485,10546126000.0,87307931597.0
llama3-8b_conv300,486,10546126000.0,87457514653.0
llama3-8b_conv300,487,10546126000.0,87607097709.0
llama3-8b_conv300,488,10546126000.0,87756680765.0
llama3-8b_conv300,489,10546126000.0,87906263821.0
llama3-8b_conv300,490,10546126000.0,88055846877.0
llama3-8b_conv300,491,10546126000.0,88205429933.0
llama3-8b_conv300,492,10546126000.0,88355012989.0
llama3-8b_conv300,493,10546126000.0,88504596045.0
llama3-8b_conv300,494,10546126000.0,88654179101.0
llama3-8b_conv300,495,10546126000.0,88803762157.0
llama3-8b_conv300,496,10546126000.0,88953345213.0
llama3-8b_conv300,497,10546126000.0,89102928269.0
llama3-8b_conv300,498,10546126000.0,89252511325.0
llama3-8b_conv300,499,10546126000.0,89402110253.0
llama3-8b_conv300,500,10546126000.0,89551709181.0
llama3-8b_conv300,501,10546126000.0,89701308109.0
llama3-8b_conv300,502,10546126000.0,89850907037.0
llama3-8b_conv300,503,10546126000.0,90000505965.0
llama3-8b_conv300,504,10546126000.0,90150104893.0
llama3-8b_conv300,505,10546126000.0,90299703821.0
llama3-8b_conv300,506,10546126000.0,90449302749.0
llama3-8b_conv300,507,10546126000.0,90598901677.0
llama3-8b_conv300,508,10546126000.0,90748500605.0
llama3-8b_conv300,509,10546126000.0,90898099533.0
llama3-8b_conv300,510,10546126000.0,91047698461.0
llama3-8b_conv300,511,10546126000.0,91197297389.0
llama3-8b_conv300,512,10546126000.0,91346896317.0
llama3-8b_conv300,513,10546126000.0,91496495245.0
llama3-8b_conv300,514,10546126000.0,91646094173.0
llama3-8b_conv300,515,10546126000.0,91795693101.0
llama3-8b_conv300,516,10546126000.0,91945292029.0
llama3-8b_conv300,517,10546126000.0,92094890957.0
llama3-8b_conv300,518,10546126000.0,92244489885.0
llama3-8b_conv300,519,10546126000.0,92394088813.0
llama3-8b_conv300,520,10546126000.0,92543687741.0
llama3-8b_conv300,521,10546126000.0,92693286669.0
llama3-8b_conv300,522,10546126000.0,92842885597.0
llama3-8b_conv300,523,10546126000.0,92992484525.0
llama3-8b_conv300,524,11157911000.0,93474229963.0
llama3-8b_conv300,525,11157911000.0,93624578715.0
llama3-8b_conv300,526,11157911000.0,93774927467.0
llama3-8b_conv300,527,11157911000.0,93925276219.0
llama3-8b_conv300,528,11157911000.0,94075624971.0
llama3-8b_conv300,529,11157911000.0,94225973723.0
llama3-8b_conv300,530,11157911000.0,94376322475.0
llama3-8b_conv300,531,11157911000.0,94526671227.0
llama3-8b_conv300,532,11157911000.0,94677019979.0
llama3-8b_conv300,533,11157911000.0,94827368731.0
llama3-8b_conv300,534,11157911000.0,94977717483.0
llama3-8b_conv300,535,11157911000.0,95128066235.0
llama3-8b_conv300,536,11157911000.0,95278414987.0
llama3-8b_conv300,537,11157911000.0,95428763739.0
llama3-8b_conv300,538,11157911000.0,95579112491.0
llama3-8b_conv300,539,11157911000.0,95729461243.0
llama3-8b_conv300,540,11157911000.0,95879809995.0
llama3-8b_conv300,541,11157911000.0,96030158747.0
llama3-8b_conv300,542,11157911000.0,96180507499.0
llama3-8b_conv300,543,11157911000.0,96330856251.0
llama3-8b_conv300,544,11157911000.0,96481205003.0
llama3-8b_conv300,545,11157911000.0,96631553755.0
llama3-8b_conv300,546,11430904000.0,96771163111.0
llama3-8b_conv300,547,11430904000.0,96963762871.0
llama3-8b_conv300,548,11430904000.0,97156362631.0
llama3-8b_conv300,549,11430904000.0,97348962391.0
llama3-8b_conv300,550,11430904000.0,97541562151.0
llama3-8b_conv300,551,11430904000.0,97734161911.0
llama3-8b_conv300,552,11430904000.0,97926761671.0
llama3-8b_conv300,553,11430904000.0,98119361431.0
llama3-8b_conv300,554,11430904000.0,98311963239.0
llama3-8b_conv300,555,11430904000.0,98504565047.0
llama3-8b_conv300,556,11430904000.0,98697166855.0
llama3-8b_conv300,557,11430904000.0,98889768663.0
llama3-8b_conv300,558,11157911000.0,99040117415.0
llama3-8b_conv300,559,11157911000.0,99190466167.0
llama3-8b_conv300,560,11157911000.0,99340814919.0
llama3-8b_conv300,561,11157911000.0,99490413847.0
llama3-8b_conv300,562,11157911000.0,99640012775.0
llama3-8b_conv300,563,11157911000.0,99789611703.0
llama3-8b_conv300,564,11157911000.0,99939210631.0
llama3-8b_conv300,565,11157911000.0,100088809559.0
llama3-8b_conv300,566,11157911000.0,100238408487.0
llama3-8b_conv300,567,11157911000.0,100388007415.0
llama3-8b_conv300,568,11157911000.0,100537606343.0
llama3-8b_conv300,569,11157911000.0,100687205271.0
llama3-8b_conv300,570,11157911000.0,100836804199.0
llama3-8b_conv300,571,11157911000.0,100986403127.0
llama3-8b_conv300,572,11157911000.0,101136002055.0
llama3-8b_conv300,573,11157911000.0,101285600983.0
llama3-8b_conv300,574,11157911000.0,101435199911.0
llama3-8b_conv300,575,11157911000.0,101584798839.0
llama3-8b_conv300,576,11157911000.0,101734397767.0
llama3-8b_conv300,577,11157911000.0,101883996695.0
llama3-8b_conv300,578,11157911000.0,102033595623.0
llama3-8b_conv300,579,11157911000.0,102183194551.0
llama3-8b_conv300,580,11157911000.0,102325952903.0
llama3-8b_conv300,581,11157911000.0,102468711255.0
llama3-8b_conv300,582,11836633000.0,103124215542.0
llama3-8b_conv300,583,11836633000.0,103273671622.0
llama3-8b_conv300,584,11836633000.0,103423127702.0
llama3-8b_conv300,585,11836633000.0,103572583782.0
llama3-8b_conv300,586,11836633000.0,103722039862.0
llama3-8b_conv300,587,11836633000.0,103871495942.0
llama3-8b_conv300,588,11836633000.0,104020952022.0
llama3-8b_conv300,589,11836633000.0,104170408102.0
llama3-8b_conv300,590,11836633000.0,104319864182.0
llama3-8b_conv300,591,11836633000.0,104469320262.0
llama3-8b_conv300,592,11836633000.0,104618776342.0
llama3-8b_conv300,593,11836633000.0,104768232422.0
llama3-8b_conv300,594,11836633000.0,104917688502.0
llama3-8b_conv300,595,11836633000.0,105067144582.0
llama3-8b_conv300,596,11836633000.0,105216600662.0
llama3-8b_conv300,597,11836633000.0,105366072614.0
llama3-8b_conv300,598,11836633000.0,105515544566.0
llama3-8b_conv300,599,11836633000.0,105665016518.0
llama3-8b_conv300,600,11836633000.0,105814488470.0
llama3-8b_conv300,601,11836633000.0,105963960422.0
llama3-8b_conv300,602,11836633000.0,106113432374.0
llama3-8b_conv300,603,11836633000.0,106262904326.0
llama3-8b_conv300,604,11836633000.0,106412376278.0
llama3-8b_conv300,605,11836633000.0,106561848230.0
llama3-8b_conv300,606,11836633000.0,106711320182.0
llama3-8b_conv300,607,11836633000.0,106860792134.0
llama3-8b_conv300,608,11836633000.0,107010264086.0
llama3-8b_conv300,609,11836633000.0,107159736038.0
llama3-8b_conv300,610,11836633000.0,107309207990.0
llama3-8b_conv300,611,11836633000.0,107458679942.0
llama3-8b_conv300,612,11836633000.0,107608151894.0
llama3-8b_conv300,613,11836633000.0,107757623846.0
llama3-8b_conv300,614,11836633000.0,107907095798.0
llama3-8b_conv300,615,11836633000.0,108056567750.0
llama3-8b_conv300,616,11836633000.0,108206039702.0
llama3-8b_conv300,617,11836633000.0,108355511654.0
llama3-8b_conv300,618,11836633000.0,108504983606.0
llama3-8b_conv300,619,11836633000.0,108654455558.0
llama3-8b_conv300,620,11836633000.0,108803927510.0
llama3-8b_conv300,621,11836633000.0,108953415334.0
llama3-8b_conv300,622,11836633000.0,109102903158.0
llama3-8b_conv300,623,11836633000.0,109252390982.0
llama3-8b_conv300,624,11836633000.0,109401878806.0
llama3-8b_conv300,625,11836633000.0,109551366630.0
llama3-8b_conv300,626,11836633000.0,109700854454.0
llama3-8b_conv300,627,11836633000.0,109850342278.0
llama3-8b_conv300,628,11836633000.0,109999830102.0
llama3-8b_conv300,629,11836633000.0,110149317926.0
llama3-8b_conv300,630,11836633000.0,110292076278.0
llama3-8b_conv300,631,11836633000.0,110434834630.0
llama3-8b_conv300,632,11836633000.0,110577592982.0
llama3-8b_conv300,633,11836633000.0,110720351334.0
llama3-8b_conv300,634,11836633000.0,110863109686.0
llama3-8b_conv300,635,11836633000.0,111005868038.0
llama3-8b_conv300,636,11836633000.0,111148626390.0
llama3-8b_conv300,637,11836633000.0,111291384742.0
llama3-8b_conv300,638,11836633000.0,111434143094.0
llama3-8b_conv300,639,11836633000.0,111576901446.0
llama3-8b_conv300,640,11836633000.0,111719659798.0
llama3-8b_conv300,641,11836633000.0,111862418150.0
llama3-8b_conv300,642,11836633000.0,112005176502.0
llama3-8b_conv300,643,11836633000.0,112147934854.0
llama3-8b_conv300,644,11836633000.0,112290693206.0
llama3-8b_conv300,645,11836633000.0,112433451558.0
llama3-8b_conv300,646,11836633000.0,112576209910.0
llama3-8b_conv300,647,11836633000.0,112718968262.0
llama3-8b_conv300,648,11836633000.0,112861726614.0
llama3-8b_conv300,649,11836633000.0,113004484966.0
llama3-8b_conv300,650,11836633000.0,113147243318.0
llama3-8b_conv300,651,11836633000.0,113290001670.0
llama3-8b_conv300,652,11836633000.0,113432760022.0
llama3-8b_conv300,653,11836633000.0,113575518374.0
llama3-8b_conv300,654,11836633000.0,113718276726.0
llama3-8b_conv300,655,11836633000.0,113861035078.0
llama3-8b_conv300,656,12886545000.0,115863613794.0
llama3-8b_conv300,657,12886545000.0,116006312754.0
llama3-8b_conv300,658,12886545000.0,116149011714.0
llama3-8b_conv300,659,12886545000.0,116291710674.0
llama3-8b_conv300,660,12886545000.0,116434409634.0
llama3-8b_conv300,661,12886545000.0,116577108594.0
llama3-8b_conv300,662,12886545000.0,116719807554.0
llama3-8b_conv300,663,12886545000.0,116862506514.0
llama3-8b_conv300,664,12886545000.0,117005205474.0
llama3-8b_conv300,665,12886545000.0,117147904434.0
llama3-8b_conv300,666,12886545000.0,117290603394.0
llama3-8b_conv300,667,12886545000.0,117433302354.0
llama3-8b_conv300,668,12886545000.0,117576001314.0
llama3-8b_conv300,669,13025088000.0,118328232382.0
llama3-8b_conv300,670,13025088000.0,118902266970.0
llama3-8b_conv300,671,13049843000.0,119316070681.0
llama3-8b_conv300,672,13049843000.0,119348188009.0
llama3-8b_conv300,673,13049843000.0,119498402105.0
llama3-8b_conv300,674,13049843000.0,119648616201.0
llama3-8b_conv300,675,13049843000.0,119798830297.0
llama3-8b_conv300,676,13049843000.0,119949044393.0
llama3-8b_conv300,677,13049843000.0,120099258489.0
llama3-8b_conv300,678,13049843000.0,120249472585.0
llama3-8b_conv300,679,13049843000.0,120399686681.0
llama3-8b_conv300,680,13049843000.0,120549900777.0
llama3-8b_conv300,681,13049843000.0,120700114873.0
llama3-8b_conv300,682,13049843000.0,120850328969.0
llama3-8b_conv300,683,13049843000.0,121000543065.0
llama3-8b_conv300,684,13049843000.0,121150757161.0
llama3-8b_conv300,685,13049843000.0,121300971257.0
llama3-8b_conv300,686,13049843000.0,121451185353.0
llama3-8b_conv300,687,13049843000.0,121601399449.0
llama3-8b_conv300,688,13049843000.0,121751613545.0
llama3-8b_conv300,689,13049843000.0,121901827641.0
llama3-8b_conv300,690,13049843000.0,122052041737.0
llama3-8b_conv300,691,13049843000.0,122202255833.0
llama3-8b_conv300,692,13049843000.0,122352469929.0
llama3-8b_conv300,693,13049843000.0,122502684025.0
llama3-8b_conv300,694,13049843000.0,122652898121.0
llama3-8b_conv300,695,13049843000.0,122803112217.0
llama3-8b_conv300,696,13049843000.0,122953326313.0
llama3-8b_conv300,697,13049843000.0,123103540409.0
llama3-8b_conv300,698,13049843000.0,123253754505.0
llama3-8b_conv300,699,13049843000.0,123403968601.0
llama3-8b_conv300,700,13049843000.0,123554182697.0
llama3-8b_conv300,701,13049843000.0,123704396793.0
llama3-8b_conv300,702,13049843000.0,123854610889.0
llama3-8b_conv300,703,13049843000.0,124004824985.0
llama3-8b_conv300,704,13049843000.0,124155039081.0
llama3-8b_conv300,705,13049843000.0,124305253177.0
llama3-8b_conv300,706,13049843000.0,124455510793.0
llama3-8b_conv300,707,13049843000.0,124605768409.0
llama3-8b_conv300,708,13049843000.0,124756026025.0
llama3-8b_conv300,709,13049843000.0,124906283641.0
llama3-8b_conv300,710,13049843000.0,125056541257.0
llama3-8b_conv300,711,13049843000.0,125206798873.0
llama3-8b_conv300,712,13049843000.0,125357056489.0
llama3-8b_conv300,713,13049843000.0,125507314105.0
llama3-8b_conv300,714,13049843000.0,125657571721.0
llama3-8b_conv300,715,13049843000.0,125807829337.0
llama3-8b_conv300,716,13049843000.0,125958086953.0
llama3-8b_conv300,717,13049843000.0,126108344569.0
llama3-8b_conv300,718,13049843000.0,126258602185.0
llama3-8b_conv300,719,13049843000.0,126408859801.0
llama3-8b_conv300,720,13049843000.0,126559117417.0
llama3-8b_conv300,721,13049843000.0,126709375033.0
llama3-8b_conv300,722,13049843000.0,126859632649.0
llama3-8b_conv300,723,13049843000.0,127009890265.0
llama3-8b_conv300,724,13049843000.0,127160147881.0
llama3-8b_conv300,725,13049843000.0,127310405497.0
llama3-8b_conv300,726,13049843000.0,127460678985.0
llama3-8b_conv300,727,13049843000.0,127610952473.0
llama3-8b_conv300,728,13049843000.0,127761225961.0
llama3-8b_conv300,729,13049843000.0,127911499449.0
llama3-8b_conv300,730,13049843000.0,128061772937.0
llama3-8b_conv300,731,13049843000.0,128212089945.0
llama3-8b_conv300,732,13049843000.0,128362406953.0
llama3-8b_conv300,733,13049843000.0,128512723961.0
llama3-8b_conv300,734,13049843000.0,128663040969.0
llama3-8b_conv300,735,13049843000.0,128813357977.0
llama3-8b_conv300,736,13049843000.0,128963674985.0
llama3-8b_conv300,737,13049843000.0,129113991993.0
llama3-8b_conv300,738,13049843000.0,129264309001.0
llama3-8b_conv300,739,13049843000.0,129414626009.0
llama3-8b_conv300,740,13049843000.0,129564943017.0
llama3-8b_conv300,741,13049843000.0,129715260025.0
llama3-8b_conv300,742,13049843000.0,129865577033.0
llama3-8b_conv300,743,13049843000.0,130015894041.0
llama3-8b_conv300,744,13049843000.0,130166211049.0
llama3-8b_conv300,745,13049843000.0,130316528057.0
llama3-8b_conv300,746,13049843000.0,130466845065.0
llama3-8b_conv300,747,13049843000.0,130617162073.0
llama3-8b_conv300,748,13049843000.0,130767479081.0
llama3-8b_conv300,749,13049843000.0,130917796089.0
llama3-8b_conv300,750,13049843000.0,131068113097.0
llama3-8b_conv300,751,13049843000.0,131218430105.0
llama3-8b_conv300,752,13049843000.0,131368747113.0
llama3-8b_conv300,753,14059550000.0,131488453741.0
llama3-8b_conv300,754,14059550000.0,131681023805.0
llama3-8b_conv300,755,14059550000.0,131873593869.0
llama3-8b_conv300,756,14097780000.0,132153417429.0
llama3-8b_conv300,757,14097780000.0,132346399397.0
llama3-8b_conv300,758,14097780000.0,132539381365.0
llama3-8b_conv300,759,14097780000.0,132732363333.0
llama3-8b_conv300,760,14097780000.0,132925345301.0
llama3-8b_conv300,761,14097780000.0,133118327269.0
llama3-8b_conv300,762,14097780000.0,133311309237.0
llama3-8b_conv300,763,14097780000.0,133504291205.0
llama3-8b_conv300,764,14097780000.0,133697273173.0
llama3-8b_conv300,765,14097780000.0,133890255141.0
llama3-8b_conv300,766,14097780000.0,134083237109.0
llama3-8b_conv300,767,14097780000.0,134276219077.0
llama3-8b_conv300,768,14097780000.0,134469201045.0
llama3-8b_conv300,769,14097780000.0,134662183013.0
llama3-8b_conv300,770,14097780000.0,134855164981.0
llama3-8b_conv300,771,14097780000.0,135048146949.0
llama3-8b_conv300,772,14293309000.0,135527556543.0
llama3-8b_conv300,773,14293309000.0,135930399609.0
llama3-8b_conv300,774,14293309000.0,136517837107.0
llama3-8b_conv300,775,14293309000.0,137081820909.0
llama3-8b_conv300,776,14293309000.0,137868213415.0
llama3-8b_conv300,777,14293309000.0,138801386081.0
llama3-8b_conv300,778,14293309000.0,139736635419.0
llama3-8b_conv300,779,14293309000.0,141137828885.0
llama3-8b_conv300,780,14293309000.0,141331374359.0
llama3-8b_conv300,781,14293309000.0,141524919833.0
llama3-8b_conv300,782,14293309000.0,141718465307.0
llama3-8b_conv300,783,14293309000.0,141912010781.0
llama3-8b_conv300,784,14293309000.0,142105556255.0
llama3-8b_conv300,785,14293309000.0,142299101729.0
llama3-8b_conv300,786,14293309000.0,142492647203.0
llama3-8b_conv300,787,14293309000.0,142686192677.0
llama3-8b_conv300,788,14293309000.0,142879738151.0
llama3-8b_conv300,789,14293309000.0,143073283625.0
llama3-8b_conv300,790,14293309000.0,143266829099.0
llama3-8b_conv300,791,14293309000.0,143460374573.0
llama3-8b_conv300,792,14293309000.0,143653920047.0
llama3-8b_conv300,793,14293309000.0,143847465521.0
llama3-8b_conv300,794,14293309000.0,144041010995.0
llama3-8b_conv300,795,14293309000.0,144234556469.0
llama3-8b_conv300,796,14293309000.0,144428101943.0
llama3-8b_conv300,797,14293309000.0,144621647417.0
llama3-8b_conv300,798,14293309000.0,144815192891.0
llama3-8b_conv300,799,14293309000.0,145008738365.0
llama3-8b_conv300,800,14293309000.0,145202283839.0
llama3-8b_conv300,801,14293309000.0,145395829313.0
llama3-8b_conv300,802,14293309000.0,145589374787.0
llama3-8b_conv300,803,14293309000.0,145782920261.0
llama3-8b_conv300,804,14293309000.0,145976465735.0
llama3-8b_conv300,805,14293309000.0,146170011209.0
llama3-8b_conv300,806,14293309000.0,146363556683.0
llama3-8b_conv300,807,14293309000.0,146557102157.0
llama3-8b_conv300,808,14293309000.0,146750647631.0
llama3-8b_conv300,809,14293309000.0,146944193105.0
llama3-8b_conv300,810,14293309000.0,147137619489.0
llama3-8b_conv300,811,14293309000.0,147331045873.0
llama3-8b_conv300,812,14293309000.0,147524472257.0
llama3-8b_conv300,813,14293309000.0,147717359761.0
llama3-8b_conv300,814,14293309000.0,147910247265.0
llama3-8b_conv300,815,14293309000.0,148103134769.0
llama3-8b_conv300,816,14293309000.0,148296022273.0
llama3-8b_conv300,817,14293309000.0,148488909777.0
llama3-8b_conv300,818,14293309000.0,148639500705.0
llama3-8b_conv300,819,14293309000.0,148790091633.0
llama3-8b_conv300,820,14293309000.0,148940682561.0
llama3-8b_conv300,821,14293309000.0,149091273489.0
llama3-8b_conv300,822,14293309000.0,149241864417.0
llama3-8b_conv300,823,14293309000.0,149392455345.0
llama3-8b_conv300,824,14293309000.0,149542312321.0
llama3-8b_conv300,825,14293309000.0,149692169297.0
llama3-8b_conv300,826,14293309000.0,149842026273.0
llama3-8b_conv300,827,14293309000.0,149991883249.0
llama3-8b_conv300,828,14293309000.0,150141783745.0
llama3-8b_conv300,829,14293309000.0,150291684241.0
llama3-8b_conv300,830,14293309000.0,150441584737.0
llama3-8b_conv300,831,14293309000.0,150591485233.0
llama3-8b_conv300,832,14293309000.0,150741385729.0
llama3-8b_conv300,833,14293309000.0,150891286225.0
llama3-8b_conv300,834,14293309000.0,151041186721.0
llama3-8b_conv300,835,14293309000.0,151191087217.0
llama3-8b_conv300,836,14293309000.0,151340987713.0
llama3-8b_conv300,837,14293309000.0,151490888209.0
llama3-8b_conv300,838,14293309000.0,151640788705.0
llama3-8b_conv300,839,14293309000.0,151790689201.0
llama3-8b_conv300,840,14293309000.0,151940589697.0
llama3-8b_conv300,841,14059550000.0,152083332177.0
llama3-8b_conv300,842,14059550000.0,152226074657.0
llama3-8b_conv300,843,14059550000.0,152368817137.0
llama3-8b_conv300,844,14059550000.0,152511559617.0
llama3-8b_conv300,845,14059550000.0,152654302097.0
llama3-8b_conv300,846,14059550000.0,152797044577.0
llama3-8b_conv300,847,14059550000.0,152939787057.0
llama3-8b_conv300,848,14059550000.0,153082529537.0
llama3-8b_conv300,849,14059550000.0,153225272017.0
llama3-8b_conv300,850,14059550000.0,153368014497.0
llama3-8b_conv300,851,14059550000.0,153510756977.0
llama3-8b_conv300,852,14059550000.0,153653499457.0
llama3-8b_conv300,853,14059550000.0,153796241937.0
llama3-8b_conv300,854,14059550000.0,153938984417.0
llama3-8b_conv300,855,14059550000.0,154081726897.0
llama3-8b_conv300,856,14059550000.0,154224469377.0
llama3-8b_conv300,857,14059550000.0,154367211857.0
llama3-8b_conv300,858,14059550000.0,154509954337.0
llama3-8b_conv300,859,14059550000.0,154652696817.0
llama3-8b_conv300,860,14059550000.0,154795439297.0
llama3-8b_conv300,861,14059550000.0,154938181777.0
llama3-8b_conv300,862,14059550000.0,155080924257.0
llama3-8b_conv300,863,14059550000.0,155223666737.0
llama3-8b_conv300,864,14059550000.0,155366409217.0
llama3-8b_conv300,865,14059550000.0,155509151697.0
llama3-8b_conv300,866,14059550000.0,155651894177.0
llama3-8b_conv300,867,14059550000.0,155794636657.0
llama3-8b_conv300,868,14059550000.0,155937379137.0
llama3-8b_conv300,869,14059550000.0,156080121617.0
llama3-8b_conv300,870,14059550000.0,156222864097.0
llama3-8b_conv300,871,14059550000.0,156365606577.0
llama3-8b_conv300,872,14059550000.0,156508349057.0
llama3-8b_conv300,873,14059550000.0,156651091537.0
llama3-8b_conv300,874,14059550000.0,156793834017.0
llama3-8b_conv300,875,14059550000.0,156936576497.0
llama3-8b_conv300,876,14059550000.0,157079318977.0
llama3-8b_conv300,877,14059550000.0,157222061457.0
llama3-8b_conv300,878,14059550000.0,157364803937.0
llama3-8b_conv300,879,14059550000.0,157507546417.0
llama3-8b_conv300,880,14059550000.0,157650288897.0
llama3-8b_conv300,881,14059550000.0,157793031377.0
llama3-8b_conv300,882,14059550000.0,157935773857.0
llama3-8b_conv300,883,14059550000.0,158078516337.0
llama3-8b_conv300,884,14059550000.0,158221258817.0
llama3-8b_conv300,885,14059550000.0,158364001297.0
llama3-8b_conv300,886,14059550000.0,158506743777.0
llama3-8b_conv300,887,14059550000.0,158649486257.0
llama3-8b_conv300,888,14059550000.0,158792228737.0
llama3-8b_conv300,889,14059550000.0,158934971217.0
llama3-8b_conv300,890,14059550000.0,159077713697.0
llama3-8b_conv300,891,14059550000.0,159220456177.0
llama3-8b_conv300,892,14059550000.0,159363198657.0
llama3-8b_conv300,893,14059550000.0,159505941137.0
llama3-8b_conv300,894,14059550000.0,159648683617.0
llama3-8b_conv300,895,14059550000.0,159791426097.0
llama3-8b_conv300,896,14059550000.0,159934168577.0
llama3-8b_conv300,897,14059550000.0,160076911057.0
llama3-8b_conv300,898,14059550000.0,160219653537.0
llama3-8b_conv300,899,14059550000.0,160362396017.0
llama3-8b_conv300,900,14059550000.0,160505138497.0
llama3-8b_conv300,901,14059550000.0,160647880977.0
llama3-8b_conv300,902,14059550000.0,160790623457.0
llama3-8b_conv300,903,14059550000.0,160933365937.0
llama3-8b_conv300,904,14059550000.0,161076108417.0
llama3-8b_conv300,905,14059550000.0,161218850897.0
llama3-8b_conv300,906,14059550000.0,161361593377.0
llama3-8b_conv300,907,17420918000.0,162187259610.0
llama3-8b_conv300,908,17420918000.0,162593495443.0
llama3-8b_conv300,909,17420918000.0,163165406284.0
llama3-8b_conv300,910,17420918000.0,163739508485.0
llama3-8b_conv300,911,17420918000.0,164449925566.0
llama3-8b_conv300,912,17420918000.0,164692209486.0
llama3-8b_conv300,913,17420918000.0,164835237662.0
llama3-8b_conv300,914,17420918000.0,164978265838.0
llama3-8b_conv300,915,17420918000.0,165121294014.0
llama3-8b_conv300,916,17420918000.0,165264322190.0
llama3-8b_conv300,917,17420918000.0,165407350366.0
llama3-8b_conv300,918,17420918000.0,165550378542.0
llama3-8b_conv300,919,17420918000.0,165693406718.0
llama3-8b_conv300,920,17420918000.0,165836434894.0
llama3-8b_conv300,921,17420918000.0,165979463070.0
llama3-8b_conv300,922,17420918000.0,166122491246.0
llama3-8b_conv300,923,17420918000.0,166265519422.0
llama3-8b_conv300,924,17420918000.0,166408547598.0
llama3-8b_conv300,925,17420918000.0,166551575774.0
llama3-8b_conv300,926,17420918000.0,166694603950.0
llama3-8b_conv300,927,17792938000.0,166941563931.0
llama3-8b_conv300,928,17792938000.0,167091246315.0
llama3-8b_conv300,929,17792938000.0,167240928699.0
llama3-8b_conv300,930,17792938000.0,167390611083.0
llama3-8b_conv300,931,17792938000.0,167540293467.0
llama3-8b_conv300,932,17792938000.0,167689975851.0
llama3-8b_conv300,933,17792938000.0,167839658235.0
llama3-8b_conv300,934,17792938000.0,167989340619.0
llama3-8b_conv300,935,17792938000.0,168139023003.0
llama3-8b_conv300,936,17792938000.0,168288705387.0
llama3-8b_conv300,937,17792938000.0,168438387771.0
llama3-8b_conv300,938,17792938000.0,168588070155.0
llama3-8b_conv300,939,17792938000.0,168737752539.0
llama3-8b_conv300,940,17792938000.0,168887434923.0
llama3-8b_conv300,941,17792938000.0,169037117307.0
llama3-8b_conv300,942,17792938000.0,169186799691.0
llama3-8b_conv300,943,17792938000.0,169336482075.0
llama3-8b_conv300,944,17792938000.0,169486164459.0
llama3-8b_conv300,945,17792938000.0,169635846843.0
llama3-8b_conv300,946,17792938000.0,169785529227.0
llama3-8b_conv300,947,17792938000.0,169935211611.0
llama3-8b_conv300,948,17792938000.0,170084893995.0
llama3-8b_conv300,949,17792938000.0,170234576379.0
llama3-8b_conv300,950,17792938000.0,170384258763.0
llama3-8b_conv300,951,17792938000.0,170533941147.0
llama3-8b_conv300,952,17792938000.0,170683623531.0
llama3-8b_conv300,953,17792938000.0,170833305915.0
llama3-8b_conv300,954,17792938000.0,170982988299.0
llama3-8b_conv300,955,17792938000.0,171132670683.0
llama3-8b_conv300,956,17792938000.0,171282353067.0
llama3-8b_conv300,957,17792938000.0,171432035451.0
llama3-8b_conv300,958,17792938000.0,171581717835.0
llama3-8b_conv300,959,18160513000.0,171726908948.0
llama3-8b_conv300,960,18160513000.0,171877279716.0
llama3-8b_conv300,961,18160513000.0,172027652532.0
llama3-8b_conv300,962,18160513000.0,172178025348.0
llama3-8b_conv300,963,18160513000.0,172328398164.0
llama3-8b_conv300,964,18160513000.0,172478770980.0
llama3-8b_conv300,965,18160513000.0,172629143796.0
llama3-8b_conv300,966,18160513000.0,172779516612.0
llama3-8b_conv300,967,18160513000.0,172929889428.0
llama3-8b_conv300,968,18160513000.0,173080262244.0
llama3-8b_conv300,969,18160513000.0,173230635060.0
llama3-8b_conv300,970,18160513000.0,173381007876.0
llama3-8b_conv300,971,18160513000.0,173531380692.0
llama3-8b_conv300,972,18160513000.0,173681753508.0
llama3-8b_conv300,973,18160513000.0,173832126324.0
llama3-8b_conv300,974,18160513000.0,173982499140.0
llama3-8b_conv300,975,18160513000.0,174132871956.0
llama3-8b_conv300,976,18160513000.0,174283244772.0
llama3-8b_conv300,977,18160513000.0,174433617588.0
llama3-8b_conv300,978,18160513000.0,174583990404.0
llama3-8b_conv300,979,18160513000.0,174734363220.0
llama3-8b_conv300,980,18160513000.0,174884779556.0
llama3-8b_conv300,981,18160513000.0,175035195892.0
llama3-8b_conv300,982,18160513000.0,175185612228.0
llama3-8b_conv300,983,18160513000.0,175336028564.0
llama3-8b_conv300,984,18160513000.0,175486444900.0
llama3-8b_conv300,985,18160513000.0,175636861236.0
llama3-8b_conv300,986,18463892000.0,175916479065.0
llama3-8b_conv300,987,18463892000.0,176109207849.0
llama3-8b_conv300,988,18463892000.0,176301936633.0
llama3-8b_conv300,989,18463892000.0,176494665417.0
llama3-8b_conv300,990,18463892000.0,176687394201.0
llama3-8b_conv300,991,18463892000.0,176880122985.0
llama3-8b_conv300,992,18463892000.0,177072851769.0
llama3-8b_conv300,993,18463892000.0,177265580553.0
llama3-8b_conv300,994,18463892000.0,177458309337.0
llama3-8b_conv300,995,18463892000.0,177651038121.0
llama3-8b_conv300,996,18463892000.0,177843766905.0
llama3-8b_conv300,997,18463892000.0,178036495689.0
llama3-8b_conv300,998,18463892000.0,178229224473.0
llama3-8b_conv300,999,18463892000.0,178421953257.0
llama3-8b_conv300,1000,18463892000.0,178614682041.0
llama3-8b_conv300,1001,18463892000.0,178807410825.0
llama3-8b_conv300,1002,18463892000.0,179000139609.0
llama3-8b_conv300,1003,18463892000.0,179192868393.0
llama3-8b_conv300,1004,18463892000.0,179385597177.0
llama3-8b_conv300,1005,18463892000.0,179578325961.0
llama3-8b_conv300,1006,18463892000.0,179771054745.0
llama3-8b_conv300,1007,18463892000.0,179963783529.0
llama3-8b_conv300,1008,18463892000.0,180156512313.0
llama3-8b_conv300,1009,18463892000.0,180349241097.0
llama3-8b_conv300,1010,18463892000.0,180541969881.0
llama3-8b_conv300,1011,18463892000.0,180734698665.0
llama3-8b_conv300,1012,18463892000.0,180927427449.0
llama3-8b_conv300,1013,18463892000.0,181120156233.0
llama3-8b_conv300,1014,18463892000.0,181312885017.0
llama3-8b_conv300,1015,18463892000.0,181505613801.0
llama3-8b_conv300,1016,18463892000.0,181698358457.0
llama3-8b_conv300,1017,18463892000.0,181891103113.0
llama3-8b_conv300,1018,18463892000.0,182083847769.0
llama3-8b_conv300,1019,18463892000.0,182276592425.0
llama3-8b_conv300,1020,18463892000.0,182469337081.0
llama3-8b_conv300,1021,18463892000.0,182662081737.0
llama3-8b_conv300,1022,18463892000.0,182854826393.0
llama3-8b_conv300,1023,18463892000.0,183047571049.0
llama3-8b_conv300,1024,18463892000.0,183240315705.0
llama3-8b_conv300,1025,18463892000.0,183433060361.0
llama3-8b_conv300,1026,18463892000.0,183625805017.0
llama3-8b_conv300,1027,18463892000.0,183818549673.0
llama3-8b_conv300,1028,18463892000.0,184011294329.0
llama3-8b_conv300,1029,18463892000.0,184204038985.0
llama3-8b_conv300,1030,18979439000.0,184562791182.0
llama3-8b_conv300,1031,18979439000.0,184971858643.0
llama3-8b_conv300,1032,18979439000.0,185521943192.0
llama3-8b_conv300,1033,18979439000.0,186098319965.0
llama3-8b_conv300,1034,18979439000.0,186809946658.0
llama3-8b_conv300,1035,18979439000.0,187058700786.0
llama3-8b_conv300,1036,18979439000.0,187252111298.0
llama3-8b_conv300,1037,18979439000.0,187445521810.0
llama3-8b_conv300,1038,18979439000.0,187638932322.0
llama3-8b_conv300,1039,18979439000.0,187832342834.0
llama3-8b_conv300,1040,18979439000.0,188025753346.0
llama3-8b_conv300,1041,18979439000.0,188219163858.0
llama3-8b_conv300,1042,18979439000.0,188412574370.0
llama3-8b_conv300,1043,18979439000.0,188605984882.0
llama3-8b_conv300,1044,18979439000.0,188799395394.0
llama3-8b_conv300,1045,18979439000.0,188992805906.0
llama3-8b_conv300,1046,18979439000.0,189186216418.0
llama3-8b_conv300,1047,18979439000.0,189379642802.0
llama3-8b_conv300,1048,18979439000.0,189573069186.0
llama3-8b_conv300,1049,18979439000.0,189766495570.0
llama3-8b_conv300,1050,18979439000.0,189959921954.0
llama3-8b_conv300,1051,18979439000.0,190153348338.0
llama3-8b_conv300,1052,18979439000.0,190346774722.0
llama3-8b_conv300,1053,18979439000.0,190540201106.0
llama3-8b_conv300,1054,18979439000.0,190733627490.0
llama3-8b_conv300,1055,18979439000.0,190927053874.0
llama3-8b_conv300,1056,18979439000.0,191120480258.0
llama3-8b_conv300,1057,18979439000.0,191313906642.0
llama3-8b_conv300,1058,18979439000.0,191507333026.0
llama3-8b_conv300,1059,18979439000.0,191700759410.0
llama3-8b_conv300,1060,18979439000.0,191894185794.0
llama3-8b_conv300,1061,18979439000.0,192087612178.0
llama3-8b_conv300,1062,18979439000.0,192281038562.0
llama3-8b_conv300,1063,18979439000.0,192474464946.0
llama3-8b_conv300,1064,18979439000.0,192667891330.0
llama3-8b_conv300,1065,18979439000.0,192861317714.0
llama3-8b_conv300,1066,18979439000.0,193054744098.0
llama3-8b_conv300,1067,18979439000.0,193248170482.0
llama3-8b_conv300,1068,18979439000.0,193441596866.0
llama3-8b_conv300,1069,18979439000.0,193635023250.0
llama3-8b_conv300,1070,18979439000.0,193828449634.0
llama3-8b_conv300,1071,18979439000.0,194021876018.0
llama3-8b_conv300,1072,18979439000.0,194215302402.0
llama3-8b_conv300,1073,18979439000.0,194408316882.0
llama3-8b_conv300,1074,18979439000.0,194559034786.0
llama3-8b_conv300,1075,18979439000.0,194709752690.0
llama3-8b_conv300,1076,18979439000.0,194860470594.0
llama3-8b_conv300,1077,18979439000.0,195011188498.0
llama3-8b_conv300,1078,18979439000.0,195161906402.0
llama3-8b_conv300,1079,18979439000.0,195312624306.0
llama3-8b_conv300,1080,18979439000.0,195463342210.0
llama3-8b_conv300,1081,18979439000.0,195614060114.0
llama3-8b_conv300,1082,18979439000.0,195763742498.0
llama3-8b_conv300,1083,18979439000.0,195913424882.0
llama3-8b_conv300,1084,18979439000.0,196063107266.0
llama3-8b_conv300,1085,18979439000.0,196212789650.0
llama3-8b_conv300,1086,18979439000.0,196362472034.0
llama3-8b_conv300,1087,18979439000.0,196512154418.0
llama3-8b_conv300,1088,18979439000.0,196661836802.0
llama3-8b_conv300,1089,18979439000.0,196811562706.0
llama3-8b_conv300,1090,18979439000.0,196961288610.0
llama3-8b_conv300,1091,18979439000.0,197111014514.0
llama3-8b_conv300,1092,18979439000.0,197260740418.0
llama3-8b_conv300,1093,18979439000.0,197410466322.0
llama3-8b_conv300,1094,18979439000.0,197560192226.0
llama3-8b_conv300,1095,18979439000.0,197709918130.0
llama3-8b_conv300,1096,18979439000.0,197859644034.0
llama3-8b_conv300,1097,18979439000.0,198009369938.0
llama3-8b_conv300,1098,19913927000.0,198068649871.0
llama3-8b_conv300,1099,19913927000.0,198219064159.0
llama3-8b_conv300,1100,19913927000.0,198369478447.0
llama3-8b_conv300,1101,19945197000.0,198730998065.0
llama3-8b_conv300,1102,19945197000.0,199145851699.0
llama3-8b_conv300,1103,19945197000.0,199701857589.0
llama3-8b_conv300,1104,19945197000.0,200290189111.0
llama3-8b_conv300,1105,19945197000.0,201014036793.0
llama3-8b_conv300,1106,19945197000.0,201884672827.0
llama3-8b_conv300,1107,19945197000.0,202757393725.0
llama3-8b_conv300,1108,19945197000.0,203584621193.0
llama3-8b_conv300,1109,19945197000.0,203777792345.0
llama3-8b_conv300,1110,19945197000.0,203970963497.0
llama3-8b_conv300,1111,19945197000.0,204164134649.0
llama3-8b_conv300,1112,19945197000.0,204357305801.0
llama3-8b_conv300,1113,19945197000.0,204550476953.0
llama3-8b_conv300,1114,19945197000.0,204701397097.0
llama3-8b_conv300,1115,19945197000.0,204852317241.0
llama3-8b_conv300,1116,19945197000.0,205003237385.0
llama3-8b_conv300,1117,19945197000.0,205154157529.0
llama3-8b_conv300,1118,19945197000.0,205305077673.0
llama3-8b_conv300,1119,19945197000.0,205455997817.0
llama3-8b_conv300,1120,19945197000.0,205606917961.0
llama3-8b_conv300,1121,19945197000.0,205757838105.0
llama3-8b_conv300,1122,19945197000.0,205908758249.0
llama3-8b_conv300,1123,19945197000.0,206059678393.0
llama3-8b_conv300,1124,20478941000.0,206179988157.0
llama3-8b_conv300,1125,20478941000.0,206373161357.0
llama3-8b_conv300,1126,20478941000.0,206566334557.0
llama3-8b_conv300,1127,20478941000.0,206759507757.0
llama3-8b_conv300,1128,20478941000.0,206952680957.0
llama3-8b_conv300,1129,20478941000.0,207145854157.0
llama3-8b_conv300,1130,20478941000.0,207339027357.0
llama3-8b_conv300,1131,20478941000.0,207532200557.0
llama3-8b_conv300,1132,20478941000.0,207725373757.0
llama3-8b_conv300,1133,20478941000.0,207918546957.0
llama3-8b_conv300,1134,20478941000.0,208111720157.0
llama3-8b_conv300,1135,20478941000.0,208304893357.0
llama3-8b_conv300,1136,20478941000.0,208498066557.0
llama3-8b_conv300,1137,20478941000.0,208691239757.0
llama3-8b_conv300,1138,20478941000.0,208884412957.0
llama3-8b_conv300,1139,20658353000.0,212492809477.0
llama3-8b_conv300,1140,20658353000.0,212686335189.0
llama3-8b_conv300,1141,20658353000.0,212879860901.0
llama3-8b_conv300,1142,20658353000.0,213073386613.0
llama3-8b_conv300,1143,20658353000.0,213266912325.0
llama3-8b_conv300,1144,20658353000.0,213460438037.0
llama3-8b_conv300,1145,20658353000.0,213653963749.0
llama3-8b_conv300,1146,20658353000.0,213847489461.0
llama3-8b_conv300,1147,20658353000.0,214041015173.0
llama3-8b_conv300,1148,20658353000.0,214234540885.0
llama3-8b_conv300,1149,20658353000.0,214428066597.0
llama3-8b_conv300,1150,20658353000.0,214621592309.0
llama3-8b_conv300,1151,20658353000.0,214814436293.0
llama3-8b_conv300,1152,20658353000.0,215007280277.0
llama3-8b_conv300,1153,20658353000.0,215157827685.0
llama3-8b_conv300,1154,20658353000.0,215308375093.0
llama3-8b_conv300,1155,20658353000.0,215458922501.0
llama3-8b_conv300,1156,20658353000.0,215609469909.0
llama3-8b_conv300,1157,20658353000.0,215760017317.0
llama3-8b_conv300,1158,20658353000.0,215910564725.0
llama3-8b_conv300,1159,20658353000.0,216061112133.0
llama3-8b_conv300,1160,20658353000.0,216211659541.0
llama3-8b_conv300,1161,20658353000.0,216362206949.0
llama3-8b_conv300,1162,20658353000.0,216512754357.0
llama3-8b_conv300,1163,20941916000.0,216600208453.0
llama3-8b_conv300,1164,20941916000.0,216793006869.0
llama3-8b_conv300,1165,20941916000.0,216985805285.0
llama3-8b_conv300,1166,20941916000.0,217178603701.0
llama3-8b_conv300,1167,20941916000.0,217371402117.0
llama3-8b_conv300,1168,20941916000.0,217564200533.0
llama3-8b_conv300,1169,20941916000.0,217756998949.0
llama3-8b_conv300,1170,20941916000.0,217949797365.0
llama3-8b_conv300,1171,20941916000.0,218142595781.0
llama3-8b_conv300,1172,20941916000.0,218335394197.0
llama3-8b_conv300,1173,20941916000.0,218528192613.0
llama3-8b_conv300,1174,20941916000.0,218720991029.0
llama3-8b_conv300,1175,20941916000.0,218913789445.0
llama3-8b_conv300,1176,20941916000.0,219106587861.0
llama3-8b_conv300,1177,20941916000.0,219299386277.0
llama3-8b_conv300,1178,20941916000.0,219492184693.0
llama3-8b_conv300,1179,20941916000.0,219684983109.0
llama3-8b_conv300,1180,20941916000.0,219877781525.0
llama3-8b_conv300,1181,20941916000.0,220070579941.0
llama3-8b_conv300,1182,20941916000.0,220220621493.0
llama3-8b_conv300,1183,20941916000.0,220370663045.0
llama3-8b_conv300,1184,20941916000.0,220520704597.0
llama3-8b_conv300,1185,20941916000.0,220670746149.0
llama3-8b_conv300,1186,20941916000.0,220820787701.0
llama3-8b_conv300,1187,20941916000.0,220970829253.0
llama3-8b_conv300,1188,20941916000.0,221120870805.0
llama3-8b_conv300,1189,20941916000.0,221270912357.0
llama3-8b_conv300,1190,20941916000.0,221420953909.0
llama3-8b_conv300,1191,20941916000.0,221570995461.0
llama3-8b_conv300,1192,20941916000.0,221721037013.0
llama3-8b_conv300,1193,20941916000.0,221871078565.0
llama3-8b_conv300,1194,20941916000.0,222021120117.0
llama3-8b_conv300,1195,20941916000.0,222171161669.0
llama3-8b_conv300,1196,20941916000.0,222321203221.0
llama3-8b_conv300,1197,20941916000.0,222471244773.0
llama3-8b_conv300,1198,20941916000.0,222621286325.0
llama3-8b_conv300,1199,20941916000.0,222771371397.0
llama3-8b_conv300,1200,20941916000.0,222921456469.0
llama3-8b_conv300,1201,20941916000.0,223071541541.0
llama3-8b_conv300,1202,21370065000.0,223321081706.0
llama3-8b_conv300,1203,21375087000.0,223605173738.0
llama3-8b_conv300,1204,21375087000.0,223797967290.0
llama3-8b_conv300,1205,21375087000.0,223990760842.0
llama3-8b_conv300,1206,21375087000.0,224183554394.0
llama3-8b_conv300,1207,21375087000.0,224376347946.0
llama3-8b_conv300,1208,21375087000.0,224569141498.0
llama3-8b_conv300,1209,21375087000.0,224761935050.0
llama3-8b_conv300,1210,21375087000.0,224954728602.0
llama3-8b_conv300,1211,21375087000.0,225147522154.0
llama3-8b_conv300,1212,21375087000.0,225340315706.0
llama3-8b_conv300,1213,21375087000.0,225533109258.0
llama3-8b_conv300,1214,21375087000.0,225725902810.0
llama3-8b_conv300,1215,21375087000.0,225918696362.0
llama3-8b_conv300,1216,21375087000.0,226111489914.0
llama3-8b_conv300,1217,21375087000.0,226304283466.0
llama3-8b_conv300,1218,21375087000.0,226497077018.0
llama3-8b_conv300,1219,21375087000.0,226689870570.0
llama3-8b_conv300,1220,21375087000.0,226882664122.0
llama3-8b_conv300,1221,21375087000.0,227075457674.0
llama3-8b_conv300,1222,21375087000.0,227268251226.0
llama3-8b_conv300,1223,21375087000.0,227461044778.0
llama3-8b_conv300,1224,21375087000.0,227653838330.0
llama3-8b_conv300,1225,21375087000.0,227846631882.0
llama3-8b_conv300,1226,21375087000.0,228039425434.0
llama3-8b_conv300,1227,21375087000.0,228232218986.0
llama3-8b_conv300,1228,21375087000.0,228425012538.0
llama3-8b_conv300,1229,21375087000.0,228617806090.0
llama3-8b_conv300,1230,21375087000.0,228810599642.0
llama3-8b_conv300,1231,21375087000.0,229003393194.0
llama3-8b_conv300,1232,21375087000.0,229196186746.0
llama3-8b_conv300,1233,21375087000.0,229388980298.0
llama3-8b_conv300,1234,21375087000.0,229581773850.0
llama3-8b_conv300,1235,21375087000.0,229774567402.0
llama3-8b_conv300,1236,21375087000.0,229967360954.0
llama3-8b_conv300,1237,21375087000.0,230160154506.0
llama3-8b_conv300,1238,21375087000.0,230352948058.0
llama3-8b_conv300,1239,21375087000.0,230545741610.0
llama3-8b_conv300,1240,21375087000.0,230738535162.0
llama3-8b_conv300,1241,21375087000.0,230931328714.0
llama3-8b_conv300,1242,21375087000.0,231124122266.0
llama3-8b_conv300,1243,21375087000.0,231316915818.0
llama3-8b_conv300,1244,21375087000.0,231509709370.0
llama3-8b_conv300,1245,21375087000.0,231702502922.0
llama3-8b_conv300,1246,21375087000.0,231895296474.0
llama3-8b_conv300,1247,21375087000.0,232087693994.0
llama3-8b_conv300,1248,21375087000.0,232280091514.0
llama3-8b_conv300,1249,21375087000.0,232472489034.0
llama3-8b_conv300,1250,21375087000.0,232664886554.0
llama3-8b_conv300,1251,21375087000.0,232857284074.0
llama3-8b_conv300,1252,21375087000.0,233049681594.0
llama3-8b_conv300,1253,21375087000.0,233242079114.0
llama3-8b_conv300,1254,21375087000.0,233434476634.0
llama3-8b_conv300,1255,21375087000.0,233626917674.0
llama3-8b_conv300,1256,21375087000.0,233819358714.0
llama3-8b_conv300,1257,21375087000.0,234011799754.0
llama3-8b_conv300,1258,21375087000.0,234204240794.0
llama3-8b_conv300,1259,21375087000.0,234396681834.0
llama3-8b_conv300,1260,21375087000.0,234589122874.0
llama3-8b_conv300,1261,21375087000.0,234781563914.0
llama3-8b_conv300,1262,21375087000.0,234974004954.0
llama3-8b_conv300,1263,21375087000.0,235166445994.0
llama3-8b_conv300,1264,21375087000.0,235358889082.0
llama3-8b_conv300,1265,21375087000.0,235551332170.0
llama3-8b_conv300,1266,21375087000.0,235743775258.0
llama3-8b_conv300,1267,21375087000.0,235936218346.0
llama3-8b_conv300,1268,21375087000.0,236128661434.0
llama3-8b_conv300,1269,21375087000.0,236321104522.0
llama3-8b_conv300,1270,21375087000.0,236513547610.0
llama3-8b_conv300,1271,21375087000.0,236705990698.0
llama3-8b_conv300,1272,21375087000.0,236898433786.0
llama3-8b_conv300,1273,21375087000.0,237090876874.0
llama3-8b_conv300,1274,21375087000.0,237283319962.0
llama3-8b_conv300,1275,21375087000.0,237475763050.0
llama3-8b_conv300,1276,21375087000.0,237668206138.0
llama3-8b_conv300,1277,21375087000.0,237860649226.0
llama3-8b_conv300,1278,21375087000.0,238053092314.0
llama3-8b_conv300,1279,21375087000.0,238245535402.0
llama3-8b_conv300,1280,21375087000.0,238437978490.0
llama3-8b_conv300,1281,21375087000.0,238630421578.0
llama3-8b_conv300,1282,21375087000.0,238822864666.0
llama3-8b_conv300,1283,21375087000.0,239015307754.0
llama3-8b_conv300,1284,21370065000.0,239165438394.0
llama3-8b_conv300,1285,21370065000.0,239315569034.0
llama3-8b_conv300,1286,21370065000.0,239465699674.0
llama3-8b_conv300,1287,21370065000.0,239615830314.0
llama3-8b_conv300,1288,21370065000.0,239765960954.0
llama3-8b_conv300,1289,21370065000.0,239916091594.0
llama3-8b_conv300,1290,21370065000.0,240066222234.0
llama3-8b_conv300,1291,21370065000.0,240216352874.0
llama3-8b_conv300,1292,21370065000.0,240366483514.0
llama3-8b_conv300,1293,21370065000.0,240516614154.0
llama3-8b_conv300,1294,21370065000.0,240666744794.0
llama3-8b_conv300,1295,21370065000.0,240816875434.0
llama3-8b_conv300,1296,21370065000.0,240967006074.0
llama3-8b_conv300,1297,21370065000.0,241117136714.0
llama3-8b_conv300,1298,21370065000.0,241267267354.0
llama3-8b_conv300,1299,21370065000.0,241417397994.0
llama3-8b_conv300,1300,21370065000.0,241567528634.0
llama3-8b_conv300,1301,21370065000.0,241717659274.0
llama3-8b_conv300,1302,21370065000.0,241867789914.0
llama3-8b_conv300,1303,21370065000.0,242017920554.0
llama3-8b_conv300,1304,21370065000.0,242168051194.0
llama3-8b_conv300,1305,21370065000.0,242318181834.0
llama3-8b_conv300,1306,21370065000.0,242468312474.0
llama3-8b_conv300,1307,21370065000.0,242618443114.0
llama3-8b_conv300,1308,21370065000.0,242768573754.0
llama3-8b_conv300,1309,21370065000.0,242918704394.0
llama3-8b_conv300,1310,21370065000.0,243068835034.0
llama3-8b_conv300,1311,21370065000.0,243218965674.0
llama3-8b_conv300,1312,21370065000.0,243369096314.0
llama3-8b_conv300,1313,21370065000.0,243519226954.0
llama3-8b_conv300,1314,21370065000.0,243669357594.0
llama3-8b_conv300,1315,21370065000.0,243819488234.0
llama3-8b_conv300,1316,21370065000.0,243969618874.0
llama3-8b_conv300,1317,21370065000.0,244119749514.0
llama3-8b_conv300,1318,21370065000.0,244269880154.0
llama3-8b_conv300,1319,21370065000.0,244420010794.0
llama3-8b_conv300,1320,21370065000.0,244570141434.0
llama3-8b_conv300,1321,21370065000.0,244720272074.0
llama3-8b_conv300,1322,21370065000.0,244870402714.0
llama3-8b_conv300,1323,21370065000.0,245020533354.0
llama3-8b_conv300,1324,22712872000.0,245167231609.0
llama3-8b_conv300,1325,22712872000.0,245359613257.0
llama3-8b_conv300,1326,22712872000.0,245551996953.0
llama3-8b_conv300,1327,22712872000.0,245744380649.0
llama3-8b_conv300,1328,22712872000.0,245936764345.0
llama3-8b_conv300,1329,22712872000.0,246129148041.0
llama3-8b_conv300,1330,22712872000.0,246321531737.0
llama3-8b_conv300,1331,22712872000.0,246513915433.0
llama3-8b_conv300,1332,22712872000.0,246706315001.0
llama3-8b_conv300,1333,22712872000.0,246898714569.0
llama3-8b_conv300,1334,22712872000.0,247091114137.0
llama3-8b_conv300,1335,22712872000.0,247283513705.0
llama3-8b_conv300,1336,22712872000.0,247475913273.0
llama3-8b_conv300,1337,22712872000.0,247668312841.0
llama3-8b_conv300,1338,22712872000.0,247860712409.0
llama3-8b_conv300,1339,22712872000.0,248053111977.0
llama3-8b_conv300,1340,22712872000.0,248245511545.0
llama3-8b_conv300,1341,22712872000.0,248437911113.0
llama3-8b_conv300,1342,22712872000.0,248630310681.0
llama3-8b_conv300,1343,22712872000.0,248822710249.0
llama3-8b_conv300,1344,22712872000.0,249015109817.0
llama3-8b_conv300,1345,22712872000.0,249207509385.0
llama3-8b_conv300,1346,22712872000.0,249357655897.0
llama3-8b_conv300,1347,22712872000.0,249507802409.0
llama3-8b_conv300,1348,22712872000.0,249657948921.0
llama3-8b_conv300,1349,22994856000.0,249984434770.0
llama3-8b_conv300,1350,22994856000.0,250176834338.0
llama3-8b_conv300,1351,22994856000.0,250369233906.0
llama3-8b_conv300,1352,22994856000.0,250561633474.0
llama3-8b_conv300,1353,22994856000.0,250754033042.0
llama3-8b_conv300,1354,22994856000.0,250946432610.0
llama3-8b_conv300,1355,22994856000.0,251138832178.0
llama3-8b_conv300,1356,22994856000.0,251288919298.0
llama3-8b_conv300,1357,22994856000.0,251439006418.0
llama3-8b_conv300,1358,22994856000.0,251589093538.0
llama3-8b_conv300,1359,22994856000.0,251739180658.0
llama3-8b_conv300,1360,22994856000.0,251889267778.0
llama3-8b_conv300,1361,22994856000.0,252039354898.0
llama3-8b_conv300,1362,22994856000.0,252189442018.0
llama3-8b_conv300,1363,22994856000.0,252339529138.0
llama3-8b_conv300,1364,22994856000.0,252489616258.0
llama3-8b_conv300,1365,22994856000.0,252639703378.0
llama3-8b_conv300,1366,22994856000.0,252789790498.0
llama3-8b_conv300,1367,22994856000.0,252939877618.0
llama3-8b_conv300,1368,22994856000.0,253089964738.0
llama3-8b_conv300,1369,22994856000.0,253240051858.0
llama3-8b_conv300,1370,22994856000.0,253390138978.0
llama3-8b_conv300,1371,22994856000.0,253540226098.0
llama3-8b_conv300,1372,22994856000.0,253690313218.0
llama3-8b_conv300,1373,22994856000.0,253840400338.0
llama3-8b_conv300,1374,22994856000.0,253990487458.0
llama3-8b_conv300,1375,22994856000.0,254140574578.0
llama3-8b_conv300,1376,22994856000.0,254290661698.0
llama3-8b_conv300,1377,22994856000.0,254440748818.0
llama3-8b_conv300,1378,22994856000.0,254590835938.0
llama3-8b_conv300,1379,22994856000.0,254740923058.0
llama3-8b_conv300,1380,22994856000.0,254891010178.0
llama3-8b_conv300,1381,22994856000.0,255041097298.0
llama3-8b_conv300,1382,22994856000.0,255191184418.0
llama3-8b_conv300,1383,23371403000.0,255517626747.0
llama3-8b_conv300,1384,23371403000.0,255709982795.0
llama3-8b_conv300,1385,23371403000.0,255902338843.0
llama3-8b_conv300,1386,23371403000.0,256094694891.0
llama3-8b_conv300,1387,23371403000.0,256287050939.0
llama3-8b_conv300,1388,23371403000.0,256479406987.0
llama3-8b_conv300,1389,23371403000.0,256671763035.0
llama3-8b_conv300,1390,23371403000.0,256864119083.0
llama3-8b_conv300,1391,23371403000.0,257056475131.0
llama3-8b_conv300,1392,23371403000.0,257248831179.0
llama3-8b_conv300,1393,23371403000.0,257441187227.0
llama3-8b_conv300,1394,23371403000.0,257633543275.0
llama3-8b_conv300,1395,23371403000.0,257825899323.0
llama3-8b_conv300,1396,23371403000.0,258018298891.0
llama3-8b_conv300,1397,23371403000.0,258210698459.0
llama3-8b_conv300,1398,23371403000.0,258403098027.0
llama3-8b_conv300,1399,23371403000.0,258595497595.0
llama3-8b_conv300,1400,23371403000.0,258787897163.0
llama3-8b_conv300,1401,23371403000.0,258980296731.0
llama3-8b_conv300,1402,23371403000.0,259172696299.0
llama3-8b_conv300,1403,23371403000.0,259365095867.0
llama3-8b_conv300,1404,23371403000.0,259557495435.0
llama3-8b_conv300,1405,23371403000.0,259749895003.0
llama3-8b_conv300,1406,23371403000.0,259942294571.0
llama3-8b_conv300,1407,23371403000.0,260134694139.0
llama3-8b_conv300,1408,23371403000.0,260327093707.0
llama3-8b_conv300,1409,23371403000.0,260519493275.0
llama3-8b_conv300,1410,23371403000.0,260711892843.0
llama3-8b_conv300,1411,23371403000.0,260904292411.0
llama3-8b_conv300,1412,23371403000.0,261096691979.0
llama3-8b_conv300,1413,23371403000.0,261289091547.0
llama3-8b_conv300,1414,23371403000.0,261481491115.0
llama3-8b_conv300,1415,23371403000.0,261673890683.0
llama3-8b_conv300,1416,23371403000.0,261866290251.0
llama3-8b_conv300,1417,23371403000.0,262058689819.0
llama3-8b_conv300,1418,23371403000.0,262251089387.0
llama3-8b_conv300,1419,23371403000.0,262401176507.0
llama3-8b_conv300,1420,23371403000.0,262551263627.0
llama3-8b_conv300,1421,23371403000.0,262701350747.0
llama3-8b_conv300,1422,23371403000.0,262851437867.0
llama3-8b_conv300,1423,23371403000.0,263001524987.0
llama3-8b_conv300,1424,23371403000.0,263151612107.0
llama3-8b_conv300,1425,23371403000.0,263301699227.0
llama3-8b_conv300,1426,23371403000.0,263451786347.0
llama3-8b_conv300,1427,23371403000.0,263601873467.0
llama3-8b_conv300,1428,23371403000.0,263751960587.0
llama3-8b_conv300,1429,23371403000.0,263902047707.0
llama3-8b_conv300,1430,23371403000.0,264052178347.0
llama3-8b_conv300,1431,23371403000.0,264202308987.0
llama3-8b_conv300,1432,23371403000.0,264352439627.0
llama3-8b_conv300,1433,23371403000.0,264502570267.0
llama3-8b_conv300,1434,23371403000.0,264652700907.0
llama3-8b_conv300,1435,23371403000.0,264802831547.0
llama3-8b_conv300,1436,23371403000.0,264952962187.0
llama3-8b_conv300,1437,23371403000.0,265103092827.0
llama3-8b_conv300,1438,23371403000.0,265253223467.0
llama3-8b_conv300,1439,23371403000.0,265403354107.0
llama3-8b_conv300,1440,23371403000.0,265553484747.0
llama3-8b_conv300,1441,23371403000.0,265703615387.0
llama3-8b_conv300,1442,23371403000.0,265853746027.0
llama3-8b_conv300,1443,23371403000.0,266003876667.0
llama3-8b_conv300,1444,23371403000.0,266154007307.0
llama3-8b_conv300,1445,23371403000.0,266304137947.0
llama3-8b_conv300,1446,23371403000.0,266454268587.0
llama3-8b_conv300,1447,23371403000.0,266604399227.0
llama3-8b_conv300,1448,23371403000.0,266754529867.0
llama3-8b_conv300,1449,23371403000.0,266904660507.0
llama3-8b_conv300,1450,23371403000.0,267054791147.0
llama3-8b_conv300,1451,23371403000.0,267204921787.0
llama3-8b_conv300,1452,23371403000.0,267355052427.0
llama3-8b_conv300,1453,23371403000.0,267505183067.0
llama3-8b_conv300,1454,24146296000.0,267593315531.0
llama3-8b_conv300,1455,24146296000.0,267785740699.0
llama3-8b_conv300,1456,24146296000.0,267978165867.0
llama3-8b_conv300,1457,24146296000.0,268170591035.0
llama3-8b_conv300,1458,24146296000.0,268363016203.0
llama3-8b_conv300,1459,24146296000.0,268555441371.0
llama3-8b_conv300,1460,24146296000.0,268747866539.0
llama3-8b_conv300,1461,24146296000.0,268940291707.0
llama3-8b_conv300,1462,24146296000.0,269132716875.0
llama3-8b_conv300,1463,24146296000.0,269325142043.0
llama3-8b_conv300,1464,24146296000.0,269517567211.0
llama3-8b_conv300,1465,24146296000.0,269709992379.0
llama3-8b_conv300,1466,24146296000.0,269902417547.0
llama3-8b_conv300,1467,24146296000.0,270094842715.0
llama3-8b_conv300,1468,24146296000.0,270287267883.0
llama3-8b_conv300,1469,24146296000.0,270479693051.0
llama3-8b_conv300,1470,24146296000.0,270672118219.0
llama3-8b_conv300,1471,24146296000.0,270864543387.0
llama3-8b_conv300,1472,24146296000.0,271056968555.0
llama3-8b_conv300,1473,24146296000.0,271249393723.0
llama3-8b_conv300,1474,24146296000.0,271441818891.0
llama3-8b_conv300,1475,24146296000.0,271634244059.0
llama3-8b_conv300,1476,24146296000.0,271826669227.0
llama3-8b_conv300,1477,24146296000.0,272019094395.0
llama3-8b_conv300,1478,24146296000.0,272211519563.0
llama3-8b_conv300,1479,24146296000.0,272403944731.0
llama3-8b_conv300,1480,24146296000.0,272596369899.0
llama3-8b_conv300,1481,24146296000.0,272788795067.0
llama3-8b_conv300,1482,24146296000.0,272981220235.0
llama3-8b_conv300,1483,24146296000.0,273173645403.0
llama3-8b_conv300,1484,24146296000.0,273366070571.0
llama3-8b_conv300,1485,24146296000.0,273558495739.0
llama3-8b_conv300,1486,24146296000.0,273750920907.0
llama3-8b_conv300,1487,24146296000.0,273943346075.0
llama3-8b_conv300,1488,24146296000.0,274135771243.0
llama3-8b_conv300,1489,24146296000.0,274328196411.0
llama3-8b_conv300,1490,24146296000.0,274520621579.0
llama3-8b_conv300,1491,24146296000.0,274713046747.0
llama3-8b_conv300,1492,24146296000.0,274905471915.0
llama3-8b_conv300,1493,24146296000.0,275097897083.0
llama3-8b_conv300,1494,24146296000.0,275290322251.0
llama3-8b_conv300,1495,24146296000.0,275482747419.0
llama3-8b_conv300,1496,24146296000.0,275632876011.0
llama3-8b_conv300,1497,24146296000.0,275783004603.0
llama3-8b_conv300,1498,24146296000.0,275933133195.0
llama3-8b_conv300,1499,24146296000.0,276083261787.0
llama3-8b_conv300,1500,24146296000.0,276233390379.0
llama3-8b_conv300,1501,24146296000.0,276383518971.0
llama3-8b_conv300,1502,24146296000.0,276533647563.0
llama3-8b_conv300,1503,24146296000.0,276683776155.0
llama3-8b_conv300,1504,24146296000.0,276833904747.0
llama3-8b_conv300,1505,24146296000.0,276984033339.0
llama3-8b_conv300,1506,24146296000.0,277134161931.0
llama3-8b_conv300,1507,24146296000.0,277284290523.0
llama3-8b_conv300,1508,24146296000.0,277434419115.0
llama3-8b_conv300,1509,24146296000.0,277584547707.0
llama3-8b_conv300,1510,24146296000.0,277734676299.0
llama3-8b_conv300,1511,24146296000.0,277884804891.0
llama3-8b_conv300,1512,24768385000.0,278193578022.0
llama3-8b_conv300,1513,24768385000.0,278386019062.0
llama3-8b_conv300,1514,24768385000.0,278578460102.0
llama3-8b_conv300,1515,24768385000.0,278770901142.0
llama3-8b_conv300,1516,24768385000.0,278963342182.0
llama3-8b_conv300,1517,24768385000.0,279155783222.0
llama3-8b_conv300,1518,24768385000.0,279348224262.0
llama3-8b_conv300,1519,24768385000.0,279540665302.0
llama3-8b_conv300,1520,24768385000.0,279733106342.0
llama3-8b_conv300,1521,24894961000.0,279853417493.0
llama3-8b_conv300,1522,24894961000.0,280046211045.0
llama3-8b_conv300,1523,24894961000.0,280239004597.0
llama3-8b_conv300,1524,24894961000.0,280431814021.0
llama3-8b_conv300,1525,24894961000.0,280624623445.0
llama3-8b_conv300,1526,24894961000.0,280817432869.0
llama3-8b_conv300,1527,24894961000.0,281010242293.0
llama3-8b_conv300,1528,24894961000.0,281203051717.0
llama3-8b_conv300,1529,24894961000.0,281395861141.0
llama3-8b_conv300,1530,24894961000.0,281588258661.0
llama3-8b_conv300,1531,24894961000.0,281780656181.0
llama3-8b_conv300,1532,24894961000.0,281973053701.0
llama3-8b_conv300,1533,24894961000.0,282165451221.0
llama3-8b_conv300,1534,24894961000.0,282357848741.0
llama3-8b_conv300,1535,24894961000.0,282550246261.0
llama3-8b_conv300,1536,24894961000.0,282742643781.0
llama3-8b_conv300,1537,24894961000.0,282935041301.0
llama3-8b_conv300,1538,25081422000.0,283185374342.0
llama3-8b_conv300,1539,25081422000.0,283378124374.0
llama3-8b_conv300,1540,25081422000.0,283570874406.0
llama3-8b_conv300,1541,25081422000.0,283763624438.0
llama3-8b_conv300,1542,25081422000.0,283956374470.0
llama3-8b_conv300,1543,25081422000.0,284149124502.0
llama3-8b_conv300,1544,25081422000.0,284341874534.0
llama3-8b_conv300,1545,25081422000.0,284534624566.0
llama3-8b_conv300,1546,25081422000.0,284727374598.0
llama3-8b_conv300,1547,25081422000.0,284920124630.0
llama3-8b_conv300,1548,25081422000.0,285112874662.0
llama3-8b_conv300,1549,25081422000.0,285305624694.0
llama3-8b_conv300,1550,25223379000.0,285499907274.0
llama3-8b_conv300,1551,25223379000.0,285692717004.0
llama3-8b_conv300,1552,25249840000.0,286054509477.0
llama3-8b_conv300,1553,25249840000.0,286534438782.0
llama3-8b_conv300,1554,25249840000.0,287155116887.0
llama3-8b_conv300,1555,25249840000.0,287869908784.0
llama3-8b_conv300,1556,25249840000.0,288719418121.0
llama3-8b_conv300,1557,25249840000.0,289715703522.0
llama3-8b_conv300,1558,25249840000.0,290714077371.0
llama3-8b_conv300,1559,25324254000.0,291609730834.0
llama3-8b_conv300,1560,25324254000.0,291672065178.0
llama3-8b_conv300,1561,25324254000.0,291879545939.0
llama3-8b_conv300,1562,25324254000.0,292087026700.0
llama3-8b_conv300,1563,25324254000.0,292294507461.0
llama3-8b_conv300,1564,25324254000.0,292360763939.0
llama3-8b_conv300,1565,25324254000.0,292427020417.0
llama3-8b_conv300,1566,25324254000.0,292493276895.0
llama3-8b_conv300,1567,25324254000.0,292559533373.0
llama3-8b_conv300,1568,25324254000.0,292625789851.0
llama3-8b_conv300,1569,25324254000.0,292692046329.0
llama3-8b_conv300,1570,25324254000.0,292758302807.0
llama3-8b_conv300,1571,25324254000.0,292824559285.0
llama3-8b_conv300,1572,25324254000.0,292890815763.0
llama3-8b_conv300,1573,25324254000.0,292957072241.0
llama3-8b_conv300,1574,25324254000.0,293023328719.0
llama3-8b_conv300,1575,25324254000.0,293089585197.0
llama3-8b_conv300,1576,25249840000.0,293282857263.0
llama3-8b_conv300,1577,25249840000.0,293476129329.0
llama3-8b_conv300,1578,25249840000.0,293669401395.0
llama3-8b_conv300,1579,25249840000.0,293862673461.0
llama3-8b_conv300,1580,25249840000.0,294055945527.0
llama3-8b_conv300,1581,25249840000.0,294249217593.0
llama3-8b_conv300,1582,25249840000.0,294442489659.0
llama3-8b_conv300,1583,25249840000.0,294635761725.0
llama3-8b_conv300,1584,25249840000.0,294829033791.0
llama3-8b_conv300,1585,25249840000.0,295022305857.0
llama3-8b_conv300,1586,25917107000.0,295384560666.0
llama3-8b_conv300,1587,25917107000.0,295864968179.0
llama3-8b_conv300,1588,25917107000.0,295960134097.0
llama3-8b_conv300,1589,25917107000.0,296026547247.0
llama3-8b_conv300,1590,25917107000.0,296092960397.0
llama3-8b_conv300,1591,25917107000.0,296159417067.0
llama3-8b_conv300,1592,25917107000.0,296225873737.0
llama3-8b_conv300,1593,25917107000.0,296292330407.0
llama3-8b_conv300,1594,25917107000.0,296358787077.0
llama3-8b_conv300,1595,25917107000.0,296425243747.0
llama3-8b_conv300,1596,25917107000.0,296491743937.0
llama3-8b_conv300,1597,25917107000.0,296558244127.0
llama3-8b_conv300,1598,25917107000.0,296624744317.0
llama3-8b_conv300,1599,25917107000.0,296691244507.0
llama3-8b_conv300,1600,25917107000.0,296884682973.0
llama3-8b_conv300,1601,25917107000.0,297078121439.0
llama3-8b_conv300,1602,25917107000.0,297271559905.0
llama3-8b_conv300,1603,25917107000.0,297464998371.0
llama3-8b_conv300,1604,25917107000.0,297658436837.0
llama3-8b_conv300,1605,25917107000.0,297851875303.0
llama3-8b_conv300,1606,25917107000.0,298045357289.0
llama3-8b_conv300,1607,25917107000.0,298238839275.0
llama3-8b_conv300,1608,25917107000.0,298432321261.0
llama3-8b_conv300,1609,25917107000.0,298625803247.0
llama3-8b_conv300,1610,26254478000.0,305845223112.0
llama3-8b_conv300,1611,26254478000.0,305911735078.0
llama3-8b_conv300,1612,26254478000.0,305978262916.0
llama3-8b_conv300,1613,26254478000.0,306044790754.0
llama3-8b_conv300,1614,26254478000.0,306111318592.0
llama3-8b_conv300,1615,26254478000.0,306177846430.0
llama3-8b_conv300,1616,26254478000.0,306244374268.0
llama3-8b_conv300,1617,26254478000.0,306437411838.0
llama3-8b_conv300,1618,26254478000.0,306630449408.0
llama3-8b_conv300,1619,26254478000.0,306823486978.0
llama3-8b_conv300,1620,26254478000.0,307016524548.0
llama3-8b_conv300,1621,26407057000.0,307309010884.0
llama3-8b_conv300,1622,26407057000.0,307375094306.0
llama3-8b_conv300,1623,26461144000.0,309272449680.0
llama3-8b_conv300,1624,26461144000.0,309479697993.0
llama3-8b_conv300,1625,26461144000.0,309545737895.0
llama3-8b_conv300,1626,26461144000.0,309611777797.0
llama3-8b_conv300,1627,26461144000.0,309677817699.0
llama3-8b_conv300,1628,26461144000.0,309743857601.0
llama3-8b_conv300,1629,26461144000.0,309936911043.0
llama3-8b_conv300,1630,26461144000.0,310129964485.0
llama3-8b_conv300,1631,26461144000.0,310323017927.0
llama3-8b_conv300,1632,26461144000.0,310516071369.0
llama3-8b_conv300,1633,26461144000.0,310709124811.0
llama3-8b_conv300,1634,26461144000.0,310902178253.0
llama3-8b_conv300,1635,26461144000.0,311095231695.0
llama3-8b_conv300,1636,26461144000.0,311288285137.0
llama3-8b_conv300,1637,26461144000.0,311481338579.0
llama3-8b_conv300,1638,26461144000.0,311674392021.0
llama3-8b_conv300,1639,26461144000.0,311867445463.0
llama3-8b_conv300,1640,26461144000.0,312060498905.0
llama3-8b_conv300,1641,26461144000.0,312253552347.0
llama3-8b_conv300,1642,26461144000.0,312446605789.0
llama3-8b_conv300,1643,26461144000.0,312639659231.0
llama3-8b_conv300,1644,26461144000.0,312832712673.0
llama3-8b_conv300,1645,26461144000.0,313025766115.0
llama3-8b_conv300,1646,26461144000.0,313218819557.0
llama3-8b_conv300,1647,26461144000.0,313411872999.0
llama3-8b_conv300,1648,26461144000.0,313604926441.0
llama3-8b_conv300,1649,26461144000.0,313797979883.0
llama3-8b_conv300,1650,26461144000.0,313991033325.0
llama3-8b_conv300,1651,26461144000.0,314184086767.0
llama3-8b_conv300,1652,26461144000.0,314377140209.0
llama3-8b_conv300,1653,26461144000.0,314570209523.0
llama3-8b_conv300,1654,26461144000.0,314763278837.0
llama3-8b_conv300,1655,26461144000.0,314956348151.0
llama3-8b_conv300,1656,26461144000.0,315149417465.0
llama3-8b_conv300,1657,26461144000.0,315342486779.0
llama3-8b_conv300,1658,26461144000.0,315535556093.0
llama3-8b_conv300,1659,26461144000.0,315728625407.0
llama3-8b_conv300,1660,26461144000.0,315921694721.0
llama3-8b_conv300,1661,26461144000.0,316114764035.0
llama3-8b_conv300,1662,26461144000.0,316307833349.0
llama3-8b_conv300,1663,26461144000.0,316500902663.0
llama3-8b_conv300,1664,26461144000.0,316693971977.0
llama3-8b_conv300,1665,26461144000.0,316887041291.0
llama3-8b_conv300,1666,26461144000.0,317080110605.0
llama3-8b_conv300,1667,26461144000.0,317273179919.0
llama3-8b_conv300,1668,26461144000.0,317466249233.0
llama3-8b_conv300,1669,26461144000.0,317659318547.0
llama3-8b_conv300,1670,26461144000.0,317852387861.0
llama3-8b_conv300,1671,26461144000.0,318045457175.0
llama3-8b_conv300,1672,26461144000.0,318238526489.0
llama3-8b_conv300,1673,26461144000.0,318431595803.0
llama3-8b_conv300,1674,26461144000.0,318624546027.0
llama3-8b_conv300,1675,26461144000.0,318817496251.0
llama3-8b_conv300,1676,26461144000.0,319010050443.0
llama3-8b_conv300,1677,26461144000.0,319202604635.0
llama3-8b_conv300,1678,26461144000.0,319395158827.0
llama3-8b_conv300,1679,26461144000.0,319587713019.0
llama3-8b_conv300,1680,26461144000.0,319780267211.0
llama3-8b_conv300,1681,26461144000.0,319972821403.0
llama3-8b_conv300,1682,26461144000.0,320165375595.0
llama3-8b_conv300,1683,26461144000.0,320357929787.0
llama3-8b_conv300,1684,26461144000.0,320550483979.0
llama3-8b_conv300,1685,26461144000.0,320743081691.0
llama3-8b_conv300,1686,26461144000.0,320935679403.0
llama3-8b_conv300,1687,26461144000.0,321128277115.0
llama3-8b_conv300,1688,26461144000.0,321320874827.0
llama3-8b_conv300,1689,26461144000.0,321513472539.0
llama3-8b_conv300,1690,26461144000.0,321706070251.0
llama3-8b_conv300,1691,26461144000.0,321898667963.0
llama3-8b_conv300,1692,26461144000.0,322091265675.0
llama3-8b_conv300,1693,26461144000.0,322283863387.0
llama3-8b_conv300,1694,26461144000.0,322476461099.0
llama3-8b_conv300,1695,26461144000.0,322669058811.0
llama3-8b_conv300,1696,26461144000.0,322861656523.0
llama3-8b_conv300,1697,26461144000.0,323054254235.0
llama3-8b_conv300,1698,26461144000.0,323246851947.0
llama3-8b_conv300,1699,26461144000.0,323439449659.0
llama3-8b_conv300,1700,26461144000.0,323632047371.0
llama3-8b_conv300,1701,27330266000.0,323882580604.0
llama3-8b_conv300,1702,27330266000.0,324075530828.0
llama3-8b_conv300,1703,27330266000.0,324268481052.0
llama3-8b_conv300,1704,27330266000.0,324461431276.0
llama3-8b_conv300,1705,27330266000.0,324654381500.0
llama3-8b_conv300,1706,27330266000.0,324847331724.0
llama3-8b_conv300,1707,27330266000.0,325040281948.0
llama3-8b_conv300,1708,27330266000.0,325233232172.0
llama3-8b_conv300,1709,27330266000.0,325426182396.0
llama3-8b_conv300,1710,27330266000.0,325619132620.0
llama3-8b_conv300,1711,27330266000.0,325812082844.0
llama3-8b_conv300,1712,27330266000.0,326005033068.0
llama3-8b_conv300,1713,27330266000.0,326197983292.0
llama3-8b_conv300,1714,27330266000.0,326390933516.0
llama3-8b_conv300,1715,27330266000.0,326583883740.0
llama3-8b_conv300,1716,27330266000.0,326776833964.0
llama3-8b_conv300,1717,27330266000.0,326969784188.0
llama3-8b_conv300,1718,27330266000.0,327162734412.0
llama3-8b_conv300,1719,27330266000.0,327355684636.0
llama3-8b_conv300,1720,27552529000.0,327550167408.0
llama3-8b_conv300,1721,27552529000.0,327743193202.0
llama3-8b_conv300,1722,27552529000.0,327936218996.0
llama3-8b_conv300,1723,27552529000.0,328129109828.0
llama3-8b_conv300,1724,27552529000.0,328322000660.0
llama3-8b_conv300,1725,27552529000.0,328514891492.0
llama3-8b_conv300,1726,27552529000.0,328707782324.0
llama3-8b_conv300,1727,27552529000.0,328900277124.0
llama3-8b_conv300,1728,27552529000.0,329092771924.0
llama3-8b_conv300,1729,27552529000.0,329285266724.0
llama3-8b_conv300,1730,27552529000.0,329477761524.0
llama3-8b_conv300,1731,27552529000.0,329670256324.0
llama3-8b_conv300,1732,27552529000.0,329862751124.0
llama3-8b_conv300,1733,27552529000.0,330055245924.0
llama3-8b_conv300,1734,27552529000.0,330247740724.0
llama3-8b_conv300,1735,27552529000.0,330440235524.0
llama3-8b_conv300,1736,27552529000.0,330632730324.0
llama3-8b_conv300,1737,27552529000.0,330825225124.0
llama3-8b_conv300,1738,27552529000.0,331017719924.0
llama3-8b_conv300,1739,27552529000.0,331210214724.0
llama3-8b_conv300,1740,27552529000.0,331402709524.0
llama3-8b_conv300,1741,27552529000.0,331595204324.0
llama3-8b_conv300,1742,27552529000.0,331787699124.0
llama3-8b_conv300,1743,27552529000.0,331980193924.0
llama3-8b_conv300,1744,27552529000.0,332172688724.0
llama3-8b_conv300,1745,27552529000.0,332365183524.0
llama3-8b_conv300,1746,27552529000.0,332557678324.0
llama3-8b_conv300,1747,27552529000.0,332750173124.0
llama3-8b_conv300,1748,27552529000.0,332942667924.0
llama3-8b_conv300,1749,27552529000.0,333135162724.0
llama3-8b_conv300,1750,27552529000.0,333327657524.0
llama3-8b_conv300,1751,27552529000.0,333520152324.0
llama3-8b_conv300,1752,27552529000.0,333712647124.0
llama3-8b_conv300,1753,27552529000.0,333905141924.0
llama3-8b_conv300,1754,27552529000.0,334097680244.0
llama3-8b_conv300,1755,27552529000.0,334290218564.0
llama3-8b_conv300,1756,27552529000.0,334482756884.0
llama3-8b_conv300,1757,27552529000.0,334675295204.0
llama3-8b_conv300,1758,27552529000.0,334867833524.0
llama3-8b_conv300,1759,27552529000.0,335060371844.0
llama3-8b_conv300,1760,27552529000.0,335252910164.0
llama3-8b_conv300,1761,27552529000.0,335445448484.0
llama3-8b_conv300,1762,27552529000.0,335637986804.0
llama3-8b_conv300,1763,27552529000.0,335830525124.0
llama3-8b_conv300,1764,27552529000.0,336023063444.0
llama3-8b_conv300,1765,27552529000.0,336215601764.0
llama3-8b_conv300,1766,27552529000.0,336408140084.0
llama3-8b_conv300,1767,27552529000.0,336600678404.0
llama3-8b_conv300,1768,28090234000.0,336650347188.0
llama3-8b_conv300,1769,28090234000.0,336843235972.0
llama3-8b_conv300,1770,28090234000.0,337036124756.0
llama3-8b_conv300,1771,28090234000.0,337229013540.0
llama3-8b_conv300,1772,28090234000.0,337421902324.0
llama3-8b_conv300,1773,28090234000.0,337614791108.0
llama3-8b_conv300,1774,28090234000.0,337807679892.0
llama3-8b_conv300,1775,28090234000.0,338000568676.0
llama3-8b_conv300,1776,28090234000.0,338193500980.0
llama3-8b_conv300,1777,28090234000.0,338386433284.0
llama3-8b_conv300,1778,28090234000.0,338579365588.0
llama3-8b_conv300,1779,28090234000.0,338772297892.0
llama3-8b_conv300,1780,28090234000.0,338965230196.0
llama3-8b_conv300,1781,28090234000.0,339158178372.0
llama3-8b_conv300,1782,28090234000.0,339351126548.0
llama3-8b_conv300,1783,28090234000.0,339544074724.0
llama3-8b_conv300,1784,28090234000.0,339737022900.0
llama3-8b_conv300,1785,28090234000.0,339929971076.0
llama3-8b_conv300,1786,28090234000.0,340122919252.0
llama3-8b_conv300,1787,28090234000.0,340315867428.0
llama3-8b_conv300,1788,28090234000.0,340508815604.0
llama3-8b_conv300,1789,28090234000.0,340701763780.0
llama3-8b_conv300,1790,28090234000.0,340894711956.0
llama3-8b_conv300,1791,28353357000.0,341229281505.0
llama3-8b_conv300,1792,28353357000.0,341422348771.0
llama3-8b_conv300,1793,28353357000.0,341615416037.0
llama3-8b_conv300,1794,28353357000.0,341808483303.0
llama3-8b_conv300,1795,28353357000.0,342001550569.0
llama3-8b_conv300,1796,28353357000.0,342194617835.0
llama3-8b_conv300,1797,28353357000.0,342387685101.0
llama3-8b_conv300,1798,28353357000.0,342580752367.0
llama3-8b_conv300,1799,28353357000.0,342773819633.0
llama3-8b_conv300,1800,28353357000.0,342966886899.0
llama3-8b_conv300,1801,28353357000.0,343159954165.0
llama3-8b_conv300,1802,28353357000.0,343353021431.0
llama3-8b_conv300,1803,28353357000.0,343546088697.0
llama3-8b_conv300,1804,28353357000.0,343739155963.0
llama3-8b_conv300,1805,28353357000.0,343932223229.0
llama3-8b_conv300,1806,28353357000.0,344125290495.0
llama3-8b_conv300,1807,28353357000.0,344318357761.0
llama3-8b_conv300,1808,28353357000.0,344511425027.0
llama3-8b_conv300,1809,28578535000.0,344873475036.0
llama3-8b_conv300,1810,28578535000.0,345353661877.0
llama3-8b_conv300,1811,28607772000.0,345778683308.0
llama3-8b_conv300,1812,28607772000.0,346146384259.0
llama3-8b_conv300,1813,28607772000.0,346322134943.0
llama3-8b_conv300,1814,28764379000.0,346634102051.0
llama3-8b_conv300,1815,28764379000.0,346916055608.0
llama3-8b_conv300,1816,28764379000.0,347198009165.0
llama3-8b_conv300,1817,28764379000.0,347479962722.0
llama3-8b_conv300,1818,28764379000.0,347761916279.0
llama3-8b_conv300,1819,28764379000.0,348043869836.0
llama3-8b_conv300,1820,28764379000.0,348325839265.0
llama3-8b_conv300,1821,28764379000.0,348607808694.0
llama3-8b_conv300,1822,28764379000.0,348889778123.0
llama3-8b_conv300,1823,28764379000.0,349171747552.0
llama3-8b_conv300,1824,28764379000.0,349453716981.0
llama3-8b_conv300,1825,28764379000.0,349735686410.0
llama3-8b_conv300,1826,28764379000.0,350017655839.0
llama3-8b_conv300,1827,28764379000.0,350299625268.0
llama3-8b_conv300,1828,28764379000.0,350581594697.0
llama3-8b_conv300,1829,28764379000.0,350863564126.0
llama3-8b_conv300,1830,28764379000.0,351145533555.0
llama3-8b_conv300,1831,28764379000.0,351427502984.0
llama3-8b_conv300,1832,28764379000.0,351709474461.0
llama3-8b_conv300,1833,28764379000.0,351991445938.0
llama3-8b_conv300,1834,28764379000.0,352273417415.0
llama3-8b_conv300,1835,28764379000.0,352555404764.0
llama3-8b_conv300,1836,28764379000.0,352837392113.0
llama3-8b_conv300,1837,28764379000.0,353119379462.0
llama3-8b_conv300,1838,28764379000.0,353401366811.0
llama3-8b_conv300,1839,28764379000.0,353683354160.0
llama3-8b_conv300,1840,28764379000.0,353890884073.0
llama3-8b_conv300,1841,28764379000.0,354098413986.0
llama3-8b_conv300,1842,28764379000.0,354305943899.0
llama3-8b_conv300,1843,28764379000.0,354513473812.0
llama3-8b_conv300,1844,28764379000.0,354721003725.0
llama3-8b_conv300,1845,28764379000.0,354928549510.0
llama3-8b_conv300,1846,28764379000.0,355136095295.0
llama3-8b_conv300,1847,28764379000.0,355343641080.0
llama3-8b_conv300,1848,28764379000.0,355551186865.0
llama3-8b_conv300,1849,28764379000.0,355758732650.0
llama3-8b_conv300,1850,28764379000.0,355966278435.0
llama3-8b_conv300,1851,28764379000.0,356173824220.0
llama3-8b_conv300,1852,28764379000.0,356381370005.0
llama3-8b_conv300,1853,28764379000.0,356588915790.0
llama3-8b_conv300,1854,28764379000.0,356796461575.0
llama3-8b_conv300,1855,28764379000.0,357004007360.0
llama3-8b_conv300,1856,28764379000.0,357211553145.0
llama3-8b_conv300,1857,28764379000.0,357419098930.0
llama3-8b_conv300,1858,28764379000.0,357626644715.0
llama3-8b_conv300,1859,28764379000.0,357834190500.0
llama3-8b_conv300,1860,28764379000.0,358041736285.0
llama3-8b_conv300,1861,28764379000.0,358249282070.0
llama3-8b_conv300,1862,29340288000.0,358316259067.0
llama3-8b_conv300,1863,29340288000.0,358598200848.0
llama3-8b_conv300,1864,29340288000.0,358880142629.0
llama3-8b_conv300,1865,29340288000.0,359162084410.0
llama3-8b_conv300,1866,29340288000.0,359444026191.0
llama3-8b_conv300,1867,29340288000.0,359725983844.0
llama3-8b_conv300,1868,29340288000.0,360007941497.0
llama3-8b_conv300,1869,29340288000.0,360289899150.0
llama3-8b_conv300,1870,29340288000.0,360571856803.0
llama3-8b_conv300,1871,29340288000.0,360853814456.0
llama3-8b_conv300,1872,29340288000.0,361061314673.0
llama3-8b_conv300,1873,29340288000.0,361268814890.0
llama3-8b_conv300,1874,29340288000.0,361476315107.0
llama3-8b_conv300,1875,29340288000.0,361683815324.0
llama3-8b_conv300,1876,29340288000.0,361891315541.0
llama3-8b_conv300,1877,29340288000.0,362098815758.0
llama3-8b_conv300,1878,28607772000.0,362165153132.0
llama3-8b_conv300,1879,28607772000.0,362231490506.0
llama3-8b_conv300,1880,28607772000.0,362297827880.0
llama3-8b_conv300,1881,28607772000.0,362364165254.0
llama3-8b_conv300,1882,28607772000.0,362430518500.0
llama3-8b_conv300,1883,28607772000.0,362496871746.0
llama3-8b_conv300,1884,28607772000.0,362563224992.0
llama3-8b_conv300,1885,28607772000.0,362629578238.0
llama3-8b_conv300,1886,28607772000.0,362695931484.0
llama3-8b_conv300,1887,28607772000.0,362762284730.0
llama3-8b_conv300,1888,28607772000.0,362828637976.0
llama3-8b_conv300,1889,28607772000.0,362894991222.0
llama3-8b_conv300,1890,28607772000.0,362961344468.0
llama3-8b_conv300,1891,29686078000.0,363328140203.0
llama3-8b_conv300,1892,29686078000.0,363733180290.0
llama3-8b_conv300,1893,29686078000.0,364295412569.0
llama3-8b_conv300,1894,29686078000.0,364859807536.0
llama3-8b_conv300,1895,29686078000.0,365591814919.0
llama3-8b_conv300,1896,29686078000.0,366470594270.0
llama3-8b_conv300,1897,29686078000.0,367351442101.0
llama3-8b_conv300,1898,29686078000.0,368234546828.0
llama3-8b_conv300,1899,29686078000.0,368487384645.0
llama3-8b_conv300,1900,29686078000.0,368695406590.0
llama3-8b_conv300,1901,29686078000.0,368903428535.0
llama3-8b_conv300,1902,29686078000.0,369111450480.0
llama3-8b_conv300,1903,29686078000.0,369319472425.0
llama3-8b_conv300,1904,29686078000.0,369527510242.0
llama3-8b_conv300,1905,29686078000.0,369735548059.0
llama3-8b_conv300,1906,29686078000.0,369943585876.0
llama3-8b_conv300,1907,29686078000.0,370151623693.0
llama3-8b_conv300,1908,29686078000.0,370359661510.0
llama3-8b_conv300,1909,29686078000.0,370567715199.0
llama3-8b_conv300,1910,30181499000.0,370853058628.0
llama3-8b_conv300,1911,30181499000.0,371135569753.0
llama3-8b_conv300,1912,30181499000.0,371418080878.0
llama3-8b_conv300,1913,30181499000.0,371700592003.0
llama3-8b_conv300,1914,30181499000.0,371908629820.0
llama3-8b_conv300,1915,30181499000.0,372116667637.0
llama3-8b_conv300,1916,30181499000.0,372324705454.0
llama3-8b_conv300,1917,30181499000.0,372532743271.0
llama3-8b_conv300,1918,30181499000.0,372599556805.0
llama3-8b_conv300,1919,30181499000.0,372666370339.0
llama3-8b_conv300,1920,30181499000.0,372733183873.0
llama3-8b_conv300,1921,30181499000.0,372799997407.0
llama3-8b_conv300,1922,30181499000.0,372866810941.0
llama3-8b_conv300,1923,30181499000.0,372933624475.0
llama3-8b_conv300,1924,30181499000.0,373000438009.0
llama3-8b_conv300,1925,30181499000.0,373067251543.0
llama3-8b_conv300,1926,30181499000.0,373134065077.0
llama3-8b_conv300,1927,30181499000.0,373200878611.0
llama3-8b_conv300,1928,30181499000.0,373267692145.0
llama3-8b_conv300,1929,30181499000.0,373334505679.0
llama3-8b_conv300,1930,30181499000.0,373401319213.0
llama3-8b_conv300,1931,30181499000.0,373468132747.0
llama3-8b_conv300,1932,30181499000.0,373534946281.0
llama3-8b_conv300,1933,30181499000.0,373601759815.0
llama3-8b_conv300,1934,30181499000.0,373668573349.0
llama3-8b_conv300,1935,30181499000.0,373735386883.0
llama3-8b_conv300,1936,30181499000.0,373802200417.0
llama3-8b_conv300,1937,30181499000.0,373995968099.0
llama3-8b_conv300,1938,30181499000.0,374189735781.0
llama3-8b_conv300,1939,30181499000.0,374383503463.0
llama3-8b_conv300,1940,30181499000.0,374577271145.0
llama3-8b_conv300,1941,30181499000.0,374771038827.0
llama3-8b_conv300,1942,30181499000.0,374964746811.0
llama3-8b_conv300,1943,30181499000.0,375158454795.0
llama3-8b_conv300,1944,30181499000.0,375352162779.0
llama3-8b_conv300,1945,30181499000.0,375545870763.0
llama3-8b_conv300,1946,30181499000.0,375739578747.0
llama3-8b_conv300,1947,30181499000.0,375933286731.0
llama3-8b_conv300,1948,30181499000.0,376126994715.0
llama3-8b_conv300,1949,30181499000.0,376319846379.0
llama3-8b_conv300,1950,30181499000.0,376512698043.0
llama3-8b_conv300,1951,30181499000.0,376705549707.0
llama3-8b_conv300,1952,30181499000.0,376898401371.0
llama3-8b_conv300,1953,30181499000.0,377091253035.0
llama3-8b_conv300,1954,30181499000.0,377284104699.0
llama3-8b_conv300,1955,30181499000.0,377476956363.0
llama3-8b_conv300,1956,30181499000.0,377669808027.0
llama3-8b_conv300,1957,30181499000.0,377862659691.0
llama3-8b_conv300,1958,30181499000.0,378055511355.0
llama3-8b_conv300,1959,30181499000.0,378248363019.0
llama3-8b_conv300,1960,30181499000.0,378441214683.0
llama3-8b_conv300,1961,30181499000.0,378634066347.0
llama3-8b_conv300,1962,30181499000.0,378826918011.0
llama3-8b_conv300,1963,30181499000.0,379019785547.0
llama3-8b_conv300,1964,30181499000.0,379212653083.0
llama3-8b_conv300,1965,30181499000.0,379405520619.0
llama3-8b_conv300,1966,30181499000.0,379598388155.0
llama3-8b_conv300,1967,30181499000.0,379791255691.0
llama3-8b_conv300,1968,30181499000.0,379984123227.0
llama3-8b_conv300,1969,30181499000.0,380134551339.0
llama3-8b_conv300,1970,30181499000.0,380284979451.0
llama3-8b_conv300,1971,30181499000.0,380435407563.0
llama3-8b_conv300,1972,30181499000.0,380585835675.0
llama3-8b_conv300,1973,30181499000.0,380736263787.0
llama3-8b_conv300,1974,30181499000.0,380886691899.0
llama3-8b_conv300,1975,30181499000.0,381037120011.0
llama3-8b_conv300,1976,30181499000.0,381187548123.0
llama3-8b_conv300,1977,30181499000.0,381337976235.0
llama3-8b_conv300,1978,30181499000.0,381488404347.0
llama3-8b_conv300,1979,30181499000.0,381638832459.0
llama3-8b_conv300,1980,30181499000.0,381789260571.0
llama3-8b_conv300,1981,30181499000.0,381939688683.0
llama3-8b_conv300,1982,30181499000.0,382090116795.0
llama3-8b_conv300,1983,30181499000.0,382240544907.0
llama3-8b_conv300,1984,30181499000.0,382390973019.0
llama3-8b_conv300,1985,30181499000.0,382541401131.0
llama3-8b_conv300,1986,30181499000.0,382691829243.0
llama3-8b_conv300,1987,30181499000.0,382842257355.0
llama3-8b_conv300,1988,30181499000.0,382992685467.0
llama3-8b_conv300,1989,30181499000.0,383142236779.0
llama3-8b_conv300,1990,30181499000.0,383291788091.0
llama3-8b_conv300,1991,30181499000.0,383441339403.0
llama3-8b_conv300,1992,30181499000.0,383590890715.0
llama3-8b_conv300,1993,30181499000.0,383740442027.0
llama3-8b_conv300,1994,30181499000.0,383889993339.0
llama3-8b_conv300,1995,30181499000.0,384039544651.0
llama3-8b_conv300,1996,30181499000.0,384189095963.0
llama3-8b_conv300,1997,30181499000.0,384338647275.0
llama3-8b_conv300,1998,30181499000.0,384488198587.0
llama3-8b_conv300,1999,28607772000.0,384631036299.0
llama3-8b_conv300,2000,28607772000.0,384773874011.0
llama3-8b_conv300,2001,28607772000.0,384916711723.0
llama3-8b_conv300,2002,28607772000.0,385059549435.0
llama3-8b_conv300,2003,28607772000.0,385202387147.0
llama3-8b_conv300,2004,31269171000.0,385399733864.0
llama3-8b_conv300,2005,31269171000.0,385549225784.0
llama3-8b_conv300,2006,31269171000.0,385698717704.0
llama3-8b_conv300,2007,31269171000.0,385848209624.0
llama3-8b_conv300,2008,31269171000.0,385997701544.0
llama3-8b_conv300,2009,31269171000.0,386147193464.0
llama3-8b_conv300,2010,31269171000.0,386296685384.0
llama3-8b_conv300,2011,31269171000.0,386446177304.0
llama3-8b_conv300,2012,31269171000.0,386595669224.0
llama3-8b_conv300,2013,31269171000.0,386745161144.0
llama3-8b_conv300,2014,31269171000.0,386894653064.0
llama3-8b_conv300,2015,31269171000.0,387044144984.0
llama3-8b_conv300,2016,31269171000.0,387193636904.0
llama3-8b_conv300,2017,31269171000.0,387343128824.0
llama3-8b_conv300,2018,31269171000.0,387492620744.0
llama3-8b_conv300,2019,31269171000.0,387642112664.0
llama3-8b_conv300,2020,31269171000.0,387791604584.0
llama3-8b_conv300,2021,31269171000.0,387941096504.0
llama3-8b_conv300,2022,31269171000.0,388090588424.0
llama3-8b_conv300,2023,31269171000.0,388240080344.0
llama3-8b_conv300,2024,31269171000.0,388389572264.0
llama3-8b_conv300,2025,31269171000.0,388539064184.0
llama3-8b_conv300,2026,31269171000.0,388688556104.0
llama3-8b_conv300,2027,31269171000.0,388838048024.0
llama3-8b_conv300,2028,31269171000.0,388987539944.0
llama3-8b_conv300,2029,31269171000.0,389137031864.0
llama3-8b_conv300,2030,31269171000.0,389286523784.0
llama3-8b_conv300,2031,31269171000.0,389436015704.0
llama3-8b_conv300,2032,31269171000.0,389585507624.0
llama3-8b_conv300,2033,31269171000.0,389734999544.0
llama3-8b_conv300,2034,31269171000.0,389884491464.0
llama3-8b_conv300,2035,31620490000.0,390363213607.0
llama3-8b_conv300,2036,31620490000.0,390764595078.0
llama3-8b_conv300,2037,31620490000.0,390844675702.0
llama3-8b_conv300,2038,31620490000.0,390994996806.0
llama3-8b_conv300,2039,31620490000.0,391145317910.0
llama3-8b_conv300,2040,31620490000.0,391295639014.0
llama3-8b_conv300,2041,31620490000.0,391445960118.0
llama3-8b_conv300,2042,31760229000.0,391730964154.0
llama3-8b_conv300,2043,31760229000.0,391923597706.0
llama3-8b_conv300,2044,31760229000.0,392116231258.0
llama3-8b_conv300,2045,31760229000.0,392308864810.0
llama3-8b_conv300,2046,31760229000.0,392501498362.0
llama3-8b_conv300,2047,31760229000.0,392694131914.0
llama3-8b_conv300,2048,31760229000.0,392886808986.0
llama3-8b_conv300,2049,31760229000.0,393079486058.0
llama3-8b_conv300,2050,31760229000.0,393272163130.0
llama3-8b_conv300,2051,31760229000.0,393464840202.0
llama3-8b_conv300,2052,31760229000.0,393657517274.0
llama3-8b_conv300,2053,31760229000.0,393850194346.0
llama3-8b_conv300,2054,31917003000.0,394225206456.0
llama3-8b_conv300,2055,31917003000.0,394418295432.0
llama3-8b_conv300,2056,31917003000.0,394611384408.0
llama3-8b_conv300,2057,31917003000.0,394804473384.0
llama3-8b_conv300,2058,31917003000.0,394997562360.0
llama3-8b_conv300,2059,31917003000.0,395190651336.0
llama3-8b_conv300,2060,31917003000.0,395383740312.0
llama3-8b_conv300,2061,31917003000.0,395576829288.0
llama3-8b_conv300,2062,31917003000.0,395769918264.0
llama3-8b_conv300,2063,31917003000.0,395963007240.0
llama3-8b_conv300,2064,31917003000.0,396156096216.0
llama3-8b_conv300,2065,31917003000.0,396349185192.0
llama3-8b_conv300,2066,31917003000.0,396542274168.0
llama3-8b_conv300,2067,31917003000.0,396735363144.0
llama3-8b_conv300,2068,31917003000.0,396928452120.0
llama3-8b_conv300,2069,31917003000.0,397121541096.0
llama3-8b_conv300,2070,31917003000.0,397314630072.0
llama3-8b_conv300,2071,31917003000.0,397507719048.0
llama3-8b_conv300,2072,31917003000.0,397700808024.0
llama3-8b_conv300,2073,31917003000.0,397893897000.0
llama3-8b_conv300,2074,31917003000.0,398086985976.0
llama3-8b_conv300,2075,31917003000.0,398280074952.0
llama3-8b_conv300,2076,31917003000.0,398473163928.0
llama3-8b_conv300,2077,31917003000.0,398666252904.0
llama3-8b_conv300,2078,31917003000.0,398859341880.0
llama3-8b_conv300,2079,31917003000.0,399052430856.0
llama3-8b_conv300,2080,31917003000.0,399245519832.0
llama3-8b_conv300,2081,31917003000.0,399438608808.0
llama3-8b_conv300,2082,31917003000.0,399631697784.0
llama3-8b_conv300,2083,31917003000.0,399824786760.0
llama3-8b_conv300,2084,31917003000.0,400017875736.0
llama3-8b_conv300,2085,31917003000.0,400210964712.0
llama3-8b_conv300,2086,31917003000.0,400404053688.0
llama3-8b_conv300,2087,31917003000.0,400597142664.0
llama3-8b_conv300,2088,31917003000.0,400790231640.0
llama3-8b_conv300,2089,31917003000.0,400983320616.0
llama3-8b_conv300,2090,31917003000.0,401176409592.0
llama3-8b_conv300,2091,31917003000.0,401369514440.0
llama3-8b_conv300,2092,31917003000.0,401562619288.0
llama3-8b_conv300,2093,31917003000.0,401755724136.0
llama3-8b_conv300,2094,32388505000.000004,402235256610.0
llama3-8b_conv300,2095,32388505000.000004,402638222556.0
llama3-8b_conv300,2096,32388505000.000004,402883390014.0
llama3-8b_conv300,2097,32388505000.000004,403076693312.0
llama3-8b_conv300,2098,32388505000.000004,403269996610.0
llama3-8b_conv300,2099,32388505000.000004,403463299908.0
llama3-8b_conv300,2100,32388505000.000004,403656603206.0
llama3-8b_conv300,2101,32388505000.000004,403849906504.0
llama3-8b_conv300,2102,32388505000.000004,404043209802.0
llama3-8b_conv300,2103,32388505000.000004,404236513100.0
llama3-8b_conv300,2104,32388505000.000004,404429832270.0
llama3-8b_conv300,2105,32388505000.000004,404623151440.0
llama3-8b_conv300,2106,32388505000.000004,404816470610.0
llama3-8b_conv300,2107,32388505000.000004,405009789780.0
llama3-8b_conv300,2108,32388505000.000004,405203108950.0
llama3-8b_conv300,2109,32388505000.000004,405396428120.0
llama3-8b_conv300,2110,32388505000.000004,405589747290.0
llama3-8b_conv300,2111,32388505000.000004,405783066460.0
llama3-8b_conv300,2112,32388505000.000004,405976385630.0
llama3-8b_conv300,2113,32388505000.000004,406169704800.0
llama3-8b_conv300,2114,32388505000.000004,406363023970.0
llama3-8b_conv300,2115,32388505000.000004,406556343140.0
llama3-8b_conv300,2116,32388505000.000004,406749662310.0
llama3-8b_conv300,2117,32388505000.000004,406942981480.0
llama3-8b_conv300,2118,32388505000.000004,407136300650.0
llama3-8b_conv300,2119,32388505000.000004,407329619820.0
llama3-8b_conv300,2120,32388505000.000004,407522938990.0
llama3-8b_conv300,2121,32388505000.000004,407716258160.0
llama3-8b_conv300,2122,32388505000.000004,407909577330.0
llama3-8b_conv300,2123,32388505000.000004,408102896500.0
llama3-8b_conv300,2124,32388505000.000004,408296215670.0
llama3-8b_conv300,2125,32388505000.000004,408489534840.0
llama3-8b_conv300,2126,32388505000.000004,408682854010.0
llama3-8b_conv300,2127,32388505000.000004,408876173180.0
llama3-8b_conv300,2128,32388505000.000004,409069492350.0
llama3-8b_conv300,2129,32388505000.000004,409262811520.0
llama3-8b_conv300,2130,32388505000.000004,409456130690.0
llama3-8b_conv300,2131,32388505000.000004,409649449860.0
llama3-8b_conv300,2132,32388505000.000004,409842769030.0
llama3-8b_conv300,2133,32388505000.000004,410036088200.0
llama3-8b_conv300,2134,32388505000.000004,410229407370.0
llama3-8b_conv300,2135,32388505000.000004,410422726540.0
llama3-8b_conv300,2136,32388505000.000004,410615926620.0
llama3-8b_conv300,2137,32388505000.000004,410809126700.0
llama3-8b_conv300,2138,32388505000.000004,411002326780.0
llama3-8b_conv300,2139,32388505000.000004,411195526860.0
llama3-8b_conv300,2140,32388505000.000004,411388726940.0
llama3-8b_conv300,2141,32388505000.000004,411581927020.0
llama3-8b_conv300,2142,32388505000.000004,411775127100.0
llama3-8b_conv300,2143,32388505000.000004,411968327180.0
llama3-8b_conv300,2144,32388505000.000004,412161527260.0
llama3-8b_conv300,2145,32388505000.000004,412354727340.0
llama3-8b_conv300,2146,32388505000.000004,412547927420.0
llama3-8b_conv300,2147,32388505000.000004,412741143372.0
llama3-8b_conv300,2148,32388505000.000004,412934359324.0
llama3-8b_conv300,2149,32388505000.000004,413127575276.0
llama3-8b_conv300,2150,32388505000.000004,413320791228.0
llama3-8b_conv300,2151,32388505000.000004,413514007180.0
llama3-8b_conv300,2152,32388505000.000004,413707223132.0
llama3-8b_conv300,2153,32388505000.000004,413900439084.0
llama3-8b_conv300,2154,32388505000.000004,414093655036.0
llama3-8b_conv300,2155,32388505000.000004,414286870988.0
llama3-8b_conv300,2156,32388505000.000004,414480086940.0
llama3-8b_conv300,2157,32388505000.000004,414673302892.0
llama3-8b_conv300,2158,32388505000.000004,414866518844.0
llama3-8b_conv300,2159,32388505000.000004,415059734796.0
llama3-8b_conv300,2160,32388505000.000004,415252950748.0
llama3-8b_conv300,2161,32388505000.000004,415446166700.0
llama3-8b_conv300,2162,32388505000.000004,415639382652.0
llama3-8b_conv300,2163,32388505000.000004,415832598604.0
llama3-8b_conv300,2164,33235881999.999996,416312242182.0
llama3-8b_conv300,2165,33235881999.999996,416775190968.0
llama3-8b_conv300,2166,33235881999.999996,416968589498.0
llama3-8b_conv300,2167,33235881999.999996,417161988028.0
llama3-8b_conv300,2168,33235881999.999996,417355386558.0
llama3-8b_conv300,2169,33235881999.999996,417548785088.0
llama3-8b_conv300,2170,33235881999.999996,417742183618.0
llama3-8b_conv300,2171,33235881999.999996,417935582148.0
llama3-8b_conv300,2172,33235881999.999996,418128980678.0
llama3-8b_conv300,2173,33235881999.999996,418322244246.0
llama3-8b_conv300,2174,33235881999.999996,418515507814.0
llama3-8b_conv300,2175,33413528000.0,418766842197.0
llama3-8b_conv300,2176,33413528000.0,418960181335.0
llama3-8b_conv300,2177,33413528000.0,419153520473.0
llama3-8b_conv300,2178,33413528000.0,419346859611.0
llama3-8b_conv300,2179,33413528000.0,419540198749.0
llama3-8b_conv300,2180,33413528000.0,419733537887.0
llama3-8b_conv300,2181,33491000999.999996,420095859768.0
llama3-8b_conv300,2182,33526770000.0,420529717551.0
llama3-8b_conv300,2183,33526770000.0,420597972008.0
llama3-8b_conv300,2184,33526770000.0,420805585377.0
llama3-8b_conv300,2185,33526770000.0,421013198746.0
llama3-8b_conv300,2186,33526770000.0,421220812115.0
llama3-8b_conv300,2187,33526770000.0,421287201201.0
llama3-8b_conv300,2188,33526770000.0,421353590287.0
llama3-8b_conv300,2189,33645713000.0,421622200047.0
llama3-8b_conv300,2190,33645713000.0,421829797544.0
llama3-8b_conv300,2191,33645713000.0,422037395041.0
llama3-8b_conv300,2192,33645713000.0,422244992538.0
llama3-8b_conv300,2193,33645713000.0,422452590035.0
llama3-8b_conv300,2194,33645713000.0,422660187532.0
llama3-8b_conv300,2195,33645713000.0,422867785029.0
llama3-8b_conv300,2196,33748702000.0,423350124347.0
llama3-8b_conv300,2197,33748702000.0,423756671281.0
llama3-8b_conv300,2198,33825000000.000004,424003672941.0
llama3-8b_conv300,2199,33825000000.000004,424285340638.0
llama3-8b_conv300,2200,33825000000.000004,424567008335.0
llama3-8b_conv300,2201,33825000000.000004,424848676032.0
llama3-8b_conv300,2202,33825000000.000004,425130345777.0
llama3-8b_conv300,2203,33825000000.000004,425412015522.0
llama3-8b_conv300,2204,33825000000.000004,425693685267.0
llama3-8b_conv300,2205,33825000000.000004,425975355012.0
llama3-8b_conv300,2206,33932529000.000004,426337095319.0
llama3-8b_conv300,2207,33932529000.000004,426746148012.0
llama3-8b_conv300,2208,33932529000.000004,427052620817.0
llama3-8b_conv300,2209,33932529000.000004,427334417538.0
llama3-8b_conv300,2210,33932529000.000004,427616214259.0
llama3-8b_conv300,2211,33932529000.000004,427898010980.0
llama3-8b_conv300,2212,33932529000.000004,428179807701.0
llama3-8b_conv300,2213,33932529000.000004,428461604422.0
llama3-8b_conv300,2214,33932529000.000004,428743401143.0
llama3-8b_conv300,2215,33932529000.000004,429025197864.0
llama3-8b_conv300,2216,33932529000.000004,429306994585.0
llama3-8b_conv300,2217,33932529000.000004,429589101230.0
llama3-8b_conv300,2218,33932529000.000004,429871207875.0
llama3-8b_conv300,2219,33932529000.000004,430153330392.0
llama3-8b_conv300,2220,33932529000.000004,430435452909.0
llama3-8b_conv300,2221,33932529000.000004,430717575426.0
llama3-8b_conv300,2222,33932529000.000004,430999697943.0
llama3-8b_conv300,2223,33932529000.000004,431281820460.0
llama3-8b_conv300,2224,33932529000.000004,431563942977.0
llama3-8b_conv300,2225,33932529000.000004,431846065494.0
llama3-8b_conv300,2226,33932529000.000004,432128188011.0
llama3-8b_conv300,2227,33932529000.000004,432410326400.0
llama3-8b_conv300,2228,33932529000.000004,432692508309.0
llama3-8b_conv300,2229,33932529000.000004,432974690218.0
llama3-8b_conv300,2230,33932529000.000004,433256872127.0
llama3-8b_conv300,2231,33932529000.000004,433539069908.0
llama3-8b_conv300,2232,33932529000.000004,433821283561.0
llama3-8b_conv300,2233,33932529000.000004,434103497214.0
llama3-8b_conv300,2234,33932529000.000004,434385710867.0
llama3-8b_conv300,2235,33932529000.000004,434667924520.0
llama3-8b_conv300,2236,33932529000.000004,434950138173.0
llama3-8b_conv300,2237,33932529000.000004,435232351826.0
llama3-8b_conv300,2238,33932529000.000004,435514565479.0
llama3-8b_conv300,2239,33932529000.000004,435796779132.0
llama3-8b_conv300,2240,33932529000.000004,436078992785.0
llama3-8b_conv300,2241,33932529000.000004,436361206438.0
llama3-8b_conv300,2242,33932529000.000004,436643420091.0
llama3-8b_conv300,2243,33932529000.000004,436925633744.0
llama3-8b_conv300,2244,33932529000.000004,437207847397.0
llama3-8b_conv300,2245,33932529000.000004,437490061050.0
llama3-8b_conv300,2246,33932529000.000004,437772274703.0
llama3-8b_conv300,2247,33932529000.000004,438054488356.0
llama3-8b_conv300,2248,33932529000.000004,438336702009.0
llama3-8b_conv300,2249,33932529000.000004,438618915662.0
llama3-8b_conv300,2250,33932529000.000004,438901129315.0
llama3-8b_conv300,2251,33932529000.000004,439183342968.0
llama3-8b_conv300,2252,33932529000.000004,439465556621.0
llama3-8b_conv300,2253,33932529000.000004,439747770274.0
llama3-8b_conv300,2254,33932529000.000004,440029983927.0
llama3-8b_conv300,2255,33932529000.000004,440312197580.0
llama3-8b_conv300,2256,33932529000.000004,440594411233.0
llama3-8b_conv300,2257,33932529000.000004,440876624886.0
llama3-8b_conv300,2258,33932529000.000004,441158882059.0
llama3-8b_conv300,2259,33932529000.000004,441441139232.0
llama3-8b_conv300,2260,33932529000.000004,441723396405.0
llama3-8b_conv300,2261,33932529000.000004,442005653578.0
llama3-8b_conv300,2262,33932529000.000004,442287910751.0
llama3-8b_conv300,2263,33932529000.000004,442570167924.0
llama3-8b_conv300,2264,33932529000.000004,442852425097.0
llama3-8b_conv300,2265,33932529000.000004,443134682270.0
llama3-8b_conv300,2266,33932529000.000004,443416939443.0
llama3-8b_conv300,2267,33932529000.000004,443699196616.0
llama3-8b_conv300,2268,33932529000.000004,443981453789.0
llama3-8b_conv300,2269,34746446000.0,444341885426.0
llama3-8b_conv300,2270,34746446000.0,444751104519.0
llama3-8b_conv300,2271,34746446000.0,444855732072.0
llama3-8b_conv300,2272,34746446000.0,445137663449.0
llama3-8b_conv300,2273,34746446000.0,445419594826.0
llama3-8b_conv300,2274,34746446000.0,445701526203.0
llama3-8b_conv300,2275,34746446000.0,445983457580.0
llama3-8b_conv300,2276,34746446000.0,446265730625.0
llama3-8b_conv300,2277,34746446000.0,446548003670.0
llama3-8b_conv300,2278,34746446000.0,446830276715.0
llama3-8b_conv300,2279,34746446000.0,447112549760.0
llama3-8b_conv300,2280,34746446000.0,447394822805.0
llama3-8b_conv300,2281,34746446000.0,447677095850.0
llama3-8b_conv300,2282,34746446000.0,447959368895.0
llama3-8b_conv300,2283,34746446000.0,448241641940.0
llama3-8b_conv300,2284,34746446000.0,448523914985.0
llama3-8b_conv300,2285,34746446000.0,448806188030.0
llama3-8b_conv300,2286,34746446000.0,449088461075.0
llama3-8b_conv300,2287,34746446000.0,449370734120.0
llama3-8b_conv300,2288,34746446000.0,449653007165.0
llama3-8b_conv300,2289,34746446000.0,449935280210.0
llama3-8b_conv300,2290,34746446000.0,450217553255.0
llama3-8b_conv300,2291,34746446000.0,450499826300.0
llama3-8b_conv300,2292,34746446000.0,450782099345.0
llama3-8b_conv300,2293,34746446000.0,451064372390.0
llama3-8b_conv300,2294,34746446000.0,451346645435.0
llama3-8b_conv300,2295,34746446000.0,451628918480.0
llama3-8b_conv300,2296,34746446000.0,451911191525.0
llama3-8b_conv300,2297,34746446000.0,452193464570.0
llama3-8b_conv300,2298,34746446000.0,452475737615.0
llama3-8b_conv300,2299,34746446000.0,452758010660.0
llama3-8b_conv300,2300,34746446000.0,453040283705.0
llama3-8b_conv300,2301,34746446000.0,453322556750.0
llama3-8b_conv300,2302,34746446000.0,453604829795.0
llama3-8b_conv300,2303,34746446000.0,453887118712.0
llama3-8b_conv300,2304,34746446000.0,454169407629.0
llama3-8b_conv300,2305,34746446000.0,454451696546.0
llama3-8b_conv300,2306,34746446000.0,454733985463.0
llama3-8b_conv300,2307,34746446000.0,455016274380.0
llama3-8b_conv300,2308,34746446000.0,455298563297.0
llama3-8b_conv300,2309,34746446000.0,455580852214.0
llama3-8b_conv300,2310,35294069000.0,456058537315.0
llama3-8b_conv300,2311,35294069000.0,456340421076.0
llama3-8b_conv300,2312,35294069000.0,456622304837.0
llama3-8b_conv300,2313,35294069000.0,456904188598.0
llama3-8b_conv300,2314,35294069000.0,457186072359.0
llama3-8b_conv300,2315,35294069000.0,457467956120.0
llama3-8b_conv300,2316,35294069000.0,457749839881.0
llama3-8b_conv300,2317,35294069000.0,458031723642.0
llama3-8b_conv300,2318,35294069000.0,458313607403.0
llama3-8b_conv300,2319,35294069000.0,458595491164.0
llama3-8b_conv300,2320,35294069000.0,458877374925.0
llama3-8b_conv300,2321,35294069000.0,459159258686.0
llama3-8b_conv300,2322,35294069000.0,459441142447.0
llama3-8b_conv300,2323,35294069000.0,459723026208.0
llama3-8b_conv300,2324,35294069000.0,460004909969.0
llama3-8b_conv300,2325,35294069000.0,460286793730.0
llama3-8b_conv300,2326,35294069000.0,460568677491.0
llama3-8b_conv300,2327,35294069000.0,460850577124.0
llama3-8b_conv300,2328,35294069000.0,461132476757.0
llama3-8b_conv300,2329,35294069000.0,461414376390.0
llama3-8b_conv300,2330,35294069000.0,461696319543.0
llama3-8b_conv300,2331,35294069000.0,461978262696.0
llama3-8b_conv300,2332,35294069000.0,462260205849.0
llama3-8b_conv300,2333,35294069000.0,462542149002.0
llama3-8b_conv300,2334,35294069000.0,462824092155.0
llama3-8b_conv300,2335,35294069000.0,463106035308.0
llama3-8b_conv300,2336,35294069000.0,463387978461.0
llama3-8b_conv300,2337,35294069000.0,463669921614.0
llama3-8b_conv300,2338,35294069000.0,463951864767.0
llama3-8b_conv300,2339,35294069000.0,464233807920.0
llama3-8b_conv300,2340,35294069000.0,464515751073.0
llama3-8b_conv300,2341,35294069000.0,464797694226.0
llama3-8b_conv300,2342,35294069000.0,465079637379.0
llama3-8b_conv300,2343,35294069000.0,465361580532.0
llama3-8b_conv300,2344,35294069000.0,465643523685.0
llama3-8b_conv300,2345,35294069000.0,465925466838.0
llama3-8b_conv300,2346,35294069000.0,466207409991.0
llama3-8b_conv300,2347,35294069000.0,466489369016.0
llama3-8b_conv300,2348,35294069000.0,466771328041.0
llama3-8b_conv300,2349,35294069000.0,467053287066.0
llama3-8b_conv300,2350,35294069000.0,467335246091.0
llama3-8b_conv300,2351,35294069000.0,467617205116.0
llama3-8b_conv300,2352,35294069000.0,467899164141.0
llama3-8b_conv300,2353,35294069000.0,468181123166.0
llama3-8b_conv300,2354,35294069000.0,468463082191.0
llama3-8b_conv300,2355,35294069000.0,468745478116.0
llama3-8b_conv300,2356,35294069000.0,469027889913.0
llama3-8b_conv300,2357,35294069000.0,469310301710.0
llama3-8b_conv300,2358,35294069000.0,469592713507.0
llama3-8b_conv300,2359,35294069000.0,469875141176.0
llama3-8b_conv300,2360,35294069000.0,470157584717.0
llama3-8b_conv300,2361,35294069000.0,470440028258.0
llama3-8b_conv300,2362,35294069000.0,470722471799.0
llama3-8b_conv300,2363,35294069000.0,471004915340.0
llama3-8b_conv300,2364,35294069000.0,471287358881.0
llama3-8b_conv300,2365,35294069000.0,471569802422.0
llama3-8b_conv300,2366,35294069000.0,471852245963.0
llama3-8b_conv300,2367,35294069000.0,472134689504.0
llama3-8b_conv300,2368,35294069000.0,472417133045.0
llama3-8b_conv300,2369,35294069000.0,472699576586.0
llama3-8b_conv300,2370,35294069000.0,472982020127.0
llama3-8b_conv300,2371,35294069000.0,473264463668.0
llama3-8b_conv300,2372,35294069000.0,473546907209.0
llama3-8b_conv300,2373,35294069000.0,473829350750.0
llama3-8b_conv300,2374,35294069000.0,474111794291.0
llama3-8b_conv300,2375,35294069000.0,474394237832.0
llama3-8b_conv300,2376,35294069000.0,474676681373.0
llama3-8b_conv300,2377,35294069000.0,474959124914.0
llama3-8b_conv300,2378,35294069000.0,475241568455.0
llama3-8b_conv300,2379,35294069000.0,475524011996.0
llama3-8b_conv300,2380,36138512000.0,475884630001.0
llama3-8b_conv300,2381,36138512000.0,476294035462.0
llama3-8b_conv300,2382,36138512000.0,476367210807.0
llama3-8b_conv300,2383,36138512000.0,476649328552.0
llama3-8b_conv300,2384,36138512000.0,476931446297.0
llama3-8b_conv300,2385,36138512000.0,477213564042.0
llama3-8b_conv300,2386,36138512000.0,477495697659.0
llama3-8b_conv300,2387,36138512000.0,477778109456.0
llama3-8b_conv300,2388,36138512000.0,478060521253.0
llama3-8b_conv300,2389,36138512000.0,478342933050.0
llama3-8b_conv300,2390,36138512000.0,478625344847.0
llama3-8b_conv300,2391,36138512000.0,478907756644.0
llama3-8b_conv300,2392,36138512000.0,479115711005.0
llama3-8b_conv300,2393,36138512000.0,479323665366.0
llama3-8b_conv300,2394,36138512000.0,479531619727.0
llama3-8b_conv300,2395,36138512000.0,479739574088.0
llama3-8b_conv300,2396,36138512000.0,479947528449.0
llama3-8b_conv300,2397,36138512000.0,480155482810.0
llama3-8b_conv300,2398,36138512000.0,480363437171.0
llama3-8b_conv300,2399,36138512000.0,480571391532.0
llama3-8b_conv300,2400,36138512000.0,480779345893.0
llama3-8b_conv300,2401,36138512000.0,480987300254.0
llama3-8b_conv300,2402,36138512000.0,481195254615.0
llama3-8b_conv300,2403,36138512000.0,481403208976.0
llama3-8b_conv300,2404,36138512000.0,481611163337.0
llama3-8b_conv300,2405,36138512000.0,481819117698.0
llama3-8b_conv300,2406,36138512000.0,482027072059.0
llama3-8b_conv300,2407,36138512000.0,482235026420.0
llama3-8b_conv300,2408,36520417000.0,482491842936.0
llama3-8b_conv300,2409,36520417000.0,482774195341.0
llama3-8b_conv300,2410,36520417000.0,483056547746.0
llama3-8b_conv300,2411,36520417000.0,483338900151.0
llama3-8b_conv300,2412,36520417000.0,483546795120.0
llama3-8b_conv300,2413,36520417000.0,483754690089.0
llama3-8b_conv300,2414,36520417000.0,483962585058.0
llama3-8b_conv300,2415,36520417000.0,484170480027.0
llama3-8b_conv300,2416,36520417000.0,484378374996.0
llama3-8b_conv300,2417,36520417000.0,484586269965.0
llama3-8b_conv300,2418,36520417000.0,484794164934.0
llama3-8b_conv300,2419,36520417000.0,485002059903.0
llama3-8b_conv300,2420,36520417000.0,485209954872.0
llama3-8b_conv300,2421,36520417000.0,485417849841.0
llama3-8b_conv300,2422,36520417000.0,485625744810.0
llama3-8b_conv300,2423,36520417000.0,485833639779.0
llama3-8b_conv300,2424,36520417000.0,486041534748.0
llama3-8b_conv300,2425,36520417000.0,486249429717.0
llama3-8b_conv300,2426,36520417000.0,486457324686.0
llama3-8b_conv300,2427,36520417000.0,486665219655.0
llama3-8b_conv300,2428,36520417000.0,486873114624.0
llama3-8b_conv300,2429,36520417000.0,487081009593.0
llama3-8b_conv300,2430,36520417000.0,487288904562.0
llama3-8b_conv300,2431,36520417000.0,487355448272.0
llama3-8b_conv300,2432,36520417000.0,487421991982.0
llama3-8b_conv300,2433,36520417000.0,487488535692.0
llama3-8b_conv300,2434,36520417000.0,487555079402.0
llama3-8b_conv300,2435,36520417000.0,487621623112.0
llama3-8b_conv300,2436,36520417000.0,487815120970.0
llama3-8b_conv300,2437,36864739000.0,488177601571.0
llama3-8b_conv300,2438,36864739000.0,488658219004.0
llama3-8b_conv300,2439,36864739000.0,488959498071.0
llama3-8b_conv300,2440,36864739000.0,489026152885.0
llama3-8b_conv300,2441,36864739000.0,489092807699.0
llama3-8b_conv300,2442,36864739000.0,489159462513.0
llama3-8b_conv300,2443,36864739000.0,489226117327.0
llama3-8b_conv300,2444,36864739000.0,489292772141.0
llama3-8b_conv300,2445,36864739000.0,489359426955.0
llama3-8b_conv300,2446,36864739000.0,489426081769.0
llama3-8b_conv300,2447,36864739000.0,489492736583.0
llama3-8b_conv300,2448,36864739000.0,489559391397.0
llama3-8b_conv300,2449,36864739000.0,489626046211.0
llama3-8b_conv300,2450,36864739000.0,489692701025.0
llama3-8b_conv300,2451,36864739000.0,489759355839.0
llama3-8b_conv300,2452,37124806000.0,490041513848.0
llama3-8b_conv300,2453,37124806000.0,490249331505.0
llama3-8b_conv300,2454,37124806000.0,490457149162.0
llama3-8b_conv300,2455,37124806000.0,490664982691.0
llama3-8b_conv300,2456,37124806000.0,490872816220.0
llama3-8b_conv300,2457,37124806000.0,491080649749.0
llama3-8b_conv300,2458,37124806000.0,491288483278.0
llama3-8b_conv300,2459,37124806000.0,491496316807.0
llama3-8b_conv300,2460,37124806000.0,491704150336.0
llama3-8b_conv300,2461,37124806000.0,491912027385.0
llama3-8b_conv300,2462,37124806000.0,492119904434.0
llama3-8b_conv300,2463,37124806000.0,492327781483.0
llama3-8b_conv300,2464,37124806000.0,492535658532.0
llama3-8b_conv300,2465,37124806000.0,492743535581.0
llama3-8b_conv300,2466,37124806000.0,492951412630.0
llama3-8b_conv300,2467,37124806000.0,493159289679.0
llama3-8b_conv300,2468,37124806000.0,493367166728.0
llama3-8b_conv300,2469,37124806000.0,493575043777.0
llama3-8b_conv300,2470,37124806000.0,493782920826.0
llama3-8b_conv300,2471,37124806000.0,493990797875.0
llama3-8b_conv300,2472,37124806000.0,494198674924.0
llama3-8b_conv300,2473,37124806000.0,494406551973.0
llama3-8b_conv300,2474,37124806000.0,494614429022.0
llama3-8b_conv300,2475,37124806000.0,494822321943.0
llama3-8b_conv300,2476,37124806000.0,495030214864.0
llama3-8b_conv300,2477,37124806000.0,495238123657.0
llama3-8b_conv300,2478,37124806000.0,495446032450.0
llama3-8b_conv300,2479,37124806000.0,495653941243.0
llama3-8b_conv300,2480,37124806000.0,495861850036.0
llama3-8b_conv300,2481,37124806000.0,496069758829.0
llama3-8b_conv300,2482,37475965000.0,496552409443.0
llama3-8b_conv300,2483,37475965000.0,496959283545.0
llama3-8b_conv300,2484,37475965000.0,497036639054.0
llama3-8b_conv300,2485,37475965000.0,497319100515.0
llama3-8b_conv300,2486,37475965000.0,497601561976.0
llama3-8b_conv300,2487,37475965000.0,497884039309.0
llama3-8b_conv300,2488,37475965000.0,498166516642.0
llama3-8b_conv300,2489,37475965000.0,498448993975.0
llama3-8b_conv300,2490,37475965000.0,498731471308.0
llama3-8b_conv300,2491,37475965000.0,499013948641.0
llama3-8b_conv300,2492,37475965000.0,499296425974.0
llama3-8b_conv300,2493,37475965000.0,499578903307.0
llama3-8b_conv300,2494,37475965000.0,499861380640.0
llama3-8b_conv300,2495,37475965000.0,500069273561.0
llama3-8b_conv300,2496,37475965000.0,500277166482.0
llama3-8b_conv300,2497,37475965000.0,500485059403.0
llama3-8b_conv300,2498,37475965000.0,500692952324.0
llama3-8b_conv300,2499,37475965000.0,500900845245.0
llama3-8b_conv300,2500,37475965000.0,501108738166.0
llama3-8b_conv300,2501,37475965000.0,501316631087.0
llama3-8b_conv300,2502,37475965000.0,501524524008.0
llama3-8b_conv300,2503,37475965000.0,501732416929.0
llama3-8b_conv300,2504,37475965000.0,501940309850.0
llama3-8b_conv300,2505,37475965000.0,502148202771.0
llama3-8b_conv300,2506,37475965000.0,502356095692.0
llama3-8b_conv300,2507,37475965000.0,502563988613.0
llama3-8b_conv300,2508,37475965000.0,502771881534.0
llama3-8b_conv300,2509,37475965000.0,502979774455.0
llama3-8b_conv300,2510,37475965000.0,503187667376.0
llama3-8b_conv300,2511,37475965000.0,503395560297.0
llama3-8b_conv300,2512,37475965000.0,503603453218.0
llama3-8b_conv300,2513,37475965000.0,503811346139.0
llama3-8b_conv300,2514,37475965000.0,504019239060.0
llama3-8b_conv300,2515,37475965000.0,504227131981.0
llama3-8b_conv300,2516,37475965000.0,504435024902.0
llama3-8b_conv300,2517,37475965000.0,504642917823.0
llama3-8b_conv300,2518,37475965000.0,504850810744.0
llama3-8b_conv300,2519,37475965000.0,505058703665.0
llama3-8b_conv300,2520,37475965000.0,505266596586.0
llama3-8b_conv300,2521,37475965000.0,505474489507.0
llama3-8b_conv300,2522,37475965000.0,505682382428.0
llama3-8b_conv300,2523,37475965000.0,505890275349.0
llama3-8b_conv300,2524,37475965000.0,506098168270.0
llama3-8b_conv300,2525,37475965000.0,506306061191.0
llama3-8b_conv300,2526,37475965000.0,506513954112.0
llama3-8b_conv300,2527,37475965000.0,506721847033.0
llama3-8b_conv300,2528,37475965000.0,506929739954.0
llama3-8b_conv300,2529,37475965000.0,507137632875.0
llama3-8b_conv300,2530,37475965000.0,507345525796.0
llama3-8b_conv300,2531,37475965000.0,507553418717.0
llama3-8b_conv300,2532,37475965000.0,507761311638.0
llama3-8b_conv300,2533,37475965000.0,507969220431.0
llama3-8b_conv300,2534,37475965000.0,508177129224.0
llama3-8b_conv300,2535,38154930000.0,508485325208.0
llama3-8b_conv300,2536,38154930000.0,508767675565.0
llama3-8b_conv300,2537,38154930000.0,509050025922.0
llama3-8b_conv300,2538,38154930000.0,509332376279.0
llama3-8b_conv300,2539,38154930000.0,509614726636.0
llama3-8b_conv300,2540,38154930000.0,509897076993.0
llama3-8b_conv300,2541,38154930000.0,510179427350.0
llama3-8b_conv300,2542,38154930000.0,510461777707.0
llama3-8b_conv300,2543,38154930000.0,510744128064.0
llama3-8b_conv300,2544,38154930000.0,511026478421.0
llama3-8b_conv300,2545,38154930000.0,511234432782.0
llama3-8b_conv300,2546,38154930000.0,511442387143.0
llama3-8b_conv300,2547,38154930000.0,511650357376.0
llama3-8b_conv300,2548,38154930000.0,511858327609.0
llama3-8b_conv300,2549,38154930000.0,512066297842.0
llama3-8b_conv300,2550,38154930000.0,512274268075.0
llama3-8b_conv300,2551,38154930000.0,512482238308.0
llama3-8b_conv300,2552,38154930000.0,512690208541.0
llama3-8b_conv300,2553,38154930000.0,512898178774.0
llama3-8b_conv300,2554,38392642000.0,513380890828.0
llama3-8b_conv300,2555,38392642000.0,513787810498.0
llama3-8b_conv300,2556,38392642000.0,514341235896.0
llama3-8b_conv300,2557,38392642000.0,514908878510.0
llama3-8b_conv300,2558,38392642000.0,515619750052.0
llama3-8b_conv300,2559,38392642000.0,516480404122.0
llama3-8b_conv300,2560,38392642000.0,517355181200.0
llama3-8b_conv300,2561,38549044000.0,518233804997.0
llama3-8b_conv300,2562,38549044000.0,518595881690.0
llama3-8b_conv300,2563,38549044000.0,519005715695.0
llama3-8b_conv300,2564,38813332000.0,519387430052.0
llama3-8b_conv300,2565,38813332000.0,519797232313.0
llama3-8b_conv300,2566,38813332000.0,519957450701.0
llama3-8b_conv300,2567,38813332000.0,520239965246.0
llama3-8b_conv300,2568,38813332000.0,520522479791.0
llama3-8b_conv300,2569,38813332000.0,520804994336.0
llama3-8b_conv300,2570,38813332000.0,521087929909.0
llama3-8b_conv300,2571,38813332000.0,521370881354.0
llama3-8b_conv300,2572,38813332000.0,521653832799.0
llama3-8b_conv300,2573,38813332000.0,521936784244.0
llama3-8b_conv300,2574,38813332000.0,522219735689.0
llama3-8b_conv300,2575,38813332000.0,522502687134.0
llama3-8b_conv300,2576,38813332000.0,522785638579.0
llama3-8b_conv300,2577,38813332000.0,523068590024.0
llama3-8b_conv300,2578,39091915000.0,523429715933.0
llama3-8b_conv300,2579,39091915000.0,523839629298.0
llama3-8b_conv300,2580,39091915000.0,524322054151.0
llama3-8b_conv300,2581,39091915000.0,524895565852.0
llama3-8b_conv300,2582,39091915000.0,525602996273.0
llama3-8b_conv300,2583,39091915000.0,526321546822.0
llama3-8b_conv300,2584,39091915000.0,527220022363.0
llama3-8b_conv300,2585,39091915000.0,528120746608.0
llama3-8b_conv300,2586,39220584000.0,528622045475.0
llama3-8b_conv300,2587,39220584000.0,529100228406.0
llama3-8b_conv300,2588,39324127000.0,530092791272.0
llama3-8b_conv300,2589,39324127000.0,530458480666.0
llama3-8b_conv300,2590,39637764000.0,530871255401.0
llama3-8b_conv300,2591,39645191000.0,535838178871.0
llama3-8b_conv300,2592,39645191000.0,536184155269.0
llama3-8b_conv300,2593,39645191000.0,536705864794.0
llama3-8b_conv300,2594,39645191000.0,536758924857.0
llama3-8b_conv300,2595,39645191000.0,536982864060.0
llama3-8b_conv300,2596,39645191000.0,537206803263.0
llama3-8b_conv300,2597,39645191000.0,537430742466.0
llama3-8b_conv300,2598,39645191000.0,537654681669.0
llama3-8b_conv300,2599,39645191000.0,537878620872.0
llama3-8b_conv300,2600,39645191000.0,538102560075.0
llama3-8b_conv300,2601,39645191000.0,538326499278.0
llama3-8b_conv300,2602,39645191000.0,538550438481.0
llama3-8b_conv300,2603,39645191000.0,538774377684.0
llama3-8b_conv300,2604,39645191000.0,538998316887.0
llama3-8b_conv300,2605,39645191000.0,539222271962.0
llama3-8b_conv300,2606,39645191000.0,539446227037.0
llama3-8b_conv300,2607,39645191000.0,539670182112.0
llama3-8b_conv300,2608,39645191000.0,539894137187.0
llama3-8b_conv300,2609,39645191000.0,540118092262.0
llama3-8b_conv300,2610,40041867000.0,540146730629.0
llama3-8b_conv300,2611,40041867000.0,540199760996.0
llama3-8b_conv300,2612,40041867000.0,540423559399.0
llama3-8b_conv300,2613,40041867000.0,540647357802.0
llama3-8b_conv300,2614,40041867000.0,540871156205.0
llama3-8b_conv300,2615,40041867000.0,541094954608.0
llama3-8b_conv300,2616,40041867000.0,541318753011.0
llama3-8b_conv300,2617,40041867000.0,541542551414.0
llama3-8b_conv300,2618,40041867000.0,541766349817.0
llama3-8b_conv300,2619,40041867000.0,541990148220.0
llama3-8b_conv300,2620,40041867000.0,542213946623.0
llama3-8b_conv300,2621,40041867000.0,542437745026.0
llama3-8b_conv300,2622,40041867000.0,542661543429.0
llama3-8b_conv300,2623,40041867000.0,542906025261.0
llama3-8b_conv300,2624,40041867000.0,543150522965.0
llama3-8b_conv300,2625,40041867000.0,543395020669.0
llama3-8b_conv300,2626,40041867000.0,543639518373.0
llama3-8b_conv300,2627,40041867000.0,543884016077.0
llama3-8b_conv300,2628,40041867000.0,544128513781.0
llama3-8b_conv300,2629,40041867000.0,544373011485.0
llama3-8b_conv300,2630,40041867000.0,544617509189.0
llama3-8b_conv300,2631,40041867000.0,544862006893.0
llama3-8b_conv300,2632,40041867000.0,545106504597.0
llama3-8b_conv300,2633,40041867000.0,545351002301.0
llama3-8b_conv300,2634,40041867000.0,545595500005.0
llama3-8b_conv300,2635,40350634000.0,545993277492.0
llama3-8b_conv300,2636,40350634000.0,546385042051.0
llama3-8b_conv300,2637,40350634000.0,546844390610.0
llama3-8b_conv300,2638,40350634000.0,547402350369.0
llama3-8b_conv300,2639,40350634000.0,548093430128.0
llama3-8b_conv300,2640,40479164000.0,548674446782.0
llama3-8b_conv300,2641,40479164000.0,549057416716.0
llama3-8b_conv300,2642,40479164000.0,549409434890.0
llama3-8b_conv300,2643,40479164000.0,549632741261.0
llama3-8b_conv300,2644,40479164000.0,549856047632.0
llama3-8b_conv300,2645,40479164000.0,550079354003.0
llama3-8b_conv300,2646,40479164000.0,550302660374.0
llama3-8b_conv300,2647,40479164000.0,550525966745.0
llama3-8b_conv300,2648,40479164000.0,550749273116.0
llama3-8b_conv300,2649,40479164000.0,550972579487.0
llama3-8b_conv300,2650,40479164000.0,551195885858.0
llama3-8b_conv300,2651,40479164000.0,551419192229.0
llama3-8b_conv300,2652,40479164000.0,551642498600.0
llama3-8b_conv300,2653,40479164000.0,551865804971.0
llama3-8b_conv300,2654,40479164000.0,552110128083.0
llama3-8b_conv300,2655,40479164000.0,552392636831.0
llama3-8b_conv300,2656,40479164000.0,552675145579.0
llama3-8b_conv300,2657,40479164000.0,552957654327.0
llama3-8b_conv300,2658,40479164000.0,553240163075.0
llama3-8b_conv300,2659,40479164000.0,553522671823.0
llama3-8b_conv300,2660,40479164000.0,553805180571.0
llama3-8b_conv300,2661,40479164000.0,554087689319.0
llama3-8b_conv300,2662,40479164000.0,554370198067.0
llama3-8b_conv300,2663,40479164000.0,554652706815.0
llama3-8b_conv300,2664,40479164000.0,554935215563.0
llama3-8b_conv300,2665,40479164000.0,555217724311.0
llama3-8b_conv300,2666,40479164000.0,555500233059.0
llama3-8b_conv300,2667,40479164000.0,555782741807.0
llama3-8b_conv300,2668,40479164000.0,556065250555.0
llama3-8b_conv300,2669,40479164000.0,556347759303.0
llama3-8b_conv300,2670,40479164000.0,556630268051.0
llama3-8b_conv300,2671,40479164000.0,556912776799.0
llama3-8b_conv300,2672,40479164000.0,557195285547.0
llama3-8b_conv300,2673,40479164000.0,557477794295.0
llama3-8b_conv300,2674,40479164000.0,557760303043.0
llama3-8b_conv300,2675,40479164000.0,558042811791.0
llama3-8b_conv300,2676,40479164000.0,558325320539.0
llama3-8b_conv300,2677,40479164000.0,558607829287.0
llama3-8b_conv300,2678,41125873000.0,558763258781.0
llama3-8b_conv300,2679,41125873000.0,559007393477.0
llama3-8b_conv300,2680,41125873000.0,559251530221.0
llama3-8b_conv300,2681,41125873000.0,559495666965.0
llama3-8b_conv300,2682,41125873000.0,559739803709.0
llama3-8b_conv300,2683,41125873000.0,559983940453.0
llama3-8b_conv300,2684,41125873000.0,560228077197.0
llama3-8b_conv300,2685,41125873000.0,560472213941.0
llama3-8b_conv300,2686,41125873000.0,560716350685.0
llama3-8b_conv300,2687,41125873000.0,560960487429.0
llama3-8b_conv300,2688,41125873000.0,561204624173.0
llama3-8b_conv300,2689,41125873000.0,561448760917.0
llama3-8b_conv300,2690,41125873000.0,561730940449.0
llama3-8b_conv300,2691,41125873000.0,562013119981.0
llama3-8b_conv300,2692,41125873000.0,562295299513.0
llama3-8b_conv300,2693,41125873000.0,562577359914.0
llama3-8b_conv300,2694,41125873000.0,562859420315.0
llama3-8b_conv300,2695,41125873000.0,563141480716.0
llama3-8b_conv300,2696,41125873000.0,563423543165.0
llama3-8b_conv300,2697,41357391000.0,563737829953.0
llama3-8b_conv300,2698,41357391000.0,564020011533.0
llama3-8b_conv300,2699,41357391000.0,564302208985.0
llama3-8b_conv300,2700,41357391000.0,564584406437.0
llama3-8b_conv300,2701,41357391000.0,564866603889.0
llama3-8b_conv300,2702,41357391000.0,565148801341.0
llama3-8b_conv300,2703,41357391000.0,565430998793.0
llama3-8b_conv300,2704,41357391000.0,565713196245.0
llama3-8b_conv300,2705,41357391000.0,565995393697.0
llama3-8b_conv300,2706,41357391000.0,566277591149.0
llama3-8b_conv300,2707,41357391000.0,566559788601.0
llama3-8b_conv300,2708,41357391000.0,566841986053.0
llama3-8b_conv300,2709,41357391000.0,567124183505.0
llama3-8b_conv300,2710,41357391000.0,567406380957.0
llama3-8b_conv300,2711,41357391000.0,567688578409.0
llama3-8b_conv300,2712,41357391000.0,567970775861.0
llama3-8b_conv300,2713,41357391000.0,568252973313.0
llama3-8b_conv300,2714,41357391000.0,568535170765.0
llama3-8b_conv300,2715,41357391000.0,568817368217.0
llama3-8b_conv300,2716,41357391000.0,569099565669.0
llama3-8b_conv300,2717,41357391000.0,569381763121.0
llama3-8b_conv300,2718,41357391000.0,569663960573.0
llama3-8b_conv300,2719,41357391000.0,569946158025.0
llama3-8b_conv300,2720,41357391000.0,570228355477.0
llama3-8b_conv300,2721,41357391000.0,570510552929.0
llama3-8b_conv300,2722,41357391000.0,570792750381.0
llama3-8b_conv300,2723,41357391000.0,571074947833.0
llama3-8b_conv300,2724,41357391000.0,571357145285.0
llama3-8b_conv300,2725,41357391000.0,571639342737.0
llama3-8b_conv300,2726,41357391000.0,571921540189.0
llama3-8b_conv300,2727,41357391000.0,572203737641.0
llama3-8b_conv300,2728,41357391000.0,572485935093.0
llama3-8b_conv300,2729,41357391000.0,572768132545.0
llama3-8b_conv300,2730,41357391000.0,573050329997.0
llama3-8b_conv300,2731,41357391000.0,573332527449.0
llama3-8b_conv300,2732,41357391000.0,573614724901.0
llama3-8b_conv300,2733,41357391000.0,573896938225.0
llama3-8b_conv300,2734,41357391000.0,574179151549.0
llama3-8b_conv300,2735,41357391000.0,574461364873.0
llama3-8b_conv300,2736,41357391000.0,574743578197.0
llama3-8b_conv300,2737,41357391000.0,575025791521.0
llama3-8b_conv300,2738,41357391000.0,575308004845.0
llama3-8b_conv300,2739,41357391000.0,575590218169.0
llama3-8b_conv300,2740,41357391000.0,575872463237.0
llama3-8b_conv300,2741,41357391000.0,576154708305.0
llama3-8b_conv300,2742,41357391000.0,576436953373.0
llama3-8b_conv300,2743,41357391000.0,576719198441.0
llama3-8b_conv300,2744,41357391000.0,577001443509.0
llama3-8b_conv300,2745,41357391000.0,577283688577.0
llama3-8b_conv300,2746,41357391000.0,577565933645.0
llama3-8b_conv300,2747,41357391000.0,577848178713.0
llama3-8b_conv300,2748,41357391000.0,578130423781.0
llama3-8b_conv300,2749,41357391000.0,578412668849.0
llama3-8b_conv300,2750,41357391000.0,578694913917.0
llama3-8b_conv300,2751,41357391000.0,578977158985.0
llama3-8b_conv300,2752,41357391000.0,579259419925.0
llama3-8b_conv300,2753,41357391000.0,579541680865.0
llama3-8b_conv300,2754,41357391000.0,579823941805.0
llama3-8b_conv300,2755,41357391000.0,580106202745.0
llama3-8b_conv300,2756,41357391000.0,580388463685.0
llama3-8b_conv300,2757,41357391000.0,580670724625.0
llama3-8b_conv300,2758,41357391000.0,580952985565.0
llama3-8b_conv300,2759,41357391000.0,581235246505.0
llama3-8b_conv300,2760,41357391000.0,581517507445.0
llama3-8b_conv300,2761,41357391000.0,581799768385.0
llama3-8b_conv300,2762,41357391000.0,582082029325.0
llama3-8b_conv300,2763,41357391000.0,582364290265.0
llama3-8b_conv300,2764,41357391000.0,582646551205.0
llama3-8b_conv300,2765,41357391000.0,582928812145.0
llama3-8b_conv300,2766,41357391000.0,583211073085.0
llama3-8b_conv300,2767,41357391000.0,583493334025.0
llama3-8b_conv300,2768,41357391000.0,583775594965.0
llama3-8b_conv300,2769,41357391000.0,584057855905.0
llama3-8b_conv300,2770,41357391000.0,584340116845.0
llama3-8b_conv300,2771,41357391000.0,584622409529.0
llama3-8b_conv300,2772,41357391000.0,584904702213.0
llama3-8b_conv300,2773,41357391000.0,585186994897.0
llama3-8b_conv300,2774,41357391000.0,585469287581.0
llama3-8b_conv300,2775,41357391000.0,585751580265.0
llama3-8b_conv300,2776,41357391000.0,586033872949.0
llama3-8b_conv300,2777,42334055000.0,586396176456.0
llama3-8b_conv300,2778,42334055000.0,586873601627.0
llama3-8b_conv300,2779,42334055000.0,586998624216.0
llama3-8b_conv300,2780,42334055000.0,587281071524.0
llama3-8b_conv300,2781,42334055000.0,587563383829.0
llama3-8b_conv300,2782,42334055000.0,587845712006.0
llama3-8b_conv300,2783,42334055000.0,588128040183.0
llama3-8b_conv300,2784,42334055000.0,588410368360.0
llama3-8b_conv300,2785,42334055000.0,588692696537.0
llama3-8b_conv300,2786,42334055000.0,588975024714.0
llama3-8b_conv300,2787,42530625000.0,591198776572.0
llama3-8b_conv300,2788,42545263000.0,591545833995.0
llama3-8b_conv300,2789,42545263000.0,591937176154.0
llama3-8b_conv300,2790,42563820000.0,592349314888.0
llama3-8b_conv300,2791,42563820000.0,592731160982.0
llama3-8b_conv300,2792,42685223000.0,593405434435.0
llama3-8b_conv300,2793,42691238000.0,593799419758.0
llama3-8b_conv300,2794,42691238000.0,594326185497.0
llama3-8b_conv300,2795,42715300000.0,594706370499.0
llama3-8b_conv300,2796,42715300000.0,595073388653.0
llama3-8b_conv300,2797,42715300000.0,595553669399.0
llama3-8b_conv300,2798,42808573000.0,595992460032.0
llama3-8b_conv300,2799,42999747000.0,596362826119.0
llama3-8b_conv300,2800,42999747000.0,596444920280.0
llama3-8b_conv300,2801,42999747000.0,596463406849.0
llama3-8b_conv300,2802,42999747000.0,596481893418.0
llama3-8b_conv300,2803,42999747000.0,596500379987.0
llama3-8b_conv300,2804,42999747000.0,596518866556.0
llama3-8b_conv300,2805,42999747000.0,596537353125.0
llama3-8b_conv300,2806,42999747000.0,596581858195.0
llama3-8b_conv300,2807,43193461000.0,596693658559.0
llama3-8b_conv300,2808,43193461000.0,596712002280.0
llama3-8b_conv300,2809,43193461000.0,596730346001.0
llama3-8b_conv300,2810,43193461000.0,596748689722.0
llama3-8b_conv300,2811,43193461000.0,596767033443.0
llama3-8b_conv300,2812,43193461000.0,596785377164.0
llama3-8b_conv300,2813,43193461000.0,596803720885.0
llama3-8b_conv300,2814,43193461000.0,596822064606.0
llama3-8b_conv300,2815,43193461000.0,596840408327.0
llama3-8b_conv300,2816,43193461000.0,596858767920.0
llama3-8b_conv300,2817,43193461000.0,596877127513.0
llama3-8b_conv300,2818,43193461000.0,596895487106.0
llama3-8b_conv300,2819,43193461000.0,596913862571.0
llama3-8b_conv300,2820,43193461000.0,596932238036.0
llama3-8b_conv300,2821,43193461000.0,596950613501.0
llama3-8b_conv300,2822,43193461000.0,596968988966.0
llama3-8b_conv300,2823,43193461000.0,596987364431.0
llama3-8b_conv300,2824,43193461000.0,597005739896.0
llama3-8b_conv300,2825,43193461000.0,597024115361.0
llama3-8b_conv300,2826,43193461000.0,597042506698.0
llama3-8b_conv300,2827,43193461000.0,597060913907.0
llama3-8b_conv300,2828,43193461000.0,597079321116.0
llama3-8b_conv300,2829,43193461000.0,597097728325.0
llama3-8b_conv300,2830,43193461000.0,597116151406.0
llama3-8b_conv300,2831,43193461000.0,597134574487.0
llama3-8b_conv300,2832,43193461000.0,597152997568.0
llama3-8b_conv300,2833,43193461000.0,597171420649.0
llama3-8b_conv300,2834,43193461000.0,597189843730.0
llama3-8b_conv300,2835,43193461000.0,597208266811.0
llama3-8b_conv300,2836,43193461000.0,597226689892.0
llama3-8b_conv300,2837,43589055000.0,597516328455.0
llama3-8b_conv300,2838,43609910000.0,597996524299.0
llama3-8b_conv300,2839,43609910000.0,598399502351.0
llama3-8b_conv300,2840,43609910000.0,598595288184.0
llama3-8b_conv300,2841,43609910000.0,598922147352.0
llama3-8b_conv300,2842,43609910000.0,599249006520.0
llama3-8b_conv300,2843,43609910000.0,599575865688.0
llama3-8b_conv300,2844,43609910000.0,599902724856.0
llama3-8b_conv300,2845,43791124000.0,600149577146.0
llama3-8b_conv300,2846,43791124000.0,600483837046.0
llama3-8b_conv300,2847,43791124000.0,600818096946.0
llama3-8b_conv300,2848,43791124000.0,601152356846.0
llama3-8b_conv300,2849,43791124000.0,601486616746.0
llama3-8b_conv300,2850,43791124000.0,601820876646.0
llama3-8b_conv300,2851,43791124000.0,602155136546.0
llama3-8b_conv300,2852,43893426000.0,602867988292.0
llama3-8b_conv300,2853,43893426000.0,603338332262.0
llama3-8b_conv300,2854,43923071000.0,603899333862.0
llama3-8b_conv300,2855,43923071000.0,604305445926.0
llama3-8b_conv300,2856,44040741000.0,604732076485.0
llama3-8b_conv300,2857,44040741000.0,605074482980.0
llama3-8b_conv300,2858,44040741000.0,605526107779.0
llama3-8b_conv300,2859,44061321000.0,605979702466.0
llama3-8b_conv300,2860,44061321000.0,606359423009.0
llama3-8b_conv300,2861,44061321000.0,606573286360.0
llama3-8b_conv300,2862,44061321000.0,606786670631.0
llama3-8b_conv300,2863,44061321000.0,607000054902.0
llama3-8b_conv300,2864,44061321000.0,607213439173.0
llama3-8b_conv300,2865,44061321000.0,607426823444.0
llama3-8b_conv300,2866,44061321000.0,607640207715.0
llama3-8b_conv300,2867,44061321000.0,607853591986.0
llama3-8b_conv300,2868,44061321000.0,608067008001.0
llama3-8b_conv300,2869,44061321000.0,608280424016.0
llama3-8b_conv300,2870,44061321000.0,608493840031.0
llama3-8b_conv300,2871,44061321000.0,608707256046.0
llama3-8b_conv300,2872,44061321000.0,608920672061.0
llama3-8b_conv300,2873,44061321000.0,609134088076.0
llama3-8b_conv300,2874,44061321000.0,609347504091.0
llama3-8b_conv300,2875,44061321000.0,609560920106.0
llama3-8b_conv300,2876,44061321000.0,609774336121.0
llama3-8b_conv300,2877,44061321000.0,609987752136.0
llama3-8b_conv300,2878,44061321000.0,610201168151.0
llama3-8b_conv300,2879,44061321000.0,610433876042.0
llama3-8b_conv300,2880,44061321000.0,610666599805.0
llama3-8b_conv300,2881,44061321000.0,611008791925.0
llama3-8b_conv300,2882,44061321000.0,611351027565.0
llama3-8b_conv300,2883,44061321000.0,611693263205.0
llama3-8b_conv300,2884,44061321000.0,612035498845.0
llama3-8b_conv300,2885,44061321000.0,612377734485.0
llama3-8b_conv300,2886,44061321000.0,612720001869.0
llama3-8b_conv300,2887,44061321000.0,613062269253.0
llama3-8b_conv300,2888,44061321000.0,613404536637.0
llama3-8b_conv300,2889,44061321000.0,613746804021.0
llama3-8b_conv300,2890,44061321000.0,614089071405.0
llama3-8b_conv300,2891,44061321000.0,614431338789.0
llama3-8b_conv300,2892,44061321000.0,614773606173.0
llama3-8b_conv300,2893,44061321000.0,615108329945.0
llama3-8b_conv300,2894,44061321000.0,615443053717.0
llama3-8b_conv300,2895,44061321000.0,615777777489.0
llama3-8b_conv300,2896,44061321000.0,616112501261.0
llama3-8b_conv300,2897,44061321000.0,616447225033.0
llama3-8b_conv300,2898,44061321000.0,616781948805.0
llama3-8b_conv300,2899,44061321000.0,617116704321.0
llama3-8b_conv300,2900,44061321000.0,617451459837.0
llama3-8b_conv300,2901,44828079000.0,618164807199.0
llama3-8b_conv300,2902,44828079000.0,618635646785.0
llama3-8b_conv300,2903,44828079000.0,618791212782.0
llama3-8b_conv300,2904,44828079000.0,619133507814.0
llama3-8b_conv300,2905,44828079000.0,619475802846.0
llama3-8b_conv300,2906,44828079000.0,619818097878.0
llama3-8b_conv300,2907,44828079000.0,620160408782.0
llama3-8b_conv300,2908,44828079000.0,620502719686.0
llama3-8b_conv300,2909,45009757000.0,620984279558.0
llama3-8b_conv300,2910,45009757000.0,621390918982.0
llama3-8b_conv300,2911,45025513000.0,621992694021.0
llama3-8b_conv300,2912,45025513000.0,622372271716.0
llama3-8b_conv300,2913,45104946000.0,622811115265.0
llama3-8b_conv300,2914,45104946000.0,623297322110.0
llama3-8b_conv300,2915,45174957000.0,623701352888.0
llama3-8b_conv300,2916,45174957000.0,624184494418.0
llama3-8b_conv300,2917,45246852000.0,624566372714.0
llama3-8b_conv300,2918,45246852000.0,624909397314.0
llama3-8b_conv300,2919,45246852000.0,625412639110.0
llama3-8b_conv300,2920,45502752000.0,625869292381.0
llama3-8b_conv300,2921,45502752000.0,626251050292.0
llama3-8b_conv300,2922,45530242000.0,626646769033.0
llama3-8b_conv300,2923,45530242000.0,627025109374.0
llama3-8b_conv300,2924,45530242000.0,627386601840.0
llama3-8b_conv300,2925,45530242000.0,627461251529.0
llama3-8b_conv300,2926,45530242000.0,627535901218.0
llama3-8b_conv300,2927,45530242000.0,627610550907.0
llama3-8b_conv300,2928,45530242000.0,627685200596.0
llama3-8b_conv300,2929,45530242000.0,627759866157.0
llama3-8b_conv300,2930,45530242000.0,627834531718.0
llama3-8b_conv300,2931,45530242000.0,627909197279.0
llama3-8b_conv300,2932,45530242000.0,627983862840.0
llama3-8b_conv300,2933,45530242000.0,628058528401.0
llama3-8b_conv300,2934,45530242000.0,628133193962.0
llama3-8b_conv300,2935,45530242000.0,628207859523.0
llama3-8b_conv300,2936,45530242000.0,628282525084.0
llama3-8b_conv300,2937,45530242000.0,628357190645.0
llama3-8b_conv300,2938,45530242000.0,628431856206.0
llama3-8b_conv300,2939,45530242000.0,628506537639.0
llama3-8b_conv300,2940,45530242000.0,628581219072.0
llama3-8b_conv300,2941,45530242000.0,628655916377.0
llama3-8b_conv300,2942,45530242000.0,628730613682.0
llama3-8b_conv300,2943,45530242000.0,628805310987.0
llama3-8b_conv300,2944,45980822000.0,629154476544.0
llama3-8b_conv300,2945,45980822000.0,629534976501.0
llama3-8b_conv300,2946,45980822000.0,629989671402.0
llama3-8b_conv300,2947,45980822000.0,630539810783.0
llama3-8b_conv300,2948,45980822000.0,631218372052.0
llama3-8b_conv300,2949,45980822000.0,631898907593.0
llama3-8b_conv300,2950,46102321000.0,632369736477.0
llama3-8b_conv300,2951,46102321000.0,632884717873.0
llama3-8b_conv300,2952,46102321000.0,633464715077.0
llama3-8b_conv300,2953,46102321000.0,634118541657.0
llama3-8b_conv300,2954,46102321000.0,635047243117.0
llama3-8b_conv300,2955,46102321000.0,635977914753.0
llama3-8b_conv300,2956,46102321000.0,637055260053.0
llama3-8b_conv300,2957,46102321000.0,638133606313.0
llama3-8b_conv300,2958,46190439000.0,643819728893.0
llama3-8b_conv300,2959,46190439000.0,644297914385.0
llama3-8b_conv300,2960,46230075000.0,644719144517.0
llama3-8b_conv300,2961,46230075000.0,645197266521.0
llama3-8b_conv300,2962,46406559000.0,645614099980.0
llama3-8b_conv300,2963,46406559000.0,646294538271.0
llama3-8b_conv300,2964,46626689000.0,646722384464.0
llama3-8b_conv300,2965,46678144000.0,660961703648.0
llama3-8b_conv300,2966,46678144000.0,661388666129.0
llama3-8b_conv300,2967,46678144000.0,661880374082.0
llama3-8b_conv300,2968,46678144000.0,662459961715.0
llama3-8b_conv300,2969,46678144000.0,663168679844.0
llama3-8b_conv300,2970,46678144000.0,663906491861.0
llama3-8b_conv300,2971,46678144000.0,664790969350.0
llama3-8b_conv300,2972,46678144000.0,665677408823.0
llama3-8b_conv300,2973,47209725000.0,666488859335.0
llama3-8b_conv300,2974,47209725000.0,670215552512.0
llama3-8b_conv300,2975,47459940000.0,670717252687.0
llama3-8b_conv300,2976,47459940000.0,671150127774.0
llama3-8b_conv300,2977,47459940000.0,671600453980.0
llama3-8b_conv300,2978,47459940000.0,671669431743.0
llama3-8b_conv300,2979,47459940000.0,671738409506.0
llama3-8b_conv300,2980,47459940000.0,671807403141.0
llama3-8b_conv300,2981,47459940000.0,671874937260.0
llama3-8b_conv300,2982,47459940000.0,671942471379.0
llama3-8b_conv300,2983,47459940000.0,672010005498.0
llama3-8b_conv300,2984,47459940000.0,672077539617.0
llama3-8b_conv300,2985,47459940000.0,672143202573.0
llama3-8b_conv300,2986,47459940000.0,672208865529.0
llama3-8b_conv300,2987,47734062000.0,672589440810.0
llama3-8b_conv300,2988,47734062000.0,673017197915.0
llama3-8b_conv300,2989,47734062000.0,673313201064.0
llama3-8b_conv300,2990,47734062000.0,673380401871.0
llama3-8b_conv300,2991,47734062000.0,673447618550.0
llama3-8b_conv300,2992,47734062000.0,673514835229.0
llama3-8b_conv300,2993,47734062000.0,673582051908.0
llama3-8b_conv300,2994,47925302000.0,673975845012.0
llama3-8b_conv300,2995,47925302000.0,674401480420.0
llama3-8b_conv300,2996,47925302000.0,674512900890.0
llama3-8b_conv300,2997,48032991000.0,675014220137.0
llama3-8b_conv300,2998,48032991000.0,675446730168.0
llama3-8b_conv300,2999,48045529000.0,675895935077.0
llama3-8b_conv300,3000,48045529000.0,676240215762.0
llama3-8b_conv300,3001,48045529000.0,676697070911.0
llama3-8b_conv300,3002,48045529000.0,677296008078.0
llama3-8b_conv300,3003,48045529000.0,678011484637.0
llama3-8b_conv300,3004,48045529000.0,678728930860.0
llama3-8b_conv300,3005,48045529000.0,679593034363.0
llama3-8b_conv300,3006,48045529000.0,680563227851.0
llama3-8b_conv300,3007,48134608000.0,681416982138.0
llama3-8b_conv300,3008,48134608000.0,681811937993.0
llama3-8b_conv300,3009,48134608000.0,682237779737.0
llama3-8b_conv300,3010,48296375000.0,684512241307.0
llama3-8b_conv300,3011,48296375000.0,684582365210.0
llama3-8b_conv300,3012,48709657000.0,685229219975.0
llama3-8b_conv300,3013,48709657000.0,685610703092.0
llama3-8b_conv300,3014,48709657000.0,685886534953.0
llama3-8b_conv300,3015,48709657000.0,685912191971.0
llama3-8b_conv300,3016,48709657000.0,685982300002.0
llama3-8b_conv300,3017,48709657000.0,686052408033.0
llama3-8b_conv300,3018,48709657000.0,686122516064.0
llama3-8b_conv300,3019,48709657000.0,686189832071.0
llama3-8b_conv300,3020,48709657000.0,686257148078.0
llama3-8b_conv300,3021,48709657000.0,686324479957.0
llama3-8b_conv300,3022,48709657000.0,686389940673.0
llama3-8b_conv300,3023,48709657000.0,686455401389.0
llama3-8b_conv300,3024,48709657000.0,686477422205.0
llama3-8b_conv300,3025,48709657000.0,686499443021.0
llama3-8b_conv300,3026,48995607000.0,686983291744.0
llama3-8b_conv300,3027,48995607000.0,687407109491.0
llama3-8b_conv300,3028,48995607000.0,687484031775.0
llama3-8b_conv300,3029,48995607000.0,687549599499.0
llama3-8b_conv300,3030,48995607000.0,687615169271.0
llama3-8b_conv300,3031,48995607000.0,687680739043.0
llama3-8b_conv300,3032,48995607000.0,687746308815.0
llama3-8b_conv300,3033,48995607000.0,687811922107.0
llama3-8b_conv300,3034,48995607000.0,687877535399.0
llama3-8b_conv300,3035,48995607000.0,687943164563.0
llama3-8b_conv300,3036,48995607000.0,688008793727.0
llama3-8b_conv300,3037,49227038000.0,688380615279.0
llama3-8b_conv300,3038,49227038000.0,688447611798.0
llama3-8b_conv300,3039,49227038000.0,688514608317.0
llama3-8b_conv300,3040,49227038000.0,688581604836.0
llama3-8b_conv300,3041,49227038000.0,688648601355.0
llama3-8b_conv300,3042,49227038000.0,688715597874.0
llama3-8b_conv300,3043,49227038000.0,688782594393.0
llama3-8b_conv300,3044,49227038000.0,688849590912.0
llama3-8b_conv300,3045,49227038000.0,688915235948.0
llama3-8b_conv300,3046,49227038000.0,688980880984.0
llama3-8b_conv300,3047,49227038000.0,689046526020.0
llama3-8b_conv300,3048,49227038000.0,689112214576.0
llama3-8b_conv300,3049,49227038000.0,689177903132.0
llama3-8b_conv300,3050,49227038000.0,689243591688.0
llama3-8b_conv300,3051,49227038000.0,689309296116.0
llama3-8b_conv300,3052,49227038000.0,689375016416.0
llama3-8b_conv300,3053,49227038000.0,689440736716.0
llama3-8b_conv300,3054,49227038000.0,689506457016.0
llama3-8b_conv300,3055,49227038000.0,689572193188.0
llama3-8b_conv300,3056,49227038000.0,689637929360.0
llama3-8b_conv300,3057,49227038000.0,689703681404.0
llama3-8b_conv300,3058,49227038000.0,689769433448.0
llama3-8b_conv300,3059,49561183000.0,689934381122.0
llama3-8b_conv300,3060,49587457000.0,690328076946.0
llama3-8b_conv300,3061,49587457000.0,690753615074.0
llama3-8b_conv300,3062,49660912000.0,691338729809.0
llama3-8b_conv300,3063,49660912000.0,691770685856.0
llama3-8b_conv300,3064,49724480000.0,692224584653.0
llama3-8b_conv300,3065,49724480000.0,692605887034.0
llama3-8b_conv300,3066,49742685000.0,693009267430.0
llama3-8b_conv300,3067,49742685000.0,693389717331.0
llama3-8b_conv300,3068,49742691000.0,697895301215.0
llama3-8b_conv300,3069,49742691000.0,698237690091.0
llama3-8b_conv300,3070,49832434000.0,698588469493.0
llama3-8b_conv300,3071,49832434000.0,698927921535.0
llama3-8b_conv300,3072,49878430000.0,699688317607.0
llama3-8b_conv300,3073,49878430000.0,700154478927.0
llama3-8b_conv300,3074,50228524000.0,700703106198.0
llama3-8b_conv300,3075,50228524000.0,701051884893.0
llama3-8b_conv300,3076,50228524000.0,701433267748.0
llama3-8b_conv300,3077,50228524000.0,701473508205.0
llama3-8b_conv300,3078,50228524000.0,701501919478.0
llama3-8b_conv300,3079,50228524000.0,701530330751.0
llama3-8b_conv300,3080,50228524000.0,701558742024.0
llama3-8b_conv300,3081,50228524000.0,701587153297.0
llama3-8b_conv300,3082,50228524000.0,701615580442.0
llama3-8b_conv300,3083,50228524000.0,701644007587.0
llama3-8b_conv300,3084,50486136000.0,702098835880.0
llama3-8b_conv300,3085,50486136000.0,702486430893.0
llama3-8b_conv300,3086,50486136000.0,702652043351.0
llama3-8b_conv300,3087,50486136000.0,702680514016.0
llama3-8b_conv300,3088,50486136000.0,702708984681.0
llama3-8b_conv300,3089,50631087000.0,704722666393.0
llama3-8b_conv300,3090,50657657000.0,705597542139.0
llama3-8b_conv300,3091,50657657000.0,705981051933.0
llama3-8b_conv300,3092,50657657000.0,706428141375.0
llama3-8b_conv300,3093,50741785000.0,707041271528.0
llama3-8b_conv300,3094,50741785000.0,707419379313.0
llama3-8b_conv300,3095,50894221000.0,707847154105.0
llama3-8b_conv300,3096,50894221000.0,708341316225.0
llama3-8b_conv300,3097,50908333000.0,708770560239.0
llama3-8b_conv300,3098,50908333000.0,709115130653.0
llama3-8b_conv300,3099,50995179000.0,709461415178.0
llama3-8b_conv300,3100,51121242000.0,713992648246.0
llama3-8b_conv300,3101,51121242000.0,714332803330.0
llama3-8b_conv300,3102,51121242000.0,714738379395.0
llama3-8b_conv300,3103,51121242000.0,714771437305.0
llama3-8b_conv300,3104,51121242000.0,714804495215.0
llama3-8b_conv300,3105,51121242000.0,714837568997.0
llama3-8b_conv300,3106,51121242000.0,714870642779.0
llama3-8b_conv300,3107,51121242000.0,714903716561.0
llama3-8b_conv300,3108,51365096000.0,715241540859.0
llama3-8b_conv300,3109,51365096000.0,715730487077.0
llama3-8b_conv300,3110,51365096000.0,716051941992.0
llama3-8b_conv300,3111,51479026000.0,716500420593.0
llama3-8b_conv300,3112,51479026000.0,716856668463.0
llama3-8b_conv300,3113,51479026000.0,716890452604.0
llama3-8b_conv300,3114,51479026000.0,716924236745.0
llama3-8b_conv300,3115,51621416000.0,717262219408.0
llama3-8b_conv300,3116,51678347000.0,717607636726.0
llama3-8b_conv300,3117,51678347000.0,717946546972.0
llama3-8b_conv300,3118,51678347000.0,718328714050.0
llama3-8b_conv300,3119,51678347000.0,718434285859.0
llama3-8b_conv300,3120,51678347000.0,718469385063.0
llama3-8b_conv300,3121,51678347000.0,718504484267.0
llama3-8b_conv300,3122,51678347000.0,718539583471.0
llama3-8b_conv300,3123,51678347000.0,718574682675.0
llama3-8b_conv300,3124,51678347000.0,718609781879.0
llama3-8b_conv300,3125,51678347000.0,718644881083.0
llama3-8b_conv300,3126,51940252000.0,720666126899.0
llama3-8b_conv300,3127,51940252000.0,720701792467.0
llama3-8b_conv300,3128,51940252000.0,720737458035.0
llama3-8b_conv300,3129,51940252000.0,720773155347.0
llama3-8b_conv300,3130,51940252000.0,720808852659.0
llama3-8b_conv300,3131,51940252000.0,720844549971.0
llama3-8b_conv300,3132,51940252000.0,720880263155.0
llama3-8b_conv300,3133,51940252000.0,720915976339.0
llama3-8b_conv300,3134,51940252000.0,720951748915.0
llama3-8b_conv300,3135,52120220000.0,721299809285.0
llama3-8b_conv300,3136,52120220000.0,721670525786.0
llama3-8b_conv300,3137,52120220000.0,721707111557.0
llama3-8b_conv300,3138,52227631000.0,722045551830.0
llama3-8b_conv300,3139,52227631000.0,722526088999.0
llama3-8b_conv300,3140,52248622000.0,722944967830.0
llama3-8b_conv300,3141,52248622000.0,723284454469.0
llama3-8b_conv300,3142,52248622000.0,723664186868.0
llama3-8b_conv300,3143,52257840000.0,724064948194.0
llama3-8b_conv300,3144,52257840000.0,724170639219.0
llama3-8b_conv300,3145,52257840000.0,724208678869.0
llama3-8b_conv300,3146,52257840000.0,724246718519.0
llama3-8b_conv300,3147,52257840000.0,724284758169.0
llama3-8b_conv300,3148,52257840000.0,724322235456.0
llama3-8b_conv300,3149,52257840000.0,724359712743.0
llama3-8b_conv300,3150,52257840000.0,724397190030.0
llama3-8b_conv300,3151,52257840000.0,724434667317.0
llama3-8b_conv300,3152,52257840000.0,724471518816.0
llama3-8b_conv300,3153,52257840000.0,724508386187.0
llama3-8b_conv300,3154,52257840000.0,724545253558.0
llama3-8b_conv300,3155,52257840000.0,724582136801.0
llama3-8b_conv300,3156,52257840000.0,724619020044.0
llama3-8b_conv300,3157,52257840000.0,724655903287.0
llama3-8b_conv300,3158,52257840000.0,724692786530.0
llama3-8b_conv300,3159,52257840000.0,724729669773.0
llama3-8b_conv300,3160,52257840000.0,724766553016.0
llama3-8b_conv300,3161,52257840000.0,724803452131.0
llama3-8b_conv300,3162,52257840000.0,724840351246.0
llama3-8b_conv300,3163,52257840000.0,724877266233.0
llama3-8b_conv300,3164,52883306000.0,725216035722.0
llama3-8b_conv300,3165,52883306000.0,725560418259.0
llama3-8b_conv300,3166,52883306000.0,725598018426.0
llama3-8b_conv300,3167,52883306000.0,725635618593.0
llama3-8b_conv300,3168,52883306000.0,725673218760.0
llama3-8b_conv300,3169,52883306000.0,725710818927.0
llama3-8b_conv300,3170,52883306000.0,725748419094.0
llama3-8b_conv300,3171,52883306000.0,725785361729.0
llama3-8b_conv300,3172,52883306000.0,725822304364.0
llama3-8b_conv300,3173,52883306000.0,725859262871.0
llama3-8b_conv300,3174,52883306000.0,725896221378.0
llama3-8b_conv300,3175,52883306000.0,725933179885.0
llama3-8b_conv300,3176,53143328000.0,726062879822.0
llama3-8b_conv300,3177,53172040000.0,726510694909.0
llama3-8b_conv300,3178,53172040000.0,726890597804.0
llama3-8b_conv300,3179,53172040000.0,726929235470.0
llama3-8b_conv300,3180,53172040000.0,726967461488.0
llama3-8b_conv300,3181,53172040000.0,727005687506.0
llama3-8b_conv300,3182,53172040000.0,727043913524.0
llama3-8b_conv300,3183,53172040000.0,727082155414.0
llama3-8b_conv300,3184,53172040000.0,727120397304.0
llama3-8b_conv300,3185,53172040000.0,727158702682.0
llama3-8b_conv300,3186,53172040000.0,727196302849.0
llama3-8b_conv300,3187,53172040000.0,727233903016.0
llama3-8b_conv300,3188,53172040000.0,727271503183.0
llama3-8b_conv300,3189,53172040000.0,727308525178.0
llama3-8b_conv300,3190,53172040000.0,727345578917.0
llama3-8b_conv300,3191,53172040000.0,727381898821.0
llama3-8b_conv300,3192,53172040000.0,727418218725.0
llama3-8b_conv300,3193,53172040000.0,727454538629.0
llama3-8b_conv300,3194,53172040000.0,727490858533.0
llama3-8b_conv300,3195,53563248000.0,727832878350.0
llama3-8b_conv300,3196,53563248000.0,727869872697.0
llama3-8b_conv300,3197,53563248000.0,727906037977.0
llama3-8b_conv300,3198,53563248000.0,727942203257.0
llama3-8b_conv300,3199,53563248000.0,727978384409.0
llama3-8b_conv300,3200,53563248000.0,728013876317.0
llama3-8b_conv300,3201,53563248000.0,728049368225.0
llama3-8b_conv300,3202,53563248000.0,728084170857.0
llama3-8b_conv300,3203,53706456000.0,728620331663.0
llama3-8b_conv300,3204,53706456000.0,729002859701.0
llama3-8b_conv300,3205,53706456000.0,729085332641.0
llama3-8b_conv300,3206,53706456000.0,729120792805.0
llama3-8b_conv300,3207,53706456000.0,729156252969.0
llama3-8b_conv300,3208,53706456000.0,729191713133.0
llama3-8b_conv300,3209,53706456000.0,729227173297.0
llama3-8b_conv300,3210,53706456000.0,729262633461.0
llama3-8b_conv300,3211,53706456000.0,729297531325.0
llama3-8b_conv300,3212,53706456000.0,729332445061.0
llama3-8b_conv300,3213,53706456000.0,729367390541.0
llama3-8b_conv300,3214,53706456000.0,729402351893.0
llama3-8b_conv300,3215,53992761000.0,729609213321.0
llama3-8b_conv300,3216,54022464000.0,730145362351.0
llama3-8b_conv300,3217,54022464000.0,730526216822.0
llama3-8b_conv300,3218,54117659000.0,730937706556.0
llama3-8b_conv300,3219,54117659000.0,731276981858.0
llama3-8b_conv300,3220,54117659000.0,731659482248.0
llama3-8b_conv300,3221,54117659000.0,731698989708.0
llama3-8b_conv300,3222,54117659000.0,731734438096.0
llama3-8b_conv300,3223,54117659000.0,731769886484.0
llama3-8b_conv300,3224,54117659000.0,731805334872.0
llama3-8b_conv300,3225,54117659000.0,731840783260.0
llama3-8b_conv300,3226,54117659000.0,731876231648.0
llama3-8b_conv300,3227,54117659000.0,731911117736.0
llama3-8b_conv300,3228,54117659000.0,731946003824.0
llama3-8b_conv300,3229,54117659000.0,731980889912.0
llama3-8b_conv300,3230,54117659000.0,732015776000.0
llama3-8b_conv300,3231,54117659000.0,732050662088.0
llama3-8b_conv300,3232,54117659000.0,732085548176.0
llama3-8b_conv300,3233,54117659000.0,732120450136.0
llama3-8b_conv300,3234,54117659000.0,732155352096.0
llama3-8b_conv300,3235,54117659000.0,732190254056.0
llama3-8b_conv300,3236,54117659000.0,732225187760.0
llama3-8b_conv300,3237,54117659000.0,732260121464.0
llama3-8b_conv300,3238,54117659000.0,732295055168.0
llama3-8b_conv300,3239,54117659000.0,732329988872.0
llama3-8b_conv300,3240,54117659000.0,732364922576.0
llama3-8b_conv300,3241,54117659000.0,732399856280.0
llama3-8b_conv300,3242,54117659000.0,732434833504.0
llama3-8b_conv300,3243,54117659000.0,732469810728.0
llama3-8b_conv300,3244,54117659000.0,732504787952.0
llama3-8b_conv300,3245,54117659000.0,732539765176.0
llama3-8b_conv300,3246,54117659000.0,732574790016.0
llama3-8b_conv300,3247,54117659000.0,732609830728.0
llama3-8b_conv300,3248,54117659000.0,732644871440.0
llama3-8b_conv300,3249,54117659000.0,732679912152.0
llama3-8b_conv300,3250,54117659000.0,732714952864.0
llama3-8b_conv300,3251,54117659000.0,732749993576.0
llama3-8b_conv300,3252,54117659000.0,732785034288.0
llama3-8b_conv300,3253,54117659000.0,732820075000.0
llama3-8b_conv300,3254,54117659000.0,732854553413.0
llama3-8b_conv300,3255,54117659000.0,732888358422.0
llama3-8b_conv300,3256,54117659000.0,732922163431.0
llama3-8b_conv300,3257,54117659000.0,732956000184.0
llama3-8b_conv300,3258,54117659000.0,732989836937.0
llama3-8b_conv300,3259,54117659000.0,733023673690.0
llama3-8b_conv300,3260,54117659000.0,733057526315.0
llama3-8b_conv300,3261,54117659000.0,733091378940.0
llama3-8b_conv300,3262,54117659000.0,733125263309.0
llama3-8b_conv300,3263,54117659000.0,733159163550.0
llama3-8b_conv300,3264,54117659000.0,733193063791.0
llama3-8b_conv300,3265,54117659000.0,733227007552.0
llama3-8b_conv300,3266,54117659000.0,733260819126.0
llama3-8b_conv300,3267,55083021000.0,733599381216.0
llama3-8b_conv300,3268,55083021000.0,734089065226.0
llama3-8b_conv300,3269,55110396000.0,734587896211.0
llama3-8b_conv300,3270,55110396000.0,734709260670.0
llama3-8b_conv300,3271,55110396000.0,734743826123.0
llama3-8b_conv300,3272,55110396000.0,734777813404.0
llama3-8b_conv300,3273,55110396000.0,734811800685.0
llama3-8b_conv300,3274,55110396000.0,734845787966.0
llama3-8b_conv300,3275,55110396000.0,734879775247.0
llama3-8b_conv300,3276,55339650000.0,735329082776.0
llama3-8b_conv300,3277,55339650000.0,735708913953.0
llama3-8b_conv300,3278,55339650000.0,735870315657.0
llama3-8b_conv300,3279,55339650000.0,735904960470.0
llama3-8b_conv300,3280,55339650000.0,735939605283.0
llama3-8b_conv300,3281,55339650000.0,735974250096.0
llama3-8b_conv300,3282,55339650000.0,736008189761.0
llama3-8b_conv300,3283,55339650000.0,736042145298.0
llama3-8b_conv300,3284,55339650000.0,736076100835.0
llama3-8b_conv300,3285,55339650000.0,736110056372.0
llama3-8b_conv300,3286,55339650000.0,736144011909.0
llama3-8b_conv300,3287,55339650000.0,736177835259.0
llama3-8b_conv300,3288,55339650000.0,736211658609.0
llama3-8b_conv300,3289,55339650000.0,736245497831.0
llama3-8b_conv300,3290,55339650000.0,736279337053.0
llama3-8b_conv300,3291,55339650000.0,736313176275.0
llama3-8b_conv300,3292,55339650000.0,736347015497.0
llama3-8b_conv300,3293,55339650000.0,736380165443.0
llama3-8b_conv300,3294,55339650000.0,736413331261.0
llama3-8b_conv300,3295,55339650000.0,736446497079.0
llama3-8b_conv300,3296,55339650000.0,736479662897.0
llama3-8b_conv300,3297,55339650000.0,736512828715.0
llama3-8b_conv300,3298,55339650000.0,736545416361.0
llama3-8b_conv300,3299,55339650000.0,736578019879.0
llama3-8b_conv300,3300,55339650000.0,736610623397.0
llama3-8b_conv300,3301,55339650000.0,736643242787.0
llama3-8b_conv300,3302,55339650000.0,736675862177.0
llama3-8b_conv300,3303,55339650000.0,736708481567.0
llama3-8b_conv300,3304,55339650000.0,736741116829.0
llama3-8b_conv300,3305,55339650000.0,736773752091.0
llama3-8b_conv300,3306,55339650000.0,736806403225.0
llama3-8b_conv300,3307,55339650000.0,736838287284.0
llama3-8b_conv300,3308,55339650000.0,736870171343.0
llama3-8b_conv300,3309,55339650000.0,736902055402.0
llama3-8b_conv300,3310,55339650000.0,736932873353.0
llama3-8b_conv300,3311,55339650000.0,736963707176.0
llama3-8b_conv300,3312,55339650000.0,736994540999.0
llama3-8b_conv300,3313,55339650000.0,737025422438.0
llama3-8b_conv300,3314,55339650000.0,737055729222.0
llama3-8b_conv300,3315,55339650000.0,737086036006.0
llama3-8b_conv300,3316,55339650000.0,737116342790.0
llama3-8b_conv300,3317,55339650000.0,737145943754.0
llama3-8b_conv300,3318,55339650000.0,737175576462.0
llama3-8b_conv300,3319,55339650000.0,737205209170.0
llama3-8b_conv300,3320,55339650000.0,737234136027.0
llama3-8b_conv300,3321,55339650000.0,737263062884.0
llama3-8b_conv300,3322,55339650000.0,737291989741.0
llama3-8b_conv300,3323,55339650000.0,737320916598.0
llama3-8b_conv300,3324,55339650000.0,737349843455.0
llama3-8b_conv300,3325,55339650000.0,737378770312.0
llama3-8b_conv300,3326,55339650000.0,737407697169.0
llama3-8b_conv300,3327,55339650000.0,737436639898.0
llama3-8b_conv300,3328,55339650000.0,737465598499.0
llama3-8b_conv300,3329,55339650000.0,737494557100.0
llama3-8b_conv300,3330,55339650000.0,737523515701.0
llama3-8b_conv300,3331,55339650000.0,737552474302.0
llama3-8b_conv300,3332,55339650000.0,737581432903.0
llama3-8b_conv300,3333,55339650000.0,737610407376.0
llama3-8b_conv300,3334,55339650000.0,737639381849.0
llama3-8b_conv300,3335,55339650000.0,737668356322.0
llama3-8b_conv300,3336,55339650000.0,737697330795.0
llama3-8b_conv300,3337,55339650000.0,737725506744.0
llama3-8b_conv300,3338,55339650000.0,737753682693.0
llama3-8b_conv300,3339,55339650000.0,737781874514.0
llama3-8b_conv300,3340,55339650000.0,737810066335.0
llama3-8b_conv300,3341,55339650000.0,737838274028.0
llama3-8b_conv300,3342,55339650000.0,737866481721.0
llama3-8b_conv300,3343,55339650000.0,737894689414.0
llama3-8b_conv300,3344,55339650000.0,737922897107.0
llama3-8b_conv300,3345,56587820000.0,738272365978.0
llama3-8b_conv300,3346,56587820000.0,738654439009.0
llama3-8b_conv300,3347,56587820000.0,738758706178.0
llama3-8b_conv300,3348,56587820000.0,738786866255.0
llama3-8b_conv300,3349,56587820000.0,738815042204.0
llama3-8b_conv300,3350,56587820000.0,738843218153.0
llama3-8b_conv300,3351,56587820000.0,738870256666.0
llama3-8b_conv300,3352,56587820000.0,738897295179.0
llama3-8b_conv300,3353,56587820000.0,738924333692.0
llama3-8b_conv300,3354,56587820000.0,738951372205.0
llama3-8b_conv300,3355,56587820000.0,738977863587.0
llama3-8b_conv300,3356,56587820000.0,739004354969.0
llama3-8b_conv300,3357,56587820000.0,739030846351.0
llama3-8b_conv300,3358,56587820000.0,739056647753.0
llama3-8b_conv300,3359,56587820000.0,739082449155.0
llama3-8b_conv300,3360,56587820000.0,739108250557.0
llama3-8b_conv300,3361,56587820000.0,739134067831.0
llama3-8b_conv300,3362,56587820000.0,739159885105.0
llama3-8b_conv300,3363,56587820000.0,739185702379.0
llama3-8b_conv300,3364,56587820000.0,739211519653.0
llama3-8b_conv300,3365,56587820000.0,739237352799.0
llama3-8b_conv300,3366,56965420000.0,739575000555.0
llama3-8b_conv300,3367,56965420000.0,739964335735.0
llama3-8b_conv300,3368,56965420000.0,740253520997.0
llama3-8b_conv300,3369,56965420000.0,740280028251.0
llama3-8b_conv300,3370,56965420000.0,740306551377.0
llama3-8b_conv300,3371,56965420000.0,740376835536.0
llama3-8b_conv300,3372,56965420000.0,740447119695.0
llama3-8b_conv300,3373,56965420000.0,740517403854.0
llama3-8b_conv300,3374,56965420000.0,740586260273.0
llama3-8b_conv300,3375,56965420000.0,740655132564.0
llama3-8b_conv300,3376,56965420000.0,740721261440.0
llama3-8b_conv300,3377,57217515000.0,741102302641.0
llama3-8b_conv300,3378,57217515000.0,741530525666.0
llama3-8b_conv300,3379,57280079000.0,745659469554.0
llama3-8b_conv300,3380,57280079000.0,746085033794.0
llama3-8b_conv300,3381,57280079000.0,746314157789.0
llama3-8b_conv300,3382,57414624000.0,746815895340.0
llama3-8b_conv300,3383,57414624000.0,747248823675.0
llama3-8b_conv300,3384,57452439000.0,747825386634.0
llama3-8b_conv300,3385,57452439000.0,748258251481.0
llama3-8b_conv300,3386,57492631000.0,748698980006.0
llama3-8b_conv300,3387,57492631000.0,749080718611.0
llama3-8b_conv300,3388,57503945000.0,749436446111.0
llama3-8b_conv300,3389,57511147000.0,749878433161.0
llama3-8b_conv300,3390,57577696000.0,750254052561.0
llama3-8b_conv300,3391,57577696000.0,750889312121.0
llama3-8b_conv300,3392,57577696000.0,751393339937.0
llama3-8b_conv300,3393,57780753000.0,751925214408.0
llama3-8b_conv300,3394,57780753000.0,752307271567.0
llama3-8b_conv300,3395,57780753000.0,752757166678.0
llama3-8b_conv300,3396,57780753000.0,753288883485.0
llama3-8b_conv300,3397,57780753000.0,754191249349.0
llama3-8b_conv300,3398,57780753000.0,755094599789.0
llama3-8b_conv300,3399,57780753000.0,756144606997.0
llama3-8b_conv300,3400,57780753000.0,757196551613.0
llama3-8b_conv300,3401,58265729000.0,757855417124.0
llama3-8b_conv300,3402,58265729000.0,758101634561.0
llama3-8b_conv300,3403,58265729000.0,758131005834.0
llama3-8b_conv300,3404,58265729000.0,758160377107.0
llama3-8b_conv300,3405,58464914000.0,758494497757.0
llama3-8b_conv300,3406,58464914000.0,758524420257.0
llama3-8b_conv300,3407,58464914000.0,758554342757.0
llama3-8b_conv300,3408,58464914000.0,758584265257.0
llama3-8b_conv300,3409,58464914000.0,758614187757.0
llama3-8b_conv300,3410,58464914000.0,758643388534.0
llama3-8b_conv300,3411,58464914000.0,758672605183.0
llama3-8b_conv300,3412,58464914000.0,758701007436.0
llama3-8b_conv300,3413,58464914000.0,758729409689.0
llama3-8b_conv300,3414,58464914000.0,758757811942.0
llama3-8b_conv300,3415,58464914000.0,758786214195.0
llama3-8b_conv300,3416,58464914000.0,758814632320.0
llama3-8b_conv300,3417,58464914000.0,758843066317.0
llama3-8b_conv300,3418,58464914000.0,758871500314.0
llama3-8b_conv300,3419,58464914000.0,758899934311.0
llama3-8b_conv300,3420,58464914000.0,758928368308.0
llama3-8b_conv300,3421,58464914000.0,758956802305.0
llama3-8b_conv300,3422,58464914000.0,758985252174.0
llama3-8b_conv300,3423,58464914000.0,759013702043.0
llama3-8b_conv300,3424,58464914000.0,759042151912.0
llama3-8b_conv300,3425,58464914000.0,759070601781.0
llama3-8b_conv300,3426,58464914000.0,759099051650.0
llama3-8b_conv300,3427,58464914000.0,759127517391.0
llama3-8b_conv300,3428,58464914000.0,759155983132.0
llama3-8b_conv300,3429,58464914000.0,759184448873.0
llama3-8b_conv300,3430,58464914000.0,759212914614.0
llama3-8b_conv300,3431,58464914000.0,759241380355.0
llama3-8b_conv300,3432,58464914000.0,759269846096.0
llama3-8b_conv300,3433,58464914000.0,759297142657.0
llama3-8b_conv300,3434,58464914000.0,759324455090.0
llama3-8b_conv300,3435,58464914000.0,759351767523.0
llama3-8b_conv300,3436,58464914000.0,759378374105.0
llama3-8b_conv300,3437,58464914000.0,759404980687.0
llama3-8b_conv300,3438,58464914000.0,759431587269.0
llama3-8b_conv300,3439,58464914000.0,759458193851.0
llama3-8b_conv300,3440,58464914000.0,759484142197.0
llama3-8b_conv300,3441,58464914000.0,759554589172.0
llama3-8b_conv300,3442,58464914000.0,759625036147.0
llama3-8b_conv300,3443,58464914000.0,759695483122.0
llama3-8b_conv300,3444,58464914000.0,759764486485.0
llama3-8b_conv300,3445,58464914000.0,759831712892.0
llama3-8b_conv300,3446,58464914000.0,759898939299.0
llama3-8b_conv300,3447,58464914000.0,759966165706.0
llama3-8b_conv300,3448,58464914000.0,760033392113.0
llama3-8b_conv300,3449,58464914000.0,760100618520.0
llama3-8b_conv300,3450,58464914000.0,760166291204.0
llama3-8b_conv300,3451,58464914000.0,760231963888.0
llama3-8b_conv300,3452,58464914000.0,760297680092.0
llama3-8b_conv300,3453,58464914000.0,760363396296.0
llama3-8b_conv300,3454,58464914000.0,760429112500.0
llama3-8b_conv300,3455,58464914000.0,760494844576.0
llama3-8b_conv300,3456,58464914000.0,760560592524.0
llama3-8b_conv300,3457,58464914000.0,760626340472.0
llama3-8b_conv300,3458,58464914000.0,760692088420.0
llama3-8b_conv300,3459,58464914000.0,760757836368.0
llama3-8b_conv300,3460,58464914000.0,760823584316.0
llama3-8b_conv300,3461,58464914000.0,760889332264.0
llama3-8b_conv300,3462,58464914000.0,760955080212.0
llama3-8b_conv300,3463,58464914000.0,761020844032.0
llama3-8b_conv300,3464,58464914000.0,761086607852.0
llama3-8b_conv300,3465,58464914000.0,761152387544.0
llama3-8b_conv300,3466,58464914000.0,761218167236.0
llama3-8b_conv300,3467,58464914000.0,761283962800.0
llama3-8b_conv300,3468,58464914000.0,761349758364.0
llama3-8b_conv300,3469,58464914000.0,761415569800.0
llama3-8b_conv300,3470,58464914000.0,761481381236.0
llama3-8b_conv300,3471,58464914000.0,761547192672.0
llama3-8b_conv300,3472,58464914000.0,761569409584.0
llama3-8b_conv300,3473,58464914000.0,761645813188.0
llama3-8b_conv300,3474,58464914000.0,761722216792.0
llama3-8b_conv300,3475,58464914000.0,761798620396.0
llama3-8b_conv300,3476,58464914000.0,761875024000.0
llama3-8b_conv300,3477,58464914000.0,761951427604.0
llama3-8b_conv300,3478,58464914000.0,762027831208.0
llama3-8b_conv300,3479,58464914000.0,762104234812.0
llama3-8b_conv300,3480,58464914000.0,762180638416.0
llama3-8b_conv300,3481,58464914000.0,762255809833.0
llama3-8b_conv300,3482,58464914000.0,762328370475.0
llama3-8b_conv300,3483,58464914000.0,762400946989.0
llama3-8b_conv300,3484,58464914000.0,762473523503.0
llama3-8b_conv300,3485,58464914000.0,762546100017.0
llama3-8b_conv300,3486,58464914000.0,762618676531.0
llama3-8b_conv300,3487,58464914000.0,762639146489.0
llama3-8b_conv300,3488,58464914000.0,762659616447.0
llama3-8b_conv300,3489,58464914000.0,762680086405.0
llama3-8b_conv300,3490,58464914000.0,762898681615.0
llama3-8b_conv300,3491,58464914000.0,763117276825.0
llama3-8b_conv300,3492,58464914000.0,763335872035.0
llama3-8b_conv300,3493,58464914000.0,763554483117.0
llama3-8b_conv300,3494,58464914000.0,763773094199.0
llama3-8b_conv300,3495,58464914000.0,763987263878.0
llama3-8b_conv300,3496,58464914000.0,764201433557.0
llama3-8b_conv300,3497,58464914000.0,764415603236.0
llama3-8b_conv300,3498,58464914000.0,764629772915.0
llama3-8b_conv300,3499,58464914000.0,764843942594.0
llama3-8b_conv300,3500,58464914000.0,765058128145.0
llama3-8b_conv300,3501,58464914000.0,765291605572.0
llama3-8b_conv300,3502,58464914000.0,765525114743.0
llama3-8b_conv300,3503,58464914000.0,765758639786.0
llama3-8b_conv300,3504,58464914000.0,765992164829.0
llama3-8b_conv300,3505,58464914000.0,766334999509.0
llama3-8b_conv300,3506,58464914000.0,766670247057.0
llama3-8b_conv300,3507,59993520000.0,766807243547.0
llama3-8b_conv300,3508,59993520000.0,767149891859.0
llama3-8b_conv300,3509,59993520000.0,767492540171.0
llama3-8b_conv300,3510,59993520000.0,767835188483.0
llama3-8b_conv300,3511,59993520000.0,768177852667.0
llama3-8b_conv300,3512,59993520000.0,768520516851.0
llama3-8b_conv300,3513,59993520000.0,768863181035.0
llama3-8b_conv300,3514,59993520000.0,769205845219.0
llama3-8b_conv300,3515,59993520000.0,769540938143.0
llama3-8b_conv300,3516,59993520000.0,769876031067.0
llama3-8b_conv300,3517,59993520000.0,770211123991.0
llama3-8b_conv300,3518,59993520000.0,770546232787.0
llama3-8b_conv300,3519,60172200000.0,771060003574.0
llama3-8b_conv300,3520,60172200000.0,771611961369.0
llama3-8b_conv300,3521,60183596000.0,772033553980.0
llama3-8b_conv300,3522,60183596000.0,772435119936.0
llama3-8b_conv300,3523,60183596000.0,772566554039.0
llama3-8b_conv300,3524,60183596000.0,772893980503.0
llama3-8b_conv300,3525,60183596000.0,773221406967.0
llama3-8b_conv300,3526,60183596000.0,773548833431.0
llama3-8b_conv300,3527,60183596000.0,773876275767.0
llama3-8b_conv300,3528,60426171000.0,774389967194.0
llama3-8b_conv300,3529,60426171000.0,774941845629.0
llama3-8b_conv300,3530,60426171000.0,775560091552.0
llama3-8b_conv300,3531,60426171000.0,776065250433.0
llama3-8b_conv300,3532,60426171000.0,776400343357.0
llama3-8b_conv300,3533,60426171000.0,776735468025.0
llama3-8b_conv300,3534,60426171000.0,777070592693.0
llama3-8b_conv300,3535,60426171000.0,777405717361.0
llama3-8b_conv300,3536,60648144000.0,777702159287.0
llama3-8b_conv300,3537,60648144000.0,778044744111.0
llama3-8b_conv300,3538,60648144000.0,778387328935.0
llama3-8b_conv300,3539,60648144000.0,778722326627.0
llama3-8b_conv300,3540,60648144000.0,779057324319.0
llama3-8b_conv300,3541,60648144000.0,779392322011.0
llama3-8b_conv300,3542,60648144000.0,779727319703.0
llama3-8b_conv300,3543,60778525000.0,783465720846.0
llama3-8b_conv300,3544,60778525000.0,783808119302.0
llama3-8b_conv300,3545,60778525000.0,784142946498.0
llama3-8b_conv300,3546,60778525000.0,784477773694.0
llama3-8b_conv300,3547,60831569000.0,785191192736.0
llama3-8b_conv300,3548,60872432000.0,785734347968.0
llama3-8b_conv300,3549,60872432000.0,786110565888.0
llama3-8b_conv300,3550,60872432000.0,786517229376.0
llama3-8b_conv300,3551,60872432000.0,786591215672.0
llama3-8b_conv300,3552,60872432000.0,786933534768.0
llama3-8b_conv300,3553,60872432000.0,787275853864.0
llama3-8b_conv300,3554,60872432000.0,787618172960.0
llama3-8b_conv300,3555,60872432000.0,787960507928.0
llama3-8b_conv300,3556,60872432000.0,788302842896.0
llama3-8b_conv300,3557,60872432000.0,788645177864.0
llama3-8b_conv300,3558,60872432000.0,788987512832.0
llama3-8b_conv300,3559,60872432000.0,789329847800.0
llama3-8b_conv300,3560,60872432000.0,789672182768.0
llama3-8b_conv300,3561,61145266000.0,790153766704.0
llama3-8b_conv300,3562,61145266000.0,790560414320.0
llama3-8b_conv300,3563,61145266000.0,790644980963.0
llama3-8b_conv300,3564,61145266000.0,790877942806.0
llama3-8b_conv300,3565,61263537000.0,791315274101.0
llama3-8b_conv300,3566,61263537000.0,791702896340.0
llama3-8b_conv300,3567,61285563000.0,795931749905.0
llama3-8b_conv300,3568,61285563000.0,796454591886.0
llama3-8b_conv300,3569,61294115000.0,796889242505.0
llama3-8b_conv300,3570,61294115000.0,797232290564.0
llama3-8b_conv300,3571,61294115000.0,797336058397.0
llama3-8b_conv300,3572,61294115000.0,797356139747.0
llama3-8b_conv300,3573,61294115000.0,797376221097.0
llama3-8b_conv300,3574,61294115000.0,797396302447.0
llama3-8b_conv300,3575,61294115000.0,797416399669.0
llama3-8b_conv300,3576,61294115000.0,797436512763.0
llama3-8b_conv300,3577,61294115000.0,797456625857.0
llama3-8b_conv300,3578,61294115000.0,797476738951.0
llama3-8b_conv300,3579,61294115000.0,797496852045.0
llama3-8b_conv300,3580,61294115000.0,797516981011.0
llama3-8b_conv300,3581,61294115000.0,797537109977.0
llama3-8b_conv300,3582,61294115000.0,797557282463.0
llama3-8b_conv300,3583,61294115000.0,797577470821.0
llama3-8b_conv300,3584,61294115000.0,797795609839.0
llama3-8b_conv300,3585,61294115000.0,798013748857.0
llama3-8b_conv300,3586,61294115000.0,798231887875.0
llama3-8b_conv300,3587,61764605000.0,798689263998.0
llama3-8b_conv300,3588,61764605000.0,799212537083.0
llama3-8b_conv300,3589,61838028000.0,799535099285.0
llama3-8b_conv300,3590,61838028000.0,799901524325.0
llama3-8b_conv300,3591,61928694000.0,800309419871.0
llama3-8b_conv300,3592,61928694000.0,800792311545.0
llama3-8b_conv300,3593,61928694000.0,801242359924.0
llama3-8b_conv300,3594,61928694000.0,801317162133.0
llama3-8b_conv300,3595,61928694000.0,801336876379.0
llama3-8b_conv300,3596,61928694000.0,801356590625.0
llama3-8b_conv300,3597,61928694000.0,801376320743.0
llama3-8b_conv300,3598,61928694000.0,801396050861.0
llama3-8b_conv300,3599,61928694000.0,801415780979.0
llama3-8b_conv300,3600,61928694000.0,801435511097.0
llama3-8b_conv300,3601,62174486000.0,801825674963.0
llama3-8b_conv300,3602,62174486000.0,802345795181.0
llama3-8b_conv300,3603,62174486000.0,802672739114.0
llama3-8b_conv300,3604,62276484000.0,803010123522.0
llama3-8b_conv300,3605,62276484000.0,803393202906.0
llama3-8b_conv300,3606,62276484000.0,803523285484.0
llama3-8b_conv300,3607,62276484000.0,803596433161.0
llama3-8b_conv300,3608,62276484000.0,803669580838.0
llama3-8b_conv300,3609,62276484000.0,803742728515.0
llama3-8b_conv300,3610,62276484000.0,803815876192.0
llama3-8b_conv300,3611,62276484000.0,803889023869.0
llama3-8b_conv300,3612,62276484000.0,803962171546.0
llama3-8b_conv300,3613,62482331000.0,804418697841.0
llama3-8b_conv300,3614,62482331000.0,804800328776.0
llama3-8b_conv300,3615,62482331000.0,804972809694.0
llama3-8b_conv300,3616,62482331000.0,805047221303.0
llama3-8b_conv300,3617,62482331000.0,805121632912.0
llama3-8b_conv300,3618,62482331000.0,805196044521.0
llama3-8b_conv300,3619,62482331000.0,805270456130.0
llama3-8b_conv300,3620,62482331000.0,805343714911.0
llama3-8b_conv300,3621,62482331000.0,805416989564.0
llama3-8b_conv300,3622,62482331000.0,805489060222.0
llama3-8b_conv300,3623,62482331000.0,805561130880.0
llama3-8b_conv300,3624,62482331000.0,805633201538.0
llama3-8b_conv300,3625,62482331000.0,805705272196.0
llama3-8b_conv300,3626,62482331000.0,805777342854.0
llama3-8b_conv300,3627,62482331000.0,805849413512.0
llama3-8b_conv300,3628,62482331000.0,805921515914.0
llama3-8b_conv300,3629,62482331000.0,805993618316.0
llama3-8b_conv300,3630,62482331000.0,806065736590.0
llama3-8b_conv300,3631,62482331000.0,806137870736.0
llama3-8b_conv300,3632,62482331000.0,806158025302.0
llama3-8b_conv300,3633,62843126000.0,806548629488.0
llama3-8b_conv300,3634,62843126000.0,807069146506.0
llama3-8b_conv300,3635,62843126000.0,807091502188.0
llama3-8b_conv300,3636,62843126000.0,807163731566.0
llama3-8b_conv300,3637,62843126000.0,807183854388.0
llama3-8b_conv300,3638,62843126000.0,807203977210.0
llama3-8b_conv300,3639,62843126000.0,807224100032.0
llama3-8b_conv300,3640,62843126000.0,807244222854.0
llama3-8b_conv300,3641,62843126000.0,807264345676.0
llama3-8b_conv300,3642,62843126000.0,807284468498.0
llama3-8b_conv300,3643,63043028000.0,807314097428.0
llama3-8b_conv300,3644,63043028000.0,807386138390.0
llama3-8b_conv300,3645,63043028000.0,807458181400.0
llama3-8b_conv300,3646,63043028000.0,807530224410.0
llama3-8b_conv300,3647,63043028000.0,807602267420.0
llama3-8b_conv300,3648,63112742000.0,807876407289.0
llama3-8b_conv300,3649,63112742000.0,807949654294.0
llama3-8b_conv300,3650,63112742000.0,808022901299.0
llama3-8b_conv300,3651,63112742000.0,808096148304.0
llama3-8b_conv300,3652,63112742000.0,808169395309.0
llama3-8b_conv300,3653,63112742000.0,808242642314.0
llama3-8b_conv300,3654,63112742000.0,808315889319.0
llama3-8b_conv300,3655,63112742000.0,808389152196.0
llama3-8b_conv300,3656,63112742000.0,808462415073.0
llama3-8b_conv300,3657,63112742000.0,808535677950.0
llama3-8b_conv300,3658,63112742000.0,808608940827.0
llama3-8b_conv300,3659,63112742000.0,808682219576.0
llama3-8b_conv300,3660,63112742000.0,808755498325.0
llama3-8b_conv300,3661,63112742000.0,808828808818.0
llama3-8b_conv300,3662,63112742000.0,808902119311.0
llama3-8b_conv300,3663,63112742000.0,808975429804.0
llama3-8b_conv300,3664,63112742000.0,809048740297.0
llama3-8b_conv300,3665,63112742000.0,809122050790.0
llama3-8b_conv300,3666,63112742000.0,809194030312.0
llama3-8b_conv300,3667,63112742000.0,809266009834.0
llama3-8b_conv300,3668,63112742000.0,809337989356.0
llama3-8b_conv300,3669,63112742000.0,809409968878.0
llama3-8b_conv300,3670,63112742000.0,809481948400.0
llama3-8b_conv300,3671,63112742000.0,809553927922.0
llama3-8b_conv300,3672,63112742000.0,809625907444.0
llama3-8b_conv300,3673,63112742000.0,809697886966.0
llama3-8b_conv300,3674,63112742000.0,809769866488.0
llama3-8b_conv300,3675,63112742000.0,809841861882.0
llama3-8b_conv300,3676,63112742000.0,809913857276.0
llama3-8b_conv300,3677,63112742000.0,809985852670.0
llama3-8b_conv300,3678,63112742000.0,810057863936.0
llama3-8b_conv300,3679,63112742000.0,810129875202.0
llama3-8b_conv300,3680,63597893000.0,810467406554.0
llama3-8b_conv300,3681,63597893000.0,810850648754.0
llama3-8b_conv300,3682,63597893000.0,811023285195.0
llama3-8b_conv300,3683,63597893000.0,811095407565.0
llama3-8b_conv300,3684,63597893000.0,811167529935.0
llama3-8b_conv300,3685,63597893000.0,811239652305.0
llama3-8b_conv300,3686,63597893000.0,811311774675.0
llama3-8b_conv300,3687,63597893000.0,811383897045.0
llama3-8b_conv300,3688,63597893000.0,811456035287.0
llama3-8b_conv300,3689,63597893000.0,811528173529.0
llama3-8b_conv300,3690,63597893000.0,811600311771.0
llama3-8b_conv300,3691,63597893000.0,811672450013.0
llama3-8b_conv300,3692,63597893000.0,811744588255.0
llama3-8b_conv300,3693,63597893000.0,811816742369.0
llama3-8b_conv300,3694,63597893000.0,811888896483.0
llama3-8b_conv300,3695,63597893000.0,811961050597.0
llama3-8b_conv300,3696,63597893000.0,812033204711.0
llama3-8b_conv300,3697,63597893000.0,812105358825.0
llama3-8b_conv300,3698,63597893000.0,812177528811.0
llama3-8b_conv300,3699,63597893000.0,812249698797.0
llama3-8b_conv300,3700,63597893000.0,812321868783.0
llama3-8b_conv300,3701,63597893000.0,812394038769.0
llama3-8b_conv300,3702,63597893000.0,812466208755.0
llama3-8b_conv300,3703,63597893000.0,812538394613.0
llama3-8b_conv300,3704,63597893000.0,812610596343.0
llama3-8b_conv300,3705,63597893000.0,812682798073.0
llama3-8b_conv300,3706,63597893000.0,812754999803.0
llama3-8b_conv300,3707,63597893000.0,812827201533.0
llama3-8b_conv300,3708,63597893000.0,812899403263.0
llama3-8b_conv300,3709,63597893000.0,812919625413.0
llama3-8b_conv300,3710,63597893000.0,812939847563.0
llama3-8b_conv300,3711,64095402000.00001,813263941487.0
llama3-8b_conv300,3712,64095402000.00001,813336083825.0
llama3-8b_conv300,3713,64095402000.00001,813408226163.0
llama3-8b_conv300,3714,64095402000.00001,813480368501.0
llama3-8b_conv300,3715,64095402000.00001,813552510839.0
llama3-8b_conv300,3716,64095402000.00001,813624653177.0
llama3-8b_conv300,3717,64186733000.0,813962315601.0
llama3-8b_conv300,3718,64186733000.0,814345673001.0
llama3-8b_conv300,3719,64186733000.0,814480708904.0
llama3-8b_conv300,3720,64186733000.0,814554150469.0
llama3-8b_conv300,3721,64186733000.0,814627607906.0
llama3-8b_conv300,3722,64186733000.0,814701065343.0
llama3-8b_conv300,3723,64186733000.0,814774522780.0
llama3-8b_conv300,3724,64186733000.0,814847980217.0
llama3-8b_conv300,3725,64186733000.0,814921453526.0
llama3-8b_conv300,3726,64186733000.0,814994926835.0
llama3-8b_conv300,3727,64186733000.0,815068400144.0
llama3-8b_conv300,3728,64186733000.0,815141873453.0
llama3-8b_conv300,3729,64186733000.0,815215346762.0
llama3-8b_conv300,3730,64186733000.0,815288835943.0
llama3-8b_conv300,3731,64186733000.0,815362325124.0
llama3-8b_conv300,3732,64186733000.0,815435814305.0
llama3-8b_conv300,3733,64186733000.0,815509303486.0
llama3-8b_conv300,3734,64186733000.0,815582792667.0
llama3-8b_conv300,3735,64186733000.0,815656281848.0
llama3-8b_conv300,3736,64186733000.0,815729771029.0
llama3-8b_conv300,3737,64186733000.0,815803260210.0
llama3-8b_conv300,3738,64186733000.0,815876749391.0
llama3-8b_conv300,3739,64186733000.0,815950238572.0
llama3-8b_conv300,3740,64186733000.0,816023727753.0
llama3-8b_conv300,3741,64186733000.0,816097216934.0
llama3-8b_conv300,3742,64186733000.0,816170706115.0
llama3-8b_conv300,3743,64186733000.0,816244195296.0
llama3-8b_conv300,3744,64186733000.0,816317700349.0
llama3-8b_conv300,3745,64186733000.0,816391207450.0
llama3-8b_conv300,3746,64186733000.0,816464714551.0
llama3-8b_conv300,3747,64186733000.0,816538221652.0
llama3-8b_conv300,3748,64186733000.0,816611728753.0
llama3-8b_conv300,3749,64186733000.0,816685251726.0
llama3-8b_conv300,3750,64186733000.0,816758774699.0
llama3-8b_conv300,3751,64186733000.0,816832297672.0
llama3-8b_conv300,3752,64186733000.0,816905820645.0
llama3-8b_conv300,3753,64186733000.0,816979343618.0
llama3-8b_conv300,3754,64186733000.0,817052866591.0
llama3-8b_conv300,3755,64186733000.0,817126389564.0
llama3-8b_conv300,3756,64186733000.0,817198629182.0
llama3-8b_conv300,3757,64186733000.0,817270868800.0
llama3-8b_conv300,3758,64186733000.0,817343151938.0
llama3-8b_conv300,3759,64186733000.0,817415450948.0
llama3-8b_conv300,3760,64186733000.0,817435786250.0
llama3-8b_conv300,3761,64888310000.00001,817573448577.0
llama3-8b_conv300,3762,64910998000.00001,817718939028.0
llama3-8b_conv300,3763,64940790000.00001,818043003307.0
llama3-8b_conv300,3764,64940790000.00001,818383102338.0
llama3-8b_conv300,3765,64940790000.00001,818828690777.0
llama3-8b_conv300,3766,64940790000.00001,819358678833.0
llama3-8b_conv300,3767,64940790000.00001,819896772873.0
llama3-8b_conv300,3768,64940790000.00001,820581815009.0
llama3-8b_conv300,3769,64940790000.00001,821268841657.0
llama3-8b_conv300,3770,64940790000.00001,822102554257.0
llama3-8b_conv300,3771,64940790000.00001,822950496361.0
llama3-8b_conv300,3772,64990268000.0,823538014208.0
llama3-8b_conv300,3773,65064085000.00001,823870916920.0
llama3-8b_conv300,3774,65064085000.00001,824251511568.0
llama3-8b_conv300,3775,65064156000.0,831551385223.0
llama3-8b_conv300,3776,65064156000.0,831931436639.0
llama3-8b_conv300,3777,65066011000.0,836873165462.0
llama3-8b_conv300,3778,65066011000.0,837218113645.0
llama3-8b_conv300,3779,65531595999.99999,837717524449.0
llama3-8b_conv300,3780,65531595999.99999,838195101173.0
llama3-8b_conv300,3781,65715096000.0,838687168552.0
llama3-8b_conv300,3782,65715096000.0,839079161915.0
llama3-8b_conv300,3783,65715096000.0,839502759502.0
llama3-8b_conv300,3784,65786250999.99999,839889142943.0
llama3-8b_conv300,3785,65786250999.99999,840283238528.0
llama3-8b_conv300,3786,65786250999.99999,840350060455.0
llama3-8b_conv300,3787,65786250999.99999,840416882382.0
llama3-8b_conv300,3788,65786250999.99999,840483704309.0
llama3-8b_conv300,3789,65786250999.99999,840549158881.0
llama3-8b_conv300,3790,65786250999.99999,840614613453.0
llama3-8b_conv300,3791,65786250999.99999,840680068025.0
llama3-8b_conv300,3792,65786250999.99999,840745522597.0
llama3-8b_conv300,3793,65786250999.99999,840767382645.0
llama3-8b_conv300,3794,65786250999.99999,840789242693.0
llama3-8b_conv300,3795,65786250999.99999,840811102741.0
llama3-8b_conv300,3796,65786250999.99999,840832962789.0
llama3-8b_conv300,3797,65786250999.99999,840854822837.0
llama3-8b_conv300,3798,65786250999.99999,840876682885.0
llama3-8b_conv300,3799,65786250999.99999,840952650265.0
llama3-8b_conv300,3800,65786250999.99999,841028617645.0
llama3-8b_conv300,3801,65786250999.99999,841104585025.0
llama3-8b_conv300,3802,65786250999.99999,841180552405.0
llama3-8b_conv300,3803,65786250999.99999,841256535657.0
llama3-8b_conv300,3804,65786250999.99999,841332518909.0
llama3-8b_conv300,3805,65786250999.99999,841408502161.0
llama3-8b_conv300,3806,65786250999.99999,841484501285.0
llama3-8b_conv300,3807,66310171000.0,841820954937.0
llama3-8b_conv300,3808,66310171000.0,842335736141.0
llama3-8b_conv300,3809,66310171000.0,842915549025.0
llama3-8b_conv300,3810,66310171000.0,843569683829.0
llama3-8b_conv300,3811,66403490000.00001,844251406280.0
llama3-8b_conv300,3812,66403490000.00001,844728836060.0
llama3-8b_conv300,3813,66403490000.00001,845306964976.0
llama3-8b_conv300,3814,66511613000.0,845702972995.0
llama3-8b_conv300,3815,66511613000.0,846125932118.0
llama3-8b_conv300,3816,66624229000.0,846578812167.0
llama3-8b_conv300,3817,66624229000.0,847005648184.0
llama3-8b_conv300,3818,66655683999.99999,847451894217.0
llama3-8b_conv300,3819,66693467999.99999,847872262265.0
llama3-8b_conv300,3820,66693467999.99999,848260153545.0
llama3-8b_conv300,3821,66711635000.0,848737878712.0
llama3-8b_conv300,3822,66711635000.0,849005404497.0
llama3-8b_conv300,3823,66711635000.0,849074748624.0
llama3-8b_conv300,3824,66711635000.0,849144108623.0
llama3-8b_conv300,3825,66711635000.0,849213484494.0
llama3-8b_conv300,3826,66711635000.0,849282903885.0
llama3-8b_conv300,3827,66711635000.0,849352323276.0
llama3-8b_conv300,3828,66711635000.0,849421742667.0
llama3-8b_conv300,3829,66711635000.0,849491162058.0
llama3-8b_conv300,3830,66711635000.0,849560597321.0
llama3-8b_conv300,3831,66711635000.0,849630048456.0
llama3-8b_conv300,3832,66711635000.0,849699515463.0
llama3-8b_conv300,3833,66711635000.0,849768982470.0
llama3-8b_conv300,3834,66711635000.0,849837132841.0
llama3-8b_conv300,3835,66711635000.0,849905283212.0
llama3-8b_conv300,3836,66711635000.0,849973433583.0
llama3-8b_conv300,3837,66711635000.0,850041583954.0
llama3-8b_conv300,3838,67245928000.00001,870816987845.0
llama3-8b_conv300,3839,67245928000.00001,870886454852.0
llama3-8b_conv300,3840,67245928000.00001,870955921859.0
llama3-8b_conv300,3841,67245928000.00001,871025388866.0
llama3-8b_conv300,3842,67245928000.00001,871094855873.0
llama3-8b_conv300,3843,67245928000.00001,871164338752.0
llama3-8b_conv300,3844,67245928000.00001,871233821631.0
llama3-8b_conv300,3845,67245928000.00001,871303304510.0
llama3-8b_conv300,3846,67245928000.00001,871372787389.0
llama3-8b_conv300,3847,67245928000.00001,871442286140.0
llama3-8b_conv300,3848,67245928000.00001,871511784891.0
llama3-8b_conv300,3849,67439933000.0,871560593468.0
llama3-8b_conv300,3850,67439933000.0,871585452790.0
llama3-8b_conv300,3851,67439933000.0,871610312112.0
llama3-8b_conv300,3852,67439933000.0,871635171434.0
llama3-8b_conv300,3853,67439933000.0,871660046628.0
llama3-8b_conv300,3854,67439933000.0,871684937694.0
llama3-8b_conv300,3855,67439933000.0,871709828760.0
llama3-8b_conv300,3856,67439933000.0,871779313687.0
llama3-8b_conv300,3857,67439933000.0,871848798614.0
llama3-8b_conv300,3858,67439933000.0,871918283541.0
llama3-8b_conv300,3859,67439933000.0,871987784340.0
llama3-8b_conv300,3860,67439933000.0,872057285139.0
llama3-8b_conv300,3861,67439933000.0,872126785938.0
llama3-8b_conv300,3862,67439933000.0,872196286737.0
llama3-8b_conv300,3863,67439933000.0,872265787536.0
llama3-8b_conv300,3864,67439933000.0,872335288335.0
llama3-8b_conv300,3865,67439933000.0,872404789134.0
llama3-8b_conv300,3866,67439933000.0,872474289933.0
llama3-8b_conv300,3867,67439933000.0,872543790732.0
llama3-8b_conv300,3868,67439933000.0,872613291531.0
llama3-8b_conv300,3869,67439933000.0,872682792330.0
llama3-8b_conv300,3870,67439933000.0,872750897133.0
llama3-8b_conv300,3871,67439933000.0,872819001936.0
llama3-8b_conv300,3872,67439933000.0,872885647223.0
llama3-8b_conv300,3873,67439933000.0,872950881635.0
llama3-8b_conv300,3874,67439933000.0,873016116047.0
llama3-8b_conv300,3875,67439933000.0,873081393979.0
llama3-8b_conv300,3876,67439933000.0,873146671911.0
llama3-8b_conv300,3877,67439933000.0,873211949843.0
llama3-8b_conv300,3878,67439933000.0,873277227775.0
llama3-8b_conv300,3879,67439933000.0,873342505707.0
llama3-8b_conv300,3880,67439933000.0,873407783639.0
llama3-8b_conv300,3881,67439933000.0,873473061571.0
llama3-8b_conv300,3882,67930409000.0,873853251828.0
llama3-8b_conv300,3883,67930409000.0,874276605191.0
llama3-8b_conv300,3884,67933052000.0,874743776664.0
llama3-8b_conv300,3885,67966089999.99999,876797335774.0
llama3-8b_conv300,3886,67966089999.99999,876865143105.0
llama3-8b_conv300,3887,67966089999.99999,876932950436.0
llama3-8b_conv300,3888,67966089999.99999,877000773639.0
llama3-8b_conv300,3889,67966089999.99999,877068612714.0
llama3-8b_conv300,3890,67966089999.99999,877136451789.0
llama3-8b_conv300,3891,67966089999.99999,877204306736.0
llama3-8b_conv300,3892,67966089999.99999,877272205203.0
llama3-8b_conv300,3893,67966089999.99999,877340103670.0
llama3-8b_conv300,3894,67966089999.99999,877408002137.0
llama3-8b_conv300,3895,67966089999.99999,877475900604.0
llama3-8b_conv300,3896,67966089999.99999,877543799071.0
llama3-8b_conv300,3897,67966089999.99999,877611697538.0
llama3-8b_conv300,3898,67966089999.99999,877678263465.0
llama3-8b_conv300,3899,67966089999.99999,877744829392.0
llama3-8b_conv300,3900,67966089999.99999,877811411191.0
llama3-8b_conv300,3901,67966089999.99999,877878008862.0
llama3-8b_conv300,3902,67966089999.99999,877944606533.0
llama3-8b_conv300,3903,67966089999.99999,878009761585.0
llama3-8b_conv300,3904,67966089999.99999,878074916637.0
llama3-8b_conv300,3905,67966089999.99999,878140071689.0
llama3-8b_conv300,3906,67966089999.99999,878205226741.0
llama3-8b_conv300,3907,67966089999.99999,878270381793.0
llama3-8b_conv300,3908,67966089999.99999,878335536845.0
llama3-8b_conv300,3909,67966089999.99999,878400691897.0
llama3-8b_conv300,3910,67966089999.99999,878465846949.0
llama3-8b_conv300,3911,67966089999.99999,878531002001.0
llama3-8b_conv300,3912,67966089999.99999,878596157053.0
llama3-8b_conv300,3913,67966089999.99999,878661312105.0
llama3-8b_conv300,3914,67966089999.99999,878726467157.0
llama3-8b_conv300,3915,67966089999.99999,878748027685.0
llama3-8b_conv300,3916,67966089999.99999,878769588213.0
llama3-8b_conv300,3917,67966089999.99999,878791148741.0
llama3-8b_conv300,3918,67966089999.99999,878812709269.0
llama3-8b_conv300,3919,67966089999.99999,878834269797.0
llama3-8b_conv300,3920,67966089999.99999,878855830325.0
llama3-8b_conv300,3921,67966089999.99999,878877408773.0
llama3-8b_conv300,3922,67966089999.99999,878898987221.0
llama3-8b_conv300,3923,67966089999.99999,878920565669.0
llama3-8b_conv300,3924,67966089999.99999,878942144117.0
llama3-8b_conv300,3925,67966089999.99999,878963722565.0
llama3-8b_conv300,3926,67966089999.99999,878985301013.0
llama3-8b_conv300,3927,68682209000.0,879468707368.0
llama3-8b_conv300,3928,68682209000.0,879892082747.0
llama3-8b_conv300,3929,68682209000.0,880061426961.0
llama3-8b_conv300,3930,68682209000.0,880126568189.0
llama3-8b_conv300,3931,68682209000.0,880191725289.0
llama3-8b_conv300,3932,68682209000.0,880256941781.0
llama3-8b_conv300,3933,68682209000.0,880322158273.0
llama3-8b_conv300,3934,68682209000.0,880387390637.0
llama3-8b_conv300,3935,68682209000.0,880463322177.0
llama3-8b_conv300,3936,68682209000.0,880539253717.0
llama3-8b_conv300,3937,68682209000.0,880615201129.0
llama3-8b_conv300,3938,68682209000.0,880691148541.0
llama3-8b_conv300,3939,68682209000.0,880767095953.0
llama3-8b_conv300,3940,68682209000.0,880843043365.0
llama3-8b_conv300,3941,68682209000.0,880918990777.0
llama3-8b_conv300,3942,68682209000.0,880994938189.0
llama3-8b_conv300,3943,68682209000.0,881070901473.0
llama3-8b_conv300,3944,68682209000.0,881146880629.0
llama3-8b_conv300,3945,68682209000.0,881222859785.0
llama3-8b_conv300,3946,69017743000.0,881337747388.0
llama3-8b_conv300,3947,69017743000.0,881359416972.0
llama3-8b_conv300,3948,69017743000.0,881381086556.0
llama3-8b_conv300,3949,69017743000.0,881402772012.0
llama3-8b_conv300,3950,69017743000.0,881424457468.0
llama3-8b_conv300,3951,69017743000.0,881500266128.0
llama3-8b_conv300,3952,69017743000.0,881576090660.0
llama3-8b_conv300,3953,69017743000.0,881651931064.0
llama3-8b_conv300,3954,69017743000.0,881727787340.0
llama3-8b_conv300,3955,69017743000.0,881803643616.0
llama3-8b_conv300,3956,69017743000.0,881879499892.0
llama3-8b_conv300,3957,69017743000.0,881954076365.0
llama3-8b_conv300,3958,69017743000.0,882028668710.0
llama3-8b_conv300,3959,69017743000.0,882103261055.0
llama3-8b_conv300,3960,69017743000.0,882177869272.0
llama3-8b_conv300,3961,69017743000.0,882252477489.0
llama3-8b_conv300,3962,69017743000.0,882327085706.0
llama3-8b_conv300,3963,69017743000.0,882400398247.0
llama3-8b_conv300,3964,69017743000.0,882473710788.0
llama3-8b_conv300,3965,69017743000.0,882547023329.0
llama3-8b_conv300,3966,69017743000.0,882620335870.0
llama3-8b_conv300,3967,69017743000.0,882693648411.0
llama3-8b_conv300,3968,69017743000.0,882766960952.0
llama3-8b_conv300,3969,69017743000.0,882840273493.0
llama3-8b_conv300,3970,69017743000.0,882913586034.0
llama3-8b_conv300,3971,69017743000.0,882986914447.0
llama3-8b_conv300,3972,69017743000.0,883060242860.0
llama3-8b_conv300,3973,69017743000.0,883132272046.0
llama3-8b_conv300,3974,69017743000.0,883204301232.0
llama3-8b_conv300,3975,69017743000.0,883276346290.0
llama3-8b_conv300,3976,69017743000.0,883296268920.0
llama3-8b_conv300,3977,69017743000.0,883316191550.0
llama3-8b_conv300,3978,69017743000.0,883336114180.0
llama3-8b_conv300,3979,69017743000.0,883356036810.0
llama3-8b_conv300,3980,69017743000.0,883375959440.0
llama3-8b_conv300,3981,69017743000.0,883395882070.0
llama3-8b_conv300,3982,69017743000.0,883613929952.0
llama3-8b_conv300,3983,69017743000.0,883831977834.0
llama3-8b_conv300,3984,69017743000.0,884050025716.0
llama3-8b_conv300,3985,69017743000.0,884268073598.0
llama3-8b_conv300,3986,69017743000.0,884486121480.0
llama3-8b_conv300,3987,69017743000.0,884699759703.0
llama3-8b_conv300,3988,69017743000.0,884913397926.0
llama3-8b_conv300,3989,69017743000.0,885127036149.0
llama3-8b_conv300,3990,69017743000.0,885340674372.0
llama3-8b_conv300,3991,69017743000.0,885554312595.0
llama3-8b_conv300,3992,69017743000.0,885767950818.0
llama3-8b_conv300,3993,69017743000.0,885981589041.0
llama3-8b_conv300,3994,69017743000.0,886214392164.0
llama3-8b_conv300,3995,69017743000.0,886447195287.0
llama3-8b_conv300,3996,69017743000.0,886789450895.0
llama3-8b_conv300,3997,69017743000.0,887131706503.0
llama3-8b_conv300,3998,69017743000.0,887473977983.0
llama3-8b_conv300,3999,69017743000.0,887816249463.0
llama3-8b_conv300,4000,69017743000.0,888158536815.0
llama3-8b_conv300,4001,69017743000.0,888493379883.0
llama3-8b_conv300,4002,69017743000.0,888828222951.0
llama3-8b_conv300,4003,69017743000.0,889163066019.0
llama3-8b_conv300,4004,69017743000.0,889497909087.0
llama3-8b_conv300,4005,69017743000.0,889832752155.0
llama3-8b_conv300,4006,69017743000.0,890167595223.0
llama3-8b_conv300,4007,69017743000.0,890502438291.0
llama3-8b_conv300,4008,69017743000.0,890837281359.0
llama3-8b_conv300,4009,69017743000.0,891164537327.0
llama3-8b_conv300,4010,69017743000.0,891491793295.0
llama3-8b_conv300,4011,69017743000.0,891819049263.0
llama3-8b_conv300,4012,69017743000.0,892146321103.0
llama3-8b_conv300,4013,69017743000.0,892369549108.0
llama3-8b_conv300,4014,69017743000.0,892592777113.0
llama3-8b_conv300,4015,69017743000.0,892816005118.0
llama3-8b_conv300,4016,69017743000.0,893039248995.0
llama3-8b_conv300,4017,69017743000.0,893262508744.0
llama3-8b_conv300,4018,69017743000.0,893485768493.0
llama3-8b_conv300,4019,69017743000.0,893709028242.0
llama3-8b_conv300,4020,69017743000.0,893932287991.0
llama3-8b_conv300,4021,69017743000.0,894155547740.0
llama3-8b_conv300,4022,69017743000.0,894378807489.0
llama3-8b_conv300,4023,69017743000.0,894602067238.0
llama3-8b_conv300,4024,70095865000.0,895082862122.0
llama3-8b_conv300,4025,70095865000.0,895556807805.0
llama3-8b_conv300,4026,70095865000.0,895884234269.0
llama3-8b_conv300,4027,70095865000.0,896211660733.0
llama3-8b_conv300,4028,70095865000.0,896539103069.0
llama3-8b_conv300,4029,70095865000.0,896866561277.0
llama3-8b_conv300,4030,70095865000.0,897194019485.0
llama3-8b_conv300,4031,70095865000.0,897521521213.0
llama3-8b_conv300,4032,70095865000.0,897744792738.0
llama3-8b_conv300,4033,70095865000.0,897968064263.0
llama3-8b_conv300,4034,70287471000.0,898448870923.0
llama3-8b_conv300,4035,70287471000.0,898852459791.0
llama3-8b_conv300,4036,70287471000.0,899333102611.0
llama3-8b_conv300,4037,70287471000.0,899891221271.0
llama3-8b_conv300,4038,70457950000.0,900470289082.0
llama3-8b_conv300,4039,70457950000.0,900599296679.0
llama3-8b_conv300,4040,70457950000.0,900934337891.0
llama3-8b_conv300,4041,70457950000.0,901269379103.0
llama3-8b_conv300,4042,70457950000.0,901604420315.0
llama3-8b_conv300,4043,70457950000.0,901939461527.0
llama3-8b_conv300,4044,70457950000.0,902274502739.0
llama3-8b_conv300,4045,70457950000.0,902609543951.0
llama3-8b_conv300,4046,70457950000.0,902944585163.0
llama3-8b_conv300,4047,70457950000.0,903168094768.0
llama3-8b_conv300,4048,70457950000.0,903391604373.0
llama3-8b_conv300,4049,70457950000.0,903615145722.0
llama3-8b_conv300,4050,70457950000.0,903838687071.0
llama3-8b_conv300,4051,70457950000.0,904062228420.0
llama3-8b_conv300,4052,70457950000.0,904285769769.0
llama3-8b_conv300,4053,70457950000.0,904509311118.0
llama3-8b_conv300,4054,70457950000.0,904732852467.0
llama3-8b_conv300,4055,70457950000.0,904956393816.0
llama3-8b_conv300,4056,70457950000.0,905179935165.0
llama3-8b_conv300,4057,70457950000.0,905403476514.0
llama3-8b_conv300,4058,70457950000.0,905627017863.0
llama3-8b_conv300,4059,70457950000.0,905850559212.0
llama3-8b_conv300,4060,70457950000.0,906074116433.0
llama3-8b_conv300,4061,70457950000.0,906297673654.0
llama3-8b_conv300,4062,70457950000.0,906521230875.0
llama3-8b_conv300,4063,70457950000.0,906744788096.0
llama3-8b_conv300,4064,70457950000.0,906968345317.0
llama3-8b_conv300,4065,70457950000.0,907191918410.0
llama3-8b_conv300,4066,70457950000.0,907415491503.0
llama3-8b_conv300,4067,70457950000.0,907639080468.0
llama3-8b_conv300,4068,70913521000.0,908120204568.0
llama3-8b_conv300,4069,70913521000.0,908524110876.0
llama3-8b_conv300,4070,70977717000.0,908713302982.0
llama3-8b_conv300,4071,70977717000.0,909048473218.0
llama3-8b_conv300,4072,70977717000.0,909376058402.0
llama3-8b_conv300,4073,70977717000.0,909703643586.0
llama3-8b_conv300,4074,70977717000.0,910031228770.0
llama3-8b_conv300,4075,70977717000.0,910358829826.0
llama3-8b_conv300,4076,70977717000.0,910686430882.0
llama3-8b_conv300,4077,70977717000.0,911014031938.0
llama3-8b_conv300,4078,70977717000.0,911341632994.0
llama3-8b_conv300,4079,70977717000.0,911669234050.0
llama3-8b_conv300,4080,70977717000.0,911996850978.0
llama3-8b_conv300,4081,70977717000.0,912220253575.0
llama3-8b_conv300,4082,70977717000.0,912443656172.0
llama3-8b_conv300,4083,70977717000.0,912667058769.0
llama3-8b_conv300,4084,70977717000.0,912890461366.0
llama3-8b_conv300,4085,70977717000.0,913113863963.0
llama3-8b_conv300,4086,70977717000.0,913337282432.0
llama3-8b_conv300,4087,70977717000.0,913560700901.0
llama3-8b_conv300,4088,70977717000.0,913784119370.0
llama3-8b_conv300,4089,70977717000.0,914007537839.0
llama3-8b_conv300,4090,70977717000.0,914230956308.0
llama3-8b_conv300,4091,70977717000.0,914454374777.0
llama3-8b_conv300,4092,70977717000.0,914677793246.0
llama3-8b_conv300,4093,70977717000.0,914723036108.0
llama3-8b_conv300,4094,70977717000.0,914768278970.0
llama3-8b_conv300,4095,70977717000.0,914813521832.0
llama3-8b_conv300,4096,70977717000.0,914858764694.0
llama3-8b_conv300,4097,70977717000.0,914904007556.0
llama3-8b_conv300,4098,70977717000.0,914949250418.0
llama3-8b_conv300,4099,70977717000.0,914994493280.0
llama3-8b_conv300,4100,70977717000.0,915039736142.0
llama3-8b_conv300,4101,70977717000.0,915084979004.0
llama3-8b_conv300,4102,70977717000.0,915130221866.0
llama3-8b_conv300,4103,70977717000.0,915175480600.0
llama3-8b_conv300,4104,70977717000.0,915220739334.0
llama3-8b_conv300,4105,70977717000.0,915265998068.0
llama3-8b_conv300,4106,70977717000.0,915311256802.0
llama3-8b_conv300,4107,70977717000.0,915356515536.0
llama3-8b_conv300,4108,70977717000.0,915401774270.0
llama3-8b_conv300,4109,70977717000.0,915447033004.0
llama3-8b_conv300,4110,70977717000.0,915492307610.0
llama3-8b_conv300,4111,71553215000.0,915829754753.0
llama3-8b_conv300,4112,71553215000.0,916212937832.0
llama3-8b_conv300,4113,71553215000.0,916368810707.0
llama3-8b_conv300,4114,71553215000.0,916388019196.0
llama3-8b_conv300,4115,71553215000.0,916407227685.0
llama3-8b_conv300,4116,71553215000.0,916426436174.0
llama3-8b_conv300,4117,71553215000.0,916445644663.0
llama3-8b_conv300,4118,71553215000.0,916464869024.0
llama3-8b_conv300,4119,71553215000.0,916484093385.0
llama3-8b_conv300,4120,71553215000.0,916503317746.0
llama3-8b_conv300,4121,71553215000.0,916522542107.0
llama3-8b_conv300,4122,71553215000.0,916541766468.0
llama3-8b_conv300,4123,71553215000.0,916560990829.0
llama3-8b_conv300,4124,71553215000.0,916580215190.0
llama3-8b_conv300,4125,71553215000.0,916625099880.0
llama3-8b_conv300,4126,71553215000.0,916670000442.0
llama3-8b_conv300,4127,71553215000.0,916714901004.0
llama3-8b_conv300,4128,71553215000.0,916759801566.0
llama3-8b_conv300,4129,71553215000.0,916804503924.0
llama3-8b_conv300,4130,71553215000.0,916849206282.0
llama3-8b_conv300,4131,71553215000.0,916893908640.0
llama3-8b_conv300,4132,71553215000.0,916938610998.0
llama3-8b_conv300,4133,71553215000.0,916983313356.0
llama3-8b_conv300,4134,71926622000.0,917349835382.0
llama3-8b_conv300,4135,71926622000.0,917765116192.0
llama3-8b_conv300,4136,71926622000.0,917875749651.0
llama3-8b_conv300,4137,71926622000.0,917920745445.0
llama3-8b_conv300,4138,71926622000.0,917965741239.0
llama3-8b_conv300,4139,71926622000.0,918010737033.0
llama3-8b_conv300,4140,71926622000.0,918055748699.0
llama3-8b_conv300,4141,71926622000.0,918100760365.0
llama3-8b_conv300,4142,71926622000.0,918145772031.0
llama3-8b_conv300,4143,71926622000.0,918190783697.0
llama3-8b_conv300,4144,71926622000.0,918235795363.0
llama3-8b_conv300,4145,71926622000.0,918280807029.0
llama3-8b_conv300,4146,71926622000.0,918325477643.0
llama3-8b_conv300,4147,71926622000.0,918370148257.0
llama3-8b_conv300,4148,71926622000.0,918414818871.0
llama3-8b_conv300,4149,71926622000.0,918459489485.0
llama3-8b_conv300,4150,71926622000.0,918504160099.0
llama3-8b_conv300,4151,71926622000.0,918548830713.0
llama3-8b_conv300,4152,71926622000.0,918593501327.0
llama3-8b_conv300,4153,71926622000.0,918638171941.0
llama3-8b_conv300,4154,72258986000.0,919004662223.0
llama3-8b_conv300,4155,72258986000.0,919336324829.0
llama3-8b_conv300,4156,72258986000.0,919381273007.0
llama3-8b_conv300,4157,72258986000.0,919426237057.0
llama3-8b_conv300,4158,72258986000.0,919471201107.0
llama3-8b_conv300,4159,72258986000.0,919516165157.0
llama3-8b_conv300,4160,72258986000.0,919561129207.0
llama3-8b_conv300,4161,72258986000.0,919606093257.0
llama3-8b_conv300,4162,72258986000.0,919651057307.0
llama3-8b_conv300,4163,72258986000.0,919696021357.0
llama3-8b_conv300,4164,72258986000.0,919740985407.0
llama3-8b_conv300,4165,72463206000.0,919873045243.0
llama3-8b_conv300,4166,72463206000.0,919918069993.0
llama3-8b_conv300,4167,72463206000.0,919963094743.0
llama3-8b_conv300,4168,72463206000.0,920008135365.0
llama3-8b_conv300,4169,72463206000.0,920053175987.0
llama3-8b_conv300,4170,72463206000.0,920098216609.0
llama3-8b_conv300,4171,72463206000.0,920143257231.0
llama3-8b_conv300,4172,72463206000.0,920188297853.0
llama3-8b_conv300,4173,72463206000.0,920233091407.0
llama3-8b_conv300,4174,72463206000.0,920311937162.0
llama3-8b_conv300,4175,72463206000.0,920390782917.0
llama3-8b_conv300,4176,72463206000.0,920469628672.0
llama3-8b_conv300,4177,72463206000.0,920548490299.0
llama3-8b_conv300,4178,72463206000.0,920627351926.0
llama3-8b_conv300,4179,72463206000.0,920706213553.0
llama3-8b_conv300,4180,72463206000.0,920785075180.0
llama3-8b_conv300,4181,72463206000.0,920863936807.0
llama3-8b_conv300,4182,72686339000.0,921616433106.0
llama3-8b_conv300,4183,72686339000.0,922180583037.0
llama3-8b_conv300,4184,72772330000.0,922563265383.0
llama3-8b_conv300,4185,72772330000.0,922977740817.0
llama3-8b_conv300,4186,72772330000.0,923090669989.0
llama3-8b_conv300,4187,72772330000.0,923135352439.0
llama3-8b_conv300,4188,72772330000.0,923180050761.0
llama3-8b_conv300,4189,72772330000.0,923224749083.0
llama3-8b_conv300,4190,72772330000.0,923269447405.0
llama3-8b_conv300,4191,72772330000.0,923314145727.0
llama3-8b_conv300,4192,72772330000.0,923358844049.0
llama3-8b_conv300,4193,72772330000.0,923403542371.0
llama3-8b_conv300,4194,72772330000.0,923448240693.0
llama3-8b_conv300,4195,72772330000.0,923492954887.0
llama3-8b_conv300,4196,72772330000.0,923537669081.0
llama3-8b_conv300,4197,72772330000.0,923582383275.0
llama3-8b_conv300,4198,72772330000.0,923627097469.0
llama3-8b_conv300,4199,72772330000.0,923671827535.0
llama3-8b_conv300,4200,72772330000.0,923716601121.0
llama3-8b_conv300,4201,73069107000.0,924012468666.0
llama3-8b_conv300,4202,73069107000.0,924057115276.0
llama3-8b_conv300,4203,73069107000.0,924101452578.0
llama3-8b_conv300,4204,73069107000.0,924145789880.0
llama3-8b_conv300,4205,73139437000.0,924511946850.0
llama3-8b_conv300,4206,73139437000.0,924926862604.0
llama3-8b_conv300,4207,73139437000.0,925408821686.0
llama3-8b_conv300,4208,73139437000.0,925986360928.0
llama3-8b_conv300,4209,73139437000.0,926695971082.0
llama3-8b_conv300,4210,73139437000.0,927706382773.0
llama3-8b_conv300,4211,73139437000.0,928863533664.0
llama3-8b_conv300,4212,73139437000.0,930363564811.0
llama3-8b_conv300,4213,73188991000.0,931027735221.0
llama3-8b_conv300,4214,73188991000.0,931443000159.0
llama3-8b_conv300,4215,73284651000.0,943382117512.0
llama3-8b_conv300,4216,73284651000.0,943793919825.0
llama3-8b_conv300,4217,73501684000.0,944242298520.0
llama3-8b_conv300,4218,73501684000.0,944585184127.0
llama3-8b_conv300,4219,73501684000.0,944898856449.0
llama3-8b_conv300,4220,73501684000.0,944917969706.0
llama3-8b_conv300,4221,73841563000.0,945502062096.0
llama3-8b_conv300,4222,73841563000.0,945881312188.0
llama3-8b_conv300,4223,73841563000.0,946104683041.0
llama3-8b_conv300,4224,73841563000.0,946328053894.0
llama3-8b_conv300,4225,73841563000.0,946347103663.0
llama3-8b_conv300,4226,73841563000.0,946366153432.0
llama3-8b_conv300,4227,73841563000.0,946385203201.0
llama3-8b_conv300,4228,73841563000.0,946404252970.0
llama3-8b_conv300,4229,74006953000.0,946988281872.0
llama3-8b_conv300,4230,74006953000.0,947520590582.0
llama3-8b_conv300,4231,74046995000.0,948193547642.0
llama3-8b_conv300,4232,74046995000.0,948595192958.0
llama3-8b_conv300,4233,74046995000.0,948706602583.0
llama3-8b_conv300,4234,74046995000.0,949034108407.0
llama3-8b_conv300,4235,74046995000.0,949361614231.0
llama3-8b_conv300,4236,74046995000.0,949689120055.0
llama3-8b_conv300,4237,74046995000.0,950016625879.0
llama3-8b_conv300,4238,74046995000.0,950344147575.0
llama3-8b_conv300,4239,74046995000.0,950671669271.0
llama3-8b_conv300,4240,74046995000.0,950999190967.0
llama3-8b_conv300,4241,74046995000.0,951222466588.0
llama3-8b_conv300,4242,74046995000.0,951445758081.0
llama3-8b_conv300,4243,74046995000.0,951669049574.0
llama3-8b_conv300,4244,74046995000.0,951892341067.0
llama3-8b_conv300,4245,74046995000.0,952115632560.0
llama3-8b_conv300,4246,74046995000.0,952338939925.0
llama3-8b_conv300,4247,74046995000.0,952562247290.0
llama3-8b_conv300,4248,74046995000.0,952785554655.0
llama3-8b_conv300,4249,74046995000.0,953008862020.0
llama3-8b_conv300,4250,74046995000.0,953232169385.0
llama3-8b_conv300,4251,74046995000.0,953250838226.0
llama3-8b_conv300,4252,74046995000.0,953269550587.0
llama3-8b_conv300,4253,74046995000.0,953288262948.0
llama3-8b_conv300,4254,74046995000.0,953306991181.0
llama3-8b_conv300,4255,74046995000.0,953325719414.0
llama3-8b_conv300,4256,74046995000.0,953344447647.0
llama3-8b_conv300,4257,74046995000.0,953363175880.0
llama3-8b_conv300,4258,74046995000.0,953381904113.0
llama3-8b_conv300,4259,74046995000.0,953400632346.0
llama3-8b_conv300,4260,74046995000.0,953419360579.0
llama3-8b_conv300,4261,74046995000.0,953438088812.0
llama3-8b_conv300,4262,74046995000.0,953456817045.0
llama3-8b_conv300,4263,74046995000.0,953475545278.0
llama3-8b_conv300,4264,74046995000.0,953494273511.0
llama3-8b_conv300,4265,74046995000.0,953513001744.0
llama3-8b_conv300,4266,74046995000.0,953531729977.0
llama3-8b_conv300,4267,74046995000.0,953550458210.0
llama3-8b_conv300,4268,74046995000.0,953569186443.0
llama3-8b_conv300,4269,74046995000.0,953587914676.0
llama3-8b_conv300,4270,74046995000.0,953606642909.0
llama3-8b_conv300,4271,74046995000.0,953625371142.0
llama3-8b_conv300,4272,74046995000.0,953644099375.0
llama3-8b_conv300,4273,74046995000.0,953662827608.0
llama3-8b_conv300,4274,74046995000.0,953681571713.0
llama3-8b_conv300,4275,74046995000.0,953726477167.0
llama3-8b_conv300,4276,74046995000.0,953771382621.0
llama3-8b_conv300,4277,74046995000.0,953816303947.0
llama3-8b_conv300,4278,74046995000.0,953861225273.0
llama3-8b_conv300,4279,74046995000.0,953906146599.0
llama3-8b_conv300,4280,74046995000.0,953951067925.0
llama3-8b_conv300,4281,74046995000.0,953995989251.0
llama3-8b_conv300,4282,74046995000.0,954040926449.0
llama3-8b_conv300,4283,74046995000.0,954085863647.0
llama3-8b_conv300,4284,74046995000.0,954130816717.0
llama3-8b_conv300,4285,74046995000.0,954175769787.0
llama3-8b_conv300,4286,74046995000.0,954220722857.0
llama3-8b_conv300,4287,74046995000.0,954265675927.0
llama3-8b_conv300,4288,74046995000.0,954310628997.0
llama3-8b_conv300,4289,74046995000.0,954355582067.0
llama3-8b_conv300,4290,74046995000.0,954400535137.0
llama3-8b_conv300,4291,74046995000.0,954445488207.0
llama3-8b_conv300,4292,74046995000.0,954490441277.0
llama3-8b_conv300,4293,74046995000.0,954535394347.0
llama3-8b_conv300,4294,74046995000.0,954579870401.0
llama3-8b_conv300,4295,74046995000.0,954624346455.0
llama3-8b_conv300,4296,74046995000.0,954668838381.0
llama3-8b_conv300,4297,74046995000.0,954713330307.0
llama3-8b_conv300,4298,74046995000.0,954757822233.0
llama3-8b_conv300,4299,74046995000.0,954802314159.0
llama3-8b_conv300,4300,74046995000.0,954846806085.0
llama3-8b_conv300,4301,74046995000.0,954891313883.0
llama3-8b_conv300,4302,74046995000.0,954935821681.0
llama3-8b_conv300,4303,74046995000.0,954980329479.0
llama3-8b_conv300,4304,74046995000.0,955024837277.0
llama3-8b_conv300,4305,74046995000.0,955069360947.0
llama3-8b_conv300,4306,74046995000.0,955113884617.0
llama3-8b_conv300,4307,74046995000.0,955192817412.0
llama3-8b_conv300,4308,74046995000.0,955271750207.0
llama3-8b_conv300,4309,74046995000.0,955350683002.0
llama3-8b_conv300,4310,74046995000.0,955429615797.0
llama3-8b_conv300,4311,74046995000.0,955508548592.0
llama3-8b_conv300,4312,74046995000.0,955587481387.0
llama3-8b_conv300,4313,74046995000.0,955666414182.0
llama3-8b_conv300,4314,74046995000.0,955745346977.0
llama3-8b_conv300,4315,74046995000.0,955824279772.0
llama3-8b_conv300,4316,74046995000.0,955903212567.0
llama3-8b_conv300,4317,74046995000.0,955982145362.0
llama3-8b_conv300,4318,74046995000.0,956061078157.0
llama3-8b_conv300,4319,75304583000.0,956813645624.0
llama3-8b_conv300,4320,75304583000.0,957377866723.0
llama3-8b_conv300,4321,75304583000.0,957468963289.0
llama3-8b_conv300,4322,75304583000.0,957513439343.0
llama3-8b_conv300,4323,75304583000.0,957557931269.0
llama3-8b_conv300,4324,75304583000.0,957602423195.0
llama3-8b_conv300,4325,75304583000.0,957646915121.0
llama3-8b_conv300,4326,75304583000.0,957691407047.0
llama3-8b_conv300,4327,75304583000.0,957735898973.0
llama3-8b_conv300,4328,75304583000.0,957780390899.0
llama3-8b_conv300,4329,75304583000.0,957824882825.0
llama3-8b_conv300,4330,75304583000.0,957869374751.0
llama3-8b_conv300,4331,75304583000.0,957913882549.0
llama3-8b_conv300,4332,75304583000.0,957958390347.0
llama3-8b_conv300,4333,75304583000.0,958002898145.0
llama3-8b_conv300,4334,75304583000.0,958047405943.0
llama3-8b_conv300,4335,75304583000.0,958091913741.0
llama3-8b_conv300,4336,75304583000.0,958136421539.0
llama3-8b_conv300,4337,75304583000.0,958180945209.0
llama3-8b_conv300,4338,75304583000.0,958225484751.0
llama3-8b_conv300,4339,75627209000.0,958591843961.0
llama3-8b_conv300,4340,75627209000.0,959006961955.0
llama3-8b_conv300,4341,75627209000.0,959120960556.0
llama3-8b_conv300,4342,75726526000.0,959487256278.0
llama3-8b_conv300,4343,75726526000.0,959902310784.0
llama3-8b_conv300,4344,75726526000.0,960008820336.0
llama3-8b_conv300,4345,75833898000.0,960491899348.0
llama3-8b_conv300,4346,75862760000.0,960538864539.0
llama3-8b_conv300,4347,75862760000.0,960557547204.0
llama3-8b_conv300,4348,75862760000.0,960576229869.0
llama3-8b_conv300,4349,75862760000.0,960594912534.0
llama3-8b_conv300,4350,75862760000.0,960613595199.0
llama3-8b_conv300,4351,75862760000.0,960632277864.0
llama3-8b_conv300,4352,75862760000.0,960650960529.0
llama3-8b_conv300,4353,75862760000.0,960669643194.0
llama3-8b_conv300,4354,75862760000.0,960688325859.0
llama3-8b_conv300,4355,75862760000.0,960707008524.0
llama3-8b_conv300,4356,75862760000.0,960725691189.0
llama3-8b_conv300,4357,75862760000.0,960744373854.0
llama3-8b_conv300,4358,75862760000.0,960763056519.0
llama3-8b_conv300,4359,75862760000.0,960781739184.0
llama3-8b_conv300,4360,75862760000.0,960800421849.0
llama3-8b_conv300,4361,75862760000.0,960819104514.0
llama3-8b_conv300,4362,75862760000.0,960837787179.0
llama3-8b_conv300,4363,76099724000.0,961118499370.0
llama3-8b_conv300,4364,76099724000.0,961341376143.0
llama3-8b_conv300,4365,76099724000.0,961564252916.0
llama3-8b_conv300,4366,76099724000.0,961787129689.0
llama3-8b_conv300,4367,76099724000.0,962010006462.0
llama3-8b_conv300,4368,76099724000.0,962232883235.0
llama3-8b_conv300,4369,76099724000.0,962455760008.0
llama3-8b_conv300,4370,76099724000.0,962678652653.0
llama3-8b_conv300,4371,76099724000.0,962901545298.0
llama3-8b_conv300,4372,76099724000.0,963124437943.0
llama3-8b_conv300,4373,76099724000.0,963347330588.0
llama3-8b_conv300,4374,76099724000.0,963570239105.0
llama3-8b_conv300,4375,76099724000.0,963793147622.0
llama3-8b_conv300,4376,76286150000.0,964273591274.0
llama3-8b_conv300,4377,76286150000.0,964676817134.0
llama3-8b_conv300,4378,76286150000.0,964748982030.0
llama3-8b_conv300,4379,76286150000.0,965076073134.0
llama3-8b_conv300,4380,76286150000.0,965403180110.0
llama3-8b_conv300,4381,76286150000.0,965730287086.0
llama3-8b_conv300,4382,76286150000.0,965953290835.0
llama3-8b_conv300,4383,76286150000.0,966176294584.0
llama3-8b_conv300,4384,76286150000.0,966399298333.0
llama3-8b_conv300,4385,76286150000.0,966622302082.0
llama3-8b_conv300,4386,76286150000.0,966845305831.0
llama3-8b_conv300,4387,76286150000.0,967068309580.0
llama3-8b_conv300,4388,76286150000.0,967291313329.0
llama3-8b_conv300,4389,76286150000.0,967514317078.0
llama3-8b_conv300,4390,76286150000.0,967737320827.0
llama3-8b_conv300,4391,76286150000.0,967960324576.0
llama3-8b_conv300,4392,76558380000.0,968440863460.0
llama3-8b_conv300,4393,76558380000.0,968844184552.0
llama3-8b_conv300,4394,76558380000.0,969024371995.0
llama3-8b_conv300,4395,76558380000.0,969351558331.0
llama3-8b_conv300,4396,76558380000.0,969678746715.0
llama3-8b_conv300,4397,76558380000.0,970005935099.0
llama3-8b_conv300,4398,76558380000.0,970333123483.0
llama3-8b_conv300,4399,76558380000.0,970660311867.0
llama3-8b_conv300,4400,76558380000.0,970987516123.0
llama3-8b_conv300,4401,76749357000.0,971500969470.0
llama3-8b_conv300,4402,76749357000.0,972052625697.0
llama3-8b_conv300,4403,76749357000.0,972098310685.0
llama3-8b_conv300,4404,76749357000.0,972433054425.0
llama3-8b_conv300,4405,76749357000.0,972767814037.0
llama3-8b_conv300,4406,76749357000.0,973102573649.0
llama3-8b_conv300,4407,76749357000.0,973437333261.0
llama3-8b_conv300,4408,76749357000.0,973772092873.0
llama3-8b_conv300,4409,76749357000.0,974106852485.0
llama3-8b_conv300,4410,76749357000.0,974441627969.0
llama3-8b_conv300,4411,76749357000.0,974776419325.0
llama3-8b_conv300,4412,76749357000.0,975111226553.0
llama3-8b_conv300,4413,76749357000.0,975446033781.0
llama3-8b_conv300,4414,76749357000.0,975780841009.0
llama3-8b_conv300,4415,76749357000.0,976115648237.0
llama3-8b_conv300,4416,76749357000.0,976450471337.0
llama3-8b_conv300,4417,76749357000.0,976785294437.0
llama3-8b_conv300,4418,76749357000.0,977120117537.0
llama3-8b_conv300,4419,76749357000.0,977454940637.0
llama3-8b_conv300,4420,76749357000.0,977789763737.0
llama3-8b_conv300,4421,76749357000.0,978124586837.0
llama3-8b_conv300,4422,76749357000.0,978459409937.0
llama3-8b_conv300,4423,76749357000.0,978794233037.0
llama3-8b_conv300,4424,76749357000.0,979129087881.0
llama3-8b_conv300,4425,76749357000.0,979463942725.0
llama3-8b_conv300,4426,76749357000.0,979798797569.0
llama3-8b_conv300,4427,76749357000.0,980133652413.0
llama3-8b_conv300,4428,76749357000.0,980468507257.0
llama3-8b_conv300,4429,76749357000.0,980803377973.0
llama3-8b_conv300,4430,76749357000.0,981138248689.0
llama3-8b_conv300,4431,76749357000.0,981473119405.0
llama3-8b_conv300,4432,76749357000.0,981807990121.0
llama3-8b_conv300,4433,76749357000.0,982142892581.0
llama3-8b_conv300,4434,76749357000.0,982477795041.0
llama3-8b_conv300,4435,76749357000.0,982812697501.0
llama3-8b_conv300,4436,76749357000.0,983147599961.0
llama3-8b_conv300,4437,76749357000.0,983482502421.0
llama3-8b_conv300,4438,76749357000.0,983817404881.0
llama3-8b_conv300,4439,77310607000.0,984530899187.0
llama3-8b_conv300,4440,77310607000.0,984834869629.0
llama3-8b_conv300,4441,77310607000.0,985177279861.0
llama3-8b_conv300,4442,77310607000.0,985519690093.0
llama3-8b_conv300,4443,77310607000.0,985854640169.0
llama3-8b_conv300,4444,77310607000.0,986189590245.0
llama3-8b_conv300,4445,77310607000.0,986524540321.0
llama3-8b_conv300,4446,77310607000.0,986859490397.0
llama3-8b_conv300,4447,77310607000.0,987194440473.0
llama3-8b_conv300,4448,77310607000.0,987529390549.0
llama3-8b_conv300,4449,77310607000.0,987864340625.0
llama3-8b_conv300,4450,77310607000.0,988199290701.0
llama3-8b_conv300,4451,77310607000.0,988534256649.0
llama3-8b_conv300,4452,77546989000.0,989247814443.0
llama3-8b_conv300,4453,77546989000.0,989718864461.0
llama3-8b_conv300,4454,77546989000.0,989898995991.0
llama3-8b_conv300,4455,77546989000.0,990233914323.0
llama3-8b_conv300,4456,77546989000.0,990568832655.0
llama3-8b_conv300,4457,77546989000.0,990903750987.0
llama3-8b_conv300,4458,77546989000.0,991238669319.0
llama3-8b_conv300,4459,77546989000.0,991573603523.0
llama3-8b_conv300,4460,77546989000.0,991908537727.0
llama3-8b_conv300,4461,77546989000.0,992243471931.0
llama3-8b_conv300,4462,77546989000.0,992578406135.0
llama3-8b_conv300,4463,77546989000.0,992905880215.0
llama3-8b_conv300,4464,77546989000.0,993233354295.0
llama3-8b_conv300,4465,77546989000.0,993560844247.0
llama3-8b_conv300,4466,77546989000.0,993888365943.0
llama3-8b_conv300,4467,77546989000.0,994215887639.0
llama3-8b_conv300,4468,77546989000.0,994543409335.0
llama3-8b_conv300,4469,77546989000.0,994870931031.0
llama3-8b_conv300,4470,77546989000.0,995198452727.0
llama3-8b_conv300,4471,77546989000.0,995525974423.0
llama3-8b_conv300,4472,77546989000.0,995853496119.0
llama3-8b_conv300,4473,77546989000.0,996181017815.0
llama3-8b_conv300,4474,77546989000.0,996508539511.0
llama3-8b_conv300,4475,77546989000.0,996836061207.0
llama3-8b_conv300,4476,77546989000.0,997163582903.0
llama3-8b_conv300,4477,77546989000.0,997491104599.0
llama3-8b_conv300,4478,77546989000.0,997818626295.0
llama3-8b_conv300,4479,77546989000.0,998146147991.0
llama3-8b_conv300,4480,77546989000.0,998473669687.0
llama3-8b_conv300,4481,77546989000.0,998801191383.0
llama3-8b_conv300,4482,77546989000.0,999128713079.0
llama3-8b_conv300,4483,77546989000.0,999352004572.0
llama3-8b_conv300,4484,77546989000.0,999575296065.0
llama3-8b_conv300,4485,77546989000.0,999798587558.0
llama3-8b_conv300,4486,77546989000.0,1000021879051.0
llama3-8b_conv300,4487,77546989000.0,1000041035828.0
llama3-8b_conv300,4488,77546989000.0,1000060192605.0
llama3-8b_conv300,4489,77546989000.0,1000079349382.0
llama3-8b_conv300,4490,77546989000.0,1000098522031.0
llama3-8b_conv300,4491,77546989000.0,1000117694680.0
llama3-8b_conv300,4492,77546989000.0,1000136867329.0
llama3-8b_conv300,4493,77546989000.0,1000156039978.0
llama3-8b_conv300,4494,77546989000.0,1000175212627.0
llama3-8b_conv300,4495,77546989000.0,1000194385276.0
llama3-8b_conv300,4496,77546989000.0,1000213557925.0
llama3-8b_conv300,4497,77546989000.0,1000232730574.0
llama3-8b_conv300,4498,77546989000.0,1000251919095.0
llama3-8b_conv300,4499,77546989000.0,1000271107616.0
llama3-8b_conv300,4500,78254342000.0,1000855275270.0
llama3-8b_conv300,4501,78254342000.0,1001387722732.0
llama3-8b_conv300,4502,78313936000.0,1001959036656.0
llama3-8b_conv300,4503,78313936000.0,1002362847732.0
llama3-8b_conv300,4504,78313936000.0,1002797601346.0
llama3-8b_conv300,4505,78313936000.0,1003125309410.0
llama3-8b_conv300,4506,78313936000.0,1003453017474.0
llama3-8b_conv300,4507,78313936000.0,1003780725538.0
llama3-8b_conv300,4508,78313936000.0,1004108433602.0
llama3-8b_conv300,4509,78313936000.0,1004331895591.0
llama3-8b_conv300,4510,78313936000.0,1004555357580.0
llama3-8b_conv300,4511,78313936000.0,1004778819569.0
llama3-8b_conv300,4512,78313936000.0,1005002281558.0
llama3-8b_conv300,4513,78313936000.0,1005225743547.0
llama3-8b_conv300,4514,78313936000.0,1005449205536.0
llama3-8b_conv300,4515,78313936000.0,1005672667525.0
llama3-8b_conv300,4516,78313936000.0,1005896129514.0
llama3-8b_conv300,4517,78313936000.0,1006119591503.0
llama3-8b_conv300,4518,78313936000.0,1006343053492.0
llama3-8b_conv300,4519,78313936000.0,1006566515481.0
llama3-8b_conv300,4520,78313936000.0,1006789977470.0
llama3-8b_conv300,4521,78684997000.0,1006918883550.0
llama3-8b_conv300,4522,78707843000.0,1007432638465.0
llama3-8b_conv300,4523,78707843000.0,1007984580388.0
llama3-8b_conv300,4524,78707843000.0,1008602889799.0
llama3-8b_conv300,4525,78741657000.0,1009001045571.0
llama3-8b_conv300,4526,78741657000.0,1009343584827.0
llama3-8b_conv300,4527,78741657000.0,1009686124083.0
llama3-8b_conv300,4528,78741657000.0,1010028679211.0
llama3-8b_conv300,4529,78741657000.0,1010371234339.0
llama3-8b_conv300,4530,78741657000.0,1010713805339.0
llama3-8b_conv300,4531,78741657000.0,1011056376339.0
llama3-8b_conv300,4532,78741657000.0,1011398947339.0
llama3-8b_conv300,4533,78741657000.0,1011741534211.0
llama3-8b_conv300,4534,78741657000.0,1012084121083.0
llama3-8b_conv300,4535,78741657000.0,1012426707955.0
llama3-8b_conv300,4536,78741657000.0,1012769294827.0
llama3-8b_conv300,4537,78741657000.0,1013111881699.0
llama3-8b_conv300,4538,78741657000.0,1013454484443.0
llama3-8b_conv300,4539,78741657000.0,1013797103059.0
llama3-8b_conv300,4540,78741657000.0,1014139737547.0
llama3-8b_conv300,4541,78741657000.0,1014482372035.0
llama3-8b_conv300,4542,78741657000.0,1014825006523.0
llama3-8b_conv300,4543,78741657000.0,1015167641011.0
llama3-8b_conv300,4544,78741657000.0,1015510291371.0
llama3-8b_conv300,4545,78741657000.0,1015852941731.0
llama3-8b_conv300,4546,78741657000.0,1016195592091.0
llama3-8b_conv300,4547,78741657000.0,1016538242451.0
llama3-8b_conv300,4548,78741657000.0,1016873369167.0
llama3-8b_conv300,4549,78741657000.0,1017208495883.0
llama3-8b_conv300,4550,78741657000.0,1017543622599.0
llama3-8b_conv300,4551,78741657000.0,1017878749315.0
llama3-8b_conv300,4552,78741657000.0,1018213907775.0
llama3-8b_conv300,4553,78741657000.0,1018549066235.0
llama3-8b_conv300,4554,79246030000.0,1018853339493.0
llama3-8b_conv300,4555,79246030000.0,1019195958109.0
llama3-8b_conv300,4556,79246030000.0,1019538576725.0
llama3-8b_conv300,4557,79316404000.0,1020020460181.0
llama3-8b_conv300,4558,79316404000.0,1020427423189.0
llama3-8b_conv300,4559,79323080000.0,1020622524288.0
llama3-8b_conv300,4560,79431406000.0,1021107870973.0
llama3-8b_conv300,4561,79431406000.0,1021631420026.0
llama3-8b_conv300,4562,79466727000.0,1022039065877.0
llama3-8b_conv300,4563,79466727000.0,1022071963995.0
llama3-8b_conv300,4564,79466727000.0,1022290160869.0
llama3-8b_conv300,4565,79466727000.0,1022508357743.0
llama3-8b_conv300,4566,79466727000.0,1022726554617.0
llama3-8b_conv300,4567,79466727000.0,1022944751491.0
llama3-8b_conv300,4568,79466727000.0,1023158522834.0
llama3-8b_conv300,4569,79466727000.0,1023372294177.0
llama3-8b_conv300,4570,79466727000.0,1023586065520.0
llama3-8b_conv300,4571,79466727000.0,1023799836863.0
llama3-8b_conv300,4572,79466727000.0,1024013608206.0
llama3-8b_conv300,4573,79466727000.0,1024227379549.0
llama3-8b_conv300,4574,79466727000.0,1024441150892.0
llama3-8b_conv300,4575,79466727000.0,1024674039519.0
llama3-8b_conv300,4576,79466727000.0,1024906928146.0
llama3-8b_conv300,4577,79466727000.0,1025139816773.0
llama3-8b_conv300,4578,79466727000.0,1025372705400.0
llama3-8b_conv300,4579,79788963000.0,1025481562434.0
llama3-8b_conv300,4580,79817387000.0,1025938589885.0
llama3-8b_conv300,4581,79817387000.0,1026324469816.0
llama3-8b_conv300,4582,79817387000.0,1026696883140.0
llama3-8b_conv300,4583,79817387000.0,1026716659338.0
llama3-8b_conv300,4584,79817387000.0,1026736435536.0
llama3-8b_conv300,4585,79817387000.0,1026756211734.0
llama3-8b_conv300,4586,79817387000.0,1026775987932.0
llama3-8b_conv300,4587,79996058000.0,1027166197878.0
llama3-8b_conv300,4588,79996058000.0,1027686320656.0
llama3-8b_conv300,4589,79996058000.0,1027777067988.0
llama3-8b_conv300,4590,79996058000.0,1027848903126.0
llama3-8b_conv300,4591,79996058000.0,1027920738264.0
llama3-8b_conv300,4592,79996058000.0,1027992573402.0
llama3-8b_conv300,4593,79996058000.0,1028064424412.0
llama3-8b_conv300,4594,79996058000.0,1028136291294.0
llama3-8b_conv300,4595,79996058000.0,1028208174048.0
llama3-8b_conv300,4596,80182683000.0,1028545576888.0
llama3-8b_conv300,4597,80182683000.0,1028928674704.0
llama3-8b_conv300,4598,80182683000.0,1028952215373.0
llama3-8b_conv300,4599,80182683000.0,1029025365610.0
llama3-8b_conv300,4600,80182683000.0,1029098515847.0
llama3-8b_conv300,4601,80182683000.0,1029171666084.0
llama3-8b_conv300,4602,80182683000.0,1029244816321.0
llama3-8b_conv300,4603,80182683000.0,1029316635587.0
llama3-8b_conv300,4604,80182683000.0,1029388454853.0
llama3-8b_conv300,4605,80182683000.0,1029460274119.0
llama3-8b_conv300,4606,80182683000.0,1029532093385.0
llama3-8b_conv300,4607,80396777000.0,1029869432737.0
llama3-8b_conv300,4608,80396777000.0,1030252467065.0
llama3-8b_conv300,4609,80421214000.0,1030775338928.0
llama3-8b_conv300,4610,80421214000.0,1031128273287.0
llama3-8b_conv300,4611,80421214000.0,1031460220934.0
llama3-8b_conv300,4612,80421214000.0,1031533335331.0
llama3-8b_conv300,4613,80421214000.0,1031553014249.0
llama3-8b_conv300,4614,80421214000.0,1031572693167.0
llama3-8b_conv300,4615,80421214000.0,1031592372085.0
llama3-8b_conv300,4616,80421214000.0,1031612051003.0
llama3-8b_conv300,4617,80421214000.0,1031829744069.0
llama3-8b_conv300,4618,80421214000.0,1032047437135.0
llama3-8b_conv300,4619,80421214000.0,1032265130201.0
llama3-8b_conv300,4620,80421214000.0,1032482823267.0
llama3-8b_conv300,4621,80421214000.0,1032700516333.0
llama3-8b_conv300,4622,80421214000.0,1032918209399.0
llama3-8b_conv300,4623,80421214000.0,1033135902465.0
llama3-8b_conv300,4624,80421214000.0,1033353595531.0
llama3-8b_conv300,4625,80421214000.0,1033566847194.0
llama3-8b_conv300,4626,80421214000.0,1033780098857.0
llama3-8b_conv300,4627,80421214000.0,1033993350520.0
llama3-8b_conv300,4628,80421214000.0,1034206602183.0
llama3-8b_conv300,4629,80421214000.0,1034419853846.0
llama3-8b_conv300,4630,80421214000.0,1034652270409.0
llama3-8b_conv300,4631,80421214000.0,1034884702844.0
llama3-8b_conv300,4632,80421214000.0,1035117135279.0
llama3-8b_conv300,4633,80895356000.0,1035553937166.0
llama3-8b_conv300,4634,80895356000.0,1036028237329.0
llama3-8b_conv300,4635,80895356000.0,1036241484896.0
llama3-8b_conv300,4636,80895356000.0,1036454732463.0
llama3-8b_conv300,4637,80895356000.0,1036667980030.0
llama3-8b_conv300,4638,80895356000.0,1036881271117.0
llama3-8b_conv300,4639,80895356000.0,1037094562204.0
llama3-8b_conv300,4640,80895356000.0,1037307853291.0
llama3-8b_conv300,4641,80895356000.0,1037521144378.0
llama3-8b_conv300,4642,80895356000.0,1037734435465.0
llama3-8b_conv300,4643,80895356000.0,1037947726552.0
llama3-8b_conv300,4644,80895356000.0,1038161033511.0
llama3-8b_conv300,4645,80895356000.0,1038374340470.0
llama3-8b_conv300,4646,80895356000.0,1038587663301.0
llama3-8b_conv300,4647,81144872000.0,1039072406850.0
llama3-8b_conv300,4648,81144872000.0,1039595321023.0
llama3-8b_conv300,4649,81144872000.0,1039842943114.0
llama3-8b_conv300,4650,81144872000.0,1040060675604.0
llama3-8b_conv300,4651,81144872000.0,1040278408094.0
llama3-8b_conv300,4652,81144872000.0,1040496140584.0
llama3-8b_conv300,4653,81144872000.0,1040713873074.0
llama3-8b_conv300,4654,81144872000.0,1040931605564.0
llama3-8b_conv300,4655,81144872000.0,1041149338054.0
llama3-8b_conv300,4656,81144872000.0,1041367102288.0
llama3-8b_conv300,4657,81144872000.0,1041584866522.0
llama3-8b_conv300,4658,81144872000.0,1041798332201.0
llama3-8b_conv300,4659,81144872000.0,1042031149148.0
llama3-8b_conv300,4660,81144872000.0,1042263966095.0
llama3-8b_conv300,4661,81144872000.0,1042496783042.0
llama3-8b_conv300,4662,81144872000.0,1042729599989.0
llama3-8b_conv300,4663,81144872000.0,1042962416936.0
llama3-8b_conv300,4664,81144872000.0,1043195233883.0
llama3-8b_conv300,4665,81144872000.0,1043428050830.0
llama3-8b_conv300,4666,81144872000.0,1043660867777.0
llama3-8b_conv300,4667,81144872000.0,1043893700596.0
llama3-8b_conv300,4668,81144872000.0,1044126533415.0
llama3-8b_conv300,4669,81144872000.0,1044359366234.0
llama3-8b_conv300,4670,81144872000.0,1044592199053.0
llama3-8b_conv300,4671,81144872000.0,1044825031872.0
llama3-8b_conv300,4672,81144872000.0,1045167453880.0
llama3-8b_conv300,4673,81144872000.0,1045509875888.0
llama3-8b_conv300,4674,81144872000.0,1045852297896.0
llama3-8b_conv300,4675,81144872000.0,1046194719904.0
llama3-8b_conv300,4676,81144872000.0,1046537157784.0
llama3-8b_conv300,4677,81144872000.0,1046879595664.0
llama3-8b_conv300,4678,81628783000.0,1047361282512.0
llama3-8b_conv300,4679,81628783000.0,1047768033040.0
llama3-8b_conv300,4680,81628783000.0,1048220829004.0
llama3-8b_conv300,4681,81628783000.0,1048453941375.0
llama3-8b_conv300,4682,81628783000.0,1048687053746.0
llama3-8b_conv300,4683,81628783000.0,1048920166117.0
llama3-8b_conv300,4684,81628783000.0,1049153278488.0
llama3-8b_conv300,4685,81628783000.0,1049386406731.0
llama3-8b_conv300,4686,81628783000.0,1049619550846.0
llama3-8b_conv300,4687,81628783000.0,1049852694961.0
llama3-8b_conv300,4688,81628783000.0,1050085839076.0
llama3-8b_conv300,4689,81628783000.0,1050318999063.0
llama3-8b_conv300,4690,81628783000.0,1050552159050.0
llama3-8b_conv300,4691,81628783000.0,1050894787394.0
llama3-8b_conv300,4692,81628783000.0,1051229971454.0
llama3-8b_conv300,4693,81628783000.0,1051565155514.0
llama3-8b_conv300,4694,81628783000.0,1051900339574.0
llama3-8b_conv300,4695,81628783000.0,1052235523634.0
llama3-8b_conv300,4696,81628783000.0,1052570723566.0
llama3-8b_conv300,4697,81628783000.0,1052905923498.0
llama3-8b_conv300,4698,81628783000.0,1053241123430.0
llama3-8b_conv300,4699,81628783000.0,1053568736262.0
llama3-8b_conv300,4700,81628783000.0,1053896349094.0
llama3-8b_conv300,4701,81628783000.0,1054223961926.0
llama3-8b_conv300,4702,81628783000.0,1054551574758.0
llama3-8b_conv300,4703,81628783000.0,1054879187590.0
llama3-8b_conv300,4704,82066092000.0,1055360089482.0
llama3-8b_conv300,4705,82066092000.0,1055763773582.0
llama3-8b_conv300,4706,82109910000.0,1075991089937.0
llama3-8b_conv300,4707,82109910000.0,1076542604340.0
llama3-8b_conv300,4708,82109910000.0,1076596350832.0
llama3-8b_conv300,4709,82109910000.0,1076931439660.0
llama3-8b_conv300,4710,82109910000.0,1077266528488.0
llama3-8b_conv300,4711,82109910000.0,1077601617316.0
llama3-8b_conv300,4712,82109910000.0,1077936706144.0
llama3-8b_conv300,4713,82109910000.0,1078271794972.0
llama3-8b_conv300,4714,82109910000.0,1078599296700.0
llama3-8b_conv300,4715,82109910000.0,1078926798428.0
llama3-8b_conv300,4716,82109910000.0,1079254300156.0
llama3-8b_conv300,4717,82109910000.0,1079581817756.0
llama3-8b_conv300,4718,82109910000.0,1079909335356.0
llama3-8b_conv300,4719,82109910000.0,1080236852956.0
llama3-8b_conv300,4720,82109910000.0,1080564370556.0
llama3-8b_conv300,4721,82413633000.0,1081078137247.0
llama3-8b_conv300,4722,82413633000.0,1081630106818.0
llama3-8b_conv300,4723,82497749000.0,1082057282340.0
llama3-8b_conv300,4724,82497749000.0,1082460123718.0
llama3-8b_conv300,4725,82497749000.0,1082893609785.0
llama3-8b_conv300,4726,82497749000.0,1083236238129.0
llama3-8b_conv300,4727,82497749000.0,1083578866473.0
llama3-8b_conv300,4728,82497749000.0,1083921494817.0
llama3-8b_conv300,4729,82497749000.0,1084264123161.0
llama3-8b_conv300,4730,82497749000.0,1084606751505.0
llama3-8b_conv300,4731,82497749000.0,1084949379849.0
llama3-8b_conv300,4732,82497749000.0,1085292008193.0
llama3-8b_conv300,4733,82497749000.0,1085634636537.0
llama3-8b_conv300,4734,82497749000.0,1085977264881.0
llama3-8b_conv300,4735,82497749000.0,1086319893225.0
llama3-8b_conv300,4736,82497749000.0,1086662521569.0
llama3-8b_conv300,4737,82497749000.0,1087005149913.0
llama3-8b_conv300,4738,82497749000.0,1087347778257.0
llama3-8b_conv300,4739,82497749000.0,1087690406601.0
llama3-8b_conv300,4740,82497749000.0,1088033034945.0
llama3-8b_conv300,4741,82497749000.0,1088375663289.0
llama3-8b_conv300,4742,82497749000.0,1088718291633.0
llama3-8b_conv300,4743,82497749000.0,1089060919977.0
llama3-8b_conv300,4744,82497749000.0,1089395961189.0
llama3-8b_conv300,4745,82497749000.0,1089731002401.0
llama3-8b_conv300,4746,82497749000.0,1090066043613.0
llama3-8b_conv300,4747,82497749000.0,1090401084825.0
llama3-8b_conv300,4748,82919064000.0,1091114717883.0
llama3-8b_conv300,4749,82919064000.0,1091585843165.0
llama3-8b_conv300,4750,82919064000.0,1091706305348.0
llama3-8b_conv300,4751,82919064000.0,1092041298944.0
llama3-8b_conv300,4752,82919064000.0,1092376308412.0
llama3-8b_conv300,4753,82919064000.0,1092711317880.0
llama3-8b_conv300,4754,82919064000.0,1093046327348.0
llama3-8b_conv300,4755,82919064000.0,1093381352688.0
llama3-8b_conv300,4756,82919064000.0,1093716378028.0
llama3-8b_conv300,4757,82919064000.0,1094051403368.0
llama3-8b_conv300,4758,82919064000.0,1094386428708.0
llama3-8b_conv300,4759,82919064000.0,1094721469920.0
llama3-8b_conv300,4760,82919064000.0,1095056511132.0
llama3-8b_conv300,4761,82919064000.0,1095391552344.0
llama3-8b_conv300,4762,82919064000.0,1095726609428.0
llama3-8b_conv300,4763,82919064000.0,1096061666512.0
llama3-8b_conv300,4764,82919064000.0,1096396723596.0
llama3-8b_conv300,4765,82919064000.0,1096731780680.0
llama3-8b_conv300,4766,82919064000.0,1097059250664.0
llama3-8b_conv300,4767,82919064000.0,1097386720648.0
llama3-8b_conv300,4768,82919064000.0,1097714190632.0
llama3-8b_conv300,4769,82919064000.0,1098041660616.0
llama3-8b_conv300,4770,82919064000.0,1098369130600.0
llama3-8b_conv300,4771,82919064000.0,1098696616456.0
llama3-8b_conv300,4772,82919064000.0,1099024118184.0
llama3-8b_conv300,4773,82919064000.0,1099351619912.0
llama3-8b_conv300,4774,82919064000.0,1099679137512.0
llama3-8b_conv300,4775,82919064000.0,1100006655112.0
llama3-8b_conv300,4776,82919064000.0,1100334172712.0
llama3-8b_conv300,4777,82919064000.0,1100661690312.0
llama3-8b_conv300,4778,82919064000.0,1100989207912.0
llama3-8b_conv300,4779,82919064000.0,1101316725512.0
llama3-8b_conv300,4780,82919064000.0,1101644243112.0
llama3-8b_conv300,4781,82919064000.0,1101971760712.0
llama3-8b_conv300,4782,82919064000.0,1102299294184.0
llama3-8b_conv300,4783,82919064000.0,1102626827656.0
llama3-8b_conv300,4784,82919064000.0,1102850289645.0
llama3-8b_conv300,4785,82919064000.0,1102869430550.0
llama3-8b_conv300,4786,82919064000.0,1102888587327.0
llama3-8b_conv300,4787,82919064000.0,1102907744104.0
llama3-8b_conv300,4788,82919064000.0,1102926900881.0
llama3-8b_conv300,4789,82919064000.0,1102946057658.0
llama3-8b_conv300,4790,82919064000.0,1102965214435.0
llama3-8b_conv300,4791,82919064000.0,1102984371212.0
llama3-8b_conv300,4792,82919064000.0,1103003527989.0
llama3-8b_conv300,4793,82919064000.0,1103022684766.0
llama3-8b_conv300,4794,82919064000.0,1103041841543.0
llama3-8b_conv300,4795,82919064000.0,1103060998320.0
llama3-8b_conv300,4796,82919064000.0,1103080155097.0
llama3-8b_conv300,4797,82919064000.0,1103125314503.0
llama3-8b_conv300,4798,82919064000.0,1103170473909.0
llama3-8b_conv300,4799,82919064000.0,1103215633315.0
llama3-8b_conv300,4800,82919064000.0,1103260688501.0
llama3-8b_conv300,4801,82919064000.0,1103305743687.0
llama3-8b_conv300,4802,82919064000.0,1103350798873.0
llama3-8b_conv300,4803,82919064000.0,1103395854059.0
llama3-8b_conv300,4804,83735745000.0,1103881708468.0
llama3-8b_conv300,4805,83735745000.0,1104294092925.0
llama3-8b_conv300,4806,83797671000.0,1104756809188.0
llama3-8b_conv300,4807,83797671000.0,1105139972299.0
llama3-8b_conv300,4808,83797671000.0,1105517093286.0
llama3-8b_conv300,4809,83797671000.0,1105536281807.0
llama3-8b_conv300,4810,83797671000.0,1105555470328.0
llama3-8b_conv300,4811,83797671000.0,1105574658849.0
llama3-8b_conv300,4812,83797671000.0,1105593847370.0
llama3-8b_conv300,4813,83797671000.0,1105613067635.0
llama3-8b_conv300,4814,83797671000.0,1105632287900.0
llama3-8b_conv300,4815,84029102000.0,1105825620544.0
llama3-8b_conv300,4816,84029102000.0,1106048975525.0
llama3-8b_conv300,4817,84029102000.0,1106272346378.0
llama3-8b_conv300,4818,84029102000.0,1106495717231.0
llama3-8b_conv300,4819,84029102000.0,1106719088084.0
llama3-8b_conv300,4820,84029102000.0,1106942458937.0
llama3-8b_conv300,4821,84029102000.0,1107165829790.0
llama3-8b_conv300,4822,84029102000.0,1107184879559.0
llama3-8b_conv300,4823,84029102000.0,1107203945200.0
llama3-8b_conv300,4824,84029102000.0,1107223026713.0
llama3-8b_conv300,4825,84029102000.0,1107242108226.0
llama3-8b_conv300,4826,84029102000.0,1107261189739.0
llama3-8b_conv300,4827,84029102000.0,1107280271252.0
llama3-8b_conv300,4828,84029102000.0,1107299352765.0
llama3-8b_conv300,4829,84029102000.0,1107318434278.0
llama3-8b_conv300,4830,84029102000.0,1107337515791.0
llama3-8b_conv300,4831,84029102000.0,1107356597304.0
llama3-8b_conv300,4832,84029102000.0,1107375678817.0
llama3-8b_conv300,4833,84029102000.0,1107394760330.0
llama3-8b_conv300,4834,84029102000.0,1107413841843.0
llama3-8b_conv300,4835,84029102000.0,1107432955100.0
llama3-8b_conv300,4836,84029102000.0,1107452068357.0
llama3-8b_conv300,4837,84029102000.0,1107471181614.0
llama3-8b_conv300,4838,84029102000.0,1107490294871.0
llama3-8b_conv300,4839,84029102000.0,1107509408128.0
llama3-8b_conv300,4840,84029102000.0,1107528521385.0
llama3-8b_conv300,4841,84029102000.0,1107547634642.0
llama3-8b_conv300,4842,84029102000.0,1107566747899.0
llama3-8b_conv300,4843,84029102000.0,1107585861156.0
llama3-8b_conv300,4844,84029102000.0,1107604974413.0
llama3-8b_conv300,4845,84029102000.0,1107624103542.0
llama3-8b_conv300,4846,84029102000.0,1107643232671.0
llama3-8b_conv300,4847,84029102000.0,1107662361800.0
llama3-8b_conv300,4848,84029102000.0,1107681490929.0
llama3-8b_conv300,4849,84029102000.0,1107726638559.0
llama3-8b_conv300,4850,84029102000.0,1107771802061.0
llama3-8b_conv300,4851,84029102000.0,1107816981435.0
llama3-8b_conv300,4852,84029102000.0,1107862160809.0
llama3-8b_conv300,4853,84029102000.0,1107907340183.0
llama3-8b_conv300,4854,84029102000.0,1107952519557.0
llama3-8b_conv300,4855,84029102000.0,1107997698931.0
llama3-8b_conv300,4856,84029102000.0,1108042878305.0
llama3-8b_conv300,4857,84029102000.0,1108088057679.0
llama3-8b_conv300,4858,84029102000.0,1108133237053.0
llama3-8b_conv300,4859,84029102000.0,1108178459947.0
llama3-8b_conv300,4860,84029102000.0,1108223419901.0
llama3-8b_conv300,4861,84029102000.0,1108268379855.0
llama3-8b_conv300,4862,84029102000.0,1108313339809.0
llama3-8b_conv300,4863,84029102000.0,1108358299763.0
llama3-8b_conv300,4864,84029102000.0,1108403259717.0
llama3-8b_conv300,4865,84029102000.0,1108448219671.0
llama3-8b_conv300,4866,84029102000.0,1108493179625.0
llama3-8b_conv300,4867,84029102000.0,1108538139579.0
llama3-8b_conv300,4868,84029102000.0,1108583099533.0
llama3-8b_conv300,4869,84029102000.0,1108628059487.0
llama3-8b_conv300,4870,84029102000.0,1108673019441.0
llama3-8b_conv300,4871,84029102000.0,1108717979395.0
llama3-8b_conv300,4872,84029102000.0,1108762939349.0
llama3-8b_conv300,4873,84029102000.0,1108807899303.0
llama3-8b_conv300,4874,84029102000.0,1108852859257.0
llama3-8b_conv300,4875,84029102000.0,1108897819211.0
llama3-8b_conv300,4876,84029102000.0,1108942779165.0
llama3-8b_conv300,4877,84029102000.0,1108987739119.0
llama3-8b_conv300,4878,84029102000.0,1109032699073.0
llama3-8b_conv300,4879,84029102000.0,1109077659027.0
llama3-8b_conv300,4880,84029102000.0,1109122634853.0
llama3-8b_conv300,4881,84029102000.0,1109167610679.0
llama3-8b_conv300,4882,84029102000.0,1109212586505.0
llama3-8b_conv300,4883,84029102000.0,1109257578203.0
llama3-8b_conv300,4884,84029102000.0,1109302212977.0
llama3-8b_conv300,4885,84029102000.0,1109346863623.0
llama3-8b_conv300,4886,84029102000.0,1109391514269.0
llama3-8b_conv300,4887,84029102000.0,1109436164915.0
llama3-8b_conv300,4888,84029102000.0,1109480815561.0
llama3-8b_conv300,4889,84029102000.0,1109525466207.0
llama3-8b_conv300,4890,84029102000.0,1109570116853.0
llama3-8b_conv300,4891,84029102000.0,1109614767499.0
llama3-8b_conv300,4892,84029102000.0,1109659418145.0
llama3-8b_conv300,4893,84029102000.0,1109704068791.0
llama3-8b_conv300,4894,84029102000.0,1109748719437.0
llama3-8b_conv300,4895,84029102000.0,1109793370083.0
llama3-8b_conv300,4896,84029102000.0,1109838020729.0
llama3-8b_conv300,4897,84029102000.0,1109882671375.0
llama3-8b_conv300,4898,84029102000.0,1109927322021.0
llama3-8b_conv300,4899,84029102000.0,1109971972667.0
llama3-8b_conv300,4900,84029102000.0,1110016639185.0
llama3-8b_conv300,4901,84029102000.0,1110061305703.0
llama3-8b_conv300,4902,84029102000.0,1110105988093.0
llama3-8b_conv300,4903,84029102000.0,1110150670483.0
llama3-8b_conv300,4904,84029102000.0,1110195352873.0
llama3-8b_conv300,4905,84029102000.0,1110240035263.0
llama3-8b_conv300,4906,84029102000.0,1110284717653.0
llama3-8b_conv300,4907,84029102000.0,1110329400043.0
llama3-8b_conv300,4908,84029102000.0,1110374082433.0
llama3-8b_conv300,4909,84029102000.0,1110418764823.0
llama3-8b_conv300,4910,84029102000.0,1110463463085.0
llama3-8b_conv300,4911,84029102000.0,1110508161347.0
llama3-8b_conv300,4912,84029102000.0,1110552859609.0
llama3-8b_conv300,4913,84029102000.0,1110597557871.0
llama3-8b_conv300,4914,84029102000.0,1110642256133.0
llama3-8b_conv300,4915,84029102000.0,1110686954395.0
llama3-8b_conv300,4916,84029102000.0,1110731652657.0
llama3-8b_conv300,4917,84029102000.0,1110776350919.0
llama3-8b_conv300,4918,84029102000.0,1110821049181.0
llama3-8b_conv300,4919,84029102000.0,1110865747443.0
llama3-8b_conv300,4920,84029102000.0,1110910445705.0
llama3-8b_conv300,4921,84029102000.0,1110955143967.0
llama3-8b_conv300,4922,84029102000.0,1110999842229.0
llama3-8b_conv300,4923,84029102000.0,1111044540491.0
llama3-8b_conv300,4924,84029102000.0,1111089238753.0
llama3-8b_conv300,4925,84029102000.0,1111133937015.0
llama3-8b_conv300,4926,84029102000.0,1111178635277.0
llama3-8b_conv300,4927,84029102000.0,1111223333539.0
llama3-8b_conv300,4928,84029102000.0,1111268047673.0
llama3-8b_conv300,4929,84029102000.0,1111312761807.0
llama3-8b_conv300,4930,84029102000.0,1111357475941.0
llama3-8b_conv300,4931,84029102000.0,1111402190075.0
llama3-8b_conv300,4932,84029102000.0,1111446904209.0
llama3-8b_conv300,4933,84029102000.0,1111491618343.0
llama3-8b_conv300,4934,84029102000.0,1111536332477.0
llama3-8b_conv300,4935,84029102000.0,1111581046611.0
llama3-8b_conv300,4936,84029102000.0,1111625760745.0
llama3-8b_conv300,4937,84029102000.0,1111670474879.0
llama3-8b_conv300,4938,84029102000.0,1111715189013.0
llama3-8b_conv300,4939,84029102000.0,1111759903147.0
llama3-8b_conv300,4940,84029102000.0,1111804617281.0
llama3-8b_conv300,4941,84029102000.0,1111849363159.0
llama3-8b_conv300,4942,84029102000.0,1111894109037.0
llama3-8b_conv300,4943,84029102000.0,1111938854915.0
llama3-8b_conv300,4944,84029102000.0,1111983600793.0
llama3-8b_conv300,4945,84029102000.0,1112028346671.0
llama3-8b_conv300,4946,84029102000.0,1112073092549.0
llama3-8b_conv300,4947,84029102000.0,1112117838427.0
llama3-8b_conv300,4948,84029102000.0,1112162584305.0
llama3-8b_conv300,4949,84029102000.0,1112207330183.0
llama3-8b_conv300,4950,84029102000.0,1112252076061.0
llama3-8b_conv300,4951,84029102000.0,1112296837811.0
llama3-8b_conv300,4952,84029102000.0,1112341615433.0
llama3-8b_conv300,4953,84029102000.0,1112386393055.0
llama3-8b_conv300,4954,84029102000.0,1112431170677.0
llama3-8b_conv300,4955,84029102000.0,1112475948299.0
llama3-8b_conv300,4956,84029102000.0,1112520725921.0
llama3-8b_conv300,4957,84029102000.0,1112565503543.0
llama3-8b_conv300,4958,84029102000.0,1112610281165.0
llama3-8b_conv300,4959,84029102000.0,1112655058787.0
llama3-8b_conv300,4960,84029102000.0,1112699836409.0
llama3-8b_conv300,4961,84029102000.0,1112744614031.0
llama3-8b_conv300,4962,84029102000.0,1112789391653.0
llama3-8b_conv300,4963,84029102000.0,1112834201019.0
llama3-8b_conv300,4964,84029102000.0,1112879010385.0
llama3-8b_conv300,4965,84029102000.0,1112923819751.0
llama3-8b_conv300,4966,84029102000.0,1112968629117.0
llama3-8b_conv300,4967,84029102000.0,1113013438483.0
llama3-8b_conv300,4968,84029102000.0,1113058247849.0
llama3-8b_conv300,4969,84029102000.0,1113103057215.0
llama3-8b_conv300,4970,84029102000.0,1113182275706.0
llama3-8b_conv300,4971,84029102000.0,1113261494197.0
llama3-8b_conv300,4972,84029102000.0,1113340712688.0
llama3-8b_conv300,4973,84029102000.0,1113419947051.0
llama3-8b_conv300,4974,84029102000.0,1113499181414.0
llama3-8b_conv300,4975,84029102000.0,1113578415777.0
llama3-8b_conv300,4976,84029102000.0,1113657650140.0
llama3-8b_conv300,4977,84029102000.0,1113736884503.0
llama3-8b_conv300,4978,84029102000.0,1113816118866.0
llama3-8b_conv300,4979,84029102000.0,1113895369101.0
llama3-8b_conv300,4980,84029102000.0,1113974619336.0
llama3-8b_conv300,4981,84029102000.0,1114053869571.0
llama3-8b_conv300,4982,84029102000.0,1114133119806.0
llama3-8b_conv300,4983,84029102000.0,1114185830685.0
llama3-8b_conv300,4984,84029102000.0,1114238541564.0
llama3-8b_conv300,4985,84029102000.0,1114291252443.0
llama3-8b_conv300,4986,84029102000.0,1114343963322.0
llama3-8b_conv300,4987,84029102000.0,1114396690073.0
llama3-8b_conv300,4988,84029102000.0,1114449416824.0
llama3-8b_conv300,4989,84029102000.0,1114502143575.0
llama3-8b_conv300,4990,84029102000.0,1114554870326.0
llama3-8b_conv300,4991,84029102000.0,1114607597077.0
llama3-8b_conv300,4992,84029102000.0,1114660323828.0
llama3-8b_conv300,4993,84029102000.0,1114713050579.0
llama3-8b_conv300,4994,84029102000.0,1114765777330.0
llama3-8b_conv300,4995,84029102000.0,1114818504081.0
llama3-8b_conv300,4996,84029102000.0,1114871230832.0
llama3-8b_conv300,4997,84029102000.0,1114923957583.0
llama3-8b_conv300,4998,83797671000.0,1115147547602.0
llama3-8b_conv300,4999,83797671000.0,1115371137621.0
llama3-8b_conv300,5000,83797671000.0,1115594727640.0
llama3-8b_conv300,5001,83797671000.0,1115818317659.0
llama3-8b_conv300,5002,83797671000.0,1116041907678.0
llama3-8b_conv300,5003,83797671000.0,1116265497697.0
llama3-8b_conv300,5004,83797671000.0,1116489087716.0
llama3-8b_conv300,5005,83797671000.0,1116712677735.0
llama3-8b_conv300,5006,83797671000.0,1116936267754.0
llama3-8b_conv300,5007,83797671000.0,1117159857773.0
llama3-8b_conv300,5008,83797671000.0,1117383463664.0
llama3-8b_conv300,5009,83797671000.0,1117628070424.0
llama3-8b_conv300,5010,83797671000.0,1117872677184.0
llama3-8b_conv300,5011,83797671000.0,1118117299816.0
llama3-8b_conv300,5012,83797671000.0,1118361922448.0
llama3-8b_conv300,5013,83797671000.0,1118606560952.0
llama3-8b_conv300,5014,83797671000.0,1118851199456.0
llama3-8b_conv300,5015,83797671000.0,1119095837960.0
llama3-8b_conv300,5016,83797671000.0,1119340476464.0
llama3-8b_conv300,5017,83797671000.0,1119585114968.0
llama3-8b_conv300,5018,83797671000.0,1119829753472.0
llama3-8b_conv300,5019,83797671000.0,1120074391976.0
llama3-8b_conv300,5020,83797671000.0,1120319030480.0
llama3-8b_conv300,5021,83797671000.0,1120563668984.0
llama3-8b_conv300,5022,83797671000.0,1120808307488.0
llama3-8b_conv300,5023,83797671000.0,1121052945992.0
llama3-8b_conv300,5024,83797671000.0,1121297584496.0
llama3-8b_conv300,5025,83797671000.0,1121542223000.0
llama3-8b_conv300,5026,83797671000.0,1121786861504.0
llama3-8b_conv300,5027,83797671000.0,1122031500008.0
llama3-8b_conv300,5028,83797671000.0,1122276154384.0
llama3-8b_conv300,5029,83797671000.0,1122520808760.0
llama3-8b_conv300,5030,83797671000.0,1122765463136.0
llama3-8b_conv300,5031,83797671000.0,1123010117512.0
llama3-8b_conv300,5032,83797671000.0,1123254771888.0
llama3-8b_conv300,5033,83797671000.0,1123499426264.0
llama3-8b_conv300,5034,83797671000.0,1123744080640.0
llama3-8b_conv300,5035,83797671000.0,1123988735016.0
llama3-8b_conv300,5036,83797671000.0,1124233389392.0
llama3-8b_conv300,5037,83797671000.0,1124478043768.0
llama3-8b_conv300,5038,83797671000.0,1124722714016.0
llama3-8b_conv300,5039,83797671000.0,1124967384264.0
llama3-8b_conv300,5040,83797671000.0,1125250240148.0
llama3-8b_conv300,5041,83797671000.0,1125533096032.0
llama3-8b_conv300,5042,83797671000.0,1125815951916.0
llama3-8b_conv300,5043,83797671000.0,1126098807800.0
llama3-8b_conv300,5044,83797671000.0,1126381663684.0
llama3-8b_conv300,5045,83797671000.0,1126664519568.0
llama3-8b_conv300,5046,83797671000.0,1126947375452.0
llama3-8b_conv300,5047,83797671000.0,1127230231336.0
llama3-8b_conv300,5048,83797671000.0,1127513087220.0
llama3-8b_conv300,5049,83797671000.0,1127795943104.0
llama3-8b_conv300,5050,83797671000.0,1128078537009.0
llama3-8b_conv300,5051,83797671000.0,1128361130914.0
llama3-8b_conv300,5052,83797671000.0,1128643724819.0
llama3-8b_conv300,5053,83797671000.0,1128926318724.0
llama3-8b_conv300,5054,83797671000.0,1129208912629.0
llama3-8b_conv300,5055,83797671000.0,1129491506534.0
llama3-8b_conv300,5056,83797671000.0,1129774116311.0
llama3-8b_conv300,5057,83797671000.0,1130056726088.0
llama3-8b_conv300,5058,83797671000.0,1130339335865.0
llama3-8b_conv300,5059,83797671000.0,1130621945642.0
llama3-8b_conv300,5060,83797671000.0,1130904555419.0
llama3-8b_conv300,5061,83797671000.0,1131187165196.0
llama3-8b_conv300,5062,83797671000.0,1131469774973.0
llama3-8b_conv300,5063,83797671000.0,1131752384750.0
llama3-8b_conv300,5064,83797671000.0,1132034994527.0
llama3-8b_conv300,5065,83797671000.0,1132317604304.0
llama3-8b_conv300,5066,83797671000.0,1132600214081.0
llama3-8b_conv300,5067,83797671000.0,1132882823858.0
llama3-8b_conv300,5068,83797671000.0,1133165433635.0
llama3-8b_conv300,5069,83797671000.0,1133448059284.0
llama3-8b_conv300,5070,83797671000.0,1133730684933.0
llama3-8b_conv300,5071,83797671000.0,1134013310582.0
llama3-8b_conv300,5072,83797671000.0,1134295936231.0
llama3-8b_conv300,5073,83797671000.0,1134578561880.0
llama3-8b_conv300,5074,83797671000.0,1134861187529.0
llama3-8b_conv300,5075,83797671000.0,1135143813178.0
llama3-8b_conv300,5076,83797671000.0,1135426438827.0
llama3-8b_conv300,5077,83797671000.0,1135709064476.0
llama3-8b_conv300,5078,83797671000.0,1135991690125.0
llama3-8b_conv300,5079,83797671000.0,1136274625698.0
llama3-8b_conv300,5080,83797671000.0,1136557561271.0
llama3-8b_conv300,5081,83797671000.0,1136840496844.0
llama3-8b_conv300,5082,83797671000.0,1137123432417.0
llama3-8b_conv300,5083,83797671000.0,1137331815322.0
llama3-8b_conv300,5084,83797671000.0,1137540198227.0
llama3-8b_conv300,5085,83797671000.0,1137748581132.0
llama3-8b_conv300,5086,83797671000.0,1137956964037.0
llama3-8b_conv300,5087,83797671000.0,1138165346942.0
llama3-8b_conv300,5088,83797671000.0,1138373729847.0
llama3-8b_conv300,5089,83797671000.0,1138582112752.0
llama3-8b_conv300,5090,83797671000.0,1138790495657.0
llama3-8b_conv300,5091,83797671000.0,1138998878562.0
llama3-8b_conv300,5092,83797671000.0,1139207261467.0
llama3-8b_conv300,5093,83797671000.0,1139415644372.0
llama3-8b_conv300,5094,83797671000.0,1139624027277.0
llama3-8b_conv300,5095,83797671000.0,1139832410182.0
llama3-8b_conv300,5096,83797671000.0,1140040793087.0
llama3-8b_conv300,5097,83797671000.0,1140249175992.0
llama3-8b_conv300,5098,83797671000.0,1140457558897.0
llama3-8b_conv300,5099,83797671000.0,1140665941802.0
llama3-8b_conv300,5100,83797671000.0,1140874324707.0
llama3-8b_conv300,5101,83797671000.0,1141082707612.0
llama3-8b_conv300,5102,83797671000.0,1141291090517.0
llama3-8b_conv300,5103,83797671000.0,1141499473422.0
llama3-8b_conv300,5104,83797671000.0,1141566505068.0
llama3-8b_conv300,5105,83797671000.0,1141633536714.0
llama3-8b_conv300,5106,83797671000.0,1141700568360.0
llama3-8b_conv300,5107,83797671000.0,1141767615878.0
llama3-8b_conv300,5108,83797671000.0,1141834663396.0
llama3-8b_conv300,5109,83797671000.0,1141901710914.0
llama3-8b_conv300,5110,83797671000.0,1141968758432.0
llama3-8b_conv300,5111,83797671000.0,1142035805950.0
llama3-8b_conv300,5112,83797671000.0,1142102853468.0
llama3-8b_conv300,5113,83797671000.0,1142169900986.0
llama3-8b_conv300,5114,83797671000.0,1142236948504.0
llama3-8b_conv300,5115,83797671000.0,1142303996022.0
llama3-8b_conv300,5116,83797671000.0,1142371043540.0
llama3-8b_conv300,5117,83797671000.0,1142438091058.0
llama3-8b_conv300,5118,83797671000.0,1142505138576.0
llama3-8b_conv300,5119,83797671000.0,1142699013266.0
llama3-8b_conv300,5120,83797671000.0,1142892887956.0
llama3-8b_conv300,5121,83797671000.0,1143086762646.0
llama3-8b_conv300,5122,83797671000.0,1143280637336.0
llama3-8b_conv300,5123,83797671000.0,1143474512026.0
llama3-8b_conv300,5124,83797671000.0,1143668386716.0
llama3-8b_conv300,5125,83797671000.0,1143862261406.0
llama3-8b_conv300,5126,83797671000.0,1144056136096.0
llama3-8b_conv300,5127,83797671000.0,1144250010786.0
llama3-8b_conv300,5128,83797671000.0,1144443885476.0
llama3-8b_conv300,5129,83797671000.0,1144637760166.0
llama3-8b_conv300,5130,83797671000.0,1144831634856.0
llama3-8b_conv300,5131,83797671000.0,1145025509546.0
llama3-8b_conv300,5132,83797671000.0,1145219384236.0
llama3-8b_conv300,5133,83797671000.0,1145413258926.0
llama3-8b_conv300,5134,83797671000.0,1145607133616.0
llama3-8b_conv300,5135,83797671000.0,1145801008306.0
llama3-8b_conv300,5136,83797671000.0,1145994882996.0
llama3-8b_conv300,5137,83797671000.0,1146188757686.0
llama3-8b_conv300,5138,83797671000.0,1146382632376.0
llama3-8b_conv300,5139,83797671000.0,1146576522938.0
llama3-8b_conv300,5140,83797671000.0,1146770413500.0
llama3-8b_conv300,5141,83797671000.0,1146964319934.0
llama3-8b_conv300,5142,83797671000.0,1147158226368.0
llama3-8b_conv300,5143,83797671000.0,1147352132802.0
llama3-8b_conv300,5144,83797671000.0,1147546039236.0
llama3-8b_conv300,5145,83797671000.0,1147739945670.0
llama3-8b_conv300,5146,83797671000.0,1147933852104.0
llama3-8b_conv300,5147,83797671000.0,1148127758538.0
llama3-8b_conv300,5148,83797671000.0,1148321664972.0
llama3-8b_conv300,5149,83797671000.0,1148515571406.0
llama3-8b_conv300,5150,83797671000.0,1148709477840.0
llama3-8b_conv300,5151,83797671000.0,1148903106464.0
llama3-8b_conv300,5152,83797671000.0,1149096735088.0
llama3-8b_conv300,5153,83797671000.0,1149290363712.0
llama3-8b_conv300,5154,83797671000.0,1149483992336.0
llama3-8b_conv300,5155,83797671000.0,1149677620960.0
llama3-8b_conv300,5156,83797671000.0,1149871249584.0
llama3-8b_conv300,5157,83797671000.0,1150064878208.0
llama3-8b_conv300,5158,83797671000.0,1150258506832.0
llama3-8b_conv300,5159,83797671000.0,1150452135456.0
llama3-8b_conv300,5160,83797671000.0,1150645764080.0
llama3-8b_conv300,5161,83797671000.0,1150839392704.0
llama3-8b_conv300,5162,83797671000.0,1151033021328.0
llama3-8b_conv300,5163,83797671000.0,1151226649952.0
llama3-8b_conv300,5164,83797671000.0,1151420278576.0
llama3-8b_conv300,5165,83797671000.0,1151613907200.0
llama3-8b_conv300,5166,83797671000.0,1151807535824.0
llama3-8b_conv300,5167,83797671000.0,1152001164448.0
llama3-8b_conv300,5168,83797671000.0,1152194793072.0
llama3-8b_conv300,5169,83797671000.0,1152387882816.0
llama3-8b_conv300,5170,83797671000.0,1152580972560.0
llama3-8b_conv300,5171,83797671000.0,1152774062304.0
llama3-8b_conv300,5172,83797671000.0,1152967152048.0
llama3-8b_conv300,5173,83797671000.0,1153160241792.0
llama3-8b_conv300,5174,83797671000.0,1153310860368.0
llama3-8b_conv300,5175,83797671000.0,1153461478944.0
llama3-8b_conv300,5176,83797671000.0,1153612097520.0
llama3-8b_conv300,5177,83797671000.0,1153762716096.0
llama3-8b_conv300,5178,83797671000.0,1153913334672.0
llama3-8b_conv300,5179,83797671000.0,1154063953248.0
llama3-8b_conv300,5180,83797671000.0,1154214571824.0
llama3-8b_conv300,5181,83797671000.0,1154365190400.0
llama3-8b_conv300,5182,83797671000.0,1154515808976.0
llama3-8b_conv300,5183,83797671000.0,1154666427552.0
llama3-8b_conv300,5184,83797671000.0,1154817046128.0
llama3-8b_conv300,5185,83797671000.0,1154967664704.0
llama3-8b_conv300,5186,83797671000.0,1155118283280.0
llama3-8b_conv300,5187,83797671000.0,1155268901856.0
llama3-8b_conv300,5188,83797671000.0,1155419520432.0
llama3-8b_conv300,5189,83797671000.0,1155570139008.0
llama3-8b_conv300,5190,83797671000.0,1155720757584.0
llama3-8b_conv300,5191,83797671000.0,1155871376160.0
llama3-8b_conv300,5192,83797671000.0,1156021994736.0
llama3-8b_conv300,5193,83797671000.0,1156172613312.0
llama3-8b_conv300,5194,83797671000.0,1156323231888.0
llama3-8b_conv300,5195,83797671000.0,1156473850464.0
llama3-8b_conv300,5196,83797671000.0,1156624469040.0
llama3-8b_conv300,5197,83797671000.0,1156775103488.0
llama3-8b_conv300,5198,83797671000.0,1156925737936.0
llama3-8b_conv300,5199,83797671000.0,1157076372384.0
llama3-8b_conv300,5200,83797671000.0,1157227006832.0
llama3-8b_conv300,5201,83797671000.0,1157377641280.0
llama3-8b_conv300,5202,83797671000.0,1157528275728.0
llama3-8b_conv300,5203,83797671000.0,1157678910176.0
llama3-8b_conv300,5204,83797671000.0,1157829544624.0
llama3-8b_conv300,5205,83797671000.0,1157980179072.0
llama3-8b_conv300,5206,83797671000.0,1158130813520.0
llama3-8b_conv300,5207,83797671000.0,1158281447968.0
llama3-8b_conv300,5208,83797671000.0,1158432082416.0
llama3-8b_conv300,5209,83797671000.0,1158582716864.0
llama3-8b_conv300,5210,83797671000.0,1158733351312.0
llama3-8b_conv300,5211,83797671000.0,1158883985760.0
llama3-8b_conv300,5212,83797671000.0,1159034620208.0
llama3-8b_conv300,5213,83797671000.0,1159185254656.0
llama3-8b_conv300,5214,83797671000.0,1159335889104.0
llama3-8b_conv300,5215,83797671000.0,1159486523552.0
llama3-8b_conv300,5216,83797671000.0,1159637158000.0
llama3-8b_conv300,5217,83797671000.0,1159787792448.0
llama3-8b_conv300,5218,83797671000.0,1159938426896.0
llama3-8b_conv300,5219,83797671000.0,1160089061344.0
llama3-8b_conv300,5220,83797671000.0,1160239695792.0
llama3-8b_conv300,5221,83735745000.0,1160389437568.0
llama3-8b_conv300,5222,83735745000.0,1160539179344.0
llama3-8b_conv300,5223,83735745000.0,1160688921120.0
llama3-8b_conv300,5224,83735745000.0,1160838662896.0
llama3-8b_conv300,5225,83735745000.0,1160988404672.0
