model,batch_id,release_ns,finish_ns
llama2-7b_conv300,0,0.0,2739605567.0
llama2-7b_conv300,1,0.0,5104410127.0
llama2-7b_conv300,2,0.0,7469214687.0
llama2-7b_conv300,3,0.0,9834019247.0
llama2-7b_conv300,4,0.0,12198823807.0
llama2-7b_conv300,5,0.0,14563628367.0
llama2-7b_conv300,6,0.0,16928432927.0
llama2-7b_conv300,7,0.0,19293237487.0
llama2-7b_conv300,8,0.0,21658042047.0
llama2-7b_conv300,9,0.0,24022846607.0
llama2-7b_conv300,10,0.0,26387911263.0
llama2-7b_conv300,11,0.0,28752975919.0
llama2-7b_conv300,12,0.0,31118040575.0
llama2-7b_conv300,13,0.0,33483105231.0
llama2-7b_conv300,14,0.0,35848169887.0
llama2-7b_conv300,15,0.0,38213234543.0
llama2-7b_conv300,16,0.0,40578299199.0
llama2-7b_conv300,17,0.0,42943363855.0
llama2-7b_conv300,18,0.0,45308428511.0
llama2-7b_conv300,19,0.0,47673493167.0
llama2-7b_conv300,20,0.0,50038557823.0
llama2-7b_conv300,21,0.0,52403622479.0
llama2-7b_conv300,22,0.0,54768687135.0
llama2-7b_conv300,23,0.0,57133751791.0
llama2-7b_conv300,24,0.0,59498816447.0
llama2-7b_conv300,25,0.0,61863881103.0
llama2-7b_conv300,26,0.0,64228945759.0
llama2-7b_conv300,27,0.0,66594010415.0
llama2-7b_conv300,28,0.0,68959075071.0
llama2-7b_conv300,29,0.0,71324139727.0
llama2-7b_conv300,30,0.0,73689204383.0
llama2-7b_conv300,31,0.0,76054269039.0
llama2-7b_conv300,32,0.0,78419333695.0
llama2-7b_conv300,33,0.0,80784398351.0
llama2-7b_conv300,34,0.0,83149463007.0
llama2-7b_conv300,35,0.0,85514527663.0
llama2-7b_conv300,36,0.0,87879592319.0
llama2-7b_conv300,37,0.0,90244656975.0
llama2-7b_conv300,38,0.0,92609721631.0
llama2-7b_conv300,39,0.0,94974786287.0
llama2-7b_conv300,40,0.0,97339850943.0
llama2-7b_conv300,41,0.0,99704915599.0
llama2-7b_conv300,42,0.0,102069980255.0
llama2-7b_conv300,43,0.0,104435044911.0
llama2-7b_conv300,44,4314579000.0,112630377775.0
llama2-7b_conv300,45,4314579000.0,114995442431.0
llama2-7b_conv300,46,4314579000.0,117360507087.0
llama2-7b_conv300,47,4314579000.0,119725571743.0
llama2-7b_conv300,48,4314579000.0,122090636399.0
llama2-7b_conv300,49,4314579000.0,124455701055.0
llama2-7b_conv300,50,4314579000.0,126820765711.0
llama2-7b_conv300,51,4314579000.0,129185830367.0
llama2-7b_conv300,52,4314579000.0,131550895023.0
llama2-7b_conv300,53,4314579000.0,133915959679.0
llama2-7b_conv300,54,4314579000.0,136281024335.0
llama2-7b_conv300,55,4314579000.0,138646088991.0
llama2-7b_conv300,56,4314579000.0,141011153647.0
llama2-7b_conv300,57,4314579000.0,143376218303.0
llama2-7b_conv300,58,4314579000.0,145741282959.0
llama2-7b_conv300,59,4314579000.0,148106347615.0
llama2-7b_conv300,60,4314579000.0,150471412271.0
llama2-7b_conv300,61,4314579000.0,152836476927.0
llama2-7b_conv300,62,4314579000.0,155201541583.0
llama2-7b_conv300,63,4314579000.0,157566606239.0
llama2-7b_conv300,64,4314579000.0,159931670895.0
llama2-7b_conv300,65,4314579000.0,162296735551.0
llama2-7b_conv300,66,4541877000.0,162586259067.0
llama2-7b_conv300,67,4541877000.0,165297476977.0
llama2-7b_conv300,68,4541877000.0,167664783425.0
llama2-7b_conv300,69,4541877000.0,170032089873.0
llama2-7b_conv300,70,4541877000.0,172399396321.0
llama2-7b_conv300,71,4541877000.0,174766702769.0
llama2-7b_conv300,72,4541877000.0,177134009217.0
llama2-7b_conv300,73,4541877000.0,179501315665.0
llama2-7b_conv300,74,4541877000.0,181868622113.0
llama2-7b_conv300,75,4541877000.0,184235928561.0
llama2-7b_conv300,76,4541877000.0,186603235009.0
llama2-7b_conv300,77,4541877000.0,188970541457.0
llama2-7b_conv300,78,4541877000.0,191337847905.0
llama2-7b_conv300,79,4710427000.0,193840164926.0
llama2-7b_conv300,80,4710427000.0,196207894542.0
llama2-7b_conv300,81,4710427000.0,198575624158.0
llama2-7b_conv300,82,4710427000.0,200943353774.0
llama2-7b_conv300,83,4710427000.0,203311083390.0
llama2-7b_conv300,84,4710427000.0,205679073102.0
llama2-7b_conv300,85,4710427000.0,208047062814.0
llama2-7b_conv300,86,4710427000.0,210415052526.0
llama2-7b_conv300,87,4710427000.0,212783042238.0
llama2-7b_conv300,88,4710427000.0,215151031950.0
llama2-7b_conv300,89,4710427000.0,217519021662.0
llama2-7b_conv300,90,4710427000.0,219887011374.0
llama2-7b_conv300,91,4710427000.0,222255001086.0
llama2-7b_conv300,92,4710427000.0,224622990798.0
llama2-7b_conv300,93,4710427000.0,226990980510.0
llama2-7b_conv300,94,4710427000.0,229358970222.0
llama2-7b_conv300,95,4541877000.0,231726536766.0
llama2-7b_conv300,96,4541877000.0,234094103310.0
llama2-7b_conv300,97,4541877000.0,236461669854.0
llama2-7b_conv300,98,4541877000.0,238829236398.0
llama2-7b_conv300,99,4541877000.0,241196802942.0
llama2-7b_conv300,100,4541877000.0,243564369486.0
llama2-7b_conv300,101,4541877000.0,245931936030.0
llama2-7b_conv300,102,4541877000.0,248299502574.0
llama2-7b_conv300,103,4541877000.0,250667069118.0
llama2-7b_conv300,104,4541877000.0,253034635662.0
llama2-7b_conv300,105,4541877000.0,255402202206.0
llama2-7b_conv300,106,4541877000.0,257769768750.0
llama2-7b_conv300,107,4541877000.0,260137335294.0
llama2-7b_conv300,108,4541877000.0,262504901838.0
llama2-7b_conv300,109,4541877000.0,264872468382.0
llama2-7b_conv300,110,4541877000.0,267240034926.0
llama2-7b_conv300,111,4541877000.0,269607601470.0
llama2-7b_conv300,112,4541877000.0,271975168014.0
llama2-7b_conv300,113,4541877000.0,274342734558.0
llama2-7b_conv300,114,4541877000.0,276710301102.0
llama2-7b_conv300,115,4541877000.0,279077867646.0
llama2-7b_conv300,116,4541877000.0,281445434190.0
llama2-7b_conv300,117,4541877000.0,283813000734.0
llama2-7b_conv300,118,4541877000.0,286180567278.0
llama2-7b_conv300,119,4541877000.0,288548133822.0
llama2-7b_conv300,120,4541877000.0,290915700366.0
llama2-7b_conv300,121,4541877000.0,293283266910.0
llama2-7b_conv300,122,4314579000.0,295648331566.0
llama2-7b_conv300,123,4314579000.0,298013396222.0
llama2-7b_conv300,124,4314579000.0,300378460878.0
llama2-7b_conv300,125,4314579000.0,302743525534.0
llama2-7b_conv300,126,4314579000.0,305108590190.0
llama2-7b_conv300,127,4314579000.0,307473654846.0
llama2-7b_conv300,128,4314579000.0,309838719502.0
llama2-7b_conv300,129,4314579000.0,312203784158.0
llama2-7b_conv300,130,4314579000.0,314568848814.0
llama2-7b_conv300,131,4314579000.0,316933913470.0
llama2-7b_conv300,132,4314579000.0,319298978126.0
llama2-7b_conv300,133,4314579000.0,321664042782.0
llama2-7b_conv300,134,4314579000.0,324029107438.0
llama2-7b_conv300,135,4314579000.0,326394172094.0
llama2-7b_conv300,136,4314579000.0,328759236750.0
llama2-7b_conv300,137,4314579000.0,331124301406.0
llama2-7b_conv300,138,4314579000.0,333489366062.0
llama2-7b_conv300,139,4314579000.0,335854430718.0
llama2-7b_conv300,140,4314579000.0,338219495374.0
llama2-7b_conv300,141,4314579000.0,340584560030.0
llama2-7b_conv300,142,4314579000.0,342949624686.0
llama2-7b_conv300,143,4314579000.0,345314689342.0
llama2-7b_conv300,144,4314579000.0,347679753998.0
llama2-7b_conv300,145,4314579000.0,350044818654.0
llama2-7b_conv300,146,4314579000.0,352409883310.0
llama2-7b_conv300,147,4314579000.0,354774947966.0
llama2-7b_conv300,148,4314579000.0,357140012622.0
llama2-7b_conv300,149,4314579000.0,359505077278.0
llama2-7b_conv300,150,4314579000.0,361870141934.0
llama2-7b_conv300,151,4314579000.0,364235206590.0
llama2-7b_conv300,152,4314579000.0,366600271246.0
llama2-7b_conv300,153,5892655000.0,369098881151.0
llama2-7b_conv300,154,5892655000.0,371462907471.0
llama2-7b_conv300,155,5892655000.0,373826933791.0
llama2-7b_conv300,156,5892655000.0,376190960111.0
llama2-7b_conv300,157,5892655000.0,378554986431.0
llama2-7b_conv300,158,5892655000.0,380919012751.0
llama2-7b_conv300,159,5892655000.0,383283039071.0
llama2-7b_conv300,160,5892655000.0,385647065391.0
llama2-7b_conv300,161,5892655000.0,388011091711.0
llama2-7b_conv300,162,5892655000.0,390375118031.0
llama2-7b_conv300,163,5892655000.0,392739144351.0
llama2-7b_conv300,164,5892655000.0,395103170671.0
llama2-7b_conv300,165,5892655000.0,397467196991.0
llama2-7b_conv300,166,5892655000.0,399831223311.0
llama2-7b_conv300,167,5892655000.0,402195249631.0
llama2-7b_conv300,168,5892655000.0,404559275951.0
llama2-7b_conv300,169,6311529000.0,407345061931.0
llama2-7b_conv300,170,6311529000.0,409709866491.0
llama2-7b_conv300,171,6311529000.0,412074671051.0
llama2-7b_conv300,172,6311529000.0,414439735707.0
llama2-7b_conv300,173,6311529000.0,416804800363.0
llama2-7b_conv300,174,6311529000.0,419169865019.0
llama2-7b_conv300,175,6311529000.0,421534929675.0
llama2-7b_conv300,176,6311529000.0,423899994331.0
llama2-7b_conv300,177,6311529000.0,426265058987.0
llama2-7b_conv300,178,6311529000.0,428630123643.0
llama2-7b_conv300,179,6311529000.0,430995188299.0
llama2-7b_conv300,180,6311529000.0,433360252955.0
llama2-7b_conv300,181,6311529000.0,435725317611.0
llama2-7b_conv300,182,6311529000.0,438090382267.0
llama2-7b_conv300,183,6311529000.0,440455446923.0
llama2-7b_conv300,184,6311529000.0,442820511579.0
llama2-7b_conv300,185,6311529000.0,445185576235.0
llama2-7b_conv300,186,6311529000.0,447550640891.0
llama2-7b_conv300,187,6311529000.0,449915705547.0
llama2-7b_conv300,188,6311529000.0,452280770203.0
llama2-7b_conv300,189,6311529000.0,454645834859.0
llama2-7b_conv300,190,6311529000.0,457010899515.0
llama2-7b_conv300,191,6311529000.0,459375964171.0
llama2-7b_conv300,192,6311529000.0,461741028827.0
llama2-7b_conv300,193,6311529000.0,464106093483.0
llama2-7b_conv300,194,6311529000.0,466471158139.0
llama2-7b_conv300,195,6311529000.0,468836222795.0
llama2-7b_conv300,196,6311529000.0,471201287451.0
llama2-7b_conv300,197,6311529000.0,473566352107.0
llama2-7b_conv300,198,6311529000.0,475931416763.0
llama2-7b_conv300,199,6311529000.0,478296481419.0
llama2-7b_conv300,200,6311529000.0,480661546075.0
llama2-7b_conv300,201,6311529000.0,483026610731.0
llama2-7b_conv300,202,6311529000.0,485391675387.0
llama2-7b_conv300,203,6311529000.0,487756740043.0
llama2-7b_conv300,204,6311529000.0,490121804699.0
llama2-7b_conv300,205,6311529000.0,492486869355.0
llama2-7b_conv300,206,6311529000.0,494851934011.0
llama2-7b_conv300,207,6311529000.0,497216998667.0
llama2-7b_conv300,208,6311529000.0,499582063323.0
llama2-7b_conv300,209,6311529000.0,501947127979.0
llama2-7b_conv300,210,6311529000.0,504312192635.0
llama2-7b_conv300,211,6311529000.0,506677257291.0
llama2-7b_conv300,212,6311529000.0,509042321947.0
llama2-7b_conv300,213,6311529000.0,511407386603.0
llama2-7b_conv300,214,6311529000.0,513772451259.0
llama2-7b_conv300,215,6311529000.0,516137515915.0
llama2-7b_conv300,216,6311529000.0,518502580571.0
llama2-7b_conv300,217,6311529000.0,520867645227.0
llama2-7b_conv300,218,6311529000.0,523232709883.0
llama2-7b_conv300,219,6311529000.0,525597774539.0
llama2-7b_conv300,220,6311529000.0,527962839195.0
llama2-7b_conv300,221,6311529000.0,530327903851.0
llama2-7b_conv300,222,6311529000.0,532692968507.0
llama2-7b_conv300,223,6311529000.0,535058033163.0
llama2-7b_conv300,224,6311529000.0,537423097819.0
llama2-7b_conv300,225,6311529000.0,539788162475.0
llama2-7b_conv300,226,6311529000.0,542153227131.0
llama2-7b_conv300,227,6311529000.0,544518291787.0
llama2-7b_conv300,228,6311529000.0,546883356443.0
llama2-7b_conv300,229,6311529000.0,549248421099.0
llama2-7b_conv300,230,6311529000.0,551613485755.0
llama2-7b_conv300,231,6311529000.0,553978550411.0
llama2-7b_conv300,232,6311529000.0,556343615067.0
llama2-7b_conv300,233,6311529000.0,558708679723.0
llama2-7b_conv300,234,6311529000.0,561073744379.0
llama2-7b_conv300,235,6311529000.0,563438809035.0
llama2-7b_conv300,236,6311529000.0,565803873691.0
llama2-7b_conv300,237,6311529000.0,568168938347.0
llama2-7b_conv300,238,6311529000.0,570534003003.0
llama2-7b_conv300,239,6311529000.0,572899067659.0
llama2-7b_conv300,240,6311529000.0,575264132315.0
llama2-7b_conv300,241,6311529000.0,577629196971.0
llama2-7b_conv300,242,6311529000.0,579994261627.0
llama2-7b_conv300,243,6311529000.0,582359326283.0
llama2-7b_conv300,244,6311529000.0,584724390939.0
llama2-7b_conv300,245,6311529000.0,587089455595.0
llama2-7b_conv300,246,6311529000.0,589454520251.0
llama2-7b_conv300,247,6311529000.0,591819584907.0
llama2-7b_conv300,248,6311529000.0,594184649563.0
llama2-7b_conv300,249,6311529000.0,596549714219.0
llama2-7b_conv300,250,6311529000.0,598914778875.0
llama2-7b_conv300,251,6311529000.0,601279843531.0
llama2-7b_conv300,252,6311529000.0,603644908187.0
llama2-7b_conv300,253,7745497000.0,603932979092.0
llama2-7b_conv300,254,7745497000.0,604225244301.0
llama2-7b_conv300,255,7745497000.0,608742255010.0
llama2-7b_conv300,256,7745497000.0,611109140338.0
llama2-7b_conv300,257,7745497000.0,613476025666.0
llama2-7b_conv300,258,7745497000.0,615842910994.0
llama2-7b_conv300,259,7745497000.0,618209796322.0
llama2-7b_conv300,260,7745497000.0,620576681650.0
llama2-7b_conv300,261,7745497000.0,622943566978.0
llama2-7b_conv300,262,7745497000.0,625310452306.0
llama2-7b_conv300,263,7745497000.0,627677337634.0
llama2-7b_conv300,264,7745497000.0,630044222962.0
llama2-7b_conv300,265,7745497000.0,632411108290.0
llama2-7b_conv300,266,7745497000.0,634777993618.0
llama2-7b_conv300,267,7745497000.0,637144878946.0
llama2-7b_conv300,268,7745497000.0,639511764274.0
llama2-7b_conv300,269,7745497000.0,641878649602.0
llama2-7b_conv300,270,7745497000.0,644245534930.0
llama2-7b_conv300,271,7745497000.0,646612420258.0
llama2-7b_conv300,272,7745497000.0,648979305586.0
llama2-7b_conv300,273,7745497000.0,651346190914.0
llama2-7b_conv300,274,7745497000.0,653713076242.0
llama2-7b_conv300,275,7745497000.0,656079961570.0
llama2-7b_conv300,276,7745497000.0,658446846898.0
llama2-7b_conv300,277,7745497000.0,660813732226.0
llama2-7b_conv300,278,7745497000.0,663180617554.0
llama2-7b_conv300,279,7745497000.0,665547502882.0
llama2-7b_conv300,280,7745497000.0,667914388210.0
llama2-7b_conv300,281,7745497000.0,670281273538.0
llama2-7b_conv300,282,7745497000.0,672648158866.0
llama2-7b_conv300,283,7745497000.0,675015044194.0
llama2-7b_conv300,284,7745497000.0,677381929522.0
llama2-7b_conv300,285,7745497000.0,679748814850.0
llama2-7b_conv300,286,7745497000.0,682115700178.0
llama2-7b_conv300,287,7745497000.0,684482585506.0
llama2-7b_conv300,288,7745497000.0,686849470834.0
llama2-7b_conv300,289,7745497000.0,689216356162.0
llama2-7b_conv300,290,7745497000.0,691583241490.0
llama2-7b_conv300,291,7745497000.0,693950126818.0
llama2-7b_conv300,292,7745497000.0,696317012146.0
llama2-7b_conv300,293,7745497000.0,698683897474.0
llama2-7b_conv300,294,7745497000.0,701050782802.0
llama2-7b_conv300,295,7745497000.0,703417668130.0
llama2-7b_conv300,296,7745497000.0,705784553458.0
llama2-7b_conv300,297,7745497000.0,708151438786.0
llama2-7b_conv300,298,8251431000.0,710995505831.0
llama2-7b_conv300,299,8251431000.0,713363852663.0
llama2-7b_conv300,300,8251431000.0,715732199495.0
llama2-7b_conv300,301,8251431000.0,718100546327.0
llama2-7b_conv300,302,8251431000.0,720468893159.0
llama2-7b_conv300,303,8251431000.0,722837239991.0
llama2-7b_conv300,304,8251431000.0,725205586823.0
llama2-7b_conv300,305,8337078999.999999,725382382934.0
llama2-7b_conv300,306,8337078999.999999,727751154982.0
llama2-7b_conv300,307,8337078999.999999,730119927030.0
llama2-7b_conv300,308,8337078999.999999,732488699078.0
llama2-7b_conv300,309,8337078999.999999,734857471126.0
llama2-7b_conv300,310,8337078999.999999,737226243174.0
llama2-7b_conv300,311,8337078999.999999,739595015222.0
llama2-7b_conv300,312,8337078999.999999,741963787270.0
llama2-7b_conv300,313,8337078999.999999,744332559318.0
llama2-7b_conv300,314,8337078999.999999,746701331366.0
llama2-7b_conv300,315,8337078999.999999,749070103414.0
llama2-7b_conv300,316,8464985000.0,751839131055.0
llama2-7b_conv300,317,8464985000.0,754208328319.0
llama2-7b_conv300,318,8464985000.0,756577525583.0
llama2-7b_conv300,319,8464985000.0,758946297631.0
llama2-7b_conv300,320,8464985000.0,761315069679.0
llama2-7b_conv300,321,8464985000.0,763683841727.0
llama2-7b_conv300,322,8464985000.0,766052613775.0
llama2-7b_conv300,323,8464985000.0,768421385823.0
llama2-7b_conv300,324,8464985000.0,770790157871.0
llama2-7b_conv300,325,8464985000.0,773158929919.0
llama2-7b_conv300,326,8464985000.0,775527701967.0
llama2-7b_conv300,327,8464985000.0,777896474015.0
llama2-7b_conv300,328,8464985000.0,780265246063.0
llama2-7b_conv300,329,8464985000.0,782634018111.0
llama2-7b_conv300,330,8464985000.0,785002790159.0
llama2-7b_conv300,331,8464985000.0,787371562207.0
llama2-7b_conv300,332,8464985000.0,789740334255.0
llama2-7b_conv300,333,8464985000.0,792109106303.0
llama2-7b_conv300,334,8464985000.0,794477878351.0
llama2-7b_conv300,335,8464985000.0,796846650399.0
llama2-7b_conv300,336,8464985000.0,799215422447.0
llama2-7b_conv300,337,8464985000.0,801584194495.0
llama2-7b_conv300,338,8464985000.0,803952966543.0
llama2-7b_conv300,339,8700213000.0,812172465857.0
llama2-7b_conv300,340,8700213000.0,814542699409.0
llama2-7b_conv300,341,8700213000.0,816912932961.0
llama2-7b_conv300,342,8700213000.0,819283166513.0
llama2-7b_conv300,343,8700213000.0,821653400065.0
llama2-7b_conv300,344,8700213000.0,824023633617.0
llama2-7b_conv300,345,8700213000.0,826393867169.0
llama2-7b_conv300,346,8700213000.0,828764100721.0
llama2-7b_conv300,347,8700213000.0,831134334273.0
llama2-7b_conv300,348,8700213000.0,833504567825.0
llama2-7b_conv300,349,8700213000.0,835874801377.0
llama2-7b_conv300,350,8700213000.0,838245295025.0
llama2-7b_conv300,351,8700213000.0,840615788673.0
llama2-7b_conv300,352,8700213000.0,842986282321.0
llama2-7b_conv300,353,8700213000.0,845356775969.0
llama2-7b_conv300,354,8700213000.0,847727269617.0
llama2-7b_conv300,355,8700213000.0,850097763265.0
llama2-7b_conv300,356,8700213000.0,852468256913.0
llama2-7b_conv300,357,8700213000.0,854838750561.0
llama2-7b_conv300,358,8700213000.0,857209244209.0
llama2-7b_conv300,359,8700213000.0,859579737857.0
llama2-7b_conv300,360,8700213000.0,861950231505.0
llama2-7b_conv300,361,8700213000.0,864320725153.0
llama2-7b_conv300,362,8700213000.0,866691218801.0
llama2-7b_conv300,363,8700213000.0,869062488641.0
llama2-7b_conv300,364,8700213000.0,871433758481.0
llama2-7b_conv300,365,8700213000.0,873805028321.0
llama2-7b_conv300,366,8700213000.0,876176298161.0
llama2-7b_conv300,367,8700213000.0,878547568001.0
llama2-7b_conv300,368,8700213000.0,880918837841.0
llama2-7b_conv300,369,8700213000.0,883290107681.0
llama2-7b_conv300,370,8700213000.0,885661377521.0
llama2-7b_conv300,371,8700213000.0,888032647361.0
llama2-7b_conv300,372,8700213000.0,890403917201.0
llama2-7b_conv300,373,8700213000.0,892775187041.0
llama2-7b_conv300,374,8700213000.0,895146456881.0
llama2-7b_conv300,375,8700213000.0,897517726721.0
llama2-7b_conv300,376,8700213000.0,899888996561.0
llama2-7b_conv300,377,8700213000.0,902260266401.0
llama2-7b_conv300,378,8700213000.0,904631536241.0
llama2-7b_conv300,379,8700213000.0,907002806081.0
llama2-7b_conv300,380,8700213000.0,909374075921.0
llama2-7b_conv300,381,8700213000.0,911745345761.0
llama2-7b_conv300,382,8700213000.0,914115154097.0
llama2-7b_conv300,383,8700213000.0,916484962433.0
llama2-7b_conv300,384,8700213000.0,918854770769.0
llama2-7b_conv300,385,8700213000.0,921224579105.0
llama2-7b_conv300,386,8700213000.0,923594387441.0
llama2-7b_conv300,387,8700213000.0,925964195777.0
llama2-7b_conv300,388,8700213000.0,928334004113.0
llama2-7b_conv300,389,8700213000.0,930703812449.0
llama2-7b_conv300,390,8700213000.0,933073620785.0
llama2-7b_conv300,391,8700213000.0,935443429121.0
llama2-7b_conv300,392,8700213000.0,937813237457.0
llama2-7b_conv300,393,8700213000.0,940183045793.0
llama2-7b_conv300,394,8700213000.0,942552854129.0
llama2-7b_conv300,395,8700213000.0,944922662465.0
llama2-7b_conv300,396,8700213000.0,947292470801.0
llama2-7b_conv300,397,8700213000.0,949658736865.0
llama2-7b_conv300,398,8700213000.0,952025002929.0
llama2-7b_conv300,399,8700213000.0,954391268993.0
llama2-7b_conv300,400,8700213000.0,956757535057.0
llama2-7b_conv300,401,8700213000.0,959123801121.0
llama2-7b_conv300,402,8700213000.0,961490067185.0
llama2-7b_conv300,403,8700213000.0,963856333249.0
llama2-7b_conv300,404,8700213000.0,966222599313.0
llama2-7b_conv300,405,8700213000.0,968588865377.0
llama2-7b_conv300,406,8700213000.0,970955131441.0
llama2-7b_conv300,407,8700213000.0,973321397505.0
llama2-7b_conv300,408,9427468000.0,981519391751.0
llama2-7b_conv300,409,9427468000.0,983887119319.0
llama2-7b_conv300,410,9427468000.0,986254846887.0
llama2-7b_conv300,411,9427468000.0,988622574455.0
llama2-7b_conv300,412,9427468000.0,990990302023.0
llama2-7b_conv300,413,9427468000.0,993358029591.0
llama2-7b_conv300,414,9427468000.0,995725757159.0
llama2-7b_conv300,415,9427468000.0,998093484727.0
llama2-7b_conv300,416,9427468000.0,1000461212295.0
llama2-7b_conv300,417,9427468000.0,1002828939863.0
llama2-7b_conv300,418,9427468000.0,1005196667431.0
llama2-7b_conv300,419,9427468000.0,1007564394999.0
llama2-7b_conv300,420,9427468000.0,1009932122567.0
llama2-7b_conv300,421,9582558000.0,1010224307465.0
llama2-7b_conv300,422,9582558000.0,1010520678475.0
llama2-7b_conv300,423,9582558000.0,1015198094569.0
llama2-7b_conv300,424,9582558000.0,1017569104313.0
llama2-7b_conv300,425,9582558000.0,1019940114057.0
llama2-7b_conv300,426,9582558000.0,1022311123801.0
llama2-7b_conv300,427,9582558000.0,1024682133545.0
llama2-7b_conv300,428,9582558000.0,1027053143289.0
llama2-7b_conv300,429,9582558000.0,1029424153033.0
llama2-7b_conv300,430,9582558000.0,1031795162777.0
llama2-7b_conv300,431,9582558000.0,1034166172521.0
llama2-7b_conv300,432,9582558000.0,1036537182265.0
llama2-7b_conv300,433,9582558000.0,1038908192009.0
llama2-7b_conv300,434,9582558000.0,1041279201753.0
llama2-7b_conv300,435,9582558000.0,1043650211497.0
llama2-7b_conv300,436,9582558000.0,1046021221241.0
llama2-7b_conv300,437,9582558000.0,1048392230985.0
llama2-7b_conv300,438,9582558000.0,1050763240729.0
llama2-7b_conv300,439,9582558000.0,1053134250473.0
llama2-7b_conv300,440,9582558000.0,1055505260217.0
llama2-7b_conv300,441,9582558000.0,1057876269961.0
llama2-7b_conv300,442,9582558000.0,1060247279705.0
llama2-7b_conv300,443,9582558000.0,1062618289449.0
llama2-7b_conv300,444,9582558000.0,1064989299193.0
llama2-7b_conv300,445,9582558000.0,1067360308937.0
llama2-7b_conv300,446,9582558000.0,1069731318681.0
llama2-7b_conv300,447,9582558000.0,1072102328425.0
llama2-7b_conv300,448,9582558000.0,1074473338169.0
llama2-7b_conv300,449,9582558000.0,1076844347913.0
llama2-7b_conv300,450,9582558000.0,1079215357657.0
llama2-7b_conv300,451,9582558000.0,1081586367401.0
llama2-7b_conv300,452,9582558000.0,1083957377145.0
llama2-7b_conv300,453,9582558000.0,1086328386889.0
llama2-7b_conv300,454,9582558000.0,1088699396633.0
llama2-7b_conv300,455,9582558000.0,1091070406377.0
llama2-7b_conv300,456,9582558000.0,1093441416121.0
llama2-7b_conv300,457,9582558000.0,1095812685961.0
llama2-7b_conv300,458,9582558000.0,1098183955801.0
llama2-7b_conv300,459,9582558000.0,1100555225641.0
llama2-7b_conv300,460,9582558000.0,1102926495481.0
llama2-7b_conv300,461,9582558000.0,1105297765321.0
llama2-7b_conv300,462,9582558000.0,1107669035161.0
llama2-7b_conv300,463,9582558000.0,1110038583401.0
llama2-7b_conv300,464,9582558000.0,1112408131641.0
llama2-7b_conv300,465,10106379000.0,1112702137211.0
llama2-7b_conv300,466,10106379000.0,1113000328893.0
llama2-7b_conv300,467,10106379000.0,1113301245948.0
llama2-7b_conv300,468,10106379000.0,1113605148472.0
llama2-7b_conv300,469,10106379000.0,1117271891629.0
llama2-7b_conv300,470,10106379000.0,1119643879805.0
llama2-7b_conv300,471,10106379000.0,1122015867981.0
llama2-7b_conv300,472,10106379000.0,1124387856157.0
llama2-7b_conv300,473,10106379000.0,1126759844333.0
llama2-7b_conv300,474,10106379000.0,1129131832509.0
llama2-7b_conv300,475,10106379000.0,1131503820685.0
llama2-7b_conv300,476,10106379000.0,1133875808861.0
llama2-7b_conv300,477,10106379000.0,1136247797037.0
llama2-7b_conv300,478,10106379000.0,1138619785213.0
llama2-7b_conv300,479,10106379000.0,1140991773389.0
llama2-7b_conv300,480,10106379000.0,1143363761565.0
llama2-7b_conv300,481,10106379000.0,1145735749741.0
llama2-7b_conv300,482,10106379000.0,1148107737917.0
llama2-7b_conv300,483,10106379000.0,1150479726093.0
llama2-7b_conv300,484,9582558000.0,1152846611421.0
llama2-7b_conv300,485,9582558000.0,1155213496749.0
llama2-7b_conv300,486,9582558000.0,1157580382077.0
llama2-7b_conv300,487,9582558000.0,1159947267405.0
llama2-7b_conv300,488,9582558000.0,1162314152733.0
llama2-7b_conv300,489,9582558000.0,1164681038061.0
llama2-7b_conv300,490,9582558000.0,1167047923389.0
llama2-7b_conv300,491,9582558000.0,1169414808717.0
llama2-7b_conv300,492,9582558000.0,1171781694045.0
llama2-7b_conv300,493,9582558000.0,1174148579373.0
llama2-7b_conv300,494,9582558000.0,1176515464701.0
llama2-7b_conv300,495,10546126000.0,1179366128939.0
llama2-7b_conv300,496,10546126000.0,1181734475771.0
llama2-7b_conv300,497,10546126000.0,1184102822603.0
llama2-7b_conv300,498,10546126000.0,1186471169435.0
llama2-7b_conv300,499,10546126000.0,1188839516267.0
llama2-7b_conv300,500,10546126000.0,1191207863099.0
llama2-7b_conv300,501,10546126000.0,1193576209931.0
llama2-7b_conv300,502,10546126000.0,1195944556763.0
llama2-7b_conv300,503,10546126000.0,1198312903595.0
llama2-7b_conv300,504,10546126000.0,1200681250427.0
llama2-7b_conv300,505,10546126000.0,1203049597259.0
llama2-7b_conv300,506,10546126000.0,1205417944091.0
llama2-7b_conv300,507,10546126000.0,1207786290923.0
llama2-7b_conv300,508,10546126000.0,1210154637755.0
llama2-7b_conv300,509,10546126000.0,1212522984587.0
llama2-7b_conv300,510,10546126000.0,1214891331419.0
llama2-7b_conv300,511,10546126000.0,1217259678251.0
llama2-7b_conv300,512,10546126000.0,1219628025083.0
llama2-7b_conv300,513,10546126000.0,1221996371915.0
llama2-7b_conv300,514,10546126000.0,1224364718747.0
llama2-7b_conv300,515,10546126000.0,1226733065579.0
llama2-7b_conv300,516,10546126000.0,1229101672507.0
llama2-7b_conv300,517,10546126000.0,1231470279435.0
llama2-7b_conv300,518,10546126000.0,1233838886363.0
llama2-7b_conv300,519,10546126000.0,1236207493291.0
llama2-7b_conv300,520,10546126000.0,1238576100219.0
llama2-7b_conv300,521,10546126000.0,1240944707147.0
llama2-7b_conv300,522,10546126000.0,1243313314075.0
llama2-7b_conv300,523,10546126000.0,1245681921003.0
llama2-7b_conv300,524,10546126000.0,1248050527931.0
llama2-7b_conv300,525,10546126000.0,1250419134859.0
llama2-7b_conv300,526,10546126000.0,1252787741787.0
llama2-7b_conv300,527,10546126000.0,1255156348715.0
llama2-7b_conv300,528,10546126000.0,1257524955643.0
llama2-7b_conv300,529,10546126000.0,1259893562571.0
llama2-7b_conv300,530,10546126000.0,1262262169499.0
llama2-7b_conv300,531,10546126000.0,1264630776427.0
llama2-7b_conv300,532,10546126000.0,1266999383355.0
llama2-7b_conv300,533,10546126000.0,1269367990283.0
llama2-7b_conv300,534,10546126000.0,1271736597211.0
llama2-7b_conv300,535,10546126000.0,1274105204139.0
llama2-7b_conv300,536,10546126000.0,1276473811067.0
llama2-7b_conv300,537,10546126000.0,1278842417995.0
llama2-7b_conv300,538,10546126000.0,1281211024923.0
llama2-7b_conv300,539,10546126000.0,1283579631851.0
llama2-7b_conv300,540,10546126000.0,1285948238779.0
llama2-7b_conv300,541,10546126000.0,1288316845707.0
llama2-7b_conv300,542,10546126000.0,1290685452635.0
llama2-7b_conv300,543,10546126000.0,1293054059563.0
llama2-7b_conv300,544,10546126000.0,1295422666491.0
llama2-7b_conv300,545,10546126000.0,1297791273419.0
llama2-7b_conv300,546,10546126000.0,1300159880347.0
llama2-7b_conv300,547,10546126000.0,1302528487275.0
llama2-7b_conv300,548,10546126000.0,1304897094203.0
llama2-7b_conv300,549,10546126000.0,1307265701131.0
llama2-7b_conv300,550,10546126000.0,1309634308059.0
llama2-7b_conv300,551,10546126000.0,1312002914987.0
llama2-7b_conv300,552,10546126000.0,1314371521915.0
llama2-7b_conv300,553,10546126000.0,1316740128843.0
llama2-7b_conv300,554,11157911000.0,1322558271369.0
llama2-7b_conv300,555,11157911000.0,1324928339801.0
llama2-7b_conv300,556,11157911000.0,1327298408233.0
llama2-7b_conv300,557,11157911000.0,1329668476665.0
llama2-7b_conv300,558,11157911000.0,1332038545097.0
llama2-7b_conv300,559,11157911000.0,1334408613529.0
llama2-7b_conv300,560,11157911000.0,1336778681961.0
llama2-7b_conv300,561,11157911000.0,1339148750393.0
llama2-7b_conv300,562,11157911000.0,1341518818825.0
llama2-7b_conv300,563,11157911000.0,1343888887257.0
llama2-7b_conv300,564,11157911000.0,1346258955689.0
llama2-7b_conv300,565,11157911000.0,1348629024121.0
llama2-7b_conv300,566,11157911000.0,1350999092553.0
llama2-7b_conv300,567,11157911000.0,1353369160985.0
llama2-7b_conv300,568,11157911000.0,1355739229417.0
llama2-7b_conv300,569,11157911000.0,1358109297849.0
llama2-7b_conv300,570,11157911000.0,1360479366281.0
llama2-7b_conv300,571,11157911000.0,1362849434713.0
llama2-7b_conv300,572,11157911000.0,1365219503145.0
llama2-7b_conv300,573,11157911000.0,1367589571577.0
llama2-7b_conv300,574,11157911000.0,1369959640009.0
llama2-7b_conv300,575,11157911000.0,1372329708441.0
llama2-7b_conv300,576,11157911000.0,1374699776873.0
llama2-7b_conv300,577,11157911000.0,1377069845305.0
llama2-7b_conv300,578,11157911000.0,1379439913737.0
llama2-7b_conv300,579,11430904000.0,1381485527413.0
llama2-7b_conv300,580,11430904000.0,1383856019013.0
llama2-7b_conv300,581,11430904000.0,1386226510613.0
llama2-7b_conv300,582,11430904000.0,1388597002213.0
llama2-7b_conv300,583,11430904000.0,1390967493813.0
llama2-7b_conv300,584,11430904000.0,1393337985413.0
llama2-7b_conv300,585,11430904000.0,1395707015509.0
llama2-7b_conv300,586,11430904000.0,1398076045605.0
llama2-7b_conv300,587,11430904000.0,1400445077749.0
llama2-7b_conv300,588,11430904000.0,1402814109893.0
llama2-7b_conv300,589,11430904000.0,1405183142037.0
llama2-7b_conv300,590,11430904000.0,1407552174181.0
llama2-7b_conv300,591,11157911000.0,1409920781109.0
llama2-7b_conv300,592,11157911000.0,1412289388037.0
llama2-7b_conv300,593,11157911000.0,1414657994965.0
llama2-7b_conv300,594,11157911000.0,1417026601893.0
llama2-7b_conv300,595,11157911000.0,1419395208821.0
llama2-7b_conv300,596,11157911000.0,1421763815749.0
llama2-7b_conv300,597,11157911000.0,1424128880405.0
llama2-7b_conv300,598,11157911000.0,1426493945061.0
llama2-7b_conv300,599,11157911000.0,1428859009717.0
llama2-7b_conv300,600,11157911000.0,1431224074373.0
llama2-7b_conv300,601,11157911000.0,1433589139029.0
llama2-7b_conv300,602,11157911000.0,1435954203685.0
llama2-7b_conv300,603,11157911000.0,1438319268341.0
llama2-7b_conv300,604,11157911000.0,1440684332997.0
llama2-7b_conv300,605,11157911000.0,1443049397653.0
llama2-7b_conv300,606,11157911000.0,1445414462309.0
llama2-7b_conv300,607,11157911000.0,1447779526965.0
llama2-7b_conv300,608,11157911000.0,1450144591621.0
llama2-7b_conv300,609,11157911000.0,1452509656277.0
llama2-7b_conv300,610,11157911000.0,1454874720933.0
llama2-7b_conv300,611,11157911000.0,1457239785589.0
llama2-7b_conv300,612,11157911000.0,1459604850245.0
llama2-7b_conv300,613,11157911000.0,1461969914901.0
llama2-7b_conv300,614,11157911000.0,1464334979557.0
llama2-7b_conv300,615,11157911000.0,1466700044213.0
llama2-7b_conv300,616,11157911000.0,1469065108869.0
llama2-7b_conv300,617,11157911000.0,1471430173525.0
llama2-7b_conv300,618,11157911000.0,1473795238181.0
llama2-7b_conv300,619,11157911000.0,1476160302837.0
llama2-7b_conv300,620,11836633000.0,1478874980372.0
llama2-7b_conv300,621,11836633000.0,1481241246436.0
llama2-7b_conv300,622,11836633000.0,1483607512500.0
llama2-7b_conv300,623,11836633000.0,1485973778564.0
llama2-7b_conv300,624,11836633000.0,1488340044628.0
llama2-7b_conv300,625,11836633000.0,1490706310692.0
llama2-7b_conv300,626,11836633000.0,1493072576756.0
llama2-7b_conv300,627,11836633000.0,1495438842820.0
llama2-7b_conv300,628,11836633000.0,1497805108884.0
llama2-7b_conv300,629,11836633000.0,1500171374948.0
llama2-7b_conv300,630,11836633000.0,1502537641012.0
llama2-7b_conv300,631,11836633000.0,1504903907076.0
llama2-7b_conv300,632,11836633000.0,1507270173140.0
llama2-7b_conv300,633,11836633000.0,1509636439204.0
llama2-7b_conv300,634,11836633000.0,1512002705268.0
llama2-7b_conv300,635,11836633000.0,1514369231428.0
llama2-7b_conv300,636,11836633000.0,1516735757588.0
llama2-7b_conv300,637,11836633000.0,1519102283748.0
llama2-7b_conv300,638,11836633000.0,1521468809908.0
llama2-7b_conv300,639,11836633000.0,1523835336068.0
llama2-7b_conv300,640,11836633000.0,1526201862228.0
llama2-7b_conv300,641,11836633000.0,1528568388388.0
llama2-7b_conv300,642,11836633000.0,1530934914548.0
llama2-7b_conv300,643,11836633000.0,1533301440708.0
llama2-7b_conv300,644,11836633000.0,1535667966868.0
llama2-7b_conv300,645,11836633000.0,1538034493028.0
llama2-7b_conv300,646,11836633000.0,1540401019188.0
llama2-7b_conv300,647,11836633000.0,1542767545348.0
llama2-7b_conv300,648,11836633000.0,1545134071508.0
llama2-7b_conv300,649,11836633000.0,1547500597668.0
llama2-7b_conv300,650,11836633000.0,1549867123828.0
llama2-7b_conv300,651,11836633000.0,1552233910084.0
llama2-7b_conv300,652,11836633000.0,1554600696340.0
llama2-7b_conv300,653,11836633000.0,1556967482596.0
llama2-7b_conv300,654,11836633000.0,1559334268852.0
llama2-7b_conv300,655,11836633000.0,1561701055108.0
llama2-7b_conv300,656,11836633000.0,1564067841364.0
llama2-7b_conv300,657,11836633000.0,1566434627620.0
llama2-7b_conv300,658,11836633000.0,1568801413876.0
llama2-7b_conv300,659,11836633000.0,1571168200132.0
llama2-7b_conv300,660,11836633000.0,1573533264788.0
llama2-7b_conv300,661,11836633000.0,1575898329444.0
llama2-7b_conv300,662,11836633000.0,1578263394100.0
llama2-7b_conv300,663,11836633000.0,1580628458756.0
llama2-7b_conv300,664,11836633000.0,1582993523412.0
llama2-7b_conv300,665,11836633000.0,1585358588068.0
llama2-7b_conv300,666,11836633000.0,1587723652724.0
llama2-7b_conv300,667,11836633000.0,1590088717380.0
llama2-7b_conv300,668,11836633000.0,1592453782036.0
llama2-7b_conv300,669,11836633000.0,1594818846692.0
llama2-7b_conv300,670,11836633000.0,1597183911348.0
llama2-7b_conv300,671,11836633000.0,1599548976004.0
llama2-7b_conv300,672,11836633000.0,1601914040660.0
llama2-7b_conv300,673,11836633000.0,1604279105316.0
llama2-7b_conv300,674,11836633000.0,1606644169972.0
llama2-7b_conv300,675,11836633000.0,1609009234628.0
llama2-7b_conv300,676,11836633000.0,1611374299284.0
llama2-7b_conv300,677,11836633000.0,1613739363940.0
llama2-7b_conv300,678,11836633000.0,1616104428596.0
llama2-7b_conv300,679,11836633000.0,1618469493252.0
llama2-7b_conv300,680,11836633000.0,1620834557908.0
llama2-7b_conv300,681,11836633000.0,1623199622564.0
llama2-7b_conv300,682,11836633000.0,1625564687220.0
llama2-7b_conv300,683,11836633000.0,1627929751876.0
llama2-7b_conv300,684,11836633000.0,1630294816532.0
llama2-7b_conv300,685,11836633000.0,1632659881188.0
llama2-7b_conv300,686,11836633000.0,1635024945844.0
llama2-7b_conv300,687,11836633000.0,1637390010500.0
llama2-7b_conv300,688,11836633000.0,1639755075156.0
llama2-7b_conv300,689,11836633000.0,1642120139812.0
llama2-7b_conv300,690,11836633000.0,1644485204468.0
llama2-7b_conv300,691,11836633000.0,1646850269124.0
llama2-7b_conv300,692,11836633000.0,1649215333780.0
llama2-7b_conv300,693,11836633000.0,1651580398436.0
llama2-7b_conv300,694,12886545000.0,1654273649120.0
llama2-7b_conv300,695,12886545000.0,1656637677488.0
llama2-7b_conv300,696,12886545000.0,1659001705856.0
llama2-7b_conv300,697,12886545000.0,1661365734224.0
llama2-7b_conv300,698,12886545000.0,1663729762592.0
llama2-7b_conv300,699,12886545000.0,1666093790960.0
llama2-7b_conv300,700,12886545000.0,1668457819328.0
llama2-7b_conv300,701,12886545000.0,1670821847696.0
llama2-7b_conv300,702,12886545000.0,1673185876064.0
llama2-7b_conv300,703,12886545000.0,1675549904432.0
llama2-7b_conv300,704,12886545000.0,1677913932800.0
llama2-7b_conv300,705,12886545000.0,1680277961168.0
llama2-7b_conv300,706,12886545000.0,1682641989536.0
llama2-7b_conv300,707,12886545000.0,1685006017904.0
llama2-7b_conv300,708,13025088000.0,1685294505132.0
llama2-7b_conv300,709,13025088000.0,1685587178472.0
llama2-7b_conv300,710,13049843000.0,1685881234215.0
llama2-7b_conv300,711,13049843000.0,1688250173175.0
llama2-7b_conv300,712,13049843000.0,1690617908935.0
llama2-7b_conv300,713,13049843000.0,1692985644695.0
llama2-7b_conv300,714,13049843000.0,1695353380455.0
llama2-7b_conv300,715,13049843000.0,1697721116215.0
llama2-7b_conv300,716,13049843000.0,1700088851975.0
llama2-7b_conv300,717,13049843000.0,1702456587735.0
llama2-7b_conv300,718,13049843000.0,1704824323495.0
llama2-7b_conv300,719,13049843000.0,1707192059255.0
llama2-7b_conv300,720,13049843000.0,1709559795015.0
llama2-7b_conv300,721,13049843000.0,1711927530775.0
llama2-7b_conv300,722,13049843000.0,1714295266535.0
llama2-7b_conv300,723,13049843000.0,1716663002295.0
llama2-7b_conv300,724,13049843000.0,1719030738055.0
llama2-7b_conv300,725,13049843000.0,1721398473815.0
llama2-7b_conv300,726,13049843000.0,1723766209575.0
llama2-7b_conv300,727,13049843000.0,1726133945335.0
llama2-7b_conv300,728,13049843000.0,1728501681095.0
llama2-7b_conv300,729,13049843000.0,1730869416855.0
llama2-7b_conv300,730,13049843000.0,1733237152615.0
llama2-7b_conv300,731,13049843000.0,1735604888375.0
llama2-7b_conv300,732,13049843000.0,1737972624135.0
llama2-7b_conv300,733,13049843000.0,1740340359895.0
llama2-7b_conv300,734,13049843000.0,1742708095655.0
llama2-7b_conv300,735,13049843000.0,1745075831415.0
llama2-7b_conv300,736,13049843000.0,1747443567175.0
llama2-7b_conv300,737,13049843000.0,1749811302935.0
llama2-7b_conv300,738,13049843000.0,1752179038695.0
llama2-7b_conv300,739,13049843000.0,1754546774455.0
llama2-7b_conv300,740,13049843000.0,1756914510215.0
llama2-7b_conv300,741,13049843000.0,1759282245975.0
llama2-7b_conv300,742,13049843000.0,1761649981735.0
llama2-7b_conv300,743,13049843000.0,1764017717495.0
llama2-7b_conv300,744,13049843000.0,1766386229447.0
llama2-7b_conv300,745,13049843000.0,1768754741399.0
llama2-7b_conv300,746,13049843000.0,1771123253351.0
llama2-7b_conv300,747,13049843000.0,1773491765303.0
llama2-7b_conv300,748,13049843000.0,1775860277255.0
llama2-7b_conv300,749,13049843000.0,1778228789207.0
llama2-7b_conv300,750,13049843000.0,1780597301159.0
llama2-7b_conv300,751,13049843000.0,1782965813111.0
llama2-7b_conv300,752,13049843000.0,1785334325063.0
llama2-7b_conv300,753,13049843000.0,1787702837015.0
llama2-7b_conv300,754,13049843000.0,1790071348967.0
llama2-7b_conv300,755,13049843000.0,1792439860919.0
llama2-7b_conv300,756,13049843000.0,1794808372871.0
llama2-7b_conv300,757,13049843000.0,1797176884823.0
llama2-7b_conv300,758,13049843000.0,1799545396775.0
llama2-7b_conv300,759,13049843000.0,1801913908727.0
llama2-7b_conv300,760,13049843000.0,1804282420679.0
llama2-7b_conv300,761,13049843000.0,1806650932631.0
llama2-7b_conv300,762,13049843000.0,1809019444583.0
llama2-7b_conv300,763,13049843000.0,1811387956535.0
llama2-7b_conv300,764,13049843000.0,1813756468487.0
llama2-7b_conv300,765,13049843000.0,1816125240535.0
llama2-7b_conv300,766,13049843000.0,1818494012583.0
llama2-7b_conv300,767,13049843000.0,1820862784631.0
llama2-7b_conv300,768,13049843000.0,1823231556679.0
llama2-7b_conv300,769,13049843000.0,1825600328727.0
llama2-7b_conv300,770,13049843000.0,1827969876967.0
llama2-7b_conv300,771,13049843000.0,1830339425207.0
llama2-7b_conv300,772,13049843000.0,1832708973447.0
llama2-7b_conv300,773,13049843000.0,1835078521687.0
llama2-7b_conv300,774,13049843000.0,1837448069927.0
llama2-7b_conv300,775,13049843000.0,1839817618167.0
llama2-7b_conv300,776,13049843000.0,1842187166407.0
llama2-7b_conv300,777,13049843000.0,1844556714647.0
llama2-7b_conv300,778,13049843000.0,1846926262887.0
llama2-7b_conv300,779,13049843000.0,1849295811127.0
llama2-7b_conv300,780,13049843000.0,1851665359367.0
llama2-7b_conv300,781,13049843000.0,1854034907607.0
llama2-7b_conv300,782,13049843000.0,1856404455847.0
llama2-7b_conv300,783,13049843000.0,1858774004087.0
llama2-7b_conv300,784,13049843000.0,1861143552327.0
llama2-7b_conv300,785,13049843000.0,1863513100567.0
llama2-7b_conv300,786,13049843000.0,1865882648807.0
llama2-7b_conv300,787,13049843000.0,1868252197047.0
llama2-7b_conv300,788,13049843000.0,1870621745287.0
llama2-7b_conv300,789,13049843000.0,1872991293527.0
llama2-7b_conv300,790,13049843000.0,1875360841767.0
llama2-7b_conv300,791,13049843000.0,1877730390007.0
llama2-7b_conv300,792,13049843000.0,1880099938247.0
llama2-7b_conv300,793,13049843000.0,1882469486487.0
llama2-7b_conv300,794,13049843000.0,1884839034727.0
llama2-7b_conv300,795,13049843000.0,1887208582967.0
llama2-7b_conv300,796,13049843000.0,1889578131207.0
llama2-7b_conv300,797,13049843000.0,1891947679447.0
llama2-7b_conv300,798,13049843000.0,1894317227687.0
llama2-7b_conv300,799,13049843000.0,1896686775927.0
llama2-7b_conv300,800,13049843000.0,1899056324167.0
llama2-7b_conv300,801,13049843000.0,1901425872407.0
llama2-7b_conv300,802,13049843000.0,1903795420647.0
llama2-7b_conv300,803,13049843000.0,1906164968887.0
llama2-7b_conv300,804,14059550000.0,1909843674043.0
llama2-7b_conv300,805,14059550000.0,1912213647499.0
llama2-7b_conv300,806,14059550000.0,1914583620955.0
llama2-7b_conv300,807,14097780000.0,1922709321507.0
llama2-7b_conv300,808,14097780000.0,1925080756467.0
llama2-7b_conv300,809,14097780000.0,1927452191427.0
llama2-7b_conv300,810,14097780000.0,1929823626387.0
llama2-7b_conv300,811,14097780000.0,1932195061347.0
llama2-7b_conv300,812,14097780000.0,1934566496307.0
llama2-7b_conv300,813,14097780000.0,1936937931267.0
llama2-7b_conv300,814,14097780000.0,1939309366227.0
llama2-7b_conv300,815,14097780000.0,1941680801187.0
llama2-7b_conv300,816,14097780000.0,1944052236147.0
llama2-7b_conv300,817,14097780000.0,1946423671107.0
llama2-7b_conv300,818,14097780000.0,1948795106067.0
llama2-7b_conv300,819,14097780000.0,1951166541027.0
llama2-7b_conv300,820,14097780000.0,1953537975987.0
llama2-7b_conv300,821,14097780000.0,1955909410947.0
llama2-7b_conv300,822,14097780000.0,1958280845907.0
llama2-7b_conv300,823,14097780000.0,1960652280867.0
llama2-7b_conv300,824,14293309000.0,1960948171691.0
llama2-7b_conv300,825,14293309000.0,1961248248627.0
llama2-7b_conv300,826,14293309000.0,1961552511675.0
llama2-7b_conv300,827,14293309000.0,1961860960835.0
llama2-7b_conv300,828,14293309000.0,1962173596107.0
llama2-7b_conv300,829,14293309000.0,1962490417491.0
llama2-7b_conv300,830,14293309000.0,1962811424987.0
llama2-7b_conv300,831,14293309000.0,1963126771203.0
llama2-7b_conv300,832,14293309000.0,1965506950355.0
llama2-7b_conv300,833,14293309000.0,1967887129507.0
llama2-7b_conv300,834,14293309000.0,1970267308659.0
llama2-7b_conv300,835,14293309000.0,1972647487811.0
llama2-7b_conv300,836,14293309000.0,1975027666963.0
llama2-7b_conv300,837,14293309000.0,1977407846115.0
llama2-7b_conv300,838,14293309000.0,1979788025267.0
llama2-7b_conv300,839,14293309000.0,1982168204419.0
llama2-7b_conv300,840,14293309000.0,1984548383571.0
llama2-7b_conv300,841,14293309000.0,1986928562723.0
llama2-7b_conv300,842,14293309000.0,1989308741875.0
llama2-7b_conv300,843,14293309000.0,1991688921027.0
llama2-7b_conv300,844,14293309000.0,1994069100179.0
llama2-7b_conv300,845,14293309000.0,1996449279331.0
llama2-7b_conv300,846,14293309000.0,1998829458483.0
llama2-7b_conv300,847,14293309000.0,2001209637635.0
llama2-7b_conv300,848,14293309000.0,2003589816787.0
llama2-7b_conv300,849,14293309000.0,2005969995939.0
llama2-7b_conv300,850,14293309000.0,2008350175091.0
llama2-7b_conv300,851,14293309000.0,2010730354243.0
llama2-7b_conv300,852,14293309000.0,2013106991123.0
llama2-7b_conv300,853,14293309000.0,2015483628003.0
llama2-7b_conv300,854,14293309000.0,2017860264883.0
llama2-7b_conv300,855,14293309000.0,2020236901763.0
llama2-7b_conv300,856,14293309000.0,2022612337235.0
llama2-7b_conv300,857,14293309000.0,2024987772707.0
llama2-7b_conv300,858,14293309000.0,2027363208179.0
llama2-7b_conv300,859,14293309000.0,2029738643651.0
llama2-7b_conv300,860,14293309000.0,2032114079123.0
llama2-7b_conv300,861,14293309000.0,2034488053091.0
llama2-7b_conv300,862,14293309000.0,2036862027059.0
llama2-7b_conv300,863,14293309000.0,2039234799619.0
llama2-7b_conv300,864,14293309000.0,2041607572179.0
llama2-7b_conv300,865,14293309000.0,2043980344739.0
llama2-7b_conv300,866,14293309000.0,2046353117299.0
llama2-7b_conv300,867,14293309000.0,2048725889859.0
llama2-7b_conv300,868,14293309000.0,2051098662419.0
llama2-7b_conv300,869,14293309000.0,2053471434979.0
llama2-7b_conv300,870,14293309000.0,2055844207539.0
llama2-7b_conv300,871,14293309000.0,2058216980099.0
llama2-7b_conv300,872,14293309000.0,2060589752659.0
llama2-7b_conv300,873,14293309000.0,2062962525219.0
llama2-7b_conv300,874,14293309000.0,2065335297779.0
llama2-7b_conv300,875,14293309000.0,2067708070339.0
llama2-7b_conv300,876,14293309000.0,2070080842899.0
llama2-7b_conv300,877,14293309000.0,2072453615459.0
llama2-7b_conv300,878,14293309000.0,2074826388019.0
llama2-7b_conv300,879,14293309000.0,2077199936771.0
llama2-7b_conv300,880,14293309000.0,2079573485523.0
llama2-7b_conv300,881,14293309000.0,2081947034275.0
llama2-7b_conv300,882,14293309000.0,2084320583027.0
llama2-7b_conv300,883,14293309000.0,2086694131779.0
llama2-7b_conv300,884,14293309000.0,2089067680531.0
llama2-7b_conv300,885,14293309000.0,2091441229283.0
llama2-7b_conv300,886,14293309000.0,2093814778035.0
llama2-7b_conv300,887,14293309000.0,2096188326787.0
llama2-7b_conv300,888,14293309000.0,2098561875539.0
llama2-7b_conv300,889,14293309000.0,2100935424291.0
llama2-7b_conv300,890,14293309000.0,2103308973043.0
llama2-7b_conv300,891,14293309000.0,2105682521795.0
llama2-7b_conv300,892,14293309000.0,2108056070547.0
llama2-7b_conv300,893,14059550000.0,2110420875107.0
llama2-7b_conv300,894,14059550000.0,2112785679667.0
llama2-7b_conv300,895,14059550000.0,2115150484227.0
llama2-7b_conv300,896,14059550000.0,2117515288787.0
llama2-7b_conv300,897,14059550000.0,2119880093347.0
llama2-7b_conv300,898,14059550000.0,2122244897907.0
llama2-7b_conv300,899,14059550000.0,2124609702467.0
llama2-7b_conv300,900,14059550000.0,2126974507027.0
llama2-7b_conv300,901,14059550000.0,2129339311587.0
llama2-7b_conv300,902,14059550000.0,2131704116147.0
llama2-7b_conv300,903,14059550000.0,2134068920707.0
llama2-7b_conv300,904,14059550000.0,2136433725267.0
llama2-7b_conv300,905,14059550000.0,2138798529827.0
llama2-7b_conv300,906,14059550000.0,2141163334387.0
llama2-7b_conv300,907,14059550000.0,2143528138947.0
llama2-7b_conv300,908,14059550000.0,2145892943507.0
llama2-7b_conv300,909,14059550000.0,2148257748067.0
llama2-7b_conv300,910,14059550000.0,2150622552627.0
llama2-7b_conv300,911,14059550000.0,2152987357187.0
llama2-7b_conv300,912,14059550000.0,2155352161747.0
llama2-7b_conv300,913,14059550000.0,2157716966307.0
llama2-7b_conv300,914,14059550000.0,2160081770867.0
llama2-7b_conv300,915,14059550000.0,2162446575427.0
llama2-7b_conv300,916,14059550000.0,2164811379987.0
llama2-7b_conv300,917,14059550000.0,2167176184547.0
llama2-7b_conv300,918,14059550000.0,2169540989107.0
llama2-7b_conv300,919,14059550000.0,2171905793667.0
llama2-7b_conv300,920,14059550000.0,2174270598227.0
llama2-7b_conv300,921,14059550000.0,2176635402787.0
llama2-7b_conv300,922,14059550000.0,2179000207347.0
llama2-7b_conv300,923,14059550000.0,2181365011907.0
llama2-7b_conv300,924,14059550000.0,2183729816467.0
llama2-7b_conv300,925,14059550000.0,2186094621027.0
llama2-7b_conv300,926,14059550000.0,2188459425587.0
llama2-7b_conv300,927,14059550000.0,2190824230147.0
llama2-7b_conv300,928,14059550000.0,2193189034707.0
llama2-7b_conv300,929,14059550000.0,2195553839267.0
llama2-7b_conv300,930,14059550000.0,2197918643827.0
llama2-7b_conv300,931,14059550000.0,2200283448387.0
llama2-7b_conv300,932,14059550000.0,2202648252947.0
llama2-7b_conv300,933,14059550000.0,2205013057507.0
llama2-7b_conv300,934,14059550000.0,2207377862067.0
llama2-7b_conv300,935,14059550000.0,2209742666627.0
llama2-7b_conv300,936,14059550000.0,2212107471187.0
llama2-7b_conv300,937,14059550000.0,2214472275747.0
llama2-7b_conv300,938,14059550000.0,2216837080307.0
llama2-7b_conv300,939,14059550000.0,2219201884867.0
llama2-7b_conv300,940,14059550000.0,2221566689427.0
llama2-7b_conv300,941,14059550000.0,2223931493987.0
llama2-7b_conv300,942,14059550000.0,2226296298547.0
llama2-7b_conv300,943,14059550000.0,2228661103107.0
llama2-7b_conv300,944,14059550000.0,2231025907667.0
llama2-7b_conv300,945,14059550000.0,2233390712227.0
llama2-7b_conv300,946,14059550000.0,2235755516787.0
llama2-7b_conv300,947,14059550000.0,2238120321347.0
llama2-7b_conv300,948,14059550000.0,2240485125907.0
llama2-7b_conv300,949,14059550000.0,2242849930467.0
llama2-7b_conv300,950,14059550000.0,2245214735027.0
llama2-7b_conv300,951,14059550000.0,2247579539587.0
llama2-7b_conv300,952,14059550000.0,2249944344147.0
llama2-7b_conv300,953,14059550000.0,2252309148707.0
llama2-7b_conv300,954,14059550000.0,2254673953267.0
llama2-7b_conv300,955,14059550000.0,2257038757827.0
llama2-7b_conv300,956,14059550000.0,2259403562387.0
llama2-7b_conv300,957,14059550000.0,2261768366947.0
llama2-7b_conv300,958,17420918000.0,2262056437852.0
llama2-7b_conv300,959,17420918000.0,2262348703061.0
llama2-7b_conv300,960,17420918000.0,2262645162574.0
llama2-7b_conv300,961,17420918000.0,2262945816391.0
llama2-7b_conv300,962,17420918000.0,2263250664512.0
llama2-7b_conv300,963,17420918000.0,2265621290608.0
llama2-7b_conv300,964,17420918000.0,2267990776896.0
llama2-7b_conv300,965,17420918000.0,2270360263184.0
llama2-7b_conv300,966,17420918000.0,2272729749472.0
llama2-7b_conv300,967,17420918000.0,2275099235760.0
llama2-7b_conv300,968,17420918000.0,2277468722048.0
llama2-7b_conv300,969,17420918000.0,2279838208336.0
llama2-7b_conv300,970,17420918000.0,2282207694624.0
llama2-7b_conv300,971,17420918000.0,2284577180912.0
llama2-7b_conv300,972,17420918000.0,2286946667200.0
llama2-7b_conv300,973,17420918000.0,2289316153488.0
llama2-7b_conv300,974,17420918000.0,2291685639776.0
llama2-7b_conv300,975,17420918000.0,2294055126064.0
llama2-7b_conv300,976,17420918000.0,2296424612352.0
llama2-7b_conv300,977,17420918000.0,2298794098640.0
llama2-7b_conv300,978,17420918000.0,2301163584928.0
llama2-7b_conv300,979,17420918000.0,2303533071216.0
llama2-7b_conv300,980,17792938000.0,2307571093309.0
llama2-7b_conv300,981,17792938000.0,2309941004813.0
llama2-7b_conv300,982,17792938000.0,2312310916317.0
llama2-7b_conv300,983,17792938000.0,2314680827821.0
llama2-7b_conv300,984,17792938000.0,2317050739325.0
llama2-7b_conv300,985,17792938000.0,2319420650829.0
llama2-7b_conv300,986,17792938000.0,2321790562333.0
llama2-7b_conv300,987,17792938000.0,2324160473837.0
llama2-7b_conv300,988,17792938000.0,2326530385341.0
llama2-7b_conv300,989,17792938000.0,2328900296845.0
llama2-7b_conv300,990,17792938000.0,2331270208349.0
llama2-7b_conv300,991,17792938000.0,2333640119853.0
llama2-7b_conv300,992,17792938000.0,2336010031357.0
llama2-7b_conv300,993,17792938000.0,2338379942861.0
llama2-7b_conv300,994,17792938000.0,2340749854365.0
llama2-7b_conv300,995,17792938000.0,2343119765869.0
llama2-7b_conv300,996,17792938000.0,2345489677373.0
llama2-7b_conv300,997,17792938000.0,2347859588877.0
llama2-7b_conv300,998,17792938000.0,2350229500381.0
llama2-7b_conv300,999,17792938000.0,2352599411885.0
llama2-7b_conv300,1000,17792938000.0,2354969323389.0
llama2-7b_conv300,1001,17792938000.0,2357339234893.0
llama2-7b_conv300,1002,17792938000.0,2359709146397.0
llama2-7b_conv300,1003,17792938000.0,2362079057901.0
llama2-7b_conv300,1004,17792938000.0,2364448969405.0
llama2-7b_conv300,1005,17792938000.0,2366818880909.0
llama2-7b_conv300,1006,17792938000.0,2369188792413.0
llama2-7b_conv300,1007,17792938000.0,2371558703917.0
llama2-7b_conv300,1008,17792938000.0,2373928615421.0
llama2-7b_conv300,1009,17792938000.0,2376298526925.0
llama2-7b_conv300,1010,17792938000.0,2378668438429.0
llama2-7b_conv300,1011,17792938000.0,2381038349933.0
llama2-7b_conv300,1012,17792938000.0,2383408261437.0
llama2-7b_conv300,1013,17792938000.0,2385778172941.0
llama2-7b_conv300,1014,17792938000.0,2388148084445.0
llama2-7b_conv300,1015,18160513000.0,2390207768198.0
llama2-7b_conv300,1016,18160513000.0,2392578102870.0
llama2-7b_conv300,1017,18160513000.0,2394948439590.0
llama2-7b_conv300,1018,18160513000.0,2397318776310.0
llama2-7b_conv300,1019,18160513000.0,2399689113030.0
llama2-7b_conv300,1020,18160513000.0,2402059449750.0
llama2-7b_conv300,1021,18160513000.0,2404429786470.0
llama2-7b_conv300,1022,18160513000.0,2406800123190.0
llama2-7b_conv300,1023,18160513000.0,2409170459910.0
llama2-7b_conv300,1024,18160513000.0,2411540796630.0
llama2-7b_conv300,1025,18160513000.0,2413911133350.0
llama2-7b_conv300,1026,18160513000.0,2416281470070.0
llama2-7b_conv300,1027,18160513000.0,2418651806790.0
llama2-7b_conv300,1028,18160513000.0,2421022143510.0
llama2-7b_conv300,1029,18160513000.0,2423392480230.0
llama2-7b_conv300,1030,18160513000.0,2425762816950.0
llama2-7b_conv300,1031,18160513000.0,2428133153670.0
llama2-7b_conv300,1032,18160513000.0,2430503490390.0
llama2-7b_conv300,1033,18160513000.0,2432874603302.0
llama2-7b_conv300,1034,18160513000.0,2435245716214.0
llama2-7b_conv300,1035,18160513000.0,2437616829126.0
llama2-7b_conv300,1036,18160513000.0,2439987942038.0
llama2-7b_conv300,1037,18160513000.0,2442359054950.0
llama2-7b_conv300,1038,18160513000.0,2444730167862.0
llama2-7b_conv300,1039,18160513000.0,2447101280774.0
llama2-7b_conv300,1040,18160513000.0,2449472393686.0
llama2-7b_conv300,1041,18160513000.0,2451843506598.0
llama2-7b_conv300,1042,18160513000.0,2454214619510.0
llama2-7b_conv300,1043,18463892000.0,2462341460283.0
llama2-7b_conv300,1044,18463892000.0,2464714034699.0
llama2-7b_conv300,1045,18463892000.0,2467086609115.0
llama2-7b_conv300,1046,18463892000.0,2469459183531.0
llama2-7b_conv300,1047,18463892000.0,2471831757947.0
llama2-7b_conv300,1048,18463892000.0,2474204332363.0
llama2-7b_conv300,1049,18463892000.0,2476576906779.0
llama2-7b_conv300,1050,18463892000.0,2478949481195.0
llama2-7b_conv300,1051,18463892000.0,2481322055611.0
llama2-7b_conv300,1052,18463892000.0,2483694630027.0
llama2-7b_conv300,1053,18463892000.0,2486067204443.0
llama2-7b_conv300,1054,18463892000.0,2488439778859.0
llama2-7b_conv300,1055,18463892000.0,2490812353275.0
llama2-7b_conv300,1056,18463892000.0,2493184927691.0
llama2-7b_conv300,1057,18463892000.0,2495557502107.0
llama2-7b_conv300,1058,18463892000.0,2497930076523.0
llama2-7b_conv300,1059,18463892000.0,2500302650939.0
llama2-7b_conv300,1060,18463892000.0,2502675225355.0
llama2-7b_conv300,1061,18463892000.0,2505047799771.0
llama2-7b_conv300,1062,18463892000.0,2507420374187.0
llama2-7b_conv300,1063,18463892000.0,2509792948603.0
llama2-7b_conv300,1064,18463892000.0,2512165523019.0
llama2-7b_conv300,1065,18463892000.0,2514538097435.0
llama2-7b_conv300,1066,18463892000.0,2516910671851.0
llama2-7b_conv300,1067,18463892000.0,2519283506363.0
llama2-7b_conv300,1068,18463892000.0,2521656340875.0
llama2-7b_conv300,1069,18463892000.0,2524029175387.0
llama2-7b_conv300,1070,18463892000.0,2526402009899.0
llama2-7b_conv300,1071,18463892000.0,2528774844411.0
llama2-7b_conv300,1072,18463892000.0,2531147678923.0
llama2-7b_conv300,1073,18463892000.0,2533520513435.0
llama2-7b_conv300,1074,18463892000.0,2535893347947.0
llama2-7b_conv300,1075,18463892000.0,2538266182459.0
llama2-7b_conv300,1076,18463892000.0,2540639016971.0
llama2-7b_conv300,1077,18463892000.0,2543011851483.0
llama2-7b_conv300,1078,18463892000.0,2545384685995.0
llama2-7b_conv300,1079,18463892000.0,2547757520507.0
llama2-7b_conv300,1080,18463892000.0,2550130355019.0
llama2-7b_conv300,1081,18463892000.0,2552503189531.0
llama2-7b_conv300,1082,18463892000.0,2554876024043.0
llama2-7b_conv300,1083,18463892000.0,2557248858555.0
llama2-7b_conv300,1084,18463892000.0,2559621693067.0
llama2-7b_conv300,1085,18463892000.0,2561994527579.0
llama2-7b_conv300,1086,18463892000.0,2564367362091.0
llama2-7b_conv300,1087,18463892000.0,2566740196603.0
llama2-7b_conv300,1088,18463892000.0,2569113031115.0
llama2-7b_conv300,1089,18979439000.0,2569410322256.0
llama2-7b_conv300,1090,18979439000.0,2569711799509.0
llama2-7b_conv300,1091,18979439000.0,2570017462874.0
llama2-7b_conv300,1092,18979439000.0,2570327312351.0
llama2-7b_conv300,1093,18979439000.0,2570641347940.0
llama2-7b_conv300,1094,18979439000.0,2573019805492.0
llama2-7b_conv300,1095,18979439000.0,2575398263044.0
llama2-7b_conv300,1096,18979439000.0,2577776720596.0
llama2-7b_conv300,1097,18979439000.0,2580155178148.0
llama2-7b_conv300,1098,18979439000.0,2582533635700.0
llama2-7b_conv300,1099,18979439000.0,2584912093252.0
llama2-7b_conv300,1100,18979439000.0,2587290550804.0
llama2-7b_conv300,1101,18979439000.0,2589669008356.0
llama2-7b_conv300,1102,18979439000.0,2592047465908.0
llama2-7b_conv300,1103,18979439000.0,2594425923460.0
llama2-7b_conv300,1104,18979439000.0,2596804381012.0
llama2-7b_conv300,1105,18979439000.0,2599182838564.0
llama2-7b_conv300,1106,18979439000.0,2601561556212.0
llama2-7b_conv300,1107,18979439000.0,2603940273860.0
llama2-7b_conv300,1108,18979439000.0,2606318991508.0
llama2-7b_conv300,1109,18979439000.0,2608697709156.0
llama2-7b_conv300,1110,18979439000.0,2611076426804.0
llama2-7b_conv300,1111,18979439000.0,2613455144452.0
llama2-7b_conv300,1112,18979439000.0,2615833862100.0
llama2-7b_conv300,1113,18979439000.0,2618212579748.0
llama2-7b_conv300,1114,18979439000.0,2620591297396.0
llama2-7b_conv300,1115,18979439000.0,2622970015044.0
llama2-7b_conv300,1116,18979439000.0,2625348732692.0
llama2-7b_conv300,1117,18979439000.0,2627727450340.0
llama2-7b_conv300,1118,18979439000.0,2630106167988.0
llama2-7b_conv300,1119,18979439000.0,2632484885636.0
llama2-7b_conv300,1120,18979439000.0,2634863603284.0
llama2-7b_conv300,1121,18979439000.0,2637242320932.0
llama2-7b_conv300,1122,18979439000.0,2639621038580.0
llama2-7b_conv300,1123,18979439000.0,2641999756228.0
llama2-7b_conv300,1124,18979439000.0,2644378473876.0
llama2-7b_conv300,1125,18979439000.0,2646757191524.0
llama2-7b_conv300,1126,18979439000.0,2649135909172.0
llama2-7b_conv300,1127,18979439000.0,2651513425412.0
llama2-7b_conv300,1128,18979439000.0,2653890941652.0
llama2-7b_conv300,1129,18979439000.0,2656268457892.0
llama2-7b_conv300,1130,18979439000.0,2658644512628.0
llama2-7b_conv300,1131,18979439000.0,2661020567364.0
llama2-7b_conv300,1132,18979439000.0,2663396622100.0
llama2-7b_conv300,1133,18979439000.0,2665766533604.0
llama2-7b_conv300,1134,18979439000.0,2668136445108.0
llama2-7b_conv300,1135,18979439000.0,2670506356612.0
llama2-7b_conv300,1136,18979439000.0,2672876268116.0
llama2-7b_conv300,1137,18979439000.0,2675246179620.0
llama2-7b_conv300,1138,18979439000.0,2677616091124.0
llama2-7b_conv300,1139,18979439000.0,2679986002628.0
llama2-7b_conv300,1140,18979439000.0,2682355914132.0
llama2-7b_conv300,1141,18979439000.0,2684725825636.0
llama2-7b_conv300,1142,18979439000.0,2687095737140.0
llama2-7b_conv300,1143,18979439000.0,2689465648644.0
llama2-7b_conv300,1144,18979439000.0,2691835560148.0
llama2-7b_conv300,1145,18979439000.0,2694206247844.0
llama2-7b_conv300,1146,18979439000.0,2696576935540.0
llama2-7b_conv300,1147,18979439000.0,2698947623236.0
llama2-7b_conv300,1148,18979439000.0,2701318310932.0
llama2-7b_conv300,1149,18979439000.0,2703688998628.0
llama2-7b_conv300,1150,18979439000.0,2706059686324.0
llama2-7b_conv300,1151,18979439000.0,2708430374020.0
llama2-7b_conv300,1152,18979439000.0,2710801061716.0
llama2-7b_conv300,1153,18979439000.0,2713171749412.0
llama2-7b_conv300,1154,18979439000.0,2715542437108.0
llama2-7b_conv300,1155,18979439000.0,2717913124804.0
llama2-7b_conv300,1156,18979439000.0,2720283812500.0
llama2-7b_conv300,1157,18979439000.0,2722654500196.0
llama2-7b_conv300,1158,18979439000.0,2725025187892.0
llama2-7b_conv300,1159,19913927000.0,2727530886161.0
llama2-7b_conv300,1160,19913927000.0,2729901997025.0
llama2-7b_conv300,1161,19913927000.0,2732273107889.0
llama2-7b_conv300,1162,19945197000.0,2732568676083.0
llama2-7b_conv300,1163,19945197000.0,2732868430389.0
llama2-7b_conv300,1164,19945197000.0,2733172370807.0
llama2-7b_conv300,1165,19945197000.0,2733480497337.0
llama2-7b_conv300,1166,19945197000.0,2733792809979.0
llama2-7b_conv300,1167,19945197000.0,2734109308733.0
llama2-7b_conv300,1168,19945197000.0,2734429993599.0
llama2-7b_conv300,1169,19945197000.0,2734732696395.0
llama2-7b_conv300,1170,19945197000.0,2737112551451.0
llama2-7b_conv300,1171,19945197000.0,2739492406507.0
llama2-7b_conv300,1172,19945197000.0,2741872261563.0
llama2-7b_conv300,1173,19945197000.0,2744252116619.0
llama2-7b_conv300,1174,19945197000.0,2746631971675.0
llama2-7b_conv300,1175,19945197000.0,2749011403563.0
llama2-7b_conv300,1176,19945197000.0,2751390835451.0
llama2-7b_conv300,1177,19945197000.0,2753770267339.0
llama2-7b_conv300,1178,19945197000.0,2756149699227.0
llama2-7b_conv300,1179,19945197000.0,2758529131115.0
llama2-7b_conv300,1180,19945197000.0,2760908563003.0
llama2-7b_conv300,1181,19945197000.0,2763287994891.0
llama2-7b_conv300,1182,19945197000.0,2765667426779.0
llama2-7b_conv300,1183,19945197000.0,2768046858667.0
llama2-7b_conv300,1184,19945197000.0,2770426290555.0
llama2-7b_conv300,1185,19945197000.0,2772805722443.0
llama2-7b_conv300,1186,20478941000.0,2776494311247.0
llama2-7b_conv300,1187,20478941000.0,2778874168351.0
llama2-7b_conv300,1188,20478941000.0,2781254025455.0
llama2-7b_conv300,1189,20478941000.0,2783633882559.0
llama2-7b_conv300,1190,20478941000.0,2786013739663.0
llama2-7b_conv300,1191,20478941000.0,2788393596767.0
llama2-7b_conv300,1192,20478941000.0,2790773453871.0
llama2-7b_conv300,1193,20478941000.0,2793153310975.0
llama2-7b_conv300,1194,20478941000.0,2795533168079.0
llama2-7b_conv300,1195,20478941000.0,2797913025183.0
llama2-7b_conv300,1196,20478941000.0,2800292882287.0
llama2-7b_conv300,1197,20478941000.0,2802672739391.0
llama2-7b_conv300,1198,20478941000.0,2805052596495.0
llama2-7b_conv300,1199,20478941000.0,2807432453599.0
llama2-7b_conv300,1200,20478941000.0,2809812310703.0
llama2-7b_conv300,1201,20658353000.0,2813698919447.0
llama2-7b_conv300,1202,20658353000.0,2816079201767.0
llama2-7b_conv300,1203,20658353000.0,2818459484087.0
llama2-7b_conv300,1204,20658353000.0,2820839766407.0
llama2-7b_conv300,1205,20658353000.0,2823220048727.0
llama2-7b_conv300,1206,20658353000.0,2825600331047.0
llama2-7b_conv300,1207,20658353000.0,2827980613367.0
llama2-7b_conv300,1208,20658353000.0,2830360895687.0
llama2-7b_conv300,1209,20658353000.0,2832739976599.0
llama2-7b_conv300,1210,20658353000.0,2835113174375.0
llama2-7b_conv300,1211,20658353000.0,2837486372151.0
llama2-7b_conv300,1212,20658353000.0,2839859569927.0
llama2-7b_conv300,1213,20658353000.0,2842232767703.0
llama2-7b_conv300,1214,20658353000.0,2844605965479.0
llama2-7b_conv300,1215,20658353000.0,2846979163255.0
llama2-7b_conv300,1216,20658353000.0,2849352361031.0
llama2-7b_conv300,1217,20658353000.0,2851725558807.0
llama2-7b_conv300,1218,20658353000.0,2854098756583.0
llama2-7b_conv300,1219,20658353000.0,2856471954359.0
llama2-7b_conv300,1220,20658353000.0,2858845152135.0
llama2-7b_conv300,1221,20658353000.0,2861218349911.0
llama2-7b_conv300,1222,20658353000.0,2863591547687.0
llama2-7b_conv300,1223,20658353000.0,2865964745463.0
llama2-7b_conv300,1224,20658353000.0,2868337943239.0
llama2-7b_conv300,1225,20941916000.0,2870737665431.0
llama2-7b_conv300,1226,20941916000.0,2873111286375.0
llama2-7b_conv300,1227,20941916000.0,2875484907319.0
llama2-7b_conv300,1228,20941916000.0,2877858528263.0
llama2-7b_conv300,1229,20941916000.0,2880232149207.0
llama2-7b_conv300,1230,20941916000.0,2882605770151.0
llama2-7b_conv300,1231,20941916000.0,2884979391095.0
llama2-7b_conv300,1232,20941916000.0,2887353012039.0
llama2-7b_conv300,1233,20941916000.0,2889726632983.0
llama2-7b_conv300,1234,20941916000.0,2892100253927.0
llama2-7b_conv300,1235,20941916000.0,2894473874871.0
llama2-7b_conv300,1236,20941916000.0,2896847495815.0
llama2-7b_conv300,1237,20941916000.0,2899221116759.0
llama2-7b_conv300,1238,20941916000.0,2901594737703.0
llama2-7b_conv300,1239,20941916000.0,2903968358647.0
llama2-7b_conv300,1240,20941916000.0,2906341979591.0
llama2-7b_conv300,1241,20941916000.0,2908715600535.0
llama2-7b_conv300,1242,20941916000.0,2911089221479.0
llama2-7b_conv300,1243,20941916000.0,2913454098231.0
llama2-7b_conv300,1244,20941916000.0,2915818974983.0
llama2-7b_conv300,1245,20941916000.0,2918183851735.0
llama2-7b_conv300,1246,20941916000.0,2920548728487.0
llama2-7b_conv300,1247,20941916000.0,2922913605239.0
llama2-7b_conv300,1248,20941916000.0,2925278481991.0
llama2-7b_conv300,1249,20941916000.0,2927643358743.0
llama2-7b_conv300,1250,20941916000.0,2930008235495.0
llama2-7b_conv300,1251,20941916000.0,2932373112247.0
llama2-7b_conv300,1252,20941916000.0,2934737988999.0
llama2-7b_conv300,1253,20941916000.0,2937102865751.0
llama2-7b_conv300,1254,20941916000.0,2939467742503.0
llama2-7b_conv300,1255,20941916000.0,2941832619255.0
llama2-7b_conv300,1256,20941916000.0,2944197496007.0
llama2-7b_conv300,1257,20941916000.0,2946562372759.0
llama2-7b_conv300,1258,20941916000.0,2948927249511.0
llama2-7b_conv300,1259,20941916000.0,2951292126263.0
llama2-7b_conv300,1260,20941916000.0,2953657003015.0
llama2-7b_conv300,1261,20941916000.0,2956022655959.0
llama2-7b_conv300,1262,20941916000.0,2958388308903.0
llama2-7b_conv300,1263,20941916000.0,2960753961847.0
llama2-7b_conv300,1264,20941916000.0,2963119614791.0
llama2-7b_conv300,1265,20941916000.0,2965485267735.0
llama2-7b_conv300,1266,21370065000.0,2968181329884.0
llama2-7b_conv300,1267,21375087000.0,2976493910236.0
llama2-7b_conv300,1268,21375087000.0,2978862226092.0
llama2-7b_conv300,1269,21375087000.0,2981230541948.0
llama2-7b_conv300,1270,21375087000.0,2983598857804.0
llama2-7b_conv300,1271,21375087000.0,2985967173660.0
llama2-7b_conv300,1272,21375087000.0,2988335489516.0
llama2-7b_conv300,1273,21375087000.0,2990703805372.0
llama2-7b_conv300,1274,21375087000.0,2993072121228.0
llama2-7b_conv300,1275,21375087000.0,2995440437084.0
llama2-7b_conv300,1276,21375087000.0,2997808752940.0
llama2-7b_conv300,1277,21375087000.0,3000177068796.0
llama2-7b_conv300,1278,21375087000.0,3002545384652.0
llama2-7b_conv300,1279,21375087000.0,3004913700508.0
llama2-7b_conv300,1280,21375087000.0,3007282016364.0
llama2-7b_conv300,1281,21375087000.0,3009650332220.0
llama2-7b_conv300,1282,21375087000.0,3012018648076.0
llama2-7b_conv300,1283,21375087000.0,3014386963932.0
llama2-7b_conv300,1284,21375087000.0,3016755279788.0
llama2-7b_conv300,1285,21375087000.0,3019123595644.0
llama2-7b_conv300,1286,21375087000.0,3021491911500.0
llama2-7b_conv300,1287,21375087000.0,3023860227356.0
llama2-7b_conv300,1288,21375087000.0,3026228543212.0
llama2-7b_conv300,1289,21375087000.0,3028596859068.0
llama2-7b_conv300,1290,21375087000.0,3030965174924.0
llama2-7b_conv300,1291,21375087000.0,3033333490780.0
llama2-7b_conv300,1292,21375087000.0,3035701806636.0
llama2-7b_conv300,1293,21375087000.0,3038070122492.0
llama2-7b_conv300,1294,21375087000.0,3040438438348.0
llama2-7b_conv300,1295,21375087000.0,3042806754204.0
llama2-7b_conv300,1296,21375087000.0,3045175070060.0
llama2-7b_conv300,1297,21375087000.0,3047543385916.0
llama2-7b_conv300,1298,21375087000.0,3049911701772.0
llama2-7b_conv300,1299,21375087000.0,3052280017628.0
llama2-7b_conv300,1300,21375087000.0,3054648333484.0
llama2-7b_conv300,1301,21375087000.0,3057016649340.0
llama2-7b_conv300,1302,21375087000.0,3059384965196.0
llama2-7b_conv300,1303,21375087000.0,3061753281052.0
llama2-7b_conv300,1304,21375087000.0,3064121596908.0
llama2-7b_conv300,1305,21375087000.0,3066489912764.0
llama2-7b_conv300,1306,21375087000.0,3068858228620.0
llama2-7b_conv300,1307,21375087000.0,3071226544476.0
llama2-7b_conv300,1308,21375087000.0,3073594860332.0
llama2-7b_conv300,1309,21375087000.0,3075961974780.0
llama2-7b_conv300,1310,21375087000.0,3078329089228.0
llama2-7b_conv300,1311,21375087000.0,3080696203676.0
llama2-7b_conv300,1312,21375087000.0,3083063318124.0
llama2-7b_conv300,1313,21375087000.0,3085430432572.0
llama2-7b_conv300,1314,21375087000.0,3087797547020.0
llama2-7b_conv300,1315,21375087000.0,3090164661468.0
llama2-7b_conv300,1316,21375087000.0,3092531775916.0
llama2-7b_conv300,1317,21375087000.0,3094898890364.0
llama2-7b_conv300,1318,21375087000.0,3097266004812.0
llama2-7b_conv300,1319,21375087000.0,3099633895452.0
llama2-7b_conv300,1320,21375087000.0,3102001786092.0
llama2-7b_conv300,1321,21375087000.0,3104369676732.0
llama2-7b_conv300,1322,21375087000.0,3106737567372.0
llama2-7b_conv300,1323,21375087000.0,3109105458012.0
llama2-7b_conv300,1324,21375087000.0,3111473348652.0
llama2-7b_conv300,1325,21375087000.0,3113841239292.0
llama2-7b_conv300,1326,21375087000.0,3116209131980.0
llama2-7b_conv300,1327,21375087000.0,3118577024668.0
llama2-7b_conv300,1328,21375087000.0,3120944917356.0
llama2-7b_conv300,1329,21375087000.0,3123312810044.0
llama2-7b_conv300,1330,21375087000.0,3125680702732.0
llama2-7b_conv300,1331,21375087000.0,3128048595420.0
llama2-7b_conv300,1332,21375087000.0,3130416488108.0
llama2-7b_conv300,1333,21375087000.0,3132784380796.0
llama2-7b_conv300,1334,21375087000.0,3135152273484.0
llama2-7b_conv300,1335,21375087000.0,3137520166172.0
llama2-7b_conv300,1336,21375087000.0,3139888058860.0
llama2-7b_conv300,1337,21375087000.0,3142255951548.0
llama2-7b_conv300,1338,21375087000.0,3144623844236.0
llama2-7b_conv300,1339,21375087000.0,3146991736924.0
llama2-7b_conv300,1340,21375087000.0,3149359629612.0
llama2-7b_conv300,1341,21375087000.0,3151727522300.0
llama2-7b_conv300,1342,21375087000.0,3154095414988.0
llama2-7b_conv300,1343,21375087000.0,3156463307676.0
llama2-7b_conv300,1344,21375087000.0,3158831200364.0
llama2-7b_conv300,1345,21375087000.0,3161199093052.0
llama2-7b_conv300,1346,21375087000.0,3163566985740.0
llama2-7b_conv300,1347,21375087000.0,3165934878428.0
llama2-7b_conv300,1348,21370065000.0,3168301309612.0
llama2-7b_conv300,1349,21370065000.0,3170667740796.0
llama2-7b_conv300,1350,21370065000.0,3173034171980.0
llama2-7b_conv300,1351,21370065000.0,3175400603164.0
llama2-7b_conv300,1352,21370065000.0,3177767034348.0
llama2-7b_conv300,1353,21370065000.0,3180133465532.0
llama2-7b_conv300,1354,21370065000.0,3182499896716.0
llama2-7b_conv300,1355,21370065000.0,3184866327900.0
llama2-7b_conv300,1356,21370065000.0,3187232759084.0
llama2-7b_conv300,1357,21370065000.0,3189599190268.0
llama2-7b_conv300,1358,21370065000.0,3191965621452.0
llama2-7b_conv300,1359,21370065000.0,3194332052636.0
llama2-7b_conv300,1360,21370065000.0,3196698483820.0
llama2-7b_conv300,1361,21370065000.0,3199064915004.0
llama2-7b_conv300,1362,21370065000.0,3201431346188.0
llama2-7b_conv300,1363,21370065000.0,3203797777372.0
llama2-7b_conv300,1364,21370065000.0,3206164208556.0
llama2-7b_conv300,1365,21370065000.0,3208530639740.0
llama2-7b_conv300,1366,21370065000.0,3210897070924.0
llama2-7b_conv300,1367,21370065000.0,3213263502108.0
llama2-7b_conv300,1368,21370065000.0,3215629933292.0
llama2-7b_conv300,1369,21370065000.0,3217996364476.0
llama2-7b_conv300,1370,21370065000.0,3220362795660.0
llama2-7b_conv300,1371,21370065000.0,3222729226844.0
llama2-7b_conv300,1372,21370065000.0,3225095658028.0
llama2-7b_conv300,1373,21370065000.0,3227462089212.0
llama2-7b_conv300,1374,21370065000.0,3229828520396.0
llama2-7b_conv300,1375,21370065000.0,3232194951580.0
llama2-7b_conv300,1376,21370065000.0,3234561382764.0
llama2-7b_conv300,1377,21370065000.0,3236927813948.0
llama2-7b_conv300,1378,21370065000.0,3239294245132.0
llama2-7b_conv300,1379,21370065000.0,3241660676316.0
llama2-7b_conv300,1380,21370065000.0,3244027107500.0
llama2-7b_conv300,1381,21370065000.0,3246393538684.0
llama2-7b_conv300,1382,21370065000.0,3248759969868.0
llama2-7b_conv300,1383,21370065000.0,3251126401052.0
llama2-7b_conv300,1384,21370065000.0,3253492832236.0
llama2-7b_conv300,1385,21370065000.0,3255859263420.0
llama2-7b_conv300,1386,21370065000.0,3258225694604.0
llama2-7b_conv300,1387,21370065000.0,3260592125788.0
llama2-7b_conv300,1388,21370065000.0,3262958556972.0
llama2-7b_conv300,1389,21370065000.0,3265324988156.0
llama2-7b_conv300,1390,21370065000.0,3267691419340.0
llama2-7b_conv300,1391,21370065000.0,3270057850524.0
llama2-7b_conv300,1392,21370065000.0,3272424281708.0
llama2-7b_conv300,1393,21370065000.0,3274790712892.0
llama2-7b_conv300,1394,21370065000.0,3277157404172.0
llama2-7b_conv300,1395,21370065000.0,3279524095452.0
llama2-7b_conv300,1396,21370065000.0,3281890786732.0
llama2-7b_conv300,1397,21370065000.0,3284257478012.0
llama2-7b_conv300,1398,21370065000.0,3286624169292.0
llama2-7b_conv300,1399,21370065000.0,3288990860572.0
llama2-7b_conv300,1400,21370065000.0,3291357551852.0
llama2-7b_conv300,1401,22712872000.0,3293428218107.0
llama2-7b_conv300,1402,22712872000.0,3295795332555.0
llama2-7b_conv300,1403,22712872000.0,3298162449051.0
llama2-7b_conv300,1404,22712872000.0,3300529565547.0
llama2-7b_conv300,1405,22712872000.0,3302896682043.0
llama2-7b_conv300,1406,22712872000.0,3305263798539.0
llama2-7b_conv300,1407,22712872000.0,3307630915035.0
llama2-7b_conv300,1408,22712872000.0,3309997606315.0
llama2-7b_conv300,1409,22712872000.0,3312364297595.0
llama2-7b_conv300,1410,22712872000.0,3314730988875.0
llama2-7b_conv300,1411,22712872000.0,3317097680155.0
llama2-7b_conv300,1412,22712872000.0,3319464371435.0
llama2-7b_conv300,1413,22712872000.0,3321831062715.0
llama2-7b_conv300,1414,22712872000.0,3324197753995.0
llama2-7b_conv300,1415,22712872000.0,3326564445275.0
llama2-7b_conv300,1416,22712872000.0,3328931136555.0
llama2-7b_conv300,1417,22712872000.0,3331297827835.0
llama2-7b_conv300,1418,22712872000.0,3333663057611.0
llama2-7b_conv300,1419,22712872000.0,3336028287387.0
llama2-7b_conv300,1420,22712872000.0,3338393517163.0
llama2-7b_conv300,1421,22712872000.0,3340758746939.0
llama2-7b_conv300,1422,22712872000.0,3343123976715.0
llama2-7b_conv300,1423,22712872000.0,3345489206491.0
llama2-7b_conv300,1424,22712872000.0,3347854436267.0
llama2-7b_conv300,1425,22712872000.0,3350219666043.0
llama2-7b_conv300,1426,22712872000.0,3352584895819.0
llama2-7b_conv300,1427,22712872000.0,3354950125595.0
llama2-7b_conv300,1428,22712872000.0,3357315355371.0
llama2-7b_conv300,1429,22712872000.0,3359680585147.0
llama2-7b_conv300,1430,22994856000.0,3362434304905.0
llama2-7b_conv300,1431,22994856000.0,3364799959897.0
llama2-7b_conv300,1432,22994856000.0,3367165614889.0
llama2-7b_conv300,1433,22994856000.0,3369531269881.0
llama2-7b_conv300,1434,22994856000.0,3371896924873.0
llama2-7b_conv300,1435,22994856000.0,3374262579865.0
llama2-7b_conv300,1436,22994856000.0,3376628234857.0
llama2-7b_conv300,1437,22994856000.0,3378993889849.0
llama2-7b_conv300,1438,22994856000.0,3381359544841.0
llama2-7b_conv300,1439,22994856000.0,3383725199833.0
llama2-7b_conv300,1440,22994856000.0,3386090854825.0
llama2-7b_conv300,1441,22994856000.0,3388456509817.0
llama2-7b_conv300,1442,22994856000.0,3390822164809.0
llama2-7b_conv300,1443,22994856000.0,3393187819801.0
llama2-7b_conv300,1444,22994856000.0,3395553474793.0
llama2-7b_conv300,1445,22994856000.0,3397919129785.0
llama2-7b_conv300,1446,22994856000.0,3400284784777.0
llama2-7b_conv300,1447,22994856000.0,3402650699865.0
llama2-7b_conv300,1448,22994856000.0,3405016614953.0
llama2-7b_conv300,1449,22994856000.0,3407382530041.0
llama2-7b_conv300,1450,22994856000.0,3409748445129.0
llama2-7b_conv300,1451,22994856000.0,3412114360217.0
llama2-7b_conv300,1452,22994856000.0,3414480275305.0
llama2-7b_conv300,1453,22994856000.0,3416846190393.0
llama2-7b_conv300,1454,22994856000.0,3419212105481.0
llama2-7b_conv300,1455,22994856000.0,3421578020569.0
llama2-7b_conv300,1456,22994856000.0,3423943935657.0
llama2-7b_conv300,1457,22994856000.0,3426309850745.0
llama2-7b_conv300,1458,22994856000.0,3428675765833.0
llama2-7b_conv300,1459,22994856000.0,3431041680921.0
llama2-7b_conv300,1460,22994856000.0,3433407596009.0
llama2-7b_conv300,1461,22994856000.0,3435773511097.0
llama2-7b_conv300,1462,22994856000.0,3438139426185.0
llama2-7b_conv300,1463,22994856000.0,3440505341273.0
llama2-7b_conv300,1464,22994856000.0,3442871256361.0
llama2-7b_conv300,1465,22994856000.0,3445237171449.0
llama2-7b_conv300,1466,22994856000.0,3447603086537.0
llama2-7b_conv300,1467,22994856000.0,3449969001625.0
llama2-7b_conv300,1468,23371403000.0,3452735172306.0
llama2-7b_conv300,1469,23371403000.0,3455101512610.0
llama2-7b_conv300,1470,23371403000.0,3457467852914.0
llama2-7b_conv300,1471,23371403000.0,3459834193218.0
llama2-7b_conv300,1472,23371403000.0,3462200533522.0
llama2-7b_conv300,1473,23371403000.0,3464566873826.0
llama2-7b_conv300,1474,23371403000.0,3466933214130.0
llama2-7b_conv300,1475,23371403000.0,3469299554434.0
llama2-7b_conv300,1476,23371403000.0,3471665894738.0
llama2-7b_conv300,1477,23371403000.0,3474033011234.0
llama2-7b_conv300,1478,23371403000.0,3476400127730.0
llama2-7b_conv300,1479,23371403000.0,3478767244226.0
llama2-7b_conv300,1480,23371403000.0,3481134360722.0
llama2-7b_conv300,1481,23371403000.0,3483501477218.0
llama2-7b_conv300,1482,23371403000.0,3485868593714.0
llama2-7b_conv300,1483,23371403000.0,3488234248706.0
llama2-7b_conv300,1484,23371403000.0,3490599903698.0
llama2-7b_conv300,1485,23371403000.0,3492965558690.0
llama2-7b_conv300,1486,23371403000.0,3495331213682.0
llama2-7b_conv300,1487,23371403000.0,3497696868674.0
llama2-7b_conv300,1488,23371403000.0,3500062523666.0
llama2-7b_conv300,1489,23371403000.0,3502428178658.0
llama2-7b_conv300,1490,23371403000.0,3504793833650.0
llama2-7b_conv300,1491,23371403000.0,3507159488642.0
llama2-7b_conv300,1492,23371403000.0,3509525143634.0
llama2-7b_conv300,1493,23371403000.0,3511890798626.0
llama2-7b_conv300,1494,23371403000.0,3514256453618.0
llama2-7b_conv300,1495,23371403000.0,3516622108610.0
llama2-7b_conv300,1496,23371403000.0,3518987763602.0
llama2-7b_conv300,1497,23371403000.0,3521353418594.0
llama2-7b_conv300,1498,23371403000.0,3523719073586.0
llama2-7b_conv300,1499,23371403000.0,3526084728578.0
llama2-7b_conv300,1500,23371403000.0,3528450383570.0
llama2-7b_conv300,1501,23371403000.0,3530816038562.0
llama2-7b_conv300,1502,23371403000.0,3533181693554.0
llama2-7b_conv300,1503,23371403000.0,3535547348546.0
llama2-7b_conv300,1504,23371403000.0,3537913003538.0
llama2-7b_conv300,1505,23371403000.0,3540278658530.0
llama2-7b_conv300,1506,23371403000.0,3542644313522.0
llama2-7b_conv300,1507,23371403000.0,3545009968514.0
llama2-7b_conv300,1508,23371403000.0,3547375623506.0
llama2-7b_conv300,1509,23371403000.0,3549741278498.0
llama2-7b_conv300,1510,23371403000.0,3552106933490.0
llama2-7b_conv300,1511,23371403000.0,3554472588482.0
llama2-7b_conv300,1512,23371403000.0,3556838243474.0
llama2-7b_conv300,1513,23371403000.0,3559203898466.0
llama2-7b_conv300,1514,23371403000.0,3561569553458.0
llama2-7b_conv300,1515,23371403000.0,3563935984642.0
llama2-7b_conv300,1516,23371403000.0,3566302415826.0
llama2-7b_conv300,1517,23371403000.0,3568668847010.0
llama2-7b_conv300,1518,23371403000.0,3571035278194.0
llama2-7b_conv300,1519,23371403000.0,3573401709378.0
llama2-7b_conv300,1520,23371403000.0,3575768140562.0
llama2-7b_conv300,1521,23371403000.0,3578134571746.0
llama2-7b_conv300,1522,23371403000.0,3580501002930.0
llama2-7b_conv300,1523,23371403000.0,3582867434114.0
llama2-7b_conv300,1524,23371403000.0,3585233865298.0
llama2-7b_conv300,1525,23371403000.0,3587600296482.0
llama2-7b_conv300,1526,23371403000.0,3589966727666.0
llama2-7b_conv300,1527,23371403000.0,3592333158850.0
llama2-7b_conv300,1528,23371403000.0,3594699590034.0
llama2-7b_conv300,1529,23371403000.0,3597066021218.0
llama2-7b_conv300,1530,23371403000.0,3599432452402.0
llama2-7b_conv300,1531,23371403000.0,3601799659778.0
llama2-7b_conv300,1532,23371403000.0,3604166867154.0
llama2-7b_conv300,1533,23371403000.0,3606534074530.0
llama2-7b_conv300,1534,23371403000.0,3608901281906.0
llama2-7b_conv300,1535,23371403000.0,3611268489282.0
llama2-7b_conv300,1536,23371403000.0,3613635696658.0
llama2-7b_conv300,1537,23371403000.0,3616002904034.0
llama2-7b_conv300,1538,23371403000.0,3618370111410.0
llama2-7b_conv300,1539,23371403000.0,3620737318786.0
llama2-7b_conv300,1540,23371403000.0,3623104526162.0
llama2-7b_conv300,1541,23371403000.0,3625471733538.0
llama2-7b_conv300,1542,23371403000.0,3627838940914.0
llama2-7b_conv300,1543,23371403000.0,3630206148290.0
llama2-7b_conv300,1544,23371403000.0,3632573355666.0
llama2-7b_conv300,1545,23371403000.0,3634940563042.0
llama2-7b_conv300,1546,23371403000.0,3637307770418.0
llama2-7b_conv300,1547,23371403000.0,3639674977794.0
llama2-7b_conv300,1548,24146296000.0,3642068712402.0
llama2-7b_conv300,1549,24146296000.0,3644436342946.0
llama2-7b_conv300,1550,24146296000.0,3646803973490.0
llama2-7b_conv300,1551,24146296000.0,3649171604034.0
llama2-7b_conv300,1552,24146296000.0,3651539234578.0
llama2-7b_conv300,1553,24146296000.0,3653906865122.0
llama2-7b_conv300,1554,24146296000.0,3656274495666.0
llama2-7b_conv300,1555,24146296000.0,3658642126210.0
llama2-7b_conv300,1556,24146296000.0,3661009756754.0
llama2-7b_conv300,1557,24146296000.0,3663377387298.0
llama2-7b_conv300,1558,24146296000.0,3665745017842.0
llama2-7b_conv300,1559,24146296000.0,3668112648386.0
llama2-7b_conv300,1560,24146296000.0,3670480278930.0
llama2-7b_conv300,1561,24146296000.0,3672847909474.0
llama2-7b_conv300,1562,24146296000.0,3675215540018.0
llama2-7b_conv300,1563,24146296000.0,3677583170562.0
llama2-7b_conv300,1564,24146296000.0,3679950801106.0
llama2-7b_conv300,1565,24146296000.0,3682318431650.0
llama2-7b_conv300,1566,24146296000.0,3684686062194.0
llama2-7b_conv300,1567,24146296000.0,3687053692738.0
llama2-7b_conv300,1568,24146296000.0,3689421323282.0
llama2-7b_conv300,1569,24146296000.0,3691788953826.0
llama2-7b_conv300,1570,24146296000.0,3694156584370.0
llama2-7b_conv300,1571,24146296000.0,3696524214914.0
llama2-7b_conv300,1572,24146296000.0,3698891845458.0
llama2-7b_conv300,1573,24146296000.0,3701258274594.0
llama2-7b_conv300,1574,24146296000.0,3703624703730.0
llama2-7b_conv300,1575,24146296000.0,3705991132866.0
llama2-7b_conv300,1576,24146296000.0,3708357562002.0
llama2-7b_conv300,1577,24146296000.0,3710723991138.0
llama2-7b_conv300,1578,24146296000.0,3713090420274.0
llama2-7b_conv300,1579,24146296000.0,3715456849410.0
llama2-7b_conv300,1580,24146296000.0,3717823278546.0
llama2-7b_conv300,1581,24146296000.0,3720189707682.0
llama2-7b_conv300,1582,24146296000.0,3722556136818.0
llama2-7b_conv300,1583,24146296000.0,3724922565954.0
llama2-7b_conv300,1584,24146296000.0,3727288995090.0
llama2-7b_conv300,1585,24146296000.0,3729655424226.0
llama2-7b_conv300,1586,24146296000.0,3732021853362.0
llama2-7b_conv300,1587,24146296000.0,3734388282498.0
llama2-7b_conv300,1588,24146296000.0,3736754711634.0
llama2-7b_conv300,1589,24146296000.0,3739121140770.0
llama2-7b_conv300,1590,24146296000.0,3741487569906.0
llama2-7b_conv300,1591,24146296000.0,3743853999042.0
llama2-7b_conv300,1592,24146296000.0,3746220428178.0
llama2-7b_conv300,1593,24146296000.0,3748586857314.0
llama2-7b_conv300,1594,24146296000.0,3750953286450.0
llama2-7b_conv300,1595,24146296000.0,3753319715586.0
llama2-7b_conv300,1596,24146296000.0,3755686144722.0
llama2-7b_conv300,1597,24146296000.0,3758052573858.0
llama2-7b_conv300,1598,24146296000.0,3760419002994.0
llama2-7b_conv300,1599,24146296000.0,3762785432130.0
llama2-7b_conv300,1600,24146296000.0,3765151861266.0
llama2-7b_conv300,1601,24146296000.0,3767518290402.0
llama2-7b_conv300,1602,24146296000.0,3769884719538.0
llama2-7b_conv300,1603,24146296000.0,3772251148674.0
llama2-7b_conv300,1604,24146296000.0,3774617577810.0
llama2-7b_conv300,1605,24146296000.0,3776984267042.0
llama2-7b_conv300,1606,24146296000.0,3779350956274.0
llama2-7b_conv300,1607,24146296000.0,3781717645506.0
llama2-7b_conv300,1608,24146296000.0,3784084334738.0
llama2-7b_conv300,1609,24146296000.0,3786451023970.0
llama2-7b_conv300,1610,24146296000.0,3788817713202.0
llama2-7b_conv300,1611,24146296000.0,3791182940930.0
llama2-7b_conv300,1612,24768385000.0,3797283437793.0
llama2-7b_conv300,1613,24768385000.0,3799650127025.0
llama2-7b_conv300,1614,24768385000.0,3802016816257.0
llama2-7b_conv300,1615,24768385000.0,3804383505489.0
llama2-7b_conv300,1616,24768385000.0,3806750194721.0
llama2-7b_conv300,1617,24768385000.0,3809116883953.0
llama2-7b_conv300,1618,24768385000.0,3811483573185.0
llama2-7b_conv300,1619,24768385000.0,3813850262417.0
llama2-7b_conv300,1620,24768385000.0,3816216951649.0
llama2-7b_conv300,1621,24768385000.0,3818583640881.0
llama2-7b_conv300,1622,24768385000.0,3820950330113.0
llama2-7b_conv300,1623,24894961000.0,3824626176261.0
llama2-7b_conv300,1624,24894961000.0,3826993290709.0
llama2-7b_conv300,1625,24894961000.0,3829360405157.0
llama2-7b_conv300,1626,24894961000.0,3831727519605.0
llama2-7b_conv300,1627,24894961000.0,3834094634053.0
llama2-7b_conv300,1628,24894961000.0,3836461748501.0
llama2-7b_conv300,1629,24894961000.0,3838828862949.0
llama2-7b_conv300,1630,24894961000.0,3841195977397.0
llama2-7b_conv300,1631,24894961000.0,3843563091845.0
llama2-7b_conv300,1632,24894961000.0,3845930206293.0
llama2-7b_conv300,1633,24894961000.0,3848297320741.0
llama2-7b_conv300,1634,24894961000.0,3850664435189.0
llama2-7b_conv300,1635,24894961000.0,3853031549637.0
llama2-7b_conv300,1636,24894961000.0,3855398664085.0
llama2-7b_conv300,1637,24894961000.0,3857765778533.0
llama2-7b_conv300,1638,24894961000.0,3860132892981.0
llama2-7b_conv300,1639,24894961000.0,3862500007429.0
llama2-7b_conv300,1640,24894961000.0,3864867121877.0
llama2-7b_conv300,1641,25081422000.0,3867575634886.0
llama2-7b_conv300,1642,25081422000.0,3869943174550.0
llama2-7b_conv300,1643,25081422000.0,3872310974310.0
llama2-7b_conv300,1644,25081422000.0,3874678774070.0
llama2-7b_conv300,1645,25081422000.0,3877046573830.0
llama2-7b_conv300,1646,25081422000.0,3879414373590.0
llama2-7b_conv300,1647,25081422000.0,3881782173350.0
llama2-7b_conv300,1648,25081422000.0,3884149975158.0
llama2-7b_conv300,1649,25081422000.0,3886516315462.0
llama2-7b_conv300,1650,25081422000.0,3888882655766.0
llama2-7b_conv300,1651,25081422000.0,3891248996070.0
llama2-7b_conv300,1652,25081422000.0,3893615336374.0
llama2-7b_conv300,1653,25081422000.0,3895981676678.0
llama2-7b_conv300,1654,25081422000.0,3898348016982.0
llama2-7b_conv300,1655,25223379000.0,3902382878572.0
llama2-7b_conv300,1656,25249840000.0,3902674099956.0
llama2-7b_conv300,1657,25249840000.0,3902969507452.0
llama2-7b_conv300,1658,25249840000.0,3903269101060.0
llama2-7b_conv300,1659,25249840000.0,3903572880780.0
llama2-7b_conv300,1660,25249840000.0,3903880846612.0
llama2-7b_conv300,1661,25249840000.0,3904192998556.0
llama2-7b_conv300,1662,25249840000.0,3904509336612.0
llama2-7b_conv300,1663,25324254000.0,3904830305263.0
llama2-7b_conv300,1664,25324254000.0,3907340557695.0
llama2-7b_conv300,1665,25324254000.0,3909716490575.0
llama2-7b_conv300,1666,25324254000.0,3912092423455.0
llama2-7b_conv300,1667,25324254000.0,3914468356335.0
llama2-7b_conv300,1668,25324254000.0,3916844289215.0
llama2-7b_conv300,1669,25324254000.0,3919220222095.0
llama2-7b_conv300,1670,25324254000.0,3921596154975.0
llama2-7b_conv300,1671,25324254000.0,3923972087855.0
llama2-7b_conv300,1672,25324254000.0,3926348020735.0
llama2-7b_conv300,1673,25324254000.0,3928723953615.0
llama2-7b_conv300,1674,25324254000.0,3931099886495.0
llama2-7b_conv300,1675,25324254000.0,3933475819375.0
llama2-7b_conv300,1676,25324254000.0,3935851752255.0
llama2-7b_conv300,1677,25324254000.0,3938227685135.0
llama2-7b_conv300,1678,25324254000.0,3940603618015.0
llama2-7b_conv300,1679,25324254000.0,3942979550895.0
llama2-7b_conv300,1680,25249840000.0,3945355060607.0
llama2-7b_conv300,1681,25249840000.0,3947730570319.0
llama2-7b_conv300,1682,25249840000.0,3950106080031.0
llama2-7b_conv300,1683,25249840000.0,3952481589743.0
llama2-7b_conv300,1684,25249840000.0,3954857099455.0
llama2-7b_conv300,1685,25249840000.0,3957232609167.0
llama2-7b_conv300,1686,25249840000.0,3959608118879.0
llama2-7b_conv300,1687,25249840000.0,3961983888687.0
llama2-7b_conv300,1688,25249840000.0,3964359658495.0
llama2-7b_conv300,1689,25249840000.0,3966735428303.0
llama2-7b_conv300,1690,25249840000.0,3969111198111.0
llama2-7b_conv300,1691,25249840000.0,3971486967919.0
llama2-7b_conv300,1692,25249840000.0,3973862737727.0
llama2-7b_conv300,1693,25917107000.0,3974162962634.0
llama2-7b_conv300,1694,25917107000.0,3974468149845.0
llama2-7b_conv300,1695,25917107000.0,3976981633989.0
llama2-7b_conv300,1696,25917107000.0,3979360941973.0
llama2-7b_conv300,1697,25917107000.0,3981740249957.0
llama2-7b_conv300,1698,25917107000.0,3984120334133.0
llama2-7b_conv300,1699,25917107000.0,3986500418309.0
llama2-7b_conv300,1700,25917107000.0,3988878780885.0
llama2-7b_conv300,1701,25917107000.0,3991257143461.0
llama2-7b_conv300,1702,25917107000.0,3993635506037.0
llama2-7b_conv300,1703,25917107000.0,3996013868613.0
llama2-7b_conv300,1704,25917107000.0,3998392231189.0
llama2-7b_conv300,1705,25917107000.0,4000770593765.0
llama2-7b_conv300,1706,25917107000.0,4003148956341.0
llama2-7b_conv300,1707,25917107000.0,4005527318917.0
llama2-7b_conv300,1708,25917107000.0,4007905681493.0
llama2-7b_conv300,1709,25917107000.0,4010284044069.0
llama2-7b_conv300,1710,25917107000.0,4012662406645.0
llama2-7b_conv300,1711,25917107000.0,4015041545413.0
llama2-7b_conv300,1712,25917107000.0,4017420684181.0
llama2-7b_conv300,1713,25917107000.0,4019799822949.0
llama2-7b_conv300,1714,25917107000.0,4022178961717.0
llama2-7b_conv300,1715,25917107000.0,4024558100485.0
llama2-7b_conv300,1716,25917107000.0,4026937239253.0
llama2-7b_conv300,1717,26254478000.0,4029784736736.0
llama2-7b_conv300,1718,26254478000.0,4032165076912.0
llama2-7b_conv300,1719,26254478000.0,4034545677184.0
llama2-7b_conv300,1720,26254478000.0,4036926277456.0
llama2-7b_conv300,1721,26254478000.0,4039298133536.0
llama2-7b_conv300,1722,26254478000.0,4041669989616.0
llama2-7b_conv300,1723,26254478000.0,4044041420480.0
llama2-7b_conv300,1724,26254478000.0,4046412851344.0
llama2-7b_conv300,1725,26254478000.0,4048784282208.0
llama2-7b_conv300,1726,26254478000.0,4051155713072.0
llama2-7b_conv300,1727,26254478000.0,4053525942528.0
llama2-7b_conv300,1728,26254478000.0,4055896171984.0
llama2-7b_conv300,1729,26407057000.0,4061703128843.0
llama2-7b_conv300,1730,26407057000.0,4064074819803.0
llama2-7b_conv300,1731,26407057000.0,4066446510763.0
llama2-7b_conv300,1732,26461144000.0,4070396900216.0
llama2-7b_conv300,1733,26461144000.0,4072769016392.0
llama2-7b_conv300,1734,26461144000.0,4075141132568.0
llama2-7b_conv300,1735,26461144000.0,4077513248744.0
llama2-7b_conv300,1736,26461144000.0,4079885364920.0
llama2-7b_conv300,1737,26461144000.0,4082257481096.0
llama2-7b_conv300,1738,26461144000.0,4084629597272.0
llama2-7b_conv300,1739,26461144000.0,4087001713448.0
llama2-7b_conv300,1740,26461144000.0,4089373829624.0
llama2-7b_conv300,1741,26461144000.0,4091745945800.0
llama2-7b_conv300,1742,26461144000.0,4094118061976.0
llama2-7b_conv300,1743,26461144000.0,4096490178152.0
llama2-7b_conv300,1744,26461144000.0,4098862294328.0
llama2-7b_conv300,1745,26461144000.0,4101234410504.0
llama2-7b_conv300,1746,26461144000.0,4103606526680.0
llama2-7b_conv300,1747,26461144000.0,4105978642856.0
llama2-7b_conv300,1748,26461144000.0,4108350759032.0
llama2-7b_conv300,1749,26461144000.0,4110722875208.0
llama2-7b_conv300,1750,26461144000.0,4113094991384.0
llama2-7b_conv300,1751,26461144000.0,4115467107560.0
llama2-7b_conv300,1752,26461144000.0,4117839223736.0
llama2-7b_conv300,1753,26461144000.0,4120211339912.0
llama2-7b_conv300,1754,26461144000.0,4122583456088.0
llama2-7b_conv300,1755,26461144000.0,4124955572264.0
llama2-7b_conv300,1756,26461144000.0,4127327688440.0
llama2-7b_conv300,1757,26461144000.0,4129699804616.0
llama2-7b_conv300,1758,26461144000.0,4132071920792.0
llama2-7b_conv300,1759,26461144000.0,4134444036968.0
llama2-7b_conv300,1760,26461144000.0,4136816413240.0
llama2-7b_conv300,1761,26461144000.0,4139188789512.0
llama2-7b_conv300,1762,26461144000.0,4141561165784.0
llama2-7b_conv300,1763,26461144000.0,4143933542056.0
llama2-7b_conv300,1764,26461144000.0,4146305918328.0
llama2-7b_conv300,1765,26461144000.0,4148678294600.0
llama2-7b_conv300,1766,26461144000.0,4151050670872.0
llama2-7b_conv300,1767,26461144000.0,4153423047144.0
llama2-7b_conv300,1768,26461144000.0,4155795423416.0
llama2-7b_conv300,1769,26461144000.0,4158167799688.0
llama2-7b_conv300,1770,26461144000.0,4160540175960.0
llama2-7b_conv300,1771,26461144000.0,4162912552232.0
llama2-7b_conv300,1772,26461144000.0,4165284928504.0
llama2-7b_conv300,1773,26461144000.0,4167657304776.0
llama2-7b_conv300,1774,26461144000.0,4170029681048.0
llama2-7b_conv300,1775,26461144000.0,4172402057320.0
llama2-7b_conv300,1776,26461144000.0,4174774433592.0
llama2-7b_conv300,1777,26461144000.0,4177146809864.0
llama2-7b_conv300,1778,26461144000.0,4179519186136.0
llama2-7b_conv300,1779,26461144000.0,4181890361000.0
llama2-7b_conv300,1780,26461144000.0,4184261535864.0
llama2-7b_conv300,1781,26461144000.0,4186631249224.0
llama2-7b_conv300,1782,26461144000.0,4189000962584.0
llama2-7b_conv300,1783,26461144000.0,4191370675944.0
llama2-7b_conv300,1784,26461144000.0,4193740389304.0
llama2-7b_conv300,1785,26461144000.0,4196110102664.0
llama2-7b_conv300,1786,26461144000.0,4198479816024.0
llama2-7b_conv300,1787,26461144000.0,4200849529384.0
llama2-7b_conv300,1788,26461144000.0,4203219242744.0
llama2-7b_conv300,1789,26461144000.0,4205588956104.0
llama2-7b_conv300,1790,26461144000.0,4207958669464.0
llama2-7b_conv300,1791,26461144000.0,4210328382824.0
llama2-7b_conv300,1792,26461144000.0,4212698096184.0
llama2-7b_conv300,1793,26461144000.0,4215067809544.0
llama2-7b_conv300,1794,26461144000.0,4217438299096.0
llama2-7b_conv300,1795,26461144000.0,4219808788648.0
llama2-7b_conv300,1796,26461144000.0,4222179278200.0
llama2-7b_conv300,1797,26461144000.0,4224549767752.0
llama2-7b_conv300,1798,26461144000.0,4226920257304.0
llama2-7b_conv300,1799,26461144000.0,4229290746856.0
llama2-7b_conv300,1800,26461144000.0,4231661236408.0
llama2-7b_conv300,1801,26461144000.0,4234031725960.0
llama2-7b_conv300,1802,26461144000.0,4236402215512.0
llama2-7b_conv300,1803,26461144000.0,4238772705064.0
llama2-7b_conv300,1804,26461144000.0,4241143194616.0
llama2-7b_conv300,1805,26461144000.0,4243513684168.0
llama2-7b_conv300,1806,26461144000.0,4245884173720.0
llama2-7b_conv300,1807,26461144000.0,4248254663272.0
llama2-7b_conv300,1808,26461144000.0,4250625152824.0
llama2-7b_conv300,1809,26461144000.0,4252995642376.0
llama2-7b_conv300,1810,26461144000.0,4255366131928.0
llama2-7b_conv300,1811,26461144000.0,4257736621480.0
llama2-7b_conv300,1812,26461144000.0,4260107111032.0
llama2-7b_conv300,1813,26461144000.0,4262477600584.0
llama2-7b_conv300,1814,26461144000.0,4264848090136.0
llama2-7b_conv300,1815,27330266000.0,4267559978249.0
llama2-7b_conv300,1816,27330266000.0,4269930893017.0
llama2-7b_conv300,1817,27330266000.0,4272301807785.0
llama2-7b_conv300,1818,27330266000.0,4274672722553.0
llama2-7b_conv300,1819,27330266000.0,4277043637321.0
llama2-7b_conv300,1820,27330266000.0,4279414552089.0
llama2-7b_conv300,1821,27330266000.0,4281785466857.0
llama2-7b_conv300,1822,27330266000.0,4284156381625.0
llama2-7b_conv300,1823,27330266000.0,4286527296393.0
llama2-7b_conv300,1824,27330266000.0,4288898211161.0
llama2-7b_conv300,1825,27330266000.0,4291269125929.0
llama2-7b_conv300,1826,27330266000.0,4293640040697.0
llama2-7b_conv300,1827,27330266000.0,4296010955465.0
llama2-7b_conv300,1828,27330266000.0,4298381870233.0
llama2-7b_conv300,1829,27330266000.0,4300753045097.0
llama2-7b_conv300,1830,27330266000.0,4303124219961.0
llama2-7b_conv300,1831,27330266000.0,4305493673225.0
llama2-7b_conv300,1832,27330266000.0,4307861925081.0
llama2-7b_conv300,1833,27330266000.0,4310230176937.0
llama2-7b_conv300,1834,27330266000.0,4312598428793.0
llama2-7b_conv300,1835,27552529000.0,4316617243139.0
llama2-7b_conv300,1836,27552529000.0,4318985920211.0
llama2-7b_conv300,1837,27552529000.0,4321354597283.0
llama2-7b_conv300,1838,27552529000.0,4323723274355.0
llama2-7b_conv300,1839,27552529000.0,4326091951427.0
llama2-7b_conv300,1840,27552529000.0,4328460628499.0
llama2-7b_conv300,1841,27552529000.0,4330829305571.0
llama2-7b_conv300,1842,27552529000.0,4333197982643.0
llama2-7b_conv300,1843,27552529000.0,4335566659715.0
llama2-7b_conv300,1844,27552529000.0,4337935336787.0
llama2-7b_conv300,1845,27552529000.0,4340304013859.0
llama2-7b_conv300,1846,27552529000.0,4342672690931.0
llama2-7b_conv300,1847,27552529000.0,4345041368003.0
llama2-7b_conv300,1848,27552529000.0,4347410045075.0
llama2-7b_conv300,1849,27552529000.0,4349778722147.0
llama2-7b_conv300,1850,27552529000.0,4352147399219.0
llama2-7b_conv300,1851,27552529000.0,4354516076291.0
llama2-7b_conv300,1852,27552529000.0,4356884753363.0
llama2-7b_conv300,1853,27552529000.0,4359253430435.0
llama2-7b_conv300,1854,27552529000.0,4361622107507.0
llama2-7b_conv300,1855,27552529000.0,4363990784579.0
llama2-7b_conv300,1856,27552529000.0,4366359461651.0
llama2-7b_conv300,1857,27552529000.0,4368728138723.0
llama2-7b_conv300,1858,27552529000.0,4371096815795.0
llama2-7b_conv300,1859,27552529000.0,4373465492867.0
llama2-7b_conv300,1860,27552529000.0,4375834169939.0
llama2-7b_conv300,1861,27552529000.0,4378202847011.0
llama2-7b_conv300,1862,27552529000.0,4380571524083.0
llama2-7b_conv300,1863,27552529000.0,4382940201155.0
llama2-7b_conv300,1864,27552529000.0,4385308878227.0
llama2-7b_conv300,1865,27552529000.0,4387677555299.0
llama2-7b_conv300,1866,27552529000.0,4390046232371.0
llama2-7b_conv300,1867,27552529000.0,4392414909443.0
llama2-7b_conv300,1868,27552529000.0,4394784362707.0
llama2-7b_conv300,1869,27552529000.0,4397153815971.0
llama2-7b_conv300,1870,27552529000.0,4399523269235.0
llama2-7b_conv300,1871,27552529000.0,4401892722499.0
llama2-7b_conv300,1872,27552529000.0,4404262175763.0
llama2-7b_conv300,1873,27552529000.0,4406631629027.0
llama2-7b_conv300,1874,27552529000.0,4409001082291.0
llama2-7b_conv300,1875,27552529000.0,4411370535555.0
llama2-7b_conv300,1876,27552529000.0,4413739988819.0
llama2-7b_conv300,1877,27552529000.0,4416109442083.0
llama2-7b_conv300,1878,27552529000.0,4418478895347.0
llama2-7b_conv300,1879,27552529000.0,4420848348611.0
llama2-7b_conv300,1880,27552529000.0,4423217801875.0
llama2-7b_conv300,1881,27552529000.0,4425587255139.0
llama2-7b_conv300,1882,27552529000.0,4427956708403.0
llama2-7b_conv300,1883,27552529000.0,4430326161667.0
llama2-7b_conv300,1884,27552529000.0,4432695614931.0
llama2-7b_conv300,1885,27552529000.0,4435065068195.0
llama2-7b_conv300,1886,27552529000.0,4437434521459.0
llama2-7b_conv300,1887,28090234000.0,4439938677731.0
llama2-7b_conv300,1888,28090234000.0,4442308814259.0
llama2-7b_conv300,1889,28090234000.0,4444678950787.0
llama2-7b_conv300,1890,28090234000.0,4447049087315.0
llama2-7b_conv300,1891,28090234000.0,4449420000035.0
llama2-7b_conv300,1892,28090234000.0,4451790912755.0
llama2-7b_conv300,1893,28090234000.0,4454161825475.0
llama2-7b_conv300,1894,28090234000.0,4456532738195.0
llama2-7b_conv300,1895,28090234000.0,4458903650915.0
llama2-7b_conv300,1896,28090234000.0,4461274563635.0
llama2-7b_conv300,1897,28090234000.0,4463645476355.0
llama2-7b_conv300,1898,28090234000.0,4466016389075.0
llama2-7b_conv300,1899,28090234000.0,4468387301795.0
llama2-7b_conv300,1900,28090234000.0,4470758214515.0
llama2-7b_conv300,1901,28090234000.0,4473129127235.0
llama2-7b_conv300,1902,28090234000.0,4475500039955.0
llama2-7b_conv300,1903,28090234000.0,4477870952675.0
llama2-7b_conv300,1904,28090234000.0,4480241865395.0
llama2-7b_conv300,1905,28090234000.0,4482612778115.0
llama2-7b_conv300,1906,28090234000.0,4484983690835.0
llama2-7b_conv300,1907,28090234000.0,4487354603555.0
llama2-7b_conv300,1908,28090234000.0,4489725516275.0
llama2-7b_conv300,1909,28090234000.0,4492096428995.0
llama2-7b_conv300,1910,28090234000.0,4494467341715.0
llama2-7b_conv300,1911,28090234000.0,4496838254435.0
llama2-7b_conv300,1912,28353357000.0,4497111867006.0
llama2-7b_conv300,1913,28353357000.0,4499484241230.0
llama2-7b_conv300,1914,28353357000.0,4501856615454.0
llama2-7b_conv300,1915,28353357000.0,4504228989678.0
llama2-7b_conv300,1916,28353357000.0,4506601363902.0
llama2-7b_conv300,1917,28353357000.0,4508973738126.0
llama2-7b_conv300,1918,28353357000.0,4511346112350.0
llama2-7b_conv300,1919,28353357000.0,4513718486574.0
llama2-7b_conv300,1920,28353357000.0,4516090860798.0
llama2-7b_conv300,1921,28353357000.0,4518463235022.0
llama2-7b_conv300,1922,28353357000.0,4520835869342.0
llama2-7b_conv300,1923,28353357000.0,4523208503662.0
llama2-7b_conv300,1924,28353357000.0,4525581137982.0
llama2-7b_conv300,1925,28353357000.0,4527953772302.0
llama2-7b_conv300,1926,28353357000.0,4530326406622.0
llama2-7b_conv300,1927,28353357000.0,4532699040942.0
llama2-7b_conv300,1928,28353357000.0,4535071675262.0
llama2-7b_conv300,1929,28353357000.0,4537444309582.0
llama2-7b_conv300,1930,28353357000.0,4539816943902.0
llama2-7b_conv300,1931,28578535000.0,4540114033321.0
llama2-7b_conv300,1932,28578535000.0,4540415308852.0
llama2-7b_conv300,1933,28607772000.0,4540717909442.0
llama2-7b_conv300,1934,28607772000.0,4541020373328.0
llama2-7b_conv300,1935,28607772000.0,4543775809379.0
llama2-7b_conv300,1936,28607772000.0,4546153967667.0
llama2-7b_conv300,1937,28764379000.0,4548987288722.0
llama2-7b_conv300,1938,28764379000.0,4551366648418.0
llama2-7b_conv300,1939,28764379000.0,4553746008114.0
llama2-7b_conv300,1940,28764379000.0,4556125367810.0
llama2-7b_conv300,1941,28764379000.0,4558504727506.0
llama2-7b_conv300,1942,28764379000.0,4560884087202.0
llama2-7b_conv300,1943,28764379000.0,4563263706994.0
llama2-7b_conv300,1944,28764379000.0,4565643326786.0
llama2-7b_conv300,1945,28764379000.0,4568022946578.0
llama2-7b_conv300,1946,28764379000.0,4570402566370.0
llama2-7b_conv300,1947,28764379000.0,4572782186162.0
llama2-7b_conv300,1948,28764379000.0,4575161805954.0
llama2-7b_conv300,1949,28764379000.0,4577539964242.0
llama2-7b_conv300,1950,28764379000.0,4579918122530.0
llama2-7b_conv300,1951,28764379000.0,4582296282866.0
llama2-7b_conv300,1952,28764379000.0,4584674443202.0
llama2-7b_conv300,1953,28764379000.0,4587052603538.0
llama2-7b_conv300,1954,28764379000.0,4589430763874.0
llama2-7b_conv300,1955,28764379000.0,4591808924210.0
llama2-7b_conv300,1956,28764379000.0,4594187084546.0
llama2-7b_conv300,1957,28764379000.0,4596565504978.0
llama2-7b_conv300,1958,28764379000.0,4598943925410.0
llama2-7b_conv300,1959,28764379000.0,4601322345842.0
llama2-7b_conv300,1960,28764379000.0,4603700766274.0
llama2-7b_conv300,1961,28764379000.0,4606079186706.0
llama2-7b_conv300,1962,28764379000.0,4608457607138.0
llama2-7b_conv300,1963,28764379000.0,4610836027570.0
llama2-7b_conv300,1964,28764379000.0,4613214448002.0
llama2-7b_conv300,1965,28764379000.0,4615592868434.0
llama2-7b_conv300,1966,28764379000.0,4617971548962.0
llama2-7b_conv300,1967,28764379000.0,4620350229490.0
llama2-7b_conv300,1968,28764379000.0,4622728910018.0
llama2-7b_conv300,1969,28764379000.0,4625107590546.0
llama2-7b_conv300,1970,28764379000.0,4627486271074.0
llama2-7b_conv300,1971,28764379000.0,4629864951602.0
llama2-7b_conv300,1972,28764379000.0,4632243632130.0
llama2-7b_conv300,1973,28764379000.0,4634622312658.0
llama2-7b_conv300,1974,28764379000.0,4637000993186.0
llama2-7b_conv300,1975,28764379000.0,4639379673714.0
llama2-7b_conv300,1976,28764379000.0,4641758354242.0
llama2-7b_conv300,1977,28764379000.0,4644137034770.0
llama2-7b_conv300,1978,28764379000.0,4646515715298.0
llama2-7b_conv300,1979,28764379000.0,4648894395826.0
llama2-7b_conv300,1980,28764379000.0,4651273076354.0
llama2-7b_conv300,1981,28764379000.0,4653651756882.0
llama2-7b_conv300,1982,28764379000.0,4656030437410.0
llama2-7b_conv300,1983,28764379000.0,4658409117938.0
llama2-7b_conv300,1984,29340288000.0,4660922820306.0
llama2-7b_conv300,1985,29340288000.0,4663301924002.0
llama2-7b_conv300,1986,29340288000.0,4665681027698.0
llama2-7b_conv300,1987,29340288000.0,4668060131394.0
llama2-7b_conv300,1988,29340288000.0,4670439235090.0
llama2-7b_conv300,1989,29340288000.0,4672818598882.0
llama2-7b_conv300,1990,29340288000.0,4675197962674.0
llama2-7b_conv300,1991,29340288000.0,4677577326466.0
llama2-7b_conv300,1992,29340288000.0,4679956690258.0
llama2-7b_conv300,1993,29340288000.0,4682336054050.0
llama2-7b_conv300,1994,29340288000.0,4684715417842.0
llama2-7b_conv300,1995,29340288000.0,4687093320130.0
llama2-7b_conv300,1996,29340288000.0,4689471482514.0
llama2-7b_conv300,1997,29340288000.0,4691849644898.0
llama2-7b_conv300,1998,29340288000.0,4694227807282.0
llama2-7b_conv300,1999,29340288000.0,4696605969666.0
llama2-7b_conv300,2000,28607772000.0,4698983708882.0
llama2-7b_conv300,2001,28607772000.0,4701361448098.0
llama2-7b_conv300,2002,28607772000.0,4703739187314.0
llama2-7b_conv300,2003,28607772000.0,4706116926530.0
llama2-7b_conv300,2004,28607772000.0,4708494665746.0
llama2-7b_conv300,2005,28607772000.0,4710872404962.0
llama2-7b_conv300,2006,28607772000.0,4713250144178.0
llama2-7b_conv300,2007,28607772000.0,4715627883394.0
llama2-7b_conv300,2008,28607772000.0,4718005622610.0
llama2-7b_conv300,2009,28607772000.0,4720383361826.0
llama2-7b_conv300,2010,28607772000.0,4722761101042.0
llama2-7b_conv300,2011,28607772000.0,4725138840258.0
llama2-7b_conv300,2012,28607772000.0,4727516579474.0
llama2-7b_conv300,2013,29686078000.0,4727818773024.0
llama2-7b_conv300,2014,29686078000.0,4728125152686.0
llama2-7b_conv300,2015,29686078000.0,4728435718460.0
llama2-7b_conv300,2016,29686078000.0,4728750730442.0
llama2-7b_conv300,2017,29686078000.0,4729069928536.0
llama2-7b_conv300,2018,29686078000.0,4729393312742.0
llama2-7b_conv300,2019,29686078000.0,4729721143156.0
llama2-7b_conv300,2020,29686078000.0,4730053159682.0
llama2-7b_conv300,2021,29686078000.0,4732440163282.0
llama2-7b_conv300,2022,29686078000.0,4734827166882.0
llama2-7b_conv300,2023,29686078000.0,4737214170482.0
llama2-7b_conv300,2024,29686078000.0,4739601174082.0
llama2-7b_conv300,2025,29686078000.0,4741988177682.0
llama2-7b_conv300,2026,29686078000.0,4744375181282.0
llama2-7b_conv300,2027,29686078000.0,4746762184882.0
llama2-7b_conv300,2028,29686078000.0,4749149188482.0
llama2-7b_conv300,2029,29686078000.0,4751536192082.0
llama2-7b_conv300,2030,29686078000.0,4753923195682.0
llama2-7b_conv300,2031,29686078000.0,4756310199282.0
llama2-7b_conv300,2032,30181499000.0,4764527465862.0
llama2-7b_conv300,2033,30181499000.0,4766914469462.0
llama2-7b_conv300,2034,30181499000.0,4769301473062.0
llama2-7b_conv300,2035,30181499000.0,4771686755062.0
llama2-7b_conv300,2036,30181499000.0,4774072037062.0
llama2-7b_conv300,2037,30181499000.0,4776457319062.0
llama2-7b_conv300,2038,30181499000.0,4778842601062.0
llama2-7b_conv300,2039,30181499000.0,4781227883062.0
llama2-7b_conv300,2040,30181499000.0,4783613165062.0
llama2-7b_conv300,2041,30181499000.0,4785998447062.0
llama2-7b_conv300,2042,30181499000.0,4788383729062.0
llama2-7b_conv300,2043,30181499000.0,4790769011062.0
llama2-7b_conv300,2044,30181499000.0,4793154293062.0
llama2-7b_conv300,2045,30181499000.0,4795539575062.0
llama2-7b_conv300,2046,30181499000.0,4797924857062.0
llama2-7b_conv300,2047,30181499000.0,4800310139062.0
llama2-7b_conv300,2048,30181499000.0,4802695421062.0
llama2-7b_conv300,2049,30181499000.0,4805080703062.0
llama2-7b_conv300,2050,30181499000.0,4807465985062.0
llama2-7b_conv300,2051,30181499000.0,4809851267062.0
llama2-7b_conv300,2052,30181499000.0,4812235087558.0
llama2-7b_conv300,2053,30181499000.0,4814618908054.0
llama2-7b_conv300,2054,30181499000.0,4817002728550.0
llama2-7b_conv300,2055,30181499000.0,4819386549046.0
llama2-7b_conv300,2056,30181499000.0,4821770369542.0
llama2-7b_conv300,2057,30181499000.0,4824154190038.0
llama2-7b_conv300,2058,30181499000.0,4826538010534.0
llama2-7b_conv300,2059,30181499000.0,4828921831030.0
llama2-7b_conv300,2060,30181499000.0,4831305651526.0
llama2-7b_conv300,2061,30181499000.0,4833689046806.0
llama2-7b_conv300,2062,30181499000.0,4836072442086.0
llama2-7b_conv300,2063,30181499000.0,4838455837366.0
llama2-7b_conv300,2064,30181499000.0,4840839232646.0
llama2-7b_conv300,2065,30181499000.0,4843222627926.0
llama2-7b_conv300,2066,30181499000.0,4845606023206.0
llama2-7b_conv300,2067,30181499000.0,4847989418486.0
llama2-7b_conv300,2068,30181499000.0,4850372813766.0
llama2-7b_conv300,2069,30181499000.0,4852756209046.0
llama2-7b_conv300,2070,30181499000.0,4855139604326.0
llama2-7b_conv300,2071,30181499000.0,4857514255414.0
llama2-7b_conv300,2072,30181499000.0,4859888906502.0
llama2-7b_conv300,2073,30181499000.0,4862263557590.0
llama2-7b_conv300,2074,30181499000.0,4864638208678.0
llama2-7b_conv300,2075,30181499000.0,4867012859766.0
llama2-7b_conv300,2076,30181499000.0,4869387510854.0
llama2-7b_conv300,2077,30181499000.0,4871762161942.0
llama2-7b_conv300,2078,30181499000.0,4874136813030.0
llama2-7b_conv300,2079,30181499000.0,4876511464118.0
llama2-7b_conv300,2080,30181499000.0,4878886115206.0
llama2-7b_conv300,2081,30181499000.0,4881260766294.0
llama2-7b_conv300,2082,30181499000.0,4883635417382.0
llama2-7b_conv300,2083,30181499000.0,4886010068470.0
llama2-7b_conv300,2084,30181499000.0,4888384719558.0
llama2-7b_conv300,2085,30181499000.0,4890759630742.0
llama2-7b_conv300,2086,30181499000.0,4893134541926.0
llama2-7b_conv300,2087,30181499000.0,4895509453110.0
llama2-7b_conv300,2088,30181499000.0,4897884364294.0
llama2-7b_conv300,2089,30181499000.0,4900259275478.0
llama2-7b_conv300,2090,30181499000.0,4902634186662.0
llama2-7b_conv300,2091,30181499000.0,4905005555574.0
llama2-7b_conv300,2092,30181499000.0,4907376924486.0
llama2-7b_conv300,2093,30181499000.0,4909748293398.0
llama2-7b_conv300,2094,30181499000.0,4912119662310.0
llama2-7b_conv300,2095,30181499000.0,4914491031222.0
llama2-7b_conv300,2096,30181499000.0,4916858857862.0
llama2-7b_conv300,2097,30181499000.0,4919226684502.0
llama2-7b_conv300,2098,30181499000.0,4921594511142.0
llama2-7b_conv300,2099,30181499000.0,4923962337782.0
llama2-7b_conv300,2100,30181499000.0,4926330164422.0
llama2-7b_conv300,2101,30181499000.0,4928697991062.0
llama2-7b_conv300,2102,30181499000.0,4931065817702.0
llama2-7b_conv300,2103,30181499000.0,4933433644342.0
llama2-7b_conv300,2104,30181499000.0,4935801470982.0
llama2-7b_conv300,2105,30181499000.0,4938169297622.0
llama2-7b_conv300,2106,30181499000.0,4940537124262.0
llama2-7b_conv300,2107,30181499000.0,4942904950902.0
llama2-7b_conv300,2108,30181499000.0,4945272777542.0
llama2-7b_conv300,2109,30181499000.0,4947640604182.0
llama2-7b_conv300,2110,30181499000.0,4950008430822.0
llama2-7b_conv300,2111,30181499000.0,4952376257462.0
llama2-7b_conv300,2112,30181499000.0,4954744084102.0
llama2-7b_conv300,2113,30181499000.0,4957111910742.0
llama2-7b_conv300,2114,30181499000.0,4959479737382.0
llama2-7b_conv300,2115,30181499000.0,4961847564022.0
llama2-7b_conv300,2116,30181499000.0,4964215390662.0
llama2-7b_conv300,2117,30181499000.0,4966583217302.0
llama2-7b_conv300,2118,30181499000.0,4968951043942.0
llama2-7b_conv300,2119,30181499000.0,4971318870582.0
llama2-7b_conv300,2120,30181499000.0,4973686697222.0
llama2-7b_conv300,2121,28607772000.0,4976053062358.0
llama2-7b_conv300,2122,28607772000.0,4978419427494.0
llama2-7b_conv300,2123,28607772000.0,4980785792630.0
llama2-7b_conv300,2124,28607772000.0,4983152157766.0
llama2-7b_conv300,2125,31269171000.0,4985930558723.0
llama2-7b_conv300,2126,31269171000.0,4988297349075.0
llama2-7b_conv300,2127,31269171000.0,4990664139427.0
llama2-7b_conv300,2128,31269171000.0,4993030929779.0
llama2-7b_conv300,2129,31269171000.0,4995397720131.0
llama2-7b_conv300,2130,31269171000.0,4997764510483.0
llama2-7b_conv300,2131,31269171000.0,5000131300835.0
llama2-7b_conv300,2132,31269171000.0,5002498091187.0
llama2-7b_conv300,2133,31269171000.0,5004864881539.0
llama2-7b_conv300,2134,31269171000.0,5007231671891.0
llama2-7b_conv300,2135,31269171000.0,5009598462243.0
llama2-7b_conv300,2136,31269171000.0,5011965252595.0
llama2-7b_conv300,2137,31269171000.0,5014332042947.0
llama2-7b_conv300,2138,31269171000.0,5016698833299.0
llama2-7b_conv300,2139,31269171000.0,5019065623651.0
llama2-7b_conv300,2140,31269171000.0,5021432414003.0
llama2-7b_conv300,2141,31269171000.0,5023799204355.0
llama2-7b_conv300,2142,31269171000.0,5026165994707.0
llama2-7b_conv300,2143,31269171000.0,5028532785059.0
llama2-7b_conv300,2144,31269171000.0,5030899575411.0
llama2-7b_conv300,2145,31269171000.0,5033266365763.0
llama2-7b_conv300,2146,31269171000.0,5035633156115.0
llama2-7b_conv300,2147,31269171000.0,5037999946467.0
llama2-7b_conv300,2148,31269171000.0,5040366736819.0
llama2-7b_conv300,2149,31269171000.0,5042733527171.0
llama2-7b_conv300,2150,31269171000.0,5045100317523.0
llama2-7b_conv300,2151,31269171000.0,5047467107875.0
llama2-7b_conv300,2152,31269171000.0,5049833898227.0
llama2-7b_conv300,2153,31269171000.0,5052200688579.0
llama2-7b_conv300,2154,31269171000.0,5054567478931.0
llama2-7b_conv300,2155,31269171000.0,5056934269283.0
llama2-7b_conv300,2156,31269171000.0,5059301059635.0
llama2-7b_conv300,2157,31269171000.0,5061667849987.0
llama2-7b_conv300,2158,31269171000.0,5064034640339.0
llama2-7b_conv300,2159,31269171000.0,5066401430691.0
llama2-7b_conv300,2160,31620490000.0,5066692679138.0
llama2-7b_conv300,2161,31620490000.0,5066988113697.0
llama2-7b_conv300,2162,31620490000.0,5069491816337.0
llama2-7b_conv300,2163,31620490000.0,5071861368673.0
llama2-7b_conv300,2164,31620490000.0,5074230921009.0
llama2-7b_conv300,2165,31620490000.0,5076600473345.0
llama2-7b_conv300,2166,31620490000.0,5078970025681.0
llama2-7b_conv300,2167,31620490000.0,5081339578017.0
llama2-7b_conv300,2168,31760229000.0,5087069018149.0
llama2-7b_conv300,2169,31760229000.0,5089440808181.0
llama2-7b_conv300,2170,31760229000.0,5091812598213.0
llama2-7b_conv300,2171,31760229000.0,5094184388245.0
llama2-7b_conv300,2172,31760229000.0,5096556178277.0
llama2-7b_conv300,2173,31760229000.0,5098927968309.0
llama2-7b_conv300,2174,31760229000.0,5101299758341.0
llama2-7b_conv300,2175,31760229000.0,5103671548373.0
llama2-7b_conv300,2176,31760229000.0,5106043338405.0
llama2-7b_conv300,2177,31760229000.0,5108415128437.0
llama2-7b_conv300,2178,31760229000.0,5110786918469.0
llama2-7b_conv300,2179,31760229000.0,5113158708501.0
llama2-7b_conv300,2180,31917003000.0,5121438224739.0
llama2-7b_conv300,2181,31917003000.0,5123811476275.0
llama2-7b_conv300,2182,31917003000.0,5126184727811.0
llama2-7b_conv300,2183,31917003000.0,5128557979347.0
llama2-7b_conv300,2184,31917003000.0,5130931230883.0
llama2-7b_conv300,2185,31917003000.0,5133304482419.0
llama2-7b_conv300,2186,31917003000.0,5135677733955.0
llama2-7b_conv300,2187,31917003000.0,5138050985491.0
llama2-7b_conv300,2188,31917003000.0,5140424237027.0
llama2-7b_conv300,2189,31917003000.0,5142797488563.0
llama2-7b_conv300,2190,31917003000.0,5145170740099.0
llama2-7b_conv300,2191,31917003000.0,5147543991635.0
llama2-7b_conv300,2192,31917003000.0,5149917243171.0
llama2-7b_conv300,2193,31917003000.0,5152290494707.0
llama2-7b_conv300,2194,31917003000.0,5154663746243.0
llama2-7b_conv300,2195,31917003000.0,5157036997779.0
llama2-7b_conv300,2196,31917003000.0,5159410249315.0
llama2-7b_conv300,2197,31917003000.0,5161783500851.0
llama2-7b_conv300,2198,31917003000.0,5164156752387.0
llama2-7b_conv300,2199,31917003000.0,5166530003923.0
llama2-7b_conv300,2200,31917003000.0,5168903255459.0
llama2-7b_conv300,2201,31917003000.0,5171276506995.0
llama2-7b_conv300,2202,31917003000.0,5173649758531.0
llama2-7b_conv300,2203,31917003000.0,5176023010067.0
llama2-7b_conv300,2204,31917003000.0,5178396261603.0
llama2-7b_conv300,2205,31917003000.0,5180769513139.0
llama2-7b_conv300,2206,31917003000.0,5183142764675.0
llama2-7b_conv300,2207,31917003000.0,5185516016211.0
llama2-7b_conv300,2208,31917003000.0,5187889267747.0
llama2-7b_conv300,2209,31917003000.0,5190262519283.0
llama2-7b_conv300,2210,31917003000.0,5192635770819.0
llama2-7b_conv300,2211,31917003000.0,5195009022355.0
llama2-7b_conv300,2212,31917003000.0,5197382273891.0
llama2-7b_conv300,2213,31917003000.0,5199755785523.0
llama2-7b_conv300,2214,31917003000.0,5202129297155.0
llama2-7b_conv300,2215,31917003000.0,5204502808787.0
llama2-7b_conv300,2216,31917003000.0,5206876320419.0
llama2-7b_conv300,2217,31917003000.0,5209249832051.0
llama2-7b_conv300,2218,31917003000.0,5211623343683.0
llama2-7b_conv300,2219,31917003000.0,5213996855315.0
llama2-7b_conv300,2220,31917003000.0,5216370366947.0
llama2-7b_conv300,2221,31917003000.0,5218743878579.0
llama2-7b_conv300,2222,32388505000.000004,5219041846075.0
llama2-7b_conv300,2223,32388505000.000004,5219343999683.0
llama2-7b_conv300,2224,32388505000.000004,5221721410963.0
llama2-7b_conv300,2225,32388505000.000004,5224097684579.0
llama2-7b_conv300,2226,32388505000.000004,5226473958195.0
llama2-7b_conv300,2227,32388505000.000004,5228850231811.0
llama2-7b_conv300,2228,32388505000.000004,5231226505427.0
llama2-7b_conv300,2229,32388505000.000004,5233603039139.0
llama2-7b_conv300,2230,32388505000.000004,5235979572851.0
llama2-7b_conv300,2231,32388505000.000004,5238356106563.0
llama2-7b_conv300,2232,32388505000.000004,5240732640275.0
llama2-7b_conv300,2233,32388505000.000004,5243109173987.0
llama2-7b_conv300,2234,32388505000.000004,5245485707699.0
llama2-7b_conv300,2235,32388505000.000004,5247862241411.0
llama2-7b_conv300,2236,32388505000.000004,5250238775123.0
llama2-7b_conv300,2237,32388505000.000004,5252615308835.0
llama2-7b_conv300,2238,32388505000.000004,5254991842547.0
llama2-7b_conv300,2239,32388505000.000004,5257368376259.0
llama2-7b_conv300,2240,32388505000.000004,5259744909971.0
llama2-7b_conv300,2241,32388505000.000004,5262121443683.0
llama2-7b_conv300,2242,32388505000.000004,5264497977395.0
llama2-7b_conv300,2243,32388505000.000004,5266874511107.0
llama2-7b_conv300,2244,32388505000.000004,5269251044819.0
llama2-7b_conv300,2245,32388505000.000004,5271627578531.0
llama2-7b_conv300,2246,32388505000.000004,5274004112243.0
llama2-7b_conv300,2247,32388505000.000004,5276380645955.0
llama2-7b_conv300,2248,32388505000.000004,5278757179667.0
llama2-7b_conv300,2249,32388505000.000004,5281133713379.0
llama2-7b_conv300,2250,32388505000.000004,5283510247091.0
llama2-7b_conv300,2251,32388505000.000004,5285886780803.0
llama2-7b_conv300,2252,32388505000.000004,5288263314515.0
llama2-7b_conv300,2253,32388505000.000004,5290639848227.0
llama2-7b_conv300,2254,32388505000.000004,5293016381939.0
llama2-7b_conv300,2255,32388505000.000004,5295392915651.0
llama2-7b_conv300,2256,32388505000.000004,5297769449363.0
llama2-7b_conv300,2257,32388505000.000004,5300145983075.0
llama2-7b_conv300,2258,32388505000.000004,5302522516787.0
llama2-7b_conv300,2259,32388505000.000004,5304899050499.0
llama2-7b_conv300,2260,32388505000.000004,5307275584211.0
llama2-7b_conv300,2261,32388505000.000004,5309652117923.0
llama2-7b_conv300,2262,32388505000.000004,5312027190131.0
llama2-7b_conv300,2263,32388505000.000004,5314402262339.0
llama2-7b_conv300,2264,32388505000.000004,5316777334547.0
llama2-7b_conv300,2265,32388505000.000004,5319152406755.0
llama2-7b_conv300,2266,32388505000.000004,5321527478963.0
llama2-7b_conv300,2267,32388505000.000004,5323902551171.0
llama2-7b_conv300,2268,32388505000.000004,5326277623379.0
llama2-7b_conv300,2269,32388505000.000004,5328652695587.0
llama2-7b_conv300,2270,32388505000.000004,5331027767795.0
llama2-7b_conv300,2271,32388505000.000004,5333402840003.0
llama2-7b_conv300,2272,32388505000.000004,5335777912211.0
llama2-7b_conv300,2273,32388505000.000004,5338153244515.0
llama2-7b_conv300,2274,32388505000.000004,5340528576819.0
llama2-7b_conv300,2275,32388505000.000004,5342903909123.0
llama2-7b_conv300,2276,32388505000.000004,5345279241427.0
llama2-7b_conv300,2277,32388505000.000004,5347654573731.0
llama2-7b_conv300,2278,32388505000.000004,5350029906035.0
llama2-7b_conv300,2279,32388505000.000004,5352405238339.0
llama2-7b_conv300,2280,32388505000.000004,5354780570643.0
llama2-7b_conv300,2281,32388505000.000004,5357155902947.0
llama2-7b_conv300,2282,32388505000.000004,5359531235251.0
llama2-7b_conv300,2283,32388505000.000004,5361906567555.0
llama2-7b_conv300,2284,32388505000.000004,5364281899859.0
llama2-7b_conv300,2285,32388505000.000004,5366657232163.0
llama2-7b_conv300,2286,32388505000.000004,5369032564467.0
llama2-7b_conv300,2287,32388505000.000004,5371407896771.0
llama2-7b_conv300,2288,32388505000.000004,5373783229075.0
llama2-7b_conv300,2289,32388505000.000004,5376158561379.0
llama2-7b_conv300,2290,32388505000.000004,5378533893683.0
llama2-7b_conv300,2291,32388505000.000004,5380909225987.0
llama2-7b_conv300,2292,32388505000.000004,5383284558291.0
llama2-7b_conv300,2293,32388505000.000004,5385659890595.0
llama2-7b_conv300,2294,33235881999.999996,5385959678763.0
llama2-7b_conv300,2295,33235881999.999996,5386240660299.0
llama2-7b_conv300,2296,33235881999.999996,5388618494491.0
llama2-7b_conv300,2297,33235881999.999996,5390996588779.0
llama2-7b_conv300,2298,33235881999.999996,5393374683067.0
llama2-7b_conv300,2299,33235881999.999996,5395751055755.0
llama2-7b_conv300,2300,33235881999.999996,5398127428443.0
llama2-7b_conv300,2301,33235881999.999996,5400503801131.0
llama2-7b_conv300,2302,33235881999.999996,5402880173819.0
llama2-7b_conv300,2303,33235881999.999996,5405256546507.0
llama2-7b_conv300,2304,33235881999.999996,5407632919195.0
llama2-7b_conv300,2305,33413528000.0,5410362456088.0
llama2-7b_conv300,2306,33413528000.0,5412739253992.0
llama2-7b_conv300,2307,33413528000.0,5415116051896.0
llama2-7b_conv300,2308,33413528000.0,5417491388296.0
llama2-7b_conv300,2309,33413528000.0,5419866724696.0
llama2-7b_conv300,2310,33413528000.0,5422242061096.0
llama2-7b_conv300,2311,33491000999.999996,5422541853360.0
llama2-7b_conv300,2312,33526770000.0,5422846458427.0
llama2-7b_conv300,2313,33526770000.0,5425359139627.0
llama2-7b_conv300,2314,33526770000.0,5427737403131.0
llama2-7b_conv300,2315,33526770000.0,5430115666635.0
llama2-7b_conv300,2316,33526770000.0,5432493930139.0
llama2-7b_conv300,2317,33526770000.0,5434872193643.0
llama2-7b_conv300,2318,33526770000.0,5437250457147.0
llama2-7b_conv300,2319,33645713000.0,5437470162226.0
llama2-7b_conv300,2320,33645713000.0,5439849627138.0
llama2-7b_conv300,2321,33645713000.0,5442229092050.0
llama2-7b_conv300,2322,33645713000.0,5444608556962.0
llama2-7b_conv300,2323,33645713000.0,5446988021874.0
llama2-7b_conv300,2324,33645713000.0,5449367486786.0
llama2-7b_conv300,2325,33645713000.0,5451746951698.0
llama2-7b_conv300,2326,33748702000.0,5452050870243.0
llama2-7b_conv300,2327,33748702000.0,5452358974900.0
llama2-7b_conv300,2328,33825000000.000004,5452548076015.0
llama2-7b_conv300,2329,33825000000.000004,5454930726079.0
llama2-7b_conv300,2330,33825000000.000004,5457313376143.0
llama2-7b_conv300,2331,33825000000.000004,5459696026207.0
llama2-7b_conv300,2332,33825000000.000004,5462078678319.0
llama2-7b_conv300,2333,33825000000.000004,5464461330431.0
llama2-7b_conv300,2334,33825000000.000004,5466843982543.0
llama2-7b_conv300,2335,33825000000.000004,5469226634655.0
llama2-7b_conv300,2336,33932529000.000004,5469533738870.0
llama2-7b_conv300,2337,33932529000.000004,5469843828554.0
llama2-7b_conv300,2338,33932529000.000004,5470068953934.0
llama2-7b_conv300,2339,33932529000.000004,5472450664734.0
llama2-7b_conv300,2340,33932529000.000004,5474832375534.0
llama2-7b_conv300,2341,33932529000.000004,5477214086334.0
llama2-7b_conv300,2342,33932529000.000004,5479595797134.0
llama2-7b_conv300,2343,33932529000.000004,5481977507934.0
llama2-7b_conv300,2344,33932529000.000004,5484359218734.0
llama2-7b_conv300,2345,33932529000.000004,5486740929534.0
llama2-7b_conv300,2346,33932529000.000004,5489122640334.0
llama2-7b_conv300,2347,33932529000.000004,5491504611230.0
llama2-7b_conv300,2348,33932529000.000004,5493886582126.0
llama2-7b_conv300,2349,33932529000.000004,5496268553022.0
llama2-7b_conv300,2350,33932529000.000004,5498650523918.0
llama2-7b_conv300,2351,33932529000.000004,5501032494814.0
llama2-7b_conv300,2352,33932529000.000004,5503414465710.0
llama2-7b_conv300,2353,33932529000.000004,5505796436606.0
llama2-7b_conv300,2354,33932529000.000004,5508178407502.0
llama2-7b_conv300,2355,33932529000.000004,5510560378398.0
llama2-7b_conv300,2356,33932529000.000004,5512942349294.0
llama2-7b_conv300,2357,33932529000.000004,5515324840382.0
llama2-7b_conv300,2358,33932529000.000004,5517708107662.0
llama2-7b_conv300,2359,33932529000.000004,5520091374942.0
llama2-7b_conv300,2360,33932529000.000004,5522474642222.0
llama2-7b_conv300,2361,33932529000.000004,5524858169598.0
llama2-7b_conv300,2362,33932529000.000004,5527241696974.0
llama2-7b_conv300,2363,33932529000.000004,5529625224350.0
llama2-7b_conv300,2364,33932529000.000004,5532008751726.0
llama2-7b_conv300,2365,33932529000.000004,5534392279102.0
llama2-7b_conv300,2366,33932529000.000004,5536775806478.0
llama2-7b_conv300,2367,33932529000.000004,5539159333854.0
llama2-7b_conv300,2368,33932529000.000004,5541542861230.0
llama2-7b_conv300,2369,33932529000.000004,5543926388606.0
llama2-7b_conv300,2370,33932529000.000004,5546309915982.0
llama2-7b_conv300,2371,33932529000.000004,5548693443358.0
llama2-7b_conv300,2372,33932529000.000004,5551076970734.0
llama2-7b_conv300,2373,33932529000.000004,5553460498110.0
llama2-7b_conv300,2374,33932529000.000004,5555844025486.0
llama2-7b_conv300,2375,33932529000.000004,5558227552862.0
llama2-7b_conv300,2376,33932529000.000004,5560611080238.0
llama2-7b_conv300,2377,33932529000.000004,5562994607614.0
llama2-7b_conv300,2378,33932529000.000004,5565378134990.0
llama2-7b_conv300,2379,33932529000.000004,5567761662366.0
llama2-7b_conv300,2380,33932529000.000004,5570145189742.0
llama2-7b_conv300,2381,33932529000.000004,5572528717118.0
llama2-7b_conv300,2382,33932529000.000004,5574912244494.0
llama2-7b_conv300,2383,33932529000.000004,5577295771870.0
llama2-7b_conv300,2384,33932529000.000004,5579679299246.0
llama2-7b_conv300,2385,33932529000.000004,5582062826622.0
llama2-7b_conv300,2386,33932529000.000004,5584446353998.0
llama2-7b_conv300,2387,33932529000.000004,5586829881374.0
llama2-7b_conv300,2388,33932529000.000004,5589214184942.0
llama2-7b_conv300,2389,33932529000.000004,5591598488510.0
llama2-7b_conv300,2390,33932529000.000004,5593982792078.0
llama2-7b_conv300,2391,33932529000.000004,5596367095646.0
llama2-7b_conv300,2392,33932529000.000004,5598751399214.0
llama2-7b_conv300,2393,33932529000.000004,5601135702782.0
llama2-7b_conv300,2394,33932529000.000004,5603520006350.0
llama2-7b_conv300,2395,34746446000.0,5603828762786.0
llama2-7b_conv300,2396,34746446000.0,5604141705334.0
llama2-7b_conv300,2397,34746446000.0,5606663184534.0
llama2-7b_conv300,2398,34746446000.0,5609050250086.0
llama2-7b_conv300,2399,34746446000.0,5611437315638.0
llama2-7b_conv300,2400,34746446000.0,5613824381190.0
llama2-7b_conv300,2401,34746446000.0,5616211446742.0
llama2-7b_conv300,2402,34746446000.0,5618598512294.0
llama2-7b_conv300,2403,34746446000.0,5620985577846.0
llama2-7b_conv300,2404,34746446000.0,5623372643398.0
llama2-7b_conv300,2405,34746446000.0,5625759708950.0
llama2-7b_conv300,2406,34746446000.0,5628144272614.0
llama2-7b_conv300,2407,34746446000.0,5630528836278.0
llama2-7b_conv300,2408,34746446000.0,5632913399942.0
llama2-7b_conv300,2409,34746446000.0,5635297963606.0
llama2-7b_conv300,2410,34746446000.0,5637682527270.0
llama2-7b_conv300,2411,34746446000.0,5640067090934.0
llama2-7b_conv300,2412,34746446000.0,5642451654598.0
llama2-7b_conv300,2413,34746446000.0,5644836218262.0
llama2-7b_conv300,2414,34746446000.0,5647220781926.0
llama2-7b_conv300,2415,34746446000.0,5649605345590.0
llama2-7b_conv300,2416,34746446000.0,5651989909254.0
llama2-7b_conv300,2417,34746446000.0,5654374472918.0
llama2-7b_conv300,2418,34746446000.0,5656759036582.0
llama2-7b_conv300,2419,34746446000.0,5659143600246.0
llama2-7b_conv300,2420,34746446000.0,5661528163910.0
llama2-7b_conv300,2421,34746446000.0,5663912727574.0
llama2-7b_conv300,2422,34746446000.0,5666297291238.0
llama2-7b_conv300,2423,34746446000.0,5668681854902.0
llama2-7b_conv300,2424,34746446000.0,5671066418566.0
llama2-7b_conv300,2425,34746446000.0,5673450982230.0
llama2-7b_conv300,2426,34746446000.0,5675835545894.0
llama2-7b_conv300,2427,34746446000.0,5678220109558.0
llama2-7b_conv300,2428,34746446000.0,5680604673222.0
llama2-7b_conv300,2429,34746446000.0,5682989236886.0
llama2-7b_conv300,2430,34746446000.0,5685373800550.0
llama2-7b_conv300,2431,34746446000.0,5687758364214.0
llama2-7b_conv300,2432,34746446000.0,5690142927878.0
llama2-7b_conv300,2433,35294069000.0,5698606473106.0
llama2-7b_conv300,2434,35294069000.0,5700992758370.0
llama2-7b_conv300,2435,35294069000.0,5703379043634.0
llama2-7b_conv300,2436,35294069000.0,5705765328898.0
llama2-7b_conv300,2437,35294069000.0,5708151614162.0
llama2-7b_conv300,2438,35294069000.0,5710537899426.0
llama2-7b_conv300,2439,35294069000.0,5712924184690.0
llama2-7b_conv300,2440,35294069000.0,5715310469954.0
llama2-7b_conv300,2441,35294069000.0,5717696755218.0
llama2-7b_conv300,2442,35294069000.0,5720083040482.0
llama2-7b_conv300,2443,35294069000.0,5722469325746.0
llama2-7b_conv300,2444,35294069000.0,5724855611010.0
llama2-7b_conv300,2445,35294069000.0,5727241896274.0
llama2-7b_conv300,2446,35294069000.0,5729628181538.0
llama2-7b_conv300,2447,35294069000.0,5732014466802.0
llama2-7b_conv300,2448,35294069000.0,5734400752066.0
llama2-7b_conv300,2449,35294069000.0,5736787037330.0
llama2-7b_conv300,2450,35294069000.0,5739173322594.0
llama2-7b_conv300,2451,35294069000.0,5741559607858.0
llama2-7b_conv300,2452,35294069000.0,5743945893122.0
llama2-7b_conv300,2453,35294069000.0,5746332438482.0
llama2-7b_conv300,2454,35294069000.0,5748718983842.0
llama2-7b_conv300,2455,35294069000.0,5751105529202.0
llama2-7b_conv300,2456,35294069000.0,5753492074562.0
llama2-7b_conv300,2457,35294069000.0,5755878619922.0
llama2-7b_conv300,2458,35294069000.0,5758265165282.0
llama2-7b_conv300,2459,35294069000.0,5760651710642.0
llama2-7b_conv300,2460,35294069000.0,5763039032194.0
llama2-7b_conv300,2461,35294069000.0,5765426353746.0
llama2-7b_conv300,2462,35294069000.0,5767813675298.0
llama2-7b_conv300,2463,35294069000.0,5770200996850.0
llama2-7b_conv300,2464,35294069000.0,5772588318402.0
llama2-7b_conv300,2465,35294069000.0,5774975639954.0
llama2-7b_conv300,2466,35294069000.0,5777362961506.0
llama2-7b_conv300,2467,35294069000.0,5779750283058.0
llama2-7b_conv300,2468,35294069000.0,5782137604610.0
llama2-7b_conv300,2469,35294069000.0,5784524926162.0
llama2-7b_conv300,2470,35294069000.0,5786912247714.0
llama2-7b_conv300,2471,35294069000.0,5789299569266.0
llama2-7b_conv300,2472,35294069000.0,5791686890818.0
llama2-7b_conv300,2473,35294069000.0,5794074212370.0
llama2-7b_conv300,2474,35294069000.0,5796461533922.0
llama2-7b_conv300,2475,35294069000.0,5798849115570.0
llama2-7b_conv300,2476,35294069000.0,5801236697218.0
llama2-7b_conv300,2477,35294069000.0,5803624278866.0
llama2-7b_conv300,2478,35294069000.0,5806011860514.0
llama2-7b_conv300,2479,35294069000.0,5808399442162.0
llama2-7b_conv300,2480,35294069000.0,5810787023810.0
llama2-7b_conv300,2481,35294069000.0,5813174605458.0
llama2-7b_conv300,2482,35294069000.0,5815562187106.0
llama2-7b_conv300,2483,35294069000.0,5817949768754.0
llama2-7b_conv300,2484,35294069000.0,5820337350402.0
llama2-7b_conv300,2485,35294069000.0,5822724250834.0
llama2-7b_conv300,2486,35294069000.0,5825111411362.0
llama2-7b_conv300,2487,35294069000.0,5827498571890.0
llama2-7b_conv300,2488,35294069000.0,5829885732418.0
llama2-7b_conv300,2489,35294069000.0,5832273153042.0
llama2-7b_conv300,2490,35294069000.0,5834660573666.0
llama2-7b_conv300,2491,35294069000.0,5837047994290.0
llama2-7b_conv300,2492,35294069000.0,5839435414914.0
llama2-7b_conv300,2493,35294069000.0,5841822835538.0
llama2-7b_conv300,2494,35294069000.0,5844210256162.0
llama2-7b_conv300,2495,35294069000.0,5846597676786.0
llama2-7b_conv300,2496,35294069000.0,5848985097410.0
llama2-7b_conv300,2497,36138512000.0,5849296970902.0
llama2-7b_conv300,2498,36138512000.0,5849613030506.0
llama2-7b_conv300,2499,36138512000.0,5850595625658.0
llama2-7b_conv300,2500,36138512000.0,5852985808266.0
llama2-7b_conv300,2501,36138512000.0,5855375990874.0
llama2-7b_conv300,2502,36138512000.0,5857766173482.0
llama2-7b_conv300,2503,36138512000.0,5860156356090.0
llama2-7b_conv300,2504,36138512000.0,5862546538698.0
llama2-7b_conv300,2505,36138512000.0,5864936721306.0
llama2-7b_conv300,2506,36138512000.0,5867326903914.0
llama2-7b_conv300,2507,36138512000.0,5869717086522.0
llama2-7b_conv300,2508,36138512000.0,5872107269130.0
llama2-7b_conv300,2509,36138512000.0,5874497451738.0
llama2-7b_conv300,2510,36138512000.0,5876887634346.0
llama2-7b_conv300,2511,36138512000.0,5879277816954.0
llama2-7b_conv300,2512,36138512000.0,5881667999562.0
llama2-7b_conv300,2513,36138512000.0,5884058182170.0
llama2-7b_conv300,2514,36138512000.0,5886448364778.0
llama2-7b_conv300,2515,36138512000.0,5888838547386.0
llama2-7b_conv300,2516,36138512000.0,5891228990090.0
llama2-7b_conv300,2517,36138512000.0,5893615890522.0
llama2-7b_conv300,2518,36138512000.0,5896002790954.0
llama2-7b_conv300,2519,36138512000.0,5898389691386.0
llama2-7b_conv300,2520,36138512000.0,5900776591818.0
llama2-7b_conv300,2521,36138512000.0,5903163492250.0
llama2-7b_conv300,2522,36520417000.0,5905937392121.0
llama2-7b_conv300,2523,36520417000.0,5908323256265.0
llama2-7b_conv300,2524,36520417000.0,5910709120409.0
llama2-7b_conv300,2525,36520417000.0,5913094984553.0
llama2-7b_conv300,2526,36520417000.0,5915480848697.0
llama2-7b_conv300,2527,36520417000.0,5917866712841.0
llama2-7b_conv300,2528,36520417000.0,5920252576985.0
llama2-7b_conv300,2529,36520417000.0,5922638441129.0
llama2-7b_conv300,2530,36520417000.0,5925024305273.0
llama2-7b_conv300,2531,36520417000.0,5927410169417.0
llama2-7b_conv300,2532,36520417000.0,5929796033561.0
llama2-7b_conv300,2533,36520417000.0,5932181897705.0
llama2-7b_conv300,2534,36520417000.0,5934567761849.0
llama2-7b_conv300,2535,36520417000.0,5936952164489.0
llama2-7b_conv300,2536,36520417000.0,5939336567129.0
llama2-7b_conv300,2537,36520417000.0,5941720969769.0
llama2-7b_conv300,2538,36520417000.0,5944105372409.0
llama2-7b_conv300,2539,36520417000.0,5946489775049.0
llama2-7b_conv300,2540,36520417000.0,5948874177689.0
llama2-7b_conv300,2541,36520417000.0,5951258580329.0
llama2-7b_conv300,2542,36520417000.0,5953642982969.0
llama2-7b_conv300,2543,36520417000.0,5956027385609.0
llama2-7b_conv300,2544,36520417000.0,5958411788249.0
llama2-7b_conv300,2545,36520417000.0,5960796190889.0
llama2-7b_conv300,2546,36520417000.0,5963180593529.0
llama2-7b_conv300,2547,36864739000.0,5963489449802.0
llama2-7b_conv300,2548,36864739000.0,5963802492187.0
llama2-7b_conv300,2549,36864739000.0,5964029358211.0
llama2-7b_conv300,2550,36864739000.0,5966417043027.0
llama2-7b_conv300,2551,36864739000.0,5968804727843.0
llama2-7b_conv300,2552,36864739000.0,5971192412659.0
llama2-7b_conv300,2553,36864739000.0,5973580097475.0
llama2-7b_conv300,2554,36864739000.0,5975967782291.0
llama2-7b_conv300,2555,36864739000.0,5978355467107.0
llama2-7b_conv300,2556,36864739000.0,5980739609651.0
llama2-7b_conv300,2557,36864739000.0,5983123752195.0
llama2-7b_conv300,2558,36864739000.0,5985507894739.0
llama2-7b_conv300,2559,36864739000.0,5987892037283.0
llama2-7b_conv300,2560,36864739000.0,5990276179827.0
llama2-7b_conv300,2561,36864739000.0,5992660322371.0
llama2-7b_conv300,2562,37124806000.0,5995044890131.0
llama2-7b_conv300,2563,37124806000.0,5997429455843.0
llama2-7b_conv300,2564,37124806000.0,5999814021555.0
llama2-7b_conv300,2565,37124806000.0,6002198587267.0
llama2-7b_conv300,2566,37124806000.0,6004581691475.0
llama2-7b_conv300,2567,37124806000.0,6006964795683.0
llama2-7b_conv300,2568,37124806000.0,6009347899891.0
llama2-7b_conv300,2569,37124806000.0,6011731004099.0
llama2-7b_conv300,2570,37124806000.0,6014114108307.0
llama2-7b_conv300,2571,37124806000.0,6016497212515.0
llama2-7b_conv300,2572,37124806000.0,6018880316723.0
llama2-7b_conv300,2573,37124806000.0,6021263420931.0
llama2-7b_conv300,2574,37124806000.0,6023646525139.0
llama2-7b_conv300,2575,37124806000.0,6026030405539.0
llama2-7b_conv300,2576,37124806000.0,6028414285939.0
llama2-7b_conv300,2577,37124806000.0,6030798166339.0
llama2-7b_conv300,2578,37124806000.0,6033182046739.0
llama2-7b_conv300,2579,37124806000.0,6035565927139.0
llama2-7b_conv300,2580,37124806000.0,6037949807539.0
llama2-7b_conv300,2581,37124806000.0,6040333948035.0
llama2-7b_conv300,2582,37124806000.0,6042718088531.0
llama2-7b_conv300,2583,37124806000.0,6045102229027.0
llama2-7b_conv300,2584,37124806000.0,6047486369523.0
llama2-7b_conv300,2585,37124806000.0,6049870510019.0
llama2-7b_conv300,2586,37124806000.0,6052254650515.0
llama2-7b_conv300,2587,37124806000.0,6054638791011.0
llama2-7b_conv300,2588,37124806000.0,6057022931507.0
llama2-7b_conv300,2589,37475965000.0,6057331525636.0
llama2-7b_conv300,2590,37475965000.0,6057644305877.0
llama2-7b_conv300,2591,37475965000.0,6060165350053.0
llama2-7b_conv300,2592,37475965000.0,6062552252533.0
llama2-7b_conv300,2593,37475965000.0,6064939155013.0
llama2-7b_conv300,2594,37475965000.0,6067326317589.0
llama2-7b_conv300,2595,37475965000.0,6069713480165.0
llama2-7b_conv300,2596,37475965000.0,6072100642741.0
llama2-7b_conv300,2597,37475965000.0,6074487805317.0
llama2-7b_conv300,2598,37475965000.0,6076874967893.0
llama2-7b_conv300,2599,37475965000.0,6079262130469.0
llama2-7b_conv300,2600,37475965000.0,6081649293045.0
llama2-7b_conv300,2601,37475965000.0,6084036455621.0
llama2-7b_conv300,2602,37475965000.0,6086423618197.0
llama2-7b_conv300,2603,37475965000.0,6088811040869.0
llama2-7b_conv300,2604,37475965000.0,6091198463541.0
llama2-7b_conv300,2605,37475965000.0,6093585886213.0
llama2-7b_conv300,2606,37475965000.0,6095973308885.0
llama2-7b_conv300,2607,37475965000.0,6098360731557.0
llama2-7b_conv300,2608,37475965000.0,6100748154229.0
llama2-7b_conv300,2609,37475965000.0,6103135576901.0
llama2-7b_conv300,2610,37475965000.0,6105522999573.0
llama2-7b_conv300,2611,37475965000.0,6107910422245.0
llama2-7b_conv300,2612,37475965000.0,6110297844917.0
llama2-7b_conv300,2613,37475965000.0,6112685527685.0
llama2-7b_conv300,2614,37475965000.0,6115073210453.0
llama2-7b_conv300,2615,37475965000.0,6117460893221.0
llama2-7b_conv300,2616,37475965000.0,6119848575989.0
llama2-7b_conv300,2617,37475965000.0,6122236518853.0
llama2-7b_conv300,2618,37475965000.0,6124624461717.0
llama2-7b_conv300,2619,37475965000.0,6127012404581.0
llama2-7b_conv300,2620,37475965000.0,6129400347445.0
llama2-7b_conv300,2621,37475965000.0,6131788290309.0
llama2-7b_conv300,2622,37475965000.0,6134176233173.0
llama2-7b_conv300,2623,37475965000.0,6136560633765.0
llama2-7b_conv300,2624,37475965000.0,6138945034357.0
llama2-7b_conv300,2625,37475965000.0,6141329434949.0
llama2-7b_conv300,2626,37475965000.0,6143713835541.0
llama2-7b_conv300,2627,37475965000.0,6146098236133.0
llama2-7b_conv300,2628,37475965000.0,6148482636725.0
llama2-7b_conv300,2629,37475965000.0,6150867037317.0
llama2-7b_conv300,2630,37475965000.0,6153251437909.0
llama2-7b_conv300,2631,37475965000.0,6155635838501.0
llama2-7b_conv300,2632,37475965000.0,6158020239093.0
llama2-7b_conv300,2633,37475965000.0,6160404639685.0
llama2-7b_conv300,2634,37475965000.0,6162789040277.0
llama2-7b_conv300,2635,37475965000.0,6165173440869.0
llama2-7b_conv300,2636,38154930000.0,6167973421104.0
llama2-7b_conv300,2637,38154930000.0,6170359023104.0
llama2-7b_conv300,2638,38154930000.0,6172744625104.0
llama2-7b_conv300,2639,38154930000.0,6175130227104.0
llama2-7b_conv300,2640,38154930000.0,6177515829104.0
llama2-7b_conv300,2641,38154930000.0,6179901431104.0
llama2-7b_conv300,2642,38154930000.0,6182287033104.0
llama2-7b_conv300,2643,38154930000.0,6184672895200.0
llama2-7b_conv300,2644,38154930000.0,6187058757296.0
llama2-7b_conv300,2645,38154930000.0,6189444619392.0
llama2-7b_conv300,2646,38154930000.0,6191830481488.0
llama2-7b_conv300,2647,38154930000.0,6194216343584.0
llama2-7b_conv300,2648,38154930000.0,6196602465776.0
llama2-7b_conv300,2649,38154930000.0,6198988587968.0
llama2-7b_conv300,2650,38154930000.0,6201374710160.0
llama2-7b_conv300,2651,38154930000.0,6203760832352.0
llama2-7b_conv300,2652,38154930000.0,6206146954544.0
llama2-7b_conv300,2653,38154930000.0,6208533076736.0
llama2-7b_conv300,2654,38392642000.0,6208843651796.0
llama2-7b_conv300,2655,38392642000.0,6209157990565.0
llama2-7b_conv300,2656,38392642000.0,6209476515446.0
llama2-7b_conv300,2657,38392642000.0,6209799226439.0
llama2-7b_conv300,2658,38392642000.0,6210126123544.0
llama2-7b_conv300,2659,38392642000.0,6210457206761.0
llama2-7b_conv300,2660,38392642000.0,6210792476090.0
llama2-7b_conv300,2661,38549044000.0,6211132374734.0
llama2-7b_conv300,2662,38549044000.0,6211452317346.0
llama2-7b_conv300,2663,38549044000.0,6211775399542.0
llama2-7b_conv300,2664,38813332000.0,6212097025613.0
llama2-7b_conv300,2665,38813332000.0,6212422869028.0
llama2-7b_conv300,2666,38813332000.0,6213692993619.0
llama2-7b_conv300,2667,38813332000.0,6216092960803.0
llama2-7b_conv300,2668,38813332000.0,6218492927987.0
llama2-7b_conv300,2669,38813332000.0,6220892895171.0
llama2-7b_conv300,2670,38813332000.0,6223292862355.0
llama2-7b_conv300,2671,38813332000.0,6225692829539.0
llama2-7b_conv300,2672,38813332000.0,6228092796723.0
llama2-7b_conv300,2673,38813332000.0,6230492763907.0
llama2-7b_conv300,2674,38813332000.0,6232892731091.0
llama2-7b_conv300,2675,38813332000.0,6235292698275.0
llama2-7b_conv300,2676,38813332000.0,6237692665459.0
llama2-7b_conv300,2677,39091915000.0,6238017084045.0
llama2-7b_conv300,2678,39091915000.0,6238345948839.0
llama2-7b_conv300,2679,39091915000.0,6238678999745.0
llama2-7b_conv300,2680,39091915000.0,6239016236763.0
llama2-7b_conv300,2681,39091915000.0,6239357659893.0
llama2-7b_conv300,2682,39091915000.0,6239703269135.0
llama2-7b_conv300,2683,39091915000.0,6240053064489.0
llama2-7b_conv300,2684,39091915000.0,6240405845248.0
llama2-7b_conv300,2685,39220584000.0,6240738035482.0
llama2-7b_conv300,2686,39220584000.0,6241074443060.0
llama2-7b_conv300,2687,39324127000.0,6241411649360.0
llama2-7b_conv300,2688,39324127000.0,6241748985196.0
llama2-7b_conv300,2689,39637764000.0,6242090077131.0
llama2-7b_conv300,2690,39645191000.0,6242427579437.0
llama2-7b_conv300,2691,39645191000.0,6242768877199.0
llama2-7b_conv300,2692,39645191000.0,6248664005441.0
llama2-7b_conv300,2693,39645191000.0,6251081522961.0
llama2-7b_conv300,2694,39645191000.0,6253496018401.0
llama2-7b_conv300,2695,39645191000.0,6255910513841.0
llama2-7b_conv300,2696,39645191000.0,6258323547777.0
llama2-7b_conv300,2697,39645191000.0,6260736581713.0
llama2-7b_conv300,2698,39645191000.0,6263149615649.0
llama2-7b_conv300,2699,39645191000.0,6265562649585.0
llama2-7b_conv300,2700,39645191000.0,6267975683521.0
llama2-7b_conv300,2701,39645191000.0,6270388717457.0
llama2-7b_conv300,2702,39645191000.0,6272801751393.0
llama2-7b_conv300,2703,39645191000.0,6275214785329.0
llama2-7b_conv300,2704,39645191000.0,6277627819265.0
llama2-7b_conv300,2705,39645191000.0,6280040853201.0
llama2-7b_conv300,2706,40041867000.0,6282505413473.0
llama2-7b_conv300,2707,40041867000.0,6284918870577.0
llama2-7b_conv300,2708,40041867000.0,6287332327681.0
llama2-7b_conv300,2709,40041867000.0,6289746044881.0
llama2-7b_conv300,2710,40041867000.0,6292159762081.0
llama2-7b_conv300,2711,40041867000.0,6294573739377.0
llama2-7b_conv300,2712,40041867000.0,6296987976769.0
llama2-7b_conv300,2713,40041867000.0,6299402214161.0
llama2-7b_conv300,2714,40041867000.0,6301816451553.0
llama2-7b_conv300,2715,40041867000.0,6304230688945.0
llama2-7b_conv300,2716,40041867000.0,6306644926337.0
llama2-7b_conv300,2717,40041867000.0,6309059163729.0
llama2-7b_conv300,2718,40041867000.0,6311473401121.0
llama2-7b_conv300,2719,40041867000.0,6313887638513.0
llama2-7b_conv300,2720,40041867000.0,6316301875905.0
llama2-7b_conv300,2721,40041867000.0,6318716113297.0
llama2-7b_conv300,2722,40041867000.0,6321121866593.0
llama2-7b_conv300,2723,40041867000.0,6323527879985.0
llama2-7b_conv300,2724,40350634000.0,6323858343248.0
llama2-7b_conv300,2725,40350634000.0,6324192992623.0
llama2-7b_conv300,2726,40350634000.0,6324531828110.0
llama2-7b_conv300,2727,40350634000.0,6324874849709.0
llama2-7b_conv300,2728,40350634000.0,6325222057420.0
llama2-7b_conv300,2729,40479164000.0,6325558371822.0
llama2-7b_conv300,2730,40479164000.0,6325898903632.0
llama2-7b_conv300,2731,40479164000.0,6328405597577.0
llama2-7b_conv300,2732,40479164000.0,6330820256089.0
llama2-7b_conv300,2733,40479164000.0,6333234914601.0
llama2-7b_conv300,2734,40479164000.0,6335649573113.0
llama2-7b_conv300,2735,40479164000.0,6338064231625.0
llama2-7b_conv300,2736,40479164000.0,6340478890137.0
llama2-7b_conv300,2737,40479164000.0,6342893548649.0
llama2-7b_conv300,2738,40479164000.0,6345308207161.0
llama2-7b_conv300,2739,40479164000.0,6347722865673.0
llama2-7b_conv300,2740,40479164000.0,6350137524185.0
llama2-7b_conv300,2741,40479164000.0,6352552182697.0
llama2-7b_conv300,2742,40479164000.0,6354963559033.0
llama2-7b_conv300,2743,40479164000.0,6357366711369.0
llama2-7b_conv300,2744,40479164000.0,6359769863705.0
llama2-7b_conv300,2745,40479164000.0,6362173016041.0
llama2-7b_conv300,2746,40479164000.0,6364576168377.0
llama2-7b_conv300,2747,40479164000.0,6366979320713.0
llama2-7b_conv300,2748,40479164000.0,6369382473049.0
llama2-7b_conv300,2749,40479164000.0,6371785625385.0
llama2-7b_conv300,2750,40479164000.0,6374188777721.0
llama2-7b_conv300,2751,40479164000.0,6376591930057.0
llama2-7b_conv300,2752,40479164000.0,6378995082393.0
llama2-7b_conv300,2753,40479164000.0,6381398234729.0
llama2-7b_conv300,2754,40479164000.0,6383801387065.0
llama2-7b_conv300,2755,40479164000.0,6386204539401.0
llama2-7b_conv300,2756,40479164000.0,6388607691737.0
llama2-7b_conv300,2757,40479164000.0,6391010844073.0
llama2-7b_conv300,2758,40479164000.0,6393413996409.0
llama2-7b_conv300,2759,40479164000.0,6395817148745.0
llama2-7b_conv300,2760,41125873000.0,6398066303283.0
llama2-7b_conv300,2761,41125873000.0,6400469878787.0
llama2-7b_conv300,2762,41125873000.0,6402873456339.0
llama2-7b_conv300,2763,41125873000.0,6405277033891.0
llama2-7b_conv300,2764,41125873000.0,6407680611443.0
llama2-7b_conv300,2765,41125873000.0,6410080646723.0
llama2-7b_conv300,2766,41125873000.0,6412480682003.0
llama2-7b_conv300,2767,41125873000.0,6414880717283.0
llama2-7b_conv300,2768,41125873000.0,6417280752563.0
llama2-7b_conv300,2769,41125873000.0,6419680787843.0
llama2-7b_conv300,2770,41125873000.0,6422080823123.0
llama2-7b_conv300,2771,41125873000.0,6424480858403.0
llama2-7b_conv300,2772,41125873000.0,6426880893683.0
llama2-7b_conv300,2773,41125873000.0,6429280928963.0
llama2-7b_conv300,2774,41125873000.0,6431680964243.0
llama2-7b_conv300,2775,41357391000.0,6437880335038.0
llama2-7b_conv300,2776,41357391000.0,6440281831822.0
llama2-7b_conv300,2777,41357391000.0,6442683328606.0
llama2-7b_conv300,2778,41357391000.0,6445084825390.0
llama2-7b_conv300,2779,41357391000.0,6447480439038.0
llama2-7b_conv300,2780,41357391000.0,6449872510414.0
llama2-7b_conv300,2781,41357391000.0,6452264581790.0
llama2-7b_conv300,2782,41357391000.0,6454656653166.0
llama2-7b_conv300,2783,41357391000.0,6457048724542.0
llama2-7b_conv300,2784,41357391000.0,6459440795918.0
llama2-7b_conv300,2785,41357391000.0,6461832867294.0
llama2-7b_conv300,2786,41357391000.0,6464224938670.0
llama2-7b_conv300,2787,41357391000.0,6466617010046.0
llama2-7b_conv300,2788,41357391000.0,6469009081422.0
llama2-7b_conv300,2789,41357391000.0,6471401152798.0
llama2-7b_conv300,2790,41357391000.0,6473793224174.0
llama2-7b_conv300,2791,41357391000.0,6476185295550.0
llama2-7b_conv300,2792,41357391000.0,6478575907470.0
llama2-7b_conv300,2793,41357391000.0,6480966519390.0
llama2-7b_conv300,2794,41357391000.0,6483357131310.0
llama2-7b_conv300,2795,41357391000.0,6485747743230.0
llama2-7b_conv300,2796,41357391000.0,6488138355150.0
llama2-7b_conv300,2797,41357391000.0,6490528967070.0
llama2-7b_conv300,2798,41357391000.0,6492919578990.0
llama2-7b_conv300,2799,41357391000.0,6495310190910.0
llama2-7b_conv300,2800,41357391000.0,6497700802830.0
llama2-7b_conv300,2801,41357391000.0,6500091414750.0
llama2-7b_conv300,2802,41357391000.0,6502482026670.0
llama2-7b_conv300,2803,41357391000.0,6504872638590.0
llama2-7b_conv300,2804,41357391000.0,6507263250510.0
llama2-7b_conv300,2805,41357391000.0,6509653862430.0
llama2-7b_conv300,2806,41357391000.0,6512044734446.0
llama2-7b_conv300,2807,41357391000.0,6514435606462.0
llama2-7b_conv300,2808,41357391000.0,6516826478478.0
llama2-7b_conv300,2809,41357391000.0,6519217350494.0
llama2-7b_conv300,2810,41357391000.0,6521608222510.0
llama2-7b_conv300,2811,41357391000.0,6523999094526.0
llama2-7b_conv300,2812,41357391000.0,6526389966542.0
llama2-7b_conv300,2813,41357391000.0,6528780838558.0
llama2-7b_conv300,2814,41357391000.0,6531171710574.0
llama2-7b_conv300,2815,41357391000.0,6533562582590.0
llama2-7b_conv300,2816,41357391000.0,6535953454606.0
llama2-7b_conv300,2817,41357391000.0,6538344326622.0
llama2-7b_conv300,2818,41357391000.0,6540735198638.0
llama2-7b_conv300,2819,41357391000.0,6543126070654.0
llama2-7b_conv300,2820,41357391000.0,6545516942670.0
llama2-7b_conv300,2821,41357391000.0,6547907814686.0
llama2-7b_conv300,2822,41357391000.0,6550298686702.0
llama2-7b_conv300,2823,41357391000.0,6552689558718.0
llama2-7b_conv300,2824,41357391000.0,6555080430734.0
llama2-7b_conv300,2825,41357391000.0,6557471302750.0
llama2-7b_conv300,2826,41357391000.0,6559862174766.0
llama2-7b_conv300,2827,41357391000.0,6562253046782.0
llama2-7b_conv300,2828,41357391000.0,6564643918798.0
llama2-7b_conv300,2829,41357391000.0,6567034790814.0
llama2-7b_conv300,2830,41357391000.0,6569425662830.0
llama2-7b_conv300,2831,41357391000.0,6571816534846.0
llama2-7b_conv300,2832,41357391000.0,6574207406862.0
llama2-7b_conv300,2833,41357391000.0,6576598278878.0
llama2-7b_conv300,2834,41357391000.0,6578989150894.0
llama2-7b_conv300,2835,41357391000.0,6581380022910.0
llama2-7b_conv300,2836,41357391000.0,6583770894926.0
llama2-7b_conv300,2837,41357391000.0,6586161766942.0
llama2-7b_conv300,2838,41357391000.0,6588552638958.0
llama2-7b_conv300,2839,41357391000.0,6590943771070.0
llama2-7b_conv300,2840,41357391000.0,6593335163278.0
llama2-7b_conv300,2841,41357391000.0,6595726555486.0
llama2-7b_conv300,2842,41357391000.0,6598117947694.0
llama2-7b_conv300,2843,41357391000.0,6600509339902.0
llama2-7b_conv300,2844,41357391000.0,6602900732110.0
llama2-7b_conv300,2845,41357391000.0,6605292124318.0
llama2-7b_conv300,2846,42334055000.0,6605607967928.0
llama2-7b_conv300,2847,42334055000.0,6605927997650.0
llama2-7b_conv300,2848,42334055000.0,6607997026852.0
llama2-7b_conv300,2849,42334055000.0,6610391181044.0
llama2-7b_conv300,2850,42334055000.0,6612785595332.0
llama2-7b_conv300,2851,42334055000.0,6615180269716.0
llama2-7b_conv300,2852,42334055000.0,6617574944100.0
llama2-7b_conv300,2853,42334055000.0,6619969618484.0
llama2-7b_conv300,2854,42334055000.0,6622364292868.0
llama2-7b_conv300,2855,42334055000.0,6624758967252.0
llama2-7b_conv300,2856,42530625000.0,6625077752307.0
llama2-7b_conv300,2857,42545263000.0,6625398991445.0
llama2-7b_conv300,2858,42545263000.0,6625723401399.0
llama2-7b_conv300,2859,42563820000.0,6626046207257.0
llama2-7b_conv300,2860,42563820000.0,6626370611067.0
llama2-7b_conv300,2861,42685223000.0,6626695131616.0
llama2-7b_conv300,2862,42691238000.0,6627023294728.0
llama2-7b_conv300,2863,42691238000.0,6627351134064.0
llama2-7b_conv300,2864,42715300000.0,6627680198171.0
llama2-7b_conv300,2865,42715300000.0,6628010278534.0
llama2-7b_conv300,2866,42715300000.0,6628344545009.0
llama2-7b_conv300,2867,42808573000.0,6628677347231.0
llama2-7b_conv300,2868,42999747000.0,6629014825552.0
llama2-7b_conv300,2869,42999747000.0,6631471240883.0
llama2-7b_conv300,2870,42999747000.0,6633884213123.0
llama2-7b_conv300,2871,42999747000.0,6636297705555.0
llama2-7b_conv300,2872,42999747000.0,6638711197987.0
llama2-7b_conv300,2873,42999747000.0,6641124265203.0
llama2-7b_conv300,2874,42999747000.0,6643537332419.0
llama2-7b_conv300,2875,43193461000.0,6647545856290.0
llama2-7b_conv300,2876,43193461000.0,6649959348722.0
llama2-7b_conv300,2877,43193461000.0,6652372841154.0
llama2-7b_conv300,2878,43193461000.0,6654786333586.0
llama2-7b_conv300,2879,43193461000.0,6657199826018.0
llama2-7b_conv300,2880,43193461000.0,6659613318450.0
llama2-7b_conv300,2881,43193461000.0,6662026810882.0
llama2-7b_conv300,2882,43193461000.0,6664440303314.0
llama2-7b_conv300,2883,43193461000.0,6666853795746.0
llama2-7b_conv300,2884,43193461000.0,6669267288178.0
llama2-7b_conv300,2885,43193461000.0,6671681040706.0
llama2-7b_conv300,2886,43193461000.0,6674094793234.0
llama2-7b_conv300,2887,43193461000.0,6676508545762.0
llama2-7b_conv300,2888,43193461000.0,6678922558386.0
llama2-7b_conv300,2889,43193461000.0,6681336571010.0
llama2-7b_conv300,2890,43193461000.0,6683751359826.0
llama2-7b_conv300,2891,43193461000.0,6686166148642.0
llama2-7b_conv300,2892,43193461000.0,6688580937458.0
llama2-7b_conv300,2893,43193461000.0,6690995726274.0
llama2-7b_conv300,2894,43193461000.0,6693410515090.0
llama2-7b_conv300,2895,43193461000.0,6695825564002.0
llama2-7b_conv300,2896,43193461000.0,6698240612914.0
llama2-7b_conv300,2897,43193461000.0,6700655661826.0
llama2-7b_conv300,2898,43193461000.0,6703070710738.0
llama2-7b_conv300,2899,43589055000.0,6709181693004.0
llama2-7b_conv300,2900,43609910000.0,6709521769810.0
llama2-7b_conv300,2901,43609910000.0,6709866032728.0
llama2-7b_conv300,2902,43609910000.0,6713918658333.0
llama2-7b_conv300,2903,43609910000.0,6716338451548.0
llama2-7b_conv300,2904,43609910000.0,6718758244763.0
llama2-7b_conv300,2905,43609910000.0,6721178037978.0
llama2-7b_conv300,2906,43791124000.0,6723801262723.0
llama2-7b_conv300,2907,43791124000.0,6726222258138.0
llama2-7b_conv300,2908,43791124000.0,6728643253553.0
llama2-7b_conv300,2909,43791124000.0,6731064248968.0
llama2-7b_conv300,2910,43791124000.0,6733485244383.0
llama2-7b_conv300,2911,43893426000.0,6733829543194.0
llama2-7b_conv300,2912,43893426000.0,6734178028117.0
llama2-7b_conv300,2913,43923071000.0,6734525057003.0
llama2-7b_conv300,2914,43923071000.0,6734876303169.0
llama2-7b_conv300,2915,44040741000.0,6735231184625.0
llama2-7b_conv300,2916,44040741000.0,6735582572705.0
llama2-7b_conv300,2917,44040741000.0,6735938146897.0
llama2-7b_conv300,2918,44061321000.0,6736291218458.0
llama2-7b_conv300,2919,44061321000.0,6736648237027.0
llama2-7b_conv300,2920,44061321000.0,6739214612468.0
llama2-7b_conv300,2921,44061321000.0,6741646753137.0
llama2-7b_conv300,2922,44061321000.0,6744078893806.0
llama2-7b_conv300,2923,44061321000.0,6746507491412.0
llama2-7b_conv300,2924,44061321000.0,6748936089018.0
llama2-7b_conv300,2925,44061321000.0,6751364686624.0
llama2-7b_conv300,2926,44061321000.0,6753793284230.0
llama2-7b_conv300,2927,44061321000.0,6756221881836.0
llama2-7b_conv300,2928,44061321000.0,6758650479442.0
llama2-7b_conv300,2929,44061321000.0,6761079077048.0
llama2-7b_conv300,2930,44061321000.0,6763507674654.0
llama2-7b_conv300,2931,44061321000.0,6765936272260.0
llama2-7b_conv300,2932,44061321000.0,6768364869866.0
llama2-7b_conv300,2933,44061321000.0,6770793467472.0
llama2-7b_conv300,2934,44061321000.0,6773222325174.0
llama2-7b_conv300,2935,44061321000.0,6775651182876.0
llama2-7b_conv300,2936,44061321000.0,6778080040578.0
llama2-7b_conv300,2937,44061321000.0,6780508898280.0
llama2-7b_conv300,2938,44061321000.0,6782937755982.0
llama2-7b_conv300,2939,44061321000.0,6785366613684.0
llama2-7b_conv300,2940,44061321000.0,6787795471386.0
llama2-7b_conv300,2941,44061321000.0,6790224329088.0
llama2-7b_conv300,2942,44061321000.0,6792653186790.0
llama2-7b_conv300,2943,44061321000.0,6795082044492.0
llama2-7b_conv300,2944,44061321000.0,6797510902194.0
llama2-7b_conv300,2945,44061321000.0,6799940019992.0
llama2-7b_conv300,2946,44061321000.0,6802369137790.0
llama2-7b_conv300,2947,44061321000.0,6804798255588.0
llama2-7b_conv300,2948,44061321000.0,6807225911122.0
llama2-7b_conv300,2949,44828079000.0,6807576868520.0
llama2-7b_conv300,2950,44828079000.0,6807932788222.0
llama2-7b_conv300,2951,44828079000.0,6809239590228.0
llama2-7b_conv300,2952,44828079000.0,6811670784698.0
llama2-7b_conv300,2953,44828079000.0,6814101979168.0
llama2-7b_conv300,2954,44828079000.0,6816533173638.0
llama2-7b_conv300,2955,45009757000.0,6816887928630.0
llama2-7b_conv300,2956,45009757000.0,6817246869734.0
llama2-7b_conv300,2957,45025513000.0,6817602132655.0
llama2-7b_conv300,2958,45025513000.0,6817962788472.0
llama2-7b_conv300,2959,45104946000.0,6818328099612.0
llama2-7b_conv300,2960,45104946000.0,6818689943808.0
llama2-7b_conv300,2961,45174957000.0,6819052701273.0
llama2-7b_conv300,2962,45174957000.0,6819417985202.0
llama2-7b_conv300,2963,45246852000.0,6819783530763.0
llama2-7b_conv300,2964,45246852000.0,6820150901604.0
llama2-7b_conv300,2965,45246852000.0,6825979707472.0
llama2-7b_conv300,2966,45502752000.0,6826348006595.0
llama2-7b_conv300,2967,45502752000.0,6826720751926.0
llama2-7b_conv300,2968,45530242000.0,6827093349892.0
llama2-7b_conv300,2969,45530242000.0,6827468590290.0
llama2-7b_conv300,2970,45530242000.0,6827767607241.0
llama2-7b_conv300,2971,45530242000.0,6830244083059.0
llama2-7b_conv300,2972,45530242000.0,6832720558877.0
llama2-7b_conv300,2973,45530242000.0,6835197294791.0
llama2-7b_conv300,2974,45530242000.0,6837674030705.0
llama2-7b_conv300,2975,45530242000.0,6840150766619.0
llama2-7b_conv300,2976,45530242000.0,6842627502533.0
llama2-7b_conv300,2977,45530242000.0,6845104238447.0
llama2-7b_conv300,2978,45530242000.0,6847580974361.0
llama2-7b_conv300,2979,45530242000.0,6850057970371.0
llama2-7b_conv300,2980,45530242000.0,6852534966381.0
llama2-7b_conv300,2981,45530242000.0,6855011962391.0
llama2-7b_conv300,2982,45530242000.0,6857488958401.0
llama2-7b_conv300,2983,45980822000.0,6857864340649.0
llama2-7b_conv300,2984,45980822000.0,6858243909009.0
llama2-7b_conv300,2985,45980822000.0,6858627923577.0
llama2-7b_conv300,2986,45980822000.0,6859015077729.0
llama2-7b_conv300,2987,45980822000.0,6859404957231.0
llama2-7b_conv300,2988,45980822000.0,6859799022845.0
llama2-7b_conv300,2989,46102321000.0,6860179852133.0
llama2-7b_conv300,2990,46102321000.0,6860564882509.0
llama2-7b_conv300,2991,46102321000.0,6860954098997.0
llama2-7b_conv300,2992,46102321000.0,6861346455069.0
llama2-7b_conv300,2993,46102321000.0,6861743257349.0
llama2-7b_conv300,2994,46102321000.0,6862144245741.0
llama2-7b_conv300,2995,46102321000.0,6862549420245.0
llama2-7b_conv300,2996,46102321000.0,6862957734333.0
llama2-7b_conv300,2997,46190439000.0,6863352310527.0
llama2-7b_conv300,2998,46190439000.0,6863744771585.0
llama2-7b_conv300,2999,46230075000.0,6864141365534.0
llama2-7b_conv300,3000,46230075000.0,6864532519968.0
llama2-7b_conv300,3001,46406559000.0,6864927237757.0
llama2-7b_conv300,3002,46406559000.0,6865320106906.0
llama2-7b_conv300,3003,46406559000.0,6865717162167.0
llama2-7b_conv300,3004,46678144000.0,6866110150089.0
llama2-7b_conv300,3005,46678144000.0,6866508037979.0
llama2-7b_conv300,3006,46678144000.0,6866910111981.0
llama2-7b_conv300,3007,46678144000.0,6867316372095.0
llama2-7b_conv300,3008,46678144000.0,6867725771793.0
llama2-7b_conv300,3009,46678144000.0,6868139357603.0
llama2-7b_conv300,3010,46678144000.0,6868557129525.0
llama2-7b_conv300,3011,46678144000.0,6868978041031.0
llama2-7b_conv300,3012,47209725000.0,6869403572787.0
llama2-7b_conv300,3013,47459940000.0,6869809249849.0
llama2-7b_conv300,3014,47459940000.0,6870218122303.0
llama2-7b_conv300,3015,47459940000.0,6870631180869.0
llama2-7b_conv300,3016,47459940000.0,6874356085161.0
llama2-7b_conv300,3017,47734062000.0,6874766406089.0
llama2-7b_conv300,3018,47734062000.0,6875180913129.0
llama2-7b_conv300,3019,47734062000.0,6875505891171.0
llama2-7b_conv300,3020,47734062000.0,6878021119336.0
llama2-7b_conv300,3021,47734062000.0,6880536347501.0
llama2-7b_conv300,3022,47925302000.0,6880949949863.0
llama2-7b_conv300,3023,47925302000.0,6881367998433.0
llama2-7b_conv300,3024,48032991000.0,6881775847451.0
llama2-7b_conv300,3025,48032991000.0,6882186867285.0
llama2-7b_conv300,3026,48045529000.0,6882599705770.0
llama2-7b_conv300,3027,48045529000.0,6883012174143.0
llama2-7b_conv300,3028,48045529000.0,6883428828628.0
llama2-7b_conv300,3029,48045529000.0,6883849929321.0
llama2-7b_conv300,3030,48045529000.0,6884274429694.0
llama2-7b_conv300,3031,48045529000.0,6884703116179.0
llama2-7b_conv300,3032,48045529000.0,6885136248872.0
llama2-7b_conv300,3033,48045529000.0,6885572521149.0
llama2-7b_conv300,3034,48045529000.0,6886013239634.0
llama2-7b_conv300,3035,48134608000.0,6886430731239.0
llama2-7b_conv300,3036,48134608000.0,6886853615740.0
llama2-7b_conv300,3037,48296375000.0,6887277462827.0
llama2-7b_conv300,3038,48709657000.0,6887700693748.0
llama2-7b_conv300,3039,48709657000.0,6888128070589.0
llama2-7b_conv300,3040,48709657000.0,6890843365040.0
llama2-7b_conv300,3041,48709657000.0,6893371208914.0
llama2-7b_conv300,3042,48709657000.0,6895899052788.0
llama2-7b_conv300,3043,48995607000.0,6896325264856.0
llama2-7b_conv300,3044,48995607000.0,6896755663036.0
llama2-7b_conv300,3045,48995607000.0,6899394364982.0
llama2-7b_conv300,3046,48995607000.0,6901925231728.0
llama2-7b_conv300,3047,48995607000.0,6904456098474.0
llama2-7b_conv300,3048,48995607000.0,6906980301004.0
llama2-7b_conv300,3049,49227038000.0,6909578045679.0
llama2-7b_conv300,3050,49227038000.0,6912102674217.0
llama2-7b_conv300,3051,49227038000.0,6914627302755.0
llama2-7b_conv300,3052,49227038000.0,6917149688709.0
llama2-7b_conv300,3053,49227038000.0,6919672074663.0
llama2-7b_conv300,3054,49227038000.0,6922194720713.0
llama2-7b_conv300,3055,49227038000.0,6924717366763.0
llama2-7b_conv300,3056,49227038000.0,6927240012813.0
llama2-7b_conv300,3057,49227038000.0,6929762658863.0
llama2-7b_conv300,3058,49227038000.0,6932281761882.0
llama2-7b_conv300,3059,49227038000.0,6934797061742.0
llama2-7b_conv300,3060,49227038000.0,6937312361602.0
llama2-7b_conv300,3061,49227038000.0,6939815373447.0
llama2-7b_conv300,3062,49561183000.0,6942798340296.0
llama2-7b_conv300,3063,49587457000.0,6943200927069.0
llama2-7b_conv300,3064,49587457000.0,6943607699954.0
llama2-7b_conv300,3065,49660912000.0,6944010800801.0
llama2-7b_conv300,3066,49660912000.0,6944419288400.0
llama2-7b_conv300,3067,49724480000.0,6944826852761.0
llama2-7b_conv300,3068,49724480000.0,6945238627938.0
llama2-7b_conv300,3069,49742685000.0,6945649473414.0
llama2-7b_conv300,3070,49742685000.0,6946061916778.0
llama2-7b_conv300,3071,49742691000.0,6946476193192.0
llama2-7b_conv300,3072,49742691000.0,6946891127526.0
llama2-7b_conv300,3073,49832434000.0,6947307542655.0
llama2-7b_conv300,3074,49832434000.0,6947725238232.0
llama2-7b_conv300,3075,49878430000.0,6948144455563.0
llama2-7b_conv300,3076,49878430000.0,6948565430526.0
llama2-7b_conv300,3077,49878430000.0,6948987050071.0
llama2-7b_conv300,3078,50228524000.0,6949404465098.0
llama2-7b_conv300,3079,50228524000.0,6949827273021.0
llama2-7b_conv300,3080,50486136000.0,6950249675530.0
llama2-7b_conv300,3081,50486136000.0,6950671443069.0
llama2-7b_conv300,3082,50486136000.0,6953434167807.0
llama2-7b_conv300,3083,50657657000.0,6953853763137.0
llama2-7b_conv300,3084,50657657000.0,6954277307971.0
llama2-7b_conv300,3085,50657657000.0,6954704252485.0
llama2-7b_conv300,3086,50741785000.0,6955132444322.0
llama2-7b_conv300,3087,50741785000.0,6955558069924.0
llama2-7b_conv300,3088,50894221000.0,6955986315009.0
llama2-7b_conv300,3089,50894221000.0,6956415222110.0
llama2-7b_conv300,3090,50894221000.0,6956848575419.0
llama2-7b_conv300,3091,50908333000.0,6957279286936.0
llama2-7b_conv300,3092,50908333000.0,6957714190581.0
llama2-7b_conv300,3093,50995179000.0,6958143695186.0
llama2-7b_conv300,3094,51121242000.0,6958577404809.0
llama2-7b_conv300,3095,51121242000.0,6959005539814.0
llama2-7b_conv300,3096,51121242000.0,6963542281688.0
llama2-7b_conv300,3097,51365096000.0,6963971074639.0
llama2-7b_conv300,3098,51365096000.0,6964404053702.0
llama2-7b_conv300,3099,51479026000.0,6964834372438.0
llama2-7b_conv300,3100,51479026000.0,6965268019686.0
llama2-7b_conv300,3101,51479026000.0,6965583343881.0
llama2-7b_conv300,3102,51621416000.0,6966017399220.0
llama2-7b_conv300,3103,51678347000.0,6966452929209.0
llama2-7b_conv300,3104,51678347000.0,6966890272190.0
llama2-7b_conv300,3105,51678347000.0,6967330754755.0
llama2-7b_conv300,3106,51678347000.0,6969861127848.0
llama2-7b_conv300,3107,51678347000.0,6972427307843.0
llama2-7b_conv300,3108,51678347000.0,6974990204903.0
llama2-7b_conv300,3109,51940252000.0,6977671021170.0
llama2-7b_conv300,3110,51940252000.0,6980234344205.0
llama2-7b_conv300,3111,51940252000.0,6982797667240.0
llama2-7b_conv300,3112,51940252000.0,6985360990275.0
llama2-7b_conv300,3113,51940252000.0,6987924313310.0
llama2-7b_conv300,3114,51940252000.0,6990487636345.0
llama2-7b_conv300,3115,52120220000.0,6990920555646.0
llama2-7b_conv300,3116,52120220000.0,6991350287063.0
llama2-7b_conv300,3117,52227631000.0,6991785967607.0
llama2-7b_conv300,3118,52227631000.0,6992226094359.0
llama2-7b_conv300,3119,52248622000.0,6992669864593.0
llama2-7b_conv300,3120,52248622000.0,6993109346763.0
llama2-7b_conv300,3121,52248622000.0,6993553535237.0
llama2-7b_conv300,3122,52257840000.0,6993996794010.0
llama2-7b_conv300,3123,52257840000.0,6996390039032.0
llama2-7b_conv300,3124,52257840000.0,6997501992762.0
llama2-7b_conv300,3125,52257840000.0,6998613946492.0
llama2-7b_conv300,3126,52257840000.0,6999726160318.0
llama2-7b_conv300,3127,52257840000.0,7000838374144.0
llama2-7b_conv300,3128,52257840000.0,7001950587970.0
llama2-7b_conv300,3129,52257840000.0,7003062801796.0
llama2-7b_conv300,3130,52257840000.0,7004175275718.0
llama2-7b_conv300,3131,52257840000.0,7005287749640.0
llama2-7b_conv300,3132,52257840000.0,7006397200210.0
llama2-7b_conv300,3133,52257840000.0,7007507426972.0
llama2-7b_conv300,3134,52883306000.0,7007949666353.0
llama2-7b_conv300,3135,52883306000.0,7008375304242.0
llama2-7b_conv300,3136,52883306000.0,7009488034164.0
llama2-7b_conv300,3137,52883306000.0,7010601800374.0
llama2-7b_conv300,3138,52883306000.0,7011715566584.0
llama2-7b_conv300,3139,52883306000.0,7012827089730.0
llama2-7b_conv300,3140,52883306000.0,7013938612876.0
llama2-7b_conv300,3141,53143328000.0,7017010997482.0
llama2-7b_conv300,3142,53172040000.0,7017455217817.0
llama2-7b_conv300,3143,53172040000.0,7017903624264.0
llama2-7b_conv300,3144,53172040000.0,7020560324609.0
llama2-7b_conv300,3145,53172040000.0,7021675557786.0
llama2-7b_conv300,3146,53172040000.0,7022790790963.0
llama2-7b_conv300,3147,53172040000.0,7023905081461.0
llama2-7b_conv300,3148,53172040000.0,7025019371959.0
llama2-7b_conv300,3149,53172040000.0,7026133922553.0
llama2-7b_conv300,3150,53172040000.0,7027248473147.0
llama2-7b_conv300,3151,53172040000.0,7028363283837.0
llama2-7b_conv300,3152,53172040000.0,7029478354623.0
llama2-7b_conv300,3153,53563248000.0,7032230656561.0
llama2-7b_conv300,3154,53563248000.0,7033346414026.0
llama2-7b_conv300,3155,53563248000.0,7034462431587.0
llama2-7b_conv300,3156,53563248000.0,7035578449148.0
llama2-7b_conv300,3157,53563248000.0,7036694726805.0
llama2-7b_conv300,3158,53706456000.0,7037143789150.0
llama2-7b_conv300,3159,53706456000.0,7037597813799.0
llama2-7b_conv300,3160,53706456000.0,7039957083934.0
llama2-7b_conv300,3161,53706456000.0,7041077677294.0
llama2-7b_conv300,3162,53706456000.0,7042198270654.0
llama2-7b_conv300,3163,53706456000.0,7043318864014.0
llama2-7b_conv300,3164,53706456000.0,7044439457374.0
llama2-7b_conv300,3165,53706456000.0,7045560310830.0
llama2-7b_conv300,3166,53992761000.0,7048257926104.0
llama2-7b_conv300,3167,54022464000.0,7048711470614.0
llama2-7b_conv300,3168,54022464000.0,7049169201236.0
llama2-7b_conv300,3169,54117659000.0,7049630800749.0
llama2-7b_conv300,3170,54117659000.0,7050087886790.0
llama2-7b_conv300,3171,54117659000.0,7050549158943.0
llama2-7b_conv300,3172,54117659000.0,7052759178309.0
llama2-7b_conv300,3173,54117659000.0,7055428743356.0
llama2-7b_conv300,3174,54117659000.0,7058098568499.0
llama2-7b_conv300,3175,54117659000.0,7060768653738.0
llama2-7b_conv300,3176,54117659000.0,7063438738977.0
llama2-7b_conv300,3177,54117659000.0,7066108824216.0
llama2-7b_conv300,3178,54117659000.0,7068779169551.0
llama2-7b_conv300,3179,54117659000.0,7071449514886.0
llama2-7b_conv300,3180,54117659000.0,7074120120317.0
llama2-7b_conv300,3181,54117659000.0,7076790725748.0
llama2-7b_conv300,3182,54117659000.0,7079461331179.0
llama2-7b_conv300,3183,54117659000.0,7082130473770.0
llama2-7b_conv300,3184,54117659000.0,7084799616361.0
llama2-7b_conv300,3185,54117659000.0,7087468758952.0
llama2-7b_conv300,3186,54117659000.0,7090137901543.0
llama2-7b_conv300,3187,54117659000.0,7091264123407.0
llama2-7b_conv300,3188,54117659000.0,7092390865463.0
llama2-7b_conv300,3189,54117659000.0,7093517607519.0
llama2-7b_conv300,3190,54117659000.0,7094642886703.0
llama2-7b_conv300,3191,54117659000.0,7095768165887.0
llama2-7b_conv300,3192,54117659000.0,7096893445071.0
llama2-7b_conv300,3193,54117659000.0,7098018724255.0
llama2-7b_conv300,3194,54117659000.0,7099144003439.0
llama2-7b_conv300,3195,54117659000.0,7100269282623.0
llama2-7b_conv300,3196,54117659000.0,7101394561807.0
llama2-7b_conv300,3197,55083021000.0,7101852107507.0
llama2-7b_conv300,3198,55083021000.0,7102313839319.0
llama2-7b_conv300,3199,55110396000.0,7102774641429.0
llama2-7b_conv300,3200,55110396000.0,7106765707931.0
llama2-7b_conv300,3201,55110396000.0,7109438487770.0
llama2-7b_conv300,3202,55339650000.0,7109901812019.0
llama2-7b_conv300,3203,55339650000.0,7110369582476.0
llama2-7b_conv300,3204,55339650000.0,7110715226682.0
llama2-7b_conv300,3205,55339650000.0,7113391810225.0
llama2-7b_conv300,3206,55339650000.0,7116068393768.0
llama2-7b_conv300,3207,55339650000.0,7118744977311.0
llama2-7b_conv300,3208,55339650000.0,7121421560854.0
llama2-7b_conv300,3209,55339650000.0,7124098144397.0
llama2-7b_conv300,3210,55339650000.0,7126774727940.0
llama2-7b_conv300,3211,55339650000.0,7129451571579.0
llama2-7b_conv300,3212,55339650000.0,7132128415218.0
llama2-7b_conv300,3213,55339650000.0,7134805518953.0
llama2-7b_conv300,3214,55339650000.0,7137482622688.0
llama2-7b_conv300,3215,55339650000.0,7140159986519.0
llama2-7b_conv300,3216,55339650000.0,7142837870542.0
llama2-7b_conv300,3217,55339650000.0,7145516014661.0
llama2-7b_conv300,3218,55339650000.0,7148194158780.0
llama2-7b_conv300,3219,55339650000.0,7150872562995.0
llama2-7b_conv300,3220,55339650000.0,7153550967210.0
llama2-7b_conv300,3221,55339650000.0,7156229371425.0
llama2-7b_conv300,3222,55339650000.0,7158909072024.0
llama2-7b_conv300,3223,55339650000.0,7161588772623.0
llama2-7b_conv300,3224,55339650000.0,7164268733318.0
llama2-7b_conv300,3225,55339650000.0,7166948954109.0
llama2-7b_conv300,3226,55339650000.0,7169629174900.0
llama2-7b_conv300,3227,55339650000.0,7172309395691.0
llama2-7b_conv300,3228,55339650000.0,7174989616482.0
llama2-7b_conv300,3229,55339650000.0,7177669837273.0
llama2-7b_conv300,3230,55339650000.0,7180349631512.0
llama2-7b_conv300,3231,55339650000.0,7183029425751.0
llama2-7b_conv300,3232,55339650000.0,7185709219990.0
llama2-7b_conv300,3233,55339650000.0,7188389014229.0
llama2-7b_conv300,3234,55339650000.0,7191068808468.0
llama2-7b_conv300,3235,55339650000.0,7193748862803.0
llama2-7b_conv300,3236,55339650000.0,7196429177234.0
llama2-7b_conv300,3237,55339650000.0,7199109491665.0
llama2-7b_conv300,3238,55339650000.0,7201789806096.0
llama2-7b_conv300,3239,55339650000.0,7204470120527.0
llama2-7b_conv300,3240,56587820000.0,7204937697933.0
llama2-7b_conv300,3241,56587820000.0,7205409461451.0
llama2-7b_conv300,3242,56587820000.0,7209517487557.0
llama2-7b_conv300,3243,56587820000.0,7212197801988.0
llama2-7b_conv300,3244,56587820000.0,7214878116419.0
llama2-7b_conv300,3245,56587820000.0,7217558690946.0
llama2-7b_conv300,3246,56587820000.0,7220239525569.0
llama2-7b_conv300,3247,56587820000.0,7222920360192.0
llama2-7b_conv300,3248,56587820000.0,7225601454911.0
llama2-7b_conv300,3249,56587820000.0,7228283069822.0
llama2-7b_conv300,3250,56965420000.0,7228754969047.0
llama2-7b_conv300,3251,56965420000.0,7229231054384.0
llama2-7b_conv300,3252,56965420000.0,7237841490968.0
llama2-7b_conv300,3253,56965420000.0,7240526129295.0
llama2-7b_conv300,3254,56965420000.0,7243211287814.0
llama2-7b_conv300,3255,57217515000.0,7243681726276.0
llama2-7b_conv300,3256,57217515000.0,7244156350850.0
llama2-7b_conv300,3257,57280079000.0,7244628212763.0
llama2-7b_conv300,3258,57280079000.0,7245103765620.0
llama2-7b_conv300,3259,57414624000.0,7245579560231.0
llama2-7b_conv300,3260,57414624000.0,7246056827802.0
llama2-7b_conv300,3261,57452439000.0,7246537947431.0
llama2-7b_conv300,3262,57452439000.0,7247016929780.0
llama2-7b_conv300,3263,57452439000.0,7247500098241.0
llama2-7b_conv300,3264,57492631000.0,7247982101160.0
llama2-7b_conv300,3265,57492631000.0,7248467504527.0
llama2-7b_conv300,3266,57503945000.0,7248946821634.0
llama2-7b_conv300,3267,57511147000.0,7249425111247.0
llama2-7b_conv300,3268,57511147000.0,7249908793756.0
llama2-7b_conv300,3269,57577696000.0,7250386042985.0
llama2-7b_conv300,3270,57577696000.0,7250868685110.0
llama2-7b_conv300,3271,57780753000.0,7251345754051.0
llama2-7b_conv300,3272,57780753000.0,7251826569360.0
llama2-7b_conv300,3273,57780753000.0,7252310784349.0
llama2-7b_conv300,3274,57780753000.0,7252799185450.0
llama2-7b_conv300,3275,57780753000.0,7253290986231.0
llama2-7b_conv300,3276,57780753000.0,7253786973124.0
llama2-7b_conv300,3277,57780753000.0,7254286619793.0
llama2-7b_conv300,3278,57780753000.0,7254790452574.0
llama2-7b_conv300,3279,57780753000.0,7255297424939.0
llama2-7b_conv300,3280,58265729000.0,7255799488274.0
llama2-7b_conv300,3281,58464914000.0,7256277426163.0
llama2-7b_conv300,3282,58464914000.0,7258978323815.0
llama2-7b_conv300,3283,58464914000.0,7261679741659.0
llama2-7b_conv300,3284,58464914000.0,7264377876024.0
llama2-7b_conv300,3285,58464914000.0,7267076270485.0
llama2-7b_conv300,3286,58464914000.0,7269767577699.0
llama2-7b_conv300,3287,58464914000.0,7272459145009.0
llama2-7b_conv300,3288,58464914000.0,7275150972415.0
llama2-7b_conv300,3289,58464914000.0,7277843059917.0
llama2-7b_conv300,3290,58464914000.0,7280535147419.0
llama2-7b_conv300,3291,58464914000.0,7283226032146.0
llama2-7b_conv300,3292,58464914000.0,7285916916873.0
llama2-7b_conv300,3293,58464914000.0,7288608321792.0
llama2-7b_conv300,3294,58464914000.0,7291299986807.0
llama2-7b_conv300,3295,58464914000.0,7293991651822.0
llama2-7b_conv300,3296,58464914000.0,7296683316837.0
llama2-7b_conv300,3297,58464914000.0,7299375241948.0
llama2-7b_conv300,3298,58464914000.0,7302067167059.0
llama2-7b_conv300,3299,58464914000.0,7304755548562.0
llama2-7b_conv300,3300,58464914000.0,7307443930065.0
llama2-7b_conv300,3301,58464914000.0,7310132571664.0
llama2-7b_conv300,3302,58464914000.0,7312821473359.0
llama2-7b_conv300,3303,58464914000.0,7315510635150.0
llama2-7b_conv300,3304,58464914000.0,7318199796941.0
llama2-7b_conv300,3305,58464914000.0,7320888958732.0
llama2-7b_conv300,3306,58464914000.0,7322034939700.0
llama2-7b_conv300,3307,58464914000.0,7323180920668.0
llama2-7b_conv300,3308,58464914000.0,7324327161732.0
llama2-7b_conv300,3309,58464914000.0,7325473402796.0
llama2-7b_conv300,3310,58464914000.0,7326619643860.0
llama2-7b_conv300,3311,58464914000.0,7327765884924.0
llama2-7b_conv300,3312,58464914000.0,7328912125988.0
llama2-7b_conv300,3313,58464914000.0,7330058367052.0
llama2-7b_conv300,3314,58464914000.0,7331201064476.0
llama2-7b_conv300,3315,58464914000.0,7332343761900.0
llama2-7b_conv300,3316,59993520000.0,7332701902863.0
llama2-7b_conv300,3317,59993520000.0,7333842783711.0
llama2-7b_conv300,3318,59993520000.0,7334983664559.0
llama2-7b_conv300,3319,59993520000.0,7336124545407.0
llama2-7b_conv300,3320,59993520000.0,7337262760641.0
llama2-7b_conv300,3321,59993520000.0,7338400975875.0
llama2-7b_conv300,3322,60172200000.0,7338871201714.0
llama2-7b_conv300,3323,60172200000.0,7339345613665.0
llama2-7b_conv300,3324,60183596000.0,7339808601424.0
llama2-7b_conv300,3325,60183596000.0,7340271656677.0
llama2-7b_conv300,3326,60426171000.0,7340735826068.0
llama2-7b_conv300,3327,60426171000.0,7341199135273.0
llama2-7b_conv300,3328,60426171000.0,7341663865187.0
llama2-7b_conv300,3329,60426171000.0,7342133041309.0
llama2-7b_conv300,3330,60648144000.0,7342601642034.0
llama2-7b_conv300,3331,60648144000.0,7347444544291.0
llama2-7b_conv300,3332,60648144000.0,7348578853989.0
llama2-7b_conv300,3333,60778525000.0,7351246308333.0
llama2-7b_conv300,3334,60831569000.0,7351713053110.0
llama2-7b_conv300,3335,60831569000.0,7352183983999.0
llama2-7b_conv300,3336,60872432000.0,7352650976611.0
llama2-7b_conv300,3337,60872432000.0,7353123362119.0
llama2-7b_conv300,3338,60872432000.0,7355780295923.0
llama2-7b_conv300,3339,60872432000.0,7356920298779.0
llama2-7b_conv300,3340,61145266000.0,7357392306009.0
llama2-7b_conv300,3341,61145266000.0,7357865217853.0
llama2-7b_conv300,3342,61263537000.0,7358334451579.0
llama2-7b_conv300,3343,61263537000.0,7358809078201.0
llama2-7b_conv300,3344,61285563000.0,7359284126738.0
llama2-7b_conv300,3345,61285563000.0,7359760201835.0
llama2-7b_conv300,3346,61285563000.0,7360235614889.0
llama2-7b_conv300,3347,61294115000.0,7360709832002.0
llama2-7b_conv300,3348,61294115000.0,7361187219867.0
llama2-7b_conv300,3349,61294115000.0,7363873649298.0
llama2-7b_conv300,3350,61294115000.0,7366560116489.0
llama2-7b_conv300,3351,61294115000.0,7369244080456.0
llama2-7b_conv300,3352,61764605000.0,7369718328737.0
llama2-7b_conv300,3353,61764605000.0,7370193741791.0
llama2-7b_conv300,3354,61838028000.0,7370665753170.0
llama2-7b_conv300,3355,61838028000.0,7371141996741.0
llama2-7b_conv300,3356,61906835000.0,7371612853624.0
llama2-7b_conv300,3357,61928694000.0,7372085171269.0
llama2-7b_conv300,3358,61928694000.0,7372563662098.0
llama2-7b_conv300,3359,62174486000.0,7373042877945.0
llama2-7b_conv300,3360,62174486000.0,7373512452690.0
llama2-7b_conv300,3361,62174486000.0,7373986213547.0
llama2-7b_conv300,3362,62276484000.0,7374460314462.0
llama2-7b_conv300,3363,62276484000.0,7374933430737.0
llama2-7b_conv300,3364,62276484000.0,7375410993220.0
llama2-7b_conv300,3365,62482331000.0,7375882539063.0
llama2-7b_conv300,3366,62482331000.0,7376357228202.0
llama2-7b_conv300,3367,62482331000.0,7376741662209.0
llama2-7b_conv300,3368,62482331000.0,7379424230008.0
llama2-7b_conv300,3369,62482331000.0,7382106797807.0
llama2-7b_conv300,3370,62482331000.0,7384788162862.0
llama2-7b_conv300,3371,62482331000.0,7387469788013.0
llama2-7b_conv300,3372,62843126000.0,7387941697478.0
llama2-7b_conv300,3373,62843126000.0,7388417793055.0
llama2-7b_conv300,3374,62843126000.0,7390870151473.0
llama2-7b_conv300,3375,62843126000.0,7393554539944.0
llama2-7b_conv300,3376,63043028000.0,7396239894481.0
llama2-7b_conv300,3377,63043028000.0,7398925227679.0
llama2-7b_conv300,3378,63112742000.0,7405365951316.0
llama2-7b_conv300,3379,63112742000.0,7408053267545.0
llama2-7b_conv300,3380,63112742000.0,7410739381031.0
llama2-7b_conv300,3381,63112742000.0,7413425754613.0
llama2-7b_conv300,3382,63112742000.0,7416112388291.0
llama2-7b_conv300,3383,63112742000.0,7418794698042.0
llama2-7b_conv300,3384,63112742000.0,7421477007793.0
llama2-7b_conv300,3385,63112742000.0,7424159577640.0
llama2-7b_conv300,3386,63112742000.0,7426842407583.0
llama2-7b_conv300,3387,63112742000.0,7429525237526.0
llama2-7b_conv300,3388,63112742000.0,7432208327565.0
llama2-7b_conv300,3389,63112742000.0,7434891417604.0
llama2-7b_conv300,3390,63112742000.0,7437571224131.0
llama2-7b_conv300,3391,63112742000.0,7440251806850.0
llama2-7b_conv300,3392,63112742000.0,7442933425857.0
llama2-7b_conv300,3393,63597893000.0,7443405589274.0
llama2-7b_conv300,3394,63597893000.0,7443878137176.0
llama2-7b_conv300,3395,63597893000.0,7444231573480.0
llama2-7b_conv300,3396,63597893000.0,7446912672295.0
llama2-7b_conv300,3397,63597893000.0,7449593771110.0
llama2-7b_conv300,3398,63597893000.0,7450730128526.0
llama2-7b_conv300,3399,63597893000.0,7451863202398.0
llama2-7b_conv300,3400,63597893000.0,7452996276270.0
llama2-7b_conv300,3401,63597893000.0,7454129870334.0
llama2-7b_conv300,3402,63597893000.0,7455263464398.0
llama2-7b_conv300,3403,63597893000.0,7456397058462.0
llama2-7b_conv300,3404,63597893000.0,7457530652526.0
llama2-7b_conv300,3405,63597893000.0,7458664766782.0
llama2-7b_conv300,3406,63597893000.0,7459798881038.0
llama2-7b_conv300,3407,64095402000.00001,7464215844614.0
llama2-7b_conv300,3408,64095402000.00001,7465350385454.0
llama2-7b_conv300,3409,64095402000.00001,7466485186390.0
llama2-7b_conv300,3410,64186733000.0,7466948192058.0
llama2-7b_conv300,3411,64186733000.0,7467415643934.0
llama2-7b_conv300,3412,64186733000.0,7470101276621.0
llama2-7b_conv300,3413,64186733000.0,7471235299317.0
llama2-7b_conv300,3414,64186733000.0,7472369322013.0
llama2-7b_conv300,3415,64186733000.0,7473503344709.0
llama2-7b_conv300,3416,64186733000.0,7474637367405.0
llama2-7b_conv300,3417,64186733000.0,7475771650197.0
llama2-7b_conv300,3418,64186733000.0,7476905932989.0
llama2-7b_conv300,3419,64186733000.0,7478040475877.0
llama2-7b_conv300,3420,64186733000.0,7479175278861.0
llama2-7b_conv300,3421,64186733000.0,7480310341941.0
llama2-7b_conv300,3422,64186733000.0,7481445405021.0
llama2-7b_conv300,3423,64186733000.0,7482576404269.0
llama2-7b_conv300,3424,64186733000.0,7483703599814.0
llama2-7b_conv300,3425,64186733000.0,7484831055455.0
llama2-7b_conv300,3426,64186733000.0,7485958511096.0
llama2-7b_conv300,3427,64186733000.0,7487084503866.0
llama2-7b_conv300,3428,64186733000.0,7488210496636.0
llama2-7b_conv300,3429,64186733000.0,7489335286726.0
llama2-7b_conv300,3430,64888310000.00001,7493068147272.0
llama2-7b_conv300,3431,64910998000.00001,7496927419105.0
llama2-7b_conv300,3432,64940790000.00001,7497385794693.0
llama2-7b_conv300,3433,64940790000.00001,7497845165161.0
llama2-7b_conv300,3434,64940790000.00001,7498308981837.0
llama2-7b_conv300,3435,64940790000.00001,7498775938097.0
llama2-7b_conv300,3436,64940790000.00001,7499247080469.0
llama2-7b_conv300,3437,64940790000.00001,7499721362425.0
llama2-7b_conv300,3438,64940790000.00001,7500199832541.0
llama2-7b_conv300,3439,64940790000.00001,7500679981478.0
llama2-7b_conv300,3440,64940790000.00001,7501160514901.0
llama2-7b_conv300,3441,64990268000.0,7501644667166.0
llama2-7b_conv300,3442,65064085000.00001,7502106518759.0
llama2-7b_conv300,3443,65064085000.00001,7502571715248.0
llama2-7b_conv300,3444,65064085000.00001,7503037029983.0
llama2-7b_conv300,3445,65064156000.0,7503500894376.0
llama2-7b_conv300,3446,65064156000.0,7503967923825.0
llama2-7b_conv300,3447,65066011000.0,7504433241173.0
llama2-7b_conv300,3448,65066011000.0,7504900524574.0
llama2-7b_conv300,3449,65531595999.99999,7505366554652.0
llama2-7b_conv300,3450,65531595999.99999,7505834410586.0
llama2-7b_conv300,3451,65531595999.99999,7506306452632.0
llama2-7b_conv300,3452,65715096000.0,7506777564977.0
llama2-7b_conv300,3453,65715096000.0,7507246993775.0
llama2-7b_conv300,3454,65786250999.99999,7507715953608.0
llama2-7b_conv300,3455,65786250999.99999,7508188659745.0
llama2-7b_conv300,3456,66310171000.0,7508659899540.0
llama2-7b_conv300,3457,66310171000.0,7509135366919.0
llama2-7b_conv300,3458,66310171000.0,7509614233978.0
llama2-7b_conv300,3459,66310171000.0,7510093745619.0
llama2-7b_conv300,3460,66310171000.0,7510576656940.0
llama2-7b_conv300,3461,66403490000.00001,7511054742661.0
llama2-7b_conv300,3462,66403490000.00001,7511527962846.0
llama2-7b_conv300,3463,66403490000.00001,7512001827612.0
llama2-7b_conv300,3464,66511613000.0,7512471227765.0
llama2-7b_conv300,3465,66511613000.0,7512946541006.0
llama2-7b_conv300,3466,66624229000.0,7513420080769.0
llama2-7b_conv300,3467,66624229000.0,7513897368820.0
llama2-7b_conv300,3468,66624229000.0,7514377796455.0
llama2-7b_conv300,3469,66693467999.99999,7514856191630.0
llama2-7b_conv300,3470,66693467999.99999,7515335608693.0
llama2-7b_conv300,3471,66693467999.99999,7515819732060.0
llama2-7b_conv300,3472,67245928000.00001,7516301733816.0
llama2-7b_conv300,3473,67245928000.00001,7522321039099.0
llama2-7b_conv300,3474,67439933000.0,7524556845005.0
llama2-7b_conv300,3475,67439933000.0,7527248818041.0
llama2-7b_conv300,3476,67439933000.0,7529940791077.0
llama2-7b_conv300,3477,67439933000.0,7532632764113.0
llama2-7b_conv300,3478,67439933000.0,7535321455685.0
llama2-7b_conv300,3479,67439933000.0,7538010147257.0
llama2-7b_conv300,3480,67439933000.0,7540698838829.0
llama2-7b_conv300,3481,67439933000.0,7543375501362.0
llama2-7b_conv300,3482,67439933000.0,7546052163895.0
llama2-7b_conv300,3483,67439933000.0,7548728826428.0
llama2-7b_conv300,3484,67439933000.0,7551405488961.0
llama2-7b_conv300,3485,67439933000.0,7554079128079.0
llama2-7b_conv300,3486,67439933000.0,7556753547485.0
llama2-7b_conv300,3487,67439933000.0,7559427966891.0
llama2-7b_conv300,3488,67930409000.0,7559892926584.0
llama2-7b_conv300,3489,67930409000.0,7560361025861.0
llama2-7b_conv300,3490,67933052000.0,7560829866540.0
llama2-7b_conv300,3491,67966089999.99999,7563735356385.0
llama2-7b_conv300,3492,67966089999.99999,7566414172501.0
llama2-7b_conv300,3493,67966089999.99999,7569092988617.0
llama2-7b_conv300,3494,67966089999.99999,7571771804733.0
llama2-7b_conv300,3495,67966089999.99999,7574447337370.0
llama2-7b_conv300,3496,67966089999.99999,7577123646199.0
llama2-7b_conv300,3497,67966089999.99999,7579799955028.0
llama2-7b_conv300,3498,67966089999.99999,7582471777570.0
llama2-7b_conv300,3499,67966089999.99999,7585143860208.0
llama2-7b_conv300,3500,67966089999.99999,7587816202942.0
llama2-7b_conv300,3501,67966089999.99999,7590488545676.0
llama2-7b_conv300,3502,67966089999.99999,7593160888410.0
llama2-7b_conv300,3503,67966089999.99999,7595833231144.0
llama2-7b_conv300,3504,67966089999.99999,7598502290335.0
llama2-7b_conv300,3505,67966089999.99999,7601171869718.0
llama2-7b_conv300,3506,67966089999.99999,7603841969293.0
llama2-7b_conv300,3507,67966089999.99999,7606512068868.0
llama2-7b_conv300,3508,67966089999.99999,7609182428539.0
llama2-7b_conv300,3509,68682209000.0,7609639528916.0
llama2-7b_conv300,3510,68682209000.0,7610101075501.0
llama2-7b_conv300,3511,68682209000.0,7610447785081.0
llama2-7b_conv300,3512,68682209000.0,7613117624560.0
llama2-7b_conv300,3513,68682209000.0,7615784180527.0
llama2-7b_conv300,3514,68682209000.0,7618450736494.0
llama2-7b_conv300,3515,68682209000.0,7619572030870.0
llama2-7b_conv300,3516,68682209000.0,7620693325246.0
llama2-7b_conv300,3517,68682209000.0,7621814619622.0
llama2-7b_conv300,3518,69017743000.0,7622143130385.0
llama2-7b_conv300,3519,69017743000.0,7623261307705.0
llama2-7b_conv300,3520,69017743000.0,7624379745121.0
llama2-7b_conv300,3521,69017743000.0,7625498182537.0
llama2-7b_conv300,3522,69017743000.0,7626616193369.0
llama2-7b_conv300,3523,69017743000.0,7627734464297.0
llama2-7b_conv300,3524,69017743000.0,7628852735225.0
llama2-7b_conv300,3525,69017743000.0,7629967035963.0
llama2-7b_conv300,3526,69017743000.0,7631081596797.0
llama2-7b_conv300,3527,69017743000.0,7632196157631.0
llama2-7b_conv300,3528,69017743000.0,7633310978561.0
llama2-7b_conv300,3529,69017743000.0,7634426059587.0
llama2-7b_conv300,3530,69017743000.0,7635541140613.0
llama2-7b_conv300,3531,69017743000.0,7636656221639.0
llama2-7b_conv300,3532,69017743000.0,7637764215482.0
llama2-7b_conv300,3533,69017743000.0,7640325723989.0
llama2-7b_conv300,3534,69017743000.0,7642887232496.0
llama2-7b_conv300,3535,69017743000.0,7645448741003.0
llama2-7b_conv300,3536,69017743000.0,7648010249510.0
llama2-7b_conv300,3537,69017743000.0,7650572018113.0
llama2-7b_conv300,3538,69017743000.0,7653135599196.0
llama2-7b_conv300,3539,69017743000.0,7655699440375.0
llama2-7b_conv300,3540,69017743000.0,7658260778907.0
llama2-7b_conv300,3541,69017743000.0,7660822893631.0
llama2-7b_conv300,3542,69017743000.0,7663385008355.0
llama2-7b_conv300,3543,69017743000.0,7665947123079.0
llama2-7b_conv300,3544,69017743000.0,7668505954835.0
llama2-7b_conv300,3545,69017743000.0,7671065046687.0
llama2-7b_conv300,3546,69017743000.0,7673624140587.0
llama2-7b_conv300,3547,69017743000.0,7676183494583.0
llama2-7b_conv300,3548,69017743000.0,7678741646412.0
llama2-7b_conv300,3549,69017743000.0,7681299798241.0
llama2-7b_conv300,3550,69017743000.0,7683856487775.0
llama2-7b_conv300,3551,69017743000.0,7686413437405.0
llama2-7b_conv300,3552,69017743000.0,7688970387035.0
llama2-7b_conv300,3553,69017743000.0,7691527596761.0
llama2-7b_conv300,3554,69017743000.0,7694085066583.0
llama2-7b_conv300,3555,69017743000.0,7696642536405.0
llama2-7b_conv300,3556,69017743000.0,7699200006227.0
llama2-7b_conv300,3557,70095865000.0,7699630879946.0
llama2-7b_conv300,3558,70095865000.0,7700062658343.0
llama2-7b_conv300,3559,70095865000.0,7703014634209.0
llama2-7b_conv300,3560,70095865000.0,7705568040807.0
llama2-7b_conv300,3561,70095865000.0,7708122223597.0
llama2-7b_conv300,3562,70287471000.0,7708550071882.0
llama2-7b_conv300,3563,70287471000.0,7708982106279.0
llama2-7b_conv300,3564,70287471000.0,7709417280260.0
llama2-7b_conv300,3565,70287471000.0,7709856640353.0
llama2-7b_conv300,3566,70457950000.0,7710294620120.0
llama2-7b_conv300,3567,70457950000.0,7710645365801.0
llama2-7b_conv300,3568,70457950000.0,7713206114494.0
llama2-7b_conv300,3569,70457950000.0,7715765660988.0
llama2-7b_conv300,3570,70457950000.0,7718321924546.0
llama2-7b_conv300,3571,70457950000.0,7720878188104.0
llama2-7b_conv300,3572,70457950000.0,7723408085687.0
llama2-7b_conv300,3573,70457950000.0,7725937983270.0
llama2-7b_conv300,3574,70457950000.0,7728467880853.0
llama2-7b_conv300,3575,70457950000.0,7730997778436.0
llama2-7b_conv300,3576,70457950000.0,7733527676019.0
llama2-7b_conv300,3577,70457950000.0,7736057833698.0
llama2-7b_conv300,3578,70457950000.0,7738587991377.0
llama2-7b_conv300,3579,70457950000.0,7741118149056.0
llama2-7b_conv300,3580,70913521000.0,7741546877378.0
llama2-7b_conv300,3581,70913521000.0,7741980051908.0
llama2-7b_conv300,3582,70977717000.0,7746375573630.0
llama2-7b_conv300,3583,70977717000.0,7748934081788.0
llama2-7b_conv300,3584,70977717000.0,7751492591994.0
llama2-7b_conv300,3585,70977717000.0,7754051102200.0
llama2-7b_conv300,3586,70977717000.0,7756609872502.0
llama2-7b_conv300,3587,70977717000.0,7759168902900.0
llama2-7b_conv300,3588,70977717000.0,7761724390266.0
llama2-7b_conv300,3589,70977717000.0,7764279877632.0
llama2-7b_conv300,3590,70977717000.0,7766835364998.0
llama2-7b_conv300,3591,70977717000.0,7769362145525.0
llama2-7b_conv300,3592,70977717000.0,7771889186148.0
llama2-7b_conv300,3593,70977717000.0,7774416746963.0
llama2-7b_conv300,3594,70977717000.0,7776944307778.0
llama2-7b_conv300,3595,70977717000.0,7779472128689.0
llama2-7b_conv300,3596,70977717000.0,7781996357896.0
llama2-7b_conv300,3597,70977717000.0,7784520587103.0
llama2-7b_conv300,3598,70977717000.0,7787044816310.0
llama2-7b_conv300,3599,70977717000.0,7789568103446.0
llama2-7b_conv300,3600,70977717000.0,7792091390582.0
llama2-7b_conv300,3601,71553215000.0,7792513560131.0
llama2-7b_conv300,3602,71553215000.0,7792939915792.0
llama2-7b_conv300,3603,71553215000.0,7795663516471.0
llama2-7b_conv300,3604,71553215000.0,7798189920663.0
llama2-7b_conv300,3605,71553215000.0,7800716324855.0
llama2-7b_conv300,3606,71553215000.0,7803242989143.0
llama2-7b_conv300,3607,71553215000.0,7805769653431.0
llama2-7b_conv300,3608,71553215000.0,7808296577815.0
llama2-7b_conv300,3609,71553215000.0,7810823762295.0
llama2-7b_conv300,3610,71553215000.0,7813350946775.0
llama2-7b_conv300,3611,71553215000.0,7815878131255.0
llama2-7b_conv300,3612,71553215000.0,7818405315735.0
llama2-7b_conv300,3613,71926622000.0,7818831122532.0
llama2-7b_conv300,3614,71926622000.0,7819261635633.0
llama2-7b_conv300,3615,71926622000.0,7823328151226.0
llama2-7b_conv300,3616,71926622000.0,7825858878737.0
llama2-7b_conv300,3617,71926622000.0,7828387883889.0
llama2-7b_conv300,3618,71926622000.0,7830916889041.0
llama2-7b_conv300,3619,71926622000.0,7833445894193.0
llama2-7b_conv300,3620,71926622000.0,7835974899345.0
llama2-7b_conv300,3621,71926622000.0,7838502442202.0
llama2-7b_conv300,3622,71926622000.0,7841029985059.0
llama2-7b_conv300,3623,72258986000.0,7841456151702.0
llama2-7b_conv300,3624,72258986000.0,7841864786476.0
llama2-7b_conv300,3625,72258986000.0,7844395092108.0
llama2-7b_conv300,3626,72258986000.0,7846925657836.0
llama2-7b_conv300,3627,72258986000.0,7849456483660.0
llama2-7b_conv300,3628,72258986000.0,7851987569580.0
llama2-7b_conv300,3629,72463206000.0,7854951483836.0
llama2-7b_conv300,3630,72463206000.0,7857482995731.0
llama2-7b_conv300,3631,72463206000.0,7860014507626.0
llama2-7b_conv300,3632,72463206000.0,7862546019521.0
llama2-7b_conv300,3633,72463206000.0,7865077791512.0
llama2-7b_conv300,3634,72463206000.0,7867606800760.0
llama2-7b_conv300,3635,72463206000.0,7870135810008.0
llama2-7b_conv300,3636,72463206000.0,7872665079352.0
llama2-7b_conv300,3637,72686339000.0,7873093231109.0
llama2-7b_conv300,3638,72686339000.0,7873525144440.0
llama2-7b_conv300,3639,72772330000.0,7873956128005.0
llama2-7b_conv300,3640,72772330000.0,7874388709586.0
llama2-7b_conv300,3641,72772330000.0,7878968987316.0
llama2-7b_conv300,3642,72772330000.0,7881500333332.0
llama2-7b_conv300,3643,72772330000.0,7884031679348.0
llama2-7b_conv300,3644,72772330000.0,7886563025364.0
llama2-7b_conv300,3645,72772330000.0,7889094371380.0
llama2-7b_conv300,3646,73069107000.0,7895334890592.0
llama2-7b_conv300,3647,73069107000.0,7897867698871.0
llama2-7b_conv300,3648,73139437000.0,7898298867871.0
llama2-7b_conv300,3649,73139437000.0,7898734222983.0
llama2-7b_conv300,3650,73139437000.0,7899168916052.0
llama2-7b_conv300,3651,73139437000.0,7899606594503.0
llama2-7b_conv300,3652,73139437000.0,7900048459066.0
llama2-7b_conv300,3653,73139437000.0,7900485959710.0
llama2-7b_conv300,3654,73139437000.0,7900924365031.0
llama2-7b_conv300,3655,73139437000.0,7901366956464.0
llama2-7b_conv300,3656,73188991000.0,7901804202708.0
llama2-7b_conv300,3657,73188991000.0,7902229634488.0
llama2-7b_conv300,3658,73188991000.0,7902659252380.0
llama2-7b_conv300,3659,73284651000.0,7903086390682.0
llama2-7b_conv300,3660,73284651000.0,7903517723352.0
llama2-7b_conv300,3661,73501684000.0,7903948386417.0
llama2-7b_conv300,3662,73501684000.0,7904381693898.0
llama2-7b_conv300,3663,73841563000.0,7904815894397.0
llama2-7b_conv300,3664,73841563000.0,7905251176688.0
llama2-7b_conv300,3665,74006953000.0,7905687442109.0
llama2-7b_conv300,3666,74006953000.0,7906122978352.0
llama2-7b_conv300,3667,74006953000.0,7906562700707.0
llama2-7b_conv300,3668,74046995000.0,7906999935216.0
llama2-7b_conv300,3669,74046995000.0,7907441372349.0
llama2-7b_conv300,3670,74046995000.0,7909631543467.0
llama2-7b_conv300,3671,74046995000.0,7912172934914.0
llama2-7b_conv300,3672,74046995000.0,7914714326361.0
llama2-7b_conv300,3673,74046995000.0,7917255717808.0
llama2-7b_conv300,3674,74046995000.0,7919797109255.0
llama2-7b_conv300,3675,74046995000.0,7922338760798.0
llama2-7b_conv300,3676,74046995000.0,7924880672437.0
llama2-7b_conv300,3677,74046995000.0,7927422584076.0
llama2-7b_conv300,3678,74046995000.0,7929964495715.0
llama2-7b_conv300,3679,74046995000.0,7932506667450.0
llama2-7b_conv300,3680,74046995000.0,7935048839185.0
llama2-7b_conv300,3681,74046995000.0,7937591010920.0
llama2-7b_conv300,3682,74046995000.0,7940133442751.0
llama2-7b_conv300,3683,74046995000.0,7942675874582.0
llama2-7b_conv300,3684,74046995000.0,7945218306413.0
llama2-7b_conv300,3685,74046995000.0,7947760738244.0
llama2-7b_conv300,3686,74046995000.0,7950303170075.0
llama2-7b_conv300,3687,74046995000.0,7952845601906.0
llama2-7b_conv300,3688,74046995000.0,7955384490706.0
llama2-7b_conv300,3689,74046995000.0,7957923639602.0
llama2-7b_conv300,3690,74046995000.0,7960463048594.0
llama2-7b_conv300,3691,74046995000.0,7963002457586.0
llama2-7b_conv300,3692,74046995000.0,7965541866578.0
llama2-7b_conv300,3693,74046995000.0,7968081275570.0
llama2-7b_conv300,3694,74046995000.0,7970611939579.0
llama2-7b_conv300,3695,74046995000.0,7973142603588.0
llama2-7b_conv300,3696,74046995000.0,7975669724565.0
llama2-7b_conv300,3697,74046995000.0,7978197105638.0
llama2-7b_conv300,3698,74046995000.0,7980724486711.0
llama2-7b_conv300,3699,74046995000.0,7983251867784.0
llama2-7b_conv300,3700,74046995000.0,7985779248857.0
llama2-7b_conv300,3701,74046995000.0,7988305427731.0
llama2-7b_conv300,3702,74046995000.0,7990831606605.0
llama2-7b_conv300,3703,75304583000.0,7991256152203.0
llama2-7b_conv300,3704,75304583000.0,7991684883913.0
llama2-7b_conv300,3705,75304583000.0,7993101357277.0
llama2-7b_conv300,3706,75304583000.0,7995630298926.0
llama2-7b_conv300,3707,75304583000.0,7998159240575.0
llama2-7b_conv300,3708,75304583000.0,8000688442320.0
llama2-7b_conv300,3709,75304583000.0,8003217644065.0
llama2-7b_conv300,3710,75304583000.0,8005746845810.0
llama2-7b_conv300,3711,75304583000.0,8008276047555.0
llama2-7b_conv300,3712,75304583000.0,8010806025492.0
llama2-7b_conv300,3713,75627209000.0,8011234368621.0
llama2-7b_conv300,3714,75627209000.0,8011667418054.0
llama2-7b_conv300,3715,75726526000.0,8012099797881.0
llama2-7b_conv300,3716,75726526000.0,8012535598316.0
llama2-7b_conv300,3717,75833898000.0,8012972494521.0
llama2-7b_conv300,3718,75862760000.0,8013326192798.0
llama2-7b_conv300,3719,75862760000.0,8015862116085.0
llama2-7b_conv300,3720,75862760000.0,8018398299468.0
llama2-7b_conv300,3721,75862760000.0,8020935263139.0
llama2-7b_conv300,3722,75862760000.0,8023472226810.0
llama2-7b_conv300,3723,75862760000.0,8026009450577.0
llama2-7b_conv300,3724,75862760000.0,8028546674344.0
llama2-7b_conv300,3725,76099724000.0,8028959678385.0
llama2-7b_conv300,3726,76099724000.0,8031498673184.0
llama2-7b_conv300,3727,76099724000.0,8034037928079.0
llama2-7b_conv300,3728,76099724000.0,8036577182974.0
llama2-7b_conv300,3729,76099724000.0,8039116958061.0
llama2-7b_conv300,3730,76286150000.0,8039551502165.0
llama2-7b_conv300,3731,76286150000.0,8039990492477.0
llama2-7b_conv300,3732,76286150000.0,8042505169820.0
llama2-7b_conv300,3733,76286150000.0,8045044424715.0
llama2-7b_conv300,3734,76286150000.0,8047583679610.0
llama2-7b_conv300,3735,76286150000.0,8050122934505.0
llama2-7b_conv300,3736,76286150000.0,8052662449496.0
llama2-7b_conv300,3737,76286150000.0,8055202224583.0
llama2-7b_conv300,3738,76558380000.0,8055636768687.0
llama2-7b_conv300,3739,76558380000.0,8056074038140.0
llama2-7b_conv300,3740,76558380000.0,8058807516323.0
llama2-7b_conv300,3741,76558380000.0,8061341717251.0
llama2-7b_conv300,3742,76749357000.0,8061774280400.0
llama2-7b_conv300,3743,76749357000.0,8062211029661.0
llama2-7b_conv300,3744,76749357000.0,8065167981660.0
llama2-7b_conv300,3745,76749357000.0,8067701662396.0
llama2-7b_conv300,3746,76749357000.0,8070235603228.0
llama2-7b_conv300,3747,76749357000.0,8072769544060.0
llama2-7b_conv300,3748,76749357000.0,8075303484892.0
llama2-7b_conv300,3749,76749357000.0,8077837685820.0
llama2-7b_conv300,3750,76749357000.0,8080371886748.0
llama2-7b_conv300,3751,76749357000.0,8082903324901.0
llama2-7b_conv300,3752,76749357000.0,8085434763054.0
llama2-7b_conv300,3753,76749357000.0,8087959375208.0
llama2-7b_conv300,3754,76749357000.0,8090480444298.0
llama2-7b_conv300,3755,76749357000.0,8093001513388.0
llama2-7b_conv300,3756,76749357000.0,8095522842574.0
llama2-7b_conv300,3757,76749357000.0,8098044171760.0
llama2-7b_conv300,3758,76749357000.0,8100565500946.0
llama2-7b_conv300,3759,76749357000.0,8103086830132.0
llama2-7b_conv300,3760,76749357000.0,8105608159318.0
llama2-7b_conv300,3761,77310607000.0,8106024575263.0
llama2-7b_conv300,3762,77310607000.0,8112005404353.0
llama2-7b_conv300,3763,77310607000.0,8114525693155.0
llama2-7b_conv300,3764,77310607000.0,8117045981957.0
llama2-7b_conv300,3765,77310607000.0,8119566790951.0
llama2-7b_conv300,3766,77310607000.0,8122087599945.0
llama2-7b_conv300,3767,77310607000.0,8124608408939.0
llama2-7b_conv300,3768,77546989000.0,8125027588175.0
llama2-7b_conv300,3769,77546989000.0,8125450953523.0
llama2-7b_conv300,3770,77546989000.0,8125759481867.0
llama2-7b_conv300,3771,77546989000.0,8128283055685.0
llama2-7b_conv300,3772,77546989000.0,8130806629503.0
llama2-7b_conv300,3773,77546989000.0,8133330203321.0
llama2-7b_conv300,3774,77546989000.0,8135854037235.0
llama2-7b_conv300,3775,77546989000.0,8138377871149.0
llama2-7b_conv300,3776,77546989000.0,8140901705063.0
llama2-7b_conv300,3777,77546989000.0,8143425538977.0
llama2-7b_conv300,3778,77546989000.0,8145949372891.0
llama2-7b_conv300,3779,77546989000.0,8148473206805.0
llama2-7b_conv300,3780,77546989000.0,8150997040719.0
llama2-7b_conv300,3781,77546989000.0,8153517331569.0
llama2-7b_conv300,3782,77546989000.0,8156038142611.0
llama2-7b_conv300,3783,77546989000.0,8158558953653.0
llama2-7b_conv300,3784,77546989000.0,8161079764695.0
llama2-7b_conv300,3785,77546989000.0,8163600835833.0
llama2-7b_conv300,3786,77546989000.0,8166121906971.0
llama2-7b_conv300,3787,77546989000.0,8168641775942.0
llama2-7b_conv300,3788,77546989000.0,8171161644913.0
llama2-7b_conv300,3789,77546989000.0,8173681513884.0
llama2-7b_conv300,3790,77546989000.0,8176201382855.0
llama2-7b_conv300,3791,77546989000.0,8178717708763.0
llama2-7b_conv300,3792,77546989000.0,8181234294767.0
llama2-7b_conv300,3793,78254342000.0,8181649251998.0
llama2-7b_conv300,3794,78254342000.0,8182068655437.0
llama2-7b_conv300,3795,78313936000.0,8182484380694.0
llama2-7b_conv300,3796,78313936000.0,8182905498847.0
llama2-7b_conv300,3797,78313936000.0,8183331063208.0
llama2-7b_conv300,3798,78313936000.0,8186270651026.0
llama2-7b_conv300,3799,78313936000.0,8188789999805.0
llama2-7b_conv300,3800,78313936000.0,8191309608680.0
llama2-7b_conv300,3801,78313936000.0,8193829217555.0
llama2-7b_conv300,3802,78313936000.0,8196348826430.0
llama2-7b_conv300,3803,78313936000.0,8198868435305.0
llama2-7b_conv300,3804,78313936000.0,8201388304276.0
llama2-7b_conv300,3805,78684997000.0,8204258636515.0
llama2-7b_conv300,3806,78707843000.0,8204673758124.0
llama2-7b_conv300,3807,78707843000.0,8205093325941.0
llama2-7b_conv300,3808,78707843000.0,8205516033342.0
llama2-7b_conv300,3809,78741657000.0,8205923436864.0
llama2-7b_conv300,3810,78741657000.0,8208445456250.0
llama2-7b_conv300,3811,78741657000.0,8210963932572.0
llama2-7b_conv300,3812,78741657000.0,8213482668990.0
llama2-7b_conv300,3813,78741657000.0,8216001405408.0
llama2-7b_conv300,3814,78741657000.0,8218520141826.0
llama2-7b_conv300,3815,78741657000.0,8221038878244.0
llama2-7b_conv300,3816,78741657000.0,8223556152399.0
llama2-7b_conv300,3817,78741657000.0,8226070143587.0
llama2-7b_conv300,3818,78741657000.0,8228584134775.0
llama2-7b_conv300,3819,78741657000.0,8231098125963.0
llama2-7b_conv300,3820,78741657000.0,8233612117151.0
llama2-7b_conv300,3821,78741657000.0,8236126108339.0
llama2-7b_conv300,3822,79246030000.0,8242477431034.0
llama2-7b_conv300,3823,79246030000.0,8244992884517.0
llama2-7b_conv300,3824,79316404000.0,8245406707694.0
llama2-7b_conv300,3825,79316404000.0,8245823516317.0
llama2-7b_conv300,3826,79431406000.0,8246236091841.0
llama2-7b_conv300,3827,79431406000.0,8246652946597.0
llama2-7b_conv300,3828,79431406000.0,8247073987465.0
llama2-7b_conv300,3829,79466727000.0,8253315721615.0
llama2-7b_conv300,3830,79466727000.0,8255836870624.0
llama2-7b_conv300,3831,79466727000.0,8258358019633.0
llama2-7b_conv300,3832,79466727000.0,8260879168642.0
llama2-7b_conv300,3833,79466727000.0,8263400317651.0
llama2-7b_conv300,3834,79466727000.0,8265921466660.0
llama2-7b_conv300,3835,79466727000.0,8268442615669.0
llama2-7b_conv300,3836,79788963000.0,8271326657206.0
llama2-7b_conv300,3837,79817387000.0,8271747278467.0
llama2-7b_conv300,3838,79817387000.0,8272172085840.0
llama2-7b_conv300,3839,79817387000.0,8278346769201.0
llama2-7b_conv300,3840,79996058000.0,8278770671897.0
llama2-7b_conv300,3841,79996058000.0,8279198760705.0
llama2-7b_conv300,3842,79996058000.0,8282921784414.0
llama2-7b_conv300,3843,79996058000.0,8285447066293.0
llama2-7b_conv300,3844,79996058000.0,8287969065237.0
llama2-7b_conv300,3845,80182683000.0,8288389686498.0
llama2-7b_conv300,3846,80182683000.0,8288809491515.0
llama2-7b_conv300,3847,80182683000.0,8291437559799.0
llama2-7b_conv300,3848,80182683000.0,8293957576256.0
llama2-7b_conv300,3849,80182683000.0,8296478112905.0
llama2-7b_conv300,3850,80182683000.0,8298998649554.0
llama2-7b_conv300,3851,80396777000.0,8299417549893.0
llama2-7b_conv300,3852,80396777000.0,8299837354910.0
llama2-7b_conv300,3853,80421214000.0,8300257758033.0
llama2-7b_conv300,3854,80421214000.0,8300678751428.0
llama2-7b_conv300,3855,80421214000.0,8301079067165.0
llama2-7b_conv300,3856,80421214000.0,8303602366589.0
llama2-7b_conv300,3857,80421214000.0,8306126186205.0
llama2-7b_conv300,3858,80421214000.0,8308650005821.0
llama2-7b_conv300,3859,80421214000.0,8311169076110.0
llama2-7b_conv300,3860,80421214000.0,8313684603336.0
llama2-7b_conv300,3861,80421214000.0,8316200130562.0
llama2-7b_conv300,3862,80421214000.0,8318715657788.0
llama2-7b_conv300,3863,80421214000.0,8321231185014.0
llama2-7b_conv300,3864,80421214000.0,8323746972336.0
llama2-7b_conv300,3865,80895356000.0,8324161126382.0
llama2-7b_conv300,3866,80895356000.0,8324579466540.0
llama2-7b_conv300,3867,80895356000.0,8325660301702.0
llama2-7b_conv300,3868,80895356000.0,8328174788544.0
llama2-7b_conv300,3869,80895356000.0,8330689535482.0
llama2-7b_conv300,3870,80895356000.0,8333201779740.0
llama2-7b_conv300,3871,80895356000.0,8335714023998.0
llama2-7b_conv300,3872,80895356000.0,8338226268256.0
llama2-7b_conv300,3873,81144872000.0,8338637140804.0
llama2-7b_conv300,3874,81144872000.0,8339049178125.0
llama2-7b_conv300,3875,81144872000.0,8339385134024.0
llama2-7b_conv300,3876,81144872000.0,8341897638378.0
llama2-7b_conv300,3877,81144872000.0,8344410402828.0
llama2-7b_conv300,3878,81144872000.0,8346923167278.0
llama2-7b_conv300,3879,81144872000.0,8349435931728.0
llama2-7b_conv300,3880,81144872000.0,8351948696178.0
llama2-7b_conv300,3881,81144872000.0,8354461460628.0
llama2-7b_conv300,3882,81144872000.0,8356974485174.0
llama2-7b_conv300,3883,81144872000.0,8359487509720.0
llama2-7b_conv300,3884,81144872000.0,8362000534266.0
llama2-7b_conv300,3885,81144872000.0,8364513558812.0
llama2-7b_conv300,3886,81144872000.0,8367026583358.0
llama2-7b_conv300,3887,81144872000.0,8369539607904.0
llama2-7b_conv300,3888,81144872000.0,8372052892546.0
llama2-7b_conv300,3889,81628783000.0,8372461263947.0
llama2-7b_conv300,3890,81628783000.0,8372870019834.0
llama2-7b_conv300,3891,81628783000.0,8378842140290.0
llama2-7b_conv300,3892,81628783000.0,8381347818646.0
llama2-7b_conv300,3893,81628783000.0,8383854017194.0
llama2-7b_conv300,3894,81628783000.0,8386360991934.0
llama2-7b_conv300,3895,81628783000.0,8388864423642.0
llama2-7b_conv300,3896,81628783000.0,8391367855350.0
llama2-7b_conv300,3897,81628783000.0,8393871289106.0
llama2-7b_conv300,3898,81628783000.0,8396374722862.0
llama2-7b_conv300,3899,81628783000.0,8398878156618.0
llama2-7b_conv300,3900,81628783000.0,8401377787215.0
llama2-7b_conv300,3901,81628783000.0,8403878194004.0
llama2-7b_conv300,3902,81628783000.0,8406378860889.0
llama2-7b_conv300,3903,81628783000.0,8408879527774.0
llama2-7b_conv300,3904,82066092000.0,8409279345048.0
llama2-7b_conv300,3905,82066092000.0,8409683348434.0
llama2-7b_conv300,3906,82109910000.0,8410086422055.0
llama2-7b_conv300,3907,82109910000.0,8410492140220.0
llama2-7b_conv300,3908,82109910000.0,8412888850932.0
llama2-7b_conv300,3909,82109910000.0,8415395299336.0
llama2-7b_conv300,3910,82109910000.0,8417902007836.0
llama2-7b_conv300,3911,82109910000.0,8420408716336.0
llama2-7b_conv300,3912,82109910000.0,8422915424836.0
llama2-7b_conv300,3913,82109910000.0,8425422653528.0
llama2-7b_conv300,3914,82413633000.0,8425828253447.0
llama2-7b_conv300,3915,82413633000.0,8426238039478.0
llama2-7b_conv300,3916,82497749000.0,8426647155839.0
llama2-7b_conv300,3917,82497749000.0,8427058130248.0
llama2-7b_conv300,3918,82497749000.0,8429976038333.0
llama2-7b_conv300,3919,82497749000.0,8432489312735.0
llama2-7b_conv300,3920,82497749000.0,8435002847233.0
llama2-7b_conv300,3921,82497749000.0,8437516381731.0
llama2-7b_conv300,3922,82497749000.0,8440030176325.0
llama2-7b_conv300,3923,82497749000.0,8442544231015.0
llama2-7b_conv300,3924,82497749000.0,8445058285705.0
llama2-7b_conv300,3925,82497749000.0,8447572600491.0
llama2-7b_conv300,3926,82497749000.0,8450085453014.0
llama2-7b_conv300,3927,82497749000.0,8452598305537.0
llama2-7b_conv300,3928,82497749000.0,8455111418156.0
llama2-7b_conv300,3929,82919064000.0,8455523254235.0
llama2-7b_conv300,3930,82919064000.0,8455939276426.0
llama2-7b_conv300,3931,82919064000.0,8459685892385.0
llama2-7b_conv300,3932,82919064000.0,8462202120012.0
llama2-7b_conv300,3933,82919064000.0,8464718607735.0
llama2-7b_conv300,3934,82919064000.0,8467235095458.0
llama2-7b_conv300,3935,82919064000.0,8469751583181.0
llama2-7b_conv300,3936,82919064000.0,8472268070904.0
llama2-7b_conv300,3937,82919064000.0,8474784558627.0
llama2-7b_conv300,3938,82919064000.0,8477301306446.0
llama2-7b_conv300,3939,82919064000.0,8479818054265.0
llama2-7b_conv300,3940,82919064000.0,8482335062180.0
llama2-7b_conv300,3941,82919064000.0,8484852070095.0
llama2-7b_conv300,3942,82919064000.0,8487369078010.0
llama2-7b_conv300,3943,82919064000.0,8489885659918.0
llama2-7b_conv300,3944,82919064000.0,8492402241826.0
llama2-7b_conv300,3945,82919064000.0,8494919343926.0
llama2-7b_conv300,3946,82919064000.0,8497436446026.0
llama2-7b_conv300,3947,82919064000.0,8499953548126.0
llama2-7b_conv300,3948,82919064000.0,8502470650226.0
llama2-7b_conv300,3949,82919064000.0,8504987752326.0
llama2-7b_conv300,3950,82919064000.0,8507504854426.0
llama2-7b_conv300,3951,82919064000.0,8510022216622.0
llama2-7b_conv300,3952,82919064000.0,8512539578818.0
llama2-7b_conv300,3953,82919064000.0,8515057201110.0
llama2-7b_conv300,3954,82919064000.0,8517574823402.0
llama2-7b_conv300,3955,82919064000.0,8520092705790.0
llama2-7b_conv300,3956,82919064000.0,8522610588178.0
llama2-7b_conv300,3957,82919064000.0,8525127268398.0
llama2-7b_conv300,3958,82919064000.0,8527643948618.0
llama2-7b_conv300,3959,83735745000.0,8528059001567.0
llama2-7b_conv300,3960,83735745000.0,8528478240628.0
llama2-7b_conv300,3961,83797671000.0,8528896549923.0
llama2-7b_conv300,3962,83797671000.0,8529317503698.0
llama2-7b_conv300,3963,83797671000.0,8532224552978.0
llama2-7b_conv300,3964,83797671000.0,8534746758717.0
llama2-7b_conv300,3965,84029102000.0,8537359860055.0
llama2-7b_conv300,3966,84029102000.0,8539878948738.0
llama2-7b_conv300,3967,84029102000.0,8542398037421.0
llama2-7b_conv300,3968,84029102000.0,8544917386200.0
llama2-7b_conv300,3969,84029102000.0,8547436734979.0
llama2-7b_conv300,3970,84029102000.0,8549956343854.0
llama2-7b_conv300,3971,84029102000.0,8552476212825.0
llama2-7b_conv300,3972,84029102000.0,8554996081796.0
llama2-7b_conv300,3973,84029102000.0,8557516210863.0
llama2-7b_conv300,3974,84029102000.0,8560036339930.0
llama2-7b_conv300,3975,84029102000.0,8562556729093.0
llama2-7b_conv300,3976,84029102000.0,8565075916057.0
llama2-7b_conv300,3977,84029102000.0,8567595363117.0
llama2-7b_conv300,3978,84029102000.0,8570114810177.0
llama2-7b_conv300,3979,84029102000.0,8572634257237.0
llama2-7b_conv300,3980,84029102000.0,8575153964393.0
llama2-7b_conv300,3981,84029102000.0,8577673671549.0
llama2-7b_conv300,3982,84029102000.0,8580193898897.0
llama2-7b_conv300,3983,84029102000.0,8582714126245.0
llama2-7b_conv300,3984,84029102000.0,8585234353593.0
llama2-7b_conv300,3985,84029102000.0,8587755101133.0
llama2-7b_conv300,3986,84029102000.0,8590275848673.0
llama2-7b_conv300,3987,84029102000.0,8592796596213.0
llama2-7b_conv300,3988,84029102000.0,8595313800721.0
llama2-7b_conv300,3989,84029102000.0,8597831005229.0
llama2-7b_conv300,3990,84029102000.0,8600348209737.0
llama2-7b_conv300,3991,84029102000.0,8602865414245.0
llama2-7b_conv300,3992,84029102000.0,8605379075690.0
llama2-7b_conv300,3993,84029102000.0,8607892737135.0
llama2-7b_conv300,3994,84029102000.0,8610406398580.0
llama2-7b_conv300,3995,84029102000.0,8612916516961.0
llama2-7b_conv300,3996,84029102000.0,8615426635342.0
llama2-7b_conv300,3997,84029102000.0,8617936753723.0
llama2-7b_conv300,3998,84029102000.0,8620441512497.0
llama2-7b_conv300,3999,84029102000.0,8622942468112.0
llama2-7b_conv300,4000,84029102000.0,8625443423727.0
llama2-7b_conv300,4001,84029102000.0,8627944639438.0
llama2-7b_conv300,4002,84029102000.0,8630446115245.0
llama2-7b_conv300,4003,84029102000.0,8632947591052.0
llama2-7b_conv300,4004,84029102000.0,8635449326955.0
llama2-7b_conv300,4005,84029102000.0,8637951322954.0
llama2-7b_conv300,4006,84029102000.0,8640453318953.0
llama2-7b_conv300,4007,84029102000.0,8642955314952.0
llama2-7b_conv300,4008,84029102000.0,8645457310951.0
llama2-7b_conv300,4009,84029102000.0,8647960083142.0
llama2-7b_conv300,4010,84029102000.0,8650462855333.0
llama2-7b_conv300,4011,84029102000.0,8652965627524.0
llama2-7b_conv300,4012,84029102000.0,8655468399715.0
llama2-7b_conv300,4013,84029102000.0,8657971171906.0
llama2-7b_conv300,4014,84029102000.0,8660473944097.0
llama2-7b_conv300,4015,84029102000.0,8662976716288.0
llama2-7b_conv300,4016,84029102000.0,8665479748575.0
llama2-7b_conv300,4017,84029102000.0,8667982780862.0
llama2-7b_conv300,4018,84029102000.0,8670485813149.0
llama2-7b_conv300,4019,84029102000.0,8672988845436.0
llama2-7b_conv300,4020,84029102000.0,8675491877723.0
llama2-7b_conv300,4021,84029102000.0,8677995430202.0
llama2-7b_conv300,4022,84029102000.0,8680498982681.0
llama2-7b_conv300,4023,84029102000.0,8683002535160.0
llama2-7b_conv300,4024,84029102000.0,8685506087639.0
llama2-7b_conv300,4025,84029102000.0,8688009640118.0
llama2-7b_conv300,4026,84029102000.0,8690513192597.0
llama2-7b_conv300,4027,84029102000.0,8693016745076.0
llama2-7b_conv300,4028,84029102000.0,8695520297555.0
llama2-7b_conv300,4029,84029102000.0,8698024110130.0
llama2-7b_conv300,4030,84029102000.0,8700528182801.0
llama2-7b_conv300,4031,84029102000.0,8703032255472.0
llama2-7b_conv300,4032,84029102000.0,8705536328143.0
llama2-7b_conv300,4033,84029102000.0,8708040400814.0
llama2-7b_conv300,4034,84029102000.0,8710544473485.0
llama2-7b_conv300,4035,84029102000.0,8713048546156.0
llama2-7b_conv300,4036,84029102000.0,8715552618827.0
llama2-7b_conv300,4037,84029102000.0,8718053408562.0
llama2-7b_conv300,4038,84029102000.0,8720554458393.0
llama2-7b_conv300,4039,84029102000.0,8723055508224.0
llama2-7b_conv300,4040,84029102000.0,8725556818151.0
llama2-7b_conv300,4041,84029102000.0,8728057446071.0
llama2-7b_conv300,4042,84029102000.0,8730554530959.0
llama2-7b_conv300,4043,84029102000.0,8733048072784.0
llama2-7b_conv300,4044,84029102000.0,8735541874705.0
llama2-7b_conv300,4045,84029102000.0,8738035936722.0
llama2-7b_conv300,4046,84029102000.0,8740529998739.0
llama2-7b_conv300,4047,84029102000.0,8743020517693.0
llama2-7b_conv300,4048,84029102000.0,8745511296743.0
llama2-7b_conv300,4049,84029102000.0,8748002075793.0
llama2-7b_conv300,4050,84029102000.0,8750493114939.0
llama2-7b_conv300,4051,84029102000.0,8752984154085.0
llama2-7b_conv300,4052,84029102000.0,8755475193231.0
llama2-7b_conv300,4053,84029102000.0,8757966492473.0
llama2-7b_conv300,4054,84029102000.0,8760454508779.0
llama2-7b_conv300,4055,84029102000.0,8762942525085.0
llama2-7b_conv300,4056,84029102000.0,8765427258424.0
llama2-7b_conv300,4057,84029102000.0,8767911991763.0
llama2-7b_conv300,4058,84029102000.0,8770396725102.0
llama2-7b_conv300,4059,84029102000.0,8772881458441.0
llama2-7b_conv300,4060,84029102000.0,8775362648748.0
llama2-7b_conv300,4061,84029102000.0,8777843839055.0
llama2-7b_conv300,4062,84029102000.0,8780296582619.0
llama2-7b_conv300,4063,84029102000.0,8782749326183.0
llama2-7b_conv300,4064,84029102000.0,8785202069747.0
llama2-7b_conv300,4065,84029102000.0,8787654813311.0
llama2-7b_conv300,4066,84029102000.0,8790107816971.0
llama2-7b_conv300,4067,84029102000.0,8792559358335.0
llama2-7b_conv300,4068,84029102000.0,8795004073701.0
llama2-7b_conv300,4069,84029102000.0,8797448789067.0
llama2-7b_conv300,4070,84029102000.0,8799893504433.0
llama2-7b_conv300,4071,84029102000.0,8802338219799.0
llama2-7b_conv300,4072,84029102000.0,8804782935165.0
llama2-7b_conv300,4073,84029102000.0,8807227910627.0
llama2-7b_conv300,4074,84029102000.0,8809669343057.0
llama2-7b_conv300,4075,84029102000.0,8812110775487.0
llama2-7b_conv300,4076,84029102000.0,8814552207917.0
llama2-7b_conv300,4077,84029102000.0,8816993640347.0
llama2-7b_conv300,4078,84029102000.0,8819435072777.0
llama2-7b_conv300,4079,84029102000.0,8821876765303.0
llama2-7b_conv300,4080,84029102000.0,8824318457829.0
llama2-7b_conv300,4081,84029102000.0,8826760150355.0
llama2-7b_conv300,4082,84029102000.0,8829201842881.0
llama2-7b_conv300,4083,84029102000.0,8831643795503.0
llama2-7b_conv300,4084,84029102000.0,8834085748125.0
llama2-7b_conv300,4085,84029102000.0,8836527700747.0
llama2-7b_conv300,4086,84029102000.0,8838969653369.0
llama2-7b_conv300,4087,84029102000.0,8841411605991.0
llama2-7b_conv300,4088,84029102000.0,8843853558613.0
llama2-7b_conv300,4089,84029102000.0,8846295511235.0
llama2-7b_conv300,4090,84029102000.0,8848737463857.0
llama2-7b_conv300,4091,84029102000.0,8851179416479.0
llama2-7b_conv300,4092,84029102000.0,8853621369101.0
llama2-7b_conv300,4093,84029102000.0,8856063321723.0
llama2-7b_conv300,4094,84029102000.0,8858505274345.0
llama2-7b_conv300,4095,84029102000.0,8860947226967.0
llama2-7b_conv300,4096,84029102000.0,8863389439685.0
llama2-7b_conv300,4097,84029102000.0,8865831652403.0
llama2-7b_conv300,4098,84029102000.0,8868270322058.0
llama2-7b_conv300,4099,84029102000.0,8870708991713.0
llama2-7b_conv300,4100,84029102000.0,8873147661368.0
llama2-7b_conv300,4101,84029102000.0,8875586591119.0
llama2-7b_conv300,4102,84029102000.0,8878025520870.0
llama2-7b_conv300,4103,84029102000.0,8880464710717.0
llama2-7b_conv300,4104,84029102000.0,8882903900564.0
llama2-7b_conv300,4105,84029102000.0,8885343090411.0
llama2-7b_conv300,4106,84029102000.0,8887782280258.0
llama2-7b_conv300,4107,84029102000.0,8890221470105.0
llama2-7b_conv300,4108,84029102000.0,8892660659952.0
llama2-7b_conv300,4109,84029102000.0,8895099849799.0
llama2-7b_conv300,4110,84029102000.0,8897539039646.0
llama2-7b_conv300,4111,84029102000.0,8899978229493.0
llama2-7b_conv300,4112,84029102000.0,8902417419340.0
llama2-7b_conv300,4113,84029102000.0,8904856869283.0
llama2-7b_conv300,4114,84029102000.0,8907296319226.0
llama2-7b_conv300,4115,84029102000.0,8909735769169.0
llama2-7b_conv300,4116,84029102000.0,8912175219112.0
llama2-7b_conv300,4117,84029102000.0,8914611125991.0
llama2-7b_conv300,4118,84029102000.0,8917047032870.0
llama2-7b_conv300,4119,84029102000.0,8919482939749.0
llama2-7b_conv300,4120,84029102000.0,8921915303733.0
llama2-7b_conv300,4121,84029102000.0,8924347667717.0
llama2-7b_conv300,4122,84029102000.0,8926780031701.0
llama2-7b_conv300,4123,84029102000.0,8929212395685.0
llama2-7b_conv300,4124,84029102000.0,8931641217397.0
llama2-7b_conv300,4125,84029102000.0,8934070039109.0
llama2-7b_conv300,4126,84029102000.0,8936498860821.0
llama2-7b_conv300,4127,84029102000.0,8938927682533.0
llama2-7b_conv300,4128,84029102000.0,8941356504245.0
llama2-7b_conv300,4129,84029102000.0,8943785325957.0
llama2-7b_conv300,4130,84029102000.0,8946214407765.0
llama2-7b_conv300,4131,84029102000.0,8948643489573.0
llama2-7b_conv300,4132,84029102000.0,8951072831477.0
llama2-7b_conv300,4133,84029102000.0,8953502173381.0
llama2-7b_conv300,4134,84029102000.0,8955931515285.0
llama2-7b_conv300,4135,84029102000.0,8958360857189.0
llama2-7b_conv300,4136,84029102000.0,8960790199093.0
llama2-7b_conv300,4137,84029102000.0,8963219801093.0
llama2-7b_conv300,4138,84029102000.0,8965649403093.0
llama2-7b_conv300,4139,84029102000.0,8968079005093.0
llama2-7b_conv300,4140,84029102000.0,8970508607093.0
llama2-7b_conv300,4141,84029102000.0,8972938209093.0
llama2-7b_conv300,4142,84029102000.0,8975367811093.0
llama2-7b_conv300,4143,84029102000.0,8977797413093.0
llama2-7b_conv300,4144,84029102000.0,8980227275189.0
llama2-7b_conv300,4145,84029102000.0,8982657137285.0
llama2-7b_conv300,4146,84029102000.0,8985086999381.0
llama2-7b_conv300,4147,84029102000.0,8987516861477.0
llama2-7b_conv300,4148,83797671000.0,8989945262069.0
llama2-7b_conv300,4149,83797671000.0,8992373922757.0
llama2-7b_conv300,4150,83797671000.0,8994802583445.0
llama2-7b_conv300,4151,83797671000.0,8997231244133.0
llama2-7b_conv300,4152,83797671000.0,8999659904821.0
llama2-7b_conv300,4153,83797671000.0,9002088565509.0
llama2-7b_conv300,4154,83797671000.0,9004517226197.0
llama2-7b_conv300,4155,83797671000.0,9006945886885.0
llama2-7b_conv300,4156,83797671000.0,9009374547573.0
llama2-7b_conv300,4157,83797671000.0,9011803208261.0
llama2-7b_conv300,4158,83797671000.0,9014232129045.0
llama2-7b_conv300,4159,83797671000.0,9016661049829.0
llama2-7b_conv300,4160,83797671000.0,9019089970613.0
llama2-7b_conv300,4161,83797671000.0,9021518891397.0
llama2-7b_conv300,4162,83797671000.0,9023947812181.0
llama2-7b_conv300,4163,83797671000.0,9026372412453.0
llama2-7b_conv300,4164,83797671000.0,9028797012725.0
llama2-7b_conv300,4165,83797671000.0,9031221612997.0
llama2-7b_conv300,4166,83797671000.0,9033646473365.0
llama2-7b_conv300,4167,83797671000.0,9036071333733.0
llama2-7b_conv300,4168,83797671000.0,9038496454197.0
llama2-7b_conv300,4169,83797671000.0,9040921834757.0
llama2-7b_conv300,4170,83797671000.0,9043347215317.0
llama2-7b_conv300,4171,83797671000.0,9045772595877.0
llama2-7b_conv300,4172,83797671000.0,9048198236533.0
llama2-7b_conv300,4173,83797671000.0,9050624137285.0
llama2-7b_conv300,4174,83797671000.0,9053050038037.0
llama2-7b_conv300,4175,83797671000.0,9055475938789.0
llama2-7b_conv300,4176,83797671000.0,9057901839541.0
llama2-7b_conv300,4177,83797671000.0,9060327740293.0
llama2-7b_conv300,4178,83797671000.0,9062753901141.0
llama2-7b_conv300,4179,83797671000.0,9065180061989.0
llama2-7b_conv300,4180,83797671000.0,9067606222837.0
llama2-7b_conv300,4181,83797671000.0,9070032383685.0
llama2-7b_conv300,4182,83797671000.0,9072458544533.0
llama2-7b_conv300,4183,83797671000.0,9074884705381.0
llama2-7b_conv300,4184,83797671000.0,9077310866229.0
llama2-7b_conv300,4185,83797671000.0,9079737027077.0
llama2-7b_conv300,4186,83797671000.0,9082163187925.0
llama2-7b_conv300,4187,83797671000.0,9084589348773.0
llama2-7b_conv300,4188,83797671000.0,9087015509621.0
llama2-7b_conv300,4189,83797671000.0,9089441670469.0
llama2-7b_conv300,4190,83797671000.0,9091867831317.0
llama2-7b_conv300,4191,83797671000.0,9094293992165.0
llama2-7b_conv300,4192,83797671000.0,9096720153013.0
llama2-7b_conv300,4193,83797671000.0,9099146313861.0
llama2-7b_conv300,4194,83797671000.0,9101572734805.0
llama2-7b_conv300,4195,83797671000.0,9103999155749.0
llama2-7b_conv300,4196,83797671000.0,9106425836789.0
llama2-7b_conv300,4197,83797671000.0,9108852517829.0
llama2-7b_conv300,4198,83797671000.0,9111279198869.0
llama2-7b_conv300,4199,83797671000.0,9113705879909.0
llama2-7b_conv300,4200,83797671000.0,9116128758581.0
llama2-7b_conv300,4201,83797671000.0,9118551897349.0
llama2-7b_conv300,4202,83797671000.0,9120975036117.0
llama2-7b_conv300,4203,83797671000.0,9123398174885.0
llama2-7b_conv300,4204,83797671000.0,9125821313653.0
llama2-7b_conv300,4205,83797671000.0,9128244452421.0
llama2-7b_conv300,4206,83797671000.0,9130663788821.0
llama2-7b_conv300,4207,83797671000.0,9133083385317.0
llama2-7b_conv300,4208,83797671000.0,9135502981813.0
llama2-7b_conv300,4209,83797671000.0,9137922578309.0
llama2-7b_conv300,4210,83797671000.0,9140342174805.0
llama2-7b_conv300,4211,83797671000.0,9142762031397.0
llama2-7b_conv300,4212,83797671000.0,9145181887989.0
llama2-7b_conv300,4213,83797671000.0,9147601744581.0
llama2-7b_conv300,4214,83797671000.0,9150021601173.0
llama2-7b_conv300,4215,83797671000.0,9152441457765.0
llama2-7b_conv300,4216,83797671000.0,9154861314357.0
llama2-7b_conv300,4217,83797671000.0,9157281170949.0
llama2-7b_conv300,4218,83797671000.0,9159701027541.0
llama2-7b_conv300,4219,83797671000.0,9162120884133.0
llama2-7b_conv300,4220,83797671000.0,9164540740725.0
llama2-7b_conv300,4221,83797671000.0,9166960597317.0
llama2-7b_conv300,4222,83797671000.0,9169380453909.0
llama2-7b_conv300,4223,83797671000.0,9171800310501.0
llama2-7b_conv300,4224,83797671000.0,9174220427189.0
llama2-7b_conv300,4225,83797671000.0,9176640543877.0
llama2-7b_conv300,4226,83797671000.0,9179060660565.0
llama2-7b_conv300,4227,83797671000.0,9181480777253.0
llama2-7b_conv300,4228,83797671000.0,9183900893941.0
llama2-7b_conv300,4229,83797671000.0,9186321270725.0
llama2-7b_conv300,4230,83797671000.0,9188741647509.0
llama2-7b_conv300,4231,83797671000.0,9191162284389.0
llama2-7b_conv300,4232,83797671000.0,9193582921269.0
llama2-7b_conv300,4233,83797671000.0,9196003558149.0
llama2-7b_conv300,4234,83797671000.0,9198424195029.0
llama2-7b_conv300,4235,83797671000.0,9200844831909.0
llama2-7b_conv300,4236,83797671000.0,9203260788853.0
llama2-7b_conv300,4237,83797671000.0,9205673203525.0
llama2-7b_conv300,4238,83797671000.0,9208085618197.0
llama2-7b_conv300,4239,83797671000.0,9210498032869.0
llama2-7b_conv300,4240,83797671000.0,9212906645173.0
llama2-7b_conv300,4241,83797671000.0,9215315257477.0
llama2-7b_conv300,4242,83797671000.0,9217723869781.0
llama2-7b_conv300,4243,83797671000.0,9220132482085.0
llama2-7b_conv300,4244,83797671000.0,9222541094389.0
llama2-7b_conv300,4245,83797671000.0,9224949706693.0
llama2-7b_conv300,4246,83797671000.0,9227358318997.0
llama2-7b_conv300,4247,83797671000.0,9229766931301.0
llama2-7b_conv300,4248,83797671000.0,9232175543605.0
llama2-7b_conv300,4249,83797671000.0,9234584155909.0
llama2-7b_conv300,4250,83797671000.0,9236992768213.0
llama2-7b_conv300,4251,83797671000.0,9239401380517.0
llama2-7b_conv300,4252,83797671000.0,9241809992821.0
llama2-7b_conv300,4253,83797671000.0,9244215062853.0
llama2-7b_conv300,4254,83797671000.0,9246620132885.0
llama2-7b_conv300,4255,83797671000.0,9249025202917.0
llama2-7b_conv300,4256,83797671000.0,9251430272949.0
llama2-7b_conv300,4257,83797671000.0,9253835342981.0
llama2-7b_conv300,4258,83797671000.0,9256240413013.0
llama2-7b_conv300,4259,83797671000.0,9258645483045.0
llama2-7b_conv300,4260,83797671000.0,9261050813173.0
llama2-7b_conv300,4261,83797671000.0,9263456143301.0
llama2-7b_conv300,4262,83797671000.0,9265861473429.0
llama2-7b_conv300,4263,83797671000.0,9268266803557.0
llama2-7b_conv300,4264,83797671000.0,9270672133685.0
llama2-7b_conv300,4265,83797671000.0,9273077463813.0
llama2-7b_conv300,4266,83797671000.0,9275482793941.0
llama2-7b_conv300,4267,83797671000.0,9277888124069.0
llama2-7b_conv300,4268,83797671000.0,9280293454197.0
llama2-7b_conv300,4269,83797671000.0,9282698784325.0
llama2-7b_conv300,4270,83797671000.0,9285104114453.0
llama2-7b_conv300,4271,83797671000.0,9287509444581.0
llama2-7b_conv300,4272,83797671000.0,9289915034805.0
llama2-7b_conv300,4273,83797671000.0,9292320625029.0
llama2-7b_conv300,4274,83797671000.0,9294726215253.0
llama2-7b_conv300,4275,83797671000.0,9297131805477.0
llama2-7b_conv300,4276,83797671000.0,9299533593333.0
llama2-7b_conv300,4277,83797671000.0,9301935641285.0
llama2-7b_conv300,4278,83797671000.0,9304337689237.0
llama2-7b_conv300,4279,83797671000.0,9306739737189.0
llama2-7b_conv300,4280,83797671000.0,9309141785141.0
llama2-7b_conv300,4281,83797671000.0,9311543833093.0
llama2-7b_conv300,4282,83797671000.0,9313945881045.0
llama2-7b_conv300,4283,83797671000.0,9316344906917.0
llama2-7b_conv300,4284,83797671000.0,9318743932789.0
llama2-7b_conv300,4285,83797671000.0,9321142958661.0
llama2-7b_conv300,4286,83797671000.0,9323541984533.0
llama2-7b_conv300,4287,83797671000.0,9325941010405.0
llama2-7b_conv300,4288,83797671000.0,9328340036277.0
llama2-7b_conv300,4289,83797671000.0,9330735519877.0
llama2-7b_conv300,4290,83797671000.0,9333131003477.0
llama2-7b_conv300,4291,83797671000.0,9335526487077.0
llama2-7b_conv300,4292,83797671000.0,9337921970677.0
llama2-7b_conv300,4293,83797671000.0,9340317454277.0
llama2-7b_conv300,4294,83797671000.0,9342712937877.0
llama2-7b_conv300,4295,83797671000.0,9345108421477.0
llama2-7b_conv300,4296,83797671000.0,9347504165173.0
llama2-7b_conv300,4297,83797671000.0,9349896366597.0
llama2-7b_conv300,4298,83797671000.0,9352288568021.0
llama2-7b_conv300,4299,83797671000.0,9354680769445.0
llama2-7b_conv300,4300,83797671000.0,9357073230965.0
llama2-7b_conv300,4301,83797671000.0,9359465692485.0
llama2-7b_conv300,4302,83797671000.0,9361858154005.0
llama2-7b_conv300,4303,83797671000.0,9364250615525.0
llama2-7b_conv300,4304,83797671000.0,9366643077045.0
llama2-7b_conv300,4305,83797671000.0,9369035538565.0
llama2-7b_conv300,4306,83797671000.0,9371428000085.0
llama2-7b_conv300,4307,83797671000.0,9373820461605.0
llama2-7b_conv300,4308,83797671000.0,9376212923125.0
llama2-7b_conv300,4309,83797671000.0,9378605384645.0
llama2-7b_conv300,4310,83797671000.0,9380997846165.0
llama2-7b_conv300,4311,83797671000.0,9383390307685.0
llama2-7b_conv300,4312,83797671000.0,9385775944757.0
llama2-7b_conv300,4313,83797671000.0,9388161581829.0
llama2-7b_conv300,4314,83797671000.0,9390547218901.0
llama2-7b_conv300,4315,83797671000.0,9392932855973.0
llama2-7b_conv300,4316,83797671000.0,9395318493045.0
llama2-7b_conv300,4317,83797671000.0,9397704130117.0
llama2-7b_conv300,4318,83797671000.0,9400089767189.0
llama2-7b_conv300,4319,83797671000.0,9402475404261.0
llama2-7b_conv300,4320,83797671000.0,9404861041333.0
llama2-7b_conv300,4321,83797671000.0,9407246678405.0
llama2-7b_conv300,4322,83797671000.0,9409632315477.0
llama2-7b_conv300,4323,83797671000.0,9412017952549.0
llama2-7b_conv300,4324,83797671000.0,9414403589621.0
llama2-7b_conv300,4325,83797671000.0,9416789226693.0
llama2-7b_conv300,4326,83797671000.0,9419174863765.0
llama2-7b_conv300,4327,83797671000.0,9421560500837.0
llama2-7b_conv300,4328,83797671000.0,9423946137909.0
llama2-7b_conv300,4329,83797671000.0,9426331774981.0
llama2-7b_conv300,4330,83797671000.0,9428717412053.0
llama2-7b_conv300,4331,83797671000.0,9431103049125.0
llama2-7b_conv300,4332,83797671000.0,9433488686197.0
llama2-7b_conv300,4333,83797671000.0,9435874323269.0
llama2-7b_conv300,4334,83797671000.0,9438259960341.0
llama2-7b_conv300,4335,83797671000.0,9440645597413.0
llama2-7b_conv300,4336,83797671000.0,9443031234485.0
llama2-7b_conv300,4337,83797671000.0,9445416871557.0
llama2-7b_conv300,4338,83797671000.0,9447802508629.0
llama2-7b_conv300,4339,83797671000.0,9450188405797.0
llama2-7b_conv300,4340,83797671000.0,9452574302965.0
llama2-7b_conv300,4341,83797671000.0,9454960200133.0
llama2-7b_conv300,4342,83797671000.0,9457346097301.0
llama2-7b_conv300,4343,83797671000.0,9459731994469.0
llama2-7b_conv300,4344,83797671000.0,9462117891637.0
llama2-7b_conv300,4345,83797671000.0,9464503788805.0
llama2-7b_conv300,4346,83797671000.0,9466889685973.0
llama2-7b_conv300,4347,83797671000.0,9469275583141.0
llama2-7b_conv300,4348,83797671000.0,9471661480309.0
llama2-7b_conv300,4349,83797671000.0,9474047377477.0
llama2-7b_conv300,4350,83797671000.0,9476429732373.0
llama2-7b_conv300,4351,83797671000.0,9478812087269.0
llama2-7b_conv300,4352,83797671000.0,9481194702261.0
llama2-7b_conv300,4353,83797671000.0,9483577317253.0
llama2-7b_conv300,4354,83797671000.0,9485959932245.0
llama2-7b_conv300,4355,83797671000.0,9488342547237.0
llama2-7b_conv300,4356,83797671000.0,9490725162229.0
llama2-7b_conv300,4357,83797671000.0,9493107777221.0
llama2-7b_conv300,4358,83797671000.0,9495490392213.0
llama2-7b_conv300,4359,83797671000.0,9497873007205.0
llama2-7b_conv300,4360,83797671000.0,9500255622197.0
llama2-7b_conv300,4361,83797671000.0,9502638237189.0
llama2-7b_conv300,4362,83797671000.0,9505020852181.0
llama2-7b_conv300,4363,83797671000.0,9507403467173.0
llama2-7b_conv300,4364,83797671000.0,9509786082165.0
llama2-7b_conv300,4365,83797671000.0,9512168697157.0
llama2-7b_conv300,4366,83797671000.0,9514551312149.0
llama2-7b_conv300,4367,83797671000.0,9516933927141.0
llama2-7b_conv300,4368,83797671000.0,9519316542133.0
llama2-7b_conv300,4369,83797671000.0,9521699157125.0
llama2-7b_conv300,4370,83797671000.0,9524081772117.0
llama2-7b_conv300,4371,83797671000.0,9526464387109.0
llama2-7b_conv300,4372,83797671000.0,9528847002101.0
llama2-7b_conv300,4373,83797671000.0,9531229617093.0
llama2-7b_conv300,4374,83797671000.0,9533612232085.0
llama2-7b_conv300,4375,83797671000.0,9535994847077.0
llama2-7b_conv300,4376,83735745000.0,9538373659701.0
llama2-7b_conv300,4377,83735745000.0,9540752472325.0
llama2-7b_conv300,4378,83735745000.0,9543131284949.0
llama2-7b_conv300,4379,83735745000.0,9545510097573.0
llama2-7b_conv300,4380,83735745000.0,9547888910197.0
llama2-7b_conv300,4381,82066092000.0,9550264180549.0
llama2-7b_conv300,4382,82066092000.0,9552639450901.0
llama2-7b_conv300,4383,82066092000.0,9555014721253.0
llama2-7b_conv300,4384,82066092000.0,9557389991605.0
llama2-7b_conv300,4385,82066092000.0,9559765261957.0
llama2-7b_conv300,4386,82066092000.0,9562140532309.0
llama2-7b_conv300,4387,82066092000.0,9564515802661.0
llama2-7b_conv300,4388,82066092000.0,9566891073013.0
llama2-7b_conv300,4389,82066092000.0,9569266343365.0
llama2-7b_conv300,4390,82066092000.0,9571641613717.0
llama2-7b_conv300,4391,82066092000.0,9574016884069.0
llama2-7b_conv300,4392,82066092000.0,9576392154421.0
llama2-7b_conv300,4393,82066092000.0,9578767424773.0
llama2-7b_conv300,4394,82066092000.0,9581142695125.0
llama2-7b_conv300,4395,82066092000.0,9583517965477.0
llama2-7b_conv300,4396,82066092000.0,9585893235829.0
llama2-7b_conv300,4397,82066092000.0,9588268506181.0
llama2-7b_conv300,4398,82066092000.0,9590643776533.0
llama2-7b_conv300,4399,82066092000.0,9593019046885.0
llama2-7b_conv300,4400,82066092000.0,9595394577333.0
llama2-7b_conv300,4401,82066092000.0,9597770107781.0
llama2-7b_conv300,4402,82066092000.0,9600145638229.0
llama2-7b_conv300,4403,82066092000.0,9602521168677.0
llama2-7b_conv300,4404,82066092000.0,9604896699125.0
llama2-7b_conv300,4405,82066092000.0,9607272229573.0
llama2-7b_conv300,4406,82066092000.0,9609647760021.0
llama2-7b_conv300,4407,82066092000.0,9612023290469.0
llama2-7b_conv300,4408,82066092000.0,9614398820917.0
llama2-7b_conv300,4409,82066092000.0,9616774351365.0
llama2-7b_conv300,4410,82066092000.0,9619149881813.0
llama2-7b_conv300,4411,82066092000.0,9621525412261.0
llama2-7b_conv300,4412,82066092000.0,9623900942709.0
llama2-7b_conv300,4413,82066092000.0,9626276473157.0
llama2-7b_conv300,4414,82066092000.0,9628652003605.0
llama2-7b_conv300,4415,82066092000.0,9631027534053.0
llama2-7b_conv300,4416,82066092000.0,9633403064501.0
llama2-7b_conv300,4417,82066092000.0,9635778594949.0
llama2-7b_conv300,4418,82066092000.0,9638150062933.0
llama2-7b_conv300,4419,82066092000.0,9640521530917.0
llama2-7b_conv300,4420,82066092000.0,9642892998901.0
llama2-7b_conv300,4421,82066092000.0,9645264466885.0
llama2-7b_conv300,4422,82066092000.0,9647635934869.0
llama2-7b_conv300,4423,82066092000.0,9650007402853.0
llama2-7b_conv300,4424,82066092000.0,9652378870837.0
llama2-7b_conv300,4425,82066092000.0,9654750338821.0
llama2-7b_conv300,4426,78254342000.0,9657118004437.0
llama2-7b_conv300,4427,78254342000.0,9659485670053.0
llama2-7b_conv300,4428,78254342000.0,9661853335669.0
llama2-7b_conv300,4429,78254342000.0,9664221001285.0
llama2-7b_conv300,4430,78254342000.0,9666588666901.0
llama2-7b_conv300,4431,78254342000.0,9668956332517.0
llama2-7b_conv300,4432,78254342000.0,9671323998133.0
llama2-7b_conv300,4433,78254342000.0,9673691663749.0
llama2-7b_conv300,4434,78254342000.0,9676059329365.0
llama2-7b_conv300,4435,78254342000.0,9678426994981.0
llama2-7b_conv300,4436,78254342000.0,9680794660597.0
llama2-7b_conv300,4437,78254342000.0,9683162326213.0
llama2-7b_conv300,4438,78254342000.0,9685529991829.0
llama2-7b_conv300,4439,78254342000.0,9687897657445.0
llama2-7b_conv300,4440,78254342000.0,9690265323061.0
llama2-7b_conv300,4441,78254342000.0,9692632988677.0
llama2-7b_conv300,4442,78254342000.0,9695000654293.0
llama2-7b_conv300,4443,78254342000.0,9697368319909.0
