model,batch_id,release_ns,finish_ns
llama3-8b_conv300,0,0.0,5479124543.0
llama3-8b_conv300,1,0.0,5793657615.0
llama3-8b_conv300,2,0.0,6108190687.0
llama3-8b_conv300,3,0.0,6422723759.0
llama3-8b_conv300,4,0.0,6737256831.0
llama3-8b_conv300,5,0.0,7051789903.0
llama3-8b_conv300,6,0.0,7366322975.0
llama3-8b_conv300,7,0.0,7680856047.0
llama3-8b_conv300,8,0.0,7995389119.0
llama3-8b_conv300,9,0.0,8309886351.0
llama3-8b_conv300,10,0.0,8624484959.0
llama3-8b_conv300,11,0.0,8939083567.0
llama3-8b_conv300,12,0.0,9253682175.0
llama3-8b_conv300,13,0.0,9568280783.0
llama3-8b_conv300,14,0.0,9882879391.0
llama3-8b_conv300,15,0.0,10197477999.0
llama3-8b_conv300,16,0.0,10512076607.0
llama3-8b_conv300,17,0.0,10826675215.0
llama3-8b_conv300,18,0.0,11141273823.0
llama3-8b_conv300,19,0.0,11455872431.0
llama3-8b_conv300,20,0.0,11770471039.0
llama3-8b_conv300,21,0.0,12085069647.0
llama3-8b_conv300,22,0.0,12399668255.0
llama3-8b_conv300,23,0.0,12714266863.0
llama3-8b_conv300,24,0.0,13028865471.0
llama3-8b_conv300,25,0.0,13343464079.0
llama3-8b_conv300,26,0.0,13658062687.0
llama3-8b_conv300,27,0.0,13972661295.0
llama3-8b_conv300,28,0.0,14287259903.0
llama3-8b_conv300,29,0.0,14601858511.0
llama3-8b_conv300,30,0.0,14916457119.0
llama3-8b_conv300,31,0.0,15231055727.0
llama3-8b_conv300,32,0.0,15545654335.0
llama3-8b_conv300,33,0.0,15860252943.0
llama3-8b_conv300,34,0.0,16174851551.0
llama3-8b_conv300,35,0.0,16489450159.0
llama3-8b_conv300,36,0.0,16804048767.0
llama3-8b_conv300,37,0.0,17118647375.0
llama3-8b_conv300,38,0.0,17433245983.0
llama3-8b_conv300,39,0.0,17747844591.0
llama3-8b_conv300,40,0.0,18062443199.0
llama3-8b_conv300,41,0.0,18377041807.0
llama3-8b_conv300,42,0.0,18691640415.0
llama3-8b_conv300,43,0.0,22886086062.794285
llama3-8b_conv300,44,4314579000.0,22886479195.794285
llama3-8b_conv300,45,4314579000.0,23201077803.794285
llama3-8b_conv300,46,4314579000.0,23515676411.794285
llama3-8b_conv300,47,4314579000.0,23830275019.794285
llama3-8b_conv300,48,4314579000.0,24144873627.794285
llama3-8b_conv300,49,4314579000.0,24459472235.794285
llama3-8b_conv300,50,4314579000.0,24774070843.794285
llama3-8b_conv300,51,4314579000.0,25088669451.794285
llama3-8b_conv300,52,4314579000.0,25403268059.794285
llama3-8b_conv300,53,4314579000.0,25717866667.794285
llama3-8b_conv300,54,4314579000.0,26032465275.794285
llama3-8b_conv300,55,4314579000.0,26347063883.794285
llama3-8b_conv300,56,4314579000.0,26661662491.794285
llama3-8b_conv300,57,4314579000.0,26976261099.794285
llama3-8b_conv300,58,4314579000.0,27290859707.794285
llama3-8b_conv300,59,4314579000.0,27605458315.794285
llama3-8b_conv300,60,4314579000.0,27920056923.794285
llama3-8b_conv300,61,4314579000.0,28234655531.794285
llama3-8b_conv300,62,4314579000.0,28549254139.794285
llama3-8b_conv300,63,4541877000.0,28814069714.674286
llama3-8b_conv300,64,4541877000.0,34228404133.38286
llama3-8b_conv300,65,4541877000.0,34543769461.38286
llama3-8b_conv300,66,4541877000.0,34859134789.38286
llama3-8b_conv300,67,4541877000.0,35174500117.38286
llama3-8b_conv300,68,4541877000.0,35489865445.38286
llama3-8b_conv300,69,4541877000.0,35805230773.38286
llama3-8b_conv300,70,4541877000.0,36120596101.38286
llama3-8b_conv300,71,4541877000.0,36435961429.38286
llama3-8b_conv300,72,4541877000.0,36751326757.38286
llama3-8b_conv300,73,4541877000.0,37066692085.38286
llama3-8b_conv300,74,4710427000.0,37860742770.38286
llama3-8b_conv300,75,4710427000.0,38176347458.38286
llama3-8b_conv300,76,4710427000.0,38491952146.38286
llama3-8b_conv300,77,4710427000.0,38807556834.38286
llama3-8b_conv300,78,4710427000.0,39123161522.38286
llama3-8b_conv300,79,4710427000.0,39438766210.38286
llama3-8b_conv300,80,4710427000.0,39754335058.38286
llama3-8b_conv300,81,4710427000.0,40069920290.38286
llama3-8b_conv300,82,4710427000.0,40385505522.38286
llama3-8b_conv300,83,4710427000.0,40701090754.38286
llama3-8b_conv300,84,4710427000.0,41016675986.38286
llama3-8b_conv300,85,4710427000.0,41332261218.38286
llama3-8b_conv300,86,4710427000.0,41647846450.38286
llama3-8b_conv300,87,4710427000.0,41963431682.38286
llama3-8b_conv300,88,4710427000.0,42279016914.38286
llama3-8b_conv300,89,4710427000.0,42594602146.38286
llama3-8b_conv300,90,4541877000.0,42910033010.38286
llama3-8b_conv300,91,4541877000.0,43225463874.38286
llama3-8b_conv300,92,4541877000.0,43540894738.38286
llama3-8b_conv300,93,4541877000.0,43856325602.38286
llama3-8b_conv300,94,4541877000.0,44171756466.38286
llama3-8b_conv300,95,4541877000.0,44487187330.38286
llama3-8b_conv300,96,4541877000.0,44802618194.38286
llama3-8b_conv300,97,4541877000.0,45118049058.38286
llama3-8b_conv300,98,4541877000.0,45433479922.38286
llama3-8b_conv300,99,4541877000.0,45748910786.38286
llama3-8b_conv300,100,4541877000.0,46064341650.38286
llama3-8b_conv300,101,4541877000.0,46379772514.38286
llama3-8b_conv300,102,4541877000.0,46695203378.38286
llama3-8b_conv300,103,4541877000.0,47010634242.38286
llama3-8b_conv300,104,4541877000.0,47326065106.38286
llama3-8b_conv300,105,4541877000.0,47641495970.38286
llama3-8b_conv300,106,4541877000.0,47956926834.38286
llama3-8b_conv300,107,4541877000.0,48272357698.38286
llama3-8b_conv300,108,4541877000.0,48587788562.38286
llama3-8b_conv300,109,4541877000.0,48903219426.38286
llama3-8b_conv300,110,4541877000.0,49218650290.38286
llama3-8b_conv300,111,4541877000.0,49534081154.38286
llama3-8b_conv300,112,4541877000.0,49849512018.38286
llama3-8b_conv300,113,4541877000.0,50164942882.38286
llama3-8b_conv300,114,4541877000.0,50480373746.38286
llama3-8b_conv300,115,4541877000.0,50795804610.38286
llama3-8b_conv300,116,4541877000.0,51111235474.38286
llama3-8b_conv300,117,4541877000.0,51426666338.38286
llama3-8b_conv300,118,4541877000.0,51742097202.38286
llama3-8b_conv300,119,4314579000.0,52056695810.38286
llama3-8b_conv300,120,4314579000.0,52371294418.38286
llama3-8b_conv300,121,4314579000.0,52685893026.38286
llama3-8b_conv300,122,4314579000.0,53000491634.38286
llama3-8b_conv300,123,4314579000.0,53315090242.38286
llama3-8b_conv300,124,4314579000.0,53629688850.38286
llama3-8b_conv300,125,4314579000.0,53944287458.38286
llama3-8b_conv300,126,4314579000.0,54258886066.38286
llama3-8b_conv300,127,4314579000.0,54573484674.38286
llama3-8b_conv300,128,4314579000.0,54888083282.38286
llama3-8b_conv300,129,4314579000.0,55202681890.38286
llama3-8b_conv300,130,4314579000.0,55517280498.38286
llama3-8b_conv300,131,4314579000.0,55831879106.38286
llama3-8b_conv300,132,4314579000.0,56146477714.38286
llama3-8b_conv300,133,4314579000.0,56461076322.38286
llama3-8b_conv300,134,4314579000.0,56775674930.38286
llama3-8b_conv300,135,4314579000.0,57090273538.38286
llama3-8b_conv300,136,4314579000.0,57404872146.38286
llama3-8b_conv300,137,4314579000.0,57719470754.38286
llama3-8b_conv300,138,4314579000.0,58034069362.38286
llama3-8b_conv300,139,4314579000.0,58348667970.38286
llama3-8b_conv300,140,4314579000.0,58663266578.38286
llama3-8b_conv300,141,4314579000.0,58977865186.38286
llama3-8b_conv300,142,4314579000.0,59292463794.38286
llama3-8b_conv300,143,4314579000.0,59607062402.38286
llama3-8b_conv300,144,4314579000.0,59921661010.38286
llama3-8b_conv300,145,4314579000.0,60236259618.38286
llama3-8b_conv300,146,4314579000.0,60550858226.38286
llama3-8b_conv300,147,4314579000.0,60865456834.38286
llama3-8b_conv300,148,4314579000.0,61180055442.38286
llama3-8b_conv300,149,4314579000.0,61494654050.38286
llama3-8b_conv300,150,4314579000.0,61809252658.38286
llama3-8b_conv300,151,4314579000.0,62123851266.38286
llama3-8b_conv300,152,4314579000.0,63215181598.38286
llama3-8b_conv300,153,5892655000.0,63215574731.38286
llama3-8b_conv300,154,5892655000.0,63529842587.38286
llama3-8b_conv300,155,5892655000.0,63844110443.38286
llama3-8b_conv300,156,5892655000.0,64158378299.38286
llama3-8b_conv300,157,5892655000.0,64472646155.38286
llama3-8b_conv300,158,5892655000.0,64786914011.38286
llama3-8b_conv300,159,5892655000.0,65101181867.38286
llama3-8b_conv300,160,5892655000.0,65415449723.38286
llama3-8b_conv300,161,5892655000.0,65729717579.38286
llama3-8b_conv300,162,5892655000.0,66043985435.38286
llama3-8b_conv300,163,5892655000.0,66358253291.38286
llama3-8b_conv300,164,5892655000.0,66672521147.38286
llama3-8b_conv300,165,5892655000.0,66986789003.38286
llama3-8b_conv300,166,5892655000.0,67301056859.38286
llama3-8b_conv300,167,5892655000.0,67615324715.38286
llama3-8b_conv300,168,5892655000.0,73501992231.2456
llama3-8b_conv300,169,6311529000.0,73502385364.2456
llama3-8b_conv300,170,6311529000.0,73816918436.2456
llama3-8b_conv300,171,6311529000.0,74131415668.2456
llama3-8b_conv300,172,6311529000.0,74446014276.2456
llama3-8b_conv300,173,6311529000.0,74760612884.2456
llama3-8b_conv300,174,6311529000.0,75075211492.2456
llama3-8b_conv300,175,6311529000.0,75389810100.2456
llama3-8b_conv300,176,6311529000.0,75704408708.2456
llama3-8b_conv300,177,6311529000.0,76019007316.2456
llama3-8b_conv300,178,6311529000.0,76333605924.2456
llama3-8b_conv300,179,6311529000.0,76648204532.2456
llama3-8b_conv300,180,6311529000.0,76962803140.2456
llama3-8b_conv300,181,6311529000.0,77277401748.2456
llama3-8b_conv300,182,6311529000.0,77592000356.2456
llama3-8b_conv300,183,6311529000.0,77906598964.2456
llama3-8b_conv300,184,6311529000.0,78221197572.2456
llama3-8b_conv300,185,6311529000.0,78535796180.2456
llama3-8b_conv300,186,6311529000.0,78850394788.2456
llama3-8b_conv300,187,6311529000.0,79164993396.2456
llama3-8b_conv300,188,6311529000.0,79479592004.2456
llama3-8b_conv300,189,6311529000.0,79794190612.2456
llama3-8b_conv300,190,6311529000.0,80108789220.2456
llama3-8b_conv300,191,6311529000.0,80423387828.2456
llama3-8b_conv300,192,6311529000.0,80737986436.2456
llama3-8b_conv300,193,6311529000.0,81052585044.2456
llama3-8b_conv300,194,6311529000.0,81367183652.2456
llama3-8b_conv300,195,6311529000.0,81681782260.2456
llama3-8b_conv300,196,6311529000.0,81996380868.2456
llama3-8b_conv300,197,6311529000.0,82310979476.2456
llama3-8b_conv300,198,6311529000.0,82625578084.2456
llama3-8b_conv300,199,6311529000.0,82940176692.2456
llama3-8b_conv300,200,6311529000.0,83254775300.2456
llama3-8b_conv300,201,6311529000.0,83569373908.2456
llama3-8b_conv300,202,6311529000.0,83883972516.2456
llama3-8b_conv300,203,6311529000.0,84198571124.2456
llama3-8b_conv300,204,6311529000.0,84513169732.2456
llama3-8b_conv300,205,6311529000.0,84827768340.2456
llama3-8b_conv300,206,6311529000.0,85142366948.2456
llama3-8b_conv300,207,6311529000.0,85456965556.2456
llama3-8b_conv300,208,6311529000.0,85771564164.2456
llama3-8b_conv300,209,6311529000.0,86086162772.2456
llama3-8b_conv300,210,6311529000.0,86400761380.2456
llama3-8b_conv300,211,6311529000.0,86715359988.2456
llama3-8b_conv300,212,6311529000.0,87029958596.2456
llama3-8b_conv300,213,6311529000.0,87344557204.2456
llama3-8b_conv300,214,6311529000.0,87659155812.2456
llama3-8b_conv300,215,6311529000.0,87973754420.2456
llama3-8b_conv300,216,6311529000.0,88288353028.2456
llama3-8b_conv300,217,6311529000.0,88602951636.2456
llama3-8b_conv300,218,6311529000.0,88917550244.2456
llama3-8b_conv300,219,6311529000.0,89232148852.2456
llama3-8b_conv300,220,6311529000.0,89546747460.2456
llama3-8b_conv300,221,6311529000.0,89861346068.2456
llama3-8b_conv300,222,6311529000.0,90175944676.2456
llama3-8b_conv300,223,6311529000.0,90490543284.2456
llama3-8b_conv300,224,6311529000.0,90805141892.2456
llama3-8b_conv300,225,6311529000.0,91119740500.2456
llama3-8b_conv300,226,6311529000.0,91434339108.2456
llama3-8b_conv300,227,6311529000.0,91748937716.2456
llama3-8b_conv300,228,6311529000.0,92063536324.2456
llama3-8b_conv300,229,6311529000.0,92378134932.2456
llama3-8b_conv300,230,6311529000.0,92692733540.2456
llama3-8b_conv300,231,6311529000.0,93007332148.2456
llama3-8b_conv300,232,6311529000.0,93321930756.2456
llama3-8b_conv300,233,6311529000.0,93636529364.2456
llama3-8b_conv300,234,6311529000.0,93951127972.2456
llama3-8b_conv300,235,6311529000.0,94265726580.2456
llama3-8b_conv300,236,6311529000.0,94580325188.2456
llama3-8b_conv300,237,6311529000.0,94894923796.2456
llama3-8b_conv300,238,6311529000.0,95209522404.2456
llama3-8b_conv300,239,6311529000.0,95524121012.2456
llama3-8b_conv300,240,6311529000.0,95838719620.2456
llama3-8b_conv300,241,6311529000.0,96153318228.2456
llama3-8b_conv300,242,6311529000.0,96467916836.2456
llama3-8b_conv300,243,6311529000.0,96782515444.2456
llama3-8b_conv300,244,6311529000.0,97097114052.2456
llama3-8b_conv300,245,6311529000.0,97411712660.2456
llama3-8b_conv300,246,6311529000.0,97726311268.2456
llama3-8b_conv300,247,6311529000.0,98040909876.2456
llama3-8b_conv300,248,6311529000.0,98355508484.2456
llama3-8b_conv300,249,6311529000.0,98670107092.2456
llama3-8b_conv300,250,6311529000.0,98984705700.2456
llama3-8b_conv300,251,6311529000.0,99299304308.2456
llama3-8b_conv300,252,6311529000.0,99875387754.8056
llama3-8b_conv300,253,7745497000.0,99875780887.8056
llama3-8b_conv300,254,7745497000.0,100144013264.8056
llama3-8b_conv300,255,7745497000.0,103977652933.8056
llama3-8b_conv300,256,7745497000.0,104292710293.8056
llama3-8b_conv300,257,7745497000.0,104607767653.8056
llama3-8b_conv300,258,7745497000.0,104922825013.8056
llama3-8b_conv300,259,7745497000.0,105237882373.8056
llama3-8b_conv300,260,7745497000.0,105552939733.8056
llama3-8b_conv300,261,7745497000.0,105867997093.8056
llama3-8b_conv300,262,7745497000.0,106183054453.8056
llama3-8b_conv300,263,7745497000.0,106498111813.8056
llama3-8b_conv300,264,7745497000.0,106813169173.8056
llama3-8b_conv300,265,7745497000.0,107128226533.8056
llama3-8b_conv300,266,7745497000.0,107443283893.8056
llama3-8b_conv300,267,7745497000.0,107758341253.8056
llama3-8b_conv300,268,7745497000.0,108073398613.8056
llama3-8b_conv300,269,7745497000.0,108388455973.8056
llama3-8b_conv300,270,7745497000.0,108703513333.8056
llama3-8b_conv300,271,7745497000.0,109018570693.8056
llama3-8b_conv300,272,7745497000.0,109333628053.8056
llama3-8b_conv300,273,7745497000.0,109648685413.8056
llama3-8b_conv300,274,7745497000.0,109963742773.8056
llama3-8b_conv300,275,7745497000.0,110278800133.8056
llama3-8b_conv300,276,7745497000.0,110593857493.8056
llama3-8b_conv300,277,7745497000.0,110908914853.8056
llama3-8b_conv300,278,7745497000.0,111223972213.8056
llama3-8b_conv300,279,7745497000.0,111539029573.8056
llama3-8b_conv300,280,7745497000.0,111854086933.8056
llama3-8b_conv300,281,7745497000.0,112169144293.8056
llama3-8b_conv300,282,7745497000.0,112484201653.8056
llama3-8b_conv300,283,7745497000.0,112799259013.8056
llama3-8b_conv300,284,7745497000.0,113114316373.8056
llama3-8b_conv300,285,7745497000.0,113429373733.8056
llama3-8b_conv300,286,7745497000.0,113744431093.8056
llama3-8b_conv300,287,7745497000.0,114059488453.8056
llama3-8b_conv300,288,7745497000.0,114374545813.8056
llama3-8b_conv300,289,7745497000.0,114689603173.8056
llama3-8b_conv300,290,7745497000.0,115004660533.8056
llama3-8b_conv300,291,7745497000.0,115319717893.8056
llama3-8b_conv300,292,8251431000.0,119139221904.65703
llama3-8b_conv300,293,8251431000.0,119454849376.65703
llama3-8b_conv300,294,8251431000.0,119770476848.65703
llama3-8b_conv300,295,8251431000.0,120086104320.65703
llama3-8b_conv300,296,8251431000.0,120401731792.65703
llama3-8b_conv300,297,8251431000.0,120717359264.65703
llama3-8b_conv300,298,8337078999.999999,121258339619.22275
llama3-8b_conv300,299,8337078999.999999,121574406131.22275
llama3-8b_conv300,300,8337078999.999999,121890472643.22275
llama3-8b_conv300,301,8337078999.999999,122206539155.22275
llama3-8b_conv300,302,8337078999.999999,122522605667.22275
llama3-8b_conv300,303,8337078999.999999,122838672179.22275
llama3-8b_conv300,304,8337078999.999999,123154738691.22275
llama3-8b_conv300,305,8337078999.999999,123470805203.22275
llama3-8b_conv300,306,8337078999.999999,123786871715.22275
llama3-8b_conv300,307,8337078999.999999,124102938227.22275
llama3-8b_conv300,308,8464985000.0,126189410653.95988
llama3-8b_conv300,309,8464985000.0,126505916205.95988
llama3-8b_conv300,310,8464985000.0,126822421757.95988
llama3-8b_conv300,311,8464985000.0,127138891469.95988
llama3-8b_conv300,312,8464985000.0,127454957981.95988
llama3-8b_conv300,313,8464985000.0,127771024493.95988
llama3-8b_conv300,314,8464985000.0,128087091005.95988
llama3-8b_conv300,315,8464985000.0,128403157517.95988
llama3-8b_conv300,316,8464985000.0,128719224029.95988
llama3-8b_conv300,317,8464985000.0,129035290541.95988
llama3-8b_conv300,318,8464985000.0,129351357053.95988
llama3-8b_conv300,319,8464985000.0,129667423565.95988
llama3-8b_conv300,320,8464985000.0,129983490077.95988
llama3-8b_conv300,321,8464985000.0,130299556589.95988
llama3-8b_conv300,322,8464985000.0,130615623101.95988
llama3-8b_conv300,323,8464985000.0,130931689613.95988
llama3-8b_conv300,324,8464985000.0,131247756125.95988
llama3-8b_conv300,325,8464985000.0,131563822637.95988
llama3-8b_conv300,326,8464985000.0,131879889149.95988
llama3-8b_conv300,327,8464985000.0,132195955661.95988
llama3-8b_conv300,328,8464985000.0,132512022173.95988
llama3-8b_conv300,329,8700213000.0,136404793670.26846
llama3-8b_conv300,330,8700213000.0,136721430294.26846
llama3-8b_conv300,331,8700213000.0,137038066918.26846
llama3-8b_conv300,332,8700213000.0,137354703542.26846
llama3-8b_conv300,333,8700213000.0,137671340166.26846
llama3-8b_conv300,334,8700213000.0,137987976790.26846
llama3-8b_conv300,335,8700213000.0,138304613414.26846
llama3-8b_conv300,336,8700213000.0,138621250038.26846
llama3-8b_conv300,337,8700213000.0,138937886662.26846
llama3-8b_conv300,338,8700213000.0,139254523286.26846
llama3-8b_conv300,339,8700213000.0,139571159910.26846
llama3-8b_conv300,340,8700213000.0,139887796534.26846
llama3-8b_conv300,341,8700213000.0,140204433158.26846
llama3-8b_conv300,342,8700213000.0,140521069782.26846
llama3-8b_conv300,343,8700213000.0,140837706406.26846
llama3-8b_conv300,344,8700213000.0,141154343030.26846
llama3-8b_conv300,345,8700213000.0,141470979654.26846
llama3-8b_conv300,346,8700213000.0,141787616278.26846
llama3-8b_conv300,347,8700213000.0,142104252902.26846
llama3-8b_conv300,348,8700213000.0,142420889526.26846
llama3-8b_conv300,349,8700213000.0,142737490310.26846
llama3-8b_conv300,350,8700213000.0,143054192470.26846
llama3-8b_conv300,351,8700213000.0,143370894630.26846
llama3-8b_conv300,352,8700213000.0,143687596790.26846
llama3-8b_conv300,353,8700213000.0,144004298950.26846
llama3-8b_conv300,354,8700213000.0,144320965270.26846
llama3-8b_conv300,355,8700213000.0,144637732966.26846
llama3-8b_conv300,356,8700213000.0,144954500662.26846
llama3-8b_conv300,357,8700213000.0,145271268358.26846
llama3-8b_conv300,358,8700213000.0,145588036054.26846
llama3-8b_conv300,359,8700213000.0,145904803750.26846
llama3-8b_conv300,360,8700213000.0,146221571446.26846
llama3-8b_conv300,361,8700213000.0,146538339142.26846
llama3-8b_conv300,362,8700213000.0,146855106838.26846
llama3-8b_conv300,363,8700213000.0,147171874534.26846
llama3-8b_conv300,364,8700213000.0,147488642230.26846
llama3-8b_conv300,365,8700213000.0,147805409926.26846
llama3-8b_conv300,366,8700213000.0,148122177622.26846
llama3-8b_conv300,367,8700213000.0,148438945318.26846
llama3-8b_conv300,368,8700213000.0,148755713014.26846
llama3-8b_conv300,369,8700213000.0,149072480710.26846
llama3-8b_conv300,370,8700213000.0,149389248406.26846
llama3-8b_conv300,371,8700213000.0,149706016102.26846
llama3-8b_conv300,372,8700213000.0,150022783798.26846
llama3-8b_conv300,373,8700213000.0,150339551494.26846
llama3-8b_conv300,374,8700213000.0,150656319190.26846
llama3-8b_conv300,375,8700213000.0,150973086886.26846
llama3-8b_conv300,376,8700213000.0,151289284470.26846
llama3-8b_conv300,377,8700213000.0,151605482054.26846
llama3-8b_conv300,378,8700213000.0,151921679638.26846
llama3-8b_conv300,379,8700213000.0,152237877222.26846
llama3-8b_conv300,380,8700213000.0,152554074806.26846
llama3-8b_conv300,381,8700213000.0,152870272390.26846
llama3-8b_conv300,382,8700213000.0,153186469974.26846
llama3-8b_conv300,383,8700213000.0,153502667558.26846
llama3-8b_conv300,384,8700213000.0,153818865142.26846
llama3-8b_conv300,385,8700213000.0,154135062726.26846
llama3-8b_conv300,386,8700213000.0,154451260310.26846
llama3-8b_conv300,387,8700213000.0,154767457894.26846
llama3-8b_conv300,388,8700213000.0,155083655478.26846
llama3-8b_conv300,389,8700213000.0,155399853062.26846
llama3-8b_conv300,390,8700213000.0,155716050646.26846
llama3-8b_conv300,391,8700213000.0,156032248230.26846
llama3-8b_conv300,392,9427468000.0,159925150798.57703
llama3-8b_conv300,393,9427468000.0,160241918494.57703
llama3-8b_conv300,394,9427468000.0,160558686190.57703
llama3-8b_conv300,395,9427468000.0,160875453886.57703
llama3-8b_conv300,396,9427468000.0,161192221582.57703
llama3-8b_conv300,397,9427468000.0,161507894878.57703
llama3-8b_conv300,398,9427468000.0,161823568174.57703
llama3-8b_conv300,399,9427468000.0,162139241470.57703
llama3-8b_conv300,400,9427468000.0,162454914766.57703
llama3-8b_conv300,401,9427468000.0,162770588062.57703
llama3-8b_conv300,402,9427468000.0,163086261358.57703
llama3-8b_conv300,403,9427468000.0,163401934654.57703
llama3-8b_conv300,404,9582558000.0,163667540763.45703
llama3-8b_conv300,405,9582558000.0,163937316600.33704
llama3-8b_conv300,406,9582558000.0,167905564061.10275
llama3-8b_conv300,407,9582558000.0,168222266221.10275
llama3-8b_conv300,408,9582558000.0,168538968381.10275
llama3-8b_conv300,409,9582558000.0,168855670541.10275
llama3-8b_conv300,410,9582558000.0,169172372701.10275
llama3-8b_conv300,411,9582558000.0,169489074861.10275
llama3-8b_conv300,412,9582558000.0,169805777021.10275
llama3-8b_conv300,413,9582558000.0,170122479181.10275
llama3-8b_conv300,414,9582558000.0,170439181341.10275
llama3-8b_conv300,415,9582558000.0,170755883501.10275
llama3-8b_conv300,416,9582558000.0,171072585661.10275
llama3-8b_conv300,417,9582558000.0,171389287821.10275
llama3-8b_conv300,418,9582558000.0,171705989981.10275
llama3-8b_conv300,419,9582558000.0,172022692141.10275
llama3-8b_conv300,420,9582558000.0,172339394301.10275
llama3-8b_conv300,421,9582558000.0,172656096461.10275
llama3-8b_conv300,422,9582558000.0,172972798621.10275
llama3-8b_conv300,423,9582558000.0,173289500781.10275
llama3-8b_conv300,424,9582558000.0,173606202941.10275
llama3-8b_conv300,425,9582558000.0,173922905101.10275
llama3-8b_conv300,426,9582558000.0,174239607261.10275
llama3-8b_conv300,427,9582558000.0,174556309421.10275
llama3-8b_conv300,428,9582558000.0,174873011581.10275
llama3-8b_conv300,429,9582558000.0,175189713741.10275
llama3-8b_conv300,430,9582558000.0,175506415901.10275
llama3-8b_conv300,431,9582558000.0,175823118061.10275
llama3-8b_conv300,432,9582558000.0,176139820221.10275
llama3-8b_conv300,433,9582558000.0,176456522381.10275
llama3-8b_conv300,434,9582558000.0,176773224541.10275
llama3-8b_conv300,435,9582558000.0,177089926701.10275
llama3-8b_conv300,436,9582558000.0,177406628861.10275
llama3-8b_conv300,437,9582558000.0,177723331021.10275
llama3-8b_conv300,438,9582558000.0,178040033181.10275
llama3-8b_conv300,439,9582558000.0,178356735341.10275
llama3-8b_conv300,440,9582558000.0,178673437501.10275
llama3-8b_conv300,441,9582558000.0,178990139661.10275
llama3-8b_conv300,442,9582558000.0,179306841821.10275
llama3-8b_conv300,443,9582558000.0,179623543981.10275
llama3-8b_conv300,444,10106379000.0,179890036876.98276
llama3-8b_conv300,445,10106379000.0,180160691308.86276
llama3-8b_conv300,446,10106379000.0,180435471436.74277
llama3-8b_conv300,447,10106379000.0,180714514476.62277
llama3-8b_conv300,448,10106379000.0,182636068021.2742
llama3-8b_conv300,449,10106379000.0,182954323333.2742
llama3-8b_conv300,450,10106379000.0,183272578645.2742
llama3-8b_conv300,451,10106379000.0,183590263845.2742
llama3-8b_conv300,452,10106379000.0,183907949045.2742
llama3-8b_conv300,453,10106379000.0,184224998597.2742
llama3-8b_conv300,454,10106379000.0,184542048149.2742
llama3-8b_conv300,455,10106379000.0,184859097701.2742
llama3-8b_conv300,456,10106379000.0,185176147253.2742
llama3-8b_conv300,457,10106379000.0,185493196805.2742
llama3-8b_conv300,458,10106379000.0,185810246357.2742
llama3-8b_conv300,459,10106379000.0,186127295909.2742
llama3-8b_conv300,460,10106379000.0,186443840885.2742
llama3-8b_conv300,461,10106379000.0,186760385861.2742
llama3-8b_conv300,462,10106379000.0,187076930837.2742
llama3-8b_conv300,463,9582558000.0,187391988197.2742
llama3-8b_conv300,464,9582558000.0,187707045557.2742
llama3-8b_conv300,465,9582558000.0,188022102917.2742
llama3-8b_conv300,466,9582558000.0,188337160277.2742
llama3-8b_conv300,467,9582558000.0,188652217637.2742
llama3-8b_conv300,468,9582558000.0,188967274997.2742
llama3-8b_conv300,469,9582558000.0,189282332357.2742
llama3-8b_conv300,470,9582558000.0,189597389717.2742
llama3-8b_conv300,471,10546126000.0,193425960467.18277
llama3-8b_conv300,472,10546126000.0,193741587939.18277
llama3-8b_conv300,473,10546126000.0,194057215411.18277
llama3-8b_conv300,474,10546126000.0,194372842883.18277
llama3-8b_conv300,475,10546126000.0,194688470355.18277
llama3-8b_conv300,476,10546126000.0,195004097827.18277
llama3-8b_conv300,477,10546126000.0,195319725299.18277
llama3-8b_conv300,478,10546126000.0,195635352771.18277
llama3-8b_conv300,479,10546126000.0,195950980243.18277
llama3-8b_conv300,480,10546126000.0,196266607715.18277
llama3-8b_conv300,481,10546126000.0,196582235187.18277
llama3-8b_conv300,482,10546126000.0,196897862659.18277
llama3-8b_conv300,483,10546126000.0,197213490131.18277
llama3-8b_conv300,484,10546126000.0,197529117603.18277
llama3-8b_conv300,485,10546126000.0,197844745075.18277
llama3-8b_conv300,486,10546126000.0,198160372547.18277
llama3-8b_conv300,487,10546126000.0,198476000019.18277
llama3-8b_conv300,488,10546126000.0,198791627491.18277
llama3-8b_conv300,489,10546126000.0,199107254963.18277
llama3-8b_conv300,490,10546126000.0,199422882435.18277
llama3-8b_conv300,491,10546126000.0,199738509907.18277
llama3-8b_conv300,492,10546126000.0,200054137379.18277
llama3-8b_conv300,493,10546126000.0,200369764851.18277
llama3-8b_conv300,494,10546126000.0,200685392323.18277
llama3-8b_conv300,495,10546126000.0,201001019795.18277
llama3-8b_conv300,496,10546126000.0,201316647267.18277
llama3-8b_conv300,497,10546126000.0,201632274739.18277
llama3-8b_conv300,498,10546126000.0,201947866371.18277
llama3-8b_conv300,499,10546126000.0,202263559379.18277
llama3-8b_conv300,500,10546126000.0,202579252387.18277
llama3-8b_conv300,501,10546126000.0,202894945395.18277
llama3-8b_conv300,502,10546126000.0,203210638403.18277
llama3-8b_conv300,503,10546126000.0,203526331411.18277
llama3-8b_conv300,504,10546126000.0,203842024419.18277
llama3-8b_conv300,505,10546126000.0,204157717427.18277
llama3-8b_conv300,506,10546126000.0,204473410435.18277
llama3-8b_conv300,507,10546126000.0,204789103443.18277
llama3-8b_conv300,508,10546126000.0,205104796451.18277
llama3-8b_conv300,509,10546126000.0,205420489459.18277
llama3-8b_conv300,510,10546126000.0,205736182467.18277
llama3-8b_conv300,511,10546126000.0,206051875475.18277
llama3-8b_conv300,512,10546126000.0,206367568483.18277
llama3-8b_conv300,513,10546126000.0,206683261491.18277
llama3-8b_conv300,514,10546126000.0,206998954499.18277
llama3-8b_conv300,515,10546126000.0,207314647507.18277
llama3-8b_conv300,516,10546126000.0,207630340515.18277
llama3-8b_conv300,517,10546126000.0,207946033523.18277
llama3-8b_conv300,518,10546126000.0,208261726531.18277
llama3-8b_conv300,519,10546126000.0,208577419539.18277
llama3-8b_conv300,520,10546126000.0,208893112547.18277
llama3-8b_conv300,521,10546126000.0,209208805555.18277
llama3-8b_conv300,522,10546126000.0,209524498563.18277
llama3-8b_conv300,523,10546126000.0,209840191571.18277
llama3-8b_conv300,524,11157911000.0,213914162352.6342
llama3-8b_conv300,525,11157911000.0,214230425472.6342
llama3-8b_conv300,526,11157911000.0,214546688592.6342
llama3-8b_conv300,527,11157911000.0,214862951712.6342
llama3-8b_conv300,528,11157911000.0,215179214832.6342
llama3-8b_conv300,529,11157911000.0,215495477952.6342
llama3-8b_conv300,530,11157911000.0,215811741072.6342
llama3-8b_conv300,531,11157911000.0,216128004192.6342
llama3-8b_conv300,532,11157911000.0,216444267312.6342
llama3-8b_conv300,533,11157911000.0,216760530432.6342
llama3-8b_conv300,534,11157911000.0,217076793552.6342
llama3-8b_conv300,535,11157911000.0,217393056672.6342
llama3-8b_conv300,536,11157911000.0,217709319792.6342
llama3-8b_conv300,537,11157911000.0,218025582912.6342
llama3-8b_conv300,538,11157911000.0,218341846032.6342
llama3-8b_conv300,539,11157911000.0,218658109152.6342
llama3-8b_conv300,540,11157911000.0,218974372272.6342
llama3-8b_conv300,541,11157911000.0,219290635392.6342
llama3-8b_conv300,542,11157911000.0,219606898512.6342
llama3-8b_conv300,543,11157911000.0,219923161632.6342
llama3-8b_conv300,544,11157911000.0,220239424752.6342
llama3-8b_conv300,545,11157911000.0,220555687872.6342
llama3-8b_conv300,546,11430904000.0,221622894220.6342
llama3-8b_conv300,547,11430904000.0,221939311708.6342
llama3-8b_conv300,548,11430904000.0,222255729196.6342
llama3-8b_conv300,549,11430904000.0,222572146684.6342
llama3-8b_conv300,550,11430904000.0,222888564172.6342
llama3-8b_conv300,551,11430904000.0,223204981660.6342
llama3-8b_conv300,552,11430904000.0,223521399148.6342
llama3-8b_conv300,553,11430904000.0,223837999932.6342
llama3-8b_conv300,554,11430904000.0,224154702092.6342
llama3-8b_conv300,555,11430904000.0,224471404252.6342
llama3-8b_conv300,556,11430904000.0,224788106412.6342
llama3-8b_conv300,557,11430904000.0,225104808572.6342
llama3-8b_conv300,558,11157911000.0,225421071692.6342
llama3-8b_conv300,559,11157911000.0,225737334812.6342
llama3-8b_conv300,560,11157911000.0,226053597932.6342
llama3-8b_conv300,561,11157911000.0,226369290940.6342
llama3-8b_conv300,562,11157911000.0,226684983948.6342
llama3-8b_conv300,563,11157911000.0,227000676956.6342
llama3-8b_conv300,564,11157911000.0,227316369964.6342
llama3-8b_conv300,565,11157911000.0,227632062972.6342
llama3-8b_conv300,566,11157911000.0,227947755980.6342
llama3-8b_conv300,567,11157911000.0,228263448988.6342
llama3-8b_conv300,568,11157911000.0,228579141996.6342
llama3-8b_conv300,569,11157911000.0,228894835004.6342
llama3-8b_conv300,570,11157911000.0,229210528012.6342
llama3-8b_conv300,571,11157911000.0,229526221020.6342
llama3-8b_conv300,572,11157911000.0,229841914028.6342
llama3-8b_conv300,573,11157911000.0,230157607036.6342
llama3-8b_conv300,574,11157911000.0,230473300044.6342
llama3-8b_conv300,575,11157911000.0,230788993052.6342
llama3-8b_conv300,576,11157911000.0,231104686060.6342
llama3-8b_conv300,577,11157911000.0,231420379068.6342
llama3-8b_conv300,578,11157911000.0,231736072076.6342
llama3-8b_conv300,579,11157911000.0,232051765084.6342
llama3-8b_conv300,580,11157911000.0,232366363692.6342
llama3-8b_conv300,581,11157911000.0,232680962300.6342
llama3-8b_conv300,582,11836633000.0,238105922018.3999
llama3-8b_conv300,583,11836633000.0,238421025202.3999
llama3-8b_conv300,584,11836633000.0,238736128386.3999
llama3-8b_conv300,585,11836633000.0,239051231570.3999
llama3-8b_conv300,586,11836633000.0,239366334754.3999
llama3-8b_conv300,587,11836633000.0,239681437938.3999
llama3-8b_conv300,588,11836633000.0,239996541122.3999
llama3-8b_conv300,589,11836633000.0,240311644306.3999
llama3-8b_conv300,590,11836633000.0,240626747490.3999
llama3-8b_conv300,591,11836633000.0,240941850674.3999
llama3-8b_conv300,592,11836633000.0,241256953858.3999
llama3-8b_conv300,593,11836633000.0,241572057042.3999
llama3-8b_conv300,594,11836633000.0,241887160226.3999
llama3-8b_conv300,595,11836633000.0,242202263410.3999
llama3-8b_conv300,596,11836633000.0,242517330754.3999
llama3-8b_conv300,597,11836633000.0,242832499474.3999
llama3-8b_conv300,598,11836633000.0,243147668194.3999
llama3-8b_conv300,599,11836633000.0,243462836914.3999
llama3-8b_conv300,600,11836633000.0,243778005634.3999
llama3-8b_conv300,601,11836633000.0,244093174354.3999
llama3-8b_conv300,602,11836633000.0,244408343074.3999
llama3-8b_conv300,603,11836633000.0,244723511794.3999
llama3-8b_conv300,604,11836633000.0,245038680514.3999
llama3-8b_conv300,605,11836633000.0,245353849234.3999
llama3-8b_conv300,606,11836633000.0,245669017954.3999
llama3-8b_conv300,607,11836633000.0,245984186674.3999
llama3-8b_conv300,608,11836633000.0,246299355394.3999
llama3-8b_conv300,609,11836633000.0,246614524114.3999
llama3-8b_conv300,610,11836633000.0,246929692834.3999
llama3-8b_conv300,611,11836633000.0,247244861554.3999
llama3-8b_conv300,612,11836633000.0,247560030274.3999
llama3-8b_conv300,613,11836633000.0,247875198994.3999
llama3-8b_conv300,614,11836633000.0,248190367714.3999
llama3-8b_conv300,615,11836633000.0,248505536434.3999
llama3-8b_conv300,616,11836633000.0,248820705154.3999
llama3-8b_conv300,617,11836633000.0,249135873874.3999
llama3-8b_conv300,618,11836633000.0,249451042594.3999
llama3-8b_conv300,619,11836633000.0,249766211314.3999
llama3-8b_conv300,620,11836633000.0,250081344194.3999
llama3-8b_conv300,621,11836633000.0,250396578450.3999
llama3-8b_conv300,622,11836633000.0,250711812706.3999
llama3-8b_conv300,623,11836633000.0,251027046962.3999
llama3-8b_conv300,624,11836633000.0,251342281218.3999
llama3-8b_conv300,625,11836633000.0,251657515474.3999
llama3-8b_conv300,626,11836633000.0,251972749730.3999
llama3-8b_conv300,627,11836633000.0,252287983986.3999
llama3-8b_conv300,628,11836633000.0,252603218242.3999
llama3-8b_conv300,629,11836633000.0,252918452498.3999
llama3-8b_conv300,630,11836633000.0,253233051106.3999
llama3-8b_conv300,631,11836633000.0,253547649714.3999
llama3-8b_conv300,632,11836633000.0,253862248322.3999
llama3-8b_conv300,633,11836633000.0,254176846930.3999
llama3-8b_conv300,634,11836633000.0,254491445538.3999
llama3-8b_conv300,635,11836633000.0,254806044146.3999
llama3-8b_conv300,636,11836633000.0,255120642754.3999
llama3-8b_conv300,637,11836633000.0,255435241362.3999
llama3-8b_conv300,638,11836633000.0,255749839970.3999
llama3-8b_conv300,639,11836633000.0,256064438578.3999
llama3-8b_conv300,640,11836633000.0,256379037186.3999
llama3-8b_conv300,641,11836633000.0,256693635794.3999
llama3-8b_conv300,642,11836633000.0,257008234402.3999
llama3-8b_conv300,643,11836633000.0,257322833010.3999
llama3-8b_conv300,644,11836633000.0,257637431618.3999
llama3-8b_conv300,645,11836633000.0,257952030226.3999
llama3-8b_conv300,646,11836633000.0,258266628834.3999
llama3-8b_conv300,647,11836633000.0,258581227442.3999
llama3-8b_conv300,648,11836633000.0,258895826050.3999
llama3-8b_conv300,649,11836633000.0,259210424658.3999
llama3-8b_conv300,650,11836633000.0,259525023266.3999
llama3-8b_conv300,651,11836633000.0,259839621874.3999
llama3-8b_conv300,652,11836633000.0,260154220482.3999
llama3-8b_conv300,653,11836633000.0,260468819090.3999
llama3-8b_conv300,654,11836633000.0,260783417698.3999
llama3-8b_conv300,655,11836633000.0,263126675546.42276
llama3-8b_conv300,656,12886545000.0,263127068679.42276
llama3-8b_conv300,657,12886545000.0,263441536215.42276
llama3-8b_conv300,658,12886545000.0,263756003751.42276
llama3-8b_conv300,659,12886545000.0,264070471287.42276
llama3-8b_conv300,660,12886545000.0,264384938823.42276
llama3-8b_conv300,661,12886545000.0,264699406359.42276
llama3-8b_conv300,662,12886545000.0,265013873895.42276
llama3-8b_conv300,663,12886545000.0,265328341431.42276
llama3-8b_conv300,664,12886545000.0,265642808967.42276
llama3-8b_conv300,665,12886545000.0,265957276503.42276
llama3-8b_conv300,666,12886545000.0,266271744039.42276
llama3-8b_conv300,667,12886545000.0,266586211575.42276
llama3-8b_conv300,668,12886545000.0,266900679111.42276
llama3-8b_conv300,669,13025088000.0,267165363614.30276
llama3-8b_conv300,670,13025088000.0,267434234229.18277
llama3-8b_conv300,671,13049843000.0,267703227727.06277
llama3-8b_conv300,672,13049843000.0,268021373599.06277
llama3-8b_conv300,673,13049843000.0,268337309039.06277
llama3-8b_conv300,674,13049843000.0,268653244479.06277
llama3-8b_conv300,675,13049843000.0,268969179919.06277
llama3-8b_conv300,676,13049843000.0,269285115359.06277
llama3-8b_conv300,677,13049843000.0,269601050799.06277
llama3-8b_conv300,678,13049843000.0,269916986239.06277
llama3-8b_conv300,679,13049843000.0,270232921679.06277
llama3-8b_conv300,680,13049843000.0,270548857119.06277
llama3-8b_conv300,681,13049843000.0,270864792559.06277
llama3-8b_conv300,682,13049843000.0,271180727999.06277
llama3-8b_conv300,683,13049843000.0,271496663439.06277
llama3-8b_conv300,684,13049843000.0,271812598879.06277
llama3-8b_conv300,685,13049843000.0,272128534319.06277
llama3-8b_conv300,686,13049843000.0,272444469759.06277
llama3-8b_conv300,687,13049843000.0,272760405199.06277
llama3-8b_conv300,688,13049843000.0,273076340639.06277
llama3-8b_conv300,689,13049843000.0,273392276079.06277
llama3-8b_conv300,690,13049843000.0,273708211519.06277
llama3-8b_conv300,691,13049843000.0,274024146959.06277
llama3-8b_conv300,692,13049843000.0,274340082399.06277
llama3-8b_conv300,693,13049843000.0,274656017839.06277
llama3-8b_conv300,694,13049843000.0,274971953279.06274
llama3-8b_conv300,695,13049843000.0,275287888719.06274
llama3-8b_conv300,696,13049843000.0,275603824159.06274
llama3-8b_conv300,697,13049843000.0,275919759599.06274
llama3-8b_conv300,698,13049843000.0,276235695039.06274
llama3-8b_conv300,699,13049843000.0,276551630479.06274
llama3-8b_conv300,700,13049843000.0,276867565919.06274
llama3-8b_conv300,701,13049843000.0,277183501359.06274
llama3-8b_conv300,702,13049843000.0,277499436799.06274
llama3-8b_conv300,703,13049843000.0,277815372239.06274
llama3-8b_conv300,704,13049843000.0,278131307679.06274
llama3-8b_conv300,705,13049843000.0,278447207279.06274
llama3-8b_conv300,706,13049843000.0,278763208255.06274
llama3-8b_conv300,707,13049843000.0,279079209231.06274
llama3-8b_conv300,708,13049843000.0,279395210207.06274
llama3-8b_conv300,709,13049843000.0,279711211183.06274
llama3-8b_conv300,710,13049843000.0,280027212159.06274
llama3-8b_conv300,711,13049843000.0,280343213135.06274
llama3-8b_conv300,712,13049843000.0,280659214111.06274
llama3-8b_conv300,713,13049843000.0,280975215087.06274
llama3-8b_conv300,714,13049843000.0,281291216063.06274
llama3-8b_conv300,715,13049843000.0,281607217039.06274
llama3-8b_conv300,716,13049843000.0,281923218015.06274
llama3-8b_conv300,717,13049843000.0,282239218991.06274
llama3-8b_conv300,718,13049843000.0,282555219967.06274
llama3-8b_conv300,719,13049843000.0,282871220943.06274
llama3-8b_conv300,720,13049843000.0,283187221919.06274
llama3-8b_conv300,721,13049843000.0,283503222895.06274
llama3-8b_conv300,722,13049843000.0,283819223871.06274
llama3-8b_conv300,723,13049843000.0,284135224847.06274
llama3-8b_conv300,724,13049843000.0,284451225823.06274
llama3-8b_conv300,725,13049843000.0,284767190959.06274
llama3-8b_conv300,726,13049843000.0,285083257471.06274
llama3-8b_conv300,727,13049843000.0,285399323983.06274
llama3-8b_conv300,728,13049843000.0,285715390495.06274
llama3-8b_conv300,729,13049843000.0,286031457007.06274
llama3-8b_conv300,730,13049843000.0,286347487679.06274
llama3-8b_conv300,731,13049843000.0,286663619727.06274
llama3-8b_conv300,732,13049843000.0,286979751775.06274
llama3-8b_conv300,733,13049843000.0,287295883823.06274
llama3-8b_conv300,734,13049843000.0,287612015871.06274
llama3-8b_conv300,735,13049843000.0,287928147919.06274
llama3-8b_conv300,736,13049843000.0,288244279967.06274
llama3-8b_conv300,737,13049843000.0,288560412015.06274
llama3-8b_conv300,738,13049843000.0,288876544063.06274
llama3-8b_conv300,739,13049843000.0,289192676111.06274
llama3-8b_conv300,740,13049843000.0,289508808159.06274
llama3-8b_conv300,741,13049843000.0,289824940207.06274
llama3-8b_conv300,742,13049843000.0,290141072255.06274
llama3-8b_conv300,743,13049843000.0,290457204303.06274
llama3-8b_conv300,744,13049843000.0,290773336351.06274
llama3-8b_conv300,745,13049843000.0,291089468399.06274
llama3-8b_conv300,746,13049843000.0,291405600447.06274
llama3-8b_conv300,747,13049843000.0,291721732495.06274
llama3-8b_conv300,748,13049843000.0,292037864543.06274
llama3-8b_conv300,749,13049843000.0,292353996591.06274
llama3-8b_conv300,750,13049843000.0,292670128639.06274
llama3-8b_conv300,751,13049843000.0,292986260687.06274
llama3-8b_conv300,752,13049843000.0,293302392735.06274
llama3-8b_conv300,753,14059550000.0,295877050747.1999
llama3-8b_conv300,754,14059550000.0,296193621835.1999
llama3-8b_conv300,755,14059550000.0,296510192923.1999
llama3-8b_conv300,756,14097780000.0,300357997031.2227
llama3-8b_conv300,757,14097780000.0,300675138231.2227
llama3-8b_conv300,758,14097780000.0,300992279431.2227
llama3-8b_conv300,759,14097780000.0,301309420631.2227
llama3-8b_conv300,760,14097780000.0,301626561831.2227
llama3-8b_conv300,761,14097780000.0,301943703031.2227
llama3-8b_conv300,762,14097780000.0,302260844231.2227
llama3-8b_conv300,763,14097780000.0,302577985431.2227
llama3-8b_conv300,764,14097780000.0,302895126631.2227
llama3-8b_conv300,765,14097780000.0,303212267831.2227
llama3-8b_conv300,766,14097780000.0,303529409031.2227
llama3-8b_conv300,767,14097780000.0,303846550231.2227
llama3-8b_conv300,768,14097780000.0,304163691431.2227
llama3-8b_conv300,769,14097780000.0,304480832631.2227
llama3-8b_conv300,770,14097780000.0,304797973831.2227
llama3-8b_conv300,771,14097780000.0,305115115031.2227
llama3-8b_conv300,772,14293309000.0,305381904940.1027
llama3-8b_conv300,773,14293309000.0,305652848192.9827
llama3-8b_conv300,774,14293309000.0,305927944789.86273
llama3-8b_conv300,775,14293309000.0,306207194730.74274
llama3-8b_conv300,776,14293309000.0,306491785855.62274
llama3-8b_conv300,777,14293309000.0,306780530324.50275
llama3-8b_conv300,778,14293309000.0,307073428137.38275
llama3-8b_conv300,779,14293309000.0,310074226977.0056
llama3-8b_conv300,780,14293309000.0,310393773347.0056
llama3-8b_conv300,781,14293309000.0,310713319717.0056
llama3-8b_conv300,782,14293309000.0,311032866087.0056
llama3-8b_conv300,783,14293309000.0,311352412457.0056
llama3-8b_conv300,784,14293309000.0,311671958827.0056
llama3-8b_conv300,785,14293309000.0,311991505197.0056
llama3-8b_conv300,786,14293309000.0,312311051567.0056
llama3-8b_conv300,787,14293309000.0,312630597937.0056
llama3-8b_conv300,788,14293309000.0,312950144307.0056
llama3-8b_conv300,789,14293309000.0,313269690677.0056
llama3-8b_conv300,790,14293309000.0,313589237047.0056
llama3-8b_conv300,791,14293309000.0,313908783417.0056
llama3-8b_conv300,792,14293309000.0,314228329787.0056
llama3-8b_conv300,793,14293309000.0,314547876157.0056
llama3-8b_conv300,794,14293309000.0,314867422527.0056
llama3-8b_conv300,795,14293309000.0,315186968897.0056
llama3-8b_conv300,796,14293309000.0,315506515267.0056
llama3-8b_conv300,797,14293309000.0,315826061637.0056
llama3-8b_conv300,798,14293309000.0,316145608007.0056
llama3-8b_conv300,799,14293309000.0,316465154377.0056
llama3-8b_conv300,800,14293309000.0,316784700747.0056
llama3-8b_conv300,801,14293309000.0,317104247117.0056
llama3-8b_conv300,802,14293309000.0,317423793487.0056
llama3-8b_conv300,803,14293309000.0,317743339857.0056
llama3-8b_conv300,804,14293309000.0,318062886227.0056
llama3-8b_conv300,805,14293309000.0,318382432597.0056
llama3-8b_conv300,806,14293309000.0,318701978967.0056
llama3-8b_conv300,807,14293309000.0,319021525337.0056
llama3-8b_conv300,808,14293309000.0,319341071707.0056
llama3-8b_conv300,809,14293309000.0,319660618077.0056
llama3-8b_conv300,810,14293309000.0,319979594285.0056
llama3-8b_conv300,811,14293309000.0,320298570493.0056
llama3-8b_conv300,812,14293309000.0,320617546701.0056
llama3-8b_conv300,813,14293309000.0,320935428509.0056
llama3-8b_conv300,814,14293309000.0,321253310317.0056
llama3-8b_conv300,815,14293309000.0,321571192125.0056
llama3-8b_conv300,816,14293309000.0,321889073933.0056
llama3-8b_conv300,817,14293309000.0,322206955741.0056
llama3-8b_conv300,818,14293309000.0,322524332973.0056
llama3-8b_conv300,819,14293309000.0,322841710205.0056
llama3-8b_conv300,820,14293309000.0,323159087437.0056
llama3-8b_conv300,821,14293309000.0,323476464669.0056
llama3-8b_conv300,822,14293309000.0,323793841901.0056
llama3-8b_conv300,823,14293309000.0,324111219133.0056
llama3-8b_conv300,824,14293309000.0,324428091789.0056
llama3-8b_conv300,825,14293309000.0,324744964445.0056
llama3-8b_conv300,826,14293309000.0,325061837101.0056
llama3-8b_conv300,827,14293309000.0,325378673917.0056
llama3-8b_conv300,828,14293309000.0,325695612109.0056
llama3-8b_conv300,829,14293309000.0,326012550301.0056
llama3-8b_conv300,830,14293309000.0,326329488493.0056
llama3-8b_conv300,831,14293309000.0,326646426685.0056
llama3-8b_conv300,832,14293309000.0,326963364877.0056
llama3-8b_conv300,833,14293309000.0,327280303069.0056
llama3-8b_conv300,834,14293309000.0,327597241261.0056
llama3-8b_conv300,835,14293309000.0,327914179453.0056
llama3-8b_conv300,836,14293309000.0,328231117645.0056
llama3-8b_conv300,837,14293309000.0,328548055837.0056
llama3-8b_conv300,838,14293309000.0,328864994029.0056
llama3-8b_conv300,839,14293309000.0,329181932221.0056
llama3-8b_conv300,840,14293309000.0,329498834573.0056
llama3-8b_conv300,841,14059550000.0,329813367645.0056
llama3-8b_conv300,842,14059550000.0,330127900717.0056
llama3-8b_conv300,843,14059550000.0,330442433789.0056
llama3-8b_conv300,844,14059550000.0,330756966861.0056
llama3-8b_conv300,845,14059550000.0,331071499933.0056
llama3-8b_conv300,846,14059550000.0,331386033005.0056
llama3-8b_conv300,847,14059550000.0,331700566077.0056
llama3-8b_conv300,848,14059550000.0,332015099149.0056
llama3-8b_conv300,849,14059550000.0,332329632221.0056
llama3-8b_conv300,850,14059550000.0,332644165293.0056
llama3-8b_conv300,851,14059550000.0,332958698365.0056
llama3-8b_conv300,852,14059550000.0,333273231437.0056
llama3-8b_conv300,853,14059550000.0,333587764509.0056
llama3-8b_conv300,854,14059550000.0,333902297581.0056
llama3-8b_conv300,855,14059550000.0,334216830653.0056
llama3-8b_conv300,856,14059550000.0,334531363725.0056
llama3-8b_conv300,857,14059550000.0,334845896797.0056
llama3-8b_conv300,858,14059550000.0,335160429869.0056
llama3-8b_conv300,859,14059550000.0,335474962941.0056
llama3-8b_conv300,860,14059550000.0,335789496013.0056
llama3-8b_conv300,861,14059550000.0,336104029085.0056
llama3-8b_conv300,862,14059550000.0,336418562157.0056
llama3-8b_conv300,863,14059550000.0,336733095229.0056
llama3-8b_conv300,864,14059550000.0,337047628301.0056
llama3-8b_conv300,865,14059550000.0,337362161373.0056
llama3-8b_conv300,866,14059550000.0,337676694445.0056
llama3-8b_conv300,867,14059550000.0,337991227517.0056
llama3-8b_conv300,868,14059550000.0,338305760589.0056
llama3-8b_conv300,869,14059550000.0,338620293661.0056
llama3-8b_conv300,870,14059550000.0,338934826733.0056
llama3-8b_conv300,871,14059550000.0,339249359805.0056
llama3-8b_conv300,872,14059550000.0,339563892877.0056
llama3-8b_conv300,873,14059550000.0,339878425949.0056
llama3-8b_conv300,874,14059550000.0,340192959021.0056
llama3-8b_conv300,875,14059550000.0,340507492093.0056
llama3-8b_conv300,876,14059550000.0,340822025165.0056
llama3-8b_conv300,877,14059550000.0,341136558237.0056
llama3-8b_conv300,878,14059550000.0,341451091309.0056
llama3-8b_conv300,879,14059550000.0,341765624381.0056
llama3-8b_conv300,880,14059550000.0,342080157453.0056
llama3-8b_conv300,881,14059550000.0,342394690525.0056
llama3-8b_conv300,882,14059550000.0,342709223597.0056
llama3-8b_conv300,883,14059550000.0,343023756669.0056
llama3-8b_conv300,884,14059550000.0,343338289741.0056
llama3-8b_conv300,885,14059550000.0,343652822813.0056
llama3-8b_conv300,886,14059550000.0,343967355885.0056
llama3-8b_conv300,887,14059550000.0,344281888957.0056
llama3-8b_conv300,888,14059550000.0,344596422029.0056
llama3-8b_conv300,889,14059550000.0,344910955101.0056
llama3-8b_conv300,890,14059550000.0,345225488173.0056
llama3-8b_conv300,891,14059550000.0,345540021245.0056
llama3-8b_conv300,892,14059550000.0,345854554317.0056
llama3-8b_conv300,893,14059550000.0,346169087389.0056
llama3-8b_conv300,894,14059550000.0,346483620461.0056
llama3-8b_conv300,895,14059550000.0,346798153533.0056
llama3-8b_conv300,896,14059550000.0,347112686605.0056
llama3-8b_conv300,897,14059550000.0,347427219677.0056
llama3-8b_conv300,898,14059550000.0,347741752749.0056
llama3-8b_conv300,899,14059550000.0,348056285821.0056
llama3-8b_conv300,900,14059550000.0,348370818893.0056
llama3-8b_conv300,901,14059550000.0,348685351965.0056
llama3-8b_conv300,902,14059550000.0,348999885037.0056
llama3-8b_conv300,903,14059550000.0,349314418109.0056
llama3-8b_conv300,904,14059550000.0,349628951181.0056
llama3-8b_conv300,905,14059550000.0,349943484253.0056
llama3-8b_conv300,906,14059550000.0,350519502163.5657
llama3-8b_conv300,907,17420918000.0,350519895296.5657
llama3-8b_conv300,908,17420918000.0,350788127673.5657
llama3-8b_conv300,909,17420918000.0,351060554354.5657
llama3-8b_conv300,910,17420918000.0,351337175339.5657
llama3-8b_conv300,911,17420918000.0,351618781156.5657
llama3-8b_conv300,912,17420918000.0,351937675124.5657
llama3-8b_conv300,913,17420918000.0,352253387844.5657
llama3-8b_conv300,914,17420918000.0,352569100564.5657
llama3-8b_conv300,915,17420918000.0,352884813284.5657
llama3-8b_conv300,916,17420918000.0,353200526004.5657
llama3-8b_conv300,917,17420918000.0,353516238724.5657
llama3-8b_conv300,918,17420918000.0,353831951444.5657
llama3-8b_conv300,919,17420918000.0,354147664164.5657
llama3-8b_conv300,920,17420918000.0,354463376884.5657
llama3-8b_conv300,921,17420918000.0,354779089604.5657
llama3-8b_conv300,922,17420918000.0,355094802324.5657
llama3-8b_conv300,923,17420918000.0,355410515044.5657
llama3-8b_conv300,924,17420918000.0,355726227764.5657
llama3-8b_conv300,925,17420918000.0,356041940484.5657
llama3-8b_conv300,926,17420918000.0,356357653204.5657
llama3-8b_conv300,927,17792938000.0,358371513410.8457
llama3-8b_conv300,928,17792938000.0,358687665170.8457
llama3-8b_conv300,929,17792938000.0,359003816930.8457
llama3-8b_conv300,930,17792938000.0,359319968690.8457
llama3-8b_conv300,931,17792938000.0,359636120450.8457
llama3-8b_conv300,932,17792938000.0,359952272210.8457
llama3-8b_conv300,933,17792938000.0,360268423970.8457
llama3-8b_conv300,934,17792938000.0,360584575730.8457
llama3-8b_conv300,935,17792938000.0,360900727490.8457
llama3-8b_conv300,936,17792938000.0,361216879250.8457
llama3-8b_conv300,937,17792938000.0,361533031010.8457
llama3-8b_conv300,938,17792938000.0,361849182770.8457
llama3-8b_conv300,939,17792938000.0,362165334530.8457
llama3-8b_conv300,940,17792938000.0,362481486290.8457
llama3-8b_conv300,941,17792938000.0,362797638050.8457
llama3-8b_conv300,942,17792938000.0,363113789810.8457
llama3-8b_conv300,943,17792938000.0,363429941570.8457
llama3-8b_conv300,944,17792938000.0,363746093330.8457
llama3-8b_conv300,945,17792938000.0,364062245090.8457
llama3-8b_conv300,946,17792938000.0,364378396850.8457
llama3-8b_conv300,947,17792938000.0,364694548610.8457
llama3-8b_conv300,948,17792938000.0,365010700370.8457
llama3-8b_conv300,949,17792938000.0,365326852130.8457
llama3-8b_conv300,950,17792938000.0,365643003890.8457
llama3-8b_conv300,951,17792938000.0,365959155650.8457
llama3-8b_conv300,952,17792938000.0,366275307410.8457
llama3-8b_conv300,953,17792938000.0,366591459170.8457
llama3-8b_conv300,954,17792938000.0,366907610930.8457
llama3-8b_conv300,955,17792938000.0,367223762690.8457
llama3-8b_conv300,956,17792938000.0,367539914450.8457
llama3-8b_conv300,957,17792938000.0,367856066210.8457
llama3-8b_conv300,958,17792938000.0,368172217970.8457
llama3-8b_conv300,959,18160513000.0,369496552059.8457
llama3-8b_conv300,960,18160513000.0,369813041483.8457
llama3-8b_conv300,961,18160513000.0,370129632283.8457
llama3-8b_conv300,962,18160513000.0,370446223083.8457
llama3-8b_conv300,963,18160513000.0,370762813883.8457
llama3-8b_conv300,964,18160513000.0,371079404683.8457
llama3-8b_conv300,965,18160513000.0,371395995483.8457
llama3-8b_conv300,966,18160513000.0,371712586283.8457
llama3-8b_conv300,967,18160513000.0,372029177083.8457
llama3-8b_conv300,968,18160513000.0,372345767883.8457
llama3-8b_conv300,969,18160513000.0,372662358683.8457
llama3-8b_conv300,970,18160513000.0,372978949483.8457
llama3-8b_conv300,971,18160513000.0,373295540283.8457
llama3-8b_conv300,972,18160513000.0,373612131083.8457
llama3-8b_conv300,973,18160513000.0,373928721883.8457
llama3-8b_conv300,974,18160513000.0,374245312683.8457
llama3-8b_conv300,975,18160513000.0,374561903483.8457
llama3-8b_conv300,976,18160513000.0,374878494283.8457
llama3-8b_conv300,977,18160513000.0,375195085083.8457
llama3-8b_conv300,978,18160513000.0,375511675883.8457
llama3-8b_conv300,979,18160513000.0,375828230843.8457
llama3-8b_conv300,980,18160513000.0,376144887179.8457
llama3-8b_conv300,981,18160513000.0,376461543515.8457
llama3-8b_conv300,982,18160513000.0,376778199851.8457
llama3-8b_conv300,983,18160513000.0,377094856187.8457
llama3-8b_conv300,984,18160513000.0,377411512523.8457
llama3-8b_conv300,985,18160513000.0,377728168859.8457
llama3-8b_conv300,986,18463892000.0,381576196196.8685
llama3-8b_conv300,987,18463892000.0,381893422644.8685
llama3-8b_conv300,988,18463892000.0,382210649092.8685
llama3-8b_conv300,989,18463892000.0,382527875540.8685
llama3-8b_conv300,990,18463892000.0,382845101988.8685
llama3-8b_conv300,991,18463892000.0,383162328436.8685
llama3-8b_conv300,992,18463892000.0,383479554884.8685
llama3-8b_conv300,993,18463892000.0,383796781332.8685
llama3-8b_conv300,994,18463892000.0,384114007780.8685
llama3-8b_conv300,995,18463892000.0,384431234228.8685
llama3-8b_conv300,996,18463892000.0,384748460676.8685
llama3-8b_conv300,997,18463892000.0,385065687124.8685
llama3-8b_conv300,998,18463892000.0,385382913572.8685
llama3-8b_conv300,999,18463892000.0,385700140020.8685
llama3-8b_conv300,1000,18463892000.0,386017366468.8685
llama3-8b_conv300,1001,18463892000.0,386334592916.8685
llama3-8b_conv300,1002,18463892000.0,386651819364.8685
llama3-8b_conv300,1003,18463892000.0,386969045812.8685
llama3-8b_conv300,1004,18463892000.0,387286272260.8685
llama3-8b_conv300,1005,18463892000.0,387603498708.8685
llama3-8b_conv300,1006,18463892000.0,387920725156.8685
llama3-8b_conv300,1007,18463892000.0,388237951604.8685
llama3-8b_conv300,1008,18463892000.0,388555178052.8685
llama3-8b_conv300,1009,18463892000.0,388872404500.8685
llama3-8b_conv300,1010,18463892000.0,389189630948.8685
llama3-8b_conv300,1011,18463892000.0,389506857396.8685
llama3-8b_conv300,1012,18463892000.0,389824083844.8685
llama3-8b_conv300,1013,18463892000.0,390141310292.8685
llama3-8b_conv300,1014,18463892000.0,390458536740.8685
llama3-8b_conv300,1015,18463892000.0,390775727348.8685
llama3-8b_conv300,1016,18463892000.0,391093019332.8685
llama3-8b_conv300,1017,18463892000.0,391410311316.8685
llama3-8b_conv300,1018,18463892000.0,391727603300.8685
llama3-8b_conv300,1019,18463892000.0,392044895284.8685
llama3-8b_conv300,1020,18463892000.0,392362187268.8685
llama3-8b_conv300,1021,18463892000.0,392679479252.8685
llama3-8b_conv300,1022,18463892000.0,392996771236.8685
llama3-8b_conv300,1023,18463892000.0,393314063220.8685
llama3-8b_conv300,1024,18463892000.0,393631355204.8685
llama3-8b_conv300,1025,18463892000.0,393948647188.8685
llama3-8b_conv300,1026,18463892000.0,394265939172.8685
llama3-8b_conv300,1027,18463892000.0,394583231156.8685
llama3-8b_conv300,1028,18463892000.0,394900523140.8685
llama3-8b_conv300,1029,18463892000.0,395217815124.8685
llama3-8b_conv300,1030,18979439000.0,395484897844.74854
llama3-8b_conv300,1031,18979439000.0,395756142100.62854
llama3-8b_conv300,1032,18979439000.0,396031547892.50854
llama3-8b_conv300,1033,18979439000.0,396311115220.38855
llama3-8b_conv300,1034,18979439000.0,396596031924.26855
llama3-8b_conv300,1035,18979439000.0,396915908484.26855
llama3-8b_conv300,1036,18979439000.0,397234819156.26855
llama3-8b_conv300,1037,18979439000.0,397553729828.26855
llama3-8b_conv300,1038,18979439000.0,397872640500.26855
llama3-8b_conv300,1039,18979439000.0,398191551172.26855
llama3-8b_conv300,1040,18979439000.0,398510461844.26855
llama3-8b_conv300,1041,18979439000.0,398829372516.26855
llama3-8b_conv300,1042,18979439000.0,399148283188.26855
llama3-8b_conv300,1043,18979439000.0,399467193860.26855
llama3-8b_conv300,1044,18979439000.0,399786104532.26855
llama3-8b_conv300,1045,18979439000.0,400105015204.26855
llama3-8b_conv300,1046,18979439000.0,400423890036.26855
llama3-8b_conv300,1047,18979439000.0,400742866244.26855
llama3-8b_conv300,1048,18979439000.0,401061842452.26855
llama3-8b_conv300,1049,18979439000.0,401380818660.26855
llama3-8b_conv300,1050,18979439000.0,401699794868.26855
llama3-8b_conv300,1051,18979439000.0,402018771076.26855
llama3-8b_conv300,1052,18979439000.0,402337747284.26855
llama3-8b_conv300,1053,18979439000.0,402656723492.26855
llama3-8b_conv300,1054,18979439000.0,402975699700.26855
llama3-8b_conv300,1055,18979439000.0,403294675908.26855
llama3-8b_conv300,1056,18979439000.0,403613652116.26855
llama3-8b_conv300,1057,18979439000.0,403932628324.26855
llama3-8b_conv300,1058,18979439000.0,404251604532.26855
llama3-8b_conv300,1059,18979439000.0,404570580740.26855
llama3-8b_conv300,1060,18979439000.0,404889556948.26855
llama3-8b_conv300,1061,18979439000.0,405208533156.26855
llama3-8b_conv300,1062,18979439000.0,405527509364.26855
llama3-8b_conv300,1063,18979439000.0,405846485572.26855
llama3-8b_conv300,1064,18979439000.0,406165461780.26855
llama3-8b_conv300,1065,18979439000.0,406484437988.26855
llama3-8b_conv300,1066,18979439000.0,406803414196.26855
llama3-8b_conv300,1067,18979439000.0,407122390404.26855
llama3-8b_conv300,1068,18979439000.0,407441366612.26855
llama3-8b_conv300,1069,18979439000.0,407760342820.26855
llama3-8b_conv300,1070,18979439000.0,408079319028.26855
llama3-8b_conv300,1071,18979439000.0,408398295236.26855
llama3-8b_conv300,1072,18979439000.0,408717271444.26855
llama3-8b_conv300,1073,18979439000.0,409035677540.26855
llama3-8b_conv300,1074,18979439000.0,409353579060.26855
llama3-8b_conv300,1075,18979439000.0,409671480580.26855
llama3-8b_conv300,1076,18979439000.0,409989382100.26855
llama3-8b_conv300,1077,18979439000.0,410307283620.26855
llama3-8b_conv300,1078,18979439000.0,410625185140.26855
llama3-8b_conv300,1079,18979439000.0,410943086660.26855
llama3-8b_conv300,1080,18979439000.0,411260988180.26855
llama3-8b_conv300,1081,18979439000.0,411578889700.26855
llama3-8b_conv300,1082,18979439000.0,411895041460.26855
llama3-8b_conv300,1083,18979439000.0,412211193220.26855
llama3-8b_conv300,1084,18979439000.0,412527344980.26855
llama3-8b_conv300,1085,18979439000.0,412843496740.26855
llama3-8b_conv300,1086,18979439000.0,413159648500.26855
llama3-8b_conv300,1087,18979439000.0,413475800260.26855
llama3-8b_conv300,1088,18979439000.0,413791916180.26855
llama3-8b_conv300,1089,18979439000.0,414108133476.26855
llama3-8b_conv300,1090,18979439000.0,414424350772.26855
llama3-8b_conv300,1091,18979439000.0,414740568068.26855
llama3-8b_conv300,1092,18979439000.0,415056785364.26855
llama3-8b_conv300,1093,18979439000.0,415373002660.26855
llama3-8b_conv300,1094,18979439000.0,415689219956.26855
llama3-8b_conv300,1095,18979439000.0,416005437252.26855
llama3-8b_conv300,1096,18979439000.0,416321654548.26855
llama3-8b_conv300,1097,18979439000.0,416637871844.26855
llama3-8b_conv300,1098,19913927000.0,417432859489.26855
llama3-8b_conv300,1099,19913927000.0,417749231153.26855
llama3-8b_conv300,1100,19913927000.0,418065602817.26855
llama3-8b_conv300,1101,19945197000.0,418331907294.14856
llama3-8b_conv300,1102,19945197000.0,418602381499.02856
llama3-8b_conv300,1103,19945197000.0,418877025431.90857
llama3-8b_conv300,1104,19945197000.0,419155839092.7886
llama3-8b_conv300,1105,19945197000.0,419440010321.6686
llama3-8b_conv300,1106,19945197000.0,419728351278.5486
llama3-8b_conv300,1107,19945197000.0,420020861963.4286
llama3-8b_conv300,1108,19945197000.0,422865248635.4514
llama3-8b_conv300,1109,19945197000.0,423184025419.4514
llama3-8b_conv300,1110,19945197000.0,423502802203.4514
llama3-8b_conv300,1111,19945197000.0,423821611755.4514
llama3-8b_conv300,1112,19945197000.0,424140421307.4514
llama3-8b_conv300,1113,19945197000.0,424459230859.4514
llama3-8b_conv300,1114,19945197000.0,424777853275.4514
llama3-8b_conv300,1115,19945197000.0,425096475691.4514
llama3-8b_conv300,1116,19945197000.0,425415098107.4514
llama3-8b_conv300,1117,19945197000.0,425733720523.4514
llama3-8b_conv300,1118,19945197000.0,426052342939.4514
llama3-8b_conv300,1119,19945197000.0,426370965355.4514
llama3-8b_conv300,1120,19945197000.0,426689587771.4514
llama3-8b_conv300,1121,19945197000.0,427008210187.4514
llama3-8b_conv300,1122,19945197000.0,427326832603.4514
llama3-8b_conv300,1123,19945197000.0,427645455019.4514
llama3-8b_conv300,1124,20478941000.0,430222603399.58856
llama3-8b_conv300,1125,20478941000.0,430541664855.58856
llama3-8b_conv300,1126,20478941000.0,430860726311.58856
llama3-8b_conv300,1127,20478941000.0,431179787767.58856
llama3-8b_conv300,1128,20478941000.0,431498849223.58856
llama3-8b_conv300,1129,20478941000.0,431817910679.58856
llama3-8b_conv300,1130,20478941000.0,432136972135.58856
llama3-8b_conv300,1131,20478941000.0,432456033591.58856
llama3-8b_conv300,1132,20478941000.0,432775095047.58856
llama3-8b_conv300,1133,20478941000.0,433094156503.58856
llama3-8b_conv300,1134,20478941000.0,433413217959.58856
llama3-8b_conv300,1135,20478941000.0,433732279415.58856
llama3-8b_conv300,1136,20478941000.0,434051340871.58856
llama3-8b_conv300,1137,20478941000.0,434370402327.58856
llama3-8b_conv300,1138,20478941000.0,434689463783.58856
llama3-8b_conv300,1139,20658353000.0,436624657622.35425
llama3-8b_conv300,1140,20658353000.0,436944158118.35425
llama3-8b_conv300,1141,20658353000.0,437263658614.35425
llama3-8b_conv300,1142,20658353000.0,437583159110.35425
llama3-8b_conv300,1143,20658353000.0,437902659606.35425
llama3-8b_conv300,1144,20658353000.0,438222160102.35425
llama3-8b_conv300,1145,20658353000.0,438541660598.35425
llama3-8b_conv300,1146,20658353000.0,438861161094.35425
llama3-8b_conv300,1147,20658353000.0,439180661590.35425
llama3-8b_conv300,1148,20658353000.0,439500162086.35425
llama3-8b_conv300,1149,20658353000.0,439819662582.35425
llama3-8b_conv300,1150,20658353000.0,440139163078.35425
llama3-8b_conv300,1151,20658353000.0,440456979350.35425
llama3-8b_conv300,1152,20658353000.0,440774795622.35425
llama3-8b_conv300,1153,20658353000.0,441092107318.35425
llama3-8b_conv300,1154,20658353000.0,441409419014.35425
llama3-8b_conv300,1155,20658353000.0,441726730710.35425
llama3-8b_conv300,1156,20658353000.0,442044042406.35425
llama3-8b_conv300,1157,20658353000.0,442361354102.35425
llama3-8b_conv300,1158,20658353000.0,442678665798.35425
llama3-8b_conv300,1159,20658353000.0,442995977494.35425
llama3-8b_conv300,1160,20658353000.0,443313289190.35425
llama3-8b_conv300,1161,20658353000.0,443630600886.35425
llama3-8b_conv300,1162,20658353000.0,443947912582.35425
llama3-8b_conv300,1163,20941916000.0,444268910102.35425
llama3-8b_conv300,1164,20941916000.0,444586359782.35425
llama3-8b_conv300,1165,20941916000.0,444903809462.35425
llama3-8b_conv300,1166,20941916000.0,445221259142.35425
llama3-8b_conv300,1167,20941916000.0,445538708822.35425
llama3-8b_conv300,1168,20941916000.0,445856174886.35425
llama3-8b_conv300,1169,20941916000.0,446173640950.35425
llama3-8b_conv300,1170,20941916000.0,446491107014.35425
llama3-8b_conv300,1171,20941916000.0,446808573078.35425
llama3-8b_conv300,1172,20941916000.0,447126124134.35425
llama3-8b_conv300,1173,20941916000.0,447443675190.35425
llama3-8b_conv300,1174,20941916000.0,447761226246.35425
llama3-8b_conv300,1175,20941916000.0,448078777302.35425
llama3-8b_conv300,1176,20941916000.0,448396328358.35425
llama3-8b_conv300,1177,20941916000.0,448713879414.35425
llama3-8b_conv300,1178,20941916000.0,449031430470.35425
llama3-8b_conv300,1179,20941916000.0,449348981526.35425
llama3-8b_conv300,1180,20941916000.0,449666532582.35425
llama3-8b_conv300,1181,20941916000.0,449984047798.35425
llama3-8b_conv300,1182,20941916000.0,450299193734.35425
llama3-8b_conv300,1183,20941916000.0,450614339670.35425
llama3-8b_conv300,1184,20941916000.0,450929485606.35425
llama3-8b_conv300,1185,20941916000.0,451244631542.35425
llama3-8b_conv300,1186,20941916000.0,451559777478.35425
llama3-8b_conv300,1187,20941916000.0,451874923414.35425
llama3-8b_conv300,1188,20941916000.0,452190069350.35425
llama3-8b_conv300,1189,20941916000.0,452505215286.35425
llama3-8b_conv300,1190,20941916000.0,452820361222.35425
llama3-8b_conv300,1191,20941916000.0,453135507158.35425
llama3-8b_conv300,1192,20941916000.0,453450653094.35425
llama3-8b_conv300,1193,20941916000.0,453765799030.35425
llama3-8b_conv300,1194,20941916000.0,454080944966.35425
llama3-8b_conv300,1195,20941916000.0,454396090902.35425
llama3-8b_conv300,1196,20941916000.0,454711236838.35425
llama3-8b_conv300,1197,20941916000.0,455026382774.35425
llama3-8b_conv300,1198,20941916000.0,455341492870.35425
llama3-8b_conv300,1199,20941916000.0,455656704342.35425
llama3-8b_conv300,1200,20941916000.0,455971915814.35425
llama3-8b_conv300,1201,20941916000.0,456287127286.35425
llama3-8b_conv300,1202,21370065000.0,458318343952.74854
llama3-8b_conv300,1203,21375087000.0,462255859673.34283
llama3-8b_conv300,1204,21375087000.0,462572044457.34283
llama3-8b_conv300,1205,21375087000.0,462888229241.34283
llama3-8b_conv300,1206,21375087000.0,463204414025.34283
llama3-8b_conv300,1207,21375087000.0,463520598809.34283
llama3-8b_conv300,1208,21375087000.0,463836783593.34283
llama3-8b_conv300,1209,21375087000.0,464152968377.34283
llama3-8b_conv300,1210,21375087000.0,464469153161.34283
llama3-8b_conv300,1211,21375087000.0,464785337945.34283
llama3-8b_conv300,1212,21375087000.0,465101522729.34283
llama3-8b_conv300,1213,21375087000.0,465417707513.34283
llama3-8b_conv300,1214,21375087000.0,465733892297.34283
llama3-8b_conv300,1215,21375087000.0,466050077081.34283
llama3-8b_conv300,1216,21375087000.0,466366261865.34283
llama3-8b_conv300,1217,21375087000.0,466682446649.34283
llama3-8b_conv300,1218,21375087000.0,466998631433.34283
llama3-8b_conv300,1219,21375087000.0,467314816217.34283
llama3-8b_conv300,1220,21375087000.0,467631001001.34283
llama3-8b_conv300,1221,21375087000.0,467947185785.34283
llama3-8b_conv300,1222,21375087000.0,468263370569.34283
llama3-8b_conv300,1223,21375087000.0,468579555353.34283
llama3-8b_conv300,1224,21375087000.0,468895740137.34283
llama3-8b_conv300,1225,21375087000.0,469211924921.34283
llama3-8b_conv300,1226,21375087000.0,469528109705.34283
llama3-8b_conv300,1227,21375087000.0,469844294489.34283
llama3-8b_conv300,1228,21375087000.0,470160479273.34283
llama3-8b_conv300,1229,21375087000.0,470476664057.34283
llama3-8b_conv300,1230,21375087000.0,470792848841.34283
llama3-8b_conv300,1231,21375087000.0,471109033625.34283
llama3-8b_conv300,1232,21375087000.0,471425234793.34283
llama3-8b_conv300,1233,21375087000.0,471741435961.34283
llama3-8b_conv300,1234,21375087000.0,472057637129.34283
llama3-8b_conv300,1235,21375087000.0,472373838297.34283
llama3-8b_conv300,1236,21375087000.0,472690039465.34283
llama3-8b_conv300,1237,21375087000.0,473006240633.34283
llama3-8b_conv300,1238,21375087000.0,473322441801.34283
llama3-8b_conv300,1239,21375087000.0,473638642969.34283
llama3-8b_conv300,1240,21375087000.0,473954844137.34283
llama3-8b_conv300,1241,21375087000.0,474271045305.34283
llama3-8b_conv300,1242,21375087000.0,474587246473.34283
llama3-8b_conv300,1243,21375087000.0,474903447641.34283
llama3-8b_conv300,1244,21375087000.0,475219648809.34283
llama3-8b_conv300,1245,21375087000.0,475535849977.34283
llama3-8b_conv300,1246,21375087000.0,475852051145.34283
llama3-8b_conv300,1247,21375087000.0,476167747737.34283
llama3-8b_conv300,1248,21375087000.0,476483444329.34283
llama3-8b_conv300,1249,21375087000.0,476799140921.34283
llama3-8b_conv300,1250,21375087000.0,477114837513.34283
llama3-8b_conv300,1251,21375087000.0,477430534105.34283
llama3-8b_conv300,1252,21375087000.0,477746230697.34283
llama3-8b_conv300,1253,21375087000.0,478061927289.34283
llama3-8b_conv300,1254,21375087000.0,478377588041.34283
llama3-8b_conv300,1255,21375087000.0,478693350169.34283
llama3-8b_conv300,1256,21375087000.0,479009112297.34283
llama3-8b_conv300,1257,21375087000.0,479324874425.34283
llama3-8b_conv300,1258,21375087000.0,479640636553.34283
llama3-8b_conv300,1259,21375087000.0,479956398681.34283
llama3-8b_conv300,1260,21375087000.0,480272160809.34283
llama3-8b_conv300,1261,21375087000.0,480587922937.34283
llama3-8b_conv300,1262,21375087000.0,480903685065.34283
llama3-8b_conv300,1263,21375087000.0,481219630489.34283
llama3-8b_conv300,1264,21375087000.0,481535677289.34283
llama3-8b_conv300,1265,21375087000.0,481851724089.34283
llama3-8b_conv300,1266,21375087000.0,482167770889.34283
llama3-8b_conv300,1267,21375087000.0,482483817689.34283
llama3-8b_conv300,1268,21375087000.0,482799864489.34283
llama3-8b_conv300,1269,21375087000.0,483115911289.34283
llama3-8b_conv300,1270,21375087000.0,483431958089.34283
llama3-8b_conv300,1271,21375087000.0,483748004889.34283
llama3-8b_conv300,1272,21375087000.0,484064051689.34283
llama3-8b_conv300,1273,21375087000.0,484380098489.34283
llama3-8b_conv300,1274,21375087000.0,484696145289.34283
llama3-8b_conv300,1275,21375087000.0,485012192089.34283
llama3-8b_conv300,1276,21375087000.0,485328238889.34283
llama3-8b_conv300,1277,21375087000.0,485644285689.34283
llama3-8b_conv300,1278,21375087000.0,485960332489.34283
llama3-8b_conv300,1279,21375087000.0,486276379289.34283
llama3-8b_conv300,1280,21375087000.0,486592426089.34283
llama3-8b_conv300,1281,21375087000.0,486908472889.34283
llama3-8b_conv300,1282,21375087000.0,487224519689.34283
llama3-8b_conv300,1283,21375087000.0,487540566489.34283
llama3-8b_conv300,1284,21370065000.0,487856043177.34283
llama3-8b_conv300,1285,21370065000.0,488171519865.34283
llama3-8b_conv300,1286,21370065000.0,488486996553.34283
llama3-8b_conv300,1287,21370065000.0,488802473241.34283
llama3-8b_conv300,1288,21370065000.0,489117949929.34283
llama3-8b_conv300,1289,21370065000.0,489433426617.34283
llama3-8b_conv300,1290,21370065000.0,489748903305.34283
llama3-8b_conv300,1291,21370065000.0,490064379993.34283
llama3-8b_conv300,1292,21370065000.0,490379856681.34283
llama3-8b_conv300,1293,21370065000.0,490695333369.34283
llama3-8b_conv300,1294,21370065000.0,491010810057.34283
llama3-8b_conv300,1295,21370065000.0,491326286745.34283
llama3-8b_conv300,1296,21370065000.0,491641763433.34283
llama3-8b_conv300,1297,21370065000.0,491957240121.34283
llama3-8b_conv300,1298,21370065000.0,492272716809.34283
llama3-8b_conv300,1299,21370065000.0,492588193497.34283
llama3-8b_conv300,1300,21370065000.0,492903670185.34283
llama3-8b_conv300,1301,21370065000.0,493219146873.34283
llama3-8b_conv300,1302,21370065000.0,493534623561.34283
llama3-8b_conv300,1303,21370065000.0,493850100249.34283
llama3-8b_conv300,1304,21370065000.0,494165576937.34283
llama3-8b_conv300,1305,21370065000.0,494481053625.34283
llama3-8b_conv300,1306,21370065000.0,494796530313.34283
llama3-8b_conv300,1307,21370065000.0,495112007001.34283
llama3-8b_conv300,1308,21370065000.0,495427483689.34283
llama3-8b_conv300,1309,21370065000.0,495742960377.34283
llama3-8b_conv300,1310,21370065000.0,496058437065.34283
llama3-8b_conv300,1311,21370065000.0,496373913753.34283
llama3-8b_conv300,1312,21370065000.0,496689390441.34283
llama3-8b_conv300,1313,21370065000.0,497004867129.34283
llama3-8b_conv300,1314,21370065000.0,497320343817.34283
llama3-8b_conv300,1315,21370065000.0,497635820505.34283
llama3-8b_conv300,1316,21370065000.0,497951297193.34283
llama3-8b_conv300,1317,21370065000.0,498266773881.34283
llama3-8b_conv300,1318,21370065000.0,498582250569.34283
llama3-8b_conv300,1319,21370065000.0,498897727257.34283
llama3-8b_conv300,1320,21370065000.0,499213203945.34283
llama3-8b_conv300,1321,21370065000.0,499528680633.34283
llama3-8b_conv300,1322,21370065000.0,499844157321.34283
llama3-8b_conv300,1323,21370065000.0,500159634009.34283
llama3-8b_conv300,1324,22712872000.0,501492894376.34283
llama3-8b_conv300,1325,22712872000.0,501808708728.34283
llama3-8b_conv300,1326,22712872000.0,502124624456.34283
llama3-8b_conv300,1327,22712872000.0,502440540184.34283
llama3-8b_conv300,1328,22712872000.0,502756455912.34283
llama3-8b_conv300,1329,22712872000.0,503072371640.34283
llama3-8b_conv300,1330,22712872000.0,503388287368.34283
llama3-8b_conv300,1331,22712872000.0,503704167256.34283
llama3-8b_conv300,1332,22712872000.0,504020148520.34283
llama3-8b_conv300,1333,22712872000.0,504336129784.34283
llama3-8b_conv300,1334,22712872000.0,504652111048.34283
llama3-8b_conv300,1335,22712872000.0,504968092312.34283
llama3-8b_conv300,1336,22712872000.0,505284073576.34283
llama3-8b_conv300,1337,22712872000.0,505600054840.34283
llama3-8b_conv300,1338,22712872000.0,505916036104.34283
llama3-8b_conv300,1339,22712872000.0,506232017368.34283
llama3-8b_conv300,1340,22712872000.0,506547998632.34283
llama3-8b_conv300,1341,22712872000.0,506863979896.34283
llama3-8b_conv300,1342,22712872000.0,507179961160.34283
llama3-8b_conv300,1343,22712872000.0,507495942424.34283
llama3-8b_conv300,1344,22712872000.0,507811923688.34283
llama3-8b_conv300,1345,22712872000.0,508127904952.34283
llama3-8b_conv300,1346,22712872000.0,508443447176.34283
llama3-8b_conv300,1347,22712872000.0,508758989400.34283
llama3-8b_conv300,1348,22712872000.0,509074531624.34283
llama3-8b_conv300,1349,22994856000.0,511160479763.07996
llama3-8b_conv300,1350,22994856000.0,511476461027.07996
llama3-8b_conv300,1351,22994856000.0,511792442291.07996
llama3-8b_conv300,1352,22994856000.0,512108423555.07996
llama3-8b_conv300,1353,22994856000.0,512424404819.07996
llama3-8b_conv300,1354,22994856000.0,512740386083.07996
llama3-8b_conv300,1355,22994856000.0,513056367347.07996
llama3-8b_conv300,1356,22994856000.0,513371778499.07996
llama3-8b_conv300,1357,22994856000.0,513687189651.07996
llama3-8b_conv300,1358,22994856000.0,514002600803.07996
llama3-8b_conv300,1359,22994856000.0,514318011955.07996
llama3-8b_conv300,1360,22994856000.0,514633423107.07996
llama3-8b_conv300,1361,22994856000.0,514948834259.07996
llama3-8b_conv300,1362,22994856000.0,515264245411.07996
llama3-8b_conv300,1363,22994856000.0,515579656563.07996
llama3-8b_conv300,1364,22994856000.0,515895067715.07996
llama3-8b_conv300,1365,22994856000.0,516210478867.07996
llama3-8b_conv300,1366,22994856000.0,516525890019.07996
llama3-8b_conv300,1367,22994856000.0,516841301171.07996
llama3-8b_conv300,1368,22994856000.0,517156712323.07996
llama3-8b_conv300,1369,22994856000.0,517472123475.07996
llama3-8b_conv300,1370,22994856000.0,517787534627.07996
llama3-8b_conv300,1371,22994856000.0,518102945779.07996
llama3-8b_conv300,1372,22994856000.0,518418356931.07996
llama3-8b_conv300,1373,22994856000.0,518733768083.07996
llama3-8b_conv300,1374,22994856000.0,519049179235.07996
llama3-8b_conv300,1375,22994856000.0,519364590387.07996
llama3-8b_conv300,1376,22994856000.0,519680001539.07996
llama3-8b_conv300,1377,22994856000.0,519995412691.07996
llama3-8b_conv300,1378,22994856000.0,520310823843.07996
llama3-8b_conv300,1379,22994856000.0,520626234995.07996
llama3-8b_conv300,1380,22994856000.0,520941646147.07996
llama3-8b_conv300,1381,22994856000.0,521257057299.07996
llama3-8b_conv300,1382,22994856000.0,521572432611.07996
llama3-8b_conv300,1383,23371403000.0,523658315213.8171
llama3-8b_conv300,1384,23371403000.0,523974230941.8171
llama3-8b_conv300,1385,23371403000.0,524290146669.8171
llama3-8b_conv300,1386,23371403000.0,524606062397.8171
llama3-8b_conv300,1387,23371403000.0,524921978125.8171
llama3-8b_conv300,1388,23371403000.0,525237893853.8171
llama3-8b_conv300,1389,23371403000.0,525553809581.8171
llama3-8b_conv300,1390,23371403000.0,525869725309.8171
llama3-8b_conv300,1391,23371403000.0,526185641037.8171
llama3-8b_conv300,1392,23371403000.0,526501556765.8171
llama3-8b_conv300,1393,23371403000.0,526817472493.8171
llama3-8b_conv300,1394,23371403000.0,527133388221.8171
llama3-8b_conv300,1395,23371403000.0,527449268109.8171
llama3-8b_conv300,1396,23371403000.0,527765249373.8171
llama3-8b_conv300,1397,23371403000.0,528081230637.8171
llama3-8b_conv300,1398,23371403000.0,528397211901.8171
llama3-8b_conv300,1399,23371403000.0,528713193165.8171
llama3-8b_conv300,1400,23371403000.0,529029174429.8171
llama3-8b_conv300,1401,23371403000.0,529345155693.8171
llama3-8b_conv300,1402,23371403000.0,529661136957.8171
llama3-8b_conv300,1403,23371403000.0,529977118221.8171
llama3-8b_conv300,1404,23371403000.0,530293099485.8171
llama3-8b_conv300,1405,23371403000.0,530609080749.8171
llama3-8b_conv300,1406,23371403000.0,530925062013.8171
llama3-8b_conv300,1407,23371403000.0,531241043277.8171
llama3-8b_conv300,1408,23371403000.0,531557024541.8171
llama3-8b_conv300,1409,23371403000.0,531873005805.8171
llama3-8b_conv300,1410,23371403000.0,532188987069.8171
llama3-8b_conv300,1411,23371403000.0,532504968333.8171
llama3-8b_conv300,1412,23371403000.0,532820949597.8171
llama3-8b_conv300,1413,23371403000.0,533136930861.8171
llama3-8b_conv300,1414,23371403000.0,533452912125.8171
llama3-8b_conv300,1415,23371403000.0,533768893389.8171
llama3-8b_conv300,1416,23371403000.0,534084874653.8171
llama3-8b_conv300,1417,23371403000.0,534400855917.8171
llama3-8b_conv300,1418,23371403000.0,534716837181.8171
llama3-8b_conv300,1419,23371403000.0,535032248333.8171
llama3-8b_conv300,1420,23371403000.0,535347659485.8171
llama3-8b_conv300,1421,23371403000.0,535663070637.8171
llama3-8b_conv300,1422,23371403000.0,535978481789.8171
llama3-8b_conv300,1423,23371403000.0,536293892941.8171
llama3-8b_conv300,1424,23371403000.0,536609304093.8171
llama3-8b_conv300,1425,23371403000.0,536924715245.8171
llama3-8b_conv300,1426,23371403000.0,537240126397.8171
llama3-8b_conv300,1427,23371403000.0,537555537549.8171
llama3-8b_conv300,1428,23371403000.0,537870948701.8171
llama3-8b_conv300,1429,23371403000.0,538186324013.8171
llama3-8b_conv300,1430,23371403000.0,538501800701.8171
llama3-8b_conv300,1431,23371403000.0,538817277389.8171
llama3-8b_conv300,1432,23371403000.0,539132754077.8171
llama3-8b_conv300,1433,23371403000.0,539448230765.8171
llama3-8b_conv300,1434,23371403000.0,539763707453.8171
llama3-8b_conv300,1435,23371403000.0,540079184141.8171
llama3-8b_conv300,1436,23371403000.0,540394660829.8171
llama3-8b_conv300,1437,23371403000.0,540710137517.8171
llama3-8b_conv300,1438,23371403000.0,541025614205.8171
llama3-8b_conv300,1439,23371403000.0,541341090893.8171
llama3-8b_conv300,1440,23371403000.0,541656567581.8171
llama3-8b_conv300,1441,23371403000.0,541972044269.8171
llama3-8b_conv300,1442,23371403000.0,542287520957.8171
llama3-8b_conv300,1443,23371403000.0,542602997645.8171
llama3-8b_conv300,1444,23371403000.0,542918474333.8171
llama3-8b_conv300,1445,23371403000.0,543233951021.8171
llama3-8b_conv300,1446,23371403000.0,543549427709.8171
llama3-8b_conv300,1447,23371403000.0,543864904397.8171
llama3-8b_conv300,1448,23371403000.0,544180381085.8171
llama3-8b_conv300,1449,23371403000.0,544495857773.8171
llama3-8b_conv300,1450,23371403000.0,544811334461.8171
llama3-8b_conv300,1451,23371403000.0,545126811149.8171
llama3-8b_conv300,1452,23371403000.0,545442287837.8171
llama3-8b_conv300,1453,23371403000.0,545757728685.8171
llama3-8b_conv300,1454,24146296000.0,546077093661.8171
llama3-8b_conv300,1455,24146296000.0,546392773869.8171
llama3-8b_conv300,1456,24146296000.0,546708454077.8171
llama3-8b_conv300,1457,24146296000.0,547024134285.8171
llama3-8b_conv300,1458,24146296000.0,547339814493.8171
llama3-8b_conv300,1459,24146296000.0,547655494701.8171
llama3-8b_conv300,1460,24146296000.0,547971174909.8171
llama3-8b_conv300,1461,24146296000.0,548286855117.8171
llama3-8b_conv300,1462,24146296000.0,548602535325.8171
llama3-8b_conv300,1463,24146296000.0,548918215533.8171
llama3-8b_conv300,1464,24146296000.0,549233895741.8171
llama3-8b_conv300,1465,24146296000.0,549549575949.8171
llama3-8b_conv300,1466,24146296000.0,549865256157.8171
llama3-8b_conv300,1467,24146296000.0,550180936365.8171
llama3-8b_conv300,1468,24146296000.0,550496616573.8171
llama3-8b_conv300,1469,24146296000.0,550812296781.8171
llama3-8b_conv300,1470,24146296000.0,551127976989.8171
llama3-8b_conv300,1471,24146296000.0,551443657197.8171
llama3-8b_conv300,1472,24146296000.0,551759337405.8171
llama3-8b_conv300,1473,24146296000.0,552075017613.8171
llama3-8b_conv300,1474,24146296000.0,552390697821.8171
llama3-8b_conv300,1475,24146296000.0,552706378029.8171
llama3-8b_conv300,1476,24146296000.0,553022058237.8171
llama3-8b_conv300,1477,24146296000.0,553337738445.8171
llama3-8b_conv300,1478,24146296000.0,553653418653.8171
llama3-8b_conv300,1479,24146296000.0,553969098861.8171
llama3-8b_conv300,1480,24146296000.0,554284779069.8171
llama3-8b_conv300,1481,24146296000.0,554600459277.8171
llama3-8b_conv300,1482,24146296000.0,554916139485.8171
llama3-8b_conv300,1483,24146296000.0,555231819693.8171
llama3-8b_conv300,1484,24146296000.0,555547499901.8171
llama3-8b_conv300,1485,24146296000.0,555863180109.8171
llama3-8b_conv300,1486,24146296000.0,556178860317.8171
llama3-8b_conv300,1487,24146296000.0,556494540525.8171
llama3-8b_conv300,1488,24146296000.0,556810220733.8171
llama3-8b_conv300,1489,24146296000.0,557125900941.8171
llama3-8b_conv300,1490,24146296000.0,557441597533.8171
llama3-8b_conv300,1491,24146296000.0,557757294125.8171
llama3-8b_conv300,1492,24146296000.0,558072990717.8171
llama3-8b_conv300,1493,24146296000.0,558388687309.8171
llama3-8b_conv300,1494,24146296000.0,558704400285.8171
llama3-8b_conv300,1495,24146296000.0,559020113261.8171
llama3-8b_conv300,1496,24146296000.0,559335321661.8171
llama3-8b_conv300,1497,24146296000.0,559650530061.8171
llama3-8b_conv300,1498,24146296000.0,559965738461.8171
llama3-8b_conv300,1499,24146296000.0,560280946861.8171
llama3-8b_conv300,1500,24146296000.0,560596155261.8171
llama3-8b_conv300,1501,24146296000.0,560911363661.8171
llama3-8b_conv300,1502,24146296000.0,561226572061.8171
llama3-8b_conv300,1503,24146296000.0,561541780461.8171
llama3-8b_conv300,1504,24146296000.0,561856988861.8171
llama3-8b_conv300,1505,24146296000.0,562172197261.8171
llama3-8b_conv300,1506,24146296000.0,562487405661.8171
llama3-8b_conv300,1507,24146296000.0,562802614061.8171
llama3-8b_conv300,1508,24146296000.0,563117822461.8171
llama3-8b_conv300,1509,24146296000.0,563433030861.8171
llama3-8b_conv300,1510,24146296000.0,563748239261.8171
llama3-8b_conv300,1511,24146296000.0,564063447661.8171
llama3-8b_conv300,1512,24768385000.0,566756238751.5829
llama3-8b_conv300,1513,24768385000.0,567072017263.5829
llama3-8b_conv300,1514,24768385000.0,567387795775.5829
llama3-8b_conv300,1515,24768385000.0,567703574287.5829
llama3-8b_conv300,1516,24768385000.0,568019352799.5829
llama3-8b_conv300,1517,24768385000.0,568335131311.5829
llama3-8b_conv300,1518,24768385000.0,568650909823.5829
llama3-8b_conv300,1519,24768385000.0,568966688335.5829
llama3-8b_conv300,1520,24768385000.0,569282466847.5829
llama3-8b_conv300,1521,24894961000.0,571869255504.7772
llama3-8b_conv300,1522,24894961000.0,572185489440.7772
llama3-8b_conv300,1523,24894961000.0,572501687536.7772
llama3-8b_conv300,1524,24894961000.0,572817987008.7772
llama3-8b_conv300,1525,24894961000.0,573134286480.7772
llama3-8b_conv300,1526,24894961000.0,573450638176.7772
llama3-8b_conv300,1527,24894961000.0,573766989872.7772
llama3-8b_conv300,1528,24894961000.0,574083341568.7772
llama3-8b_conv300,1529,24894961000.0,574399693264.7772
llama3-8b_conv300,1530,24894961000.0,574715474848.7772
llama3-8b_conv300,1531,24894961000.0,575031256432.7772
llama3-8b_conv300,1532,24894961000.0,575347038016.7772
llama3-8b_conv300,1533,24894961000.0,575662819600.7772
llama3-8b_conv300,1534,24894961000.0,575978601184.7772
llama3-8b_conv300,1535,24894961000.0,576294382768.7772
llama3-8b_conv300,1536,24894961000.0,576610164352.7772
llama3-8b_conv300,1537,24894961000.0,576925945936.7772
llama3-8b_conv300,1538,25081422000.0,578966661505.2286
llama3-8b_conv300,1539,25081422000.0,579282882129.2286
llama3-8b_conv300,1540,25081422000.0,579599102753.2286
llama3-8b_conv300,1541,25081422000.0,579915323377.2286
llama3-8b_conv300,1542,25081422000.0,580231544001.2286
llama3-8b_conv300,1543,25081422000.0,580547764625.2286
llama3-8b_conv300,1544,25081422000.0,580863985249.2286
llama3-8b_conv300,1545,25081422000.0,581180205873.2286
llama3-8b_conv300,1546,25081422000.0,581496426497.2286
llama3-8b_conv300,1547,25081422000.0,581812647121.2286
llama3-8b_conv300,1548,25081422000.0,582128867745.2286
llama3-8b_conv300,1549,25081422000.0,582445088369.2286
llama3-8b_conv300,1550,25223379000.0,584467971440.5658
llama3-8b_conv300,1551,25223379000.0,584784631154.5658
llama3-8b_conv300,1552,25249840000.0,585050797542.4458
llama3-8b_conv300,1553,25249840000.0,585321207386.3258
llama3-8b_conv300,1554,25249840000.0,585595863758.2058
llama3-8b_conv300,1555,25249840000.0,585874665282.0858
llama3-8b_conv300,1556,25249840000.0,586158799797.9658
llama3-8b_conv300,1557,25249840000.0,586447043625.8458
llama3-8b_conv300,1558,25249840000.0,586739533981.7258
llama3-8b_conv300,1559,25324254000.0,587035638127.6058
llama3-8b_conv300,1560,25324254000.0,587796392535.6058
llama3-8b_conv300,1561,25324254000.0,588115893520.6058
llama3-8b_conv300,1562,25324254000.0,588435394505.6058
llama3-8b_conv300,1563,25324254000.0,588754895490.6058
llama3-8b_conv300,1564,25324254000.0,589073826272.6058
llama3-8b_conv300,1565,25324254000.0,589392773438.6058
llama3-8b_conv300,1566,25324254000.0,589711720604.6058
llama3-8b_conv300,1567,25324254000.0,590030667770.6058
llama3-8b_conv300,1568,25324254000.0,590349614936.6058
llama3-8b_conv300,1569,25324254000.0,590668562102.6058
llama3-8b_conv300,1570,25324254000.0,590987509268.6058
llama3-8b_conv300,1571,25324254000.0,591306456434.6058
llama3-8b_conv300,1572,25324254000.0,591625403600.6058
llama3-8b_conv300,1573,25324254000.0,591944350766.6058
llama3-8b_conv300,1574,25324254000.0,592263297932.6058
llama3-8b_conv300,1575,25324254000.0,592582245098.6058
llama3-8b_conv300,1576,25249840000.0,592901005036.6058
llama3-8b_conv300,1577,25249840000.0,593219764974.6058
llama3-8b_conv300,1578,25249840000.0,593538524912.6058
llama3-8b_conv300,1579,25249840000.0,593857284850.6058
llama3-8b_conv300,1580,25249840000.0,594176044788.6058
llama3-8b_conv300,1581,25249840000.0,594494804726.6058
llama3-8b_conv300,1582,25249840000.0,594813564664.6058
llama3-8b_conv300,1583,25249840000.0,595132324602.6058
llama3-8b_conv300,1584,25249840000.0,595451084540.6058
llama3-8b_conv300,1585,25249840000.0,595769844478.6058
llama3-8b_conv300,1586,25917107000.0,596038075250.4858
llama3-8b_conv300,1587,25917107000.0,596310552550.3658
llama3-8b_conv300,1588,25917107000.0,597020599972.3658
llama3-8b_conv300,1589,25917107000.0,597340323330.3658
llama3-8b_conv300,1590,25917107000.0,597660010848.3658
llama3-8b_conv300,1591,25917107000.0,597979799742.3658
llama3-8b_conv300,1592,25917107000.0,598299588636.3658
llama3-8b_conv300,1593,25917107000.0,598619377530.3658
llama3-8b_conv300,1594,25917107000.0,598939166424.3658
llama3-8b_conv300,1595,25917107000.0,599258919478.3658
llama3-8b_conv300,1596,25917107000.0,599578773908.3658
llama3-8b_conv300,1597,25917107000.0,599898628338.3658
llama3-8b_conv300,1598,25917107000.0,600218482768.3658
llama3-8b_conv300,1599,25917107000.0,600538337198.3658
llama3-8b_conv300,1600,25917107000.0,600857555888.3658
llama3-8b_conv300,1601,25917107000.0,601176774578.3658
llama3-8b_conv300,1602,25917107000.0,601495993268.3658
llama3-8b_conv300,1603,25917107000.0,601815211958.3658
llama3-8b_conv300,1604,25917107000.0,602134430648.3658
llama3-8b_conv300,1605,25917107000.0,602453613498.3658
llama3-8b_conv300,1606,25917107000.0,602772897724.3658
llama3-8b_conv300,1607,25917107000.0,603092181950.3658
llama3-8b_conv300,1608,25917107000.0,603411466176.3658
llama3-8b_conv300,1609,25917107000.0,603730750402.3658
llama3-8b_conv300,1610,26254478000.0,607543506071.1602
llama3-8b_conv300,1611,26254478000.0,607863259125.1602
llama3-8b_conv300,1612,26254478000.0,608183113555.1602
llama3-8b_conv300,1613,26254478000.0,608502967985.1602
llama3-8b_conv300,1614,26254478000.0,608822822415.1602
llama3-8b_conv300,1615,26254478000.0,609142676845.1602
llama3-8b_conv300,1616,26254478000.0,609462495435.1602
llama3-8b_conv300,1617,26254478000.0,609779944653.1602
llama3-8b_conv300,1618,26254478000.0,610097393871.1602
llama3-8b_conv300,1619,26254478000.0,610414843089.1602
llama3-8b_conv300,1620,26254478000.0,610732292307.1602
llama3-8b_conv300,1621,26407057000.0,614816534172.6687
llama3-8b_conv300,1622,26407057000.0,615134553594.6687
llama3-8b_conv300,1623,26461144000.0,617122692395.7772
llama3-8b_conv300,1624,26461144000.0,617441150948.7772
llama3-8b_conv300,1625,26461144000.0,617759104834.7772
llama3-8b_conv300,1626,26461144000.0,618077058720.7772
llama3-8b_conv300,1627,26461144000.0,618395012606.7772
llama3-8b_conv300,1628,26461144000.0,618712966492.7772
llama3-8b_conv300,1629,26461144000.0,619030481246.7772
llama3-8b_conv300,1630,26461144000.0,619347996000.7772
llama3-8b_conv300,1631,26461144000.0,619665510754.7772
llama3-8b_conv300,1632,26461144000.0,619983025508.7772
llama3-8b_conv300,1633,26461144000.0,620300540262.7772
llama3-8b_conv300,1634,26461144000.0,620618055016.7772
llama3-8b_conv300,1635,26461144000.0,620935569770.7772
llama3-8b_conv300,1636,26461144000.0,621253084524.7772
llama3-8b_conv300,1637,26461144000.0,621570599278.7772
llama3-8b_conv300,1638,26461144000.0,621888114032.7772
llama3-8b_conv300,1639,26461144000.0,622205628786.7772
llama3-8b_conv300,1640,26461144000.0,622523143540.7772
llama3-8b_conv300,1641,26461144000.0,622840658294.7772
llama3-8b_conv300,1642,26461144000.0,623158173048.7772
llama3-8b_conv300,1643,26461144000.0,623475687802.7772
llama3-8b_conv300,1644,26461144000.0,623793202556.7772
llama3-8b_conv300,1645,26461144000.0,624110717310.7772
llama3-8b_conv300,1646,26461144000.0,624428232064.7772
llama3-8b_conv300,1647,26461144000.0,624745746818.7772
llama3-8b_conv300,1648,26461144000.0,625063261572.7772
llama3-8b_conv300,1649,26461144000.0,625380776326.7772
llama3-8b_conv300,1650,26461144000.0,625698291080.7772
llama3-8b_conv300,1651,26461144000.0,626015805834.7772
llama3-8b_conv300,1652,26461144000.0,626333284748.7772
llama3-8b_conv300,1653,26461144000.0,626650865038.7772
llama3-8b_conv300,1654,26461144000.0,626968445328.7772
llama3-8b_conv300,1655,26461144000.0,627286025618.7772
llama3-8b_conv300,1656,26461144000.0,627603605908.7772
llama3-8b_conv300,1657,26461144000.0,627921186198.7772
llama3-8b_conv300,1658,26461144000.0,628238766488.7772
llama3-8b_conv300,1659,26461144000.0,628556346778.7772
llama3-8b_conv300,1660,26461144000.0,628873927068.7772
llama3-8b_conv300,1661,26461144000.0,629191507358.7772
llama3-8b_conv300,1662,26461144000.0,629509087648.7772
llama3-8b_conv300,1663,26461144000.0,629826667938.7772
llama3-8b_conv300,1664,26461144000.0,630144248228.7772
llama3-8b_conv300,1665,26461144000.0,630461828518.7772
llama3-8b_conv300,1666,26461144000.0,630779408808.7772
llama3-8b_conv300,1667,26461144000.0,631096989098.7772
llama3-8b_conv300,1668,26461144000.0,631414569388.7772
llama3-8b_conv300,1669,26461144000.0,631732149678.7772
llama3-8b_conv300,1670,26461144000.0,632049729968.7772
llama3-8b_conv300,1671,26461144000.0,632367310258.7772
llama3-8b_conv300,1672,26461144000.0,632684890548.7772
llama3-8b_conv300,1673,26461144000.0,633002470838.7772
llama3-8b_conv300,1674,26461144000.0,633319480966.7772
llama3-8b_conv300,1675,26461144000.0,633636491094.7772
llama3-8b_conv300,1676,26461144000.0,633952996646.7772
llama3-8b_conv300,1677,26461144000.0,634269502198.7772
llama3-8b_conv300,1678,26461144000.0,634586007750.7772
llama3-8b_conv300,1679,26461144000.0,634902513302.7772
llama3-8b_conv300,1680,26461144000.0,635219018854.7772
llama3-8b_conv300,1681,26461144000.0,635535524406.7772
llama3-8b_conv300,1682,26461144000.0,635852029958.7772
llama3-8b_conv300,1683,26461144000.0,636168535510.7772
llama3-8b_conv300,1684,26461144000.0,636485005222.7772
llama3-8b_conv300,1685,26461144000.0,636801576310.7772
llama3-8b_conv300,1686,26461144000.0,637118147398.7772
llama3-8b_conv300,1687,26461144000.0,637434718486.7772
llama3-8b_conv300,1688,26461144000.0,637751289574.7772
llama3-8b_conv300,1689,26461144000.0,638067860662.7772
llama3-8b_conv300,1690,26461144000.0,638384431750.7772
llama3-8b_conv300,1691,26461144000.0,638701002838.7772
llama3-8b_conv300,1692,26461144000.0,639017573926.7772
llama3-8b_conv300,1693,26461144000.0,639334145014.7772
llama3-8b_conv300,1694,26461144000.0,639650716102.7772
llama3-8b_conv300,1695,26461144000.0,639967287190.7772
llama3-8b_conv300,1696,26461144000.0,640283858278.7772
llama3-8b_conv300,1697,26461144000.0,640600429366.7772
llama3-8b_conv300,1698,26461144000.0,640917000454.7772
llama3-8b_conv300,1699,26461144000.0,641233571542.7772
llama3-8b_conv300,1700,26461144000.0,641550142630.7772
llama3-8b_conv300,1701,27330266000.0,643591647703.2286
llama3-8b_conv300,1702,27330266000.0,643908657831.2286
llama3-8b_conv300,1703,27330266000.0,644225667959.2286
llama3-8b_conv300,1704,27330266000.0,644542678087.2286
llama3-8b_conv300,1705,27330266000.0,644859688215.2286
llama3-8b_conv300,1706,27330266000.0,645176698343.2286
llama3-8b_conv300,1707,27330266000.0,645493708471.2286
llama3-8b_conv300,1708,27330266000.0,645810718599.2286
llama3-8b_conv300,1709,27330266000.0,646127728727.2286
llama3-8b_conv300,1710,27330266000.0,646444738855.2286
llama3-8b_conv300,1711,27330266000.0,646761748983.2286
llama3-8b_conv300,1712,27330266000.0,647078759111.2286
llama3-8b_conv300,1713,27330266000.0,647395769239.2286
llama3-8b_conv300,1714,27330266000.0,647712779367.2286
llama3-8b_conv300,1715,27330266000.0,648029789495.2286
llama3-8b_conv300,1716,27330266000.0,648346799623.2286
llama3-8b_conv300,1717,27330266000.0,648663809751.2286
llama3-8b_conv300,1718,27330266000.0,648980819879.2286
llama3-8b_conv300,1719,27330266000.0,649297830007.2286
llama3-8b_conv300,1720,27552529000.0,651321466742.5658
llama3-8b_conv300,1721,27552529000.0,651638981496.5658
llama3-8b_conv300,1722,27552529000.0,651956496250.5658
llama3-8b_conv300,1723,27552529000.0,652273375306.5658
llama3-8b_conv300,1724,27552529000.0,652590254362.5658
llama3-8b_conv300,1725,27552529000.0,652907133418.5658
llama3-8b_conv300,1726,27552529000.0,653224012474.5658
llama3-8b_conv300,1727,27552529000.0,653540386954.5658
llama3-8b_conv300,1728,27552529000.0,653856761434.5658
llama3-8b_conv300,1729,27552529000.0,654173135914.5658
llama3-8b_conv300,1730,27552529000.0,654489510394.5658
llama3-8b_conv300,1731,27552529000.0,654805884874.5658
llama3-8b_conv300,1732,27552529000.0,655122259354.5658
llama3-8b_conv300,1733,27552529000.0,655438633834.5658
llama3-8b_conv300,1734,27552529000.0,655755008314.5658
llama3-8b_conv300,1735,27552529000.0,656071382794.5658
llama3-8b_conv300,1736,27552529000.0,656387757274.5658
llama3-8b_conv300,1737,27552529000.0,656704131754.5658
llama3-8b_conv300,1738,27552529000.0,657020506234.5658
llama3-8b_conv300,1739,27552529000.0,657336880714.5658
llama3-8b_conv300,1740,27552529000.0,657653255194.5658
llama3-8b_conv300,1741,27552529000.0,657969629674.5658
llama3-8b_conv300,1742,27552529000.0,658286004154.5658
llama3-8b_conv300,1743,27552529000.0,658602378634.5658
llama3-8b_conv300,1744,27552529000.0,658918753114.5658
llama3-8b_conv300,1745,27552529000.0,659235127594.5658
llama3-8b_conv300,1746,27552529000.0,659551502074.5658
llama3-8b_conv300,1747,27552529000.0,659867876554.5658
llama3-8b_conv300,1748,27552529000.0,660184251034.5658
llama3-8b_conv300,1749,27552529000.0,660500625514.5658
llama3-8b_conv300,1750,27552529000.0,660816999994.5658
llama3-8b_conv300,1751,27552529000.0,661133374474.5658
llama3-8b_conv300,1752,27552529000.0,661449748954.5658
llama3-8b_conv300,1753,27552529000.0,661766087594.5658
llama3-8b_conv300,1754,27552529000.0,662082527610.5658
llama3-8b_conv300,1755,27552529000.0,662398967626.5658
llama3-8b_conv300,1756,27552529000.0,662715407642.5658
llama3-8b_conv300,1757,27552529000.0,663031847658.5658
llama3-8b_conv300,1758,27552529000.0,663348287674.5658
llama3-8b_conv300,1759,27552529000.0,663664727690.5658
llama3-8b_conv300,1760,27552529000.0,663981167706.5658
llama3-8b_conv300,1761,27552529000.0,664297607722.5658
llama3-8b_conv300,1762,27552529000.0,664614047738.5658
llama3-8b_conv300,1763,27552529000.0,664930487754.5658
llama3-8b_conv300,1764,27552529000.0,665246927770.5658
llama3-8b_conv300,1765,27552529000.0,665563367786.5658
llama3-8b_conv300,1766,27552529000.0,665879807802.5658
llama3-8b_conv300,1767,27552529000.0,666196247818.5658
llama3-8b_conv300,1768,28090234000.0,666807051706.5658
llama3-8b_conv300,1769,28090234000.0,667123731082.5658
llama3-8b_conv300,1770,28090234000.0,667440410458.5658
llama3-8b_conv300,1771,28090234000.0,667757089834.5658
llama3-8b_conv300,1772,28090234000.0,668073769210.5658
llama3-8b_conv300,1773,28090234000.0,668390448586.5658
llama3-8b_conv300,1774,28090234000.0,668707127962.5658
llama3-8b_conv300,1775,28090234000.0,669023771498.5658
llama3-8b_conv300,1776,28090234000.0,669340415034.5658
llama3-8b_conv300,1777,28090234000.0,669657058570.5658
llama3-8b_conv300,1778,28090234000.0,669973702106.5658
llama3-8b_conv300,1779,28090234000.0,670290345642.5658
llama3-8b_conv300,1780,28090234000.0,670606953338.5658
llama3-8b_conv300,1781,28090234000.0,670923662410.5658
llama3-8b_conv300,1782,28090234000.0,671240371482.5658
llama3-8b_conv300,1783,28090234000.0,671557080554.5658
llama3-8b_conv300,1784,28090234000.0,671873789626.5658
llama3-8b_conv300,1785,28090234000.0,672190498698.5658
llama3-8b_conv300,1786,28090234000.0,672507207770.5658
llama3-8b_conv300,1787,28090234000.0,672823916842.5658
llama3-8b_conv300,1788,28090234000.0,673140625914.5658
llama3-8b_conv300,1789,28090234000.0,673457334986.5658
llama3-8b_conv300,1790,28090234000.0,673774044058.5658
llama3-8b_conv300,1791,28353357000.0,676596490837.6458
llama3-8b_conv300,1792,28353357000.0,676913770071.6458
llama3-8b_conv300,1793,28353357000.0,677231049305.6458
llama3-8b_conv300,1794,28353357000.0,677548328539.6458
llama3-8b_conv300,1795,28353357000.0,677865607773.6458
llama3-8b_conv300,1796,28353357000.0,678182887007.6458
llama3-8b_conv300,1797,28353357000.0,678500166241.6458
llama3-8b_conv300,1798,28353357000.0,678817445475.6458
llama3-8b_conv300,1799,28353357000.0,679134724709.6458
llama3-8b_conv300,1800,28353357000.0,679452020327.6458
llama3-8b_conv300,1801,28353357000.0,679769315945.6458
llama3-8b_conv300,1802,28353357000.0,680086611563.6458
llama3-8b_conv300,1803,28353357000.0,680403907181.6458
llama3-8b_conv300,1804,28353357000.0,680721202799.6458
llama3-8b_conv300,1805,28353357000.0,681038498417.6458
llama3-8b_conv300,1806,28353357000.0,681355794035.6458
llama3-8b_conv300,1807,28353357000.0,681673089653.6458
llama3-8b_conv300,1808,28353357000.0,681990385271.6458
llama3-8b_conv300,1809,28578535000.0,682257187563.5258
llama3-8b_conv300,1810,28578535000.0,682528135007.4058
llama3-8b_conv300,1811,28607772000.0,682799432753.2858
llama3-8b_conv300,1812,28607772000.0,683069154563.1658
llama3-8b_conv300,1813,28607772000.0,685141343900.7886
llama3-8b_conv300,1814,28764379000.0,688935554440.4686
llama3-8b_conv300,1815,28764379000.0,689255216029.4686
llama3-8b_conv300,1816,28764379000.0,689574877618.4686
llama3-8b_conv300,1817,28764379000.0,689894539207.4686
llama3-8b_conv300,1818,28764379000.0,690214200796.4686
llama3-8b_conv300,1819,28764379000.0,690533826545.4686
llama3-8b_conv300,1820,28764379000.0,690853553670.4686
llama3-8b_conv300,1821,28764379000.0,691173280795.4686
llama3-8b_conv300,1822,28764379000.0,691493007920.4686
llama3-8b_conv300,1823,28764379000.0,691812735045.4686
llama3-8b_conv300,1824,28764379000.0,692132462170.4686
llama3-8b_conv300,1825,28764379000.0,692452189295.4686
llama3-8b_conv300,1826,28764379000.0,692771916420.4686
llama3-8b_conv300,1827,28764379000.0,693091643545.4686
llama3-8b_conv300,1828,28764379000.0,693411370670.4686
llama3-8b_conv300,1829,28764379000.0,693731097795.4686
llama3-8b_conv300,1830,28764379000.0,694050824920.4686
llama3-8b_conv300,1831,28764379000.0,694370735341.4686
llama3-8b_conv300,1832,28764379000.0,694690747138.4686
llama3-8b_conv300,1833,28764379000.0,695010758935.4686
llama3-8b_conv300,1834,28764379000.0,695330734892.4686
llama3-8b_conv300,1835,28764379000.0,695650812225.4686
llama3-8b_conv300,1836,28764379000.0,695970889558.4686
llama3-8b_conv300,1837,28764379000.0,696290966891.4686
llama3-8b_conv300,1838,28764379000.0,696611044224.4686
llama3-8b_conv300,1839,28764379000.0,696931121557.4686
llama3-8b_conv300,1840,28764379000.0,697250628686.4686
llama3-8b_conv300,1841,28764379000.0,697570135815.4686
llama3-8b_conv300,1842,28764379000.0,697889642944.4686
llama3-8b_conv300,1843,28764379000.0,698209150073.4686
llama3-8b_conv300,1844,28764379000.0,698528621362.4686
llama3-8b_conv300,1845,28764379000.0,698848194027.4686
llama3-8b_conv300,1846,28764379000.0,699167766692.4686
llama3-8b_conv300,1847,28764379000.0,699487339357.4686
llama3-8b_conv300,1848,28764379000.0,699806912022.4686
llama3-8b_conv300,1849,28764379000.0,700126484687.4686
llama3-8b_conv300,1850,28764379000.0,700446057352.4686
llama3-8b_conv300,1851,28764379000.0,700765630017.4686
llama3-8b_conv300,1852,28764379000.0,701085202682.4686
llama3-8b_conv300,1853,28764379000.0,701404775347.4686
llama3-8b_conv300,1854,28764379000.0,701724348012.4686
llama3-8b_conv300,1855,28764379000.0,702043920677.4686
llama3-8b_conv300,1856,28764379000.0,702363493342.4686
llama3-8b_conv300,1857,28764379000.0,702683066007.4686
llama3-8b_conv300,1858,28764379000.0,703002638672.4686
llama3-8b_conv300,1859,28764379000.0,703322211337.4686
llama3-8b_conv300,1860,28764379000.0,703641784002.4686
llama3-8b_conv300,1861,28764379000.0,703961356667.4686
llama3-8b_conv300,1862,29340288000.0,704803058336.4686
llama3-8b_conv300,1863,29340288000.0,705122785461.4686
llama3-8b_conv300,1864,29340288000.0,705442512586.4686
llama3-8b_conv300,1865,29340288000.0,705762239711.4686
llama3-8b_conv300,1866,29340288000.0,706081930996.4686
llama3-8b_conv300,1867,29340288000.0,706401723657.4686
llama3-8b_conv300,1868,29340288000.0,706721516318.4686
llama3-8b_conv300,1869,29340288000.0,707041308979.4686
llama3-8b_conv300,1870,29340288000.0,707361101640.4686
llama3-8b_conv300,1871,29340288000.0,707680894301.4686
llama3-8b_conv300,1872,29340288000.0,708000116758.4686
llama3-8b_conv300,1873,29340288000.0,708319339215.4686
llama3-8b_conv300,1874,29340288000.0,708638561672.4686
llama3-8b_conv300,1875,29340288000.0,708957784129.4686
llama3-8b_conv300,1876,29340288000.0,709277006586.4686
llama3-8b_conv300,1877,29340288000.0,709596229043.4686
llama3-8b_conv300,1878,28607772000.0,709915297041.4686
llama3-8b_conv300,1879,28607772000.0,710234365039.4686
llama3-8b_conv300,1880,28607772000.0,710553433037.4686
llama3-8b_conv300,1881,28607772000.0,710872465195.4686
llama3-8b_conv300,1882,28607772000.0,711191598729.4686
llama3-8b_conv300,1883,28607772000.0,711510732263.4686
llama3-8b_conv300,1884,28607772000.0,711829865797.4686
llama3-8b_conv300,1885,28607772000.0,712148999331.4686
llama3-8b_conv300,1886,28607772000.0,712468132865.4686
llama3-8b_conv300,1887,28607772000.0,712787266399.4686
llama3-8b_conv300,1888,28607772000.0,713106399933.4686
llama3-8b_conv300,1889,28607772000.0,713425533467.4686
llama3-8b_conv300,1890,28607772000.0,713744667001.4686
llama3-8b_conv300,1891,29686078000.0,714013165131.3486
llama3-8b_conv300,1892,29686078000.0,714285800221.2286
llama3-8b_conv300,1893,29686078000.0,714562572271.1086
llama3-8b_conv300,1894,29686078000.0,714843481280.9886
llama3-8b_conv300,1895,29686078000.0,715129715090.8687
llama3-8b_conv300,1896,29686078000.0,715420085860.7487
llama3-8b_conv300,1897,29686078000.0,715714593590.6287
llama3-8b_conv300,1898,29686078000.0,716013238280.5087
llama3-8b_conv300,1899,29686078000.0,716335466945.5087
llama3-8b_conv300,1900,29686078000.0,716657005690.5087
llama3-8b_conv300,1901,29686078000.0,716978544435.5087
llama3-8b_conv300,1902,29686078000.0,717300083180.5087
llama3-8b_conv300,1903,29686078000.0,717621586085.5087
llama3-8b_conv300,1904,29686078000.0,717943190366.5087
llama3-8b_conv300,1905,29686078000.0,718264794647.5087
llama3-8b_conv300,1906,29686078000.0,718586398928.5087
llama3-8b_conv300,1907,29686078000.0,718908003209.5087
llama3-8b_conv300,1908,29686078000.0,719229571650.5087
llama3-8b_conv300,1909,29686078000.0,719551241467.5087
llama3-8b_conv300,1910,30181499000.0,723448926454.8173
llama3-8b_conv300,1911,30181499000.0,723771166475.8173
llama3-8b_conv300,1912,30181499000.0,724093406496.8173
llama3-8b_conv300,1913,30181499000.0,724415646517.8173
llama3-8b_conv300,1914,30181499000.0,724737250798.8173
llama3-8b_conv300,1915,30181499000.0,725058855079.8173
llama3-8b_conv300,1916,30181499000.0,725380459360.8173
llama3-8b_conv300,1917,30181499000.0,725702063641.8173
llama3-8b_conv300,1918,30181499000.0,726023097719.8173
llama3-8b_conv300,1919,30181499000.0,726344131797.8173
llama3-8b_conv300,1920,30181499000.0,726665165875.8173
llama3-8b_conv300,1921,30181499000.0,726986199953.8173
llama3-8b_conv300,1922,30181499000.0,727307234031.8173
llama3-8b_conv300,1923,30181499000.0,727628268109.8173
llama3-8b_conv300,1924,30181499000.0,727949302187.8173
llama3-8b_conv300,1925,30181499000.0,728270336265.8173
llama3-8b_conv300,1926,30181499000.0,728591370343.8173
llama3-8b_conv300,1927,30181499000.0,728912404421.8173
llama3-8b_conv300,1928,30181499000.0,729233438499.8173
llama3-8b_conv300,1929,30181499000.0,729554472577.8173
llama3-8b_conv300,1930,30181499000.0,729875506655.8173
llama3-8b_conv300,1931,30181499000.0,730196540733.8173
llama3-8b_conv300,1932,30181499000.0,730517574811.8173
llama3-8b_conv300,1933,30181499000.0,730838608889.8173
llama3-8b_conv300,1934,30181499000.0,731159642967.8173
llama3-8b_conv300,1935,30181499000.0,731480677045.8173
llama3-8b_conv300,1936,30181499000.0,731801711123.8173
llama3-8b_conv300,1937,30181499000.0,732122174997.8173
llama3-8b_conv300,1938,30181499000.0,732442638871.8173
llama3-8b_conv300,1939,30181499000.0,732763102745.8173
llama3-8b_conv300,1940,30181499000.0,733083566619.8173
llama3-8b_conv300,1941,30181499000.0,733404030493.8173
llama3-8b_conv300,1942,30181499000.0,733724055277.8173
llama3-8b_conv300,1943,30181499000.0,734044080061.8173
llama3-8b_conv300,1944,30181499000.0,734364104845.8173
llama3-8b_conv300,1945,30181499000.0,734684129629.8173
llama3-8b_conv300,1946,30181499000.0,735004154413.8173
llama3-8b_conv300,1947,30181499000.0,735324179197.8173
llama3-8b_conv300,1948,30181499000.0,735644168141.8173
llama3-8b_conv300,1949,30181499000.0,735961787805.8173
llama3-8b_conv300,1950,30181499000.0,736279407469.8173
llama3-8b_conv300,1951,30181499000.0,736597027133.8173
llama3-8b_conv300,1952,30181499000.0,736914646797.8173
llama3-8b_conv300,1953,30181499000.0,737232266461.8173
llama3-8b_conv300,1954,30181499000.0,737549886125.8173
llama3-8b_conv300,1955,30181499000.0,737867505789.8173
llama3-8b_conv300,1956,30181499000.0,738185125453.8173
llama3-8b_conv300,1957,30181499000.0,738502745117.8173
llama3-8b_conv300,1958,30181499000.0,738820364781.8173
llama3-8b_conv300,1959,30181499000.0,739137984445.8173
llama3-8b_conv300,1960,30181499000.0,739455604109.8173
llama3-8b_conv300,1961,30181499000.0,739773223773.8173
llama3-8b_conv300,1962,30181499000.0,740090807597.8173
llama3-8b_conv300,1963,30181499000.0,740408492797.8173
llama3-8b_conv300,1964,30181499000.0,740726177997.8173
llama3-8b_conv300,1965,30181499000.0,741043863197.8173
llama3-8b_conv300,1966,30181499000.0,741361548397.8173
llama3-8b_conv300,1967,30181499000.0,741679233597.8173
llama3-8b_conv300,1968,30181499000.0,741996918797.8173
llama3-8b_conv300,1969,30181499000.0,742313509597.8173
llama3-8b_conv300,1970,30181499000.0,742630100397.8173
llama3-8b_conv300,1971,30181499000.0,742946691197.8173
llama3-8b_conv300,1972,30181499000.0,743263281997.8173
llama3-8b_conv300,1973,30181499000.0,743579872797.8173
llama3-8b_conv300,1974,30181499000.0,743896463597.8173
llama3-8b_conv300,1975,30181499000.0,744213054397.8173
llama3-8b_conv300,1976,30181499000.0,744529645197.8173
llama3-8b_conv300,1977,30181499000.0,744846235997.8173
llama3-8b_conv300,1978,30181499000.0,745162826797.8173
llama3-8b_conv300,1979,30181499000.0,745479417597.8173
llama3-8b_conv300,1980,30181499000.0,745796008397.8173
llama3-8b_conv300,1981,30181499000.0,746112599197.8173
llama3-8b_conv300,1982,30181499000.0,746429189997.8173
llama3-8b_conv300,1983,30181499000.0,746745780797.8173
llama3-8b_conv300,1984,30181499000.0,747062371597.8173
llama3-8b_conv300,1985,30181499000.0,747378962397.8173
llama3-8b_conv300,1986,30181499000.0,747695553197.8173
llama3-8b_conv300,1987,30181499000.0,748012143997.8173
llama3-8b_conv300,1988,30181499000.0,748328734797.8173
llama3-8b_conv300,1989,30181499000.0,748644231197.8173
llama3-8b_conv300,1990,30181499000.0,748959727597.8173
llama3-8b_conv300,1991,30181499000.0,749275223997.8173
llama3-8b_conv300,1992,30181499000.0,749590720397.8173
llama3-8b_conv300,1993,30181499000.0,749906216797.8173
llama3-8b_conv300,1994,30181499000.0,750221713197.8173
llama3-8b_conv300,1995,30181499000.0,750537209597.8173
llama3-8b_conv300,1996,30181499000.0,750852705997.8173
llama3-8b_conv300,1997,30181499000.0,751168202397.8173
llama3-8b_conv300,1998,30181499000.0,751483698797.8173
llama3-8b_conv300,1999,28607772000.0,751798625085.8173
llama3-8b_conv300,2000,28607772000.0,752113551373.8173
llama3-8b_conv300,2001,28607772000.0,752428477661.8173
llama3-8b_conv300,2002,28607772000.0,752743403949.8173
llama3-8b_conv300,2003,28607772000.0,753058330237.8173
llama3-8b_conv300,2004,31269171000.0,755153005238.6116
llama3-8b_conv300,2005,31269171000.0,755468370566.6116
llama3-8b_conv300,2006,31269171000.0,755783735894.6116
llama3-8b_conv300,2007,31269171000.0,756099101222.6116
llama3-8b_conv300,2008,31269171000.0,756414466550.6116
llama3-8b_conv300,2009,31269171000.0,756729831878.6116
llama3-8b_conv300,2010,31269171000.0,757045197206.6116
llama3-8b_conv300,2011,31269171000.0,757360562534.6116
llama3-8b_conv300,2012,31269171000.0,757675927862.6116
llama3-8b_conv300,2013,31269171000.0,757991293190.6116
llama3-8b_conv300,2014,31269171000.0,758306658518.6116
llama3-8b_conv300,2015,31269171000.0,758622023846.6116
llama3-8b_conv300,2016,31269171000.0,758937389174.6116
llama3-8b_conv300,2017,31269171000.0,759252754502.6116
llama3-8b_conv300,2018,31269171000.0,759568119830.6116
llama3-8b_conv300,2019,31269171000.0,759883485158.6116
llama3-8b_conv300,2020,31269171000.0,760198850486.6116
llama3-8b_conv300,2021,31269171000.0,760514215814.6116
llama3-8b_conv300,2022,31269171000.0,760829581142.6116
llama3-8b_conv300,2023,31269171000.0,761144946470.6116
llama3-8b_conv300,2024,31269171000.0,761460311798.6116
llama3-8b_conv300,2025,31269171000.0,761775677126.6116
llama3-8b_conv300,2026,31269171000.0,762091042454.6116
llama3-8b_conv300,2027,31269171000.0,762406407782.6116
llama3-8b_conv300,2028,31269171000.0,762721773110.6116
llama3-8b_conv300,2029,31269171000.0,763037138438.6116
llama3-8b_conv300,2030,31269171000.0,763352503766.6116
llama3-8b_conv300,2031,31269171000.0,763667869094.6116
llama3-8b_conv300,2032,31269171000.0,763983234422.6116
llama3-8b_conv300,2033,31269171000.0,764298599750.6116
llama3-8b_conv300,2034,31269171000.0,764613965078.6116
llama3-8b_conv300,2035,31620490000.0,764879405296.4916
llama3-8b_conv300,2036,31620490000.0,765149023434.3716
llama3-8b_conv300,2037,31620490000.0,765752925370.3716
llama3-8b_conv300,2038,31620490000.0,766069188490.3716
llama3-8b_conv300,2039,31620490000.0,766385451610.3716
llama3-8b_conv300,2040,31620490000.0,766701714730.3716
llama3-8b_conv300,2041,31620490000.0,767017977850.3716
llama3-8b_conv300,2042,31760229000.0,771028913207.423
llama3-8b_conv300,2043,31760229000.0,771345746439.423
llama3-8b_conv300,2044,31760229000.0,771662579671.423
llama3-8b_conv300,2045,31760229000.0,771979412903.423
llama3-8b_conv300,2046,31760229000.0,772296246135.423
llama3-8b_conv300,2047,31760229000.0,772613043527.423
llama3-8b_conv300,2048,31760229000.0,772929942295.423
llama3-8b_conv300,2049,31760229000.0,773246841063.423
llama3-8b_conv300,2050,31760229000.0,773563739831.423
llama3-8b_conv300,2051,31760229000.0,773880638599.423
llama3-8b_conv300,2052,31760229000.0,774197537367.423
llama3-8b_conv300,2053,31760229000.0,774514436135.423
llama3-8b_conv300,2054,31917003000.0,778435102281.903
llama3-8b_conv300,2055,31917003000.0,778752571161.903
llama3-8b_conv300,2056,31917003000.0,779070040041.903
llama3-8b_conv300,2057,31917003000.0,779387508921.903
llama3-8b_conv300,2058,31917003000.0,779704977801.903
llama3-8b_conv300,2059,31917003000.0,780022446681.903
llama3-8b_conv300,2060,31917003000.0,780339915561.903
llama3-8b_conv300,2061,31917003000.0,780657384441.903
llama3-8b_conv300,2062,31917003000.0,780974853321.903
llama3-8b_conv300,2063,31917003000.0,781292322201.903
llama3-8b_conv300,2064,31917003000.0,781609791081.903
llama3-8b_conv300,2065,31917003000.0,781927259961.903
llama3-8b_conv300,2066,31917003000.0,782244728841.903
llama3-8b_conv300,2067,31917003000.0,782562197721.903
llama3-8b_conv300,2068,31917003000.0,782879666601.903
llama3-8b_conv300,2069,31917003000.0,783197135481.903
llama3-8b_conv300,2070,31917003000.0,783514604361.903
llama3-8b_conv300,2071,31917003000.0,783832073241.903
llama3-8b_conv300,2072,31917003000.0,784149542121.903
llama3-8b_conv300,2073,31917003000.0,784467011001.903
llama3-8b_conv300,2074,31917003000.0,784784479881.903
llama3-8b_conv300,2075,31917003000.0,785101948761.903
llama3-8b_conv300,2076,31917003000.0,785419417641.903
llama3-8b_conv300,2077,31917003000.0,785736886521.903
llama3-8b_conv300,2078,31917003000.0,786054355401.903
llama3-8b_conv300,2079,31917003000.0,786371824281.903
llama3-8b_conv300,2080,31917003000.0,786689293161.903
llama3-8b_conv300,2081,31917003000.0,787006762041.903
llama3-8b_conv300,2082,31917003000.0,787324230921.903
llama3-8b_conv300,2083,31917003000.0,787641699801.903
llama3-8b_conv300,2084,31917003000.0,787959168681.903
llama3-8b_conv300,2085,31917003000.0,788276637561.903
llama3-8b_conv300,2086,31917003000.0,788594106441.903
llama3-8b_conv300,2087,31917003000.0,788911575321.903
llama3-8b_conv300,2088,31917003000.0,789229044201.903
llama3-8b_conv300,2089,31917003000.0,789546513081.903
llama3-8b_conv300,2090,31917003000.0,789863946121.903
llama3-8b_conv300,2091,31917003000.0,790181480537.903
llama3-8b_conv300,2092,31917003000.0,790499014953.903
llama3-8b_conv300,2093,31917003000.0,790816549369.903
llama3-8b_conv300,2094,32388505000.000004,791083732494.783
llama3-8b_conv300,2095,32388505000.000004,791355068963.663
llama3-8b_conv300,2096,32388505000.000004,791675436677.663
llama3-8b_conv300,2097,32388505000.000004,791993868935.663
llama3-8b_conv300,2098,32388505000.000004,792312301193.663
llama3-8b_conv300,2099,32388505000.000004,792630733451.663
llama3-8b_conv300,2100,32388505000.000004,792949165709.663
llama3-8b_conv300,2101,32388505000.000004,793267597967.663
llama3-8b_conv300,2102,32388505000.000004,793586030225.663
llama3-8b_conv300,2103,32388505000.000004,793904426643.663
llama3-8b_conv300,2104,32388505000.000004,794222924437.663
llama3-8b_conv300,2105,32388505000.000004,794541422231.663
llama3-8b_conv300,2106,32388505000.000004,794859920025.663
llama3-8b_conv300,2107,32388505000.000004,795178417819.663
llama3-8b_conv300,2108,32388505000.000004,795496915613.663
llama3-8b_conv300,2109,32388505000.000004,795815413407.663
llama3-8b_conv300,2110,32388505000.000004,796133911201.663
llama3-8b_conv300,2111,32388505000.000004,796452408995.663
llama3-8b_conv300,2112,32388505000.000004,796770906789.663
llama3-8b_conv300,2113,32388505000.000004,797089404583.663
llama3-8b_conv300,2114,32388505000.000004,797407902377.663
llama3-8b_conv300,2115,32388505000.000004,797726400171.663
llama3-8b_conv300,2116,32388505000.000004,798044897965.663
llama3-8b_conv300,2117,32388505000.000004,798363395759.663
llama3-8b_conv300,2118,32388505000.000004,798681893553.663
llama3-8b_conv300,2119,32388505000.000004,799000391347.663
llama3-8b_conv300,2120,32388505000.000004,799318889141.663
llama3-8b_conv300,2121,32388505000.000004,799637386935.663
llama3-8b_conv300,2122,32388505000.000004,799955884729.663
llama3-8b_conv300,2123,32388505000.000004,800274382523.663
llama3-8b_conv300,2124,32388505000.000004,800592880317.663
llama3-8b_conv300,2125,32388505000.000004,800911378111.663
llama3-8b_conv300,2126,32388505000.000004,801229875905.663
llama3-8b_conv300,2127,32388505000.000004,801548373699.663
llama3-8b_conv300,2128,32388505000.000004,801866871493.663
llama3-8b_conv300,2129,32388505000.000004,802185369287.663
llama3-8b_conv300,2130,32388505000.000004,802503867081.663
llama3-8b_conv300,2131,32388505000.000004,802822364875.663
llama3-8b_conv300,2132,32388505000.000004,803140862669.663
llama3-8b_conv300,2133,32388505000.000004,803459360463.663
llama3-8b_conv300,2134,32388505000.000004,803777858257.663
llama3-8b_conv300,2135,32388505000.000004,804096356051.663
llama3-8b_conv300,2136,32388505000.000004,804414283683.663
llama3-8b_conv300,2137,32388505000.000004,804732211315.663
llama3-8b_conv300,2138,32388505000.000004,805050138947.663
llama3-8b_conv300,2139,32388505000.000004,805368066579.663
llama3-8b_conv300,2140,32388505000.000004,805685994211.663
llama3-8b_conv300,2141,32388505000.000004,806003921843.663
llama3-8b_conv300,2142,32388505000.000004,806321849475.663
llama3-8b_conv300,2143,32388505000.000004,806639777107.663
llama3-8b_conv300,2144,32388505000.000004,806957704739.663
llama3-8b_conv300,2145,32388505000.000004,807275632371.663
llama3-8b_conv300,2146,32388505000.000004,807593524163.663
llama3-8b_conv300,2147,32388505000.000004,807911517331.663
llama3-8b_conv300,2148,32388505000.000004,808229510499.663
llama3-8b_conv300,2149,32388505000.000004,808547503667.663
llama3-8b_conv300,2150,32388505000.000004,808865496835.663
llama3-8b_conv300,2151,32388505000.000004,809183490003.663
llama3-8b_conv300,2152,32388505000.000004,809501483171.663
llama3-8b_conv300,2153,32388505000.000004,809819476339.663
llama3-8b_conv300,2154,32388505000.000004,810137469507.663
llama3-8b_conv300,2155,32388505000.000004,810455462675.663
llama3-8b_conv300,2156,32388505000.000004,810773455843.663
llama3-8b_conv300,2157,32388505000.000004,811091449011.663
llama3-8b_conv300,2158,32388505000.000004,811409442179.663
llama3-8b_conv300,2159,32388505000.000004,811727435347.663
llama3-8b_conv300,2160,32388505000.000004,812045428515.663
llama3-8b_conv300,2161,32388505000.000004,812363421683.663
llama3-8b_conv300,2162,32388505000.000004,812681414851.663
llama3-8b_conv300,2163,32388505000.000004,812999408019.663
llama3-8b_conv300,2164,33235881999.999996,813267049896.543
llama3-8b_conv300,2165,33235881999.999996,816077961418.4515
llama3-8b_conv300,2166,33235881999.999996,816396786892.4515
llama3-8b_conv300,2167,33235881999.999996,816715612366.4515
llama3-8b_conv300,2168,33235881999.999996,817034437840.4515
llama3-8b_conv300,2169,33235881999.999996,817353263314.4515
llama3-8b_conv300,2170,33235881999.999996,817672088788.4515
llama3-8b_conv300,2171,33235881999.999996,817990914262.4515
llama3-8b_conv300,2172,33235881999.999996,818309739736.4515
llama3-8b_conv300,2173,33235881999.999996,818627929512.4515
llama3-8b_conv300,2174,33235881999.999996,818946119288.4515
llama3-8b_conv300,2175,33413528000.0,820998136080.9601
llama3-8b_conv300,2176,33413528000.0,821316830482.9601
llama3-8b_conv300,2177,33413528000.0,821635524884.9601
llama3-8b_conv300,2178,33413528000.0,821954219286.9601
llama3-8b_conv300,2179,33413528000.0,822272913688.9601
llama3-8b_conv300,2180,33413528000.0,822591608090.9601
llama3-8b_conv300,2181,33491000999.999996,822859809166.8401
llama3-8b_conv300,2182,33526770000.0,823130791520.7201
llama3-8b_conv300,2183,33526770000.0,823788780121.7201
llama3-8b_conv300,2184,33526770000.0,824108746002.7201
llama3-8b_conv300,2185,33526770000.0,824428711883.7201
llama3-8b_conv300,2186,33526770000.0,824748677764.7201
llama3-8b_conv300,2187,33526770000.0,825068073442.7201
llama3-8b_conv300,2188,33526770000.0,825387469120.7201
llama3-8b_conv300,2189,33645713000.0,829681152183.0287
llama3-8b_conv300,2190,33645713000.0,830001052528.0287
llama3-8b_conv300,2191,33645713000.0,830320952873.0287
llama3-8b_conv300,2192,33645713000.0,830640853218.0287
llama3-8b_conv300,2193,33645713000.0,830960753563.0287
llama3-8b_conv300,2194,33645713000.0,831280653908.0287
llama3-8b_conv300,2195,33645713000.0,831600554253.0287
llama3-8b_conv300,2196,33748702000.0,831869677117.9087
llama3-8b_conv300,2197,33748702000.0,832142928750.7887
llama3-8b_conv300,2198,33825000000.000004,832686977108.2972
llama3-8b_conv300,2199,33825000000.000004,833008014789.2972
llama3-8b_conv300,2200,33825000000.000004,833329052470.2972
llama3-8b_conv300,2201,33825000000.000004,833650188455.2972
llama3-8b_conv300,2202,33825000000.000004,833971425816.2972
llama3-8b_conv300,2203,33825000000.000004,834292663177.2972
llama3-8b_conv300,2204,33825000000.000004,834613900538.2972
llama3-8b_conv300,2205,33825000000.000004,834935137899.2972
llama3-8b_conv300,2206,33932529000.000004,835205313625.1772
llama3-8b_conv300,2207,33932529000.000004,835479247337.0573
llama3-8b_conv300,2208,33932529000.000004,839657870879.7944
llama3-8b_conv300,2209,33932529000.000004,839979632528.7944
llama3-8b_conv300,2210,33932529000.000004,840301394177.7944
llama3-8b_conv300,2211,33932529000.000004,840623155826.7944
llama3-8b_conv300,2212,33932529000.000004,840944917475.7944
llama3-8b_conv300,2213,33932529000.000004,841266679124.7944
llama3-8b_conv300,2214,33932529000.000004,841588440773.7944
llama3-8b_conv300,2215,33932529000.000004,841910202422.7944
llama3-8b_conv300,2216,33932529000.000004,842231964071.7944
llama3-8b_conv300,2217,33932529000.000004,842552762300.7944
llama3-8b_conv300,2218,33932529000.000004,842873524689.7944
llama3-8b_conv300,2219,33932529000.000004,843194388454.7944
llama3-8b_conv300,2220,33932529000.000004,843515252219.7944
llama3-8b_conv300,2221,33932529000.000004,843836115984.7944
llama3-8b_conv300,2222,33932529000.000004,844156979749.7944
llama3-8b_conv300,2223,33932529000.000004,844477843514.7944
llama3-8b_conv300,2224,33932529000.000004,844798707279.7944
llama3-8b_conv300,2225,33932529000.000004,845119571044.7944
llama3-8b_conv300,2226,33932529000.000004,845440398969.7944
llama3-8b_conv300,2227,33932529000.000004,845761292430.7944
llama3-8b_conv300,2228,33932529000.000004,846082287267.7944
llama3-8b_conv300,2229,33932529000.000004,846403282104.7944
llama3-8b_conv300,2230,33932529000.000004,846724241101.7944
llama3-8b_conv300,2231,33932529000.000004,847045265634.7944
llama3-8b_conv300,2232,33932529000.000004,847366391543.7944
llama3-8b_conv300,2233,33932529000.000004,847687517452.7944
llama3-8b_conv300,2234,33932529000.000004,848008643361.7944
llama3-8b_conv300,2235,33932529000.000004,848329769270.7944
llama3-8b_conv300,2236,33932529000.000004,848650895179.7944
llama3-8b_conv300,2237,33932529000.000004,848972021088.7944
llama3-8b_conv300,2238,33932529000.000004,849293146997.7944
llama3-8b_conv300,2239,33932529000.000004,849614272906.7944
llama3-8b_conv300,2240,33932529000.000004,849935398815.7944
llama3-8b_conv300,2241,33932529000.000004,850256524724.7944
llama3-8b_conv300,2242,33932529000.000004,850577650633.7944
llama3-8b_conv300,2243,33932529000.000004,850898776542.7944
llama3-8b_conv300,2244,33932529000.000004,851219902451.7944
llama3-8b_conv300,2245,33932529000.000004,851541028360.7944
llama3-8b_conv300,2246,33932529000.000004,851862154269.7944
llama3-8b_conv300,2247,33932529000.000004,852183280178.7944
llama3-8b_conv300,2248,33932529000.000004,852504406087.7944
llama3-8b_conv300,2249,33932529000.000004,852825531996.7944
llama3-8b_conv300,2250,33932529000.000004,853146657905.7944
llama3-8b_conv300,2251,33932529000.000004,853467783814.7944
llama3-8b_conv300,2252,33932529000.000004,853788909723.7944
llama3-8b_conv300,2253,33932529000.000004,854110035632.7944
llama3-8b_conv300,2254,33932529000.000004,854431161541.7944
llama3-8b_conv300,2255,33932529000.000004,854752287450.7944
llama3-8b_conv300,2256,33932529000.000004,855073413359.7944
llama3-8b_conv300,2257,33932529000.000004,855394503428.7944
llama3-8b_conv300,2258,33932529000.000004,855715694873.7944
llama3-8b_conv300,2259,33932529000.000004,856036886318.7944
llama3-8b_conv300,2260,33932529000.000004,856358077763.7944
llama3-8b_conv300,2261,33932529000.000004,856679269208.7944
llama3-8b_conv300,2262,33932529000.000004,857000460653.7944
llama3-8b_conv300,2263,33932529000.000004,857321652098.7944
llama3-8b_conv300,2264,33932529000.000004,857642843543.7944
llama3-8b_conv300,2265,33932529000.000004,857964034988.7944
llama3-8b_conv300,2266,33932529000.000004,858285226433.7944
llama3-8b_conv300,2267,33932529000.000004,858606417878.7944
llama3-8b_conv300,2268,33932529000.000004,858927609323.7944
llama3-8b_conv300,2269,34746446000.0,859197881211.6744
llama3-8b_conv300,2270,34746446000.0,859472273675.5544
llama3-8b_conv300,2271,34746446000.0,860317045388.5544
llama3-8b_conv300,2272,34746446000.0,860639134717.5544
llama3-8b_conv300,2273,34746446000.0,860961224046.5544
llama3-8b_conv300,2274,34746446000.0,861283313375.5544
llama3-8b_conv300,2275,34746446000.0,861605402704.5544
llama3-8b_conv300,2276,34746446000.0,861926659685.5544
llama3-8b_conv300,2277,34746446000.0,862247916666.5544
llama3-8b_conv300,2278,34746446000.0,862569173647.5544
llama3-8b_conv300,2279,34746446000.0,862890430628.5544
llama3-8b_conv300,2280,34746446000.0,863211687609.5544
llama3-8b_conv300,2281,34746446000.0,863532944590.5544
llama3-8b_conv300,2282,34746446000.0,863854201571.5544
llama3-8b_conv300,2283,34746446000.0,864175458552.5544
llama3-8b_conv300,2284,34746446000.0,864496715533.5544
llama3-8b_conv300,2285,34746446000.0,864817972514.5544
llama3-8b_conv300,2286,34746446000.0,865139229495.5544
llama3-8b_conv300,2287,34746446000.0,865460486476.5544
llama3-8b_conv300,2288,34746446000.0,865781743457.5544
llama3-8b_conv300,2289,34746446000.0,866103000438.5544
llama3-8b_conv300,2290,34746446000.0,866424257419.5544
llama3-8b_conv300,2291,34746446000.0,866745514400.5544
llama3-8b_conv300,2292,34746446000.0,867066771381.5544
llama3-8b_conv300,2293,34746446000.0,867388028362.5544
llama3-8b_conv300,2294,34746446000.0,867709285343.5544
llama3-8b_conv300,2295,34746446000.0,868030542324.5544
llama3-8b_conv300,2296,34746446000.0,868351799305.5544
llama3-8b_conv300,2297,34746446000.0,868673056286.5544
llama3-8b_conv300,2298,34746446000.0,868994313267.5544
llama3-8b_conv300,2299,34746446000.0,869315570248.5544
llama3-8b_conv300,2300,34746446000.0,869636827229.5544
llama3-8b_conv300,2301,34746446000.0,869958084210.5544
llama3-8b_conv300,2302,34746446000.0,870279305351.5544
llama3-8b_conv300,2303,34746446000.0,870600627868.5544
llama3-8b_conv300,2304,34746446000.0,870921950385.5544
llama3-8b_conv300,2305,34746446000.0,871243272902.5544
llama3-8b_conv300,2306,34746446000.0,871564595419.5544
llama3-8b_conv300,2307,34746446000.0,871885917936.5544
llama3-8b_conv300,2308,34746446000.0,872207240453.5544
llama3-8b_conv300,2309,34746446000.0,872528562970.5544
llama3-8b_conv300,2310,35294069000.0,876534564278.5487
llama3-8b_conv300,2311,35294069000.0,876856456999.5487
llama3-8b_conv300,2312,35294069000.0,877178349720.5487
llama3-8b_conv300,2313,35294069000.0,877500242441.5487
llama3-8b_conv300,2314,35294069000.0,877822135162.5487
llama3-8b_conv300,2315,35294069000.0,878144027883.5487
llama3-8b_conv300,2316,35294069000.0,878465920604.5487
llama3-8b_conv300,2317,35294069000.0,878787813325.5487
llama3-8b_conv300,2318,35294069000.0,879109706046.5487
llama3-8b_conv300,2319,35294069000.0,879431598767.5487
llama3-8b_conv300,2320,35294069000.0,879753491488.5487
llama3-8b_conv300,2321,35294069000.0,880075384209.5487
llama3-8b_conv300,2322,35294069000.0,880397276930.5487
llama3-8b_conv300,2323,35294069000.0,880719169651.5487
llama3-8b_conv300,2324,35294069000.0,881041062372.5487
llama3-8b_conv300,2325,35294069000.0,881362955093.5487
llama3-8b_conv300,2326,35294069000.0,881684811974.5487
llama3-8b_conv300,2327,35294069000.0,882006770231.5487
llama3-8b_conv300,2328,35294069000.0,882328728488.5487
llama3-8b_conv300,2329,35294069000.0,882650650905.5487
llama3-8b_conv300,2330,35294069000.0,882972674698.5487
llama3-8b_conv300,2331,35294069000.0,883294698491.5487
llama3-8b_conv300,2332,35294069000.0,883616722284.5487
llama3-8b_conv300,2333,35294069000.0,883938746077.5487
llama3-8b_conv300,2334,35294069000.0,884260769870.5487
llama3-8b_conv300,2335,35294069000.0,884582793663.5487
llama3-8b_conv300,2336,35294069000.0,884904817456.5487
llama3-8b_conv300,2337,35294069000.0,885226841249.5487
llama3-8b_conv300,2338,35294069000.0,885548865042.5487
llama3-8b_conv300,2339,35294069000.0,885870888835.5487
llama3-8b_conv300,2340,35294069000.0,886192912628.5487
llama3-8b_conv300,2341,35294069000.0,886514936421.5487
llama3-8b_conv300,2342,35294069000.0,886836960214.5487
llama3-8b_conv300,2343,35294069000.0,887158984007.5487
llama3-8b_conv300,2344,35294069000.0,887481007800.5487
llama3-8b_conv300,2345,35294069000.0,887803031593.5487
llama3-8b_conv300,2346,35294069000.0,888125019546.5487
llama3-8b_conv300,2347,35294069000.0,888447108875.5487
llama3-8b_conv300,2348,35294069000.0,888769198204.5487
llama3-8b_conv300,2349,35294069000.0,889091287533.5487
llama3-8b_conv300,2350,35294069000.0,889413376862.5487
llama3-8b_conv300,2351,35294069000.0,889735466191.5487
llama3-8b_conv300,2352,35294069000.0,890057555520.5487
llama3-8b_conv300,2353,35294069000.0,890379644849.5487
llama3-8b_conv300,2354,35294069000.0,890701698338.5487
llama3-8b_conv300,2355,35294069000.0,891023312695.5487
llama3-8b_conv300,2356,35294069000.0,891345028428.5487
llama3-8b_conv300,2357,35294069000.0,891666744161.5487
llama3-8b_conv300,2358,35294069000.0,891988424054.5487
llama3-8b_conv300,2359,35294069000.0,892310169483.5487
llama3-8b_conv300,2360,35294069000.0,892632016288.5487
llama3-8b_conv300,2361,35294069000.0,892953863093.5487
llama3-8b_conv300,2362,35294069000.0,893275709898.5487
llama3-8b_conv300,2363,35294069000.0,893597556703.5487
llama3-8b_conv300,2364,35294069000.0,893919403508.5487
llama3-8b_conv300,2365,35294069000.0,894241250313.5487
llama3-8b_conv300,2366,35294069000.0,894563097118.5487
llama3-8b_conv300,2367,35294069000.0,894884943923.5487
llama3-8b_conv300,2368,35294069000.0,895206790728.5487
llama3-8b_conv300,2369,35294069000.0,895528637533.5487
llama3-8b_conv300,2370,35294069000.0,895850484338.5487
llama3-8b_conv300,2371,35294069000.0,896172331143.5487
llama3-8b_conv300,2372,35294069000.0,896494177948.5487
llama3-8b_conv300,2373,35294069000.0,896816024753.5487
llama3-8b_conv300,2374,35294069000.0,897137871558.5487
llama3-8b_conv300,2375,35294069000.0,897459718363.5487
llama3-8b_conv300,2376,35294069000.0,897781565168.5487
llama3-8b_conv300,2377,35294069000.0,898103411973.5487
llama3-8b_conv300,2378,35294069000.0,898425258778.5487
llama3-8b_conv300,2379,35294069000.0,898747105583.5487
llama3-8b_conv300,2380,36138512000.0,899018032831.4287
llama3-8b_conv300,2381,36138512000.0,899293080655.3087
llama3-8b_conv300,2382,36138512000.0,899850750592.3087
llama3-8b_conv300,2383,36138512000.0,900173495281.3087
llama3-8b_conv300,2384,36138512000.0,900496239970.3087
llama3-8b_conv300,2385,36138512000.0,900818948819.3087
llama3-8b_conv300,2386,36138512000.0,901141759044.3087
llama3-8b_conv300,2387,36138512000.0,901463474777.3087
llama3-8b_conv300,2388,36138512000.0,901785190510.3087
llama3-8b_conv300,2389,36138512000.0,902106906243.3087
llama3-8b_conv300,2390,36138512000.0,902428621976.3087
llama3-8b_conv300,2391,36138512000.0,902750337709.3087
llama3-8b_conv300,2392,36138512000.0,903071483238.3087
llama3-8b_conv300,2393,36138512000.0,903392628767.3087
llama3-8b_conv300,2394,36138512000.0,903713774296.3087
llama3-8b_conv300,2395,36138512000.0,904034919825.3087
llama3-8b_conv300,2396,36138512000.0,904356065354.3087
llama3-8b_conv300,2397,36138512000.0,904677210883.3087
llama3-8b_conv300,2398,36138512000.0,904998356412.3087
llama3-8b_conv300,2399,36138512000.0,905319501941.3087
llama3-8b_conv300,2400,36138512000.0,905640647470.3087
llama3-8b_conv300,2401,36138512000.0,905961792999.3087
llama3-8b_conv300,2402,36138512000.0,906282938528.3087
llama3-8b_conv300,2403,36138512000.0,906604084057.3087
llama3-8b_conv300,2404,36138512000.0,906925229586.3087
llama3-8b_conv300,2405,36138512000.0,907246375115.3087
llama3-8b_conv300,2406,36138512000.0,907567520644.3087
llama3-8b_conv300,2407,36138512000.0,907888666173.3087
llama3-8b_conv300,2408,36520417000.0,909970460968.9888
llama3-8b_conv300,2409,36520417000.0,910292045629.9888
llama3-8b_conv300,2410,36520417000.0,910613630290.9888
llama3-8b_conv300,2411,36520417000.0,910935214951.9888
llama3-8b_conv300,2412,36520417000.0,911256229408.9888
llama3-8b_conv300,2413,36520417000.0,911577243865.9888
llama3-8b_conv300,2414,36520417000.0,911898258322.9888
llama3-8b_conv300,2415,36520417000.0,912219272779.9888
llama3-8b_conv300,2416,36520417000.0,912540287236.9888
llama3-8b_conv300,2417,36520417000.0,912861301693.9888
llama3-8b_conv300,2418,36520417000.0,913182316150.9888
llama3-8b_conv300,2419,36520417000.0,913503330607.9888
llama3-8b_conv300,2420,36520417000.0,913824345064.9888
llama3-8b_conv300,2421,36520417000.0,914145359521.9888
llama3-8b_conv300,2422,36520417000.0,914466373978.9888
llama3-8b_conv300,2423,36520417000.0,914787388435.9888
llama3-8b_conv300,2424,36520417000.0,915108402892.9888
llama3-8b_conv300,2425,36520417000.0,915429417349.9888
llama3-8b_conv300,2426,36520417000.0,915750431806.9888
llama3-8b_conv300,2427,36520417000.0,916071446263.9888
llama3-8b_conv300,2428,36520417000.0,916392460720.9888
llama3-8b_conv300,2429,36520417000.0,916713475177.9888
llama3-8b_conv300,2430,36520417000.0,917034489634.9888
llama3-8b_conv300,2431,36520417000.0,917354409600.9888
llama3-8b_conv300,2432,36520417000.0,917674329566.9888
llama3-8b_conv300,2433,36520417000.0,917994249532.9888
llama3-8b_conv300,2434,36520417000.0,918314169498.9888
llama3-8b_conv300,2435,36520417000.0,918634089464.9888
llama3-8b_conv300,2436,36520417000.0,918953439226.9888
llama3-8b_conv300,2437,36864739000.0,919222295662.8688
llama3-8b_conv300,2438,36864739000.0,919495297250.7488
llama3-8b_conv300,2439,36864739000.0,923563813268.9717
llama3-8b_conv300,2440,36864739000.0,923884191986.9717
llama3-8b_conv300,2441,36864739000.0,924204570704.9717
llama3-8b_conv300,2442,36864739000.0,924524949422.9717
llama3-8b_conv300,2443,36864739000.0,924845328140.9717
llama3-8b_conv300,2444,36864739000.0,925165706858.9717
llama3-8b_conv300,2445,36864739000.0,925486085576.9717
llama3-8b_conv300,2446,36864739000.0,925806464294.9717
llama3-8b_conv300,2447,36864739000.0,926126843012.9717
llama3-8b_conv300,2448,36864739000.0,926447221730.9717
llama3-8b_conv300,2449,36864739000.0,926767600448.9717
llama3-8b_conv300,2450,36864739000.0,927087979166.9717
llama3-8b_conv300,2451,36864739000.0,927408357884.9717
llama3-8b_conv300,2452,37124806000.0,927729010613.9717
llama3-8b_conv300,2453,37124806000.0,928049527406.9717
llama3-8b_conv300,2454,37124806000.0,928370008359.9717
llama3-8b_conv300,2455,37124806000.0,928690590688.9717
llama3-8b_conv300,2456,37124806000.0,929011173017.9717
llama3-8b_conv300,2457,37124806000.0,929331755346.9717
llama3-8b_conv300,2458,37124806000.0,929652337675.9717
llama3-8b_conv300,2459,37124806000.0,929972920004.9717
llama3-8b_conv300,2460,37124806000.0,930293466493.9717
llama3-8b_conv300,2461,37124806000.0,930614114358.9717
llama3-8b_conv300,2462,37124806000.0,930934762223.9717
llama3-8b_conv300,2463,37124806000.0,931255410088.9717
llama3-8b_conv300,2464,37124806000.0,931576057953.9717
llama3-8b_conv300,2465,37124806000.0,931896705818.9717
llama3-8b_conv300,2466,37124806000.0,932217353683.9717
llama3-8b_conv300,2467,37124806000.0,932538001548.9717
llama3-8b_conv300,2468,37124806000.0,932858649413.9717
llama3-8b_conv300,2469,37124806000.0,933179297278.9717
llama3-8b_conv300,2470,37124806000.0,933499945143.9717
llama3-8b_conv300,2471,37124806000.0,933820593008.9717
llama3-8b_conv300,2472,37124806000.0,934141240873.9717
llama3-8b_conv300,2473,37124806000.0,934461888738.9717
llama3-8b_conv300,2474,37124806000.0,934782500763.9717
llama3-8b_conv300,2475,37124806000.0,935103214164.9717
llama3-8b_conv300,2476,37124806000.0,935423891725.9717
llama3-8b_conv300,2477,37124806000.0,935744670662.9717
llama3-8b_conv300,2478,37124806000.0,936065449599.9717
llama3-8b_conv300,2479,37124806000.0,936386228536.9717
llama3-8b_conv300,2480,37124806000.0,936707007473.9717
llama3-8b_conv300,2481,37124806000.0,937027786410.9717
llama3-8b_conv300,2482,37475965000.0,937297768411.8517
llama3-8b_conv300,2483,37475965000.0,937571980556.7317
llama3-8b_conv300,2484,37475965000.0,938165707777.7317
llama3-8b_conv300,2485,37475965000.0,938487466518.7317
llama3-8b_conv300,2486,37475965000.0,938809189419.7317
llama3-8b_conv300,2487,37475965000.0,939131013696.7317
llama3-8b_conv300,2488,37475965000.0,939452837973.7317
llama3-8b_conv300,2489,37475965000.0,939774662250.7317
llama3-8b_conv300,2490,37475965000.0,940096486527.7317
llama3-8b_conv300,2491,37475965000.0,940418310804.7317
llama3-8b_conv300,2492,37475965000.0,940740135081.7317
llama3-8b_conv300,2493,37475965000.0,941061959358.7317
llama3-8b_conv300,2494,37475965000.0,941383783635.7317
llama3-8b_conv300,2495,37475965000.0,941704513420.7317
llama3-8b_conv300,2496,37475965000.0,942025243205.7317
llama3-8b_conv300,2497,37475965000.0,942345972990.7317
llama3-8b_conv300,2498,37475965000.0,942666702775.7317
llama3-8b_conv300,2499,37475965000.0,942987432560.7317
llama3-8b_conv300,2500,37475965000.0,943308162345.7317
llama3-8b_conv300,2501,37475965000.0,943628977122.7317
llama3-8b_conv300,2502,37475965000.0,943949791899.7317
llama3-8b_conv300,2503,37475965000.0,944270606676.7317
llama3-8b_conv300,2504,37475965000.0,944591421453.7317
llama3-8b_conv300,2505,37475965000.0,944912236230.7317
llama3-8b_conv300,2506,37475965000.0,945233051007.7317
llama3-8b_conv300,2507,37475965000.0,945553865784.7317
llama3-8b_conv300,2508,37475965000.0,945874680561.7317
llama3-8b_conv300,2509,37475965000.0,946195495338.7317
llama3-8b_conv300,2510,37475965000.0,946516310115.7317
llama3-8b_conv300,2511,37475965000.0,946837124892.7317
llama3-8b_conv300,2512,37475965000.0,947157939669.7317
llama3-8b_conv300,2513,37475965000.0,947478754446.7317
llama3-8b_conv300,2514,37475965000.0,947799569223.7317
llama3-8b_conv300,2515,37475965000.0,948120384000.7317
llama3-8b_conv300,2516,37475965000.0,948441198777.7317
llama3-8b_conv300,2517,37475965000.0,948762013554.7317
llama3-8b_conv300,2518,37475965000.0,949082828331.7317
llama3-8b_conv300,2519,37475965000.0,949403643108.7317
llama3-8b_conv300,2520,37475965000.0,949724457885.7317
llama3-8b_conv300,2521,37475965000.0,950045272662.7317
llama3-8b_conv300,2522,37475965000.0,950366087439.7317
llama3-8b_conv300,2523,37475965000.0,950686902216.7317
llama3-8b_conv300,2524,37475965000.0,951007716993.7317
llama3-8b_conv300,2525,37475965000.0,951328531770.7317
llama3-8b_conv300,2526,37475965000.0,951649346547.7317
llama3-8b_conv300,2527,37475965000.0,951970161324.7317
llama3-8b_conv300,2528,37475965000.0,952290976101.7317
llama3-8b_conv300,2529,37475965000.0,952611790878.7317
llama3-8b_conv300,2530,37475965000.0,952932605655.7317
llama3-8b_conv300,2531,37475965000.0,953253420432.7317
llama3-8b_conv300,2532,37475965000.0,953574199369.7317
llama3-8b_conv300,2533,37475965000.0,953894978306.7317
llama3-8b_conv300,2534,37475965000.0,954215757243.7317
llama3-8b_conv300,2535,38154930000.0,959782317015.0688
llama3-8b_conv300,2536,38154930000.0,960103600620.0688
llama3-8b_conv300,2537,38154930000.0,960424884225.0688
llama3-8b_conv300,2538,38154930000.0,960746167830.0688
llama3-8b_conv300,2539,38154930000.0,961067451435.0688
llama3-8b_conv300,2540,38154930000.0,961388735040.0688
llama3-8b_conv300,2541,38154930000.0,961710018645.0688
llama3-8b_conv300,2542,38154930000.0,962031302250.0688
llama3-8b_conv300,2543,38154930000.0,962352585855.0688
llama3-8b_conv300,2544,38154930000.0,962673869460.0688
llama3-8b_conv300,2545,38154930000.0,962995014989.0688
llama3-8b_conv300,2546,38154930000.0,963316124678.0688
llama3-8b_conv300,2547,38154930000.0,963637335743.0688
llama3-8b_conv300,2548,38154930000.0,963958546808.0688
llama3-8b_conv300,2549,38154930000.0,964279757873.0688
llama3-8b_conv300,2550,38154930000.0,964600968938.0688
llama3-8b_conv300,2551,38154930000.0,964922180003.0688
llama3-8b_conv300,2552,38154930000.0,965243391068.0688
llama3-8b_conv300,2553,38154930000.0,965564602133.0688
llama3-8b_conv300,2554,38392642000.0,965835035717.9489
llama3-8b_conv300,2555,38392642000.0,966109598070.8289
llama3-8b_conv300,2556,38392642000.0,966388289191.7089
llama3-8b_conv300,2557,38392642000.0,966671109080.5889
llama3-8b_conv300,2558,38392642000.0,966959245577.4689
llama3-8b_conv300,2559,38392642000.0,967251510842.3489
llama3-8b_conv300,2560,38392642000.0,967547904875.2289
llama3-8b_conv300,2561,38549044000.0,967847266939.1089
llama3-8b_conv300,2562,38549044000.0,968120993802.9889
llama3-8b_conv300,2563,38549044000.0,968397413786.8689
llama3-8b_conv300,2564,38813332000.0,968670343978.7489
llama3-8b_conv300,2565,38813332000.0,968947030202.6289
llama3-8b_conv300,2566,38813332000.0,971189710039.2231
llama3-8b_conv300,2567,38813332000.0,971514093128.2231
llama3-8b_conv300,2568,38813332000.0,971838476217.2231
llama3-8b_conv300,2569,38813332000.0,972162859306.2231
llama3-8b_conv300,2570,38813332000.0,972486701887.2231
llama3-8b_conv300,2571,38813332000.0,972810645844.2231
llama3-8b_conv300,2572,38813332000.0,973134589801.2231
llama3-8b_conv300,2573,38813332000.0,973458533758.2231
llama3-8b_conv300,2574,38813332000.0,973782477715.2231
llama3-8b_conv300,2575,38813332000.0,974106421672.2231
llama3-8b_conv300,2576,38813332000.0,974430365629.2231
llama3-8b_conv300,2577,38813332000.0,974754309586.2231
llama3-8b_conv300,2578,39091915000.0,975027333986.1031
llama3-8b_conv300,2579,39091915000.0,975304478961.9832
llama3-8b_conv300,2580,39091915000.0,975585744513.8632
llama3-8b_conv300,2581,39091915000.0,975871130641.7432
llama3-8b_conv300,2582,39091915000.0,976161789345.6232
llama3-8b_conv300,2583,39091915000.0,976456670001.5032
llama3-8b_conv300,2584,39091915000.0,976755671233.3832
llama3-8b_conv300,2585,39091915000.0,977058793041.2632
llama3-8b_conv300,2586,39220584000.0,977334191167.1432
llama3-8b_conv300,2587,39220584000.0,977613656621.0232
llama3-8b_conv300,2588,39324127000.0,977891979385.9032
llama3-8b_conv300,2589,39324127000.0,978171049670.7832
llama3-8b_conv300,2590,39637764000.0,978451625328.6632
llama3-8b_conv300,2591,39645191000.0,978727873657.5432
llama3-8b_conv300,2592,39645191000.0,979008062338.4232
llama3-8b_conv300,2593,39645191000.0,982907443299.6747
llama3-8b_conv300,2594,39645191000.0,983237937986.6747
llama3-8b_conv300,2595,39645191000.0,983567959749.6747
llama3-8b_conv300,2596,39645191000.0,983897981512.6747
llama3-8b_conv300,2597,39645191000.0,984228003275.6747
llama3-8b_conv300,2598,39645191000.0,984558025038.6747
llama3-8b_conv300,2599,39645191000.0,984888046801.6747
llama3-8b_conv300,2600,39645191000.0,985218068564.6747
llama3-8b_conv300,2601,39645191000.0,985548090327.6747
llama3-8b_conv300,2602,39645191000.0,985878112090.6747
llama3-8b_conv300,2603,39645191000.0,986208133853.6747
llama3-8b_conv300,2604,39645191000.0,986538119776.6747
llama3-8b_conv300,2605,39645191000.0,986868207075.6747
llama3-8b_conv300,2606,39645191000.0,987198294374.6747
llama3-8b_conv300,2607,39645191000.0,987528381673.6747
llama3-8b_conv300,2608,39645191000.0,987858468972.6747
llama3-8b_conv300,2609,39645191000.0,988188556271.6747
llama3-8b_conv300,2610,40041867000.0,988716085902.6747
llama3-8b_conv300,2611,40041867000.0,989046345069.6747
llama3-8b_conv300,2612,40041867000.0,989375607024.6747
llama3-8b_conv300,2613,40041867000.0,989704868979.6747
llama3-8b_conv300,2614,40041867000.0,990034130934.6747
llama3-8b_conv300,2615,40041867000.0,990363392889.6747
llama3-8b_conv300,2616,40041867000.0,990692654844.6747
llama3-8b_conv300,2617,40041867000.0,991021916799.6747
llama3-8b_conv300,2618,40041867000.0,991351178754.6747
llama3-8b_conv300,2619,40041867000.0,991680440709.6747
llama3-8b_conv300,2620,40041867000.0,992009702664.6747
llama3-8b_conv300,2621,40041867000.0,992338964619.6747
llama3-8b_conv300,2622,40041867000.0,992668190734.6747
llama3-8b_conv300,2623,40041867000.0,992995007542.6747
llama3-8b_conv300,2624,40041867000.0,993321925726.6747
llama3-8b_conv300,2625,40041867000.0,993648843910.6747
llama3-8b_conv300,2626,40041867000.0,993975762094.6747
llama3-8b_conv300,2627,40041867000.0,994302680278.6747
llama3-8b_conv300,2628,40041867000.0,994629598462.6747
llama3-8b_conv300,2629,40041867000.0,994956516646.6747
llama3-8b_conv300,2630,40041867000.0,995283434830.6747
llama3-8b_conv300,2631,40041867000.0,995610353014.6747
llama3-8b_conv300,2632,40041867000.0,995937271198.6747
llama3-8b_conv300,2633,40041867000.0,996264189382.6747
llama3-8b_conv300,2634,40041867000.0,996591107566.6747
llama3-8b_conv300,2635,40350634000.0,996866684056.5547
llama3-8b_conv300,2636,40350634000.0,997146356546.4347
llama3-8b_conv300,2637,40350634000.0,997430125036.3147
llama3-8b_conv300,2638,40350634000.0,997717989526.1947
llama3-8b_conv300,2639,40350634000.0,998011137856.0747
llama3-8b_conv300,2640,40479164000.0,998290177608.9547
llama3-8b_conv300,2641,40479164000.0,998571388241.8347
llama3-8b_conv300,2642,40479164000.0,999127038211.4004
llama3-8b_conv300,2643,40479164000.0,999454268550.4004
llama3-8b_conv300,2644,40479164000.0,999781515273.4004
llama3-8b_conv300,2645,40479164000.0,1000108761996.4004
llama3-8b_conv300,2646,40479164000.0,1000436008719.4004
llama3-8b_conv300,2647,40479164000.0,1000763255442.4004
llama3-8b_conv300,2648,40479164000.0,1001090502165.4004
llama3-8b_conv300,2649,40479164000.0,1001417748888.4004
llama3-8b_conv300,2650,40479164000.0,1001744995611.4004
llama3-8b_conv300,2651,40479164000.0,1002072242334.4004
llama3-8b_conv300,2652,40479164000.0,1002399489057.4004
llama3-8b_conv300,2653,40479164000.0,1002726699940.4004
llama3-8b_conv300,2654,40479164000.0,1003052913612.4004
llama3-8b_conv300,2655,40479164000.0,1003377189016.4004
llama3-8b_conv300,2656,40479164000.0,1003701464420.4004
llama3-8b_conv300,2657,40479164000.0,1004025739824.4004
llama3-8b_conv300,2658,40479164000.0,1004350015228.4004
llama3-8b_conv300,2659,40479164000.0,1004674290632.4004
llama3-8b_conv300,2660,40479164000.0,1004998566036.4004
llama3-8b_conv300,2661,40479164000.0,1005322841440.4004
llama3-8b_conv300,2662,40479164000.0,1005647116844.4004
llama3-8b_conv300,2663,40479164000.0,1005971392248.4004
llama3-8b_conv300,2664,40479164000.0,1006295667652.4004
llama3-8b_conv300,2665,40479164000.0,1006619943056.4004
llama3-8b_conv300,2666,40479164000.0,1006944218460.4004
llama3-8b_conv300,2667,40479164000.0,1007268493864.4004
llama3-8b_conv300,2668,40479164000.0,1007592769268.4004
llama3-8b_conv300,2669,40479164000.0,1007917044672.4004
llama3-8b_conv300,2670,40479164000.0,1008241320076.4004
llama3-8b_conv300,2671,40479164000.0,1008565595480.4004
llama3-8b_conv300,2672,40479164000.0,1008889870884.4004
llama3-8b_conv300,2673,40479164000.0,1009214146288.4004
llama3-8b_conv300,2674,40479164000.0,1009538421692.4004
llama3-8b_conv300,2675,40479164000.0,1009862697096.4004
llama3-8b_conv300,2676,40479164000.0,1010187005268.4004
llama3-8b_conv300,2677,40479164000.0,1010511313440.4004
llama3-8b_conv300,2678,41125873000.0,1012500051829.8518
llama3-8b_conv300,2679,41125873000.0,1012825541533.8518
llama3-8b_conv300,2680,41125873000.0,1013151132613.8518
llama3-8b_conv300,2681,41125873000.0,1013476723693.8518
llama3-8b_conv300,2682,41125873000.0,1013802314773.8518
llama3-8b_conv300,2683,41125873000.0,1014127905853.8518
llama3-8b_conv300,2684,41125873000.0,1014453496933.8518
llama3-8b_conv300,2685,41125873000.0,1014779088013.8518
llama3-8b_conv300,2686,41125873000.0,1015104679093.8518
llama3-8b_conv300,2687,41125873000.0,1015430270173.8518
llama3-8b_conv300,2688,41125873000.0,1015755861253.8518
llama3-8b_conv300,2689,41125873000.0,1016081452333.8518
llama3-8b_conv300,2690,41125873000.0,1016404515321.8518
llama3-8b_conv300,2691,41125873000.0,1016727578309.8518
llama3-8b_conv300,2692,41125873000.0,1017050641297.8518
llama3-8b_conv300,2693,41125873000.0,1017373134082.8518
llama3-8b_conv300,2694,41125873000.0,1017695626867.8518
llama3-8b_conv300,2695,41125873000.0,1018018270180.8518
llama3-8b_conv300,2696,41125873000.0,1018341014869.8518
llama3-8b_conv300,2697,41357391000.0,1021045863402.6747
llama3-8b_conv300,2698,41357391000.0,1021369142454.6747
llama3-8b_conv300,2699,41357391000.0,1021692522882.6747
llama3-8b_conv300,2700,41357391000.0,1022015903310.6747
llama3-8b_conv300,2701,41357391000.0,1022339283738.6747
llama3-8b_conv300,2702,41357391000.0,1022662664166.6747
llama3-8b_conv300,2703,41357391000.0,1022986044594.6747
llama3-8b_conv300,2704,41357391000.0,1023309425022.6747
llama3-8b_conv300,2705,41357391000.0,1023632805450.6747
llama3-8b_conv300,2706,41357391000.0,1023956185878.6747
llama3-8b_conv300,2707,41357391000.0,1024279566306.6747
llama3-8b_conv300,2708,41357391000.0,1024602946734.6747
llama3-8b_conv300,2709,41357391000.0,1024926327162.6747
llama3-8b_conv300,2710,41357391000.0,1025249707590.6747
llama3-8b_conv300,2711,41357391000.0,1025573088018.6747
llama3-8b_conv300,2712,41357391000.0,1025896468446.6747
llama3-8b_conv300,2713,41357391000.0,1026219848874.6747
llama3-8b_conv300,2714,41357391000.0,1026543229302.6747
llama3-8b_conv300,2715,41357391000.0,1026866609730.6747
llama3-8b_conv300,2716,41357391000.0,1027189990158.6747
llama3-8b_conv300,2717,41357391000.0,1027513370586.6747
llama3-8b_conv300,2718,41357391000.0,1027836751014.6747
llama3-8b_conv300,2719,41357391000.0,1028160131442.6747
llama3-8b_conv300,2720,41357391000.0,1028483511870.6747
llama3-8b_conv300,2721,41357391000.0,1028806892298.6747
llama3-8b_conv300,2722,41357391000.0,1029130272726.6747
llama3-8b_conv300,2723,41357391000.0,1029453653154.6747
llama3-8b_conv300,2724,41357391000.0,1029777033582.6747
llama3-8b_conv300,2725,41357391000.0,1030100414010.6747
llama3-8b_conv300,2726,41357391000.0,1030423794438.6747
llama3-8b_conv300,2727,41357391000.0,1030747174866.6747
llama3-8b_conv300,2728,41357391000.0,1031070555294.6747
llama3-8b_conv300,2729,41357391000.0,1031393935722.6747
llama3-8b_conv300,2730,41357391000.0,1031717316150.6747
llama3-8b_conv300,2731,41357391000.0,1032040696578.6747
llama3-8b_conv300,2732,41357391000.0,1032364041166.6747
llama3-8b_conv300,2733,41357391000.0,1032687487130.6747
llama3-8b_conv300,2734,41357391000.0,1033010933094.6747
llama3-8b_conv300,2735,41357391000.0,1033334379058.6747
llama3-8b_conv300,2736,41357391000.0,1033657825022.6747
llama3-8b_conv300,2737,41357391000.0,1033981270986.6747
llama3-8b_conv300,2738,41357391000.0,1034304716950.6747
llama3-8b_conv300,2739,41357391000.0,1034628091234.6747
llama3-8b_conv300,2740,41357391000.0,1034951668270.6747
llama3-8b_conv300,2741,41357391000.0,1035275245306.6747
llama3-8b_conv300,2742,41357391000.0,1035598822342.6747
llama3-8b_conv300,2743,41357391000.0,1035922399378.6747
llama3-8b_conv300,2744,41357391000.0,1036245976414.6747
llama3-8b_conv300,2745,41357391000.0,1036569553450.6747
llama3-8b_conv300,2746,41357391000.0,1036893130486.6747
llama3-8b_conv300,2747,41357391000.0,1037216707522.6747
llama3-8b_conv300,2748,41357391000.0,1037540284558.6747
llama3-8b_conv300,2749,41357391000.0,1037863861594.6747
llama3-8b_conv300,2750,41357391000.0,1038187438630.6747
llama3-8b_conv300,2751,41357391000.0,1038510979826.6747
llama3-8b_conv300,2752,41357391000.0,1038834622398.6747
llama3-8b_conv300,2753,41357391000.0,1039158264970.6747
llama3-8b_conv300,2754,41357391000.0,1039481907542.6747
llama3-8b_conv300,2755,41357391000.0,1039805550114.6747
llama3-8b_conv300,2756,41357391000.0,1040129192686.6747
llama3-8b_conv300,2757,41357391000.0,1040452835258.6747
llama3-8b_conv300,2758,41357391000.0,1040776477830.6747
llama3-8b_conv300,2759,41357391000.0,1041100120402.6747
llama3-8b_conv300,2760,41357391000.0,1041423762974.6747
llama3-8b_conv300,2761,41357391000.0,1041747405546.6747
llama3-8b_conv300,2762,41357391000.0,1042071048118.6747
llama3-8b_conv300,2763,41357391000.0,1042394690690.6747
llama3-8b_conv300,2764,41357391000.0,1042718333262.6747
llama3-8b_conv300,2765,41357391000.0,1043041975834.6747
llama3-8b_conv300,2766,41357391000.0,1043365618406.6747
llama3-8b_conv300,2767,41357391000.0,1043689260978.6747
llama3-8b_conv300,2768,41357391000.0,1044012903550.6747
llama3-8b_conv300,2769,41357391000.0,1044336546122.6747
llama3-8b_conv300,2770,41357391000.0,1044660117014.6747
llama3-8b_conv300,2771,41357391000.0,1044983890658.6747
llama3-8b_conv300,2772,41357391000.0,1045307664302.6747
llama3-8b_conv300,2773,41357391000.0,1045631437946.6747
llama3-8b_conv300,2774,41357391000.0,1045955211590.6747
llama3-8b_conv300,2775,41357391000.0,1046278985234.6747
llama3-8b_conv300,2776,41357391000.0,1046602758878.6747
llama3-8b_conv300,2777,42334055000.0,1046874995916.5547
llama3-8b_conv300,2778,42334055000.0,1047151446714.4347
llama3-8b_conv300,2779,42334055000.0,1048211917623.4347
llama3-8b_conv300,2780,42334055000.0,1048536215555.4347
llama3-8b_conv300,2781,42334055000.0,1048859841908.4347
llama3-8b_conv300,2782,42334055000.0,1049183569637.4347
llama3-8b_conv300,2783,42334055000.0,1049507297366.4347
llama3-8b_conv300,2784,42334055000.0,1049831025095.4347
llama3-8b_conv300,2785,42334055000.0,1050154752824.4347
llama3-8b_conv300,2786,42334055000.0,1050478480553.4347
llama3-8b_conv300,2787,42530625000.0,1050750841590.3147
llama3-8b_conv300,2788,42545263000.0,1051025031584.1947
llama3-8b_conv300,2789,42545263000.0,1051303366730.0747
llama3-8b_conv300,2790,42563820000.0,1051579692882.9547
llama3-8b_conv300,2791,42563820000.0,1051857757787.8347
llama3-8b_conv300,2792,42685223000.0,1052133633475.7147
llama3-8b_conv300,2793,42691238000.0,1052411746185.5947
llama3-8b_conv300,2794,42691238000.0,1052689020751.4747
llama3-8b_conv300,2795,42715300000.0,1052967069556.3547
llama3-8b_conv300,2796,42715300000.0,1053245986713.2347
llama3-8b_conv300,2797,42715300000.0,1053527951294.1147
llama3-8b_conv300,2798,42808573000.0,1053805719617.9948
llama3-8b_conv300,2799,42999747000.0,1054086767395.8748
llama3-8b_conv300,2800,42999747000.0,1056067632628.8748
llama3-8b_conv300,2801,42999747000.0,1056398743581.8748
llama3-8b_conv300,2802,42999747000.0,1056729854534.8748
llama3-8b_conv300,2803,42999747000.0,1057060965487.8748
llama3-8b_conv300,2804,42999747000.0,1057392076440.8748
llama3-8b_conv300,2805,42999747000.0,1057723187393.8748
llama3-8b_conv300,2806,42999747000.0,1058053198767.8748
llama3-8b_conv300,2807,43193461000.0,1060033644650.869
llama3-8b_conv300,2808,43193461000.0,1060364165779.869
llama3-8b_conv300,2809,43193461000.0,1060694686908.869
llama3-8b_conv300,2810,43193461000.0,1061025208037.869
llama3-8b_conv300,2811,43193461000.0,1061355729166.869
llama3-8b_conv300,2812,43193461000.0,1061686250295.869
llama3-8b_conv300,2813,43193461000.0,1062016771424.869
llama3-8b_conv300,2814,43193461000.0,1062347292553.869
llama3-8b_conv300,2815,43193461000.0,1062677777842.869
llama3-8b_conv300,2816,43193461000.0,1063008364507.869
llama3-8b_conv300,2817,43193461000.0,1063338951172.869
llama3-8b_conv300,2818,43193461000.0,1063669501997.869
llama3-8b_conv300,2819,43193461000.0,1064000154198.869
llama3-8b_conv300,2820,43193461000.0,1064330806399.869
llama3-8b_conv300,2821,43193461000.0,1064661458600.869
llama3-8b_conv300,2822,43193461000.0,1064992110801.869
llama3-8b_conv300,2823,43193461000.0,1065322763002.869
llama3-8b_conv300,2824,43193461000.0,1065653415203.869
llama3-8b_conv300,2825,43193461000.0,1065984031564.869
llama3-8b_conv300,2826,43193461000.0,1066314713461.869
llama3-8b_conv300,2827,43193461000.0,1066645496734.869
llama3-8b_conv300,2828,43193461000.0,1066976280007.869
llama3-8b_conv300,2829,43193461000.0,1067307027440.869
llama3-8b_conv300,2830,43193461000.0,1067637876249.869
llama3-8b_conv300,2831,43193461000.0,1067968725058.869
llama3-8b_conv300,2832,43193461000.0,1068299573867.869
llama3-8b_conv300,2833,43193461000.0,1068630422676.869
llama3-8b_conv300,2834,43193461000.0,1068961271485.869
llama3-8b_conv300,2835,43193461000.0,1069292120294.869
llama3-8b_conv300,2836,43193461000.0,1069622933263.869
llama3-8b_conv300,2837,43589055000.0,1075596756519.349
llama3-8b_conv300,2838,43609910000.0,1075875764166.229
llama3-8b_conv300,2839,43609910000.0,1076158802277.109
llama3-8b_conv300,2840,43609910000.0,1078143417053.1033
llama3-8b_conv300,2841,43609910000.0,1078475875197.1033
llama3-8b_conv300,2842,43609910000.0,1078808333341.1033
llama3-8b_conv300,2843,43609910000.0,1079140791485.1033
llama3-8b_conv300,2844,43609910000.0,1079473249629.1033
llama3-8b_conv300,2845,43791124000.0,1081988685755.8119
llama3-8b_conv300,2846,43791124000.0,1082321588087.8119
llama3-8b_conv300,2847,43791124000.0,1082654490419.8119
llama3-8b_conv300,2848,43791124000.0,1082987392751.8119
llama3-8b_conv300,2849,43791124000.0,1083320295083.8119
llama3-8b_conv300,2850,43791124000.0,1083653197415.8119
llama3-8b_conv300,2851,43791124000.0,1083986099747.8119
llama3-8b_conv300,2852,43893426000.0,1084266233984.6919
llama3-8b_conv300,2853,43893426000.0,1084550382301.5719
llama3-8b_conv300,2854,43923071000.0,1084831446424.4519
llama3-8b_conv300,2855,43923071000.0,1085116346451.3319
llama3-8b_conv300,2856,44040741000.0,1085403893101.2119
llama3-8b_conv300,2857,44040741000.0,1085687407751.0919
llama3-8b_conv300,2858,44040741000.0,1085975021472.9719
llama3-8b_conv300,2859,44061321000.0,1086258303674.8519
llama3-8b_conv300,2860,44061321000.0,1086545311188.7319
llama3-8b_conv300,2861,44061321000.0,1087108813545.3547
llama3-8b_conv300,2862,44061321000.0,1087445780536.3547
llama3-8b_conv300,2863,44061321000.0,1087782747527.3547
llama3-8b_conv300,2864,44061321000.0,1088119714518.3547
llama3-8b_conv300,2865,44061321000.0,1088456681509.3547
llama3-8b_conv300,2866,44061321000.0,1088793648500.3547
llama3-8b_conv300,2867,44061321000.0,1089130543811.3547
llama3-8b_conv300,2868,44061321000.0,1089467641874.3547
llama3-8b_conv300,2869,44061321000.0,1089804739937.3547
llama3-8b_conv300,2870,44061321000.0,1090141838000.3547
llama3-8b_conv300,2871,44061321000.0,1090478936063.3547
llama3-8b_conv300,2872,44061321000.0,1090816034126.3547
llama3-8b_conv300,2873,44061321000.0,1091153132189.3547
llama3-8b_conv300,2874,44061321000.0,1091490230252.3547
llama3-8b_conv300,2875,44061321000.0,1091827328315.3547
llama3-8b_conv300,2876,44061321000.0,1092164426378.3547
llama3-8b_conv300,2877,44061321000.0,1092501524441.3547
llama3-8b_conv300,2878,44061321000.0,1092838622504.3547
llama3-8b_conv300,2879,44061321000.0,1093174343515.3547
llama3-8b_conv300,2880,44061321000.0,1093510165902.3547
llama3-8b_conv300,2881,44061321000.0,1093845442694.3547
llama3-8b_conv300,2882,44061321000.0,1094180820862.3547
llama3-8b_conv300,2883,44061321000.0,1094516199030.3547
llama3-8b_conv300,2884,44061321000.0,1094851577198.3547
llama3-8b_conv300,2885,44061321000.0,1095186883686.3547
llama3-8b_conv300,2886,44061321000.0,1095522392926.3547
llama3-8b_conv300,2887,44061321000.0,1095857902166.3547
llama3-8b_conv300,2888,44061321000.0,1096193411406.3547
llama3-8b_conv300,2889,44061321000.0,1096528920646.3547
llama3-8b_conv300,2890,44061321000.0,1096864429886.3547
llama3-8b_conv300,2891,44061321000.0,1097199939126.3547
llama3-8b_conv300,2892,44061321000.0,1097535412526.3547
llama3-8b_conv300,2893,44061321000.0,1097869887722.3547
llama3-8b_conv300,2894,44061321000.0,1098204362918.3547
llama3-8b_conv300,2895,44061321000.0,1098538838114.3547
llama3-8b_conv300,2896,44061321000.0,1098873313310.3547
llama3-8b_conv300,2897,44061321000.0,1099207788506.3547
llama3-8b_conv300,2898,44061321000.0,1099542192022.3547
llama3-8b_conv300,2899,44061321000.0,1099876798290.3547
llama3-8b_conv300,2900,44061321000.0,1100211404558.3547
llama3-8b_conv300,2901,44828079000.0,1100493242731.2346
llama3-8b_conv300,2902,44828079000.0,1100779094984.1145
llama3-8b_conv300,2903,44828079000.0,1103018478419.6516
llama3-8b_conv300,2904,44828079000.0,1103353987659.6516
llama3-8b_conv300,2905,44828079000.0,1103689496899.6516
llama3-8b_conv300,2906,44828079000.0,1104024970299.6516
llama3-8b_conv300,2907,44828079000.0,1104360545075.6516
llama3-8b_conv300,2908,44828079000.0,1104696119851.6516
llama3-8b_conv300,2909,45009757000.0,1104978747622.5315
llama3-8b_conv300,2910,45009757000.0,1105265482657.4114
llama3-8b_conv300,2911,45025513000.0,1105548976827.2913
llama3-8b_conv300,2912,45025513000.0,1105836230101.1711
llama3-8b_conv300,2913,45104946000.0,1106126413645.051
llama3-8b_conv300,2914,45104946000.0,1106412626628.931
llama3-8b_conv300,2915,45174957000.0,1106699062009.8108
llama3-8b_conv300,2916,45174957000.0,1106986009390.6907
llama3-8b_conv300,2917,45246852000.0,1107273235393.5706
llama3-8b_conv300,2918,45246852000.0,1107561804884.4504
llama3-8b_conv300,2919,45246852000.0,1111442231046.5305
llama3-8b_conv300,2920,45502752000.0,1111729582072.4104
llama3-8b_conv300,2921,45502752000.0,1112020889834.2903
llama3-8b_conv300,2922,45530242000.0,1112310263354.1702
llama3-8b_conv300,2923,45530242000.0,1112601333642.05
llama3-8b_conv300,2924,45530242000.0,1116990934606.7014
llama3-8b_conv300,2925,45530242000.0,1117333381031.7014
llama3-8b_conv300,2926,45530242000.0,1117675827456.7014
llama3-8b_conv300,2927,45530242000.0,1118018273881.7014
llama3-8b_conv300,2928,45530242000.0,1118360684466.7014
llama3-8b_conv300,2929,45530242000.0,1118703196427.7014
llama3-8b_conv300,2930,45530242000.0,1119045708388.7014
llama3-8b_conv300,2931,45530242000.0,1119388220349.7014
llama3-8b_conv300,2932,45530242000.0,1119730732310.7014
llama3-8b_conv300,2933,45530242000.0,1120073244271.7014
llama3-8b_conv300,2934,45530242000.0,1120415756232.7014
llama3-8b_conv300,2935,45530242000.0,1120758268193.7014
llama3-8b_conv300,2936,45530242000.0,1121100780154.7014
llama3-8b_conv300,2937,45530242000.0,1121443292115.7014
llama3-8b_conv300,2938,45530242000.0,1121785768236.7014
llama3-8b_conv300,2939,45530242000.0,1122128345733.7014
llama3-8b_conv300,2940,45530242000.0,1122470887390.7014
llama3-8b_conv300,2941,45530242000.0,1122813530423.7014
llama3-8b_conv300,2942,45530242000.0,1123156173456.7014
llama3-8b_conv300,2943,45530242000.0,1123498780649.7014
llama3-8b_conv300,2944,45980822000.0,1123787580729.5813
llama3-8b_conv300,2945,45980822000.0,1124080329353.4612
llama3-8b_conv300,2946,45980822000.0,1124376990681.341
llama3-8b_conv300,2947,45980822000.0,1124677701929.221
llama3-8b_conv300,2948,45980822000.0,1124983549561.1008
llama3-8b_conv300,2949,45980822000.0,1125293345736.9807
llama3-8b_conv300,2950,46102321000.0,1125583851895.8606
llama3-8b_conv300,2951,46102321000.0,1125878339366.7405
llama3-8b_conv300,2952,46102321000.0,1126176767189.6204
llama3-8b_conv300,2953,46102321000.0,1126478114436.5002
llama3-8b_conv300,2954,46102321000.0,1126785676339.3801
llama3-8b_conv300,2955,46102321000.0,1127097178594.26
llama3-8b_conv300,2956,46102321000.0,1127412585361.14
llama3-8b_conv300,2957,46102321000.0,1127730027840.0198
llama3-8b_conv300,2958,46190439000.0,1128032635630.8997
llama3-8b_conv300,2959,46190439000.0,1128326660253.7795
llama3-8b_conv300,2960,46230075000.0,1128621670988.6594
llama3-8b_conv300,2961,46230075000.0,1128914448379.5393
llama3-8b_conv300,2962,46406559000.0,1129210832393.4192
llama3-8b_conv300,2963,46406559000.0,1129504408599.299
llama3-8b_conv300,2964,46626689000.0,1129802872195.179
llama3-8b_conv300,2965,46678144000.0,1130098254926.0588
llama3-8b_conv300,2966,46678144000.0,1130395527865.9387
llama3-8b_conv300,2967,46678144000.0,1130696724773.8186
llama3-8b_conv300,2968,46678144000.0,1131001845649.6985
llama3-8b_conv300,2969,46678144000.0,1131312078333.5784
llama3-8b_conv300,2970,46678144000.0,1131626234985.4583
llama3-8b_conv300,2971,46678144000.0,1131944315605.3381
llama3-8b_conv300,2972,46678144000.0,1132266320193.218
llama3-8b_conv300,2973,47209725000.0,1132587387916.098
llama3-8b_conv300,2974,47209725000.0,1134929645610.0352
llama3-8b_conv300,2975,47459940000.0,1135229572947.915
llama3-8b_conv300,2976,47459940000.0,1135533407869.795
llama3-8b_conv300,2977,47459940000.0,1138373440353.6462
llama3-8b_conv300,2978,47459940000.0,1138748579012.6462
llama3-8b_conv300,2979,47459940000.0,1139123681831.6462
llama3-8b_conv300,2980,47459940000.0,1139498886026.6462
llama3-8b_conv300,2981,47459940000.0,1139864742321.6462
llama3-8b_conv300,2982,47459940000.0,1140230598616.6462
llama3-8b_conv300,2983,47459940000.0,1140596454911.6462
llama3-8b_conv300,2984,47459940000.0,1140962275366.6462
llama3-8b_conv300,2985,47459940000.0,1141317473042.6462
llama3-8b_conv300,2986,47459940000.0,1141672670718.6462
llama3-8b_conv300,2987,47734062000.0,1141967342698.5261
llama3-8b_conv300,2988,47734062000.0,1142265938646.406
llama3-8b_conv300,2989,47734062000.0,1146128505595.5432
llama3-8b_conv300,2990,47734062000.0,1146492966178.5432
llama3-8b_conv300,2991,47734062000.0,1146857528137.5432
llama3-8b_conv300,2992,47734062000.0,1147222090096.5432
llama3-8b_conv300,2993,47734062000.0,1147586652055.5432
llama3-8b_conv300,2994,47925302000.0,1147883304546.423
llama3-8b_conv300,2995,47925302000.0,1148183872813.303
llama3-8b_conv300,2996,47925302000.0,1149017752419.303
llama3-8b_conv300,2997,48032991000.0,1149316087437.1829
llama3-8b_conv300,2998,48032991000.0,1149618411959.0627
llama3-8b_conv300,2999,48045529000.0,1149922160958.9426
llama3-8b_conv300,3000,48045529000.0,1150226829510.8225
llama3-8b_conv300,3001,48045529000.0,1150535397454.7024
llama3-8b_conv300,3002,48045529000.0,1150843553656.5823
llama3-8b_conv300,3003,48045529000.0,1151156769442.4622
llama3-8b_conv300,3004,48045529000.0,1151473994188.342
llama3-8b_conv300,3005,48045529000.0,1151795090678.222
llama3-8b_conv300,3006,48045529000.0,1152116139969.1018
llama3-8b_conv300,3007,48134608000.0,1152441076458.9817
llama3-8b_conv300,3008,48134608000.0,1152741364244.8616
llama3-8b_conv300,3009,48134608000.0,1153042765023.7415
llama3-8b_conv300,3010,48296375000.0,1158529903484.6213
llama3-8b_conv300,3011,48296375000.0,1158913243131.6213
llama3-8b_conv300,3012,48709657000.0,1159216289667.5012
llama3-8b_conv300,3013,48709657000.0,1159523163915.381
llama3-8b_conv300,3014,48709657000.0,1163722189832.061
llama3-8b_conv300,3015,48709657000.0,1164117228482.061
llama3-8b_conv300,3016,48709657000.0,1164500502593.061
llama3-8b_conv300,3017,48709657000.0,1164883776704.061
llama3-8b_conv300,3018,48709657000.0,1165267050815.061
llama3-8b_conv300,3019,48709657000.0,1165632205670.061
llama3-8b_conv300,3020,48709657000.0,1165997324685.061
llama3-8b_conv300,3021,48709657000.0,1166362509236.061
llama3-8b_conv300,3022,48709657000.0,1166717071008.061
llama3-8b_conv300,3023,48709657000.0,1167071596940.061
llama3-8b_conv300,3024,48709657000.0,1167417400668.061
llama3-8b_conv300,3025,48709657000.0,1167763204396.061
llama3-8b_conv300,3026,48995607000.0,1168055833401.941
llama3-8b_conv300,3027,48995607000.0,1168352394567.8208
llama3-8b_conv300,3028,48995607000.0,1168810370035.8208
llama3-8b_conv300,3029,48995607000.0,1169165357791.8208
llama3-8b_conv300,3030,48995607000.0,1169520446923.8208
llama3-8b_conv300,3031,48995607000.0,1169875536055.8208
llama3-8b_conv300,3032,48995607000.0,1170230589347.8208
llama3-8b_conv300,3033,48995607000.0,1170585744015.8208
llama3-8b_conv300,3034,48995607000.0,1170940862843.8208
llama3-8b_conv300,3035,48995607000.0,1171296083047.8208
llama3-8b_conv300,3036,48995607000.0,1171651303251.8208
llama3-8b_conv300,3037,49227038000.0,1172217474115.2722
llama3-8b_conv300,3038,49227038000.0,1172581386858.2722
llama3-8b_conv300,3039,49227038000.0,1172945299601.2722
llama3-8b_conv300,3040,49227038000.0,1173309212344.2722
llama3-8b_conv300,3041,49227038000.0,1173673125087.2722
llama3-8b_conv300,3042,49227038000.0,1174037037830.2722
llama3-8b_conv300,3043,49227038000.0,1174400950573.2722
llama3-8b_conv300,3044,49227038000.0,1174764827476.2722
llama3-8b_conv300,3045,49227038000.0,1175120113216.2722
llama3-8b_conv300,3046,49227038000.0,1175475398956.2722
llama3-8b_conv300,3047,49227038000.0,1175830648856.2722
llama3-8b_conv300,3048,49227038000.0,1176186000132.2722
llama3-8b_conv300,3049,49227038000.0,1176541351408.2722
llama3-8b_conv300,3050,49227038000.0,1176896666844.2722
llama3-8b_conv300,3051,49227038000.0,1177252047816.2722
llama3-8b_conv300,3052,49227038000.0,1177607530164.2722
llama3-8b_conv300,3053,49227038000.0,1177963012512.2722
llama3-8b_conv300,3054,49227038000.0,1178318459020.2722
llama3-8b_conv300,3055,49227038000.0,1178674006904.2722
llama3-8b_conv300,3056,49227038000.0,1179029518948.2722
llama3-8b_conv300,3057,49227038000.0,1179385132368.2722
llama3-8b_conv300,3058,49227038000.0,1179740745788.2722
llama3-8b_conv300,3059,49561183000.0,1181874546780.1235
llama3-8b_conv300,3060,49587457000.0,1182170943271.0034
llama3-8b_conv300,3061,49587457000.0,1182471183857.8833
llama3-8b_conv300,3062,49660912000.0,1182769833243.7632
llama3-8b_conv300,3063,49660912000.0,1183071075397.643
llama3-8b_conv300,3064,49724480000.0,1183373370317.523
llama3-8b_conv300,3065,49724480000.0,1183679585109.4028
llama3-8b_conv300,3066,49742685000.0,1183984258876.2827
llama3-8b_conv300,3067,49742685000.0,1184287991492.1626
llama3-8b_conv300,3068,49742691000.0,1184591415979.0425
llama3-8b_conv300,3069,49742691000.0,1184896019089.9224
llama3-8b_conv300,3070,49832434000.0,1185201832662.8022
llama3-8b_conv300,3071,49832434000.0,1185508078363.6821
llama3-8b_conv300,3072,49878430000.0,1185814000574.562
llama3-8b_conv300,3073,49878430000.0,1186122097761.442
llama3-8b_conv300,3074,50228524000.0,1186434890851.3218
llama3-8b_conv300,3075,50228524000.0,1186742965605.2017
llama3-8b_conv300,3076,50228524000.0,1187054871143.0815
llama3-8b_conv300,3077,50228524000.0,1187634815408.0815
llama3-8b_conv300,3078,50228524000.0,1188064155193.0815
llama3-8b_conv300,3079,50228524000.0,1188493494978.0815
llama3-8b_conv300,3080,50228524000.0,1188922834763.0815
llama3-8b_conv300,3081,50228524000.0,1189352138708.0815
llama3-8b_conv300,3082,50228524000.0,1189781544029.0815
llama3-8b_conv300,3083,50228524000.0,1190210913510.0815
llama3-8b_conv300,3084,50486136000.0,1190520831557.9614
llama3-8b_conv300,3085,50486136000.0,1190834774949.8413
llama3-8b_conv300,3086,50486136000.0,1192811763638.607
llama3-8b_conv300,3087,50486136000.0,1193241234495.607
llama3-8b_conv300,3088,50486136000.0,1193670705352.607
llama3-8b_conv300,3089,50631087000.0,1194262001258.344
llama3-8b_conv300,3090,50657657000.0,1194573276295.2239
llama3-8b_conv300,3091,50657657000.0,1194887902884.1038
llama3-8b_conv300,3092,50657657000.0,1195206299840.9836
llama3-8b_conv300,3093,50741785000.0,1195520666428.8635
llama3-8b_conv300,3094,50741785000.0,1195838293432.7434
llama3-8b_conv300,3095,50894221000.0,1196154898579.6233
llama3-8b_conv300,3096,50894221000.0,1196474237806.5032
llama3-8b_conv300,3097,50908333000.0,1196792966823.383
llama3-8b_conv300,3098,50908333000.0,1197113093600.263
llama3-8b_conv300,3099,50995179000.0,1197434372472.1428
llama3-8b_conv300,3100,51121242000.0,1197754537327.0227
llama3-8b_conv300,3101,51121242000.0,1198077964645.9026
llama3-8b_conv300,3102,51121242000.0,1200981933197.2112
llama3-8b_conv300,3103,51121242000.0,1201483664051.2112
llama3-8b_conv300,3104,51121242000.0,1201985359065.2112
llama3-8b_conv300,3105,51121242000.0,1202487155455.2112
llama3-8b_conv300,3106,51121242000.0,1202988951845.2112
llama3-8b_conv300,3107,51121242000.0,1203490712395.2112
llama3-8b_conv300,3108,51365096000.0,1203814154144.091
llama3-8b_conv300,3109,51365096000.0,1204141388788.971
llama3-8b_conv300,3110,51365096000.0,1206633856756.2224
llama3-8b_conv300,3111,51479026000.0,1206959082408.1023
llama3-8b_conv300,3112,51479026000.0,1209925760123.0396
llama3-8b_conv300,3113,51479026000.0,1210445793528.0396
llama3-8b_conv300,3114,51479026000.0,1210965826933.0396
llama3-8b_conv300,3115,51621416000.0,1211292705414.9194
llama3-8b_conv300,3116,51678347000.0,1211622160375.7993
llama3-8b_conv300,3117,51678347000.0,1211951562088.6792
llama3-8b_conv300,3118,51678347000.0,1212283992793.559
llama3-8b_conv300,3119,51678347000.0,1214316494346.559
llama3-8b_conv300,3120,51678347000.0,1214854830334.559
llama3-8b_conv300,3121,51678347000.0,1215393166322.559
llama3-8b_conv300,3122,51678347000.0,1215931502310.559
llama3-8b_conv300,3123,51678347000.0,1216469838298.559
llama3-8b_conv300,3124,51678347000.0,1217008174286.559
llama3-8b_conv300,3125,51678347000.0,1217546474434.559
llama3-8b_conv300,3126,51940252000.0,1220069854228.982
llama3-8b_conv300,3127,51940252000.0,1220617079332.982
llama3-8b_conv300,3128,51940252000.0,1221164232756.982
llama3-8b_conv300,3129,51940252000.0,1221711588932.982
llama3-8b_conv300,3130,51940252000.0,1222258945108.982
llama3-8b_conv300,3131,51940252000.0,1222806265444.982
llama3-8b_conv300,3132,51940252000.0,1223353687156.982
llama3-8b_conv300,3133,51940252000.0,1223901037188.982
llama3-8b_conv300,3134,51940252000.0,1224448554132.982
llama3-8b_conv300,3135,52120220000.0,1224780915393.8618
llama3-8b_conv300,3136,52120220000.0,1225912000476.7131
llama3-8b_conv300,3137,52120220000.0,1226494132519.7131
llama3-8b_conv300,3138,52227631000.0,1226828176307.593
llama3-8b_conv300,3139,52227631000.0,1227166065215.473
llama3-8b_conv300,3140,52248622000.0,1227506800425.3528
llama3-8b_conv300,3141,52248622000.0,1227843752467.2327
llama3-8b_conv300,3142,52248622000.0,1228183810301.1125
llama3-8b_conv300,3143,52257840000.0,1228522498117.9924
llama3-8b_conv300,3144,52257840000.0,1229963488374.9924
llama3-8b_conv300,3145,52257840000.0,1230564381816.9924
llama3-8b_conv300,3146,52257840000.0,1231165275258.9924
llama3-8b_conv300,3147,52257840000.0,1231766168700.9924
llama3-8b_conv300,3148,52257840000.0,1232358304003.9924
llama3-8b_conv300,3149,52257840000.0,1232950439306.9924
llama3-8b_conv300,3150,52257840000.0,1233542574609.9924
llama3-8b_conv300,3151,52257840000.0,1234134709912.9924
llama3-8b_conv300,3152,52257840000.0,1234717789155.9924
llama3-8b_conv300,3153,52257840000.0,1235300969774.9924
llama3-8b_conv300,3154,52257840000.0,1235884114553.9924
llama3-8b_conv300,3155,52257840000.0,1236467360708.9924
llama3-8b_conv300,3156,52257840000.0,1237050606863.9924
llama3-8b_conv300,3157,52257840000.0,1237633853018.9924
llama3-8b_conv300,3158,52257840000.0,1238217099173.9924
llama3-8b_conv300,3159,52257840000.0,1238800345328.9924
llama3-8b_conv300,3160,52257840000.0,1239383555643.9924
llama3-8b_conv300,3161,52257840000.0,1239966867334.9924
llama3-8b_conv300,3162,52257840000.0,1240550143185.9924
llama3-8b_conv300,3163,52257840000.0,1241133520412.9924
llama3-8b_conv300,3164,52883306000.0,1241468809384.8723
llama3-8b_conv300,3165,52883306000.0,1244346307137.781
llama3-8b_conv300,3166,52883306000.0,1244938835656.781
llama3-8b_conv300,3167,52883306000.0,1245531364175.781
llama3-8b_conv300,3168,52883306000.0,1246123892694.781
llama3-8b_conv300,3169,52883306000.0,1246716421213.781
llama3-8b_conv300,3170,52883306000.0,1247308913892.781
llama3-8b_conv300,3171,52883306000.0,1247892291119.781
llama3-8b_conv300,3172,52883306000.0,1248475632506.781
llama3-8b_conv300,3173,52883306000.0,1249059075269.781
llama3-8b_conv300,3174,52883306000.0,1249642518032.781
llama3-8b_conv300,3175,52883306000.0,1250225889115.781
llama3-8b_conv300,3176,53143328000.0,1250793870515.0896
llama3-8b_conv300,3177,53172040000.0,1251130681244.9695
llama3-8b_conv300,3178,53172040000.0,1251471293062.8494
llama3-8b_conv300,3179,53172040000.0,1252080104328.8494
llama3-8b_conv300,3180,53172040000.0,1252681653130.8494
llama3-8b_conv300,3181,53172040000.0,1253283201932.8494
llama3-8b_conv300,3182,53172040000.0,1253884714894.8494
llama3-8b_conv300,3183,53172040000.0,1254486329232.8494
llama3-8b_conv300,3184,53172040000.0,1255087800210.8494
llama3-8b_conv300,3185,53172040000.0,1255689676692.8494
llama3-8b_conv300,3186,53172040000.0,1256282205211.8494
llama3-8b_conv300,3187,53172040000.0,1256874733730.8494
llama3-8b_conv300,3188,53172040000.0,1257467262249.8494
llama3-8b_conv300,3189,53172040000.0,1258050895476.8494
llama3-8b_conv300,3190,53172040000.0,1258634731455.8494
llama3-8b_conv300,3191,53172040000.0,1259184315855.8494
llama3-8b_conv300,3192,53172040000.0,1259733900255.8494
llama3-8b_conv300,3193,53172040000.0,1260283484655.8494
llama3-8b_conv300,3194,53172040000.0,1260833069055.8494
llama3-8b_conv300,3195,53563248000.0,1263394575675.5007
llama3-8b_conv300,3196,53563248000.0,1263978244742.5007
llama3-8b_conv300,3197,53563248000.0,1264527304854.5007
llama3-8b_conv300,3198,53563248000.0,1265076329126.5007
llama3-8b_conv300,3199,53563248000.0,1265625383094.5007
llama3-8b_conv300,3200,53563248000.0,1266165226410.5007
llama3-8b_conv300,3201,53563248000.0,1266705069726.5007
llama3-8b_conv300,3202,53563248000.0,1267235630678.5007
llama3-8b_conv300,3203,53706456000.0,1267565669319.3806
llama3-8b_conv300,3204,53706456000.0,1267899440440.2605
llama3-8b_conv300,3205,53706456000.0,1268965135060.2605
llama3-8b_conv300,3206,53706456000.0,1269504847304.2605
llama3-8b_conv300,3207,53706456000.0,1270044559548.2605
llama3-8b_conv300,3208,53706456000.0,1270584271792.2605
llama3-8b_conv300,3209,53706456000.0,1271123984036.2605
llama3-8b_conv300,3210,53706456000.0,1271663660440.2605
llama3-8b_conv300,3211,53706456000.0,1272194578768.2605
llama3-8b_conv300,3212,53706456000.0,1272725526792.2605
llama3-8b_conv300,3213,53706456000.0,1273256641728.2605
llama3-8b_conv300,3214,53706456000.0,1273787858040.2605
llama3-8b_conv300,3215,53992761000.0,1276647393942.2263
llama3-8b_conv300,3216,54022464000.0,1276977498119.1062
llama3-8b_conv300,3217,54022464000.0,1277309332760.986
llama3-8b_conv300,3218,54117659000.0,1277643904649.866
llama3-8b_conv300,3219,54117659000.0,1277974885370.7458
llama3-8b_conv300,3220,54117659000.0,1278308620651.6257
llama3-8b_conv300,3221,54117659000.0,1278940098847.6257
llama3-8b_conv300,3222,54117659000.0,1279479876627.6257
llama3-8b_conv300,3223,54117659000.0,1280019654407.6257
llama3-8b_conv300,3224,54117659000.0,1280559432187.6257
llama3-8b_conv300,3225,54117659000.0,1281099209967.6257
llama3-8b_conv300,3226,54117659000.0,1281638951907.6257
llama3-8b_conv300,3227,54117659000.0,1282169971611.6257
llama3-8b_conv300,3228,54117659000.0,1282700991315.6257
llama3-8b_conv300,3229,54117659000.0,1283232011019.6257
llama3-8b_conv300,3230,54117659000.0,1283763030723.6257
llama3-8b_conv300,3231,54117659000.0,1284294050427.6257
llama3-8b_conv300,3232,54117659000.0,1284825034291.6257
llama3-8b_conv300,3233,54117659000.0,1285356119531.6257
llama3-8b_conv300,3234,54117659000.0,1285887204771.6257
llama3-8b_conv300,3235,54117659000.0,1286418218331.6257
llama3-8b_conv300,3236,54117659000.0,1286949434643.6257
llama3-8b_conv300,3237,54117659000.0,1287480650955.6257
llama3-8b_conv300,3238,54117659000.0,1288011867267.6257
llama3-8b_conv300,3239,54117659000.0,1288543083579.6257
llama3-8b_conv300,3240,54117659000.0,1289074299891.6257
llama3-8b_conv300,3241,54117659000.0,1289605480363.6257
llama3-8b_conv300,3242,54117659000.0,1290136762211.6257
llama3-8b_conv300,3243,54117659000.0,1290668044059.6257
llama3-8b_conv300,3244,54117659000.0,1291199325907.6257
llama3-8b_conv300,3245,54117659000.0,1291730500235.6257
llama3-8b_conv300,3246,54117659000.0,1292261942851.6257
llama3-8b_conv300,3247,54117659000.0,1292793486843.6257
llama3-8b_conv300,3248,54117659000.0,1293325030835.6257
llama3-8b_conv300,3249,54117659000.0,1293856574827.6257
llama3-8b_conv300,3250,54117659000.0,1294388118819.6257
llama3-8b_conv300,3251,54117659000.0,1294919662811.6257
llama3-8b_conv300,3252,54117659000.0,1295451206803.6257
llama3-8b_conv300,3253,54117659000.0,1295982714955.6257
llama3-8b_conv300,3254,54117659000.0,1296505429192.6257
llama3-8b_conv300,3255,54117659000.0,1297018998281.6257
llama3-8b_conv300,3256,54117659000.0,1297532495690.6257
llama3-8b_conv300,3257,54117659000.0,1298046195851.6257
llama3-8b_conv300,3258,54117659000.0,1298559896012.6257
llama3-8b_conv300,3259,54117659000.0,1299073560333.6257
llama3-8b_conv300,3260,54117659000.0,1299587326030.6257
llama3-8b_conv300,3261,54117659000.0,1300101020047.6257
llama3-8b_conv300,3262,54117659000.0,1300614880976.6257
llama3-8b_conv300,3263,54117659000.0,1301128843281.6257
llama3-8b_conv300,3264,54117659000.0,1301642769746.6257
llama3-8b_conv300,3265,54117659000.0,1302156797587.6257
llama3-8b_conv300,3266,54117659000.0,1302661376185.6257
llama3-8b_conv300,3267,55083021000.0,1302987635982.5056
llama3-8b_conv300,3268,55083021000.0,1303317652835.3855
llama3-8b_conv300,3269,55110396000.0,1303646257687.2654
llama3-8b_conv300,3270,55110396000.0,1305778450872.1167
llama3-8b_conv300,3271,55110396000.0,1306301367861.1167
llama3-8b_conv300,3272,55110396000.0,1306815461238.1167
llama3-8b_conv300,3273,55110396000.0,1307329554615.1167
llama3-8b_conv300,3274,55110396000.0,1307843647992.1167
llama3-8b_conv300,3275,55110396000.0,1308357741369.1167
llama3-8b_conv300,3276,55339650000.0,1308686047212.9966
llama3-8b_conv300,3277,55339650000.0,1309018137760.8765
llama3-8b_conv300,3278,55339650000.0,1311745877943.4136
llama3-8b_conv300,3279,55339650000.0,1312269122612.4136
llama3-8b_conv300,3280,55339650000.0,1312792367281.4136
llama3-8b_conv300,3281,55339650000.0,1313315611950.4136
llama3-8b_conv300,3282,55339650000.0,1313829472879.4136
llama3-8b_conv300,3283,55339650000.0,1314343435184.4136
llama3-8b_conv300,3284,55339650000.0,1314857397489.4136
llama3-8b_conv300,3285,55339650000.0,1315371359794.4136
llama3-8b_conv300,3286,55339650000.0,1315885322099.4136
llama3-8b_conv300,3287,55339650000.0,1316389871001.4136
llama3-8b_conv300,3288,55339650000.0,1316894384063.4136
llama3-8b_conv300,3289,55339650000.0,1317398998501.4136
llama3-8b_conv300,3290,55339650000.0,1317903612939.4136
llama3-8b_conv300,3291,55339650000.0,1318408227377.4136
llama3-8b_conv300,3292,55339650000.0,1318912805975.4136
llama3-8b_conv300,3293,55339650000.0,1319408069441.4136
llama3-8b_conv300,3294,55339650000.0,1319903434283.4136
llama3-8b_conv300,3295,55339650000.0,1320398799125.4136
llama3-8b_conv300,3296,55339650000.0,1320894163967.4136
llama3-8b_conv300,3297,55339650000.0,1321389528809.4136
llama3-8b_conv300,3298,55339650000.0,1321876034199.4136
llama3-8b_conv300,3299,55339650000.0,1322362640965.4136
llama3-8b_conv300,3300,55339650000.0,1322849211891.4136
llama3-8b_conv300,3301,55339650000.0,1323335884193.4136
llama3-8b_conv300,3302,55339650000.0,1323822556495.4136
llama3-8b_conv300,3303,55339650000.0,1324309192957.4136
llama3-8b_conv300,3304,55339650000.0,1324795930795.4136
llama3-8b_conv300,3305,55339650000.0,1325282632793.4136
llama3-8b_conv300,3306,55339650000.0,1325769400327.4136
llama3-8b_conv300,3307,55339650000.0,1326246921370.4136
llama3-8b_conv300,3308,55339650000.0,1326724442413.4136
llama3-8b_conv300,3309,55339650000.0,1327201963456.4136
llama3-8b_conv300,3310,55339650000.0,1327670166295.4136
llama3-8b_conv300,3311,55339650000.0,1328138470510.4136
llama3-8b_conv300,3312,55339650000.0,1328606667205.4136
llama3-8b_conv300,3313,55339650000.0,1329075168028.4136
llama3-8b_conv300,3314,55339650000.0,1329524973052.4136
llama3-8b_conv300,3315,55339650000.0,1329974778076.4136
llama3-8b_conv300,3316,55339650000.0,1330424583100.4136
llama3-8b_conv300,3317,55339650000.0,1330864968576.4136
llama3-8b_conv300,3318,55339650000.0,1331305556804.4136
llama3-8b_conv300,3319,55339650000.0,1331746145032.4136
llama3-8b_conv300,3320,55339650000.0,1332177385361.4136
llama3-8b_conv300,3321,55339650000.0,1332608625690.4136
llama3-8b_conv300,3322,55339650000.0,1333039866019.4136
llama3-8b_conv300,3323,55339650000.0,1333471106348.4136
llama3-8b_conv300,3324,55339650000.0,1333902346677.4136
llama3-8b_conv300,3325,55339650000.0,1334333587006.4136
llama3-8b_conv300,3326,55339650000.0,1334764791495.4136
llama3-8b_conv300,3327,55339650000.0,1335196061520.4136
llama3-8b_conv300,3328,55339650000.0,1335627432921.4136
llama3-8b_conv300,3329,55339650000.0,1336058804322.4136
llama3-8b_conv300,3330,55339650000.0,1336490175723.4136
llama3-8b_conv300,3331,55339650000.0,1336921547124.4136
llama3-8b_conv300,3332,55339650000.0,1337352882685.4136
llama3-8b_conv300,3333,55339650000.0,1337784319622.4136
llama3-8b_conv300,3334,55339650000.0,1338215756559.4136
llama3-8b_conv300,3335,55339650000.0,1338647193496.4136
llama3-8b_conv300,3336,55339650000.0,1339078594593.4136
llama3-8b_conv300,3337,55339650000.0,1339501273454.4136
llama3-8b_conv300,3338,55339650000.0,1339923916475.4136
llama3-8b_conv300,3339,55339650000.0,1340346660872.4136
llama3-8b_conv300,3340,55339650000.0,1340769369429.4136
llama3-8b_conv300,3341,55339650000.0,1341192179362.4136
llama3-8b_conv300,3342,55339650000.0,1341614989295.4136
llama3-8b_conv300,3343,55339650000.0,1342037799228.4136
llama3-8b_conv300,3344,55339650000.0,1342460609161.4136
llama3-8b_conv300,3345,56587820000.0,1342771305355.2935
llama3-8b_conv300,3346,56587820000.0,1343085832333.1733
llama3-8b_conv300,3347,56587820000.0,1344492897934.1733
llama3-8b_conv300,3348,56587820000.0,1344915475419.1733
llama3-8b_conv300,3349,56587820000.0,1345338154280.1733
llama3-8b_conv300,3350,56587820000.0,1345760833141.1733
llama3-8b_conv300,3351,56587820000.0,1346174229670.1733
llama3-8b_conv300,3352,56587820000.0,1346587626199.1733
llama3-8b_conv300,3353,56587820000.0,1347001022728.1733
llama3-8b_conv300,3354,56587820000.0,1347414383417.1733
llama3-8b_conv300,3355,56587820000.0,1347819087407.1733
llama3-8b_conv300,3356,56587820000.0,1348223791397.1733
llama3-8b_conv300,3357,56587820000.0,1348628495387.1733
llama3-8b_conv300,3358,56587820000.0,1349023917013.1733
llama3-8b_conv300,3359,56587820000.0,1349419338639.1733
llama3-8b_conv300,3360,56587820000.0,1349814724425.1733
llama3-8b_conv300,3361,56587820000.0,1350210211587.1733
llama3-8b_conv300,3362,56587820000.0,1350605698749.1733
llama3-8b_conv300,3363,56587820000.0,1351001185911.1733
llama3-8b_conv300,3364,56587820000.0,1351396637233.1733
llama3-8b_conv300,3365,56587820000.0,1351792189931.1733
llama3-8b_conv300,3366,56965420000.0,1352097731026.0532
llama3-8b_conv300,3367,56965420000.0,1352407163320.933
llama3-8b_conv300,3368,56965420000.0,1356778237819.413
llama3-8b_conv300,3369,56965420000.0,1357182971505.413
llama3-8b_conv300,3370,56965420000.0,1357587806567.413
llama3-8b_conv300,3371,56965420000.0,1357971594726.413
llama3-8b_conv300,3372,56965420000.0,1358355382885.413
llama3-8b_conv300,3373,56965420000.0,1358739099364.413
llama3-8b_conv300,3374,56965420000.0,1359113634887.413
llama3-8b_conv300,3375,56965420000.0,1359488271786.413
llama3-8b_conv300,3376,56965420000.0,1359845326998.413
llama3-8b_conv300,3377,57217515000.0,1360141840130.293
llama3-8b_conv300,3378,57217515000.0,1360442277230.1729
llama3-8b_conv300,3379,57280079000.0,1360741227577.0527
llama3-8b_conv300,3380,57280079000.0,1361042461443.9326
llama3-8b_conv300,3381,57280079000.0,1361624653328.6697
llama3-8b_conv300,3382,57414624000.0,1361924632890.5496
llama3-8b_conv300,3383,57414624000.0,1362228621412.4294
llama3-8b_conv300,3384,57452439000.0,1362528159630.3093
llama3-8b_conv300,3385,57452439000.0,1362831886008.1892
llama3-8b_conv300,3386,57492631000.0,1363135766080.069
llama3-8b_conv300,3387,57492631000.0,1363443553735.949
llama3-8b_conv300,3388,57503945000.0,1363749815726.8289
llama3-8b_conv300,3389,57511147000.0,1364056809971.7087
llama3-8b_conv300,3390,57577696000.0,1364368552214.5886
llama3-8b_conv300,3391,57577696000.0,1364677464505.4685
llama3-8b_conv300,3392,57577696000.0,1364990251612.3484
llama3-8b_conv300,3393,57780753000.0,1365300886366.2283
llama3-8b_conv300,3394,57780753000.0,1365615383648.1082
llama3-8b_conv300,3395,57780753000.0,1365932780897.988
llama3-8b_conv300,3396,57780753000.0,1366254008931.868
llama3-8b_conv300,3397,57780753000.0,1366579310342.7478
llama3-8b_conv300,3398,57780753000.0,1366906614697.6277
llama3-8b_conv300,3399,57780753000.0,1367237895244.5076
llama3-8b_conv300,3400,57780753000.0,1367573050607.3875
llama3-8b_conv300,3401,58265729000.0,1367901713905.2673
llama3-8b_conv300,3402,58265729000.0,1371681589109.9473
llama3-8b_conv300,3403,58265729000.0,1372114664446.9473
llama3-8b_conv300,3404,58265729000.0,1372547668103.9473
llama3-8b_conv300,3405,58464914000.0,1375382026657.856
llama3-8b_conv300,3406,58464914000.0,1375823925605.856
llama3-8b_conv300,3407,58464914000.0,1376265824553.856
llama3-8b_conv300,3408,58464914000.0,1376707723501.856
llama3-8b_conv300,3409,58464914000.0,1377149622449.856
llama3-8b_conv300,3410,58464914000.0,1377582072122.856
llama3-8b_conv300,3411,58464914000.0,1378014623171.856
llama3-8b_conv300,3412,58464914000.0,1378438350608.856
llama3-8b_conv300,3413,58464914000.0,1378862078045.856
llama3-8b_conv300,3414,58464914000.0,1379285805482.856
llama3-8b_conv300,3415,58464914000.0,1379709497079.856
llama3-8b_conv300,3416,58464914000.0,1380133254212.856
llama3-8b_conv300,3417,58464914000.0,1380557112721.856
llama3-8b_conv300,3418,58464914000.0,1380980971230.856
llama3-8b_conv300,3419,58464914000.0,1381404829739.856
llama3-8b_conv300,3420,58464914000.0,1381828688248.856
llama3-8b_conv300,3421,58464914000.0,1382252510917.856
llama3-8b_conv300,3422,58464914000.0,1382676434962.856
llama3-8b_conv300,3423,58464914000.0,1383100359007.856
llama3-8b_conv300,3424,58464914000.0,1383524283052.856
llama3-8b_conv300,3425,58464914000.0,1383948207097.856
llama3-8b_conv300,3426,58464914000.0,1384372095302.856
llama3-8b_conv300,3427,58464914000.0,1384796084883.856
llama3-8b_conv300,3428,58464914000.0,1385220074464.856
llama3-8b_conv300,3429,58464914000.0,1385644064045.856
llama3-8b_conv300,3430,58464914000.0,1386068053626.856
llama3-8b_conv300,3431,58464914000.0,1386492043207.856
llama3-8b_conv300,3432,58464914000.0,1386916032788.856
llama3-8b_conv300,3433,58464914000.0,1387330573125.856
llama3-8b_conv300,3434,58464914000.0,1387745214838.856
llama3-8b_conv300,3435,58464914000.0,1388159856551.856
llama3-8b_conv300,3436,58464914000.0,1388565150365.856
llama3-8b_conv300,3437,58464914000.0,1388970444179.856
llama3-8b_conv300,3438,58464914000.0,1389375737993.856
llama3-8b_conv300,3439,58464914000.0,1389781031807.856
llama3-8b_conv300,3440,58464914000.0,1390177102649.856
llama3-8b_conv300,3441,58464914000.0,1390561677240.856
llama3-8b_conv300,3442,58464914000.0,1390946251831.856
llama3-8b_conv300,3443,58464914000.0,1391330826422.856
llama3-8b_conv300,3444,58464914000.0,1391706082841.856
llama3-8b_conv300,3445,58464914000.0,1392070716480.856
llama3-8b_conv300,3446,58464914000.0,1392435350119.856
llama3-8b_conv300,3447,58464914000.0,1392799983758.856
llama3-8b_conv300,3448,58464914000.0,1393164617397.856
llama3-8b_conv300,3449,58464914000.0,1393529251036.856
llama3-8b_conv300,3450,58464914000.0,1393884536776.856
llama3-8b_conv300,3451,58464914000.0,1394239786676.856
llama3-8b_conv300,3452,58464914000.0,1394595137952.856
llama3-8b_conv300,3453,58464914000.0,1394950489228.856
llama3-8b_conv300,3454,58464914000.0,1395305804664.856
llama3-8b_conv300,3455,58464914000.0,1395661185636.856
llama3-8b_conv300,3456,58464914000.0,1396016667984.856
llama3-8b_conv300,3457,58464914000.0,1396372150332.856
llama3-8b_conv300,3458,58464914000.0,1396727632680.856
llama3-8b_conv300,3459,58464914000.0,1397083115028.856
llama3-8b_conv300,3460,58464914000.0,1397438597376.856
llama3-8b_conv300,3461,58464914000.0,1397794079724.856
llama3-8b_conv300,3462,58464914000.0,1398149526232.856
llama3-8b_conv300,3463,58464914000.0,1398505074116.856
llama3-8b_conv300,3464,58464914000.0,1398860586160.856
llama3-8b_conv300,3465,58464914000.0,1399216199580.856
llama3-8b_conv300,3466,58464914000.0,1399571777160.856
llama3-8b_conv300,3467,58464914000.0,1399927456116.856
llama3-8b_conv300,3468,58464914000.0,1400283099232.856
llama3-8b_conv300,3469,58464914000.0,1400638843724.856
llama3-8b_conv300,3470,58464914000.0,1400994588216.856
llama3-8b_conv300,3471,58464914000.0,1401350332708.856
llama3-8b_conv300,3472,58464914000.0,1401696794868.856
llama3-8b_conv300,3473,58464914000.0,1402042415496.856
llama3-8b_conv300,3474,58464914000.0,1402388036124.856
llama3-8b_conv300,3475,58464914000.0,1402733656752.856
llama3-8b_conv300,3476,58464914000.0,1403079277380.856
llama3-8b_conv300,3477,58464914000.0,1403424898008.856
llama3-8b_conv300,3478,58464914000.0,1403770518636.856
llama3-8b_conv300,3479,58464914000.0,1404116139264.856
llama3-8b_conv300,3480,58464914000.0,1404461759892.856
llama3-8b_conv300,3481,58464914000.0,1404806538989.856
llama3-8b_conv300,3482,58464914000.0,1405149140463.856
llama3-8b_conv300,3483,58464914000.0,1405491843313.856
llama3-8b_conv300,3484,58464914000.0,1405834546163.856
llama3-8b_conv300,3485,58464914000.0,1406177249013.856
llama3-8b_conv300,3486,58464914000.0,1406519951863.856
llama3-8b_conv300,3487,58464914000.0,1406861551037.856
llama3-8b_conv300,3488,58464914000.0,1407203150211.856
llama3-8b_conv300,3489,58464914000.0,1407544713545.856
llama3-8b_conv300,3490,58464914000.0,1407885733331.856
llama3-8b_conv300,3491,58464914000.0,1408226753117.856
llama3-8b_conv300,3492,58464914000.0,1408567737063.856
llama3-8b_conv300,3493,58464914000.0,1408908822385.856
llama3-8b_conv300,3494,58464914000.0,1409249907707.856
llama3-8b_conv300,3495,58464914000.0,1409589889354.856
llama3-8b_conv300,3496,58464914000.0,1409929871001.856
llama3-8b_conv300,3497,58464914000.0,1410269852648.856
llama3-8b_conv300,3498,58464914000.0,1410609834295.856
llama3-8b_conv300,3499,58464914000.0,1410949780102.856
llama3-8b_conv300,3500,58464914000.0,1411289827285.856
llama3-8b_conv300,3501,58464914000.0,1411628461576.856
llama3-8b_conv300,3502,58464914000.0,1411967262779.856
llama3-8b_conv300,3503,58464914000.0,1412306165358.856
llama3-8b_conv300,3504,58464914000.0,1412645067937.856
llama3-8b_conv300,3505,58464914000.0,1412982805401.856
llama3-8b_conv300,3506,58464914000.0,1413319443285.856
llama3-8b_conv300,3507,59993520000.0,1415342262807.0789
llama3-8b_conv300,3508,59993520000.0,1415679344911.0789
llama3-8b_conv300,3509,59993520000.0,1416016427015.0789
llama3-8b_conv300,3510,59993520000.0,1416353473279.0789
llama3-8b_conv300,3511,59993520000.0,1416690620919.0789
llama3-8b_conv300,3512,59993520000.0,1417027768559.0789
llama3-8b_conv300,3513,59993520000.0,1417364916199.0789
llama3-8b_conv300,3514,59993520000.0,1417702063839.0789
llama3-8b_conv300,3515,59993520000.0,1418038177435.0789
llama3-8b_conv300,3516,59993520000.0,1418374291031.0789
llama3-8b_conv300,3517,59993520000.0,1418710368787.0789
llama3-8b_conv300,3518,59993520000.0,1419046547919.0789
llama3-8b_conv300,3519,60172200000.0,1419329002444.9587
llama3-8b_conv300,3520,60172200000.0,1419615479242.8386
llama3-8b_conv300,3521,60183596000.0,1419898290120.7185
llama3-8b_conv300,3522,60183596000.0,1420182679911.5984
llama3-8b_conv300,3523,60183596000.0,1422269051396.4497
llama3-8b_conv300,3524,60183596000.0,1422603737764.4497
llama3-8b_conv300,3525,60183596000.0,1422938424132.4497
llama3-8b_conv300,3526,60183596000.0,1423273074660.4497
llama3-8b_conv300,3527,60183596000.0,1423607826564.4497
llama3-8b_conv300,3528,60426171000.0,1423889953410.3296
llama3-8b_conv300,3529,60426171000.0,1424176102528.2095
llama3-8b_conv300,3530,60426171000.0,1424466238078.0894
llama3-8b_conv300,3531,60426171000.0,1428365099265.2837
llama3-8b_conv300,3532,60426171000.0,1428701141181.2837
llama3-8b_conv300,3533,60426171000.0,1429037385849.2837
llama3-8b_conv300,3534,60426171000.0,1429373630517.2837
llama3-8b_conv300,3535,60426171000.0,1429709875185.2837
llama3-8b_conv300,3536,60648144000.0,1433774436152.5637
llama3-8b_conv300,3537,60648144000.0,1434111256112.5637
llama3-8b_conv300,3538,60648144000.0,1434448076072.5637
llama3-8b_conv300,3539,60648144000.0,1434783796452.5637
llama3-8b_conv300,3540,60648144000.0,1435119516832.5637
llama3-8b_conv300,3541,60648144000.0,1435455237212.5637
llama3-8b_conv300,3542,60648144000.0,1435790957592.5637
llama3-8b_conv300,3543,60778525000.0,1436300366311.701
llama3-8b_conv300,3544,60778525000.0,1436636495071.701
llama3-8b_conv300,3545,60778525000.0,1436971625627.701
llama3-8b_conv300,3546,60778525000.0,1437306756183.701
llama3-8b_conv300,3547,60831569000.0,1437589118644.5808
llama3-8b_conv300,3548,60872432000.0,1437875440751.4607
llama3-8b_conv300,3549,60872432000.0,1438158497578.3406
llama3-8b_conv300,3550,60872432000.0,1438445560293.2205
llama3-8b_conv300,3551,60872432000.0,1439043848413.2205
llama3-8b_conv300,3552,60872432000.0,1439379685333.2205
llama3-8b_conv300,3553,60872432000.0,1439715522253.2205
llama3-8b_conv300,3554,60872432000.0,1440051323333.2205
llama3-8b_conv300,3555,60872432000.0,1440387225789.2205
llama3-8b_conv300,3556,60872432000.0,1440723128245.2205
llama3-8b_conv300,3557,60872432000.0,1441059030701.2205
llama3-8b_conv300,3558,60872432000.0,1441394933157.2205
llama3-8b_conv300,3559,60872432000.0,1441730835613.2205
llama3-8b_conv300,3560,60872432000.0,1442066738069.2205
llama3-8b_conv300,3561,61145266000.0,1442349729360.1003
llama3-8b_conv300,3562,61145266000.0,1442636726538.9802
llama3-8b_conv300,3563,61145266000.0,1443294855293.9802
llama3-8b_conv300,3564,61145266000.0,1443631660720.9802
llama3-8b_conv300,3565,61263537000.0,1443916177866.86
llama3-8b_conv300,3566,61263537000.0,1444204692708.74
llama3-8b_conv300,3567,61285563000.0,1444490571868.6199
llama3-8b_conv300,3568,61285563000.0,1444778809300.4998
llama3-8b_conv300,3569,61294115000.0,1445066214314.3796
llama3-8b_conv300,3570,61294115000.0,1445354315648.2595
llama3-8b_conv300,3571,61294115000.0,1447483037213.2825
llama3-8b_conv300,3572,61294115000.0,1447823260131.2825
llama3-8b_conv300,3573,61294115000.0,1448163483049.2825
llama3-8b_conv300,3574,61294115000.0,1448503670127.2825
llama3-8b_conv300,3575,61294115000.0,1448843922741.2825
llama3-8b_conv300,3576,61294115000.0,1449184276731.2825
llama3-8b_conv300,3577,61294115000.0,1449524630721.2825
llama3-8b_conv300,3578,61294115000.0,1449864984711.2825
llama3-8b_conv300,3579,61294115000.0,1450205302861.2825
llama3-8b_conv300,3580,61294115000.0,1450545722387.2825
llama3-8b_conv300,3581,61294115000.0,1450886106073.2825
llama3-8b_conv300,3582,61294115000.0,1451226555295.2825
llama3-8b_conv300,3583,61294115000.0,1451567105893.2825
llama3-8b_conv300,3584,61294115000.0,1451906356207.2825
llama3-8b_conv300,3585,61294115000.0,1452245606521.2825
llama3-8b_conv300,3586,61294115000.0,1452584856835.2825
llama3-8b_conv300,3587,61764605000.0,1452870770905.1624
llama3-8b_conv300,3588,61764605000.0,1453159648337.0422
llama3-8b_conv300,3589,61838028000.0,1453444912261.922
llama3-8b_conv300,3590,61838028000.0,1456409035841.2593
llama3-8b_conv300,3591,61928694000.0,1456693120630.1392
llama3-8b_conv300,3592,61928694000.0,1456979078827.019
llama3-8b_conv300,3593,61928694000.0,1457268328064.899
llama3-8b_conv300,3594,61928694000.0,1458060517537.899
llama3-8b_conv300,3595,61928694000.0,1458399033447.899
llama3-8b_conv300,3596,61928694000.0,1458737513517.899
llama3-8b_conv300,3597,61928694000.0,1459076094963.899
llama3-8b_conv300,3598,61928694000.0,1459414676409.899
llama3-8b_conv300,3599,61928694000.0,1459753257855.899
llama3-8b_conv300,3600,61928694000.0,1460091839301.899
llama3-8b_conv300,3601,62174486000.0,1460376905594.7788
llama3-8b_conv300,3602,62174486000.0,1460666046383.6587
llama3-8b_conv300,3603,62174486000.0,1466117031155.4243
llama3-8b_conv300,3604,62276484000.0,1466403093894.3042
llama3-8b_conv300,3605,62276484000.0,1466693121561.184
llama3-8b_conv300,3606,62276484000.0,1468771724422.9783
llama3-8b_conv300,3607,62276484000.0,1469112316579.9783
llama3-8b_conv300,3608,62276484000.0,1469452908736.9783
llama3-8b_conv300,3609,62276484000.0,1469793500893.9783
llama3-8b_conv300,3610,62276484000.0,1470134093050.9783
llama3-8b_conv300,3611,62276484000.0,1470474685207.9783
llama3-8b_conv300,3612,62276484000.0,1470815277364.9783
llama3-8b_conv300,3613,62482331000.0,1471102104102.8582
llama3-8b_conv300,3614,62482331000.0,1471392887576.738
llama3-8b_conv300,3615,62482331000.0,1473412070171.9038
llama3-8b_conv300,3616,62482331000.0,1473753549940.9038
llama3-8b_conv300,3617,62482331000.0,1474095029709.9038
llama3-8b_conv300,3618,62482331000.0,1474436509478.9038
llama3-8b_conv300,3619,62482331000.0,1474777989247.9038
llama3-8b_conv300,3620,62482331000.0,1475118919324.9038
llama3-8b_conv300,3621,62482331000.0,1475459950777.9038
llama3-8b_conv300,3622,62482331000.0,1475800402875.9038
llama3-8b_conv300,3623,62482331000.0,1476140854973.9038
llama3-8b_conv300,3624,62482331000.0,1476481307071.9038
llama3-8b_conv300,3625,62482331000.0,1476821759169.9038
llama3-8b_conv300,3626,62482331000.0,1477162211267.9038
llama3-8b_conv300,3627,62482331000.0,1477502591685.9038
llama3-8b_conv300,3628,62482331000.0,1477843174855.9038
llama3-8b_conv300,3629,62482331000.0,1478183722185.9038
llama3-8b_conv300,3630,62482331000.0,1478524335051.9038
llama3-8b_conv300,3631,62482331000.0,1478865049293.9038
llama3-8b_conv300,3632,62482331000.0,1479205148307.9038
llama3-8b_conv300,3633,62843126000.0,1479491869384.7837
llama3-8b_conv300,3634,62843126000.0,1479782527741.6636
llama3-8b_conv300,3635,62843126000.0,1480146280927.6636
llama3-8b_conv300,3636,62843126000.0,1480487388385.6636
llama3-8b_conv300,3637,62843126000.0,1480827392167.6636
llama3-8b_conv300,3638,62843126000.0,1481167395949.6636
llama3-8b_conv300,3639,62843126000.0,1481507399731.6636
llama3-8b_conv300,3640,62843126000.0,1481847403513.6636
llama3-8b_conv300,3641,62843126000.0,1482187407295.6636
llama3-8b_conv300,3642,62843126000.0,1482527411077.6636
llama3-8b_conv300,3643,63043028000.0,1483022695815.6636
llama3-8b_conv300,3644,63043028000.0,1483363030153.6636
llama3-8b_conv300,3645,63043028000.0,1483703465867.6636
llama3-8b_conv300,3646,63043028000.0,1484043901581.6636
llama3-8b_conv300,3647,63043028000.0,1484384337295.6636
llama3-8b_conv300,3648,63112742000.0,1488452259597.9436
llama3-8b_conv300,3649,63112742000.0,1488793376042.9436
llama3-8b_conv300,3650,63112742000.0,1489134492487.9436
llama3-8b_conv300,3651,63112742000.0,1489475608932.9436
llama3-8b_conv300,3652,63112742000.0,1489816725377.9436
llama3-8b_conv300,3653,63112742000.0,1490157841822.9436
llama3-8b_conv300,3654,63112742000.0,1490498922427.9436
llama3-8b_conv300,3655,63112742000.0,1490840104408.9436
llama3-8b_conv300,3656,63112742000.0,1491181286389.9436
llama3-8b_conv300,3657,63112742000.0,1491522468370.9436
llama3-8b_conv300,3658,63112742000.0,1491863614511.9436
llama3-8b_conv300,3659,63112742000.0,1492204862028.9436
llama3-8b_conv300,3660,63112742000.0,1492546037865.9436
llama3-8b_conv300,3661,63112742000.0,1492887416454.9436
llama3-8b_conv300,3662,63112742000.0,1493228795043.9436
llama3-8b_conv300,3663,63112742000.0,1493570173632.9436
llama3-8b_conv300,3664,63112742000.0,1493911552221.9436
llama3-8b_conv300,3665,63112742000.0,1494252930810.9436
llama3-8b_conv300,3666,63112742000.0,1494593205756.9436
llama3-8b_conv300,3667,63112742000.0,1494933480702.9436
llama3-8b_conv300,3668,63112742000.0,1495273755648.9436
llama3-8b_conv300,3669,63112742000.0,1495614030594.9436
llama3-8b_conv300,3670,63112742000.0,1495954305540.9436
llama3-8b_conv300,3671,63112742000.0,1496294580486.9436
llama3-8b_conv300,3672,63112742000.0,1496634855432.9436
llama3-8b_conv300,3673,63112742000.0,1496975130378.9436
llama3-8b_conv300,3674,63112742000.0,1497315369484.9436
llama3-8b_conv300,3675,63112742000.0,1497655709966.9436
llama3-8b_conv300,3676,63112742000.0,1497996050448.9436
llama3-8b_conv300,3677,63112742000.0,1498336355090.9436
llama3-8b_conv300,3678,63112742000.0,1498676761108.9436
llama3-8b_conv300,3679,63112742000.0,1499017167126.9436
llama3-8b_conv300,3680,63597893000.0,1499303914921.8235
llama3-8b_conv300,3681,63597893000.0,1499594627644.7034
llama3-8b_conv300,3682,63597893000.0,1500986421205.7034
llama3-8b_conv300,3683,63597893000.0,1501327184599.7034
llama3-8b_conv300,3684,63597893000.0,1501667947993.7034
llama3-8b_conv300,3685,63597893000.0,1502008711387.7034
llama3-8b_conv300,3686,63597893000.0,1502349474781.7034
llama3-8b_conv300,3687,63597893000.0,1502690202335.7034
llama3-8b_conv300,3688,63597893000.0,1503031031265.7034
llama3-8b_conv300,3689,63597893000.0,1503371860195.7034
llama3-8b_conv300,3690,63597893000.0,1503712689125.7034
llama3-8b_conv300,3691,63597893000.0,1504053518055.7034
llama3-8b_conv300,3692,63597893000.0,1504394311145.7034
llama3-8b_conv300,3693,63597893000.0,1504735205611.7034
llama3-8b_conv300,3694,63597893000.0,1505076100077.7034
llama3-8b_conv300,3695,63597893000.0,1505416994543.7034
llama3-8b_conv300,3696,63597893000.0,1505757889009.7034
llama3-8b_conv300,3697,63597893000.0,1506098747635.7034
llama3-8b_conv300,3698,63597893000.0,1506439707637.7034
llama3-8b_conv300,3699,63597893000.0,1506780667639.7034
llama3-8b_conv300,3700,63597893000.0,1507121627641.7034
llama3-8b_conv300,3701,63597893000.0,1507462587643.7034
llama3-8b_conv300,3702,63597893000.0,1507803511805.7034
llama3-8b_conv300,3703,63597893000.0,1508144501503.7034
llama3-8b_conv300,3704,63597893000.0,1508485592577.7034
llama3-8b_conv300,3705,63597893000.0,1508826683651.7034
llama3-8b_conv300,3706,63597893000.0,1509167774725.7034
llama3-8b_conv300,3707,63597893000.0,1509508865799.7034
llama3-8b_conv300,3708,63597893000.0,1509849956873.7034
llama3-8b_conv300,3709,63597893000.0,1510190468559.7034
llama3-8b_conv300,3710,63597893000.0,1510530980245.7034
llama3-8b_conv300,3711,64095402000.00001,1511077743868.812
llama3-8b_conv300,3712,64095402000.00001,1511418703870.812
llama3-8b_conv300,3713,64095402000.00001,1511759680256.812
llama3-8b_conv300,3714,64095402000.00001,1512100656642.812
llama3-8b_conv300,3715,64095402000.00001,1512441633028.812
llama3-8b_conv300,3716,64095402000.00001,1512782609414.812
llama3-8b_conv300,3717,64186733000.0,1513069963417.692
llama3-8b_conv300,3718,64186733000.0,1513361246508.5718
llama3-8b_conv300,3719,64186733000.0,1515644102280.2803
llama3-8b_conv300,3720,64186733000.0,1515986015397.2803
llama3-8b_conv300,3721,64186733000.0,1516328029890.2803
llama3-8b_conv300,3722,64186733000.0,1516670044383.2803
llama3-8b_conv300,3723,64186733000.0,1517012058876.2803
llama3-8b_conv300,3724,64186733000.0,1517354037529.2803
llama3-8b_conv300,3725,64186733000.0,1517696117558.2803
llama3-8b_conv300,3726,64186733000.0,1518038197587.2803
llama3-8b_conv300,3727,64186733000.0,1518380277616.2803
llama3-8b_conv300,3728,64186733000.0,1518722357645.2803
llama3-8b_conv300,3729,64186733000.0,1519064401834.2803
llama3-8b_conv300,3730,64186733000.0,1519406547399.2803
llama3-8b_conv300,3731,64186733000.0,1519748692964.2803
llama3-8b_conv300,3732,64186733000.0,1520090838529.2803
llama3-8b_conv300,3733,64186733000.0,1520432984094.2803
llama3-8b_conv300,3734,64186733000.0,1520775129659.2803
llama3-8b_conv300,3735,64186733000.0,1521117275224.2803
llama3-8b_conv300,3736,64186733000.0,1521459420789.2803
llama3-8b_conv300,3737,64186733000.0,1521801566354.2803
llama3-8b_conv300,3738,64186733000.0,1522143711919.2803
llama3-8b_conv300,3739,64186733000.0,1522485857484.2803
llama3-8b_conv300,3740,64186733000.0,1522828003049.2803
llama3-8b_conv300,3741,64186733000.0,1523170148614.2803
llama3-8b_conv300,3742,64186733000.0,1523512294179.2803
llama3-8b_conv300,3743,64186733000.0,1523854403904.2803
llama3-8b_conv300,3744,64186733000.0,1524196798301.2803
llama3-8b_conv300,3745,64186733000.0,1524539294074.2803
llama3-8b_conv300,3746,64186733000.0,1524881789847.2803
llama3-8b_conv300,3747,64186733000.0,1525224285620.2803
llama3-8b_conv300,3748,64186733000.0,1525566745553.2803
llama3-8b_conv300,3749,64186733000.0,1525909306862.2803
llama3-8b_conv300,3750,64186733000.0,1526251868171.2803
llama3-8b_conv300,3751,64186733000.0,1526594429480.2803
llama3-8b_conv300,3752,64186733000.0,1526936990789.2803
llama3-8b_conv300,3753,64186733000.0,1527279552098.2803
llama3-8b_conv300,3754,64186733000.0,1527622113407.2803
llama3-8b_conv300,3755,64186733000.0,1527964603036.2803
llama3-8b_conv300,3756,64186733000.0,1528306257310.2803
llama3-8b_conv300,3757,64186733000.0,1528647875744.2803
llama3-8b_conv300,3758,64186733000.0,1528989559714.2803
llama3-8b_conv300,3759,64186733000.0,1529331309220.2803
llama3-8b_conv300,3760,64186733000.0,1529672544874.2803
llama3-8b_conv300,3761,64888310000.00001,1531801335141.3032
llama3-8b_conv300,3762,64910998000.00001,1534018541794.726
llama3-8b_conv300,3763,64940790000.00001,1534305327060.606
llama3-8b_conv300,3764,64940790000.00001,1534594126022.4858
llama3-8b_conv300,3765,64940790000.00001,1534886881720.3657
llama3-8b_conv300,3766,64940790000.00001,1535181595211.2456
llama3-8b_conv300,3767,64940790000.00001,1535480273630.1255
llama3-8b_conv300,3768,64940790000.00001,1535784203121.0054
llama3-8b_conv300,3769,64940790000.00001,1536092198915.8853
llama3-8b_conv300,3770,64940790000.00001,1536404159638.7651
llama3-8b_conv300,3771,64940790000.00001,1536720049449.645
llama3-8b_conv300,3772,64990268000.0,1537013388827.525
llama3-8b_conv300,3773,65064085000.00001,1537301834414.4048
llama3-8b_conv300,3774,65064085000.00001,1537594355521.2847
llama3-8b_conv300,3775,65064156000.0,1537883186227.1646
llama3-8b_conv300,3776,65064156000.0,1538174519494.0444
llama3-8b_conv300,3777,65066011000.0,1538464249271.9243
llama3-8b_conv300,3778,65066011000.0,1538755351209.8042
llama3-8b_conv300,3779,65531595999.99999,1539044077656.684
llama3-8b_conv300,3780,65531595999.99999,1539335124487.564
llama3-8b_conv300,3781,65715096000.0,1539631087381.4438
llama3-8b_conv300,3782,65715096000.0,1539922897187.3237
llama3-8b_conv300,3783,65715096000.0,1540218740529.2036
llama3-8b_conv300,3784,65786250999.99999,1540512255389.0835
llama3-8b_conv300,3785,65786250999.99999,1543403267858.5635
llama3-8b_conv300,3786,65786250999.99999,1543766459705.5635
llama3-8b_conv300,3787,65786250999.99999,1544129651552.5635
llama3-8b_conv300,3788,65786250999.99999,1544492843399.5635
llama3-8b_conv300,3789,65786250999.99999,1544847342707.5635
llama3-8b_conv300,3790,65786250999.99999,1545201842015.5635
llama3-8b_conv300,3791,65786250999.99999,1545556341323.5635
llama3-8b_conv300,3792,65786250999.99999,1545910804791.5635
llama3-8b_conv300,3793,65786250999.99999,1546256021767.5635
llama3-8b_conv300,3794,65786250999.99999,1546601238743.5635
llama3-8b_conv300,3795,65786250999.99999,1546946455719.5635
llama3-8b_conv300,3796,65786250999.99999,1547291672695.5635
llama3-8b_conv300,3797,65786250999.99999,1547636889671.5635
llama3-8b_conv300,3798,65786250999.99999,1547982106647.5635
llama3-8b_conv300,3799,65786250999.99999,1548326154411.5635
llama3-8b_conv300,3800,65786250999.99999,1548670202175.5635
llama3-8b_conv300,3801,65786250999.99999,1549014249939.5635
llama3-8b_conv300,3802,65786250999.99999,1549358261863.5635
llama3-8b_conv300,3803,65786250999.99999,1549702375163.5635
llama3-8b_conv300,3804,65786250999.99999,1550046488463.5635
llama3-8b_conv300,3805,65786250999.99999,1550390565923.5635
llama3-8b_conv300,3806,65786250999.99999,1550734744759.5635
llama3-8b_conv300,3807,66310171000.0,1551024872038.4434
llama3-8b_conv300,3808,66310171000.0,1551318903829.3232
llama3-8b_conv300,3809,66310171000.0,1551616977348.2031
llama3-8b_conv300,3810,66310171000.0,1551918955379.083
llama3-8b_conv300,3811,66403490000.00001,1552220830080.963
llama3-8b_conv300,3812,66403490000.00001,1552511156015.8428
llama3-8b_conv300,3813,66403490000.00001,1552805422302.7227
llama3-8b_conv300,3814,66511613000.0,1553096765164.6025
llama3-8b_conv300,3815,66511613000.0,1553390868730.4824
llama3-8b_conv300,3816,66624229000.0,1553684608870.3623
llama3-8b_conv300,3817,66624229000.0,1553980555730.2422
llama3-8b_conv300,3818,66655683999.99999,1554275788862.122
llama3-8b_conv300,3819,66693467999.99999,1554569244425.002
llama3-8b_conv300,3820,66693467999.99999,1554865495507.8818
llama3-8b_conv300,3821,66711635000.0,1555165329661.7617
llama3-8b_conv300,3822,66711635000.0,1557137144935.5845
llama3-8b_conv300,3823,66711635000.0,1557517358310.5845
llama3-8b_conv300,3824,66711635000.0,1557897637221.5845
llama3-8b_conv300,3825,66711635000.0,1558277981668.5845
llama3-8b_conv300,3826,66711635000.0,1558658427491.5845
llama3-8b_conv300,3827,66711635000.0,1559038873314.5845
llama3-8b_conv300,3828,66711635000.0,1559419319137.5845
llama3-8b_conv300,3829,66711635000.0,1559799729120.5845
llama3-8b_conv300,3830,66711635000.0,1560180204639.5845
llama3-8b_conv300,3831,66711635000.0,1560560745694.5845
llama3-8b_conv300,3832,66711635000.0,1560941388125.5845
llama3-8b_conv300,3833,66711635000.0,1561322030556.5845
llama3-8b_conv300,3834,66711635000.0,1561693914943.5845
llama3-8b_conv300,3835,66711635000.0,1562065799330.5845
llama3-8b_conv300,3836,66711635000.0,1562437683717.5845
llama3-8b_conv300,3837,66711635000.0,1562809568104.5845
llama3-8b_conv300,3838,67245928000.00001,1566886088572.8645
llama3-8b_conv300,3839,67245928000.00001,1567266731003.8645
llama3-8b_conv300,3840,67245928000.00001,1567647373434.8645
llama3-8b_conv300,3841,67245928000.00001,1568028015865.8645
llama3-8b_conv300,3842,67245928000.00001,1568408622456.8645
llama3-8b_conv300,3843,67245928000.00001,1568789330423.8645
llama3-8b_conv300,3844,67245928000.00001,1569170038390.8645
llama3-8b_conv300,3845,67245928000.00001,1569550746357.8645
llama3-8b_conv300,3846,67245928000.00001,1569931418484.8645
llama3-8b_conv300,3847,67245928000.00001,1570312191987.8645
llama3-8b_conv300,3848,67245928000.00001,1570692929650.8645
llama3-8b_conv300,3849,67439933000.0,1571514831091.8645
llama3-8b_conv300,3850,67439933000.0,1571906412717.8645
llama3-8b_conv300,3851,67439933000.0,1572297994343.8645
llama3-8b_conv300,3852,67439933000.0,1572689540129.8645
llama3-8b_conv300,3853,67439933000.0,1573081151451.8645
llama3-8b_conv300,3854,67439933000.0,1573472864149.8645
llama3-8b_conv300,3855,67439933000.0,1573864576847.8645
llama3-8b_conv300,3856,67439933000.0,1574245114830.8645
llama3-8b_conv300,3857,67439933000.0,1574625652813.8645
llama3-8b_conv300,3858,67439933000.0,1575006154956.8645
llama3-8b_conv300,3859,67439933000.0,1575386758475.8645
llama3-8b_conv300,3860,67439933000.0,1575767361994.8645
llama3-8b_conv300,3861,67439933000.0,1576147965513.8645
llama3-8b_conv300,3862,67439933000.0,1576528569032.8645
llama3-8b_conv300,3863,67439933000.0,1576909172551.8645
llama3-8b_conv300,3864,67439933000.0,1577289776070.8645
llama3-8b_conv300,3865,67439933000.0,1577670379589.8645
llama3-8b_conv300,3866,67439933000.0,1578050983108.8645
llama3-8b_conv300,3867,67439933000.0,1578431586627.8645
llama3-8b_conv300,3868,67439933000.0,1578812190146.8645
llama3-8b_conv300,3869,67439933000.0,1579192793665.8645
llama3-8b_conv300,3870,67439933000.0,1579564311460.8645
llama3-8b_conv300,3871,67439933000.0,1579935793415.8645
llama3-8b_conv300,3872,67439933000.0,1580297963310.8645
llama3-8b_conv300,3873,67439933000.0,1580651375130.8645
llama3-8b_conv300,3874,67439933000.0,1581004751110.8645
llama3-8b_conv300,3875,67439933000.0,1581358244850.8645
llama3-8b_conv300,3876,67439933000.0,1581711738590.8645
llama3-8b_conv300,3877,67439933000.0,1582065232330.8645
llama3-8b_conv300,3878,67439933000.0,1582418726070.8645
llama3-8b_conv300,3879,67439933000.0,1582772219810.8645
llama3-8b_conv300,3880,67439933000.0,1583125713550.8645
llama3-8b_conv300,3881,67439933000.0,1583479207290.8645
llama3-8b_conv300,3882,67930409000.0,1583772158950.7444
llama3-8b_conv300,3883,67930409000.0,1584066531828.6243
llama3-8b_conv300,3884,67933052000.0,1584361257056.5042
llama3-8b_conv300,3885,67966089999.99999,1584924615835.8984
llama3-8b_conv300,3886,67966089999.99999,1585295035902.8984
llama3-8b_conv300,3887,67966089999.99999,1585665420129.8984
llama3-8b_conv300,3888,67966089999.99999,1586035869892.8984
llama3-8b_conv300,3889,67966089999.99999,1586406421031.8984
llama3-8b_conv300,3890,67966089999.99999,1586776936330.8984
llama3-8b_conv300,3891,67966089999.99999,1587147517165.8984
llama3-8b_conv300,3892,67966089999.99999,1587518199376.8984
llama3-8b_conv300,3893,67966089999.99999,1587888881587.8984
llama3-8b_conv300,3894,67966089999.99999,1588259563798.8984
llama3-8b_conv300,3895,67966089999.99999,1588630246009.8984
llama3-8b_conv300,3896,67966089999.99999,1589000928220.8984
llama3-8b_conv300,3897,67966089999.99999,1589371610431.8984
llama3-8b_conv300,3898,67966089999.99999,1589733469030.8984
llama3-8b_conv300,3899,67966089999.99999,1590095291789.8984
llama3-8b_conv300,3900,67966089999.99999,1590457180084.8984
llama3-8b_conv300,3901,67966089999.99999,1590819169755.8984
llama3-8b_conv300,3902,67966089999.99999,1591181159426.8984
llama3-8b_conv300,3903,67966089999.99999,1591534259950.8984
llama3-8b_conv300,3904,67966089999.99999,1591887360474.8984
llama3-8b_conv300,3905,67966089999.99999,1592240460998.8984
llama3-8b_conv300,3906,67966089999.99999,1592593561522.8984
llama3-8b_conv300,3907,67966089999.99999,1592946694814.8984
llama3-8b_conv300,3908,67966089999.99999,1593299828106.8984
llama3-8b_conv300,3909,67966089999.99999,1593652961398.8984
llama3-8b_conv300,3910,67966089999.99999,1594006094690.8984
llama3-8b_conv300,3911,67966089999.99999,1594359227982.8984
llama3-8b_conv300,3912,67966089999.99999,1594712361274.8984
llama3-8b_conv300,3913,67966089999.99999,1595065494566.8984
llama3-8b_conv300,3914,67966089999.99999,1595418627858.8984
llama3-8b_conv300,3915,67966089999.99999,1595762478818.8984
llama3-8b_conv300,3916,67966089999.99999,1596106329778.8984
llama3-8b_conv300,3917,67966089999.99999,1596450180738.8984
llama3-8b_conv300,3918,67966089999.99999,1596794031698.8984
llama3-8b_conv300,3919,67966089999.99999,1597137882658.8984
llama3-8b_conv300,3920,67966089999.99999,1597481848306.8984
llama3-8b_conv300,3921,67966089999.99999,1597826016706.8984
llama3-8b_conv300,3922,67966089999.99999,1598170185106.8984
llama3-8b_conv300,3923,67966089999.99999,1598514353506.8984
llama3-8b_conv300,3924,67966089999.99999,1598858521906.8984
llama3-8b_conv300,3925,67966089999.99999,1599202690306.8984
llama3-8b_conv300,3926,67966089999.99999,1599546858706.8984
llama3-8b_conv300,3927,68682209000.0,1599837852384.7783
llama3-8b_conv300,3928,68682209000.0,1600132778222.6582
llama3-8b_conv300,3929,68682209000.0,1602367908569.1382
llama3-8b_conv300,3930,68682209000.0,1602721192389.1382
llama3-8b_conv300,3931,68682209000.0,1603074505905.1382
llama3-8b_conv300,3932,68682209000.0,1603428022173.1382
llama3-8b_conv300,3933,68682209000.0,1603781502601.1382
llama3-8b_conv300,3934,68682209000.0,1604135048565.1382
llama3-8b_conv300,3935,68682209000.0,1604478834185.1382
llama3-8b_conv300,3936,68682209000.0,1604822583965.1382
llama3-8b_conv300,3937,68682209000.0,1605166435121.1382
llama3-8b_conv300,3938,68682209000.0,1605510286277.1382
llama3-8b_conv300,3939,68682209000.0,1605854137433.1382
llama3-8b_conv300,3940,68682209000.0,1606197988589.1382
llama3-8b_conv300,3941,68682209000.0,1606541839745.1382
llama3-8b_conv300,3942,68682209000.0,1606885655061.1382
llama3-8b_conv300,3943,68682209000.0,1607229535913.1382
llama3-8b_conv300,3944,68682209000.0,1607573518141.1382
llama3-8b_conv300,3945,68682209000.0,1607917500369.1382
llama3-8b_conv300,3946,69017743000.0,1609937350801.304
llama3-8b_conv300,3947,69017743000.0,1610281781345.304
llama3-8b_conv300,3948,69017743000.0,1610626176049.304
llama3-8b_conv300,3949,69017743000.0,1610970672129.304
llama3-8b_conv300,3950,69017743000.0,1611315168209.304
llama3-8b_conv300,3951,69017743000.0,1611658524773.304
llama3-8b_conv300,3952,69017743000.0,1612001946873.304
llama3-8b_conv300,3953,69017743000.0,1612345434509.304
llama3-8b_conv300,3954,69017743000.0,1612689023521.304
llama3-8b_conv300,3955,69017743000.0,1613032612533.304
llama3-8b_conv300,3956,69017743000.0,1613376201545.304
llama3-8b_conv300,3957,69017743000.0,1613718716578.304
llama3-8b_conv300,3958,69017743000.0,1614061332987.304
llama3-8b_conv300,3959,69017743000.0,1614403913556.304
llama3-8b_conv300,3960,69017743000.0,1614746595501.304
llama3-8b_conv300,3961,69017743000.0,1615089277446.304
llama3-8b_conv300,3962,69017743000.0,1615431959391.304
llama3-8b_conv300,3963,69017743000.0,1615773537660.304
llama3-8b_conv300,3964,69017743000.0,1616115115929.304
llama3-8b_conv300,3965,69017743000.0,1616456694198.304
llama3-8b_conv300,3966,69017743000.0,1616798272467.304
llama3-8b_conv300,3967,69017743000.0,1617139850736.304
llama3-8b_conv300,3968,69017743000.0,1617481429005.304
llama3-8b_conv300,3969,69017743000.0,1617823007274.304
llama3-8b_conv300,3970,69017743000.0,1618164549703.304
llama3-8b_conv300,3971,69017743000.0,1618506193508.304
llama3-8b_conv300,3972,69017743000.0,1618847837313.304
llama3-8b_conv300,3973,69017743000.0,1619188508547.304
llama3-8b_conv300,3974,69017743000.0,1619529143941.304
llama3-8b_conv300,3975,69017743000.0,1619869880711.304
llama3-8b_conv300,3976,69017743000.0,1620209448269.304
llama3-8b_conv300,3977,69017743000.0,1620549015827.304
llama3-8b_conv300,3978,69017743000.0,1620888583385.304
llama3-8b_conv300,3979,69017743000.0,1621228150943.304
llama3-8b_conv300,3980,69017743000.0,1621567718501.304
llama3-8b_conv300,3981,69017743000.0,1621907250219.304
llama3-8b_conv300,3982,69017743000.0,1622246238389.304
llama3-8b_conv300,3983,69017743000.0,1622585226559.304
llama3-8b_conv300,3984,69017743000.0,1622924214729.304
llama3-8b_conv300,3985,69017743000.0,1623263202899.304
llama3-8b_conv300,3986,69017743000.0,1623602191069.304
llama3-8b_conv300,3987,69017743000.0,1623940206636.304
llama3-8b_conv300,3988,69017743000.0,1624278222203.304
llama3-8b_conv300,3989,69017743000.0,1624616237770.304
llama3-8b_conv300,3990,69017743000.0,1624954253337.304
llama3-8b_conv300,3991,69017743000.0,1625292268904.304
llama3-8b_conv300,3992,69017743000.0,1625630284471.304
llama3-8b_conv300,3993,69017743000.0,1625968300038.304
llama3-8b_conv300,3994,69017743000.0,1626304450105.304
llama3-8b_conv300,3995,69017743000.0,1626640600172.304
llama3-8b_conv300,3996,69017743000.0,1626976174948.304
llama3-8b_conv300,3997,69017743000.0,1627311713884.304
llama3-8b_conv300,3998,69017743000.0,1627647354196.304
llama3-8b_conv300,3999,69017743000.0,1627982958668.304
llama3-8b_conv300,4000,69017743000.0,1628318664516.304
llama3-8b_conv300,4001,69017743000.0,1628653860608.304
llama3-8b_conv300,4002,69017743000.0,1628989056700.304
llama3-8b_conv300,4003,69017743000.0,1629324252792.304
llama3-8b_conv300,4004,69017743000.0,1629659448884.304
llama3-8b_conv300,4005,69017743000.0,1629994644976.304
llama3-8b_conv300,4006,69017743000.0,1630329841068.304
llama3-8b_conv300,4007,69017743000.0,1630665037160.304
llama3-8b_conv300,4008,69017743000.0,1631000233252.304
llama3-8b_conv300,4009,69017743000.0,1631334329796.304
llama3-8b_conv300,4010,69017743000.0,1631668426340.304
llama3-8b_conv300,4011,69017743000.0,1632002487044.304
llama3-8b_conv300,4012,69017743000.0,1632336649124.304
llama3-8b_conv300,4013,69017743000.0,1632670366985.304
llama3-8b_conv300,4014,69017743000.0,1633004084846.304
llama3-8b_conv300,4015,69017743000.0,1633337766867.304
llama3-8b_conv300,4016,69017743000.0,1633671514424.304
llama3-8b_conv300,4017,69017743000.0,1634005363357.304
llama3-8b_conv300,4018,69017743000.0,1634339212290.304
llama3-8b_conv300,4019,69017743000.0,1634673061223.304
llama3-8b_conv300,4020,69017743000.0,1635006910156.304
llama3-8b_conv300,4021,69017743000.0,1635340759089.304
llama3-8b_conv300,4022,69017743000.0,1635674608022.304
llama3-8b_conv300,4023,69017743000.0,1636008456955.304
llama3-8b_conv300,4024,70095865000.0,1636289823898.1838
llama3-8b_conv300,4025,70095865000.0,1637401688147.9495
llama3-8b_conv300,4026,70095865000.0,1637736374515.9495
llama3-8b_conv300,4027,70095865000.0,1638071025043.9495
llama3-8b_conv300,4028,70095865000.0,1638405741107.9495
llama3-8b_conv300,4029,70095865000.0,1638740558547.9495
llama3-8b_conv300,4030,70095865000.0,1639075340147.9495
llama3-8b_conv300,4031,70095865000.0,1639410223123.9495
llama3-8b_conv300,4032,70095865000.0,1639744006520.9495
llama3-8b_conv300,4033,70095865000.0,1640077789917.9495
llama3-8b_conv300,4034,70287471000.0,1640359091324.8293
llama3-8b_conv300,4035,70287471000.0,1640644423195.7092
llama3-8b_conv300,4036,70287471000.0,1640933785530.589
llama3-8b_conv300,4037,70287471000.0,1641227178329.469
llama3-8b_conv300,4038,70457950000.0,1641514931031.3489
llama3-8b_conv300,4039,70457950000.0,1643588694848.143
llama3-8b_conv300,4040,70457950000.0,1643924480764.143
llama3-8b_conv300,4041,70457950000.0,1644260266680.143
llama3-8b_conv300,4042,70457950000.0,1644596052596.143
llama3-8b_conv300,4043,70457950000.0,1644931838512.143
llama3-8b_conv300,4044,70457950000.0,1645267624428.143
llama3-8b_conv300,4045,70457950000.0,1645603410344.143
llama3-8b_conv300,4046,70457950000.0,1645939196260.143
llama3-8b_conv300,4047,70457950000.0,1646273962697.143
llama3-8b_conv300,4048,70457950000.0,1646608657454.143
llama3-8b_conv300,4049,70457950000.0,1646943554963.143
llama3-8b_conv300,4050,70457950000.0,1647278452472.143
llama3-8b_conv300,4051,70457950000.0,1647613349981.143
llama3-8b_conv300,4052,70457950000.0,1647948247490.143
llama3-8b_conv300,4053,70457950000.0,1648283144999.143
llama3-8b_conv300,4054,70457950000.0,1648618042508.143
llama3-8b_conv300,4055,70457950000.0,1648952940017.143
llama3-8b_conv300,4056,70457950000.0,1649287837526.143
llama3-8b_conv300,4057,70457950000.0,1649622735035.143
llama3-8b_conv300,4058,70457950000.0,1649957632544.143
llama3-8b_conv300,4059,70457950000.0,1650292494213.143
llama3-8b_conv300,4060,70457950000.0,1650627457258.143
llama3-8b_conv300,4061,70457950000.0,1650962420303.143
llama3-8b_conv300,4062,70457950000.0,1651297383348.143
llama3-8b_conv300,4063,70457950000.0,1651632346393.143
llama3-8b_conv300,4064,70457950000.0,1651967273598.143
llama3-8b_conv300,4065,70457950000.0,1652302302179.143
llama3-8b_conv300,4066,70457950000.0,1652637294920.143
llama3-8b_conv300,4067,70457950000.0,1652972389037.143
llama3-8b_conv300,4068,70913521000.0,1653255001164.023
llama3-8b_conv300,4069,70913521000.0,1653541643754.9028
llama3-8b_conv300,4070,70977717000.0,1656094999214.8687
llama3-8b_conv300,4071,70977717000.0,1656431339114.8687
llama3-8b_conv300,4072,70977717000.0,1656766680842.8687
llama3-8b_conv300,4073,70977717000.0,1657102022570.8687
llama3-8b_conv300,4074,70977717000.0,1657437328458.8687
llama3-8b_conv300,4075,70977717000.0,1657772735722.8687
llama3-8b_conv300,4076,70977717000.0,1658108142986.8687
llama3-8b_conv300,4077,70977717000.0,1658443550250.8687
llama3-8b_conv300,4078,70977717000.0,1658778957514.8687
llama3-8b_conv300,4079,70977717000.0,1659114328938.8687
llama3-8b_conv300,4080,70977717000.0,1659449765898.8687
llama3-8b_conv300,4081,70977717000.0,1659784204655.8687
llama3-8b_conv300,4082,70977717000.0,1660118643412.8687
llama3-8b_conv300,4083,70977717000.0,1660453082169.8687
llama3-8b_conv300,4084,70977717000.0,1660787520926.8687
llama3-8b_conv300,4085,70977717000.0,1661121923843.8687
llama3-8b_conv300,4086,70977717000.0,1661456428136.8687
llama3-8b_conv300,4087,70977717000.0,1661790932429.8687
llama3-8b_conv300,4088,70977717000.0,1662125436722.8687
llama3-8b_conv300,4089,70977717000.0,1662459941015.8687
llama3-8b_conv300,4090,70977717000.0,1662794445308.8687
llama3-8b_conv300,4091,70977717000.0,1663128949601.8687
llama3-8b_conv300,4092,70977717000.0,1663463453894.8687
llama3-8b_conv300,4093,70977717000.0,1663796283316.8687
llama3-8b_conv300,4094,70977717000.0,1664129112738.8687
llama3-8b_conv300,4095,70977717000.0,1664461942160.8687
llama3-8b_conv300,4096,70977717000.0,1664794771582.8687
llama3-8b_conv300,4097,70977717000.0,1665127601004.8687
llama3-8b_conv300,4098,70977717000.0,1665460430426.8687
llama3-8b_conv300,4099,70977717000.0,1665793259848.8687
llama3-8b_conv300,4100,70977717000.0,1666126089270.8687
llama3-8b_conv300,4101,70977717000.0,1666458918692.8687
llama3-8b_conv300,4102,70977717000.0,1666791712274.8687
llama3-8b_conv300,4103,70977717000.0,1667124607232.8687
llama3-8b_conv300,4104,70977717000.0,1667457502190.8687
llama3-8b_conv300,4105,70977717000.0,1667790397148.8687
llama3-8b_conv300,4106,70977717000.0,1668123292106.8687
llama3-8b_conv300,4107,70977717000.0,1668456187064.8687
llama3-8b_conv300,4108,70977717000.0,1668789082022.8687
llama3-8b_conv300,4109,70977717000.0,1669121941140.8687
llama3-8b_conv300,4110,70977717000.0,1669454901634.8687
llama3-8b_conv300,4111,71553215000.0,1669735666276.7485
llama3-8b_conv300,4112,71553215000.0,1670020477766.6284
llama3-8b_conv300,4113,71553215000.0,1672523835907.3655
llama3-8b_conv300,4114,71553215000.0,1672857699372.3655
llama3-8b_conv300,4115,71553215000.0,1673191562837.3655
llama3-8b_conv300,4116,71553215000.0,1673525426302.3655
llama3-8b_conv300,4117,71553215000.0,1673859253927.3655
llama3-8b_conv300,4118,71553215000.0,1674193182928.3655
llama3-8b_conv300,4119,71553215000.0,1674527111929.3655
llama3-8b_conv300,4120,71553215000.0,1674861040930.3655
llama3-8b_conv300,4121,71553215000.0,1675194969931.3655
llama3-8b_conv300,4122,71553215000.0,1675528898932.3655
llama3-8b_conv300,4123,71553215000.0,1675862827933.3655
llama3-8b_conv300,4124,71553215000.0,1676196756934.3655
llama3-8b_conv300,4125,71553215000.0,1676527992216.3655
llama3-8b_conv300,4126,71553215000.0,1676859328874.3655
llama3-8b_conv300,4127,71553215000.0,1677190665532.3655
llama3-8b_conv300,4128,71553215000.0,1677522002190.3655
llama3-8b_conv300,4129,71553215000.0,1677852829348.3655
llama3-8b_conv300,4130,71553215000.0,1678183656506.3655
llama3-8b_conv300,4131,71553215000.0,1678514483664.3655
llama3-8b_conv300,4132,71553215000.0,1678845310822.3655
llama3-8b_conv300,4133,71553215000.0,1679176137980.3655
llama3-8b_conv300,4134,71926622000.0,1679455055137.2454
llama3-8b_conv300,4135,71926622000.0,1679738035526.1252
llama3-8b_conv300,4136,71926622000.0,1680613517049.1252
llama3-8b_conv300,4137,71926622000.0,1680945246923.1252
llama3-8b_conv300,4138,71926622000.0,1681276976797.1252
llama3-8b_conv300,4139,71926622000.0,1681608670831.1252
llama3-8b_conv300,4140,71926622000.0,1681940466241.1252
llama3-8b_conv300,4141,71926622000.0,1682272261651.1252
llama3-8b_conv300,4142,71926622000.0,1682604057061.1252
llama3-8b_conv300,4143,71926622000.0,1682935852471.1252
llama3-8b_conv300,4144,71926622000.0,1683267647881.1252
llama3-8b_conv300,4145,71926622000.0,1683599443291.1252
llama3-8b_conv300,4146,71926622000.0,1683930139377.1252
llama3-8b_conv300,4147,71926622000.0,1684260835463.1252
llama3-8b_conv300,4148,71926622000.0,1684591531549.1252
llama3-8b_conv300,4149,71926622000.0,1684922227635.1252
llama3-8b_conv300,4150,71926622000.0,1685252923721.1252
llama3-8b_conv300,4151,71926622000.0,1685583619807.1252
llama3-8b_conv300,4152,71926622000.0,1685914315893.1252
llama3-8b_conv300,4153,71926622000.0,1686245011979.1252
llama3-8b_conv300,4154,72258986000.0,1686523798064.0051
llama3-8b_conv300,4155,72258986000.0,1690486330512.6565
llama3-8b_conv300,4156,72258986000.0,1690817827938.6565
llama3-8b_conv300,4157,72258986000.0,1691149426740.6565
llama3-8b_conv300,4158,72258986000.0,1691481025542.6565
llama3-8b_conv300,4159,72258986000.0,1691812624344.6565
llama3-8b_conv300,4160,72258986000.0,1692144223146.6565
llama3-8b_conv300,4161,72258986000.0,1692475821948.6565
llama3-8b_conv300,4162,72258986000.0,1692807420750.6565
llama3-8b_conv300,4163,72258986000.0,1693139019552.6565
llama3-8b_conv300,4164,72258986000.0,1693470618354.6565
llama3-8b_conv300,4165,72463206000.0,1696084059130.908
llama3-8b_conv300,4166,72463206000.0,1696416102120.908
llama3-8b_conv300,4167,72463206000.0,1696748109270.908
llama3-8b_conv300,4168,72463206000.0,1697080217796.908
llama3-8b_conv300,4169,72463206000.0,1697412326322.908
llama3-8b_conv300,4170,72463206000.0,1697744434848.908
llama3-8b_conv300,4171,72463206000.0,1698076543374.908
llama3-8b_conv300,4172,72463206000.0,1698408651900.908
llama3-8b_conv300,4173,72463206000.0,1698739660878.908
llama3-8b_conv300,4174,72463206000.0,1699068406409.908
llama3-8b_conv300,4175,72463206000.0,1699397151940.908
llama3-8b_conv300,4176,72463206000.0,1699725861631.908
llama3-8b_conv300,4177,72463206000.0,1700054672698.908
llama3-8b_conv300,4178,72463206000.0,1700383483765.908
llama3-8b_conv300,4179,72463206000.0,1700712294832.908
llama3-8b_conv300,4180,72463206000.0,1701041105899.908
llama3-8b_conv300,4181,72463206000.0,1701369916966.908
llama3-8b_conv300,4182,72686339000.0,1701646960108.7878
llama3-8b_conv300,4183,72686339000.0,1701928074674.6677
llama3-8b_conv300,4184,72772330000.0,1702206524887.5476
llama3-8b_conv300,4185,72772330000.0,1702487375356.4275
llama3-8b_conv300,4186,72772330000.0,1703575266640.4275
llama3-8b_conv300,4187,72772330000.0,1703905781026.4275
llama3-8b_conv300,4188,72772330000.0,1704236396788.4275
llama3-8b_conv300,4189,72772330000.0,1704567012550.4275
llama3-8b_conv300,4190,72772330000.0,1704897628312.4275
llama3-8b_conv300,4191,72772330000.0,1705228244074.4275
llama3-8b_conv300,4192,72772330000.0,1705558859836.4275
llama3-8b_conv300,4193,72772330000.0,1705889475598.4275
llama3-8b_conv300,4194,72772330000.0,1706220055520.4275
llama3-8b_conv300,4195,72772330000.0,1706550736818.4275
llama3-8b_conv300,4196,72772330000.0,1706881418116.4275
llama3-8b_conv300,4197,72772330000.0,1707212099414.4275
llama3-8b_conv300,4198,72772330000.0,1707542744872.4275
llama3-8b_conv300,4199,72772330000.0,1707873455866.4275
llama3-8b_conv300,4200,72772330000.0,1708204268236.4275
llama3-8b_conv300,4201,73069107000.0,1712209592138.3647
llama3-8b_conv300,4202,73069107000.0,1712539844380.3647
llama3-8b_conv300,4203,73069107000.0,1712869164210.3647
llama3-8b_conv300,4204,73069107000.0,1713198484040.3647
llama3-8b_conv300,4205,73139437000.0,1713475893869.2446
llama3-8b_conv300,4206,73139437000.0,1713757366930.1245
llama3-8b_conv300,4207,73139437000.0,1714042903223.0044
llama3-8b_conv300,4208,73139437000.0,1714332466907.8843
llama3-8b_conv300,4209,73139437000.0,1714627347200.7642
llama3-8b_conv300,4210,73139437000.0,1714925476550.644
llama3-8b_conv300,4211,73139437000.0,1715227677324.524
llama3-8b_conv300,4212,73139437000.0,1715533949522.4038
llama3-8b_conv300,4213,73188991000.0,1715816149623.2837
llama3-8b_conv300,4214,73188991000.0,1716099064476.1636
llama3-8b_conv300,4215,73284651000.0,1716379405088.0435
llama3-8b_conv300,4216,73284651000.0,1716662057891.9233
llama3-8b_conv300,4217,73501684000.0,1716943262853.8032
llama3-8b_conv300,4218,73501684000.0,1717225657703.683
llama3-8b_conv300,4219,73501684000.0,1721825856721.363
llama3-8b_conv300,4220,73501684000.0,1722159326970.363
llama3-8b_conv300,4221,73841563000.0,1722440458299.243
llama3-8b_conv300,4222,73841563000.0,1723528473941.323
llama3-8b_conv300,4223,73841563000.0,1723862781626.323
llama3-8b_conv300,4224,73841563000.0,1724197089311.323
llama3-8b_conv300,4225,73841563000.0,1724530297416.323
llama3-8b_conv300,4226,73841563000.0,1724863505521.323
llama3-8b_conv300,4227,73841563000.0,1725196713626.323
llama3-8b_conv300,4228,73841563000.0,1725529921731.323
llama3-8b_conv300,4229,74006953000.0,1725810790916.203
llama3-8b_conv300,4230,74006953000.0,1726095662917.0828
llama3-8b_conv300,4231,74046995000.0,1726376984803.9626
llama3-8b_conv300,4232,74046995000.0,1726661702274.8425
llama3-8b_conv300,4233,74046995000.0,1728003360795.8425
llama3-8b_conv300,4234,74046995000.0,1728338374843.8425
llama3-8b_conv300,4235,74046995000.0,1728673388891.8425
llama3-8b_conv300,4236,74046995000.0,1729008402939.8425
llama3-8b_conv300,4237,74046995000.0,1729343381147.8425
llama3-8b_conv300,4238,74046995000.0,1729678460731.8425
llama3-8b_conv300,4239,74046995000.0,1730013540315.8425
llama3-8b_conv300,4240,74046995000.0,1730348619899.8425
llama3-8b_conv300,4241,74046995000.0,1730682498528.8425
llama3-8b_conv300,4242,74046995000.0,1731016478533.8425
llama3-8b_conv300,4243,74046995000.0,1731350458538.8425
llama3-8b_conv300,4244,74046995000.0,1731684438543.8425
llama3-8b_conv300,4245,74046995000.0,1732018382708.8425
llama3-8b_conv300,4246,74046995000.0,1732352428249.8425
llama3-8b_conv300,4247,74046995000.0,1732686473790.8425
llama3-8b_conv300,4248,74046995000.0,1733020519331.8425
llama3-8b_conv300,4249,74046995000.0,1733354564872.8425
llama3-8b_conv300,4250,74046995000.0,1733688574573.8425
llama3-8b_conv300,4251,74046995000.0,1734020173974.8425
llama3-8b_conv300,4252,74046995000.0,1734351874751.8425
llama3-8b_conv300,4253,74046995000.0,1734683539688.8425
llama3-8b_conv300,4254,74046995000.0,1735015306001.8425
llama3-8b_conv300,4255,74046995000.0,1735347072314.8425
llama3-8b_conv300,4256,74046995000.0,1735678838627.8425
llama3-8b_conv300,4257,74046995000.0,1736010604940.8425
llama3-8b_conv300,4258,74046995000.0,1736342371253.8425
llama3-8b_conv300,4259,74046995000.0,1736674137566.8425
llama3-8b_conv300,4260,74046995000.0,1737005903879.8425
llama3-8b_conv300,4261,74046995000.0,1737337670192.8425
llama3-8b_conv300,4262,74046995000.0,1737669436505.8425
llama3-8b_conv300,4263,74046995000.0,1738001202818.8425
llama3-8b_conv300,4264,74046995000.0,1738332969131.8425
llama3-8b_conv300,4265,74046995000.0,1738664735444.8425
llama3-8b_conv300,4266,74046995000.0,1738996501757.8425
llama3-8b_conv300,4267,74046995000.0,1739328268070.8425
llama3-8b_conv300,4268,74046995000.0,1739660034383.8425
llama3-8b_conv300,4269,74046995000.0,1739991800696.8425
llama3-8b_conv300,4270,74046995000.0,1740323567009.8425
llama3-8b_conv300,4271,74046995000.0,1740655333322.8425
llama3-8b_conv300,4272,74046995000.0,1740987099635.8425
llama3-8b_conv300,4273,74046995000.0,1741318830108.8425
llama3-8b_conv300,4274,74046995000.0,1741650661957.8425
llama3-8b_conv300,4275,74046995000.0,1741981984051.8425
llama3-8b_conv300,4276,74046995000.0,1742313270305.8425
llama3-8b_conv300,4277,74046995000.0,1742644657935.8425
llama3-8b_conv300,4278,74046995000.0,1742976045565.8425
llama3-8b_conv300,4279,74046995000.0,1743307433195.8425
llama3-8b_conv300,4280,74046995000.0,1743638820825.8425
llama3-8b_conv300,4281,74046995000.0,1743970172615.8425
llama3-8b_conv300,4282,74046995000.0,1744301625781.8425
llama3-8b_conv300,4283,74046995000.0,1744633043107.8425
llama3-8b_conv300,4284,74046995000.0,1744964561809.8425
llama3-8b_conv300,4285,74046995000.0,1745296080511.8425
llama3-8b_conv300,4286,74046995000.0,1745627599213.8425
llama3-8b_conv300,4287,74046995000.0,1745959117915.8425
llama3-8b_conv300,4288,74046995000.0,1746290636617.8425
llama3-8b_conv300,4289,74046995000.0,1746622155319.8425
llama3-8b_conv300,4290,74046995000.0,1746953674021.8425
llama3-8b_conv300,4291,74046995000.0,1747285192723.8425
llama3-8b_conv300,4292,74046995000.0,1747616711425.8425
llama3-8b_conv300,4293,74046995000.0,1747948230127.8425
llama3-8b_conv300,4294,74046995000.0,1748278008709.8425
llama3-8b_conv300,4295,74046995000.0,1748607751451.8425
llama3-8b_conv300,4296,74046995000.0,1748937595569.8425
llama3-8b_conv300,4297,74046995000.0,1749267439687.8425
llama3-8b_conv300,4298,74046995000.0,1749597283805.8425
llama3-8b_conv300,4299,74046995000.0,1749927127923.8425
llama3-8b_conv300,4300,74046995000.0,1750256936201.8425
llama3-8b_conv300,4301,74046995000.0,1750586845855.8425
llama3-8b_conv300,4302,74046995000.0,1750916755509.8425
llama3-8b_conv300,4303,74046995000.0,1751246665163.8425
llama3-8b_conv300,4304,74046995000.0,1751576538977.8425
llama3-8b_conv300,4305,74046995000.0,1751906514167.8425
llama3-8b_conv300,4306,74046995000.0,1752236489357.8425
llama3-8b_conv300,4307,74046995000.0,1752565365960.8425
llama3-8b_conv300,4308,74046995000.0,1752894242563.8425
llama3-8b_conv300,4309,74046995000.0,1753223119166.8425
llama3-8b_conv300,4310,74046995000.0,1753551995769.8425
llama3-8b_conv300,4311,74046995000.0,1753880872372.8425
llama3-8b_conv300,4312,74046995000.0,1754209748975.8425
llama3-8b_conv300,4313,74046995000.0,1754538625578.8425
llama3-8b_conv300,4314,74046995000.0,1754867502181.8425
llama3-8b_conv300,4315,74046995000.0,1755196378784.8425
llama3-8b_conv300,4316,74046995000.0,1755525255387.8425
llama3-8b_conv300,4317,74046995000.0,1755854131990.8425
llama3-8b_conv300,4318,74046995000.0,1756183008593.8425
llama3-8b_conv300,4319,75304583000.0,1756460117271.7224
llama3-8b_conv300,4320,75304583000.0,1756741297373.6023
llama3-8b_conv300,4321,75304583000.0,1757437894611.6023
llama3-8b_conv300,4322,75304583000.0,1757767637353.6023
llama3-8b_conv300,4323,75304583000.0,1758097481471.6023
llama3-8b_conv300,4324,75304583000.0,1758427325589.6023
llama3-8b_conv300,4325,75304583000.0,1758757169707.6023
llama3-8b_conv300,4326,75304583000.0,1759087013825.6023
llama3-8b_conv300,4327,75304583000.0,1759416857943.6023
llama3-8b_conv300,4328,75304583000.0,1759746702061.6023
llama3-8b_conv300,4329,75304583000.0,1760076546179.6023
llama3-8b_conv300,4330,75304583000.0,1760406354457.6023
llama3-8b_conv300,4331,75304583000.0,1760736264111.6023
llama3-8b_conv300,4332,75304583000.0,1761066173765.6023
llama3-8b_conv300,4333,75304583000.0,1761396083419.6023
llama3-8b_conv300,4334,75304583000.0,1761725993073.6023
llama3-8b_conv300,4335,75304583000.0,1762055902727.6023
llama3-8b_conv300,4336,75304583000.0,1762385776541.6023
llama3-8b_conv300,4337,75304583000.0,1762715715891.6023
llama3-8b_conv300,4338,75304583000.0,1763045756617.6023
llama3-8b_conv300,4339,75627209000.0,1763323887342.4822
llama3-8b_conv300,4340,75627209000.0,1763606081299.362
llama3-8b_conv300,4341,75627209000.0,1764501717564.362
llama3-8b_conv300,4342,75726526000.0,1764779586145.242
llama3-8b_conv300,4343,75726526000.0,1765061517958.1218
llama3-8b_conv300,4344,75726526000.0,1765891678390.1218
llama3-8b_conv300,4345,75833898000.0,1769842470434.716
llama3-8b_conv300,4346,75862760000.0,1770672225545.716
llama3-8b_conv300,4347,75862760000.0,1771003625266.716
llama3-8b_conv300,4348,75862760000.0,1771335024987.716
llama3-8b_conv300,4349,75862760000.0,1771666424708.716
llama3-8b_conv300,4350,75862760000.0,1771997824429.716
llama3-8b_conv300,4351,75862760000.0,1772329224150.716
llama3-8b_conv300,4352,75862760000.0,1772660623871.716
llama3-8b_conv300,4353,75862760000.0,1772992023592.716
llama3-8b_conv300,4354,75862760000.0,1773323423313.716
llama3-8b_conv300,4355,75862760000.0,1773654823034.716
llama3-8b_conv300,4356,75862760000.0,1773986222755.716
llama3-8b_conv300,4357,75862760000.0,1774317622476.716
llama3-8b_conv300,4358,75862760000.0,1774649022197.716
llama3-8b_conv300,4359,75862760000.0,1774980421918.716
llama3-8b_conv300,4360,75862760000.0,1775311821639.716
llama3-8b_conv300,4361,75862760000.0,1775643221360.716
llama3-8b_conv300,4362,75862760000.0,1775974621081.716
llama3-8b_conv300,4363,76099724000.0,1781898441092.9675
llama3-8b_conv300,4364,76099724000.0,1782230432489.9675
llama3-8b_conv300,4365,76099724000.0,1782562423886.9675
llama3-8b_conv300,4366,76099724000.0,1782894415283.9675
llama3-8b_conv300,4367,76099724000.0,1783226406680.9675
llama3-8b_conv300,4368,76099724000.0,1783558398077.9675
llama3-8b_conv300,4369,76099724000.0,1783890353634.9675
llama3-8b_conv300,4370,76099724000.0,1784222410567.9675
llama3-8b_conv300,4371,76099724000.0,1784554467500.9675
llama3-8b_conv300,4372,76099724000.0,1784886524433.9675
llama3-8b_conv300,4373,76099724000.0,1785218545526.9675
llama3-8b_conv300,4374,76099724000.0,1785550667995.9675
llama3-8b_conv300,4375,76099724000.0,1785882790464.9675
llama3-8b_conv300,4376,76286150000.0,1786162430943.8474
llama3-8b_conv300,4377,76286150000.0,1786446101886.7273
llama3-8b_conv300,4378,76286150000.0,1787034506910.7273
llama3-8b_conv300,4379,76286150000.0,1787367496510.7273
llama3-8b_conv300,4380,76286150000.0,1787700587486.7273
llama3-8b_conv300,4381,76286150000.0,1788033678462.7273
llama3-8b_conv300,4382,76286150000.0,1788366194147.7273
llama3-8b_conv300,4383,76286150000.0,1788698709832.7273
llama3-8b_conv300,4384,76286150000.0,1789031225517.7273
llama3-8b_conv300,4385,76286150000.0,1789363741202.7273
llama3-8b_conv300,4386,76286150000.0,1789696256887.7273
llama3-8b_conv300,4387,76286150000.0,1790028772572.7273
llama3-8b_conv300,4388,76286150000.0,1790361288257.7273
llama3-8b_conv300,4389,76286150000.0,1790693803942.7273
llama3-8b_conv300,4390,76286150000.0,1791026319627.7273
llama3-8b_conv300,4391,76286150000.0,1791358835312.7273
llama3-8b_conv300,4392,76558380000.0,1791638869007.6072
llama3-8b_conv300,4393,76558380000.0,1791922933166.487
llama3-8b_conv300,4394,76558380000.0,1794488707845.51
llama3-8b_conv300,4395,76558380000.0,1794822309797.51
llama3-8b_conv300,4396,76558380000.0,1795156013125.51
llama3-8b_conv300,4397,76558380000.0,1795489716453.51
llama3-8b_conv300,4398,76558380000.0,1795823419781.51
llama3-8b_conv300,4399,76558380000.0,1796157087269.51
llama3-8b_conv300,4400,76558380000.0,1796490856133.51
llama3-8b_conv300,4401,76749357000.0,1796771964099.39
llama3-8b_conv300,4402,76749357000.0,1797057195713.2698
llama3-8b_conv300,4403,76749357000.0,1797400620477.2698
llama3-8b_conv300,4404,76749357000.0,1797735256441.2698
llama3-8b_conv300,4405,76749357000.0,1798069993781.2698
llama3-8b_conv300,4406,76749357000.0,1798404731121.2698
llama3-8b_conv300,4407,76749357000.0,1798739468461.2698
llama3-8b_conv300,4408,76749357000.0,1799074205801.2698
llama3-8b_conv300,4409,76749357000.0,1799408907301.2698
llama3-8b_conv300,4410,76749357000.0,1799743674337.2698
llama3-8b_conv300,4411,76749357000.0,1800078506909.2698
llama3-8b_conv300,4412,76749357000.0,1800413440857.2698
llama3-8b_conv300,4413,76749357000.0,1800748374805.2698
llama3-8b_conv300,4414,76749357000.0,1801083308753.2698
llama3-8b_conv300,4415,76749357000.0,1801418206861.2698
llama3-8b_conv300,4416,76749357000.0,1801753206345.2698
llama3-8b_conv300,4417,76749357000.0,1802088205829.2698
llama3-8b_conv300,4418,76749357000.0,1802423205313.2698
llama3-8b_conv300,4419,76749357000.0,1802758204797.2698
llama3-8b_conv300,4420,76749357000.0,1803093204281.2698
llama3-8b_conv300,4421,76749357000.0,1803428203765.2698
llama3-8b_conv300,4422,76749357000.0,1803763203249.2698
llama3-8b_conv300,4423,76749357000.0,1804098131053.2698
llama3-8b_conv300,4424,76749357000.0,1804433261609.2698
llama3-8b_conv300,4425,76749357000.0,1804768392165.2698
llama3-8b_conv300,4426,76749357000.0,1805103522721.2698
llama3-8b_conv300,4427,76749357000.0,1805438653277.2698
llama3-8b_conv300,4428,76749357000.0,1805773747993.2698
llama3-8b_conv300,4429,76749357000.0,1806108944085.2698
llama3-8b_conv300,4430,76749357000.0,1806444140177.2698
llama3-8b_conv300,4431,76749357000.0,1806779336269.2698
llama3-8b_conv300,4432,76749357000.0,1807114460681.2698
llama3-8b_conv300,4433,76749357000.0,1807449787845.2698
llama3-8b_conv300,4434,76749357000.0,1807785115009.2698
llama3-8b_conv300,4435,76749357000.0,1808120442173.2698
llama3-8b_conv300,4436,76749357000.0,1808455769337.2698
llama3-8b_conv300,4437,76749357000.0,1808791096501.2698
llama3-8b_conv300,4438,76749357000.0,1809126423665.2698
llama3-8b_conv300,4439,77310607000.0,1809408982734.1497
llama3-8b_conv300,4440,77310607000.0,1814963765135.3726
llama3-8b_conv300,4441,77310607000.0,1815299864199.3726
llama3-8b_conv300,4442,77310607000.0,1815635963263.3726
llama3-8b_conv300,4443,77310607000.0,1815971487035.3726
llama3-8b_conv300,4444,77310607000.0,1816307010807.3726
llama3-8b_conv300,4445,77310607000.0,1816642534579.3726
llama3-8b_conv300,4446,77310607000.0,1816978058351.3726
llama3-8b_conv300,4447,77310607000.0,1817313582123.3726
llama3-8b_conv300,4448,77310607000.0,1817649105895.3726
llama3-8b_conv300,4449,77310607000.0,1817984629667.3726
llama3-8b_conv300,4450,77310607000.0,1818320117599.3726
llama3-8b_conv300,4451,77310607000.0,1818655706907.3726
llama3-8b_conv300,4452,77546989000.0,1818938528120.2524
llama3-8b_conv300,4453,77546989000.0,1819225363413.1323
llama3-8b_conv300,4454,77546989000.0,1821780322457.0981
llama3-8b_conv300,4455,77546989000.0,1822115715157.0981
llama3-8b_conv300,4456,77546989000.0,1822451107857.0981
llama3-8b_conv300,4457,77546989000.0,1822786500557.0981
llama3-8b_conv300,4458,77546989000.0,1823121857417.0981
llama3-8b_conv300,4459,77546989000.0,1823457315653.0981
llama3-8b_conv300,4460,77546989000.0,1823792773889.0981
llama3-8b_conv300,4461,77546989000.0,1824128232125.0981
llama3-8b_conv300,4462,77546989000.0,1824463654521.0981
llama3-8b_conv300,4463,77546989000.0,1824798537497.0981
llama3-8b_conv300,4464,77546989000.0,1825133384633.0981
llama3-8b_conv300,4465,77546989000.0,1825468261465.0981
llama3-8b_conv300,4466,77546989000.0,1825803341049.0981
llama3-8b_conv300,4467,77546989000.0,1826138420633.0981
llama3-8b_conv300,4468,77546989000.0,1826473500217.0981
llama3-8b_conv300,4469,77546989000.0,1826808579801.0981
llama3-8b_conv300,4470,77546989000.0,1827143659385.0981
llama3-8b_conv300,4471,77546989000.0,1827478738969.0981
llama3-8b_conv300,4472,77546989000.0,1827813818553.0981
llama3-8b_conv300,4473,77546989000.0,1828148898137.0981
llama3-8b_conv300,4474,77546989000.0,1828483977721.0981
llama3-8b_conv300,4475,77546989000.0,1828819057305.0981
llama3-8b_conv300,4476,77546989000.0,1829154136889.0981
llama3-8b_conv300,4477,77546989000.0,1829489216473.0981
llama3-8b_conv300,4478,77546989000.0,1829824296057.0981
llama3-8b_conv300,4479,77546989000.0,1830159375641.0981
llama3-8b_conv300,4480,77546989000.0,1830494455225.0981
llama3-8b_conv300,4481,77546989000.0,1830829534809.0981
llama3-8b_conv300,4482,77546989000.0,1831164614393.0981
llama3-8b_conv300,4483,77546989000.0,1831498594398.0981
llama3-8b_conv300,4484,77546989000.0,1831832574403.0981
llama3-8b_conv300,4485,77546989000.0,1832166554408.0981
llama3-8b_conv300,4486,77546989000.0,1832500534413.0981
llama3-8b_conv300,4487,77546989000.0,1832834070198.0981
llama3-8b_conv300,4488,77546989000.0,1833167605983.0981
llama3-8b_conv300,4489,77546989000.0,1833501105928.0981
llama3-8b_conv300,4490,77546989000.0,1833834707249.0981
llama3-8b_conv300,4491,77546989000.0,1834168308570.0981
llama3-8b_conv300,4492,77546989000.0,1834501909891.0981
llama3-8b_conv300,4493,77546989000.0,1834835511212.0981
llama3-8b_conv300,4494,77546989000.0,1835169112533.0981
llama3-8b_conv300,4495,77546989000.0,1835502713854.0981
llama3-8b_conv300,4496,77546989000.0,1835836315175.0981
llama3-8b_conv300,4497,77546989000.0,1836169880656.0981
llama3-8b_conv300,4498,77546989000.0,1836503547513.0981
llama3-8b_conv300,4499,77546989000.0,1836837214370.0981
llama3-8b_conv300,4500,78254342000.0,1837118542306.978
llama3-8b_conv300,4501,78254342000.0,1837403873059.858
llama3-8b_conv300,4502,78313936000.0,1837686283458.7378
llama3-8b_conv300,4503,78313936000.0,1837972532833.6177
llama3-8b_conv300,4504,78313936000.0,1840811661715.6406
llama3-8b_conv300,4505,78313936000.0,1841147396659.6406
llama3-8b_conv300,4506,78313936000.0,1841483131603.6406
llama3-8b_conv300,4507,78313936000.0,1841818866547.6406
llama3-8b_conv300,4508,78313936000.0,1842154601491.6406
llama3-8b_conv300,4509,78313936000.0,1842489171320.6406
llama3-8b_conv300,4510,78313936000.0,1842823741149.6406
llama3-8b_conv300,4511,78313936000.0,1843158310978.6406
llama3-8b_conv300,4512,78313936000.0,1843492880807.6406
llama3-8b_conv300,4513,78313936000.0,1843827450636.6406
llama3-8b_conv300,4514,78313936000.0,1844162020465.6406
llama3-8b_conv300,4515,78313936000.0,1844496590294.6406
llama3-8b_conv300,4516,78313936000.0,1844831160123.6406
llama3-8b_conv300,4517,78313936000.0,1845165729952.6406
llama3-8b_conv300,4518,78313936000.0,1845500299781.6406
llama3-8b_conv300,4519,78313936000.0,1845834869610.6406
llama3-8b_conv300,4520,78313936000.0,1846169439439.6406
llama3-8b_conv300,4521,78684997000.0,1848798056517.9492
llama3-8b_conv300,4522,78707843000.0,1849080445507.829
llama3-8b_conv300,4523,78707843000.0,1849366856769.709
llama3-8b_conv300,4524,78707843000.0,1849657290303.5889
llama3-8b_conv300,4525,78741657000.0,1855243096454.926
llama3-8b_conv300,4526,78741657000.0,1855579549822.926
llama3-8b_conv300,4527,78741657000.0,1855915967350.926
llama3-8b_conv300,4528,78741657000.0,1856252486254.926
llama3-8b_conv300,4529,78741657000.0,1856588969318.926
llama3-8b_conv300,4530,78741657000.0,1856925553758.926
llama3-8b_conv300,4531,78741657000.0,1857262138198.926
llama3-8b_conv300,4532,78741657000.0,1857598686798.926
llama3-8b_conv300,4533,78741657000.0,1857935336774.926
llama3-8b_conv300,4534,78741657000.0,1858271986750.926
llama3-8b_conv300,4535,78741657000.0,1858608636726.926
llama3-8b_conv300,4536,78741657000.0,1858945286702.926
llama3-8b_conv300,4537,78741657000.0,1859281900838.926
llama3-8b_conv300,4538,78741657000.0,1859618580510.926
llama3-8b_conv300,4539,78741657000.0,1859955325718.926
llama3-8b_conv300,4540,78741657000.0,1860292172302.926
llama3-8b_conv300,4541,78741657000.0,1860629018886.926
llama3-8b_conv300,4542,78741657000.0,1860965865470.926
llama3-8b_conv300,4543,78741657000.0,1861302676214.926
llama3-8b_conv300,4544,78741657000.0,1861639588334.926
llama3-8b_conv300,4545,78741657000.0,1861976500454.926
llama3-8b_conv300,4546,78741657000.0,1862313412574.926
llama3-8b_conv300,4547,78741657000.0,1862650324694.926
llama3-8b_conv300,4548,78741657000.0,1862986399378.926
llama3-8b_conv300,4549,78741657000.0,1863322474062.926
llama3-8b_conv300,4550,78741657000.0,1863658548746.926
llama3-8b_conv300,4551,78741657000.0,1863994551750.926
llama3-8b_conv300,4552,78741657000.0,1864330757506.926
llama3-8b_conv300,4553,78741657000.0,1864666963262.926
llama3-8b_conv300,4554,79246030000.0,1870569928257.0632
llama3-8b_conv300,4555,79246030000.0,1870906709305.0632
llama3-8b_conv300,4556,79246030000.0,1871243454513.0632
llama3-8b_conv300,4557,79316404000.0,1871527370475.943
llama3-8b_conv300,4558,79316404000.0,1871815393702.823
llama3-8b_conv300,4559,79323080000.0,1875689653470.0745
llama3-8b_conv300,4560,79431406000.0,1875975430229.9543
llama3-8b_conv300,4561,79431406000.0,1876265399245.8342
llama3-8b_conv300,4562,79466727000.0,1876555960227.714
llama3-8b_conv300,4563,79466727000.0,1877128915945.714
llama3-8b_conv300,4564,79466727000.0,1877468471411.714
llama3-8b_conv300,4565,79466727000.0,1877808026877.714
llama3-8b_conv300,4566,79466727000.0,1878147582343.714
llama3-8b_conv300,4567,79466727000.0,1878487137809.714
llama3-8b_conv300,4568,79466727000.0,1878825655136.714
llama3-8b_conv300,4569,79466727000.0,1879164172463.714
llama3-8b_conv300,4570,79466727000.0,1879502689790.714
llama3-8b_conv300,4571,79466727000.0,1879841207117.714
llama3-8b_conv300,4572,79466727000.0,1880179724444.714
llama3-8b_conv300,4573,79466727000.0,1880518241771.714
llama3-8b_conv300,4574,79466727000.0,1880856759098.714
llama3-8b_conv300,4575,79466727000.0,1881193230701.714
llama3-8b_conv300,4576,79466727000.0,1881529702304.714
llama3-8b_conv300,4577,79466727000.0,1881866173907.714
llama3-8b_conv300,4578,79466727000.0,1882202714118.714
llama3-8b_conv300,4579,79788963000.0,1884858773083.137
llama3-8b_conv300,4580,79817387000.0,1885143334449.0168
llama3-8b_conv300,4581,79817387000.0,1885431877126.8967
llama3-8b_conv300,4582,79817387000.0,1890243770501.548
llama3-8b_conv300,4583,79817387000.0,1890582706251.548
llama3-8b_conv300,4584,79817387000.0,1890921642001.548
llama3-8b_conv300,4585,79817387000.0,1891260577751.548
llama3-8b_conv300,4586,79817387000.0,1891599513501.548
llama3-8b_conv300,4587,79996058000.0,1891884969938.428
llama3-8b_conv300,4588,79996058000.0,1892174399495.3079
llama3-8b_conv300,4589,79996058000.0,1893188416907.3079
llama3-8b_conv300,4590,79996058000.0,1893528259725.3079
llama3-8b_conv300,4591,79996058000.0,1893868102543.3079
llama3-8b_conv300,4592,79996058000.0,1894207909521.3079
llama3-8b_conv300,4593,79996058000.0,1894547782035.3079
llama3-8b_conv300,4594,79996058000.0,1894887720085.3079
llama3-8b_conv300,4595,79996058000.0,1895227759511.3079
llama3-8b_conv300,4596,80182683000.0,1895514176554.1877
llama3-8b_conv300,4597,80182683000.0,1895804558525.0676
llama3-8b_conv300,4598,80182683000.0,1896190036090.0676
llama3-8b_conv300,4599,80182683000.0,1896530917015.0676
llama3-8b_conv300,4600,80182683000.0,1896871797940.0676
llama3-8b_conv300,4601,80182683000.0,1897212678865.0676
llama3-8b_conv300,4602,80182683000.0,1897553559790.0676
llama3-8b_conv300,4603,80182683000.0,1897893337072.0676
llama3-8b_conv300,4604,80182683000.0,1898233114354.0676
llama3-8b_conv300,4605,80182683000.0,1898572891636.0676
llama3-8b_conv300,4606,80182683000.0,1898912668918.0676
llama3-8b_conv300,4607,80396777000.0,1899198823816.9475
llama3-8b_conv300,4608,80396777000.0,1899488943643.8274
llama3-8b_conv300,4609,80421214000.0,1899777188621.7073
llama3-8b_conv300,4610,80421214000.0,1900066148351.5872
llama3-8b_conv300,4611,80421214000.0,1904866901671.1814
llama3-8b_conv300,4612,80421214000.0,1905207635140.1814
llama3-8b_conv300,4613,80421214000.0,1905546262666.1814
llama3-8b_conv300,4614,80421214000.0,1905884890192.1814
llama3-8b_conv300,4615,80421214000.0,1906223517718.1814
llama3-8b_conv300,4616,80421214000.0,1906562145244.1814
llama3-8b_conv300,4617,80421214000.0,1906899734630.1814
llama3-8b_conv300,4618,80421214000.0,1907237324016.1814
llama3-8b_conv300,4619,80421214000.0,1907574913402.1814
llama3-8b_conv300,4620,80421214000.0,1907912502788.1814
llama3-8b_conv300,4621,80421214000.0,1908250092174.1814
llama3-8b_conv300,4622,80421214000.0,1908587681560.1814
llama3-8b_conv300,4623,80421214000.0,1908925270946.1814
llama3-8b_conv300,4624,80421214000.0,1909262860332.1814
llama3-8b_conv300,4625,80421214000.0,1909599346043.1814
llama3-8b_conv300,4626,80421214000.0,1909935831754.1814
llama3-8b_conv300,4627,80421214000.0,1910272317465.1814
llama3-8b_conv300,4628,80421214000.0,1910608803176.1814
llama3-8b_conv300,4629,80421214000.0,1910945288887.1814
llama3-8b_conv300,4630,80421214000.0,1911279873258.1814
llama3-8b_conv300,4631,80421214000.0,1911614559005.1814
llama3-8b_conv300,4632,80421214000.0,1911949244752.1814
llama3-8b_conv300,4633,80895356000.0,1912231606378.0613
llama3-8b_conv300,4634,80895356000.0,1915206324812.5127
llama3-8b_conv300,4635,80895356000.0,1915542679451.5127
llama3-8b_conv300,4636,80895356000.0,1915879034090.5127
llama3-8b_conv300,4637,80895356000.0,1916215352889.5127
llama3-8b_conv300,4638,80895356000.0,1916551773064.5127
llama3-8b_conv300,4639,80895356000.0,1916888193239.5127
llama3-8b_conv300,4640,80895356000.0,1917224698406.5127
llama3-8b_conv300,4641,80895356000.0,1917561203573.5127
llama3-8b_conv300,4642,80895356000.0,1917897708740.5127
llama3-8b_conv300,4643,80895356000.0,1918234178067.5127
llama3-8b_conv300,4644,80895356000.0,1918570748770.5127
llama3-8b_conv300,4645,80895356000.0,1918907283633.5127
llama3-8b_conv300,4646,80895356000.0,1919243919872.5127
llama3-8b_conv300,4647,81144872000.0,1919527362936.3926
llama3-8b_conv300,4648,81144872000.0,1919814795504.2725
llama3-8b_conv300,4649,81144872000.0,1923606386721.1238
llama3-8b_conv300,4650,81144872000.0,1923943995563.1238
llama3-8b_conv300,4651,81144872000.0,1924281604405.1238
llama3-8b_conv300,4652,81144872000.0,1924619213247.1238
llama3-8b_conv300,4653,81144872000.0,1924956822089.1238
llama3-8b_conv300,4654,81144872000.0,1925294430931.1238
llama3-8b_conv300,4655,81144872000.0,1925631968093.1238
llama3-8b_conv300,4656,81144872000.0,1925969708007.1238
llama3-8b_conv300,4657,81144872000.0,1926307412081.1238
llama3-8b_conv300,4658,81144872000.0,1926644638144.1238
llama3-8b_conv300,4659,81144872000.0,1926980654067.1238
llama3-8b_conv300,4660,81144872000.0,1927316669990.1238
llama3-8b_conv300,4661,81144872000.0,1927652685913.1238
llama3-8b_conv300,4662,81144872000.0,1927988701836.1238
llama3-8b_conv300,4663,81144872000.0,1928324717759.1238
llama3-8b_conv300,4664,81144872000.0,1928660733682.1238
llama3-8b_conv300,4665,81144872000.0,1928996749605.1238
llama3-8b_conv300,4666,81144872000.0,1929332729688.1238
llama3-8b_conv300,4667,81144872000.0,1929668811147.1238
llama3-8b_conv300,4668,81144872000.0,1930004892606.1238
llama3-8b_conv300,4669,81144872000.0,1930340974065.1238
llama3-8b_conv300,4670,81144872000.0,1930677055524.1238
llama3-8b_conv300,4671,81144872000.0,1931013029463.1238
llama3-8b_conv300,4672,81144872000.0,1931349062991.1238
llama3-8b_conv300,4673,81144872000.0,1931685096519.1238
llama3-8b_conv300,4674,81144872000.0,1932021130047.1238
llama3-8b_conv300,4675,81144872000.0,1932357127735.1238
llama3-8b_conv300,4676,81144872000.0,1932693226799.1238
llama3-8b_conv300,4677,81144872000.0,1933029325863.1238
llama3-8b_conv300,4678,81628783000.0,1933312513762.0037
llama3-8b_conv300,4679,81628783000.0,1933599671708.8835
llama3-8b_conv300,4680,81628783000.0,1938337504303.1921
llama3-8b_conv300,4681,81628783000.0,1938674702946.1921
llama3-8b_conv300,4682,81628783000.0,1939011901589.1921
llama3-8b_conv300,4683,81628783000.0,1939349100232.1921
llama3-8b_conv300,4684,81628783000.0,1939686263035.1921
llama3-8b_conv300,4685,81628783000.0,1940023491374.1921
llama3-8b_conv300,4686,81628783000.0,1940360821089.1921
llama3-8b_conv300,4687,81628783000.0,1940698150804.1921
llama3-8b_conv300,4688,81628783000.0,1941035444679.1921
llama3-8b_conv300,4689,81628783000.0,1941372839930.1921
llama3-8b_conv300,4690,81628783000.0,1941710235181.1921
llama3-8b_conv300,4691,81628783000.0,1942047120677.1921
llama3-8b_conv300,4692,81628783000.0,1942383496417.1921
llama3-8b_conv300,4693,81628783000.0,1942719872157.1921
llama3-8b_conv300,4694,81628783000.0,1943056247897.1921
llama3-8b_conv300,4695,81628783000.0,1943392587797.1921
llama3-8b_conv300,4696,81628783000.0,1943729029073.1921
llama3-8b_conv300,4697,81628783000.0,1944065470349.1921
llama3-8b_conv300,4698,81628783000.0,1944401911625.1921
llama3-8b_conv300,4699,81628783000.0,1944737253353.1921
llama3-8b_conv300,4700,81628783000.0,1945072595081.1921
llama3-8b_conv300,4701,81628783000.0,1945407936809.1921
llama3-8b_conv300,4702,81628783000.0,1945743278537.1921
llama3-8b_conv300,4703,81628783000.0,1946078620265.1921
llama3-8b_conv300,4704,82066092000.0,1946360314888.072
llama3-8b_conv300,4705,82066092000.0,1946646039974.952
llama3-8b_conv300,4706,82109910000.0,1946928125860.8318
llama3-8b_conv300,4707,82109910000.0,1947213728162.7117
llama3-8b_conv300,4708,82109910000.0,1947639459806.7117
llama3-8b_conv300,4709,82109910000.0,1947975442330.7117
llama3-8b_conv300,4710,82109910000.0,1948311424854.7117
llama3-8b_conv300,4711,82109910000.0,1948647407378.7117
llama3-8b_conv300,4712,82109910000.0,1948983389902.7117
llama3-8b_conv300,4713,82109910000.0,1949319372426.7117
llama3-8b_conv300,4714,82109910000.0,1949654255402.7117
llama3-8b_conv300,4715,82109910000.0,1949989138378.7117
llama3-8b_conv300,4716,82109910000.0,1950323985514.7117
llama3-8b_conv300,4717,82109910000.0,1950658934026.7117
llama3-8b_conv300,4718,82109910000.0,1950993882538.7117
llama3-8b_conv300,4719,82109910000.0,1951328831050.7117
llama3-8b_conv300,4720,82109910000.0,1951663779562.7117
llama3-8b_conv300,4721,82413633000.0,1951946067176.5916
llama3-8b_conv300,4722,82413633000.0,1952232442598.4714
llama3-8b_conv300,4723,82497749000.0,1952516201795.3513
llama3-8b_conv300,4724,82497749000.0,1952802426784.2312
llama3-8b_conv300,4725,82497749000.0,1956507617682.6826
llama3-8b_conv300,4726,82497749000.0,1956844503178.6826
llama3-8b_conv300,4727,82497749000.0,1957181388674.6826
llama3-8b_conv300,4728,82497749000.0,1957518274170.6826
llama3-8b_conv300,4729,82497749000.0,1957855159666.6826
llama3-8b_conv300,4730,82497749000.0,1958192045162.6826
llama3-8b_conv300,4731,82497749000.0,1958528930658.6826
llama3-8b_conv300,4732,82497749000.0,1958865816154.6826
llama3-8b_conv300,4733,82497749000.0,1959202701650.6826
llama3-8b_conv300,4734,82497749000.0,1959539587146.6826
llama3-8b_conv300,4735,82497749000.0,1959876472642.6826
llama3-8b_conv300,4736,82497749000.0,1960213358138.6826
llama3-8b_conv300,4737,82497749000.0,1960550243634.6826
llama3-8b_conv300,4738,82497749000.0,1960887129130.6826
llama3-8b_conv300,4739,82497749000.0,1961224014626.6826
llama3-8b_conv300,4740,82497749000.0,1961560900122.6826
llama3-8b_conv300,4741,82497749000.0,1961897785618.6826
llama3-8b_conv300,4742,82497749000.0,1962234671114.6826
llama3-8b_conv300,4743,82497749000.0,1962571556610.6826
llama3-8b_conv300,4744,82497749000.0,1962907342526.6826
llama3-8b_conv300,4745,82497749000.0,1963243128442.6826
llama3-8b_conv300,4746,82497749000.0,1963578914358.6826
llama3-8b_conv300,4747,82497749000.0,1963914700274.6826
llama3-8b_conv300,4748,82919064000.0,1964197718095.5625
llama3-8b_conv300,4749,82919064000.0,1964484749996.4424
llama3-8b_conv300,4750,82919064000.0,1965547321587.4424
llama3-8b_conv300,4751,82919064000.0,1965882875055.4424
llama3-8b_conv300,4752,82919064000.0,1966218529899.4424
llama3-8b_conv300,4753,82919064000.0,1966554184743.4424
llama3-8b_conv300,4754,82919064000.0,1966889803747.4424
llama3-8b_conv300,4755,82919064000.0,1967225524127.4424
llama3-8b_conv300,4756,82919064000.0,1967561244507.4424
llama3-8b_conv300,4757,82919064000.0,1967896964887.4424
llama3-8b_conv300,4758,82919064000.0,1968232649427.4424
llama3-8b_conv300,4759,82919064000.0,1968568435343.4424
llama3-8b_conv300,4760,82919064000.0,1968904221259.4424
llama3-8b_conv300,4761,82919064000.0,1969239971335.4424
llama3-8b_conv300,4762,82919064000.0,1969575822787.4424
llama3-8b_conv300,4763,82919064000.0,1969911674239.4424
llama3-8b_conv300,4764,82919064000.0,1970247525691.4424
llama3-8b_conv300,4765,82919064000.0,1970583377143.4424
llama3-8b_conv300,4766,82919064000.0,1970918129047.4424
llama3-8b_conv300,4767,82919064000.0,1971252880951.4424
llama3-8b_conv300,4768,82919064000.0,1971587632855.4424
llama3-8b_conv300,4769,82919064000.0,1971922384759.4424
llama3-8b_conv300,4770,82919064000.0,1972257100823.4424
llama3-8b_conv300,4771,82919064000.0,1972591882423.4424
llama3-8b_conv300,4772,82919064000.0,1972926765399.4424
llama3-8b_conv300,4773,82919064000.0,1973261612535.4424
llama3-8b_conv300,4774,82919064000.0,1973596561047.4424
llama3-8b_conv300,4775,82919064000.0,1973931509559.4424
llama3-8b_conv300,4776,82919064000.0,1974266458071.4424
llama3-8b_conv300,4777,82919064000.0,1974601406583.4424
llama3-8b_conv300,4778,82919064000.0,1974936355095.4424
llama3-8b_conv300,4779,82919064000.0,1975271303607.4424
llama3-8b_conv300,4780,82919064000.0,1975606252119.4424
llama3-8b_conv300,4781,82919064000.0,1975941164791.4424
llama3-8b_conv300,4782,82919064000.0,1976276178839.4424
llama3-8b_conv300,4783,82919064000.0,1976611157047.4424
llama3-8b_conv300,4784,82919064000.0,1976945726876.4424
llama3-8b_conv300,4785,82919064000.0,1977279161285.4424
llama3-8b_conv300,4786,82919064000.0,1977612697070.4424
llama3-8b_conv300,4787,82919064000.0,1977946232855.4424
llama3-8b_conv300,4788,82919064000.0,1978279768640.4424
llama3-8b_conv300,4789,82919064000.0,1978613304425.4424
llama3-8b_conv300,4790,82919064000.0,1978946840210.4424
llama3-8b_conv300,4791,82919064000.0,1979280375995.4424
llama3-8b_conv300,4792,82919064000.0,1979613911780.4424
llama3-8b_conv300,4793,82919064000.0,1979947447565.4424
llama3-8b_conv300,4794,82919064000.0,1980280983350.4424
llama3-8b_conv300,4795,82919064000.0,1980614519135.4424
llama3-8b_conv300,4796,82919064000.0,1980948054920.4424
llama3-8b_conv300,4797,82919064000.0,1981280425590.4424
llama3-8b_conv300,4798,82919064000.0,1981612796260.4424
llama3-8b_conv300,4799,82919064000.0,1981945131090.4424
llama3-8b_conv300,4800,82919064000.0,1982276992036.4424
llama3-8b_conv300,4801,82919064000.0,1982608852982.4424
llama3-8b_conv300,4802,82919064000.0,1982940713928.4424
llama3-8b_conv300,4803,82919064000.0,1983272574874.4424
llama3-8b_conv300,4804,83735745000.0,1983552383006.3223
llama3-8b_conv300,4805,83735745000.0,1983836246178.2021
llama3-8b_conv300,4806,83797671000.0,1984117225860.082
llama3-8b_conv300,4807,83797671000.0,1984401840741.962
llama3-8b_conv300,4808,83797671000.0,1986878660043.3848
llama3-8b_conv300,4809,83797671000.0,1987212326900.3848
llama3-8b_conv300,4810,83797671000.0,1987545993757.3848
llama3-8b_conv300,4811,83797671000.0,1987879660614.3848
llama3-8b_conv300,4812,83797671000.0,1988213255791.3848
llama3-8b_conv300,4813,83797671000.0,1988547053720.3848
llama3-8b_conv300,4814,83797671000.0,1988880851649.3848
llama3-8b_conv300,4815,84029102000.0,1989412228470.2075
llama3-8b_conv300,4816,84029102000.0,1989746434779.2075
llama3-8b_conv300,4817,84029102000.0,1990080742464.2075
llama3-8b_conv300,4818,84029102000.0,1990415050149.2075
llama3-8b_conv300,4819,84029102000.0,1990749357834.2075
llama3-8b_conv300,4820,84029102000.0,1991083665519.2075
llama3-8b_conv300,4821,84029102000.0,1991417973204.2075
llama3-8b_conv300,4822,84029102000.0,1991751145469.2075
llama3-8b_conv300,4823,84029102000.0,1992084383270.2075
llama3-8b_conv300,4824,84029102000.0,1992417722447.2075
llama3-8b_conv300,4825,84029102000.0,1992751061624.2075
llama3-8b_conv300,4826,84029102000.0,1993084400801.2075
llama3-8b_conv300,4827,84029102000.0,1993417739978.2075
llama3-8b_conv300,4828,84029102000.0,1993751079155.2075
llama3-8b_conv300,4829,84029102000.0,1994084418332.2075
llama3-8b_conv300,4830,84029102000.0,1994417757509.2075
llama3-8b_conv300,4831,84029102000.0,1994751096686.2075
llama3-8b_conv300,4832,84029102000.0,1995084435863.2075
llama3-8b_conv300,4833,84029102000.0,1995417775040.2075
llama3-8b_conv300,4834,84029102000.0,1995751042537.2075
llama3-8b_conv300,4835,84029102000.0,1996084512786.2075
llama3-8b_conv300,4836,84029102000.0,1996417983035.2075
llama3-8b_conv300,4837,84029102000.0,1996751453284.2075
llama3-8b_conv300,4838,84029102000.0,1997084923533.2075
llama3-8b_conv300,4839,84029102000.0,1997418393782.2075
llama3-8b_conv300,4840,84029102000.0,1997751864031.2075
llama3-8b_conv300,4841,84029102000.0,1998085334280.2075
llama3-8b_conv300,4842,84029102000.0,1998418804529.2075
llama3-8b_conv300,4843,84029102000.0,1998752274778.2075
llama3-8b_conv300,4844,84029102000.0,1999085709187.2075
llama3-8b_conv300,4845,84029102000.0,1999419244972.2075
llama3-8b_conv300,4846,84029102000.0,1999752780757.2075
llama3-8b_conv300,4847,84029102000.0,2000086316542.2075
llama3-8b_conv300,4848,84029102000.0,2000419852327.2075
llama3-8b_conv300,4849,84029102000.0,2000752252693.2075
llama3-8b_conv300,4850,84029102000.0,2001084718595.2075
llama3-8b_conv300,4851,84029102000.0,2001417285873.2075
llama3-8b_conv300,4852,84029102000.0,2001749853151.2075
llama3-8b_conv300,4853,84029102000.0,2002082420429.2075
llama3-8b_conv300,4854,84029102000.0,2002414987707.2075
llama3-8b_conv300,4855,84029102000.0,2002747554985.2075
llama3-8b_conv300,4856,84029102000.0,2003080122263.2075
llama3-8b_conv300,4857,84029102000.0,2003412689541.2075
llama3-8b_conv300,4858,84029102000.0,2003745220979.2075
llama3-8b_conv300,4859,84029102000.0,2004077853793.2075
llama3-8b_conv300,4860,84029102000.0,2004409321523.2075
llama3-8b_conv300,4861,84029102000.0,2004740789253.2075
llama3-8b_conv300,4862,84029102000.0,2005072256983.2075
llama3-8b_conv300,4863,84029102000.0,2005403724713.2075
llama3-8b_conv300,4864,84029102000.0,2005735192443.2075
llama3-8b_conv300,4865,84029102000.0,2006066660173.2075
llama3-8b_conv300,4866,84029102000.0,2006398127903.2075
llama3-8b_conv300,4867,84029102000.0,2006729595633.2075
llama3-8b_conv300,4868,84029102000.0,2007061063363.2075
llama3-8b_conv300,4869,84029102000.0,2007392531093.2075
llama3-8b_conv300,4870,84029102000.0,2007723998823.2075
llama3-8b_conv300,4871,84029102000.0,2008055466553.2075
llama3-8b_conv300,4872,84029102000.0,2008386934283.2075
llama3-8b_conv300,4873,84029102000.0,2008718402013.2075
llama3-8b_conv300,4874,84029102000.0,2009049869743.2075
llama3-8b_conv300,4875,84029102000.0,2009381337473.2075
llama3-8b_conv300,4876,84029102000.0,2009712805203.2075
llama3-8b_conv300,4877,84029102000.0,2010044272933.2075
llama3-8b_conv300,4878,84029102000.0,2010375740663.2075
llama3-8b_conv300,4879,84029102000.0,2010707172553.2075
llama3-8b_conv300,4880,84029102000.0,2011038705819.2075
llama3-8b_conv300,4881,84029102000.0,2011370239085.2075
llama3-8b_conv300,4882,84029102000.0,2011701736511.2075
llama3-8b_conv300,4883,84029102000.0,2012033335313.2075
llama3-8b_conv300,4884,84029102000.0,2012363733415.2075
llama3-8b_conv300,4885,84029102000.0,2012694232893.2075
llama3-8b_conv300,4886,84029102000.0,2013024732371.2075
llama3-8b_conv300,4887,84029102000.0,2013355231849.2075
llama3-8b_conv300,4888,84029102000.0,2013685731327.2075
llama3-8b_conv300,4889,84029102000.0,2014016230805.2075
llama3-8b_conv300,4890,84029102000.0,2014346730283.2075
llama3-8b_conv300,4891,84029102000.0,2014677229761.2075
llama3-8b_conv300,4892,84029102000.0,2015007729239.2075
llama3-8b_conv300,4893,84029102000.0,2015338228717.2075
llama3-8b_conv300,4894,84029102000.0,2015668728195.2075
llama3-8b_conv300,4895,84029102000.0,2015999227673.2075
llama3-8b_conv300,4896,84029102000.0,2016329727151.2075
llama3-8b_conv300,4897,84029102000.0,2016660226629.2075
llama3-8b_conv300,4898,84029102000.0,2016990726107.2075
llama3-8b_conv300,4899,84029102000.0,2017321189745.2075
llama3-8b_conv300,4900,84029102000.0,2017651754759.2075
llama3-8b_conv300,4901,84029102000.0,2017982283933.2075
llama3-8b_conv300,4902,84029102000.0,2018312914483.2075
llama3-8b_conv300,4903,84029102000.0,2018643545033.2075
llama3-8b_conv300,4904,84029102000.0,2018974175583.2075
llama3-8b_conv300,4905,84029102000.0,2019304806133.2075
llama3-8b_conv300,4906,84029102000.0,2019635436683.2075
llama3-8b_conv300,4907,84029102000.0,2019966067233.2075
llama3-8b_conv300,4908,84029102000.0,2020296697783.2075
llama3-8b_conv300,4909,84029102000.0,2020627292493.2075
llama3-8b_conv300,4910,84029102000.0,2020957988579.2075
llama3-8b_conv300,4911,84029102000.0,2021288684665.2075
llama3-8b_conv300,4912,84029102000.0,2021619380751.2075
llama3-8b_conv300,4913,84029102000.0,2021950076837.2075
llama3-8b_conv300,4914,84029102000.0,2022280772923.2075
llama3-8b_conv300,4915,84029102000.0,2022611469009.2075
llama3-8b_conv300,4916,84029102000.0,2022942165095.2075
llama3-8b_conv300,4917,84029102000.0,2023272861181.2075
llama3-8b_conv300,4918,84029102000.0,2023603557267.2075
llama3-8b_conv300,4919,84029102000.0,2023934253353.2075
llama3-8b_conv300,4920,84029102000.0,2024264949439.2075
llama3-8b_conv300,4921,84029102000.0,2024595645525.2075
llama3-8b_conv300,4922,84029102000.0,2024926341611.2075
llama3-8b_conv300,4923,84029102000.0,2025257037697.2075
llama3-8b_conv300,4924,84029102000.0,2025587733783.2075
llama3-8b_conv300,4925,84029102000.0,2025918429869.2075
llama3-8b_conv300,4926,84029102000.0,2026249125955.2075
llama3-8b_conv300,4927,84029102000.0,2026579786201.2075
llama3-8b_conv300,4928,84029102000.0,2026910547823.2075
llama3-8b_conv300,4929,84029102000.0,2027241309445.2075
llama3-8b_conv300,4930,84029102000.0,2027572071067.2075
llama3-8b_conv300,4931,84029102000.0,2027902832689.2075
llama3-8b_conv300,4932,84029102000.0,2028233594311.2075
llama3-8b_conv300,4933,84029102000.0,2028564355933.2075
llama3-8b_conv300,4934,84029102000.0,2028895117555.2075
llama3-8b_conv300,4935,84029102000.0,2029225879177.2075
llama3-8b_conv300,4936,84029102000.0,2029556640799.2075
llama3-8b_conv300,4937,84029102000.0,2029887402421.2075
llama3-8b_conv300,4938,84029102000.0,2030218164043.2075
llama3-8b_conv300,4939,84029102000.0,2030548925665.2075
llama3-8b_conv300,4940,84029102000.0,2030879615607.2075
llama3-8b_conv300,4941,84029102000.0,2031210508301.2075
llama3-8b_conv300,4942,84029102000.0,2031541400995.2075
llama3-8b_conv300,4943,84029102000.0,2031872293689.2075
llama3-8b_conv300,4944,84029102000.0,2032203186383.2075
llama3-8b_conv300,4945,84029102000.0,2032534079077.2075
llama3-8b_conv300,4946,84029102000.0,2032864971771.2075
llama3-8b_conv300,4947,84029102000.0,2033195864465.2075
llama3-8b_conv300,4948,84029102000.0,2033526757159.2075
llama3-8b_conv300,4949,84029102000.0,2033857649853.2075
llama3-8b_conv300,4950,84029102000.0,2034188506707.2075
llama3-8b_conv300,4951,84029102000.0,2034519429097.2075
llama3-8b_conv300,4952,84029102000.0,2034850452863.2075
llama3-8b_conv300,4953,84029102000.0,2035181476629.2075
llama3-8b_conv300,4954,84029102000.0,2035512500395.2075
llama3-8b_conv300,4955,84029102000.0,2035843524161.2075
llama3-8b_conv300,4956,84029102000.0,2036174547927.2075
llama3-8b_conv300,4957,84029102000.0,2036505571693.2075
llama3-8b_conv300,4958,84029102000.0,2036836595459.2075
llama3-8b_conv300,4959,84029102000.0,2037167619225.2075
llama3-8b_conv300,4960,84029102000.0,2037498642991.2075
llama3-8b_conv300,4961,84029102000.0,2037829666757.2075
llama3-8b_conv300,4962,84029102000.0,2038160618843.2075
llama3-8b_conv300,4963,84029102000.0,2038491773681.2075
llama3-8b_conv300,4964,84029102000.0,2038822928519.2075
llama3-8b_conv300,4965,84029102000.0,2039154083357.2075
llama3-8b_conv300,4966,84029102000.0,2039485238195.2075
llama3-8b_conv300,4967,84029102000.0,2039816393033.2075
llama3-8b_conv300,4968,84029102000.0,2040147547871.2075
llama3-8b_conv300,4969,84029102000.0,2040478702709.2075
llama3-8b_conv300,4970,84029102000.0,2040808758960.2075
llama3-8b_conv300,4971,84029102000.0,2041138815211.2075
llama3-8b_conv300,4972,84029102000.0,2041468835622.2075
llama3-8b_conv300,4973,84029102000.0,2041798957409.2075
llama3-8b_conv300,4974,84029102000.0,2042129079196.2075
llama3-8b_conv300,4975,84029102000.0,2042459200983.2075
llama3-8b_conv300,4976,84029102000.0,2042789322770.2075
llama3-8b_conv300,4977,84029102000.0,2043119444557.2075
llama3-8b_conv300,4978,84029102000.0,2043449530504.2075
llama3-8b_conv300,4979,84029102000.0,2043779717827.2075
llama3-8b_conv300,4980,84029102000.0,2044109905150.2075
llama3-8b_conv300,4981,84029102000.0,2044440092473.2075
llama3-8b_conv300,4982,84029102000.0,2044770279796.2075
llama3-8b_conv300,4983,84029102000.0,2045099368531.2075
llama3-8b_conv300,4984,84029102000.0,2045428457266.2075
llama3-8b_conv300,4985,84029102000.0,2045757546001.2075
llama3-8b_conv300,4986,84029102000.0,2046086598896.2075
llama3-8b_conv300,4987,84029102000.0,2046415753167.2075
llama3-8b_conv300,4988,84029102000.0,2046744907438.2075
llama3-8b_conv300,4989,84029102000.0,2047074061709.2075
llama3-8b_conv300,4990,84029102000.0,2047403215980.2075
llama3-8b_conv300,4991,84029102000.0,2047732370251.2075
llama3-8b_conv300,4992,84029102000.0,2048061524522.2075
llama3-8b_conv300,4993,84029102000.0,2048390678793.2075
llama3-8b_conv300,4994,84029102000.0,2048719833064.2075
llama3-8b_conv300,4995,84029102000.0,2049048987335.2075
llama3-8b_conv300,4996,84029102000.0,2049378141606.2075
llama3-8b_conv300,4997,84029102000.0,2049707295877.2075
llama3-8b_conv300,4998,83797671000.0,2050035875848.2075
llama3-8b_conv300,4999,83797671000.0,2050364455819.2075
llama3-8b_conv300,5000,83797671000.0,2050693035790.2075
llama3-8b_conv300,5001,83797671000.0,2051021615761.2075
llama3-8b_conv300,5002,83797671000.0,2051350195732.2075
llama3-8b_conv300,5003,83797671000.0,2051678775703.2075
llama3-8b_conv300,5004,83797671000.0,2052007355674.2075
llama3-8b_conv300,5005,83797671000.0,2052335935645.2075
llama3-8b_conv300,5006,83797671000.0,2052664515616.2075
llama3-8b_conv300,5007,83797671000.0,2052993059747.2075
llama3-8b_conv300,5008,83797671000.0,2053321705254.2075
llama3-8b_conv300,5009,83797671000.0,2053649252174.2075
llama3-8b_conv300,5010,83797671000.0,2053976763254.2075
llama3-8b_conv300,5011,83797671000.0,2054304375710.2075
llama3-8b_conv300,5012,83797671000.0,2054631952326.2075
llama3-8b_conv300,5013,83797671000.0,2054959630318.2075
llama3-8b_conv300,5014,83797671000.0,2055287308310.2075
llama3-8b_conv300,5015,83797671000.0,2055614986302.2075
llama3-8b_conv300,5016,83797671000.0,2055942664294.2075
llama3-8b_conv300,5017,83797671000.0,2056270342286.2075
llama3-8b_conv300,5018,83797671000.0,2056598020278.2075
llama3-8b_conv300,5019,83797671000.0,2056925698270.2075
llama3-8b_conv300,5020,83797671000.0,2057253376262.2075
llama3-8b_conv300,5021,83797671000.0,2057581054254.2075
llama3-8b_conv300,5022,83797671000.0,2057908732246.2075
llama3-8b_conv300,5023,83797671000.0,2058236410238.2075
llama3-8b_conv300,5024,83797671000.0,2058564088230.2075
llama3-8b_conv300,5025,83797671000.0,2058891766222.2075
llama3-8b_conv300,5026,83797671000.0,2059219444214.2075
llama3-8b_conv300,5027,83797671000.0,2059547086366.2075
llama3-8b_conv300,5028,83797671000.0,2059874829894.2075
llama3-8b_conv300,5029,83797671000.0,2060202573422.2075
llama3-8b_conv300,5030,83797671000.0,2060530316950.2075
llama3-8b_conv300,5031,83797671000.0,2060858060478.2075
llama3-8b_conv300,5032,83797671000.0,2061185804006.2075
llama3-8b_conv300,5033,83797671000.0,2061513547534.2075
llama3-8b_conv300,5034,83797671000.0,2061841291062.2075
llama3-8b_conv300,5035,83797671000.0,2062169034590.2075
llama3-8b_conv300,5036,83797671000.0,2062496778118.2075
llama3-8b_conv300,5037,83797671000.0,2062824485806.2075
llama3-8b_conv300,5038,83797671000.0,2063152294870.2075
llama3-8b_conv300,5039,83797671000.0,2063480103934.2075
llama3-8b_conv300,5040,83797671000.0,2063805974730.2075
llama3-8b_conv300,5041,83797671000.0,2064131845526.2075
llama3-8b_conv300,5042,83797671000.0,2064457716322.2075
llama3-8b_conv300,5043,83797671000.0,2064783587118.2075
llama3-8b_conv300,5044,83797671000.0,2065109457914.2075
llama3-8b_conv300,5045,83797671000.0,2065435328710.2075
llama3-8b_conv300,5046,83797671000.0,2065761199506.2075
llama3-8b_conv300,5047,83797671000.0,2066087070302.2075
llama3-8b_conv300,5048,83797671000.0,2066412941098.2075
llama3-8b_conv300,5049,83797671000.0,2066738811894.2075
llama3-8b_conv300,5050,83797671000.0,2067063522663.2075
llama3-8b_conv300,5051,83797671000.0,2067388233432.2075
llama3-8b_conv300,5052,83797671000.0,2067712944201.2075
llama3-8b_conv300,5053,83797671000.0,2068037654970.2075
llama3-8b_conv300,5054,83797671000.0,2068362365739.2075
llama3-8b_conv300,5055,83797671000.0,2068687040668.2075
llama3-8b_conv300,5056,83797671000.0,2069011816973.2075
llama3-8b_conv300,5057,83797671000.0,2069336593278.2075
llama3-8b_conv300,5058,83797671000.0,2069661369583.2075
llama3-8b_conv300,5059,83797671000.0,2069986145888.2075
llama3-8b_conv300,5060,83797671000.0,2070310922193.2075
llama3-8b_conv300,5061,83797671000.0,2070635698498.2075
llama3-8b_conv300,5062,83797671000.0,2070960474803.2075
llama3-8b_conv300,5063,83797671000.0,2071285251108.2075
llama3-8b_conv300,5064,83797671000.0,2071610027413.2075
llama3-8b_conv300,5065,83797671000.0,2071934803718.2075
llama3-8b_conv300,5066,83797671000.0,2072259580023.2075
llama3-8b_conv300,5067,83797671000.0,2072584356328.2075
llama3-8b_conv300,5068,83797671000.0,2072909096793.2075
llama3-8b_conv300,5069,83797671000.0,2073233938634.2075
llama3-8b_conv300,5070,83797671000.0,2073558780475.2075
llama3-8b_conv300,5071,83797671000.0,2073883622316.2075
llama3-8b_conv300,5072,83797671000.0,2074208464157.2075
llama3-8b_conv300,5073,83797671000.0,2074533305998.2075
llama3-8b_conv300,5074,83797671000.0,2074858147839.2075
llama3-8b_conv300,5075,83797671000.0,2075182989680.2075
llama3-8b_conv300,5076,83797671000.0,2075507831521.2075
llama3-8b_conv300,5077,83797671000.0,2075832673362.2075
llama3-8b_conv300,5078,83797671000.0,2076157479363.2075
llama3-8b_conv300,5079,83797671000.0,2076481357784.2075
llama3-8b_conv300,5080,83797671000.0,2076805236205.2075
llama3-8b_conv300,5081,83797671000.0,2077129114626.2075
llama3-8b_conv300,5082,83797671000.0,2077452993047.2075
llama3-8b_conv300,5083,83797671000.0,2077775908048.2075
llama3-8b_conv300,5084,83797671000.0,2078098823049.2075
llama3-8b_conv300,5085,83797671000.0,2078421738050.2075
llama3-8b_conv300,5086,83797671000.0,2078744653051.2075
llama3-8b_conv300,5087,83797671000.0,2079067568052.2075
llama3-8b_conv300,5088,83797671000.0,2079390483053.2075
llama3-8b_conv300,5089,83797671000.0,2079713398054.2075
llama3-8b_conv300,5090,83797671000.0,2080036313055.2075
llama3-8b_conv300,5091,83797671000.0,2080359228056.2075
llama3-8b_conv300,5092,83797671000.0,2080682143057.2075
llama3-8b_conv300,5093,83797671000.0,2081005058058.2075
llama3-8b_conv300,5094,83797671000.0,2081327973059.2075
llama3-8b_conv300,5095,83797671000.0,2081650888060.2075
llama3-8b_conv300,5096,83797671000.0,2081973803061.2075
llama3-8b_conv300,5097,83797671000.0,2082296718062.2075
llama3-8b_conv300,5098,83797671000.0,2082619633063.2075
llama3-8b_conv300,5099,83797671000.0,2082942548064.2075
llama3-8b_conv300,5100,83797671000.0,2083265463065.2075
llama3-8b_conv300,5101,83797671000.0,2083588378066.2075
llama3-8b_conv300,5102,83797671000.0,2083911293067.2075
llama3-8b_conv300,5103,83797671000.0,2084234208068.2075
llama3-8b_conv300,5104,83797671000.0,2084556028578.2075
llama3-8b_conv300,5105,83797671000.0,2084877849088.2075
llama3-8b_conv300,5106,83797671000.0,2085199633758.2075
llama3-8b_conv300,5107,83797671000.0,2085521519804.2075
llama3-8b_conv300,5108,83797671000.0,2085843405850.2075
llama3-8b_conv300,5109,83797671000.0,2086165291896.2075
llama3-8b_conv300,5110,83797671000.0,2086487177942.2075
llama3-8b_conv300,5111,83797671000.0,2086809063988.2075
llama3-8b_conv300,5112,83797671000.0,2087130950034.2075
llama3-8b_conv300,5113,83797671000.0,2087452836080.2075
llama3-8b_conv300,5114,83797671000.0,2087774722126.2075
llama3-8b_conv300,5115,83797671000.0,2088096608172.2075
llama3-8b_conv300,5116,83797671000.0,2088418494218.2075
llama3-8b_conv300,5117,83797671000.0,2088740380264.2075
llama3-8b_conv300,5118,83797671000.0,2089062266310.2075
llama3-8b_conv300,5119,83797671000.0,2089383057864.2075
llama3-8b_conv300,5120,83797671000.0,2089703849418.2075
llama3-8b_conv300,5121,83797671000.0,2090024640972.2075
llama3-8b_conv300,5122,83797671000.0,2090345432526.2075
llama3-8b_conv300,5123,83797671000.0,2090666224080.2075
llama3-8b_conv300,5124,83797671000.0,2090987015634.2075
llama3-8b_conv300,5125,83797671000.0,2091307807188.2075
llama3-8b_conv300,5126,83797671000.0,2091628598742.2075
llama3-8b_conv300,5127,83797671000.0,2091949390296.2075
llama3-8b_conv300,5128,83797671000.0,2092270181850.2075
llama3-8b_conv300,5129,83797671000.0,2092590973404.2075
llama3-8b_conv300,5130,83797671000.0,2092911764958.2075
llama3-8b_conv300,5131,83797671000.0,2093232556512.2075
llama3-8b_conv300,5132,83797671000.0,2093553348066.2075
llama3-8b_conv300,5133,83797671000.0,2093874139620.2075
llama3-8b_conv300,5134,83797671000.0,2094194931174.2075
llama3-8b_conv300,5135,83797671000.0,2094515722728.2075
llama3-8b_conv300,5136,83797671000.0,2094836514282.2075
llama3-8b_conv300,5137,83797671000.0,2095157305836.2075
llama3-8b_conv300,5138,83797671000.0,2095478061550.2075
llama3-8b_conv300,5139,83797671000.0,2095798918640.2075
llama3-8b_conv300,5140,83797671000.0,2096119739890.2075
llama3-8b_conv300,5141,83797671000.0,2096440662516.2075
llama3-8b_conv300,5142,83797671000.0,2096761585142.2075
llama3-8b_conv300,5143,83797671000.0,2097082507768.2075
llama3-8b_conv300,5144,83797671000.0,2097403430394.2075
llama3-8b_conv300,5145,83797671000.0,2097724353020.2075
llama3-8b_conv300,5146,83797671000.0,2098045275646.2075
llama3-8b_conv300,5147,83797671000.0,2098366198272.2075
llama3-8b_conv300,5148,83797671000.0,2098687120898.2075
llama3-8b_conv300,5149,83797671000.0,2099008043524.2075
llama3-8b_conv300,5150,83797671000.0,2099328966150.2075
llama3-8b_conv300,5151,83797671000.0,2099648663254.2075
llama3-8b_conv300,5152,83797671000.0,2099968360358.2075
llama3-8b_conv300,5153,83797671000.0,2100288057462.2075
llama3-8b_conv300,5154,83797671000.0,2100607754566.2075
llama3-8b_conv300,5155,83797671000.0,2100927451670.2075
llama3-8b_conv300,5156,83797671000.0,2101247148774.2075
llama3-8b_conv300,5157,83797671000.0,2101566845878.2075
llama3-8b_conv300,5158,83797671000.0,2101886542982.2075
llama3-8b_conv300,5159,83797671000.0,2102206240086.2075
llama3-8b_conv300,5160,83797671000.0,2102525937190.2075
llama3-8b_conv300,5161,83797671000.0,2102845634294.2075
llama3-8b_conv300,5162,83797671000.0,2103165331398.2075
llama3-8b_conv300,5163,83797671000.0,2103485028502.2075
llama3-8b_conv300,5164,83797671000.0,2103804725606.2075
llama3-8b_conv300,5165,83797671000.0,2104124422710.2075
llama3-8b_conv300,5166,83797671000.0,2104444119814.2075
llama3-8b_conv300,5167,83797671000.0,2104763816918.2075
llama3-8b_conv300,5168,83797671000.0,2105083514022.2075
llama3-8b_conv300,5169,83797671000.0,2105402116726.2075
llama3-8b_conv300,5170,83797671000.0,2105720719430.2075
llama3-8b_conv300,5171,83797671000.0,2106039322134.2075
llama3-8b_conv300,5172,83797671000.0,2106357924838.2075
llama3-8b_conv300,5173,83797671000.0,2106676527542.2075
llama3-8b_conv300,5174,83797671000.0,2106993904774.2075
llama3-8b_conv300,5175,83797671000.0,2107311282006.2075
llama3-8b_conv300,5176,83797671000.0,2107628659238.2075
llama3-8b_conv300,5177,83797671000.0,2107946036470.2075
llama3-8b_conv300,5178,83797671000.0,2108263413702.2075
llama3-8b_conv300,5179,83797671000.0,2108580790934.2075
llama3-8b_conv300,5180,83797671000.0,2108898168166.2075
llama3-8b_conv300,5181,83797671000.0,2109215545398.2075
llama3-8b_conv300,5182,83797671000.0,2109532922630.2075
llama3-8b_conv300,5183,83797671000.0,2109850299862.2075
llama3-8b_conv300,5184,83797671000.0,2110167677094.2075
llama3-8b_conv300,5185,83797671000.0,2110485054326.2075
llama3-8b_conv300,5186,83797671000.0,2110802431558.2075
llama3-8b_conv300,5187,83797671000.0,2111119808790.2075
llama3-8b_conv300,5188,83797671000.0,2111437186022.2075
llama3-8b_conv300,5189,83797671000.0,2111754563254.2075
llama3-8b_conv300,5190,83797671000.0,2112071940486.2075
llama3-8b_conv300,5191,83797671000.0,2112389317718.2075
llama3-8b_conv300,5192,83797671000.0,2112706694950.2075
llama3-8b_conv300,5193,83797671000.0,2113024072182.2075
llama3-8b_conv300,5194,83797671000.0,2113341449414.2075
llama3-8b_conv300,5195,83797671000.0,2113658826646.2075
llama3-8b_conv300,5196,83797671000.0,2113976168038.2075
llama3-8b_conv300,5197,83797671000.0,2114293610806.2075
llama3-8b_conv300,5198,83797671000.0,2114611053574.2075
llama3-8b_conv300,5199,83797671000.0,2114928496342.2075
llama3-8b_conv300,5200,83797671000.0,2115245939110.2075
llama3-8b_conv300,5201,83797671000.0,2115563381878.2075
llama3-8b_conv300,5202,83797671000.0,2115880824646.2075
llama3-8b_conv300,5203,83797671000.0,2116198267414.2075
llama3-8b_conv300,5204,83797671000.0,2116515710182.2075
llama3-8b_conv300,5205,83797671000.0,2116833152950.2075
llama3-8b_conv300,5206,83797671000.0,2117150595718.2075
llama3-8b_conv300,5207,83797671000.0,2117468038486.2075
llama3-8b_conv300,5208,83797671000.0,2117785481254.2075
llama3-8b_conv300,5209,83797671000.0,2118102924022.2075
llama3-8b_conv300,5210,83797671000.0,2118420366790.2075
llama3-8b_conv300,5211,83797671000.0,2118737809558.2075
llama3-8b_conv300,5212,83797671000.0,2119055252326.2075
llama3-8b_conv300,5213,83797671000.0,2119372695094.2075
llama3-8b_conv300,5214,83797671000.0,2119690137862.2075
llama3-8b_conv300,5215,83797671000.0,2120007580630.2075
llama3-8b_conv300,5216,83797671000.0,2120325023398.2075
llama3-8b_conv300,5217,83797671000.0,2120642466166.2075
llama3-8b_conv300,5218,83797671000.0,2120959908934.2075
llama3-8b_conv300,5219,83797671000.0,2121277351702.2075
llama3-8b_conv300,5220,83797671000.0,2121594794470.2075
llama3-8b_conv300,5221,83735745000.0,2121911077302.2075
llama3-8b_conv300,5222,83735745000.0,2122227360134.2075
llama3-8b_conv300,5223,83735745000.0,2122543642966.2075
llama3-8b_conv300,5224,83735745000.0,2122859925798.2075
llama3-8b_conv300,5225,83735745000.0,2123176208630.2075
