model,batch_id,release_ns,finish_ns
llama2-7b_conv300,0,0.0,204279871.0
llama2-7b_conv300,1,0.0,362935823.0
llama2-7b_conv300,2,0.0,521591775.0
llama2-7b_conv300,3,0.0,680247727.0
llama2-7b_conv300,4,0.0,838903679.0
llama2-7b_conv300,5,0.0,997559631.0
llama2-7b_conv300,6,0.0,1156215583.0
llama2-7b_conv300,7,0.0,1314871535.0
llama2-7b_conv300,8,0.0,1473527487.0
llama2-7b_conv300,9,0.0,1632183439.0
llama2-7b_conv300,10,0.0,1790902879.0
llama2-7b_conv300,11,0.0,1949622319.0
llama2-7b_conv300,12,0.0,2108341759.0
llama2-7b_conv300,13,0.0,2267061199.0
llama2-7b_conv300,14,0.0,2425780639.0
llama2-7b_conv300,15,0.0,2584500079.0
llama2-7b_conv300,16,0.0,2743219519.0
llama2-7b_conv300,17,0.0,2901938959.0
llama2-7b_conv300,18,0.0,3060658399.0
llama2-7b_conv300,19,0.0,3219377839.0
llama2-7b_conv300,20,0.0,3378097279.0
llama2-7b_conv300,21,0.0,3536816719.0
llama2-7b_conv300,22,0.0,3695536159.0
llama2-7b_conv300,23,0.0,3854255599.0
llama2-7b_conv300,24,0.0,4012975039.0
llama2-7b_conv300,25,0.0,4171694479.0
llama2-7b_conv300,26,0.0,4330413919.0
llama2-7b_conv300,27,0.0,4489133359.0
llama2-7b_conv300,28,0.0,4647852799.0
llama2-7b_conv300,29,0.0,4806572239.0
llama2-7b_conv300,30,0.0,4965291679.0
llama2-7b_conv300,31,0.0,5124011119.0
llama2-7b_conv300,32,0.0,5282730559.0
llama2-7b_conv300,33,0.0,5441449999.0
llama2-7b_conv300,34,0.0,5600169439.0
llama2-7b_conv300,35,0.0,5758888879.0
llama2-7b_conv300,36,0.0,5917608319.0
llama2-7b_conv300,37,0.0,6076327759.0
llama2-7b_conv300,38,0.0,6235047199.0
llama2-7b_conv300,39,0.0,6393766639.0
llama2-7b_conv300,40,0.0,6552486079.0
llama2-7b_conv300,41,0.0,6711205519.0
llama2-7b_conv300,42,0.0,6869924959.0
llama2-7b_conv300,43,0.0,7028644399.0
llama2-7b_conv300,44,4314579000.0,7293938991.0
llama2-7b_conv300,45,4314579000.0,7452658431.0
llama2-7b_conv300,46,4314579000.0,7611377871.0
llama2-7b_conv300,47,4314579000.0,7770097311.0
llama2-7b_conv300,48,4314579000.0,7928816751.0
llama2-7b_conv300,49,4314579000.0,8087536191.0
llama2-7b_conv300,50,4314579000.0,8246255631.0
llama2-7b_conv300,51,4314579000.0,8404975071.0
llama2-7b_conv300,52,4314579000.0,8563694511.0
llama2-7b_conv300,53,4314579000.0,8722413951.0
llama2-7b_conv300,54,4314579000.0,8881133391.0
llama2-7b_conv300,55,4314579000.0,9039852831.0
llama2-7b_conv300,56,4314579000.0,9198572271.0
llama2-7b_conv300,57,4314579000.0,9357291711.0
llama2-7b_conv300,58,4314579000.0,9516011151.0
llama2-7b_conv300,59,4314579000.0,9674730591.0
llama2-7b_conv300,60,4314579000.0,9833450031.0
llama2-7b_conv300,61,4314579000.0,9992169471.0
llama2-7b_conv300,62,4314579000.0,10150888911.0
llama2-7b_conv300,63,4314579000.0,10309608351.0
llama2-7b_conv300,64,4314579000.0,10468327791.0
llama2-7b_conv300,65,4314579000.0,10627047231.0
llama2-7b_conv300,66,4541877000.0,11722806907.0
llama2-7b_conv300,67,4541877000.0,12002438513.0
llama2-7b_conv300,68,4541877000.0,12162004033.0
llama2-7b_conv300,69,4541877000.0,12321569553.0
llama2-7b_conv300,70,4541877000.0,12481135073.0
llama2-7b_conv300,71,4541877000.0,12640700593.0
llama2-7b_conv300,72,4541877000.0,12800266113.0
llama2-7b_conv300,73,4541877000.0,12959831633.0
llama2-7b_conv300,74,4541877000.0,13119397153.0
llama2-7b_conv300,75,4541877000.0,13278962673.0
llama2-7b_conv300,76,4541877000.0,13438528193.0
llama2-7b_conv300,77,4541877000.0,13598093713.0
llama2-7b_conv300,78,4541877000.0,13757659233.0
llama2-7b_conv300,79,4710427000.0,13801587774.0
llama2-7b_conv300,80,4710427000.0,13967687694.0
llama2-7b_conv300,81,4710427000.0,14133787614.0
llama2-7b_conv300,82,4710427000.0,14299887534.0
llama2-7b_conv300,83,4710427000.0,14465987454.0
llama2-7b_conv300,84,4710427000.0,14632150862.0
llama2-7b_conv300,85,4710427000.0,14798314270.0
llama2-7b_conv300,86,4710427000.0,14964477678.0
llama2-7b_conv300,87,4710427000.0,15130641086.0
llama2-7b_conv300,88,4710427000.0,15296804494.0
llama2-7b_conv300,89,4710427000.0,15462967902.0
llama2-7b_conv300,90,4710427000.0,15629131310.0
llama2-7b_conv300,91,4710427000.0,15795294718.0
llama2-7b_conv300,92,4710427000.0,15961458126.0
llama2-7b_conv300,93,4710427000.0,16127621534.0
llama2-7b_conv300,94,4710427000.0,16293784942.0
llama2-7b_conv300,95,4541877000.0,16453413950.0
llama2-7b_conv300,96,4541877000.0,16613042958.0
llama2-7b_conv300,97,4541877000.0,16772671966.0
llama2-7b_conv300,98,4541877000.0,16932300974.0
llama2-7b_conv300,99,4541877000.0,17091929982.0
llama2-7b_conv300,100,4541877000.0,17251558990.0
llama2-7b_conv300,101,4541877000.0,17411187998.0
llama2-7b_conv300,102,4541877000.0,17570817006.0
llama2-7b_conv300,103,4541877000.0,17730446014.0
llama2-7b_conv300,104,4541877000.0,17890075022.0
llama2-7b_conv300,105,4541877000.0,18049704030.0
llama2-7b_conv300,106,4541877000.0,18209333038.0
llama2-7b_conv300,107,4541877000.0,18368962046.0
llama2-7b_conv300,108,4541877000.0,18528591054.0
llama2-7b_conv300,109,4541877000.0,18688220062.0
llama2-7b_conv300,110,4541877000.0,18847849070.0
llama2-7b_conv300,111,4541877000.0,19007478078.0
llama2-7b_conv300,112,4541877000.0,19167107086.0
llama2-7b_conv300,113,4541877000.0,19326736094.0
llama2-7b_conv300,114,4541877000.0,19486365102.0
llama2-7b_conv300,115,4541877000.0,19645994110.0
llama2-7b_conv300,116,4541877000.0,19805623118.0
llama2-7b_conv300,117,4541877000.0,19965252126.0
llama2-7b_conv300,118,4541877000.0,20124881134.0
llama2-7b_conv300,119,4541877000.0,20284510142.0
llama2-7b_conv300,120,4541877000.0,20444139150.0
llama2-7b_conv300,121,4541877000.0,20603768158.0
llama2-7b_conv300,122,4314579000.0,20762487598.0
llama2-7b_conv300,123,4314579000.0,20921207038.0
llama2-7b_conv300,124,4314579000.0,21079926478.0
llama2-7b_conv300,125,4314579000.0,21238645918.0
llama2-7b_conv300,126,4314579000.0,21397365358.0
llama2-7b_conv300,127,4314579000.0,21556084798.0
llama2-7b_conv300,128,4314579000.0,21714804238.0
llama2-7b_conv300,129,4314579000.0,21873523678.0
llama2-7b_conv300,130,4314579000.0,22032243118.0
llama2-7b_conv300,131,4314579000.0,22190962558.0
llama2-7b_conv300,132,4314579000.0,22349681998.0
llama2-7b_conv300,133,4314579000.0,22508401438.0
llama2-7b_conv300,134,4314579000.0,22667120878.0
llama2-7b_conv300,135,4314579000.0,22825840318.0
llama2-7b_conv300,136,4314579000.0,22984559758.0
llama2-7b_conv300,137,4314579000.0,23143279198.0
llama2-7b_conv300,138,4314579000.0,23301998638.0
llama2-7b_conv300,139,4314579000.0,23460718078.0
llama2-7b_conv300,140,4314579000.0,23619437518.0
llama2-7b_conv300,141,4314579000.0,23778156958.0
llama2-7b_conv300,142,4314579000.0,23936876398.0
llama2-7b_conv300,143,4314579000.0,24095595838.0
llama2-7b_conv300,144,4314579000.0,24254315278.0
llama2-7b_conv300,145,4314579000.0,24413034718.0
llama2-7b_conv300,146,4314579000.0,24571754158.0
llama2-7b_conv300,147,4314579000.0,24730473598.0
llama2-7b_conv300,148,4314579000.0,24889193038.0
llama2-7b_conv300,149,4314579000.0,25047912478.0
llama2-7b_conv300,150,4314579000.0,25206631918.0
llama2-7b_conv300,151,4314579000.0,25365351358.0
llama2-7b_conv300,152,4314579000.0,25524070798.0
llama2-7b_conv300,153,5892655000.0,25565680767.0
llama2-7b_conv300,154,5892655000.0,25724148303.0
llama2-7b_conv300,155,5892655000.0,25882615839.0
llama2-7b_conv300,156,5892655000.0,26041083375.0
llama2-7b_conv300,157,5892655000.0,26199550911.0
llama2-7b_conv300,158,5892655000.0,26358018447.0
llama2-7b_conv300,159,5892655000.0,26516485983.0
llama2-7b_conv300,160,5892655000.0,26674953519.0
llama2-7b_conv300,161,5892655000.0,26833421055.0
llama2-7b_conv300,162,5892655000.0,26991888591.0
llama2-7b_conv300,163,5892655000.0,27150356127.0
llama2-7b_conv300,164,5892655000.0,27308823663.0
llama2-7b_conv300,165,5892655000.0,27467291199.0
llama2-7b_conv300,166,5892655000.0,27625758735.0
llama2-7b_conv300,167,5892655000.0,27784226271.0
llama2-7b_conv300,168,5892655000.0,27942693807.0
llama2-7b_conv300,169,6311529000.0,28264843307.0
llama2-7b_conv300,170,6311529000.0,28423499259.0
llama2-7b_conv300,171,6311529000.0,28582155211.0
llama2-7b_conv300,172,6311529000.0,28740874651.0
llama2-7b_conv300,173,6311529000.0,28899594091.0
llama2-7b_conv300,174,6311529000.0,29058313531.0
llama2-7b_conv300,175,6311529000.0,29217032971.0
llama2-7b_conv300,176,6311529000.0,29375752411.0
llama2-7b_conv300,177,6311529000.0,29534471851.0
llama2-7b_conv300,178,6311529000.0,29693191291.0
llama2-7b_conv300,179,6311529000.0,29851910731.0
llama2-7b_conv300,180,6311529000.0,30010630171.0
llama2-7b_conv300,181,6311529000.0,30169349611.0
llama2-7b_conv300,182,6311529000.0,30328069051.0
llama2-7b_conv300,183,6311529000.0,30486788491.0
llama2-7b_conv300,184,6311529000.0,30645507931.0
llama2-7b_conv300,185,6311529000.0,30804227371.0
llama2-7b_conv300,186,6311529000.0,30962946811.0
llama2-7b_conv300,187,6311529000.0,31121666251.0
llama2-7b_conv300,188,6311529000.0,31280385691.0
llama2-7b_conv300,189,6311529000.0,31439105131.0
llama2-7b_conv300,190,6311529000.0,31597824571.0
llama2-7b_conv300,191,6311529000.0,31756544011.0
llama2-7b_conv300,192,6311529000.0,31915263451.0
llama2-7b_conv300,193,6311529000.0,32073982891.0
llama2-7b_conv300,194,6311529000.0,32232702331.0
llama2-7b_conv300,195,6311529000.0,32391421771.0
llama2-7b_conv300,196,6311529000.0,32550141211.0
llama2-7b_conv300,197,6311529000.0,32708860651.0
llama2-7b_conv300,198,6311529000.0,32867580091.0
llama2-7b_conv300,199,6311529000.0,33026299531.0
llama2-7b_conv300,200,6311529000.0,33185018971.0
llama2-7b_conv300,201,6311529000.0,33343738411.0
llama2-7b_conv300,202,6311529000.0,33502457851.0
llama2-7b_conv300,203,6311529000.0,33661177291.0
llama2-7b_conv300,204,6311529000.0,33819896731.0
llama2-7b_conv300,205,6311529000.0,33978616171.0
llama2-7b_conv300,206,6311529000.0,34137335611.0
llama2-7b_conv300,207,6311529000.0,34296055051.0
llama2-7b_conv300,208,6311529000.0,34454774491.0
llama2-7b_conv300,209,6311529000.0,34613493931.0
llama2-7b_conv300,210,6311529000.0,34772213371.0
llama2-7b_conv300,211,6311529000.0,34930932811.0
llama2-7b_conv300,212,6311529000.0,35089652251.0
llama2-7b_conv300,213,6311529000.0,35248371691.0
llama2-7b_conv300,214,6311529000.0,35407091131.0
llama2-7b_conv300,215,6311529000.0,35565810571.0
llama2-7b_conv300,216,6311529000.0,35724530011.0
llama2-7b_conv300,217,6311529000.0,35883249451.0
llama2-7b_conv300,218,6311529000.0,36041968891.0
llama2-7b_conv300,219,6311529000.0,36200688331.0
llama2-7b_conv300,220,6311529000.0,36359407771.0
llama2-7b_conv300,221,6311529000.0,36518127211.0
llama2-7b_conv300,222,6311529000.0,36676846651.0
llama2-7b_conv300,223,6311529000.0,36835566091.0
llama2-7b_conv300,224,6311529000.0,36994285531.0
llama2-7b_conv300,225,6311529000.0,37153004971.0
llama2-7b_conv300,226,6311529000.0,37311724411.0
llama2-7b_conv300,227,6311529000.0,37470443851.0
llama2-7b_conv300,228,6311529000.0,37629163291.0
llama2-7b_conv300,229,6311529000.0,37787882731.0
llama2-7b_conv300,230,6311529000.0,37946602171.0
llama2-7b_conv300,231,6311529000.0,38105321611.0
llama2-7b_conv300,232,6311529000.0,38264041051.0
llama2-7b_conv300,233,6311529000.0,38422760491.0
llama2-7b_conv300,234,6311529000.0,38581479931.0
llama2-7b_conv300,235,6311529000.0,38740199371.0
llama2-7b_conv300,236,6311529000.0,38898918811.0
llama2-7b_conv300,237,6311529000.0,39057638251.0
llama2-7b_conv300,238,6311529000.0,39216357691.0
llama2-7b_conv300,239,6311529000.0,39375077131.0
llama2-7b_conv300,240,6311529000.0,39533796571.0
llama2-7b_conv300,241,6311529000.0,39692516011.0
llama2-7b_conv300,242,6311529000.0,39851235451.0
llama2-7b_conv300,243,6311529000.0,40009954891.0
llama2-7b_conv300,244,6311529000.0,40168674331.0
llama2-7b_conv300,245,6311529000.0,40327393771.0
llama2-7b_conv300,246,6311529000.0,40486113211.0
llama2-7b_conv300,247,6311529000.0,40644832651.0
llama2-7b_conv300,248,6311529000.0,40803552091.0
llama2-7b_conv300,249,6311529000.0,40962271531.0
llama2-7b_conv300,250,6311529000.0,41120990971.0
llama2-7b_conv300,251,6311529000.0,41279710411.0
llama2-7b_conv300,252,6311529000.0,41438429851.0
llama2-7b_conv300,253,7745497000.0,41780092820.0
llama2-7b_conv300,254,7745497000.0,42172087437.0
llama2-7b_conv300,255,7745497000.0,42413227426.0
llama2-7b_conv300,256,7745497000.0,42572391282.0
llama2-7b_conv300,257,7745497000.0,42731555138.0
llama2-7b_conv300,258,7745497000.0,42890718994.0
llama2-7b_conv300,259,7745497000.0,43049882850.0
llama2-7b_conv300,260,7745497000.0,43209046706.0
llama2-7b_conv300,261,7745497000.0,43368210562.0
llama2-7b_conv300,262,7745497000.0,43527374418.0
llama2-7b_conv300,263,7745497000.0,43686538274.0
llama2-7b_conv300,264,7745497000.0,43845702130.0
llama2-7b_conv300,265,7745497000.0,44004865986.0
llama2-7b_conv300,266,7745497000.0,44164029842.0
llama2-7b_conv300,267,7745497000.0,44323193698.0
llama2-7b_conv300,268,7745497000.0,44482357554.0
llama2-7b_conv300,269,7745497000.0,44641521410.0
llama2-7b_conv300,270,7745497000.0,44800685266.0
llama2-7b_conv300,271,7745497000.0,44959849122.0
llama2-7b_conv300,272,7745497000.0,45119012978.0
llama2-7b_conv300,273,7745497000.0,45278176834.0
llama2-7b_conv300,274,7745497000.0,45437340690.0
llama2-7b_conv300,275,7745497000.0,45596504546.0
llama2-7b_conv300,276,7745497000.0,45755668402.0
llama2-7b_conv300,277,7745497000.0,45914832258.0
llama2-7b_conv300,278,7745497000.0,46073996114.0
llama2-7b_conv300,279,7745497000.0,46233159970.0
llama2-7b_conv300,280,7745497000.0,46392323826.0
llama2-7b_conv300,281,7745497000.0,46551487682.0
llama2-7b_conv300,282,7745497000.0,46710651538.0
llama2-7b_conv300,283,7745497000.0,46869815394.0
llama2-7b_conv300,284,7745497000.0,47028979250.0
llama2-7b_conv300,285,7745497000.0,47188143106.0
llama2-7b_conv300,286,7745497000.0,47347306962.0
llama2-7b_conv300,287,7745497000.0,47506470818.0
llama2-7b_conv300,288,7745497000.0,47665634674.0
llama2-7b_conv300,289,7745497000.0,47824798530.0
llama2-7b_conv300,290,7745497000.0,47983962386.0
llama2-7b_conv300,291,7745497000.0,48143126242.0
llama2-7b_conv300,292,7745497000.0,48302290098.0
llama2-7b_conv300,293,7745497000.0,48461453954.0
llama2-7b_conv300,294,7745497000.0,48620617810.0
llama2-7b_conv300,295,7745497000.0,48779781666.0
llama2-7b_conv300,296,7745497000.0,48938945522.0
llama2-7b_conv300,297,7745497000.0,49098109378.0
llama2-7b_conv300,298,8251431000.0,49358317223.0
llama2-7b_conv300,299,8251431000.0,49518136695.0
llama2-7b_conv300,300,8251431000.0,49677956167.0
llama2-7b_conv300,301,8251431000.0,49837775639.0
llama2-7b_conv300,302,8251431000.0,49997595111.0
llama2-7b_conv300,303,8251431000.0,50157414583.0
llama2-7b_conv300,304,8251431000.0,50317234055.0
llama2-7b_conv300,305,8337078999.999999,50429092182.0
llama2-7b_conv300,306,8337078999.999999,50595448102.0
llama2-7b_conv300,307,8337078999.999999,50761804022.0
llama2-7b_conv300,308,8337078999.999999,50928159942.0
llama2-7b_conv300,309,8337078999.999999,51094515862.0
llama2-7b_conv300,310,8337078999.999999,51260871782.0
llama2-7b_conv300,311,8337078999.999999,51427227702.0
llama2-7b_conv300,312,8337078999.999999,51593583622.0
llama2-7b_conv300,313,8337078999.999999,51759939542.0
llama2-7b_conv300,314,8337078999.999999,51926295462.0
llama2-7b_conv300,315,8337078999.999999,52092651382.0
llama2-7b_conv300,316,8464985000.0,52186917295.0
llama2-7b_conv300,317,8464985000.0,52359444607.0
llama2-7b_conv300,318,8464985000.0,52531971919.0
llama2-7b_conv300,319,8464985000.0,52698327839.0
llama2-7b_conv300,320,8464985000.0,52864683759.0
llama2-7b_conv300,321,8464985000.0,53031039679.0
llama2-7b_conv300,322,8464985000.0,53197395599.0
llama2-7b_conv300,323,8464985000.0,53363751519.0
llama2-7b_conv300,324,8464985000.0,53530107439.0
llama2-7b_conv300,325,8464985000.0,53696463359.0
llama2-7b_conv300,326,8464985000.0,53862819279.0
llama2-7b_conv300,327,8464985000.0,54029175199.0
llama2-7b_conv300,328,8464985000.0,54195531119.0
llama2-7b_conv300,329,8464985000.0,54361887039.0
llama2-7b_conv300,330,8464985000.0,54528242959.0
llama2-7b_conv300,331,8464985000.0,54694598879.0
llama2-7b_conv300,332,8464985000.0,54860954799.0
llama2-7b_conv300,333,8464985000.0,55027310719.0
llama2-7b_conv300,334,8464985000.0,55193666639.0
llama2-7b_conv300,335,8464985000.0,55360022559.0
llama2-7b_conv300,336,8464985000.0,55526378479.0
llama2-7b_conv300,337,8464985000.0,55692734399.0
llama2-7b_conv300,338,8464985000.0,55859090319.0
llama2-7b_conv300,339,8700213000.0,56123547329.0
llama2-7b_conv300,340,8700213000.0,56296324497.0
llama2-7b_conv300,341,8700213000.0,56469101665.0
llama2-7b_conv300,342,8700213000.0,56641878833.0
llama2-7b_conv300,343,8700213000.0,56814656001.0
llama2-7b_conv300,344,8700213000.0,56987433169.0
llama2-7b_conv300,345,8700213000.0,57160210337.0
llama2-7b_conv300,346,8700213000.0,57332987505.0
llama2-7b_conv300,347,8700213000.0,57505764673.0
llama2-7b_conv300,348,8700213000.0,57678541841.0
llama2-7b_conv300,349,8700213000.0,57851319009.0
llama2-7b_conv300,350,8700213000.0,58024159665.0
llama2-7b_conv300,351,8700213000.0,58197000321.0
llama2-7b_conv300,352,8700213000.0,58369840977.0
llama2-7b_conv300,353,8700213000.0,58542681633.0
llama2-7b_conv300,354,8700213000.0,58715522289.0
llama2-7b_conv300,355,8700213000.0,58888362945.0
llama2-7b_conv300,356,8700213000.0,59061203601.0
llama2-7b_conv300,357,8700213000.0,59234044257.0
llama2-7b_conv300,358,8700213000.0,59406884913.0
llama2-7b_conv300,359,8700213000.0,59579725569.0
llama2-7b_conv300,360,8700213000.0,59752566225.0
llama2-7b_conv300,361,8700213000.0,59925406881.0
llama2-7b_conv300,362,8700213000.0,60098247537.0
llama2-7b_conv300,363,8700213000.0,60271274561.0
llama2-7b_conv300,364,8700213000.0,60444301585.0
llama2-7b_conv300,365,8700213000.0,60617328609.0
llama2-7b_conv300,366,8700213000.0,60790355633.0
llama2-7b_conv300,367,8700213000.0,60963382657.0
llama2-7b_conv300,368,8700213000.0,61136409681.0
llama2-7b_conv300,369,8700213000.0,61309436705.0
llama2-7b_conv300,370,8700213000.0,61482463729.0
llama2-7b_conv300,371,8700213000.0,61655490753.0
llama2-7b_conv300,372,8700213000.0,61828517777.0
llama2-7b_conv300,373,8700213000.0,62001544801.0
llama2-7b_conv300,374,8700213000.0,62174571825.0
llama2-7b_conv300,375,8700213000.0,62347598849.0
llama2-7b_conv300,376,8700213000.0,62520625873.0
llama2-7b_conv300,377,8700213000.0,62693652897.0
llama2-7b_conv300,378,8700213000.0,62866679921.0
llama2-7b_conv300,379,8700213000.0,63039706945.0
llama2-7b_conv300,380,8700213000.0,63212733969.0
llama2-7b_conv300,381,8700213000.0,63385760993.0
llama2-7b_conv300,382,8700213000.0,63552366769.0
llama2-7b_conv300,383,8700213000.0,63718972545.0
llama2-7b_conv300,384,8700213000.0,63885578321.0
llama2-7b_conv300,385,8700213000.0,64052184097.0
llama2-7b_conv300,386,8700213000.0,64218789873.0
llama2-7b_conv300,387,8700213000.0,64385395649.0
llama2-7b_conv300,388,8700213000.0,64552001425.0
llama2-7b_conv300,389,8700213000.0,64718607201.0
llama2-7b_conv300,390,8700213000.0,64885212977.0
llama2-7b_conv300,391,8700213000.0,65051818753.0
llama2-7b_conv300,392,8700213000.0,65218424529.0
llama2-7b_conv300,393,8700213000.0,65385030305.0
llama2-7b_conv300,394,8700213000.0,65551636081.0
llama2-7b_conv300,395,8700213000.0,65718241857.0
llama2-7b_conv300,396,8700213000.0,65884847633.0
llama2-7b_conv300,397,8700213000.0,66044159201.0
llama2-7b_conv300,398,8700213000.0,66203470769.0
llama2-7b_conv300,399,8700213000.0,66362782337.0
llama2-7b_conv300,400,8700213000.0,66522093905.0
llama2-7b_conv300,401,8700213000.0,66681405473.0
llama2-7b_conv300,402,8700213000.0,66840717041.0
llama2-7b_conv300,403,8700213000.0,67000028609.0
llama2-7b_conv300,404,8700213000.0,67159340177.0
llama2-7b_conv300,405,8700213000.0,67318651745.0
llama2-7b_conv300,406,8700213000.0,67477963313.0
llama2-7b_conv300,407,8700213000.0,67637274881.0
llama2-7b_conv300,408,9427468000.0,67903830023.0
llama2-7b_conv300,409,9427468000.0,68069927895.0
llama2-7b_conv300,410,9427468000.0,68236025767.0
llama2-7b_conv300,411,9427468000.0,68402123639.0
llama2-7b_conv300,412,9427468000.0,68568221511.0
llama2-7b_conv300,413,9427468000.0,68734319383.0
llama2-7b_conv300,414,9427468000.0,68900417255.0
llama2-7b_conv300,415,9427468000.0,69066515127.0
llama2-7b_conv300,416,9427468000.0,69232612999.0
llama2-7b_conv300,417,9427468000.0,69398710871.0
llama2-7b_conv300,418,9427468000.0,69564808743.0
llama2-7b_conv300,419,9427468000.0,69730906615.0
llama2-7b_conv300,420,9427468000.0,69897004487.0
llama2-7b_conv300,421,9582558000.0,70257989897.0
llama2-7b_conv300,422,9582558000.0,70657236043.0
llama2-7b_conv300,423,9582558000.0,71162036457.0
llama2-7b_conv300,424,9582558000.0,71334999993.0
llama2-7b_conv300,425,9582558000.0,71507963529.0
llama2-7b_conv300,426,9582558000.0,71680927065.0
llama2-7b_conv300,427,9582558000.0,71853890601.0
llama2-7b_conv300,428,9582558000.0,72026854137.0
llama2-7b_conv300,429,9582558000.0,72199817673.0
llama2-7b_conv300,430,9582558000.0,72372781209.0
llama2-7b_conv300,431,9582558000.0,72545744745.0
llama2-7b_conv300,432,9582558000.0,72718708281.0
llama2-7b_conv300,433,9582558000.0,72891671817.0
llama2-7b_conv300,434,9582558000.0,73064635353.0
llama2-7b_conv300,435,9582558000.0,73237598889.0
llama2-7b_conv300,436,9582558000.0,73410562425.0
llama2-7b_conv300,437,9582558000.0,73583525961.0
llama2-7b_conv300,438,9582558000.0,73756489497.0
llama2-7b_conv300,439,9582558000.0,73929453033.0
llama2-7b_conv300,440,9582558000.0,74102416569.0
llama2-7b_conv300,441,9582558000.0,74275380105.0
llama2-7b_conv300,442,9582558000.0,74448343641.0
llama2-7b_conv300,443,9582558000.0,74621307177.0
llama2-7b_conv300,444,9582558000.0,74794270713.0
llama2-7b_conv300,445,9582558000.0,74967234249.0
llama2-7b_conv300,446,9582558000.0,75140197785.0
llama2-7b_conv300,447,9582558000.0,75313161321.0
llama2-7b_conv300,448,9582558000.0,75486124857.0
llama2-7b_conv300,449,9582558000.0,75659088393.0
llama2-7b_conv300,450,9582558000.0,75832051929.0
llama2-7b_conv300,451,9582558000.0,76005015465.0
llama2-7b_conv300,452,9582558000.0,76177979001.0
llama2-7b_conv300,453,9582558000.0,76350942537.0
llama2-7b_conv300,454,9582558000.0,76523906073.0
llama2-7b_conv300,455,9582558000.0,76696869609.0
llama2-7b_conv300,456,9582558000.0,76869833145.0
llama2-7b_conv300,457,9582558000.0,77042860169.0
llama2-7b_conv300,458,9582558000.0,77215887193.0
llama2-7b_conv300,459,9582558000.0,77388914217.0
llama2-7b_conv300,460,9582558000.0,77561941241.0
llama2-7b_conv300,461,9582558000.0,77734968265.0
llama2-7b_conv300,462,9582558000.0,77907995289.0
llama2-7b_conv300,463,9582558000.0,78074537577.0
llama2-7b_conv300,464,9582558000.0,78241079865.0
llama2-7b_conv300,465,10106379000.0,78602509691.0
llama2-7b_conv300,466,10106379000.0,79002200253.0
llama2-7b_conv300,467,10106379000.0,79548967420.0
llama2-7b_conv300,468,10106379000.0,80826956088.0
llama2-7b_conv300,469,10106379000.0,81110820013.0
llama2-7b_conv300,470,10106379000.0,81271528317.0
llama2-7b_conv300,471,10106379000.0,81432236621.0
llama2-7b_conv300,472,10106379000.0,81592944925.0
llama2-7b_conv300,473,10106379000.0,81753653229.0
llama2-7b_conv300,474,10106379000.0,81914361533.0
llama2-7b_conv300,475,10106379000.0,82075069837.0
llama2-7b_conv300,476,10106379000.0,82235778141.0
llama2-7b_conv300,477,10106379000.0,82396486445.0
llama2-7b_conv300,478,10106379000.0,82557194749.0
llama2-7b_conv300,479,10106379000.0,82717903053.0
llama2-7b_conv300,480,10106379000.0,82878611357.0
llama2-7b_conv300,481,10106379000.0,83039319661.0
llama2-7b_conv300,482,10106379000.0,83200027965.0
llama2-7b_conv300,483,10106379000.0,83360736269.0
llama2-7b_conv300,484,9582558000.0,83519900125.0
llama2-7b_conv300,485,9582558000.0,83679063981.0
llama2-7b_conv300,486,9582558000.0,83838227837.0
llama2-7b_conv300,487,9582558000.0,83997391693.0
llama2-7b_conv300,488,9582558000.0,84156555549.0
llama2-7b_conv300,489,9582558000.0,84315719405.0
llama2-7b_conv300,490,9582558000.0,84474883261.0
llama2-7b_conv300,491,9582558000.0,84634047117.0
llama2-7b_conv300,492,9582558000.0,84793210973.0
llama2-7b_conv300,493,9582558000.0,84952374829.0
llama2-7b_conv300,494,9582558000.0,85111538685.0
llama2-7b_conv300,495,10546126000.0,85375322923.0
llama2-7b_conv300,496,10546126000.0,85535142395.0
llama2-7b_conv300,497,10546126000.0,85694961867.0
llama2-7b_conv300,498,10546126000.0,85854781339.0
llama2-7b_conv300,499,10546126000.0,86014600811.0
llama2-7b_conv300,500,10546126000.0,86174420283.0
llama2-7b_conv300,501,10546126000.0,86334239755.0
llama2-7b_conv300,502,10546126000.0,86494059227.0
llama2-7b_conv300,503,10546126000.0,86653878699.0
llama2-7b_conv300,504,10546126000.0,86813698171.0
llama2-7b_conv300,505,10546126000.0,86973517643.0
llama2-7b_conv300,506,10546126000.0,87133337115.0
llama2-7b_conv300,507,10546126000.0,87293156587.0
llama2-7b_conv300,508,10546126000.0,87452976059.0
llama2-7b_conv300,509,10546126000.0,87612795531.0
llama2-7b_conv300,510,10546126000.0,87772615003.0
llama2-7b_conv300,511,10546126000.0,87932434475.0
llama2-7b_conv300,512,10546126000.0,88092253947.0
llama2-7b_conv300,513,10546126000.0,88252073419.0
llama2-7b_conv300,514,10546126000.0,88411892891.0
llama2-7b_conv300,515,10546126000.0,88571712363.0
llama2-7b_conv300,516,10546126000.0,88731595323.0
llama2-7b_conv300,517,10546126000.0,88891478283.0
llama2-7b_conv300,518,10546126000.0,89051361243.0
llama2-7b_conv300,519,10546126000.0,89211244203.0
llama2-7b_conv300,520,10546126000.0,89371127163.0
llama2-7b_conv300,521,10546126000.0,89531010123.0
llama2-7b_conv300,522,10546126000.0,89690893083.0
llama2-7b_conv300,523,10546126000.0,89850776043.0
llama2-7b_conv300,524,10546126000.0,90010659003.0
llama2-7b_conv300,525,10546126000.0,90170541963.0
llama2-7b_conv300,526,10546126000.0,90330424923.0
llama2-7b_conv300,527,10546126000.0,90490307883.0
llama2-7b_conv300,528,10546126000.0,90650190843.0
llama2-7b_conv300,529,10546126000.0,90810073803.0
llama2-7b_conv300,530,10546126000.0,90969956763.0
llama2-7b_conv300,531,10546126000.0,91129839723.0
llama2-7b_conv300,532,10546126000.0,91289722683.0
llama2-7b_conv300,533,10546126000.0,91449605643.0
llama2-7b_conv300,534,10546126000.0,91609488603.0
llama2-7b_conv300,535,10546126000.0,91769371563.0
llama2-7b_conv300,536,10546126000.0,91929254523.0
llama2-7b_conv300,537,10546126000.0,92089137483.0
llama2-7b_conv300,538,10546126000.0,92249020443.0
llama2-7b_conv300,539,10546126000.0,92408903403.0
llama2-7b_conv300,540,10546126000.0,92568786363.0
llama2-7b_conv300,541,10546126000.0,92728669323.0
llama2-7b_conv300,542,10546126000.0,92888552283.0
llama2-7b_conv300,543,10546126000.0,93048435243.0
llama2-7b_conv300,544,10546126000.0,93208318203.0
llama2-7b_conv300,545,10546126000.0,93368201163.0
llama2-7b_conv300,546,10546126000.0,93528084123.0
llama2-7b_conv300,547,10546126000.0,93687967083.0
llama2-7b_conv300,548,10546126000.0,93847850043.0
llama2-7b_conv300,549,10546126000.0,94007733003.0
llama2-7b_conv300,550,10546126000.0,94167615963.0
llama2-7b_conv300,551,10546126000.0,94327498923.0
llama2-7b_conv300,552,10546126000.0,94487381883.0
llama2-7b_conv300,553,10546126000.0,94647264843.0
llama2-7b_conv300,554,11157911000.0,94910588041.0
llama2-7b_conv300,555,11157911000.0,95077257305.0
llama2-7b_conv300,556,11157911000.0,95243926569.0
llama2-7b_conv300,557,11157911000.0,95410595833.0
llama2-7b_conv300,558,11157911000.0,95577265097.0
llama2-7b_conv300,559,11157911000.0,95743934361.0
llama2-7b_conv300,560,11157911000.0,95910603625.0
llama2-7b_conv300,561,11157911000.0,96077272889.0
llama2-7b_conv300,562,11157911000.0,96243942153.0
llama2-7b_conv300,563,11157911000.0,96410611417.0
llama2-7b_conv300,564,11157911000.0,96577280681.0
llama2-7b_conv300,565,11157911000.0,96743949945.0
llama2-7b_conv300,566,11157911000.0,96910619209.0
llama2-7b_conv300,567,11157911000.0,97077288473.0
llama2-7b_conv300,568,11157911000.0,97243957737.0
llama2-7b_conv300,569,11157911000.0,97410627001.0
llama2-7b_conv300,570,11157911000.0,97577296265.0
llama2-7b_conv300,571,11157911000.0,97743965529.0
llama2-7b_conv300,572,11157911000.0,97910634793.0
llama2-7b_conv300,573,11157911000.0,98077304057.0
llama2-7b_conv300,574,11157911000.0,98243973321.0
llama2-7b_conv300,575,11157911000.0,98410642585.0
llama2-7b_conv300,576,11157911000.0,98577311849.0
llama2-7b_conv300,577,11157911000.0,98743981113.0
llama2-7b_conv300,578,11157911000.0,98910650377.0
llama2-7b_conv300,579,11430904000.0,98967936629.0
llama2-7b_conv300,580,11430904000.0,99140775237.0
llama2-7b_conv300,581,11430904000.0,99313613845.0
llama2-7b_conv300,582,11430904000.0,99486452453.0
llama2-7b_conv300,583,11430904000.0,99659291061.0
llama2-7b_conv300,584,11430904000.0,99832129669.0
llama2-7b_conv300,585,11430904000.0,99998547029.0
llama2-7b_conv300,586,11430904000.0,100164964389.0
llama2-7b_conv300,587,11430904000.0,100331383797.0
llama2-7b_conv300,588,11430904000.0,100497803205.0
llama2-7b_conv300,589,11430904000.0,100664222613.0
llama2-7b_conv300,590,11430904000.0,100830642021.0
llama2-7b_conv300,591,11157911000.0,100990524981.0
llama2-7b_conv300,592,11157911000.0,101150407941.0
llama2-7b_conv300,593,11157911000.0,101310290901.0
llama2-7b_conv300,594,11157911000.0,101470173861.0
llama2-7b_conv300,595,11157911000.0,101630056821.0
llama2-7b_conv300,596,11157911000.0,101789939781.0
llama2-7b_conv300,597,11157911000.0,101948659221.0
llama2-7b_conv300,598,11157911000.0,102107378661.0
llama2-7b_conv300,599,11157911000.0,102266098101.0
llama2-7b_conv300,600,11157911000.0,102424817541.0
llama2-7b_conv300,601,11157911000.0,102583536981.0
llama2-7b_conv300,602,11157911000.0,102742256421.0
llama2-7b_conv300,603,11157911000.0,102900975861.0
llama2-7b_conv300,604,11157911000.0,103059695301.0
llama2-7b_conv300,605,11157911000.0,103218414741.0
llama2-7b_conv300,606,11157911000.0,103377134181.0
llama2-7b_conv300,607,11157911000.0,103535853621.0
llama2-7b_conv300,608,11157911000.0,103694573061.0
llama2-7b_conv300,609,11157911000.0,103853292501.0
llama2-7b_conv300,610,11157911000.0,104012011941.0
llama2-7b_conv300,611,11157911000.0,104170731381.0
llama2-7b_conv300,612,11157911000.0,104329450821.0
llama2-7b_conv300,613,11157911000.0,104488170261.0
llama2-7b_conv300,614,11157911000.0,104646889701.0
llama2-7b_conv300,615,11157911000.0,104805609141.0
llama2-7b_conv300,616,11157911000.0,104964328581.0
llama2-7b_conv300,617,11157911000.0,105123048021.0
llama2-7b_conv300,618,11157911000.0,105281767461.0
llama2-7b_conv300,619,11157911000.0,105440486901.0
llama2-7b_conv300,620,11836633000.0,105598955284.0
llama2-7b_conv300,621,11836633000.0,105758266852.0
llama2-7b_conv300,622,11836633000.0,105917578420.0
llama2-7b_conv300,623,11836633000.0,106076889988.0
llama2-7b_conv300,624,11836633000.0,106236201556.0
llama2-7b_conv300,625,11836633000.0,106395513124.0
llama2-7b_conv300,626,11836633000.0,106554824692.0
llama2-7b_conv300,627,11836633000.0,106714136260.0
llama2-7b_conv300,628,11836633000.0,106873447828.0
llama2-7b_conv300,629,11836633000.0,107032759396.0
llama2-7b_conv300,630,11836633000.0,107192070964.0
llama2-7b_conv300,631,11836633000.0,107351382532.0
llama2-7b_conv300,632,11836633000.0,107510694100.0
llama2-7b_conv300,633,11836633000.0,107670005668.0
llama2-7b_conv300,634,11836633000.0,107829317236.0
llama2-7b_conv300,635,11836633000.0,107988692292.0
llama2-7b_conv300,636,11836633000.0,108148067348.0
llama2-7b_conv300,637,11836633000.0,108307442404.0
llama2-7b_conv300,638,11836633000.0,108466817460.0
llama2-7b_conv300,639,11836633000.0,108626192516.0
llama2-7b_conv300,640,11836633000.0,108785567572.0
llama2-7b_conv300,641,11836633000.0,108944942628.0
llama2-7b_conv300,642,11836633000.0,109104317684.0
llama2-7b_conv300,643,11836633000.0,109263692740.0
llama2-7b_conv300,644,11836633000.0,109423067796.0
llama2-7b_conv300,645,11836633000.0,109582442852.0
llama2-7b_conv300,646,11836633000.0,109741817908.0
llama2-7b_conv300,647,11836633000.0,109901192964.0
llama2-7b_conv300,648,11836633000.0,110060568020.0
llama2-7b_conv300,649,11836633000.0,110219943076.0
llama2-7b_conv300,650,11836633000.0,110379318132.0
llama2-7b_conv300,651,11836633000.0,110538756676.0
llama2-7b_conv300,652,11836633000.0,110698195220.0
llama2-7b_conv300,653,11836633000.0,110857633764.0
llama2-7b_conv300,654,11836633000.0,111017072308.0
llama2-7b_conv300,655,11836633000.0,111176510852.0
llama2-7b_conv300,656,11836633000.0,111335949396.0
llama2-7b_conv300,657,11836633000.0,111495387940.0
llama2-7b_conv300,658,11836633000.0,111654826484.0
llama2-7b_conv300,659,11836633000.0,111814265028.0
llama2-7b_conv300,660,11836633000.0,111972984468.0
llama2-7b_conv300,661,11836633000.0,112131703908.0
llama2-7b_conv300,662,11836633000.0,112290423348.0
llama2-7b_conv300,663,11836633000.0,112449142788.0
llama2-7b_conv300,664,11836633000.0,112607862228.0
llama2-7b_conv300,665,11836633000.0,112766581668.0
llama2-7b_conv300,666,11836633000.0,112925301108.0
llama2-7b_conv300,667,11836633000.0,113084020548.0
llama2-7b_conv300,668,11836633000.0,113242739988.0
llama2-7b_conv300,669,11836633000.0,113401459428.0
llama2-7b_conv300,670,11836633000.0,113560178868.0
llama2-7b_conv300,671,11836633000.0,113718898308.0
llama2-7b_conv300,672,11836633000.0,113877617748.0
llama2-7b_conv300,673,11836633000.0,114036337188.0
llama2-7b_conv300,674,11836633000.0,114195056628.0
llama2-7b_conv300,675,11836633000.0,114353776068.0
llama2-7b_conv300,676,11836633000.0,114512495508.0
llama2-7b_conv300,677,11836633000.0,114671214948.0
llama2-7b_conv300,678,11836633000.0,114829934388.0
llama2-7b_conv300,679,11836633000.0,114988653828.0
llama2-7b_conv300,680,11836633000.0,115147373268.0
llama2-7b_conv300,681,11836633000.0,115306092708.0
llama2-7b_conv300,682,11836633000.0,115464812148.0
llama2-7b_conv300,683,11836633000.0,115623531588.0
llama2-7b_conv300,684,11836633000.0,115782251028.0
llama2-7b_conv300,685,11836633000.0,115940970468.0
llama2-7b_conv300,686,11836633000.0,116099689908.0
llama2-7b_conv300,687,11836633000.0,116258409348.0
llama2-7b_conv300,688,11836633000.0,116417128788.0
llama2-7b_conv300,689,11836633000.0,116575848228.0
llama2-7b_conv300,690,11836633000.0,116734567668.0
llama2-7b_conv300,691,11836633000.0,116893287108.0
llama2-7b_conv300,692,11836633000.0,117052006548.0
llama2-7b_conv300,693,11836633000.0,117210725988.0
llama2-7b_conv300,694,12886545000.0,117300233440.0
llama2-7b_conv300,695,12886545000.0,117458703024.0
llama2-7b_conv300,696,12886545000.0,117617172608.0
llama2-7b_conv300,697,12886545000.0,117775642192.0
llama2-7b_conv300,698,12886545000.0,117934111776.0
llama2-7b_conv300,699,12886545000.0,118092581360.0
llama2-7b_conv300,700,12886545000.0,118251050944.0
llama2-7b_conv300,701,12886545000.0,118409520528.0
llama2-7b_conv300,702,12886545000.0,118567990112.0
llama2-7b_conv300,703,12886545000.0,118726459696.0
llama2-7b_conv300,704,12886545000.0,118884929280.0
llama2-7b_conv300,705,12886545000.0,119043398864.0
llama2-7b_conv300,706,12886545000.0,119201868448.0
llama2-7b_conv300,707,12886545000.0,119360338032.0
llama2-7b_conv300,708,13025088000.0,120455847852.0
llama2-7b_conv300,709,13025088000.0,121589626600.0
llama2-7b_conv300,710,13049843000.0,121972242983.0
llama2-7b_conv300,711,13049843000.0,121991096311.0
llama2-7b_conv300,712,13049843000.0,122157202375.0
llama2-7b_conv300,713,13049843000.0,122323308439.0
llama2-7b_conv300,714,13049843000.0,122489414503.0
llama2-7b_conv300,715,13049843000.0,122655520567.0
llama2-7b_conv300,716,13049843000.0,122821626631.0
llama2-7b_conv300,717,13049843000.0,122987732695.0
llama2-7b_conv300,718,13049843000.0,123153838759.0
llama2-7b_conv300,719,13049843000.0,123319944823.0
llama2-7b_conv300,720,13049843000.0,123486050887.0
llama2-7b_conv300,721,13049843000.0,123652156951.0
llama2-7b_conv300,722,13049843000.0,123818263015.0
llama2-7b_conv300,723,13049843000.0,123984369079.0
llama2-7b_conv300,724,13049843000.0,124150475143.0
llama2-7b_conv300,725,13049843000.0,124316581207.0
llama2-7b_conv300,726,13049843000.0,124482687271.0
llama2-7b_conv300,727,13049843000.0,124648793335.0
llama2-7b_conv300,728,13049843000.0,124814899399.0
llama2-7b_conv300,729,13049843000.0,124981005463.0
llama2-7b_conv300,730,13049843000.0,125147111527.0
llama2-7b_conv300,731,13049843000.0,125313217591.0
llama2-7b_conv300,732,13049843000.0,125479323655.0
llama2-7b_conv300,733,13049843000.0,125645429719.0
llama2-7b_conv300,734,13049843000.0,125811535783.0
llama2-7b_conv300,735,13049843000.0,125977641847.0
llama2-7b_conv300,736,13049843000.0,126143747911.0
llama2-7b_conv300,737,13049843000.0,126309853975.0
llama2-7b_conv300,738,13049843000.0,126475960039.0
llama2-7b_conv300,739,13049843000.0,126642066103.0
llama2-7b_conv300,740,13049843000.0,126808172167.0
llama2-7b_conv300,741,13049843000.0,126974278231.0
llama2-7b_conv300,742,13049843000.0,127140384295.0
llama2-7b_conv300,743,13049843000.0,127306490359.0
llama2-7b_conv300,744,13049843000.0,127472782791.0
llama2-7b_conv300,745,13049843000.0,127639075223.0
llama2-7b_conv300,746,13049843000.0,127805367655.0
llama2-7b_conv300,747,13049843000.0,127971660087.0
llama2-7b_conv300,748,13049843000.0,128137952519.0
llama2-7b_conv300,749,13049843000.0,128304244951.0
llama2-7b_conv300,750,13049843000.0,128470537383.0
llama2-7b_conv300,751,13049843000.0,128636829815.0
llama2-7b_conv300,752,13049843000.0,128803122247.0
llama2-7b_conv300,753,13049843000.0,128969414679.0
llama2-7b_conv300,754,13049843000.0,129135707111.0
llama2-7b_conv300,755,13049843000.0,129301999543.0
llama2-7b_conv300,756,13049843000.0,129468291975.0
llama2-7b_conv300,757,13049843000.0,129634584407.0
llama2-7b_conv300,758,13049843000.0,129800876839.0
llama2-7b_conv300,759,13049843000.0,129967169271.0
llama2-7b_conv300,760,13049843000.0,130133461703.0
llama2-7b_conv300,761,13049843000.0,130299754135.0
llama2-7b_conv300,762,13049843000.0,130466046567.0
llama2-7b_conv300,763,13049843000.0,130632338999.0
llama2-7b_conv300,764,13049843000.0,130798631431.0
llama2-7b_conv300,765,13049843000.0,130964987351.0
llama2-7b_conv300,766,13049843000.0,131131343271.0
llama2-7b_conv300,767,13049843000.0,131297699191.0
llama2-7b_conv300,768,13049843000.0,131464055111.0
llama2-7b_conv300,769,13049843000.0,131630411031.0
llama2-7b_conv300,770,13049843000.0,131796953319.0
llama2-7b_conv300,771,13049843000.0,131963495607.0
llama2-7b_conv300,772,13049843000.0,132130037895.0
llama2-7b_conv300,773,13049843000.0,132296580183.0
llama2-7b_conv300,774,13049843000.0,132463122471.0
llama2-7b_conv300,775,13049843000.0,132629664759.0
llama2-7b_conv300,776,13049843000.0,132796207047.0
llama2-7b_conv300,777,13049843000.0,132962749335.0
llama2-7b_conv300,778,13049843000.0,133129291623.0
llama2-7b_conv300,779,13049843000.0,133295833911.0
llama2-7b_conv300,780,13049843000.0,133462376199.0
llama2-7b_conv300,781,13049843000.0,133628918487.0
llama2-7b_conv300,782,13049843000.0,133795460775.0
llama2-7b_conv300,783,13049843000.0,133962003063.0
llama2-7b_conv300,784,13049843000.0,134128545351.0
llama2-7b_conv300,785,13049843000.0,134295087639.0
llama2-7b_conv300,786,13049843000.0,134461629927.0
llama2-7b_conv300,787,13049843000.0,134628172215.0
llama2-7b_conv300,788,13049843000.0,134794714503.0
llama2-7b_conv300,789,13049843000.0,134961256791.0
llama2-7b_conv300,790,13049843000.0,135127799079.0
llama2-7b_conv300,791,13049843000.0,135294341367.0
llama2-7b_conv300,792,13049843000.0,135460883655.0
llama2-7b_conv300,793,13049843000.0,135627425943.0
llama2-7b_conv300,794,13049843000.0,135793968231.0
llama2-7b_conv300,795,13049843000.0,135960510519.0
llama2-7b_conv300,796,13049843000.0,136127052807.0
llama2-7b_conv300,797,13049843000.0,136293595095.0
llama2-7b_conv300,798,13049843000.0,136460137383.0
llama2-7b_conv300,799,13049843000.0,136626679671.0
llama2-7b_conv300,800,13049843000.0,136793221959.0
llama2-7b_conv300,801,13049843000.0,136959764247.0
llama2-7b_conv300,802,13049843000.0,137126306535.0
llama2-7b_conv300,803,13049843000.0,137292848823.0
llama2-7b_conv300,804,14059550000.0,137375260859.0
llama2-7b_conv300,805,14059550000.0,137547974539.0
llama2-7b_conv300,806,14059550000.0,137720688219.0
llama2-7b_conv300,807,14097780000.0,137976088611.0
llama2-7b_conv300,808,14097780000.0,138169367539.0
llama2-7b_conv300,809,14097780000.0,138362646467.0
llama2-7b_conv300,810,14097780000.0,138555925395.0
llama2-7b_conv300,811,14097780000.0,138749204323.0
llama2-7b_conv300,812,14097780000.0,138942483251.0
llama2-7b_conv300,813,14097780000.0,139135762179.0
llama2-7b_conv300,814,14097780000.0,139329041107.0
llama2-7b_conv300,815,14097780000.0,139522320035.0
llama2-7b_conv300,816,14097780000.0,139715598963.0
llama2-7b_conv300,817,14097780000.0,139908877891.0
llama2-7b_conv300,818,14097780000.0,140102156819.0
llama2-7b_conv300,819,14097780000.0,140295435747.0
llama2-7b_conv300,820,14097780000.0,140488714675.0
llama2-7b_conv300,821,14097780000.0,140681993603.0
llama2-7b_conv300,822,14097780000.0,140875272531.0
llama2-7b_conv300,823,14097780000.0,141068551459.0
llama2-7b_conv300,824,14293309000.0,141413604267.0
llama2-7b_conv300,825,14293309000.0,141796909619.0
llama2-7b_conv300,826,14293309000.0,142550210747.0
llama2-7b_conv300,827,14293309000.0,143305588547.0
llama2-7b_conv300,828,14293309000.0,144722466251.0
llama2-7b_conv300,829,14293309000.0,146194898003.0
llama2-7b_conv300,830,14293309000.0,148414812891.0
llama2-7b_conv300,831,14293309000.0,151384577795.0
llama2-7b_conv300,832,14293309000.0,151575457491.0
llama2-7b_conv300,833,14293309000.0,151766337187.0
llama2-7b_conv300,834,14293309000.0,151957216883.0
llama2-7b_conv300,835,14293309000.0,152148096579.0
llama2-7b_conv300,836,14293309000.0,152338976275.0
llama2-7b_conv300,837,14293309000.0,152529855971.0
llama2-7b_conv300,838,14293309000.0,152720735667.0
llama2-7b_conv300,839,14293309000.0,152911615363.0
llama2-7b_conv300,840,14293309000.0,153102495059.0
llama2-7b_conv300,841,14293309000.0,153293374755.0
llama2-7b_conv300,842,14293309000.0,153484254451.0
llama2-7b_conv300,843,14293309000.0,153675134147.0
llama2-7b_conv300,844,14293309000.0,153866013843.0
llama2-7b_conv300,845,14293309000.0,154056893539.0
llama2-7b_conv300,846,14293309000.0,154247773235.0
llama2-7b_conv300,847,14293309000.0,154438652931.0
llama2-7b_conv300,848,14293309000.0,154629532627.0
llama2-7b_conv300,849,14293309000.0,154820412323.0
llama2-7b_conv300,850,14293309000.0,155011292019.0
llama2-7b_conv300,851,14293309000.0,155202171715.0
llama2-7b_conv300,852,14293309000.0,155396720403.0
llama2-7b_conv300,853,14293309000.0,155591269091.0
llama2-7b_conv300,854,14293309000.0,155785817779.0
llama2-7b_conv300,855,14293309000.0,155980366467.0
llama2-7b_conv300,856,14293309000.0,156154413395.0
llama2-7b_conv300,857,14293309000.0,156328460323.0
llama2-7b_conv300,858,14293309000.0,156502507251.0
llama2-7b_conv300,859,14293309000.0,156676554179.0
llama2-7b_conv300,860,14293309000.0,156850601107.0
llama2-7b_conv300,861,14293309000.0,157018226787.0
llama2-7b_conv300,862,14293309000.0,157185852467.0
llama2-7b_conv300,863,14293309000.0,157346755331.0
llama2-7b_conv300,864,14293309000.0,157507658195.0
llama2-7b_conv300,865,14293309000.0,157668561059.0
llama2-7b_conv300,866,14293309000.0,157829463923.0
llama2-7b_conv300,867,14293309000.0,157990366787.0
llama2-7b_conv300,868,14293309000.0,158151269651.0
llama2-7b_conv300,869,14293309000.0,158312172515.0
llama2-7b_conv300,870,14293309000.0,158473075379.0
llama2-7b_conv300,871,14293309000.0,158633978243.0
llama2-7b_conv300,872,14293309000.0,158794881107.0
llama2-7b_conv300,873,14293309000.0,158955783971.0
llama2-7b_conv300,874,14293309000.0,159116686835.0
llama2-7b_conv300,875,14293309000.0,159277589699.0
llama2-7b_conv300,876,14293309000.0,159438492563.0
llama2-7b_conv300,877,14293309000.0,159599395427.0
llama2-7b_conv300,878,14293309000.0,159760298291.0
llama2-7b_conv300,879,14293309000.0,159921387523.0
llama2-7b_conv300,880,14293309000.0,160082476755.0
llama2-7b_conv300,881,14293309000.0,160243565987.0
llama2-7b_conv300,882,14293309000.0,160404655219.0
llama2-7b_conv300,883,14293309000.0,160565744451.0
llama2-7b_conv300,884,14293309000.0,160726833683.0
llama2-7b_conv300,885,14293309000.0,160887922915.0
llama2-7b_conv300,886,14293309000.0,161049012147.0
llama2-7b_conv300,887,14293309000.0,161210101379.0
llama2-7b_conv300,888,14293309000.0,161371190611.0
llama2-7b_conv300,889,14293309000.0,161532279843.0
llama2-7b_conv300,890,14293309000.0,161693369075.0
llama2-7b_conv300,891,14293309000.0,161854458307.0
llama2-7b_conv300,892,14293309000.0,162015547539.0
llama2-7b_conv300,893,14059550000.0,162174203491.0
llama2-7b_conv300,894,14059550000.0,162332859443.0
llama2-7b_conv300,895,14059550000.0,162491515395.0
llama2-7b_conv300,896,14059550000.0,162650171347.0
llama2-7b_conv300,897,14059550000.0,162808827299.0
llama2-7b_conv300,898,14059550000.0,162967483251.0
llama2-7b_conv300,899,14059550000.0,163126139203.0
llama2-7b_conv300,900,14059550000.0,163284795155.0
llama2-7b_conv300,901,14059550000.0,163443451107.0
llama2-7b_conv300,902,14059550000.0,163602107059.0
llama2-7b_conv300,903,14059550000.0,163760763011.0
llama2-7b_conv300,904,14059550000.0,163919418963.0
llama2-7b_conv300,905,14059550000.0,164078074915.0
llama2-7b_conv300,906,14059550000.0,164236730867.0
llama2-7b_conv300,907,14059550000.0,164395386819.0
llama2-7b_conv300,908,14059550000.0,164554042771.0
llama2-7b_conv300,909,14059550000.0,164712698723.0
llama2-7b_conv300,910,14059550000.0,164871354675.0
llama2-7b_conv300,911,14059550000.0,165030010627.0
llama2-7b_conv300,912,14059550000.0,165188666579.0
llama2-7b_conv300,913,14059550000.0,165347322531.0
llama2-7b_conv300,914,14059550000.0,165505978483.0
llama2-7b_conv300,915,14059550000.0,165664634435.0
llama2-7b_conv300,916,14059550000.0,165823290387.0
llama2-7b_conv300,917,14059550000.0,165981946339.0
llama2-7b_conv300,918,14059550000.0,166140602291.0
llama2-7b_conv300,919,14059550000.0,166299258243.0
llama2-7b_conv300,920,14059550000.0,166457914195.0
llama2-7b_conv300,921,14059550000.0,166616570147.0
llama2-7b_conv300,922,14059550000.0,166775226099.0
llama2-7b_conv300,923,14059550000.0,166933882051.0
llama2-7b_conv300,924,14059550000.0,167092538003.0
llama2-7b_conv300,925,14059550000.0,167251193955.0
llama2-7b_conv300,926,14059550000.0,167409849907.0
llama2-7b_conv300,927,14059550000.0,167568505859.0
llama2-7b_conv300,928,14059550000.0,167727161811.0
llama2-7b_conv300,929,14059550000.0,167885817763.0
llama2-7b_conv300,930,14059550000.0,168044473715.0
llama2-7b_conv300,931,14059550000.0,168203129667.0
llama2-7b_conv300,932,14059550000.0,168361785619.0
llama2-7b_conv300,933,14059550000.0,168520441571.0
llama2-7b_conv300,934,14059550000.0,168679097523.0
llama2-7b_conv300,935,14059550000.0,168837753475.0
llama2-7b_conv300,936,14059550000.0,168996409427.0
llama2-7b_conv300,937,14059550000.0,169155065379.0
llama2-7b_conv300,938,14059550000.0,169313721331.0
llama2-7b_conv300,939,14059550000.0,169472377283.0
llama2-7b_conv300,940,14059550000.0,169631033235.0
llama2-7b_conv300,941,14059550000.0,169789689187.0
llama2-7b_conv300,942,14059550000.0,169948345139.0
llama2-7b_conv300,943,14059550000.0,170107001091.0
llama2-7b_conv300,944,14059550000.0,170265657043.0
llama2-7b_conv300,945,14059550000.0,170424312995.0
llama2-7b_conv300,946,14059550000.0,170582968947.0
llama2-7b_conv300,947,14059550000.0,170741624899.0
llama2-7b_conv300,948,14059550000.0,170900280851.0
llama2-7b_conv300,949,14059550000.0,171058936803.0
llama2-7b_conv300,950,14059550000.0,171217592755.0
llama2-7b_conv300,951,14059550000.0,171376248707.0
llama2-7b_conv300,952,14059550000.0,171534904659.0
llama2-7b_conv300,953,14059550000.0,171693560611.0
llama2-7b_conv300,954,14059550000.0,171852216563.0
llama2-7b_conv300,955,14059550000.0,172010872515.0
llama2-7b_conv300,956,14059550000.0,172169528467.0
llama2-7b_conv300,957,14059550000.0,172328184419.0
llama2-7b_conv300,958,17420918000.0,172669847388.0
llama2-7b_conv300,959,17420918000.0,173061842005.0
llama2-7b_conv300,960,17420918000.0,173619511630.0
llama2-7b_conv300,961,17420918000.0,174179278407.0
llama2-7b_conv300,962,17420918000.0,174996994880.0
llama2-7b_conv300,963,17420918000.0,175039434608.0
llama2-7b_conv300,964,17420918000.0,175199233344.0
llama2-7b_conv300,965,17420918000.0,175359032080.0
llama2-7b_conv300,966,17420918000.0,175518830816.0
llama2-7b_conv300,967,17420918000.0,175678629552.0
llama2-7b_conv300,968,17420918000.0,175838428288.0
llama2-7b_conv300,969,17420918000.0,175998227024.0
llama2-7b_conv300,970,17420918000.0,176158025760.0
llama2-7b_conv300,971,17420918000.0,176317824496.0
llama2-7b_conv300,972,17420918000.0,176477623232.0
llama2-7b_conv300,973,17420918000.0,176637421968.0
llama2-7b_conv300,974,17420918000.0,176797220704.0
llama2-7b_conv300,975,17420918000.0,176957019440.0
llama2-7b_conv300,976,17420918000.0,177116818176.0
llama2-7b_conv300,977,17420918000.0,177276616912.0
llama2-7b_conv300,978,17420918000.0,177436415648.0
llama2-7b_conv300,979,17420918000.0,177596214384.0
llama2-7b_conv300,980,17792938000.0,177686548541.0
llama2-7b_conv300,981,17792938000.0,177846753037.0
llama2-7b_conv300,982,17792938000.0,178006957533.0
llama2-7b_conv300,983,17792938000.0,178167162029.0
llama2-7b_conv300,984,17792938000.0,178327366525.0
llama2-7b_conv300,985,17792938000.0,178487571021.0
llama2-7b_conv300,986,17792938000.0,178647775517.0
llama2-7b_conv300,987,17792938000.0,178807980013.0
llama2-7b_conv300,988,17792938000.0,178968184509.0
llama2-7b_conv300,989,17792938000.0,179128389005.0
llama2-7b_conv300,990,17792938000.0,179288593501.0
llama2-7b_conv300,991,17792938000.0,179448797997.0
llama2-7b_conv300,992,17792938000.0,179609002493.0
llama2-7b_conv300,993,17792938000.0,179769206989.0
llama2-7b_conv300,994,17792938000.0,179929411485.0
llama2-7b_conv300,995,17792938000.0,180089615981.0
llama2-7b_conv300,996,17792938000.0,180249820477.0
llama2-7b_conv300,997,17792938000.0,180410024973.0
llama2-7b_conv300,998,17792938000.0,180570229469.0
llama2-7b_conv300,999,17792938000.0,180730433965.0
llama2-7b_conv300,1000,17792938000.0,180890638461.0
llama2-7b_conv300,1001,17792938000.0,181050842957.0
llama2-7b_conv300,1002,17792938000.0,181211047453.0
llama2-7b_conv300,1003,17792938000.0,181371251949.0
llama2-7b_conv300,1004,17792938000.0,181531456445.0
llama2-7b_conv300,1005,17792938000.0,181691660941.0
llama2-7b_conv300,1006,17792938000.0,181851865437.0
llama2-7b_conv300,1007,17792938000.0,182012069933.0
llama2-7b_conv300,1008,17792938000.0,182172274429.0
llama2-7b_conv300,1009,17792938000.0,182332478925.0
llama2-7b_conv300,1010,17792938000.0,182492683421.0
llama2-7b_conv300,1011,17792938000.0,182652887917.0
llama2-7b_conv300,1012,17792938000.0,182813092413.0
llama2-7b_conv300,1013,17792938000.0,182973296909.0
llama2-7b_conv300,1014,17792938000.0,183133501405.0
llama2-7b_conv300,1015,18160513000.0,183193108358.0
llama2-7b_conv300,1016,18160513000.0,183359847254.0
llama2-7b_conv300,1017,18160513000.0,183526588198.0
llama2-7b_conv300,1018,18160513000.0,183693329142.0
llama2-7b_conv300,1019,18160513000.0,183860070086.0
llama2-7b_conv300,1020,18160513000.0,184026811030.0
llama2-7b_conv300,1021,18160513000.0,184193551974.0
llama2-7b_conv300,1022,18160513000.0,184360292918.0
llama2-7b_conv300,1023,18160513000.0,184527033862.0
llama2-7b_conv300,1024,18160513000.0,184693774806.0
llama2-7b_conv300,1025,18160513000.0,184860515750.0
llama2-7b_conv300,1026,18160513000.0,185027256694.0
llama2-7b_conv300,1027,18160513000.0,185193997638.0
llama2-7b_conv300,1028,18160513000.0,185360738582.0
llama2-7b_conv300,1029,18160513000.0,185527479526.0
llama2-7b_conv300,1030,18160513000.0,185694220470.0
llama2-7b_conv300,1031,18160513000.0,185860961414.0
llama2-7b_conv300,1032,18160513000.0,186027702358.0
llama2-7b_conv300,1033,18160513000.0,186194629670.0
llama2-7b_conv300,1034,18160513000.0,186361556982.0
llama2-7b_conv300,1035,18160513000.0,186528484294.0
llama2-7b_conv300,1036,18160513000.0,186695411606.0
llama2-7b_conv300,1037,18160513000.0,186862338918.0
llama2-7b_conv300,1038,18160513000.0,187029266230.0
llama2-7b_conv300,1039,18160513000.0,187196193542.0
llama2-7b_conv300,1040,18160513000.0,187363120854.0
llama2-7b_conv300,1041,18160513000.0,187530048166.0
llama2-7b_conv300,1042,18160513000.0,187696975478.0
llama2-7b_conv300,1043,18463892000.0,187952631355.0
llama2-7b_conv300,1044,18463892000.0,188125979915.0
llama2-7b_conv300,1045,18463892000.0,188299328475.0
llama2-7b_conv300,1046,18463892000.0,188472677035.0
llama2-7b_conv300,1047,18463892000.0,188646025595.0
llama2-7b_conv300,1048,18463892000.0,188819374155.0
llama2-7b_conv300,1049,18463892000.0,188992722715.0
llama2-7b_conv300,1050,18463892000.0,189166071275.0
llama2-7b_conv300,1051,18463892000.0,189339419835.0
llama2-7b_conv300,1052,18463892000.0,189512768395.0
llama2-7b_conv300,1053,18463892000.0,189686116955.0
llama2-7b_conv300,1054,18463892000.0,189859465515.0
llama2-7b_conv300,1055,18463892000.0,190032814075.0
llama2-7b_conv300,1056,18463892000.0,190206162635.0
llama2-7b_conv300,1057,18463892000.0,190379511195.0
llama2-7b_conv300,1058,18463892000.0,190552859755.0
llama2-7b_conv300,1059,18463892000.0,190726208315.0
llama2-7b_conv300,1060,18463892000.0,190899556875.0
llama2-7b_conv300,1061,18463892000.0,191072905435.0
llama2-7b_conv300,1062,18463892000.0,191246253995.0
llama2-7b_conv300,1063,18463892000.0,191419602555.0
llama2-7b_conv300,1064,18463892000.0,191592951115.0
llama2-7b_conv300,1065,18463892000.0,191766299675.0
llama2-7b_conv300,1066,18463892000.0,191939648235.0
llama2-7b_conv300,1067,18463892000.0,192113060283.0
llama2-7b_conv300,1068,18463892000.0,192286472331.0
llama2-7b_conv300,1069,18463892000.0,192459884379.0
llama2-7b_conv300,1070,18463892000.0,192633296427.0
llama2-7b_conv300,1071,18463892000.0,192806708475.0
llama2-7b_conv300,1072,18463892000.0,192980120523.0
llama2-7b_conv300,1073,18463892000.0,193153532571.0
llama2-7b_conv300,1074,18463892000.0,193326944619.0
llama2-7b_conv300,1075,18463892000.0,193500356667.0
llama2-7b_conv300,1076,18463892000.0,193673768715.0
llama2-7b_conv300,1077,18463892000.0,193847180763.0
llama2-7b_conv300,1078,18463892000.0,194020592811.0
llama2-7b_conv300,1079,18463892000.0,194194004859.0
llama2-7b_conv300,1080,18463892000.0,194367416907.0
llama2-7b_conv300,1081,18463892000.0,194540828955.0
llama2-7b_conv300,1082,18463892000.0,194714241003.0
llama2-7b_conv300,1083,18463892000.0,194887653051.0
llama2-7b_conv300,1084,18463892000.0,195061065099.0
llama2-7b_conv300,1085,18463892000.0,195234477147.0
llama2-7b_conv300,1086,18463892000.0,195407889195.0
llama2-7b_conv300,1087,18463892000.0,195581301243.0
llama2-7b_conv300,1088,18463892000.0,195754713291.0
llama2-7b_conv300,1089,18979439000.0,196098747984.0
llama2-7b_conv300,1090,18979439000.0,196493097941.0
llama2-7b_conv300,1091,18979439000.0,197028464986.0
llama2-7b_conv300,1092,18979439000.0,197728704223.0
llama2-7b_conv300,1093,18979439000.0,198968288356.0
llama2-7b_conv300,1094,18979439000.0,199059290164.0
llama2-7b_conv300,1095,18979439000.0,199254283268.0
llama2-7b_conv300,1096,18979439000.0,199449276372.0
llama2-7b_conv300,1097,18979439000.0,199644269476.0
llama2-7b_conv300,1098,18979439000.0,199839262580.0
llama2-7b_conv300,1099,18979439000.0,200034255684.0
llama2-7b_conv300,1100,18979439000.0,200229248788.0
llama2-7b_conv300,1101,18979439000.0,200424241892.0
llama2-7b_conv300,1102,18979439000.0,200619234996.0
llama2-7b_conv300,1103,18979439000.0,200814228100.0
llama2-7b_conv300,1104,18979439000.0,201009221204.0
llama2-7b_conv300,1105,18979439000.0,201204214308.0
llama2-7b_conv300,1106,18979439000.0,201399270900.0
llama2-7b_conv300,1107,18979439000.0,201594327492.0
llama2-7b_conv300,1108,18979439000.0,201789384084.0
llama2-7b_conv300,1109,18979439000.0,201984440676.0
llama2-7b_conv300,1110,18979439000.0,202179497268.0
llama2-7b_conv300,1111,18979439000.0,202374553860.0
llama2-7b_conv300,1112,18979439000.0,202569610452.0
llama2-7b_conv300,1113,18979439000.0,202764667044.0
llama2-7b_conv300,1114,18979439000.0,202959723636.0
llama2-7b_conv300,1115,18979439000.0,203154780228.0
llama2-7b_conv300,1116,18979439000.0,203349836820.0
llama2-7b_conv300,1117,18979439000.0,203544893412.0
llama2-7b_conv300,1118,18979439000.0,203739950004.0
llama2-7b_conv300,1119,18979439000.0,203935006596.0
llama2-7b_conv300,1120,18979439000.0,204130063188.0
llama2-7b_conv300,1121,18979439000.0,204325119780.0
llama2-7b_conv300,1122,18979439000.0,204520176372.0
llama2-7b_conv300,1123,18979439000.0,204715232964.0
llama2-7b_conv300,1124,18979439000.0,204910289556.0
llama2-7b_conv300,1125,18979439000.0,205105346148.0
llama2-7b_conv300,1126,18979439000.0,205300402740.0
llama2-7b_conv300,1127,18979439000.0,205474957572.0
llama2-7b_conv300,1128,18979439000.0,205649512404.0
llama2-7b_conv300,1129,18979439000.0,205824067236.0
llama2-7b_conv300,1130,18979439000.0,205992200820.0
llama2-7b_conv300,1131,18979439000.0,206160334404.0
llama2-7b_conv300,1132,18979439000.0,206328467988.0
llama2-7b_conv300,1133,18979439000.0,206488672484.0
llama2-7b_conv300,1134,18979439000.0,206648876980.0
llama2-7b_conv300,1135,18979439000.0,206809081476.0
llama2-7b_conv300,1136,18979439000.0,206969285972.0
llama2-7b_conv300,1137,18979439000.0,207129490468.0
llama2-7b_conv300,1138,18979439000.0,207289694964.0
llama2-7b_conv300,1139,18979439000.0,207449899460.0
llama2-7b_conv300,1140,18979439000.0,207610103956.0
llama2-7b_conv300,1141,18979439000.0,207770308452.0
llama2-7b_conv300,1142,18979439000.0,207930512948.0
llama2-7b_conv300,1143,18979439000.0,208090717444.0
llama2-7b_conv300,1144,18979439000.0,208250921940.0
llama2-7b_conv300,1145,18979439000.0,208411312804.0
llama2-7b_conv300,1146,18979439000.0,208571703668.0
llama2-7b_conv300,1147,18979439000.0,208732094532.0
llama2-7b_conv300,1148,18979439000.0,208892485396.0
llama2-7b_conv300,1149,18979439000.0,209052876260.0
llama2-7b_conv300,1150,18979439000.0,209213267124.0
llama2-7b_conv300,1151,18979439000.0,209373657988.0
llama2-7b_conv300,1152,18979439000.0,209534048852.0
llama2-7b_conv300,1153,18979439000.0,209694439716.0
llama2-7b_conv300,1154,18979439000.0,209854830580.0
llama2-7b_conv300,1155,18979439000.0,210015221444.0
llama2-7b_conv300,1156,18979439000.0,210175612308.0
llama2-7b_conv300,1157,18979439000.0,210336003172.0
llama2-7b_conv300,1158,18979439000.0,210496394036.0
llama2-7b_conv300,1159,19913927000.0,210541147921.0
llama2-7b_conv300,1160,19913927000.0,210708073185.0
llama2-7b_conv300,1161,19913927000.0,210874998449.0
llama2-7b_conv300,1162,19945197000.0,211236811251.0
llama2-7b_conv300,1163,19945197000.0,211636884789.0
llama2-7b_conv300,1164,19945197000.0,212178110583.0
llama2-7b_conv300,1165,19945197000.0,212842007481.0
llama2-7b_conv300,1166,19945197000.0,213971853051.0
llama2-7b_conv300,1167,19945197000.0,214827614781.0
llama2-7b_conv300,1168,19945197000.0,216695502207.0
llama2-7b_conv300,1169,19945197000.0,217498330699.0
llama2-7b_conv300,1170,19945197000.0,217673454875.0
llama2-7b_conv300,1171,19945197000.0,217848579051.0
llama2-7b_conv300,1172,19945197000.0,218023703227.0
llama2-7b_conv300,1173,19945197000.0,218198827403.0
llama2-7b_conv300,1174,19945197000.0,218373951579.0
llama2-7b_conv300,1175,19945197000.0,218542906411.0
llama2-7b_conv300,1176,19945197000.0,218711861243.0
llama2-7b_conv300,1177,19945197000.0,218880816075.0
llama2-7b_conv300,1178,19945197000.0,219049770907.0
llama2-7b_conv300,1179,19945197000.0,219218725739.0
llama2-7b_conv300,1180,19945197000.0,219387680571.0
llama2-7b_conv300,1181,19945197000.0,219556635403.0
llama2-7b_conv300,1182,19945197000.0,219725590235.0
llama2-7b_conv300,1183,19945197000.0,219894545067.0
llama2-7b_conv300,1184,19945197000.0,220063499899.0
llama2-7b_conv300,1185,19945197000.0,220232454731.0
llama2-7b_conv300,1186,20478941000.0,220317279311.0
llama2-7b_conv300,1187,20478941000.0,220492405535.0
llama2-7b_conv300,1188,20478941000.0,220667531759.0
llama2-7b_conv300,1189,20478941000.0,220842657983.0
llama2-7b_conv300,1190,20478941000.0,221017784207.0
llama2-7b_conv300,1191,20478941000.0,221192910431.0
llama2-7b_conv300,1192,20478941000.0,221368036655.0
llama2-7b_conv300,1193,20478941000.0,221543162879.0
llama2-7b_conv300,1194,20478941000.0,221718289103.0
llama2-7b_conv300,1195,20478941000.0,221893415327.0
llama2-7b_conv300,1196,20478941000.0,222068541551.0
llama2-7b_conv300,1197,20478941000.0,222243667775.0
llama2-7b_conv300,1198,20478941000.0,222418793999.0
llama2-7b_conv300,1199,20478941000.0,222593920223.0
llama2-7b_conv300,1200,20478941000.0,222769046447.0
llama2-7b_conv300,1201,20658353000.0,222858674455.0
llama2-7b_conv300,1202,20658353000.0,223054116071.0
llama2-7b_conv300,1203,20658353000.0,223249557687.0
llama2-7b_conv300,1204,20658353000.0,223444999303.0
llama2-7b_conv300,1205,20658353000.0,223640440919.0
llama2-7b_conv300,1206,20658353000.0,223835882535.0
llama2-7b_conv300,1207,20658353000.0,224031324151.0
llama2-7b_conv300,1208,20658353000.0,224226765767.0
llama2-7b_conv300,1209,20658353000.0,224401705623.0
llama2-7b_conv300,1210,20658353000.0,224569144935.0
llama2-7b_conv300,1211,20658353000.0,224736584247.0
llama2-7b_conv300,1212,20658353000.0,224904023559.0
llama2-7b_conv300,1213,20658353000.0,225071462871.0
llama2-7b_conv300,1214,20658353000.0,225238902183.0
llama2-7b_conv300,1215,20658353000.0,225406341495.0
llama2-7b_conv300,1216,20658353000.0,225573780807.0
llama2-7b_conv300,1217,20658353000.0,225741220119.0
llama2-7b_conv300,1218,20658353000.0,225908659431.0
llama2-7b_conv300,1219,20658353000.0,226076098743.0
llama2-7b_conv300,1220,20658353000.0,226243538055.0
llama2-7b_conv300,1221,20658353000.0,226410977367.0
llama2-7b_conv300,1222,20658353000.0,226578416679.0
llama2-7b_conv300,1223,20658353000.0,226745855991.0
llama2-7b_conv300,1224,20658353000.0,226913295303.0
llama2-7b_conv300,1225,20941916000.0,227041793175.0
llama2-7b_conv300,1226,20941916000.0,227215401831.0
llama2-7b_conv300,1227,20941916000.0,227389010487.0
llama2-7b_conv300,1228,20941916000.0,227562619143.0
llama2-7b_conv300,1229,20941916000.0,227736227799.0
llama2-7b_conv300,1230,20941916000.0,227909836455.0
llama2-7b_conv300,1231,20941916000.0,228083445111.0
llama2-7b_conv300,1232,20941916000.0,228257053767.0
llama2-7b_conv300,1233,20941916000.0,228430662423.0
llama2-7b_conv300,1234,20941916000.0,228604271079.0
llama2-7b_conv300,1235,20941916000.0,228777879735.0
llama2-7b_conv300,1236,20941916000.0,228951488391.0
llama2-7b_conv300,1237,20941916000.0,229125097047.0
llama2-7b_conv300,1238,20941916000.0,229298705703.0
llama2-7b_conv300,1239,20941916000.0,229472314359.0
llama2-7b_conv300,1240,20941916000.0,229645923015.0
llama2-7b_conv300,1241,20941916000.0,229819531671.0
llama2-7b_conv300,1242,20941916000.0,229993140327.0
llama2-7b_conv300,1243,20941916000.0,230158550071.0
llama2-7b_conv300,1244,20941916000.0,230323959815.0
llama2-7b_conv300,1245,20941916000.0,230489369559.0
llama2-7b_conv300,1246,20941916000.0,230654779303.0
llama2-7b_conv300,1247,20941916000.0,230820189047.0
llama2-7b_conv300,1248,20941916000.0,230985598791.0
llama2-7b_conv300,1249,20941916000.0,231151008535.0
llama2-7b_conv300,1250,20941916000.0,231316418279.0
llama2-7b_conv300,1251,20941916000.0,231481828023.0
llama2-7b_conv300,1252,20941916000.0,231647237767.0
llama2-7b_conv300,1253,20941916000.0,231812647511.0
llama2-7b_conv300,1254,20941916000.0,231978057255.0
llama2-7b_conv300,1255,20941916000.0,232143466999.0
llama2-7b_conv300,1256,20941916000.0,232308876743.0
llama2-7b_conv300,1257,20941916000.0,232474286487.0
llama2-7b_conv300,1258,20941916000.0,232639696231.0
llama2-7b_conv300,1259,20941916000.0,232805105975.0
llama2-7b_conv300,1260,20941916000.0,232970515719.0
llama2-7b_conv300,1261,20941916000.0,233136111831.0
llama2-7b_conv300,1262,20941916000.0,233301707943.0
llama2-7b_conv300,1263,20941916000.0,233467304055.0
llama2-7b_conv300,1264,20941916000.0,233632900167.0
llama2-7b_conv300,1265,20941916000.0,233798496279.0
llama2-7b_conv300,1266,21370065000.0,233889316060.0
llama2-7b_conv300,1267,21375087000.0,234158587356.0
llama2-7b_conv300,1268,21375087000.0,234351106476.0
llama2-7b_conv300,1269,21375087000.0,234543625596.0
llama2-7b_conv300,1270,21375087000.0,234736144716.0
llama2-7b_conv300,1271,21375087000.0,234928663836.0
llama2-7b_conv300,1272,21375087000.0,235121182956.0
llama2-7b_conv300,1273,21375087000.0,235313702076.0
llama2-7b_conv300,1274,21375087000.0,235506221196.0
llama2-7b_conv300,1275,21375087000.0,235698740316.0
llama2-7b_conv300,1276,21375087000.0,235891259436.0
llama2-7b_conv300,1277,21375087000.0,236083778556.0
llama2-7b_conv300,1278,21375087000.0,236276297676.0
llama2-7b_conv300,1279,21375087000.0,236468816796.0
llama2-7b_conv300,1280,21375087000.0,236661335916.0
llama2-7b_conv300,1281,21375087000.0,236853855036.0
llama2-7b_conv300,1282,21375087000.0,237046374156.0
llama2-7b_conv300,1283,21375087000.0,237238893276.0
llama2-7b_conv300,1284,21375087000.0,237431412396.0
llama2-7b_conv300,1285,21375087000.0,237623931516.0
llama2-7b_conv300,1286,21375087000.0,237816450636.0
llama2-7b_conv300,1287,21375087000.0,238008969756.0
llama2-7b_conv300,1288,21375087000.0,238201488876.0
llama2-7b_conv300,1289,21375087000.0,238394007996.0
llama2-7b_conv300,1290,21375087000.0,238586527116.0
llama2-7b_conv300,1291,21375087000.0,238779046236.0
llama2-7b_conv300,1292,21375087000.0,238971565356.0
llama2-7b_conv300,1293,21375087000.0,239164084476.0
llama2-7b_conv300,1294,21375087000.0,239356603596.0
llama2-7b_conv300,1295,21375087000.0,239549122716.0
llama2-7b_conv300,1296,21375087000.0,239741641836.0
llama2-7b_conv300,1297,21375087000.0,239934160956.0
llama2-7b_conv300,1298,21375087000.0,240126680076.0
llama2-7b_conv300,1299,21375087000.0,240319199196.0
llama2-7b_conv300,1300,21375087000.0,240511718316.0
llama2-7b_conv300,1301,21375087000.0,240704237436.0
llama2-7b_conv300,1302,21375087000.0,240896756556.0
llama2-7b_conv300,1303,21375087000.0,241089275676.0
llama2-7b_conv300,1304,21375087000.0,241281794796.0
llama2-7b_conv300,1305,21375087000.0,241474313916.0
llama2-7b_conv300,1306,21375087000.0,241666833036.0
llama2-7b_conv300,1307,21375087000.0,241859352156.0
llama2-7b_conv300,1308,21375087000.0,242051871276.0
llama2-7b_conv300,1309,21375087000.0,242223888636.0
llama2-7b_conv300,1310,21375087000.0,242395905996.0
llama2-7b_conv300,1311,21375087000.0,242567923356.0
llama2-7b_conv300,1312,21375087000.0,242739940716.0
llama2-7b_conv300,1313,21375087000.0,242911958076.0
llama2-7b_conv300,1314,21375087000.0,243083975436.0
llama2-7b_conv300,1315,21375087000.0,243255992796.0
llama2-7b_conv300,1316,21375087000.0,243428010156.0
llama2-7b_conv300,1317,21375087000.0,243600027516.0
llama2-7b_conv300,1318,21375087000.0,243772044876.0
llama2-7b_conv300,1319,21375087000.0,243944248604.0
llama2-7b_conv300,1320,21375087000.0,244116452332.0
llama2-7b_conv300,1321,21375087000.0,244288656060.0
llama2-7b_conv300,1322,21375087000.0,244460859788.0
llama2-7b_conv300,1323,21375087000.0,244633063516.0
llama2-7b_conv300,1324,21375087000.0,244805267244.0
llama2-7b_conv300,1325,21375087000.0,244977470972.0
llama2-7b_conv300,1326,21375087000.0,245149676748.0
llama2-7b_conv300,1327,21375087000.0,245321882524.0
llama2-7b_conv300,1328,21375087000.0,245494088300.0
llama2-7b_conv300,1329,21375087000.0,245666294076.0
llama2-7b_conv300,1330,21375087000.0,245838499852.0
llama2-7b_conv300,1331,21375087000.0,246010705628.0
llama2-7b_conv300,1332,21375087000.0,246182911404.0
llama2-7b_conv300,1333,21375087000.0,246355117180.0
llama2-7b_conv300,1334,21375087000.0,246527322956.0
llama2-7b_conv300,1335,21375087000.0,246699528732.0
llama2-7b_conv300,1336,21375087000.0,246871734508.0
llama2-7b_conv300,1337,21375087000.0,247043940284.0
llama2-7b_conv300,1338,21375087000.0,247216146060.0
llama2-7b_conv300,1339,21375087000.0,247388351836.0
llama2-7b_conv300,1340,21375087000.0,247560557612.0
llama2-7b_conv300,1341,21375087000.0,247732763388.0
llama2-7b_conv300,1342,21375087000.0,247904969164.0
llama2-7b_conv300,1343,21375087000.0,248077174940.0
llama2-7b_conv300,1344,21375087000.0,248249380716.0
llama2-7b_conv300,1345,21375087000.0,248421586492.0
llama2-7b_conv300,1346,21375087000.0,248593792268.0
llama2-7b_conv300,1347,21375087000.0,248765998044.0
llama2-7b_conv300,1348,21370065000.0,248931782572.0
llama2-7b_conv300,1349,21370065000.0,249097567100.0
llama2-7b_conv300,1350,21370065000.0,249263351628.0
llama2-7b_conv300,1351,21370065000.0,249429136156.0
llama2-7b_conv300,1352,21370065000.0,249594920684.0
llama2-7b_conv300,1353,21370065000.0,249760705212.0
llama2-7b_conv300,1354,21370065000.0,249926489740.0
llama2-7b_conv300,1355,21370065000.0,250092274268.0
llama2-7b_conv300,1356,21370065000.0,250258058796.0
llama2-7b_conv300,1357,21370065000.0,250423843324.0
llama2-7b_conv300,1358,21370065000.0,250589627852.0
llama2-7b_conv300,1359,21370065000.0,250755412380.0
llama2-7b_conv300,1360,21370065000.0,250921196908.0
llama2-7b_conv300,1361,21370065000.0,251086981436.0
llama2-7b_conv300,1362,21370065000.0,251252765964.0
llama2-7b_conv300,1363,21370065000.0,251418550492.0
llama2-7b_conv300,1364,21370065000.0,251584335020.0
llama2-7b_conv300,1365,21370065000.0,251750119548.0
llama2-7b_conv300,1366,21370065000.0,251915904076.0
llama2-7b_conv300,1367,21370065000.0,252081688604.0
llama2-7b_conv300,1368,21370065000.0,252247473132.0
llama2-7b_conv300,1369,21370065000.0,252413257660.0
llama2-7b_conv300,1370,21370065000.0,252579042188.0
llama2-7b_conv300,1371,21370065000.0,252744826716.0
llama2-7b_conv300,1372,21370065000.0,252910611244.0
llama2-7b_conv300,1373,21370065000.0,253076395772.0
llama2-7b_conv300,1374,21370065000.0,253242180300.0
llama2-7b_conv300,1375,21370065000.0,253407964828.0
llama2-7b_conv300,1376,21370065000.0,253573749356.0
llama2-7b_conv300,1377,21370065000.0,253739533884.0
llama2-7b_conv300,1378,21370065000.0,253905318412.0
llama2-7b_conv300,1379,21370065000.0,254071102940.0
llama2-7b_conv300,1380,21370065000.0,254236887468.0
llama2-7b_conv300,1381,21370065000.0,254402671996.0
llama2-7b_conv300,1382,21370065000.0,254568456524.0
llama2-7b_conv300,1383,21370065000.0,254734241052.0
llama2-7b_conv300,1384,21370065000.0,254900025580.0
llama2-7b_conv300,1385,21370065000.0,255065810108.0
llama2-7b_conv300,1386,21370065000.0,255231594636.0
llama2-7b_conv300,1387,21370065000.0,255397379164.0
llama2-7b_conv300,1388,21370065000.0,255563163692.0
llama2-7b_conv300,1389,21370065000.0,255728948220.0
llama2-7b_conv300,1390,21370065000.0,255894732748.0
llama2-7b_conv300,1391,21370065000.0,256060517276.0
llama2-7b_conv300,1392,21370065000.0,256226301804.0
llama2-7b_conv300,1393,21370065000.0,256392086332.0
llama2-7b_conv300,1394,21370065000.0,256557934348.0
llama2-7b_conv300,1395,21370065000.0,256723782364.0
llama2-7b_conv300,1396,21370065000.0,256889630380.0
llama2-7b_conv300,1397,21370065000.0,257055478396.0
llama2-7b_conv300,1398,21370065000.0,257221326412.0
llama2-7b_conv300,1399,21370065000.0,257387174428.0
llama2-7b_conv300,1400,21370065000.0,257553022444.0
llama2-7b_conv300,1401,22712872000.0,257612270075.0
llama2-7b_conv300,1402,22712872000.0,257784287435.0
llama2-7b_conv300,1403,22712872000.0,257956306843.0
llama2-7b_conv300,1404,22712872000.0,258128326251.0
llama2-7b_conv300,1405,22712872000.0,258300345659.0
llama2-7b_conv300,1406,22712872000.0,258472365067.0
llama2-7b_conv300,1407,22712872000.0,258644384475.0
llama2-7b_conv300,1408,22712872000.0,258810232491.0
llama2-7b_conv300,1409,22712872000.0,258976080507.0
llama2-7b_conv300,1410,22712872000.0,259141928523.0
llama2-7b_conv300,1411,22712872000.0,259307776539.0
llama2-7b_conv300,1412,22712872000.0,259473624555.0
llama2-7b_conv300,1413,22712872000.0,259639472571.0
llama2-7b_conv300,1414,22712872000.0,259805320587.0
llama2-7b_conv300,1415,22712872000.0,259971168603.0
llama2-7b_conv300,1416,22712872000.0,260137016619.0
llama2-7b_conv300,1417,22712872000.0,260302864635.0
llama2-7b_conv300,1418,22712872000.0,260461926347.0
llama2-7b_conv300,1419,22712872000.0,260620988059.0
llama2-7b_conv300,1420,22712872000.0,260780049771.0
llama2-7b_conv300,1421,22712872000.0,260939111483.0
llama2-7b_conv300,1422,22712872000.0,261098173195.0
llama2-7b_conv300,1423,22712872000.0,261257234907.0
llama2-7b_conv300,1424,22712872000.0,261416296619.0
llama2-7b_conv300,1425,22712872000.0,261575358331.0
llama2-7b_conv300,1426,22712872000.0,261734420043.0
llama2-7b_conv300,1427,22712872000.0,261893481755.0
llama2-7b_conv300,1428,22712872000.0,262052543467.0
llama2-7b_conv300,1429,22712872000.0,262211605179.0
llama2-7b_conv300,1430,22994856000.0,262304155785.0
llama2-7b_conv300,1431,22994856000.0,262469753945.0
llama2-7b_conv300,1432,22994856000.0,262635352105.0
llama2-7b_conv300,1433,22994856000.0,262800950265.0
llama2-7b_conv300,1434,22994856000.0,262966548425.0
llama2-7b_conv300,1435,22994856000.0,263132146585.0
llama2-7b_conv300,1436,22994856000.0,263297744745.0
llama2-7b_conv300,1437,22994856000.0,263463342905.0
llama2-7b_conv300,1438,22994856000.0,263628941065.0
llama2-7b_conv300,1439,22994856000.0,263794539225.0
llama2-7b_conv300,1440,22994856000.0,263960137385.0
llama2-7b_conv300,1441,22994856000.0,264125735545.0
llama2-7b_conv300,1442,22994856000.0,264291333705.0
llama2-7b_conv300,1443,22994856000.0,264456931865.0
llama2-7b_conv300,1444,22994856000.0,264622530025.0
llama2-7b_conv300,1445,22994856000.0,264788128185.0
llama2-7b_conv300,1446,22994856000.0,264953726345.0
llama2-7b_conv300,1447,22994856000.0,265119387993.0
llama2-7b_conv300,1448,22994856000.0,265285049641.0
llama2-7b_conv300,1449,22994856000.0,265450711289.0
llama2-7b_conv300,1450,22994856000.0,265616372937.0
llama2-7b_conv300,1451,22994856000.0,265782034585.0
llama2-7b_conv300,1452,22994856000.0,265947696233.0
llama2-7b_conv300,1453,22994856000.0,266113357881.0
llama2-7b_conv300,1454,22994856000.0,266279019529.0
llama2-7b_conv300,1455,22994856000.0,266444681177.0
llama2-7b_conv300,1456,22994856000.0,266610342825.0
llama2-7b_conv300,1457,22994856000.0,266776004473.0
llama2-7b_conv300,1458,22994856000.0,266941666121.0
llama2-7b_conv300,1459,22994856000.0,267107327769.0
llama2-7b_conv300,1460,22994856000.0,267272989417.0
llama2-7b_conv300,1461,22994856000.0,267438651065.0
llama2-7b_conv300,1462,22994856000.0,267604312713.0
llama2-7b_conv300,1463,22994856000.0,267769974361.0
llama2-7b_conv300,1464,22994856000.0,267935636009.0
llama2-7b_conv300,1465,22994856000.0,268101297657.0
llama2-7b_conv300,1466,22994856000.0,268266959305.0
llama2-7b_conv300,1467,22994856000.0,268432620953.0
llama2-7b_conv300,1468,23371403000.0,268526192594.0
llama2-7b_conv300,1469,23371403000.0,268698025634.0
llama2-7b_conv300,1470,23371403000.0,268869858674.0
llama2-7b_conv300,1471,23371403000.0,269041691714.0
llama2-7b_conv300,1472,23371403000.0,269213524754.0
llama2-7b_conv300,1473,23371403000.0,269385357794.0
llama2-7b_conv300,1474,23371403000.0,269557190834.0
llama2-7b_conv300,1475,23371403000.0,269729023874.0
llama2-7b_conv300,1476,23371403000.0,269900856914.0
llama2-7b_conv300,1477,23371403000.0,270072876322.0
llama2-7b_conv300,1478,23371403000.0,270244895730.0
llama2-7b_conv300,1479,23371403000.0,270416915138.0
llama2-7b_conv300,1480,23371403000.0,270588934546.0
llama2-7b_conv300,1481,23371403000.0,270760953954.0
llama2-7b_conv300,1482,23371403000.0,270932973362.0
llama2-7b_conv300,1483,23371403000.0,271098571522.0
llama2-7b_conv300,1484,23371403000.0,271264169682.0
llama2-7b_conv300,1485,23371403000.0,271429767842.0
llama2-7b_conv300,1486,23371403000.0,271595366002.0
llama2-7b_conv300,1487,23371403000.0,271760964162.0
llama2-7b_conv300,1488,23371403000.0,271926562322.0
llama2-7b_conv300,1489,23371403000.0,272092160482.0
llama2-7b_conv300,1490,23371403000.0,272257758642.0
llama2-7b_conv300,1491,23371403000.0,272423356802.0
llama2-7b_conv300,1492,23371403000.0,272588954962.0
llama2-7b_conv300,1493,23371403000.0,272754553122.0
llama2-7b_conv300,1494,23371403000.0,272920151282.0
llama2-7b_conv300,1495,23371403000.0,273085749442.0
llama2-7b_conv300,1496,23371403000.0,273251347602.0
llama2-7b_conv300,1497,23371403000.0,273416945762.0
llama2-7b_conv300,1498,23371403000.0,273582543922.0
llama2-7b_conv300,1499,23371403000.0,273748142082.0
llama2-7b_conv300,1500,23371403000.0,273913740242.0
llama2-7b_conv300,1501,23371403000.0,274079338402.0
llama2-7b_conv300,1502,23371403000.0,274244936562.0
llama2-7b_conv300,1503,23371403000.0,274410534722.0
llama2-7b_conv300,1504,23371403000.0,274576132882.0
llama2-7b_conv300,1505,23371403000.0,274741731042.0
llama2-7b_conv300,1506,23371403000.0,274907329202.0
llama2-7b_conv300,1507,23371403000.0,275072927362.0
llama2-7b_conv300,1508,23371403000.0,275238525522.0
llama2-7b_conv300,1509,23371403000.0,275404123682.0
llama2-7b_conv300,1510,23371403000.0,275569721842.0
llama2-7b_conv300,1511,23371403000.0,275735320002.0
llama2-7b_conv300,1512,23371403000.0,275900918162.0
llama2-7b_conv300,1513,23371403000.0,276066516322.0
llama2-7b_conv300,1514,23371403000.0,276232114482.0
llama2-7b_conv300,1515,23371403000.0,276397899010.0
llama2-7b_conv300,1516,23371403000.0,276563683538.0
llama2-7b_conv300,1517,23371403000.0,276729468066.0
llama2-7b_conv300,1518,23371403000.0,276895252594.0
llama2-7b_conv300,1519,23371403000.0,277061037122.0
llama2-7b_conv300,1520,23371403000.0,277226821650.0
llama2-7b_conv300,1521,23371403000.0,277392606178.0
llama2-7b_conv300,1522,23371403000.0,277558390706.0
llama2-7b_conv300,1523,23371403000.0,277724175234.0
llama2-7b_conv300,1524,23371403000.0,277889959762.0
llama2-7b_conv300,1525,23371403000.0,278055744290.0
llama2-7b_conv300,1526,23371403000.0,278221528818.0
llama2-7b_conv300,1527,23371403000.0,278387313346.0
llama2-7b_conv300,1528,23371403000.0,278553097874.0
llama2-7b_conv300,1529,23371403000.0,278718882402.0
llama2-7b_conv300,1530,23371403000.0,278884666930.0
llama2-7b_conv300,1531,23371403000.0,279050637826.0
llama2-7b_conv300,1532,23371403000.0,279216608722.0
llama2-7b_conv300,1533,23371403000.0,279382579618.0
llama2-7b_conv300,1534,23371403000.0,279548550514.0
llama2-7b_conv300,1535,23371403000.0,279714521410.0
llama2-7b_conv300,1536,23371403000.0,279880492306.0
llama2-7b_conv300,1537,23371403000.0,280046463202.0
llama2-7b_conv300,1538,23371403000.0,280212434098.0
llama2-7b_conv300,1539,23371403000.0,280378404994.0
llama2-7b_conv300,1540,23371403000.0,280544375890.0
llama2-7b_conv300,1541,23371403000.0,280710346786.0
llama2-7b_conv300,1542,23371403000.0,280876317682.0
llama2-7b_conv300,1543,23371403000.0,281042288578.0
llama2-7b_conv300,1544,23371403000.0,281208259474.0
llama2-7b_conv300,1545,23371403000.0,281374230370.0
llama2-7b_conv300,1546,23371403000.0,281540201266.0
llama2-7b_conv300,1547,23371403000.0,281706172162.0
llama2-7b_conv300,1548,24146296000.0,281835301586.0
llama2-7b_conv300,1549,24146296000.0,282007441826.0
llama2-7b_conv300,1550,24146296000.0,282179582066.0
llama2-7b_conv300,1551,24146296000.0,282351722306.0
llama2-7b_conv300,1552,24146296000.0,282523862546.0
llama2-7b_conv300,1553,24146296000.0,282696002786.0
llama2-7b_conv300,1554,24146296000.0,282868143026.0
llama2-7b_conv300,1555,24146296000.0,283040283266.0
llama2-7b_conv300,1556,24146296000.0,283212423506.0
llama2-7b_conv300,1557,24146296000.0,283384563746.0
llama2-7b_conv300,1558,24146296000.0,283556703986.0
llama2-7b_conv300,1559,24146296000.0,283728844226.0
llama2-7b_conv300,1560,24146296000.0,283900984466.0
llama2-7b_conv300,1561,24146296000.0,284073124706.0
llama2-7b_conv300,1562,24146296000.0,284245264946.0
llama2-7b_conv300,1563,24146296000.0,284417405186.0
llama2-7b_conv300,1564,24146296000.0,284589545426.0
llama2-7b_conv300,1565,24146296000.0,284761685666.0
llama2-7b_conv300,1566,24146296000.0,284933825906.0
llama2-7b_conv300,1567,24146296000.0,285105966146.0
llama2-7b_conv300,1568,24146296000.0,285278106386.0
llama2-7b_conv300,1569,24146296000.0,285450246626.0
llama2-7b_conv300,1570,24146296000.0,285622386866.0
llama2-7b_conv300,1571,24146296000.0,285794527106.0
llama2-7b_conv300,1572,24146296000.0,285966667346.0
llama2-7b_conv300,1573,24146296000.0,286132449826.0
llama2-7b_conv300,1574,24146296000.0,286298232306.0
llama2-7b_conv300,1575,24146296000.0,286464014786.0
llama2-7b_conv300,1576,24146296000.0,286629797266.0
llama2-7b_conv300,1577,24146296000.0,286795579746.0
llama2-7b_conv300,1578,24146296000.0,286961362226.0
llama2-7b_conv300,1579,24146296000.0,287127144706.0
llama2-7b_conv300,1580,24146296000.0,287292927186.0
llama2-7b_conv300,1581,24146296000.0,287458709666.0
llama2-7b_conv300,1582,24146296000.0,287624492146.0
llama2-7b_conv300,1583,24146296000.0,287790274626.0
llama2-7b_conv300,1584,24146296000.0,287956057106.0
llama2-7b_conv300,1585,24146296000.0,288121839586.0
llama2-7b_conv300,1586,24146296000.0,288287622066.0
llama2-7b_conv300,1587,24146296000.0,288453404546.0
llama2-7b_conv300,1588,24146296000.0,288619187026.0
llama2-7b_conv300,1589,24146296000.0,288784969506.0
llama2-7b_conv300,1590,24146296000.0,288950751986.0
llama2-7b_conv300,1591,24146296000.0,289116534466.0
llama2-7b_conv300,1592,24146296000.0,289282316946.0
llama2-7b_conv300,1593,24146296000.0,289448099426.0
llama2-7b_conv300,1594,24146296000.0,289613881906.0
llama2-7b_conv300,1595,24146296000.0,289779664386.0
llama2-7b_conv300,1596,24146296000.0,289945446866.0
llama2-7b_conv300,1597,24146296000.0,290111229346.0
llama2-7b_conv300,1598,24146296000.0,290277011826.0
llama2-7b_conv300,1599,24146296000.0,290442794306.0
llama2-7b_conv300,1600,24146296000.0,290608576786.0
llama2-7b_conv300,1601,24146296000.0,290774359266.0
llama2-7b_conv300,1602,24146296000.0,290940141746.0
llama2-7b_conv300,1603,24146296000.0,291105924226.0
llama2-7b_conv300,1604,24146296000.0,291271706706.0
llama2-7b_conv300,1605,24146296000.0,291437552674.0
llama2-7b_conv300,1606,24146296000.0,291603398642.0
llama2-7b_conv300,1607,24146296000.0,291769244610.0
llama2-7b_conv300,1608,24146296000.0,291935090578.0
llama2-7b_conv300,1609,24146296000.0,292100936546.0
llama2-7b_conv300,1610,24146296000.0,292266782514.0
llama2-7b_conv300,1611,24146296000.0,292425842178.0
llama2-7b_conv300,1612,24768385000.0,292711974881.0
llama2-7b_conv300,1613,24768385000.0,292877820849.0
llama2-7b_conv300,1614,24768385000.0,293043666817.0
llama2-7b_conv300,1615,24768385000.0,293209512785.0
llama2-7b_conv300,1616,24768385000.0,293375358753.0
llama2-7b_conv300,1617,24768385000.0,293541204721.0
llama2-7b_conv300,1618,24768385000.0,293707050689.0
llama2-7b_conv300,1619,24768385000.0,293872896657.0
llama2-7b_conv300,1620,24768385000.0,294038742625.0
llama2-7b_conv300,1621,24768385000.0,294204588593.0
llama2-7b_conv300,1622,24768385000.0,294370434561.0
llama2-7b_conv300,1623,24894961000.0,294452150277.0
llama2-7b_conv300,1624,24894961000.0,294624167637.0
llama2-7b_conv300,1625,24894961000.0,294796184997.0
llama2-7b_conv300,1626,24894961000.0,294968202357.0
llama2-7b_conv300,1627,24894961000.0,295140219717.0
llama2-7b_conv300,1628,24894961000.0,295312237077.0
llama2-7b_conv300,1629,24894961000.0,295484254437.0
llama2-7b_conv300,1630,24894961000.0,295656271797.0
llama2-7b_conv300,1631,24894961000.0,295828289157.0
llama2-7b_conv300,1632,24894961000.0,296000306517.0
llama2-7b_conv300,1633,24894961000.0,296172323877.0
llama2-7b_conv300,1634,24894961000.0,296344341237.0
llama2-7b_conv300,1635,24894961000.0,296516358597.0
llama2-7b_conv300,1636,24894961000.0,296688375957.0
llama2-7b_conv300,1637,24894961000.0,296860393317.0
llama2-7b_conv300,1638,24894961000.0,297032410677.0
llama2-7b_conv300,1639,24894961000.0,297204428037.0
llama2-7b_conv300,1640,24894961000.0,297376445397.0
llama2-7b_conv300,1641,25081422000.0,297467862214.0
llama2-7b_conv300,1642,25081422000.0,297660194966.0
llama2-7b_conv300,1643,25081422000.0,297852591206.0
llama2-7b_conv300,1644,25081422000.0,298044987446.0
llama2-7b_conv300,1645,25081422000.0,298237383686.0
llama2-7b_conv300,1646,25081422000.0,298429779926.0
llama2-7b_conv300,1647,25081422000.0,298622176166.0
llama2-7b_conv300,1648,25081422000.0,298814574454.0
llama2-7b_conv300,1649,25081422000.0,298986407494.0
llama2-7b_conv300,1650,25081422000.0,299158240534.0
llama2-7b_conv300,1651,25081422000.0,299330073574.0
llama2-7b_conv300,1652,25081422000.0,299501906614.0
llama2-7b_conv300,1653,25081422000.0,299673739654.0
llama2-7b_conv300,1654,25081422000.0,299845572694.0
llama2-7b_conv300,1655,25223379000.0,299935580780.0
llama2-7b_conv300,1656,25249840000.0,300279503092.0
llama2-7b_conv300,1657,25249840000.0,300661677948.0
llama2-7b_conv300,1658,25249840000.0,301413848580.0
llama2-7b_conv300,1659,25249840000.0,302168095884.0
llama2-7b_conv300,1660,25249840000.0,303583843092.0
llama2-7b_conv300,1661,25249840000.0,305055144348.0
llama2-7b_conv300,1662,25249840000.0,307273928740.0
llama2-7b_conv300,1663,25324254000.0,308167114479.0
llama2-7b_conv300,1664,25324254000.0,308203345279.0
llama2-7b_conv300,1665,25324254000.0,308393269839.0
llama2-7b_conv300,1666,25324254000.0,308583194399.0
llama2-7b_conv300,1667,25324254000.0,308773118959.0
llama2-7b_conv300,1668,25324254000.0,308963043519.0
llama2-7b_conv300,1669,25324254000.0,309152968079.0
llama2-7b_conv300,1670,25324254000.0,309342892639.0
llama2-7b_conv300,1671,25324254000.0,309532817199.0
llama2-7b_conv300,1672,25324254000.0,309722741759.0
llama2-7b_conv300,1673,25324254000.0,309912666319.0
llama2-7b_conv300,1674,25324254000.0,310102590879.0
llama2-7b_conv300,1675,25324254000.0,310292515439.0
llama2-7b_conv300,1676,25324254000.0,310482439999.0
llama2-7b_conv300,1677,25324254000.0,310672364559.0
llama2-7b_conv300,1678,25324254000.0,310862289119.0
llama2-7b_conv300,1679,25324254000.0,311052213679.0
llama2-7b_conv300,1680,25249840000.0,311241962879.0
llama2-7b_conv300,1681,25249840000.0,311431712079.0
llama2-7b_conv300,1682,25249840000.0,311621461279.0
llama2-7b_conv300,1683,25249840000.0,311811210479.0
llama2-7b_conv300,1684,25249840000.0,312000959679.0
llama2-7b_conv300,1685,25249840000.0,312190708879.0
llama2-7b_conv300,1686,25249840000.0,312380458079.0
llama2-7b_conv300,1687,25249840000.0,312570270767.0
llama2-7b_conv300,1688,25249840000.0,312760083455.0
llama2-7b_conv300,1689,25249840000.0,312949896143.0
llama2-7b_conv300,1690,25249840000.0,313139708831.0
llama2-7b_conv300,1691,25249840000.0,313329521519.0
llama2-7b_conv300,1692,25249840000.0,313519334207.0
llama2-7b_conv300,1693,25917107000.0,313859312586.0
llama2-7b_conv300,1694,25917107000.0,314593455189.0
llama2-7b_conv300,1695,25917107000.0,314668977861.0
llama2-7b_conv300,1696,25917107000.0,314859721621.0
llama2-7b_conv300,1697,25917107000.0,315050465381.0
llama2-7b_conv300,1698,25917107000.0,315241395509.0
llama2-7b_conv300,1699,25917107000.0,315432325637.0
llama2-7b_conv300,1700,25917107000.0,315622765013.0
llama2-7b_conv300,1701,25917107000.0,315813204389.0
llama2-7b_conv300,1702,25917107000.0,316003643765.0
llama2-7b_conv300,1703,25917107000.0,316194083141.0
llama2-7b_conv300,1704,25917107000.0,316384522517.0
llama2-7b_conv300,1705,25917107000.0,316574961893.0
llama2-7b_conv300,1706,25917107000.0,316765401269.0
llama2-7b_conv300,1707,25917107000.0,316955840645.0
llama2-7b_conv300,1708,25917107000.0,317146280021.0
llama2-7b_conv300,1709,25917107000.0,317336719397.0
llama2-7b_conv300,1710,25917107000.0,317527158773.0
llama2-7b_conv300,1711,25917107000.0,317717784517.0
llama2-7b_conv300,1712,25917107000.0,317908410261.0
llama2-7b_conv300,1713,25917107000.0,318099036005.0
llama2-7b_conv300,1714,25917107000.0,318289661749.0
llama2-7b_conv300,1715,25917107000.0,318480287493.0
llama2-7b_conv300,1716,25917107000.0,318670913237.0
llama2-7b_conv300,1717,26254478000.0,318948938464.0
llama2-7b_conv300,1718,26254478000.0,319139927984.0
llama2-7b_conv300,1719,26254478000.0,319330980992.0
llama2-7b_conv300,1720,26254478000.0,319522034000.0
llama2-7b_conv300,1721,26254478000.0,319710882080.0
llama2-7b_conv300,1722,26254478000.0,319899730160.0
llama2-7b_conv300,1723,26254478000.0,320093004992.0
llama2-7b_conv300,1724,26254478000.0,320286279824.0
llama2-7b_conv300,1725,26254478000.0,320479554656.0
llama2-7b_conv300,1726,26254478000.0,320672829488.0
llama2-7b_conv300,1727,26254478000.0,320845602560.0
llama2-7b_conv300,1728,26254478000.0,321018375632.0
llama2-7b_conv300,1729,26407057000.0,321283532555.0
llama2-7b_conv300,1730,26407057000.0,321476870875.0
llama2-7b_conv300,1731,26407057000.0,321670209195.0
llama2-7b_conv300,1732,26461144000.0,321754934904.0
llama2-7b_conv300,1733,26461144000.0,321943846472.0
llama2-7b_conv300,1734,26461144000.0,322132758040.0
llama2-7b_conv300,1735,26461144000.0,322321669608.0
llama2-7b_conv300,1736,26461144000.0,322510581176.0
llama2-7b_conv300,1737,26461144000.0,322699492744.0
llama2-7b_conv300,1738,26461144000.0,322888404312.0
llama2-7b_conv300,1739,26461144000.0,323077315880.0
llama2-7b_conv300,1740,26461144000.0,323266227448.0
llama2-7b_conv300,1741,26461144000.0,323455139016.0
llama2-7b_conv300,1742,26461144000.0,323644050584.0
llama2-7b_conv300,1743,26461144000.0,323832962152.0
llama2-7b_conv300,1744,26461144000.0,324021873720.0
llama2-7b_conv300,1745,26461144000.0,324210785288.0
llama2-7b_conv300,1746,26461144000.0,324399696856.0
llama2-7b_conv300,1747,26461144000.0,324588608424.0
llama2-7b_conv300,1748,26461144000.0,324777519992.0
llama2-7b_conv300,1749,26461144000.0,324966431560.0
llama2-7b_conv300,1750,26461144000.0,325155343128.0
llama2-7b_conv300,1751,26461144000.0,325344254696.0
llama2-7b_conv300,1752,26461144000.0,325533166264.0
llama2-7b_conv300,1753,26461144000.0,325722077832.0
llama2-7b_conv300,1754,26461144000.0,325910989400.0
llama2-7b_conv300,1755,26461144000.0,326099900968.0
llama2-7b_conv300,1756,26461144000.0,326288812536.0
llama2-7b_conv300,1757,26461144000.0,326477724104.0
llama2-7b_conv300,1758,26461144000.0,326666635672.0
llama2-7b_conv300,1759,26461144000.0,326855547240.0
llama2-7b_conv300,1760,26461144000.0,327044522296.0
llama2-7b_conv300,1761,26461144000.0,327233497352.0
llama2-7b_conv300,1762,26461144000.0,327422472408.0
llama2-7b_conv300,1763,26461144000.0,327611447464.0
llama2-7b_conv300,1764,26461144000.0,327800422520.0
llama2-7b_conv300,1765,26461144000.0,327989397576.0
llama2-7b_conv300,1766,26461144000.0,328178372632.0
llama2-7b_conv300,1767,26461144000.0,328367347688.0
llama2-7b_conv300,1768,26461144000.0,328556322744.0
llama2-7b_conv300,1769,26461144000.0,328745297800.0
llama2-7b_conv300,1770,26461144000.0,328934272856.0
llama2-7b_conv300,1771,26461144000.0,329123247912.0
llama2-7b_conv300,1772,26461144000.0,329312222968.0
llama2-7b_conv300,1773,26461144000.0,329501198024.0
llama2-7b_conv300,1774,26461144000.0,329690173080.0
llama2-7b_conv300,1775,26461144000.0,329879148136.0
llama2-7b_conv300,1776,26461144000.0,330068123192.0
llama2-7b_conv300,1777,26461144000.0,330257098248.0
llama2-7b_conv300,1778,26461144000.0,330446073304.0
llama2-7b_conv300,1779,26461144000.0,330639288744.0
llama2-7b_conv300,1780,26461144000.0,330832504184.0
llama2-7b_conv300,1781,26461144000.0,331005154376.0
llama2-7b_conv300,1782,26461144000.0,331177804568.0
llama2-7b_conv300,1783,26461144000.0,331350454760.0
llama2-7b_conv300,1784,26461144000.0,331523104952.0
llama2-7b_conv300,1785,26461144000.0,331695755144.0
llama2-7b_conv300,1786,26461144000.0,331868405336.0
llama2-7b_conv300,1787,26461144000.0,332041055528.0
llama2-7b_conv300,1788,26461144000.0,332213705720.0
llama2-7b_conv300,1789,26461144000.0,332386355912.0
llama2-7b_conv300,1790,26461144000.0,332559006104.0
llama2-7b_conv300,1791,26461144000.0,332731656296.0
llama2-7b_conv300,1792,26461144000.0,332904306488.0
llama2-7b_conv300,1793,26461144000.0,333076956680.0
llama2-7b_conv300,1794,26461144000.0,333249793240.0
llama2-7b_conv300,1795,26461144000.0,333422629800.0
llama2-7b_conv300,1796,26461144000.0,333595466360.0
llama2-7b_conv300,1797,26461144000.0,333768302920.0
llama2-7b_conv300,1798,26461144000.0,333941139480.0
llama2-7b_conv300,1799,26461144000.0,334113976040.0
llama2-7b_conv300,1800,26461144000.0,334286812600.0
llama2-7b_conv300,1801,26461144000.0,334459649160.0
llama2-7b_conv300,1802,26461144000.0,334632485720.0
llama2-7b_conv300,1803,26461144000.0,334805322280.0
llama2-7b_conv300,1804,26461144000.0,334978158840.0
llama2-7b_conv300,1805,26461144000.0,335150995400.0
llama2-7b_conv300,1806,26461144000.0,335323831960.0
llama2-7b_conv300,1807,26461144000.0,335496668520.0
llama2-7b_conv300,1808,26461144000.0,335669505080.0
llama2-7b_conv300,1809,26461144000.0,335842341640.0
llama2-7b_conv300,1810,26461144000.0,336015178200.0
llama2-7b_conv300,1811,26461144000.0,336188014760.0
llama2-7b_conv300,1812,26461144000.0,336360851320.0
llama2-7b_conv300,1813,26461144000.0,336533687880.0
llama2-7b_conv300,1814,26461144000.0,336706524440.0
llama2-7b_conv300,1815,27330266000.0,336798760457.0
llama2-7b_conv300,1816,27330266000.0,336991912409.0
llama2-7b_conv300,1817,27330266000.0,337185064361.0
llama2-7b_conv300,1818,27330266000.0,337378216313.0
llama2-7b_conv300,1819,27330266000.0,337571368265.0
llama2-7b_conv300,1820,27330266000.0,337764520217.0
llama2-7b_conv300,1821,27330266000.0,337957672169.0
llama2-7b_conv300,1822,27330266000.0,338150824121.0
llama2-7b_conv300,1823,27330266000.0,338343976073.0
llama2-7b_conv300,1824,27330266000.0,338537128025.0
llama2-7b_conv300,1825,27330266000.0,338730279977.0
llama2-7b_conv300,1826,27330266000.0,338923431929.0
llama2-7b_conv300,1827,27330266000.0,339116583881.0
llama2-7b_conv300,1828,27330266000.0,339309735833.0
llama2-7b_conv300,1829,27330266000.0,339502951273.0
llama2-7b_conv300,1830,27330266000.0,339696166713.0
llama2-7b_conv300,1831,27330266000.0,339868753417.0
llama2-7b_conv300,1832,27330266000.0,340034982361.0
llama2-7b_conv300,1833,27330266000.0,340201211305.0
llama2-7b_conv300,1834,27330266000.0,340367440249.0
llama2-7b_conv300,1835,27552529000.0,340457481987.0
llama2-7b_conv300,1836,27552529000.0,340629882323.0
llama2-7b_conv300,1837,27552529000.0,340802282659.0
llama2-7b_conv300,1838,27552529000.0,340974682995.0
llama2-7b_conv300,1839,27552529000.0,341147083331.0
llama2-7b_conv300,1840,27552529000.0,341319483667.0
llama2-7b_conv300,1841,27552529000.0,341491884003.0
llama2-7b_conv300,1842,27552529000.0,341664284339.0
llama2-7b_conv300,1843,27552529000.0,341836684675.0
llama2-7b_conv300,1844,27552529000.0,342009085011.0
llama2-7b_conv300,1845,27552529000.0,342181485347.0
llama2-7b_conv300,1846,27552529000.0,342353885683.0
llama2-7b_conv300,1847,27552529000.0,342526286019.0
llama2-7b_conv300,1848,27552529000.0,342698686355.0
llama2-7b_conv300,1849,27552529000.0,342871086691.0
llama2-7b_conv300,1850,27552529000.0,343043487027.0
llama2-7b_conv300,1851,27552529000.0,343215887363.0
llama2-7b_conv300,1852,27552529000.0,343388287699.0
llama2-7b_conv300,1853,27552529000.0,343560688035.0
llama2-7b_conv300,1854,27552529000.0,343733088371.0
llama2-7b_conv300,1855,27552529000.0,343905488707.0
llama2-7b_conv300,1856,27552529000.0,344077889043.0
llama2-7b_conv300,1857,27552529000.0,344250289379.0
llama2-7b_conv300,1858,27552529000.0,344422689715.0
llama2-7b_conv300,1859,27552529000.0,344595090051.0
llama2-7b_conv300,1860,27552529000.0,344767490387.0
llama2-7b_conv300,1861,27552529000.0,344939890723.0
llama2-7b_conv300,1862,27552529000.0,345112291059.0
llama2-7b_conv300,1863,27552529000.0,345284691395.0
llama2-7b_conv300,1864,27552529000.0,345457091731.0
llama2-7b_conv300,1865,27552529000.0,345629492067.0
llama2-7b_conv300,1866,27552529000.0,345801892403.0
llama2-7b_conv300,1867,27552529000.0,345974292739.0
llama2-7b_conv300,1868,27552529000.0,346146879443.0
llama2-7b_conv300,1869,27552529000.0,346319466147.0
llama2-7b_conv300,1870,27552529000.0,346492052851.0
llama2-7b_conv300,1871,27552529000.0,346664639555.0
llama2-7b_conv300,1872,27552529000.0,346837226259.0
llama2-7b_conv300,1873,27552529000.0,347009812963.0
llama2-7b_conv300,1874,27552529000.0,347182399667.0
llama2-7b_conv300,1875,27552529000.0,347354986371.0
llama2-7b_conv300,1876,27552529000.0,347527573075.0
llama2-7b_conv300,1877,27552529000.0,347700159779.0
llama2-7b_conv300,1878,27552529000.0,347872746483.0
llama2-7b_conv300,1879,27552529000.0,348045333187.0
llama2-7b_conv300,1880,27552529000.0,348217919891.0
llama2-7b_conv300,1881,27552529000.0,348390506595.0
llama2-7b_conv300,1882,27552529000.0,348563093299.0
llama2-7b_conv300,1883,27552529000.0,348735680003.0
llama2-7b_conv300,1884,27552529000.0,348908266707.0
llama2-7b_conv300,1885,27552529000.0,349080853411.0
llama2-7b_conv300,1886,27552529000.0,349253440115.0
llama2-7b_conv300,1887,28090234000.0,349287608291.0
llama2-7b_conv300,1888,28090234000.0,349480571827.0
llama2-7b_conv300,1889,28090234000.0,349673535363.0
llama2-7b_conv300,1890,28090234000.0,349866498899.0
llama2-7b_conv300,1891,28090234000.0,350059648803.0
llama2-7b_conv300,1892,28090234000.0,350252798707.0
llama2-7b_conv300,1893,28090234000.0,350445948611.0
llama2-7b_conv300,1894,28090234000.0,350639098515.0
llama2-7b_conv300,1895,28090234000.0,350832248419.0
llama2-7b_conv300,1896,28090234000.0,351025398323.0
llama2-7b_conv300,1897,28090234000.0,351218548227.0
llama2-7b_conv300,1898,28090234000.0,351411698131.0
llama2-7b_conv300,1899,28090234000.0,351604848035.0
llama2-7b_conv300,1900,28090234000.0,351797997939.0
llama2-7b_conv300,1901,28090234000.0,351991147843.0
llama2-7b_conv300,1902,28090234000.0,352184297747.0
llama2-7b_conv300,1903,28090234000.0,352377447651.0
llama2-7b_conv300,1904,28090234000.0,352570597555.0
llama2-7b_conv300,1905,28090234000.0,352763747459.0
llama2-7b_conv300,1906,28090234000.0,352956897363.0
llama2-7b_conv300,1907,28090234000.0,353150047267.0
llama2-7b_conv300,1908,28090234000.0,353343197171.0
llama2-7b_conv300,1909,28090234000.0,353536347075.0
llama2-7b_conv300,1910,28090234000.0,353729496979.0
llama2-7b_conv300,1911,28090234000.0,353922646883.0
llama2-7b_conv300,1912,28353357000.0,354216702334.0
llama2-7b_conv300,1913,28353357000.0,354405675342.0
llama2-7b_conv300,1914,28353357000.0,354594648350.0
llama2-7b_conv300,1915,28353357000.0,354783621358.0
llama2-7b_conv300,1916,28353357000.0,354972594366.0
llama2-7b_conv300,1917,28353357000.0,355161567374.0
llama2-7b_conv300,1918,28353357000.0,355350540382.0
llama2-7b_conv300,1919,28353357000.0,355539513390.0
llama2-7b_conv300,1920,28353357000.0,355728486398.0
llama2-7b_conv300,1921,28353357000.0,355917459406.0
llama2-7b_conv300,1922,28353357000.0,356106495902.0
llama2-7b_conv300,1923,28353357000.0,356295532398.0
llama2-7b_conv300,1924,28353357000.0,356484568894.0
llama2-7b_conv300,1925,28353357000.0,356673605390.0
llama2-7b_conv300,1926,28353357000.0,356862641886.0
llama2-7b_conv300,1927,28353357000.0,357051678382.0
llama2-7b_conv300,1928,28353357000.0,357240714878.0
llama2-7b_conv300,1929,28353357000.0,357429751374.0
llama2-7b_conv300,1930,28353357000.0,357618787870.0
llama2-7b_conv300,1931,28578535000.0,357957990057.0
llama2-7b_conv300,1932,28578535000.0,358691170100.0
llama2-7b_conv300,1933,28607772000.0,359079155906.0
llama2-7b_conv300,1934,28607772000.0,359479655504.0
llama2-7b_conv300,1935,28607772000.0,359644593763.0
llama2-7b_conv300,1936,28607772000.0,359867655475.0
llama2-7b_conv300,1937,28764379000.0,360082239890.0
llama2-7b_conv300,1938,28764379000.0,360189537634.0
llama2-7b_conv300,1939,28764379000.0,360296835378.0
llama2-7b_conv300,1940,28764379000.0,360404133122.0
llama2-7b_conv300,1941,28764379000.0,360511430866.0
llama2-7b_conv300,1942,28764379000.0,360618728610.0
llama2-7b_conv300,1943,28764379000.0,360726089842.0
llama2-7b_conv300,1944,28764379000.0,360833451074.0
llama2-7b_conv300,1945,28764379000.0,360940812306.0
llama2-7b_conv300,1946,28764379000.0,361048173538.0
llama2-7b_conv300,1947,28764379000.0,361155534770.0
llama2-7b_conv300,1948,28764379000.0,361262896002.0
llama2-7b_conv300,1949,28764379000.0,361485957714.0
llama2-7b_conv300,1950,28764379000.0,361709019426.0
llama2-7b_conv300,1951,28764379000.0,361932083186.0
llama2-7b_conv300,1952,28764379000.0,362155146946.0
llama2-7b_conv300,1953,28764379000.0,362378210706.0
llama2-7b_conv300,1954,28764379000.0,362601274466.0
llama2-7b_conv300,1955,28764379000.0,362824338226.0
llama2-7b_conv300,1956,28764379000.0,363047401986.0
llama2-7b_conv300,1957,28764379000.0,363270529234.0
llama2-7b_conv300,1958,28764379000.0,363493656482.0
llama2-7b_conv300,1959,28764379000.0,363716783730.0
llama2-7b_conv300,1960,28764379000.0,363939910978.0
llama2-7b_conv300,1961,28764379000.0,364163038226.0
llama2-7b_conv300,1962,28764379000.0,364386165474.0
llama2-7b_conv300,1963,28764379000.0,364609292722.0
llama2-7b_conv300,1964,28764379000.0,364832419970.0
llama2-7b_conv300,1965,28764379000.0,365055547218.0
llama2-7b_conv300,1966,28764379000.0,365278737954.0
llama2-7b_conv300,1967,28764379000.0,365501928690.0
llama2-7b_conv300,1968,28764379000.0,365725119426.0
llama2-7b_conv300,1969,28764379000.0,365948310162.0
llama2-7b_conv300,1970,28764379000.0,366171500898.0
llama2-7b_conv300,1971,28764379000.0,366394691634.0
llama2-7b_conv300,1972,28764379000.0,366617882370.0
llama2-7b_conv300,1973,28764379000.0,366841073106.0
llama2-7b_conv300,1974,28764379000.0,367064263842.0
llama2-7b_conv300,1975,28764379000.0,367287454578.0
llama2-7b_conv300,1976,28764379000.0,367510645314.0
llama2-7b_conv300,1977,28764379000.0,367733836050.0
llama2-7b_conv300,1978,28764379000.0,367957026786.0
llama2-7b_conv300,1979,28764379000.0,368180217522.0
llama2-7b_conv300,1980,28764379000.0,368403408258.0
llama2-7b_conv300,1981,28764379000.0,368626598994.0
llama2-7b_conv300,1982,28764379000.0,368849789730.0
llama2-7b_conv300,1983,28764379000.0,369072980466.0
llama2-7b_conv300,1984,29340288000.0,369122990034.0
llama2-7b_conv300,1985,29340288000.0,369230228386.0
llama2-7b_conv300,1986,29340288000.0,369337466738.0
llama2-7b_conv300,1987,29340288000.0,369444705090.0
llama2-7b_conv300,1988,29340288000.0,369551943442.0
llama2-7b_conv300,1989,29340288000.0,369659245282.0
llama2-7b_conv300,1990,29340288000.0,369766547122.0
llama2-7b_conv300,1991,29340288000.0,369873848962.0
llama2-7b_conv300,1992,29340288000.0,369981150802.0
llama2-7b_conv300,1993,29340288000.0,370088452642.0
llama2-7b_conv300,1994,29340288000.0,370195754482.0
llama2-7b_conv300,1995,29340288000.0,370418756802.0
llama2-7b_conv300,1996,29340288000.0,370641822610.0
llama2-7b_conv300,1997,29340288000.0,370864888418.0
llama2-7b_conv300,1998,29340288000.0,371087954226.0
llama2-7b_conv300,1999,29340288000.0,371311020034.0
llama2-7b_conv300,2000,28607772000.0,371501374674.0
llama2-7b_conv300,2001,28607772000.0,371691729314.0
llama2-7b_conv300,2002,28607772000.0,371882083954.0
llama2-7b_conv300,2003,28607772000.0,372072438594.0
llama2-7b_conv300,2004,28607772000.0,372262793234.0
llama2-7b_conv300,2005,28607772000.0,372453147874.0
llama2-7b_conv300,2006,28607772000.0,372643502514.0
llama2-7b_conv300,2007,28607772000.0,372833857154.0
llama2-7b_conv300,2008,28607772000.0,373024211794.0
llama2-7b_conv300,2009,28607772000.0,373214566434.0
llama2-7b_conv300,2010,28607772000.0,373404921074.0
llama2-7b_conv300,2011,28607772000.0,373595275714.0
llama2-7b_conv300,2012,28607772000.0,373785630354.0
llama2-7b_conv300,2013,29686078000.0,374185542176.0
llama2-7b_conv300,2014,29686078000.0,374623698350.0
llama2-7b_conv300,2015,29686078000.0,375202466108.0
llama2-7b_conv300,2016,29686078000.0,375783365834.0
llama2-7b_conv300,2017,29686078000.0,376660590680.0
llama2-7b_conv300,2018,29686078000.0,377593361382.0
llama2-7b_conv300,2019,29686078000.0,379151773556.0
llama2-7b_conv300,2020,29686078000.0,380133440258.0
llama2-7b_conv300,2021,29686078000.0,380227462610.0
llama2-7b_conv300,2022,29686078000.0,380452684962.0
llama2-7b_conv300,2023,29686078000.0,380677907314.0
llama2-7b_conv300,2024,29686078000.0,380903129666.0
llama2-7b_conv300,2025,29686078000.0,381128352018.0
llama2-7b_conv300,2026,29686078000.0,381353574370.0
llama2-7b_conv300,2027,29686078000.0,381578796722.0
llama2-7b_conv300,2028,29686078000.0,381804019074.0
llama2-7b_conv300,2029,29686078000.0,382029241426.0
llama2-7b_conv300,2030,29686078000.0,382254463778.0
llama2-7b_conv300,2031,29686078000.0,382479686130.0
llama2-7b_conv300,2032,30181499000.0,382751816582.0
llama2-7b_conv300,2033,30181499000.0,382977038934.0
llama2-7b_conv300,2034,30181499000.0,383202261286.0
llama2-7b_conv300,2035,30181499000.0,383394457078.0
llama2-7b_conv300,2036,30181499000.0,383586652870.0
llama2-7b_conv300,2037,30181499000.0,383778848662.0
llama2-7b_conv300,2038,30181499000.0,383971044454.0
llama2-7b_conv300,2039,30181499000.0,384163240246.0
llama2-7b_conv300,2040,30181499000.0,384355436038.0
llama2-7b_conv300,2041,30181499000.0,384547631830.0
llama2-7b_conv300,2042,30181499000.0,384739827622.0
llama2-7b_conv300,2043,30181499000.0,384932023414.0
llama2-7b_conv300,2044,30181499000.0,385124219206.0
llama2-7b_conv300,2045,30181499000.0,385316414998.0
llama2-7b_conv300,2046,30181499000.0,385508610790.0
llama2-7b_conv300,2047,30181499000.0,385700806582.0
llama2-7b_conv300,2048,30181499000.0,385893002374.0
llama2-7b_conv300,2049,30181499000.0,386085198166.0
llama2-7b_conv300,2050,30181499000.0,386277393958.0
llama2-7b_conv300,2051,30181499000.0,386469589750.0
llama2-7b_conv300,2052,30181499000.0,386661358278.0
llama2-7b_conv300,2053,30181499000.0,386853126806.0
llama2-7b_conv300,2054,30181499000.0,387044895334.0
llama2-7b_conv300,2055,30181499000.0,387236663862.0
llama2-7b_conv300,2056,30181499000.0,387428432390.0
llama2-7b_conv300,2057,30181499000.0,387620200918.0
llama2-7b_conv300,2058,30181499000.0,387811969446.0
llama2-7b_conv300,2059,30181499000.0,388003737974.0
llama2-7b_conv300,2060,30181499000.0,388195506502.0
llama2-7b_conv300,2061,30181499000.0,388391701782.0
llama2-7b_conv300,2062,30181499000.0,388587897062.0
llama2-7b_conv300,2063,30181499000.0,388784092342.0
llama2-7b_conv300,2064,30181499000.0,388980287622.0
llama2-7b_conv300,2065,30181499000.0,389176482902.0
llama2-7b_conv300,2066,30181499000.0,389372678182.0
llama2-7b_conv300,2067,30181499000.0,389568873462.0
llama2-7b_conv300,2068,30181499000.0,389765068742.0
llama2-7b_conv300,2069,30181499000.0,389961264022.0
llama2-7b_conv300,2070,30181499000.0,390157459302.0
llama2-7b_conv300,2071,30181499000.0,390331311670.0
llama2-7b_conv300,2072,30181499000.0,390505164038.0
llama2-7b_conv300,2073,30181499000.0,390679016406.0
llama2-7b_conv300,2074,30181499000.0,390852868774.0
llama2-7b_conv300,2075,30181499000.0,391026721142.0
llama2-7b_conv300,2076,30181499000.0,391200573510.0
llama2-7b_conv300,2077,30181499000.0,391374425878.0
llama2-7b_conv300,2078,30181499000.0,391548278246.0
llama2-7b_conv300,2079,30181499000.0,391722130614.0
llama2-7b_conv300,2080,30181499000.0,391895982982.0
llama2-7b_conv300,2081,30181499000.0,392069835350.0
llama2-7b_conv300,2082,30181499000.0,392243687718.0
llama2-7b_conv300,2083,30181499000.0,392417540086.0
llama2-7b_conv300,2084,30181499000.0,392591392454.0
llama2-7b_conv300,2085,30181499000.0,392765308310.0
llama2-7b_conv300,2086,30181499000.0,392939224166.0
llama2-7b_conv300,2087,30181499000.0,393113140022.0
llama2-7b_conv300,2088,30181499000.0,393287055878.0
llama2-7b_conv300,2089,30181499000.0,393460971734.0
llama2-7b_conv300,2090,30181499000.0,393634887590.0
llama2-7b_conv300,2091,30181499000.0,393801874294.0
llama2-7b_conv300,2092,30181499000.0,393968860998.0
llama2-7b_conv300,2093,30181499000.0,394135847702.0
llama2-7b_conv300,2094,30181499000.0,394302834406.0
llama2-7b_conv300,2095,30181499000.0,394469821110.0
llama2-7b_conv300,2096,30181499000.0,394629513606.0
llama2-7b_conv300,2097,30181499000.0,394789206102.0
llama2-7b_conv300,2098,30181499000.0,394948898598.0
llama2-7b_conv300,2099,30181499000.0,395108591094.0
llama2-7b_conv300,2100,30181499000.0,395268283590.0
llama2-7b_conv300,2101,30181499000.0,395427976086.0
llama2-7b_conv300,2102,30181499000.0,395587668582.0
llama2-7b_conv300,2103,30181499000.0,395747361078.0
llama2-7b_conv300,2104,30181499000.0,395907053574.0
llama2-7b_conv300,2105,30181499000.0,396066746070.0
llama2-7b_conv300,2106,30181499000.0,396226438566.0
llama2-7b_conv300,2107,30181499000.0,396386131062.0
llama2-7b_conv300,2108,30181499000.0,396545823558.0
llama2-7b_conv300,2109,30181499000.0,396705516054.0
llama2-7b_conv300,2110,30181499000.0,396865208550.0
llama2-7b_conv300,2111,30181499000.0,397024901046.0
llama2-7b_conv300,2112,30181499000.0,397184593542.0
llama2-7b_conv300,2113,30181499000.0,397344286038.0
llama2-7b_conv300,2114,30181499000.0,397503978534.0
llama2-7b_conv300,2115,30181499000.0,397663671030.0
llama2-7b_conv300,2116,30181499000.0,397823363526.0
llama2-7b_conv300,2117,30181499000.0,397983056022.0
llama2-7b_conv300,2118,30181499000.0,398142748518.0
llama2-7b_conv300,2119,30181499000.0,398302441014.0
llama2-7b_conv300,2120,30181499000.0,398462133510.0
llama2-7b_conv300,2121,28607772000.0,398621170390.0
llama2-7b_conv300,2122,28607772000.0,398780207270.0
llama2-7b_conv300,2123,28607772000.0,398939244150.0
llama2-7b_conv300,2124,28607772000.0,399098281030.0
llama2-7b_conv300,2125,31269171000.0,399191950595.0
llama2-7b_conv300,2126,31269171000.0,399351393235.0
llama2-7b_conv300,2127,31269171000.0,399510835875.0
llama2-7b_conv300,2128,31269171000.0,399670278515.0
llama2-7b_conv300,2129,31269171000.0,399829721155.0
llama2-7b_conv300,2130,31269171000.0,399989163795.0
llama2-7b_conv300,2131,31269171000.0,400148606435.0
llama2-7b_conv300,2132,31269171000.0,400308049075.0
llama2-7b_conv300,2133,31269171000.0,400467491715.0
llama2-7b_conv300,2134,31269171000.0,400626934355.0
llama2-7b_conv300,2135,31269171000.0,400786376995.0
llama2-7b_conv300,2136,31269171000.0,400945819635.0
llama2-7b_conv300,2137,31269171000.0,401105262275.0
llama2-7b_conv300,2138,31269171000.0,401264704915.0
llama2-7b_conv300,2139,31269171000.0,401424147555.0
llama2-7b_conv300,2140,31269171000.0,401583590195.0
llama2-7b_conv300,2141,31269171000.0,401743032835.0
llama2-7b_conv300,2142,31269171000.0,401902475475.0
llama2-7b_conv300,2143,31269171000.0,402061918115.0
llama2-7b_conv300,2144,31269171000.0,402221360755.0
llama2-7b_conv300,2145,31269171000.0,402380803395.0
llama2-7b_conv300,2146,31269171000.0,402540246035.0
llama2-7b_conv300,2147,31269171000.0,402699688675.0
llama2-7b_conv300,2148,31269171000.0,402859131315.0
llama2-7b_conv300,2149,31269171000.0,403018573955.0
llama2-7b_conv300,2150,31269171000.0,403178016595.0
llama2-7b_conv300,2151,31269171000.0,403337459235.0
llama2-7b_conv300,2152,31269171000.0,403496901875.0
llama2-7b_conv300,2153,31269171000.0,403656344515.0
llama2-7b_conv300,2154,31269171000.0,403815787155.0
llama2-7b_conv300,2155,31269171000.0,403975229795.0
llama2-7b_conv300,2156,31269171000.0,404134672435.0
llama2-7b_conv300,2157,31269171000.0,404294115075.0
llama2-7b_conv300,2158,31269171000.0,404453557715.0
llama2-7b_conv300,2159,31269171000.0,404613000355.0
llama2-7b_conv300,2160,31620490000.0,404955784674.0
llama2-7b_conv300,2161,31620490000.0,405342863137.0
llama2-7b_conv300,2162,31620490000.0,405423545489.0
llama2-7b_conv300,2163,31620490000.0,405590091873.0
llama2-7b_conv300,2164,31620490000.0,405756638257.0
llama2-7b_conv300,2165,31620490000.0,405923184641.0
llama2-7b_conv300,2166,31620490000.0,406089731025.0
llama2-7b_conv300,2167,31620490000.0,406256277409.0
llama2-7b_conv300,2168,31760229000.0,406518825253.0
llama2-7b_conv300,2169,31760229000.0,406691979253.0
llama2-7b_conv300,2170,31760229000.0,406865133253.0
llama2-7b_conv300,2171,31760229000.0,407038287253.0
llama2-7b_conv300,2172,31760229000.0,407211441253.0
llama2-7b_conv300,2173,31760229000.0,407384595253.0
llama2-7b_conv300,2174,31760229000.0,407557749253.0
llama2-7b_conv300,2175,31760229000.0,407730903253.0
llama2-7b_conv300,2176,31760229000.0,407904057253.0
llama2-7b_conv300,2177,31760229000.0,408077211253.0
llama2-7b_conv300,2178,31760229000.0,408250365253.0
llama2-7b_conv300,2179,31760229000.0,408423519253.0
llama2-7b_conv300,2180,31917003000.0,408682592355.0
llama2-7b_conv300,2181,31917003000.0,408876311603.0
llama2-7b_conv300,2182,31917003000.0,409070030851.0
llama2-7b_conv300,2183,31917003000.0,409263750099.0
llama2-7b_conv300,2184,31917003000.0,409457469347.0
llama2-7b_conv300,2185,31917003000.0,409651188595.0
llama2-7b_conv300,2186,31917003000.0,409844907843.0
llama2-7b_conv300,2187,31917003000.0,410038627091.0
llama2-7b_conv300,2188,31917003000.0,410232346339.0
llama2-7b_conv300,2189,31917003000.0,410426065587.0
llama2-7b_conv300,2190,31917003000.0,410619784835.0
llama2-7b_conv300,2191,31917003000.0,410813504083.0
llama2-7b_conv300,2192,31917003000.0,411007223331.0
llama2-7b_conv300,2193,31917003000.0,411200942579.0
llama2-7b_conv300,2194,31917003000.0,411394661827.0
llama2-7b_conv300,2195,31917003000.0,411588381075.0
llama2-7b_conv300,2196,31917003000.0,411782100323.0
llama2-7b_conv300,2197,31917003000.0,411975819571.0
llama2-7b_conv300,2198,31917003000.0,412169538819.0
llama2-7b_conv300,2199,31917003000.0,412363258067.0
llama2-7b_conv300,2200,31917003000.0,412556977315.0
llama2-7b_conv300,2201,31917003000.0,412750696563.0
llama2-7b_conv300,2202,31917003000.0,412944415811.0
llama2-7b_conv300,2203,31917003000.0,413138135059.0
llama2-7b_conv300,2204,31917003000.0,413331854307.0
llama2-7b_conv300,2205,31917003000.0,413525573555.0
llama2-7b_conv300,2206,31917003000.0,413719292803.0
llama2-7b_conv300,2207,31917003000.0,413913012051.0
llama2-7b_conv300,2208,31917003000.0,414106731299.0
llama2-7b_conv300,2209,31917003000.0,414300450547.0
llama2-7b_conv300,2210,31917003000.0,414494169795.0
llama2-7b_conv300,2211,31917003000.0,414687889043.0
llama2-7b_conv300,2212,31917003000.0,414881608291.0
llama2-7b_conv300,2213,31917003000.0,415075391027.0
llama2-7b_conv300,2214,31917003000.0,415269173763.0
llama2-7b_conv300,2215,31917003000.0,415462956499.0
llama2-7b_conv300,2216,31917003000.0,415656739235.0
llama2-7b_conv300,2217,31917003000.0,415850521971.0
llama2-7b_conv300,2218,31917003000.0,416044304707.0
llama2-7b_conv300,2219,31917003000.0,416238087443.0
llama2-7b_conv300,2220,31917003000.0,416431870179.0
llama2-7b_conv300,2221,31917003000.0,416625652915.0
llama2-7b_conv300,2222,32388505000.000004,416971209531.0
llama2-7b_conv300,2223,32388505000.000004,417355018691.0
llama2-7b_conv300,2224,32388505000.000004,417457417619.0
llama2-7b_conv300,2225,32388505000.000004,417647340899.0
llama2-7b_conv300,2226,32388505000.000004,417837264179.0
llama2-7b_conv300,2227,32388505000.000004,418027187459.0
llama2-7b_conv300,2228,32388505000.000004,418217110739.0
llama2-7b_conv300,2229,32388505000.000004,418407097507.0
llama2-7b_conv300,2230,32388505000.000004,418597084275.0
llama2-7b_conv300,2231,32388505000.000004,418787071043.0
llama2-7b_conv300,2232,32388505000.000004,418977057811.0
llama2-7b_conv300,2233,32388505000.000004,419167044579.0
llama2-7b_conv300,2234,32388505000.000004,419357031347.0
llama2-7b_conv300,2235,32388505000.000004,419547018115.0
llama2-7b_conv300,2236,32388505000.000004,419737004883.0
llama2-7b_conv300,2237,32388505000.000004,419926991651.0
llama2-7b_conv300,2238,32388505000.000004,420116978419.0
llama2-7b_conv300,2239,32388505000.000004,420306965187.0
llama2-7b_conv300,2240,32388505000.000004,420496951955.0
llama2-7b_conv300,2241,32388505000.000004,420686938723.0
llama2-7b_conv300,2242,32388505000.000004,420876925491.0
llama2-7b_conv300,2243,32388505000.000004,421066912259.0
llama2-7b_conv300,2244,32388505000.000004,421256899027.0
llama2-7b_conv300,2245,32388505000.000004,421446885795.0
llama2-7b_conv300,2246,32388505000.000004,421636872563.0
llama2-7b_conv300,2247,32388505000.000004,421826859331.0
llama2-7b_conv300,2248,32388505000.000004,422016846099.0
llama2-7b_conv300,2249,32388505000.000004,422206832867.0
llama2-7b_conv300,2250,32388505000.000004,422396819635.0
llama2-7b_conv300,2251,32388505000.000004,422586806403.0
llama2-7b_conv300,2252,32388505000.000004,422776793171.0
llama2-7b_conv300,2253,32388505000.000004,422966779939.0
llama2-7b_conv300,2254,32388505000.000004,423156766707.0
llama2-7b_conv300,2255,32388505000.000004,423346753475.0
llama2-7b_conv300,2256,32388505000.000004,423536740243.0
llama2-7b_conv300,2257,32388505000.000004,423726727011.0
llama2-7b_conv300,2258,32388505000.000004,423916713779.0
llama2-7b_conv300,2259,32388505000.000004,424106700547.0
llama2-7b_conv300,2260,32388505000.000004,424296687315.0
llama2-7b_conv300,2261,32388505000.000004,424486674083.0
llama2-7b_conv300,2262,32388505000.000004,424680837747.0
llama2-7b_conv300,2263,32388505000.000004,424875001411.0
llama2-7b_conv300,2264,32388505000.000004,425069165075.0
llama2-7b_conv300,2265,32388505000.000004,425263328739.0
llama2-7b_conv300,2266,32388505000.000004,425457492403.0
llama2-7b_conv300,2267,32388505000.000004,425651656067.0
llama2-7b_conv300,2268,32388505000.000004,425845819731.0
llama2-7b_conv300,2269,32388505000.000004,426039983395.0
llama2-7b_conv300,2270,32388505000.000004,426234147059.0
llama2-7b_conv300,2271,32388505000.000004,426428310723.0
llama2-7b_conv300,2272,32388505000.000004,426622474387.0
llama2-7b_conv300,2273,32388505000.000004,426816701539.0
llama2-7b_conv300,2274,32388505000.000004,427010928691.0
llama2-7b_conv300,2275,32388505000.000004,427205155843.0
llama2-7b_conv300,2276,32388505000.000004,427399382995.0
llama2-7b_conv300,2277,32388505000.000004,427593610147.0
llama2-7b_conv300,2278,32388505000.000004,427787837299.0
llama2-7b_conv300,2279,32388505000.000004,427982064451.0
llama2-7b_conv300,2280,32388505000.000004,428176291603.0
llama2-7b_conv300,2281,32388505000.000004,428370518755.0
llama2-7b_conv300,2282,32388505000.000004,428564745907.0
llama2-7b_conv300,2283,32388505000.000004,428758973059.0
llama2-7b_conv300,2284,32388505000.000004,428953200211.0
llama2-7b_conv300,2285,32388505000.000004,429147427363.0
llama2-7b_conv300,2286,32388505000.000004,429341654515.0
llama2-7b_conv300,2287,32388505000.000004,429535881667.0
llama2-7b_conv300,2288,32388505000.000004,429730108819.0
llama2-7b_conv300,2289,32388505000.000004,429924335971.0
llama2-7b_conv300,2290,32388505000.000004,430118563123.0
llama2-7b_conv300,2291,32388505000.000004,430312790275.0
llama2-7b_conv300,2292,32388505000.000004,430507017427.0
llama2-7b_conv300,2293,32388505000.000004,430701244579.0
llama2-7b_conv300,2294,33235881999.999996,431047245611.0
llama2-7b_conv300,2295,33235881999.999996,431803909707.0
llama2-7b_conv300,2296,33235881999.999996,431994213915.0
llama2-7b_conv300,2297,33235881999.999996,432184581611.0
llama2-7b_conv300,2298,33235881999.999996,432374949307.0
llama2-7b_conv300,2299,33235881999.999996,432569430411.0
llama2-7b_conv300,2300,33235881999.999996,432763911515.0
llama2-7b_conv300,2301,33235881999.999996,432958392619.0
llama2-7b_conv300,2302,33235881999.999996,433152873723.0
llama2-7b_conv300,2303,33235881999.999996,433347354827.0
llama2-7b_conv300,2304,33235881999.999996,433541835931.0
llama2-7b_conv300,2305,33413528000.0,433631377688.0
llama2-7b_conv300,2306,33413528000.0,433821432040.0
llama2-7b_conv300,2307,33413528000.0,434011486392.0
llama2-7b_conv300,2308,33413528000.0,434205717640.0
llama2-7b_conv300,2309,33413528000.0,434399948888.0
llama2-7b_conv300,2310,33413528000.0,434594180136.0
llama2-7b_conv300,2311,33491000999.999996,434940185264.0
llama2-7b_conv300,2312,33526770000.0,435290112315.0
llama2-7b_conv300,2313,33526770000.0,435323382315.0
llama2-7b_conv300,2314,33526770000.0,435513868027.0
llama2-7b_conv300,2315,33526770000.0,435704353739.0
llama2-7b_conv300,2316,33526770000.0,435894839451.0
llama2-7b_conv300,2317,33526770000.0,436085325163.0
llama2-7b_conv300,2318,33526770000.0,436275810875.0
llama2-7b_conv300,2319,33645713000.0,436425123122.0
llama2-7b_conv300,2320,33645713000.0,436648508418.0
llama2-7b_conv300,2321,33645713000.0,436871893714.0
llama2-7b_conv300,2322,33645713000.0,437095279010.0
llama2-7b_conv300,2323,33645713000.0,437318664306.0
llama2-7b_conv300,2324,33645713000.0,437542049602.0
llama2-7b_conv300,2325,33645713000.0,437765434898.0
llama2-7b_conv300,2326,33748702000.0,438111394787.0
llama2-7b_conv300,2327,33748702000.0,438501624244.0
llama2-7b_conv300,2328,33825000000.000004,438659361263.0
llama2-7b_conv300,2329,33825000000.000004,438824581823.0
llama2-7b_conv300,2330,33825000000.000004,438989802383.0
llama2-7b_conv300,2331,33825000000.000004,439155022943.0
llama2-7b_conv300,2332,33825000000.000004,439320245551.0
llama2-7b_conv300,2333,33825000000.000004,439485468159.0
llama2-7b_conv300,2334,33825000000.000004,439650690767.0
llama2-7b_conv300,2335,33825000000.000004,439815913375.0
llama2-7b_conv300,2336,33932529000.000004,440162429302.0
llama2-7b_conv300,2337,33932529000.000004,440577147210.0
llama2-7b_conv300,2338,33932529000.000004,440863833422.0
llama2-7b_conv300,2339,33932529000.000004,440971712798.0
llama2-7b_conv300,2340,33932529000.000004,441079592174.0
llama2-7b_conv300,2341,33932529000.000004,441187471550.0
llama2-7b_conv300,2342,33932529000.000004,441295350926.0
llama2-7b_conv300,2343,33932529000.000004,441403230302.0
llama2-7b_conv300,2344,33932529000.000004,441511109678.0
llama2-7b_conv300,2345,33932529000.000004,441618989054.0
llama2-7b_conv300,2346,33932529000.000004,441726868430.0
llama2-7b_conv300,2347,33932529000.000004,441834811294.0
llama2-7b_conv300,2348,33932529000.000004,441942754158.0
llama2-7b_conv300,2349,33932529000.000004,442050697022.0
llama2-7b_conv300,2350,33932529000.000004,442158639886.0
llama2-7b_conv300,2351,33932529000.000004,442266582750.0
llama2-7b_conv300,2352,33932529000.000004,442374525614.0
llama2-7b_conv300,2353,33932529000.000004,442482468478.0
llama2-7b_conv300,2354,33932529000.000004,442590411342.0
llama2-7b_conv300,2355,33932529000.000004,442698354206.0
llama2-7b_conv300,2356,33932529000.000004,442806297070.0
llama2-7b_conv300,2357,33932529000.000004,442914366910.0
llama2-7b_conv300,2358,33932529000.000004,443022623118.0
llama2-7b_conv300,2359,33932529000.000004,443130879326.0
llama2-7b_conv300,2360,33932529000.000004,443239135534.0
llama2-7b_conv300,2361,33932529000.000004,443347455230.0
llama2-7b_conv300,2362,33932529000.000004,443455774926.0
llama2-7b_conv300,2363,33932529000.000004,443564094622.0
llama2-7b_conv300,2364,33932529000.000004,443672414318.0
llama2-7b_conv300,2365,33932529000.000004,443780734014.0
llama2-7b_conv300,2366,33932529000.000004,443889053710.0
llama2-7b_conv300,2367,33932529000.000004,443997373406.0
llama2-7b_conv300,2368,33932529000.000004,444105693102.0
llama2-7b_conv300,2369,33932529000.000004,444214012798.0
llama2-7b_conv300,2370,33932529000.000004,444322332494.0
llama2-7b_conv300,2371,33932529000.000004,444430652190.0
llama2-7b_conv300,2372,33932529000.000004,444538971886.0
llama2-7b_conv300,2373,33932529000.000004,444647291582.0
llama2-7b_conv300,2374,33932529000.000004,444755611278.0
llama2-7b_conv300,2375,33932529000.000004,444863930974.0
llama2-7b_conv300,2376,33932529000.000004,444972250670.0
llama2-7b_conv300,2377,33932529000.000004,445080570366.0
llama2-7b_conv300,2378,33932529000.000004,445188890062.0
llama2-7b_conv300,2379,33932529000.000004,445297209758.0
llama2-7b_conv300,2380,33932529000.000004,445405529454.0
llama2-7b_conv300,2381,33932529000.000004,445513849150.0
llama2-7b_conv300,2382,33932529000.000004,445622168846.0
llama2-7b_conv300,2383,33932529000.000004,445730488542.0
llama2-7b_conv300,2384,33932529000.000004,445838808238.0
llama2-7b_conv300,2385,33932529000.000004,445947127934.0
llama2-7b_conv300,2386,33932529000.000004,446055447630.0
llama2-7b_conv300,2387,33932529000.000004,446163767326.0
llama2-7b_conv300,2388,33932529000.000004,446272273390.0
llama2-7b_conv300,2389,33932529000.000004,446380779454.0
llama2-7b_conv300,2390,33932529000.000004,446489285518.0
llama2-7b_conv300,2391,33932529000.000004,446597791582.0
llama2-7b_conv300,2392,33932529000.000004,446706297646.0
llama2-7b_conv300,2393,33932529000.000004,446814803710.0
llama2-7b_conv300,2394,33932529000.000004,446923309774.0
llama2-7b_conv300,2395,34746446000.0,447300481698.0
llama2-7b_conv300,2396,34746446000.0,447715889782.0
llama2-7b_conv300,2397,34746446000.0,447809571478.0
llama2-7b_conv300,2398,34746446000.0,447975865190.0
llama2-7b_conv300,2399,34746446000.0,448142158902.0
llama2-7b_conv300,2400,34746446000.0,448308452614.0
llama2-7b_conv300,2401,34746446000.0,448474746326.0
llama2-7b_conv300,2402,34746446000.0,448641040038.0
llama2-7b_conv300,2403,34746446000.0,448807333750.0
llama2-7b_conv300,2404,34746446000.0,448973627462.0
llama2-7b_conv300,2405,34746446000.0,449139921174.0
llama2-7b_conv300,2406,34746446000.0,449248490726.0
llama2-7b_conv300,2407,34746446000.0,449357060278.0
llama2-7b_conv300,2408,34746446000.0,449465629830.0
llama2-7b_conv300,2409,34746446000.0,449574199382.0
llama2-7b_conv300,2410,34746446000.0,449682768934.0
llama2-7b_conv300,2411,34746446000.0,449791338486.0
llama2-7b_conv300,2412,34746446000.0,449899908038.0
llama2-7b_conv300,2413,34746446000.0,450008477590.0
llama2-7b_conv300,2414,34746446000.0,450117047142.0
llama2-7b_conv300,2415,34746446000.0,450225616694.0
llama2-7b_conv300,2416,34746446000.0,450334186246.0
llama2-7b_conv300,2417,34746446000.0,450442755798.0
llama2-7b_conv300,2418,34746446000.0,450551325350.0
llama2-7b_conv300,2419,34746446000.0,450659894902.0
llama2-7b_conv300,2420,34746446000.0,450768464454.0
llama2-7b_conv300,2421,34746446000.0,450877034006.0
llama2-7b_conv300,2422,34746446000.0,450985603558.0
llama2-7b_conv300,2423,34746446000.0,451094173110.0
llama2-7b_conv300,2424,34746446000.0,451202742662.0
llama2-7b_conv300,2425,34746446000.0,451311312214.0
llama2-7b_conv300,2426,34746446000.0,451419881766.0
llama2-7b_conv300,2427,34746446000.0,451528451318.0
llama2-7b_conv300,2428,34746446000.0,451637020870.0
llama2-7b_conv300,2429,34746446000.0,451745590422.0
llama2-7b_conv300,2430,34746446000.0,451854159974.0
llama2-7b_conv300,2431,34746446000.0,451962729526.0
llama2-7b_conv300,2432,34746446000.0,452071299078.0
llama2-7b_conv300,2433,35294069000.0,452345609106.0
llama2-7b_conv300,2434,35294069000.0,452511712354.0
llama2-7b_conv300,2435,35294069000.0,452677815602.0
llama2-7b_conv300,2436,35294069000.0,452843918850.0
llama2-7b_conv300,2437,35294069000.0,453010022098.0
llama2-7b_conv300,2438,35294069000.0,453176125346.0
llama2-7b_conv300,2439,35294069000.0,453342228594.0
llama2-7b_conv300,2440,35294069000.0,453508331842.0
llama2-7b_conv300,2441,35294069000.0,453674435090.0
llama2-7b_conv300,2442,35294069000.0,453840538338.0
llama2-7b_conv300,2443,35294069000.0,454006641586.0
llama2-7b_conv300,2444,35294069000.0,454172744834.0
llama2-7b_conv300,2445,35294069000.0,454338848082.0
llama2-7b_conv300,2446,35294069000.0,454504951330.0
llama2-7b_conv300,2447,35294069000.0,454671054578.0
llama2-7b_conv300,2448,35294069000.0,454837157826.0
llama2-7b_conv300,2449,35294069000.0,455003261074.0
llama2-7b_conv300,2450,35294069000.0,455169364322.0
llama2-7b_conv300,2451,35294069000.0,455335467570.0
llama2-7b_conv300,2452,35294069000.0,455501570818.0
llama2-7b_conv300,2453,35294069000.0,455667737554.0
llama2-7b_conv300,2454,35294069000.0,455833904290.0
llama2-7b_conv300,2455,35294069000.0,456000071026.0
llama2-7b_conv300,2456,35294069000.0,456166237762.0
llama2-7b_conv300,2457,35294069000.0,456332404498.0
llama2-7b_conv300,2458,35294069000.0,456498571234.0
llama2-7b_conv300,2459,35294069000.0,456664737970.0
llama2-7b_conv300,2460,35294069000.0,456831091074.0
llama2-7b_conv300,2461,35294069000.0,456997444178.0
llama2-7b_conv300,2462,35294069000.0,457163797282.0
llama2-7b_conv300,2463,35294069000.0,457330150386.0
llama2-7b_conv300,2464,35294069000.0,457496503490.0
llama2-7b_conv300,2465,35294069000.0,457662856594.0
llama2-7b_conv300,2466,35294069000.0,457829209698.0
llama2-7b_conv300,2467,35294069000.0,457995562802.0
llama2-7b_conv300,2468,35294069000.0,458161915906.0
llama2-7b_conv300,2469,35294069000.0,458328269010.0
llama2-7b_conv300,2470,35294069000.0,458494622114.0
llama2-7b_conv300,2471,35294069000.0,458660975218.0
llama2-7b_conv300,2472,35294069000.0,458827328322.0
llama2-7b_conv300,2473,35294069000.0,458993681426.0
llama2-7b_conv300,2474,35294069000.0,459160034530.0
llama2-7b_conv300,2475,35294069000.0,459326451122.0
llama2-7b_conv300,2476,35294069000.0,459492867714.0
llama2-7b_conv300,2477,35294069000.0,459659284306.0
llama2-7b_conv300,2478,35294069000.0,459825700898.0
llama2-7b_conv300,2479,35294069000.0,459992117490.0
llama2-7b_conv300,2480,35294069000.0,460158534082.0
llama2-7b_conv300,2481,35294069000.0,460324950674.0
llama2-7b_conv300,2482,35294069000.0,460491367266.0
llama2-7b_conv300,2483,35294069000.0,460657783858.0
llama2-7b_conv300,2484,35294069000.0,460824200450.0
llama2-7b_conv300,2485,35294069000.0,460933337298.0
llama2-7b_conv300,2486,35294069000.0,461042537634.0
llama2-7b_conv300,2487,35294069000.0,461151737970.0
llama2-7b_conv300,2488,35294069000.0,461260938306.0
llama2-7b_conv300,2489,35294069000.0,461370202130.0
llama2-7b_conv300,2490,35294069000.0,461479465954.0
llama2-7b_conv300,2491,35294069000.0,461588729778.0
llama2-7b_conv300,2492,35294069000.0,461697993602.0
llama2-7b_conv300,2493,35294069000.0,461807257426.0
llama2-7b_conv300,2494,35294069000.0,461916521250.0
llama2-7b_conv300,2495,35294069000.0,462025785074.0
llama2-7b_conv300,2496,35294069000.0,462135048898.0
llama2-7b_conv300,2497,36138512000.0,462512978582.0
llama2-7b_conv300,2498,36138512000.0,462929144426.0
llama2-7b_conv300,2499,36138512000.0,462997502138.0
llama2-7b_conv300,2500,36138512000.0,463164553610.0
llama2-7b_conv300,2501,36138512000.0,463331605082.0
llama2-7b_conv300,2502,36138512000.0,463498656554.0
llama2-7b_conv300,2503,36138512000.0,463665708026.0
llama2-7b_conv300,2504,36138512000.0,463832759498.0
llama2-7b_conv300,2505,36138512000.0,463999810970.0
llama2-7b_conv300,2506,36138512000.0,464166862442.0
llama2-7b_conv300,2507,36138512000.0,464333913914.0
llama2-7b_conv300,2508,36138512000.0,464500965386.0
llama2-7b_conv300,2509,36138512000.0,464668016858.0
llama2-7b_conv300,2510,36138512000.0,464835068330.0
llama2-7b_conv300,2511,36138512000.0,465002119802.0
llama2-7b_conv300,2512,36138512000.0,465169171274.0
llama2-7b_conv300,2513,36138512000.0,465336222746.0
llama2-7b_conv300,2514,36138512000.0,465503274218.0
llama2-7b_conv300,2515,36138512000.0,465670325690.0
llama2-7b_conv300,2516,36138512000.0,465837440650.0
llama2-7b_conv300,2517,36138512000.0,465946577498.0
llama2-7b_conv300,2518,36138512000.0,466055714346.0
llama2-7b_conv300,2519,36138512000.0,466164851194.0
llama2-7b_conv300,2520,36138512000.0,466273988042.0
llama2-7b_conv300,2521,36138512000.0,466383124890.0
llama2-7b_conv300,2522,36520417000.0,466481470457.0
llama2-7b_conv300,2523,36520417000.0,466590357449.0
llama2-7b_conv300,2524,36520417000.0,466699244441.0
llama2-7b_conv300,2525,36520417000.0,466808131433.0
llama2-7b_conv300,2526,36520417000.0,466917018425.0
llama2-7b_conv300,2527,36520417000.0,467025905417.0
llama2-7b_conv300,2528,36520417000.0,467134792409.0
llama2-7b_conv300,2529,36520417000.0,467243679401.0
llama2-7b_conv300,2530,36520417000.0,467352566393.0
llama2-7b_conv300,2531,36520417000.0,467461453385.0
llama2-7b_conv300,2532,36520417000.0,467570340377.0
llama2-7b_conv300,2533,36520417000.0,467679227369.0
llama2-7b_conv300,2534,36520417000.0,467788114361.0
llama2-7b_conv300,2535,36520417000.0,468012701833.0
llama2-7b_conv300,2536,36520417000.0,468237289305.0
llama2-7b_conv300,2537,36520417000.0,468461876777.0
llama2-7b_conv300,2538,36520417000.0,468686464249.0
llama2-7b_conv300,2539,36520417000.0,468911051721.0
llama2-7b_conv300,2540,36520417000.0,469135639193.0
llama2-7b_conv300,2541,36520417000.0,469360226665.0
llama2-7b_conv300,2542,36520417000.0,469584814137.0
llama2-7b_conv300,2543,36520417000.0,469809401609.0
llama2-7b_conv300,2544,36520417000.0,470033989081.0
llama2-7b_conv300,2545,36520417000.0,470258576553.0
llama2-7b_conv300,2546,36520417000.0,470483164025.0
llama2-7b_conv300,2547,36864739000.0,470830326090.0
llama2-7b_conv300,2548,36864739000.0,471221757723.0
llama2-7b_conv300,2549,36864739000.0,471504792195.0
llama2-7b_conv300,2550,36864739000.0,471614123603.0
llama2-7b_conv300,2551,36864739000.0,471723455011.0
llama2-7b_conv300,2552,36864739000.0,471832786419.0
llama2-7b_conv300,2553,36864739000.0,471942117827.0
llama2-7b_conv300,2554,36864739000.0,472051449235.0
llama2-7b_conv300,2555,36864739000.0,472160780643.0
llama2-7b_conv300,2556,36864739000.0,472385304627.0
llama2-7b_conv300,2557,36864739000.0,472609828611.0
llama2-7b_conv300,2558,36864739000.0,472834352595.0
llama2-7b_conv300,2559,36864739000.0,473058876579.0
llama2-7b_conv300,2560,36864739000.0,473283400563.0
llama2-7b_conv300,2561,36864739000.0,473507924547.0
llama2-7b_conv300,2562,37124806000.0,473673588243.0
llama2-7b_conv300,2563,37124806000.0,473782159843.0
llama2-7b_conv300,2564,37124806000.0,473890731443.0
llama2-7b_conv300,2565,37124806000.0,473999303043.0
llama2-7b_conv300,2566,37124806000.0,474223575123.0
llama2-7b_conv300,2567,37124806000.0,474447847203.0
llama2-7b_conv300,2568,37124806000.0,474672119283.0
llama2-7b_conv300,2569,37124806000.0,474896391363.0
llama2-7b_conv300,2570,37124806000.0,475120663443.0
llama2-7b_conv300,2571,37124806000.0,475344935523.0
llama2-7b_conv300,2572,37124806000.0,475569207603.0
llama2-7b_conv300,2573,37124806000.0,475793479683.0
llama2-7b_conv300,2574,37124806000.0,476017751763.0
llama2-7b_conv300,2575,37124806000.0,476242210211.0
llama2-7b_conv300,2576,37124806000.0,476466668659.0
llama2-7b_conv300,2577,37124806000.0,476691127107.0
llama2-7b_conv300,2578,37124806000.0,476915585555.0
llama2-7b_conv300,2579,37124806000.0,477140044003.0
llama2-7b_conv300,2580,37124806000.0,477364502451.0
llama2-7b_conv300,2581,37124806000.0,477589024387.0
llama2-7b_conv300,2582,37124806000.0,477813546323.0
llama2-7b_conv300,2583,37124806000.0,478038068259.0
llama2-7b_conv300,2584,37124806000.0,478262590195.0
llama2-7b_conv300,2585,37124806000.0,478487112131.0
llama2-7b_conv300,2586,37124806000.0,478711634067.0
llama2-7b_conv300,2587,37124806000.0,478936156003.0
llama2-7b_conv300,2588,37124806000.0,479160677939.0
llama2-7b_conv300,2589,37475965000.0,479507774468.0
llama2-7b_conv300,2590,37475965000.0,479899140565.0
llama2-7b_conv300,2591,37475965000.0,479970688677.0
llama2-7b_conv300,2592,37475965000.0,480079827573.0
llama2-7b_conv300,2593,37475965000.0,480188966469.0
llama2-7b_conv300,2594,37475965000.0,480298168853.0
llama2-7b_conv300,2595,37475965000.0,480407371237.0
llama2-7b_conv300,2596,37475965000.0,480516573621.0
llama2-7b_conv300,2597,37475965000.0,480625776005.0
llama2-7b_conv300,2598,37475965000.0,480734978389.0
llama2-7b_conv300,2599,37475965000.0,480844180773.0
llama2-7b_conv300,2600,37475965000.0,480953383157.0
llama2-7b_conv300,2601,37475965000.0,481062585541.0
llama2-7b_conv300,2602,37475965000.0,481171787925.0
llama2-7b_conv300,2603,37475965000.0,481281053797.0
llama2-7b_conv300,2604,37475965000.0,481390319669.0
llama2-7b_conv300,2605,37475965000.0,481499585541.0
llama2-7b_conv300,2606,37475965000.0,481608851413.0
llama2-7b_conv300,2607,37475965000.0,481718117285.0
llama2-7b_conv300,2608,37475965000.0,481827383157.0
llama2-7b_conv300,2609,37475965000.0,481936649029.0
llama2-7b_conv300,2610,37475965000.0,482045914901.0
llama2-7b_conv300,2611,37475965000.0,482155180773.0
llama2-7b_conv300,2612,37475965000.0,482264446645.0
llama2-7b_conv300,2613,37475965000.0,482373776005.0
llama2-7b_conv300,2614,37475965000.0,482483105365.0
llama2-7b_conv300,2615,37475965000.0,482592434725.0
llama2-7b_conv300,2616,37475965000.0,482701764085.0
llama2-7b_conv300,2617,37475965000.0,482811156933.0
llama2-7b_conv300,2618,37475965000.0,482920549781.0
llama2-7b_conv300,2619,37475965000.0,483029942629.0
llama2-7b_conv300,2620,37475965000.0,483139335477.0
llama2-7b_conv300,2621,37475965000.0,483248728325.0
llama2-7b_conv300,2622,37475965000.0,483358121173.0
llama2-7b_conv300,2623,37475965000.0,483582706597.0
llama2-7b_conv300,2624,37475965000.0,483807292021.0
llama2-7b_conv300,2625,37475965000.0,484031877445.0
llama2-7b_conv300,2626,37475965000.0,484256462869.0
llama2-7b_conv300,2627,37475965000.0,484481048293.0
llama2-7b_conv300,2628,37475965000.0,484705633717.0
llama2-7b_conv300,2629,37475965000.0,484930219141.0
llama2-7b_conv300,2630,37475965000.0,485154804565.0
llama2-7b_conv300,2631,37475965000.0,485379389989.0
llama2-7b_conv300,2632,37475965000.0,485603975413.0
llama2-7b_conv300,2633,37475965000.0,485828560837.0
llama2-7b_conv300,2634,37475965000.0,486053146261.0
llama2-7b_conv300,2635,37475965000.0,486277731685.0
llama2-7b_conv300,2636,38154930000.0,486491378736.0
llama2-7b_conv300,2637,38154930000.0,486600200192.0
llama2-7b_conv300,2638,38154930000.0,486709021648.0
llama2-7b_conv300,2639,38154930000.0,486817843104.0
llama2-7b_conv300,2640,38154930000.0,486926664560.0
llama2-7b_conv300,2641,38154930000.0,487035486016.0
llama2-7b_conv300,2642,38154930000.0,487144307472.0
llama2-7b_conv300,2643,38154930000.0,487253192416.0
llama2-7b_conv300,2644,38154930000.0,487362077360.0
llama2-7b_conv300,2645,38154930000.0,487470962304.0
llama2-7b_conv300,2646,38154930000.0,487579847248.0
llama2-7b_conv300,2647,38154930000.0,487688732192.0
llama2-7b_conv300,2648,38154930000.0,487797680624.0
llama2-7b_conv300,2649,38154930000.0,487906629056.0
llama2-7b_conv300,2650,38154930000.0,488015577488.0
llama2-7b_conv300,2651,38154930000.0,488124525920.0
llama2-7b_conv300,2652,38154930000.0,488233474352.0
llama2-7b_conv300,2653,38154930000.0,488342422784.0
llama2-7b_conv300,2654,38392642000.0,488720037076.0
llama2-7b_conv300,2655,38392642000.0,489111782053.0
llama2-7b_conv300,2656,38392642000.0,489577681014.0
llama2-7b_conv300,2657,38392642000.0,490124025415.0
llama2-7b_conv300,2658,38392642000.0,490948471832.0
llama2-7b_conv300,2659,38392642000.0,492212238825.0
llama2-7b_conv300,2660,38392642000.0,493750175674.0
llama2-7b_conv300,2661,38549044000.0,496811514062.0
llama2-7b_conv300,2662,38549044000.0,497191672994.0
llama2-7b_conv300,2663,38549044000.0,497609553014.0
llama2-7b_conv300,2664,38813332000.0,497971380301.0
llama2-7b_conv300,2665,38813332000.0,498703342116.0
llama2-7b_conv300,2666,38813332000.0,498842558547.0
llama2-7b_conv300,2667,38813332000.0,499012021795.0
llama2-7b_conv300,2668,38813332000.0,499181485043.0
llama2-7b_conv300,2669,38813332000.0,499350948291.0
llama2-7b_conv300,2670,38813332000.0,499520411539.0
llama2-7b_conv300,2671,38813332000.0,499689874787.0
llama2-7b_conv300,2672,38813332000.0,499859338035.0
llama2-7b_conv300,2673,38813332000.0,500028801283.0
llama2-7b_conv300,2674,38813332000.0,500198264531.0
llama2-7b_conv300,2675,38813332000.0,500367727779.0
llama2-7b_conv300,2676,38813332000.0,500537191027.0
llama2-7b_conv300,2677,39091915000.0,500888530317.0
llama2-7b_conv300,2678,39091915000.0,501278161063.0
llama2-7b_conv300,2679,39091915000.0,501771686849.0
llama2-7b_conv300,2680,39091915000.0,502339616475.0
llama2-7b_conv300,2681,39091915000.0,503180524021.0
llama2-7b_conv300,2682,39091915000.0,503932257551.0
llama2-7b_conv300,2683,39091915000.0,505446129705.0
llama2-7b_conv300,2684,39091915000.0,508081193472.0
llama2-7b_conv300,2685,39220584000.0,508476164890.0
llama2-7b_conv300,2686,39220584000.0,508867636788.0
llama2-7b_conv300,2687,39324127000.0,509218623824.0
llama2-7b_conv300,2688,39324127000.0,509567487596.0
llama2-7b_conv300,2689,39637764000.0,509977002955.0
llama2-7b_conv300,2690,39645191000.0,510303054637.0
llama2-7b_conv300,2691,39645191000.0,510652656783.0
llama2-7b_conv300,2692,39645191000.0,511022067777.0
llama2-7b_conv300,2693,39645191000.0,511258492177.0
llama2-7b_conv300,2694,39645191000.0,511494155489.0
llama2-7b_conv300,2695,39645191000.0,511729818801.0
llama2-7b_conv300,2696,39645191000.0,511824998273.0
llama2-7b_conv300,2697,39645191000.0,511920177745.0
llama2-7b_conv300,2698,39645191000.0,512015357217.0
llama2-7b_conv300,2699,39645191000.0,512110536689.0
llama2-7b_conv300,2700,39645191000.0,512205716161.0
llama2-7b_conv300,2701,39645191000.0,512300895633.0
llama2-7b_conv300,2702,39645191000.0,512396075105.0
llama2-7b_conv300,2703,39645191000.0,512491254577.0
llama2-7b_conv300,2704,39645191000.0,512586434049.0
llama2-7b_conv300,2705,39645191000.0,512681613521.0
llama2-7b_conv300,2706,40041867000.0,512717415521.0
llama2-7b_conv300,2707,40041867000.0,512952826929.0
llama2-7b_conv300,2708,40041867000.0,513188238337.0
llama2-7b_conv300,2709,40041867000.0,513423713233.0
llama2-7b_conv300,2710,40041867000.0,513659188129.0
llama2-7b_conv300,2711,40041867000.0,513894726513.0
llama2-7b_conv300,2712,40041867000.0,514130328385.0
llama2-7b_conv300,2713,40041867000.0,514365930257.0
llama2-7b_conv300,2714,40041867000.0,514601532129.0
llama2-7b_conv300,2715,40041867000.0,514837134001.0
llama2-7b_conv300,2716,40041867000.0,515072735873.0
llama2-7b_conv300,2717,40041867000.0,515308337745.0
llama2-7b_conv300,2718,40041867000.0,515543939617.0
llama2-7b_conv300,2719,40041867000.0,515779541489.0
llama2-7b_conv300,2720,40041867000.0,516015143361.0
llama2-7b_conv300,2721,40041867000.0,516250745233.0
llama2-7b_conv300,2722,40041867000.0,516344149089.0
llama2-7b_conv300,2723,40041867000.0,516437616433.0
llama2-7b_conv300,2724,40350634000.0,516802266704.0
llama2-7b_conv300,2725,40350634000.0,517205136751.0
llama2-7b_conv300,2726,40350634000.0,517675455630.0
llama2-7b_conv300,2727,40350634000.0,518220170157.0
llama2-7b_conv300,2728,40350634000.0,519317562060.0
llama2-7b_conv300,2729,40479164000.0,519749012974.0
llama2-7b_conv300,2730,40479164000.0,520141143888.0
llama2-7b_conv300,2731,40479164000.0,520380474249.0
llama2-7b_conv300,2732,40479164000.0,520616202329.0
llama2-7b_conv300,2733,40479164000.0,520851930409.0
llama2-7b_conv300,2734,40479164000.0,521087658489.0
llama2-7b_conv300,2735,40479164000.0,521323386569.0
llama2-7b_conv300,2736,40479164000.0,521559114649.0
llama2-7b_conv300,2737,40479164000.0,521794842729.0
llama2-7b_conv300,2738,40479164000.0,522030570809.0
llama2-7b_conv300,2739,40479164000.0,522266298889.0
llama2-7b_conv300,2740,40479164000.0,522502026969.0
llama2-7b_conv300,2741,40479164000.0,522737755049.0
llama2-7b_conv300,2742,40479164000.0,522972658553.0
llama2-7b_conv300,2743,40479164000.0,523065427529.0
llama2-7b_conv300,2744,40479164000.0,523158196505.0
llama2-7b_conv300,2745,40479164000.0,523250965481.0
llama2-7b_conv300,2746,40479164000.0,523343734457.0
llama2-7b_conv300,2747,40479164000.0,523436503433.0
llama2-7b_conv300,2748,40479164000.0,523529272409.0
llama2-7b_conv300,2749,40479164000.0,523622041385.0
llama2-7b_conv300,2750,40479164000.0,523714810361.0
llama2-7b_conv300,2751,40479164000.0,523807579337.0
llama2-7b_conv300,2752,40479164000.0,523900348313.0
llama2-7b_conv300,2753,40479164000.0,523993117289.0
llama2-7b_conv300,2754,40479164000.0,524085886265.0
llama2-7b_conv300,2755,40479164000.0,524178655241.0
llama2-7b_conv300,2756,40479164000.0,524271424217.0
llama2-7b_conv300,2757,40479164000.0,524364193193.0
llama2-7b_conv300,2758,40479164000.0,524456962169.0
llama2-7b_conv300,2759,40479164000.0,524549731145.0
llama2-7b_conv300,2760,41125873000.0,524616517427.0
llama2-7b_conv300,2761,41125873000.0,524849518339.0
llama2-7b_conv300,2762,41125873000.0,525082521299.0
llama2-7b_conv300,2763,41125873000.0,525315524259.0
llama2-7b_conv300,2764,41125873000.0,525548527219.0
llama2-7b_conv300,2765,41125873000.0,525640538435.0
llama2-7b_conv300,2766,41125873000.0,525732549651.0
llama2-7b_conv300,2767,41125873000.0,525824560867.0
llama2-7b_conv300,2768,41125873000.0,525916572083.0
llama2-7b_conv300,2769,41125873000.0,526008583299.0
llama2-7b_conv300,2770,41125873000.0,526100594515.0
llama2-7b_conv300,2771,41125873000.0,526192605731.0
llama2-7b_conv300,2772,41125873000.0,526284616947.0
llama2-7b_conv300,2773,41125873000.0,526376628163.0
llama2-7b_conv300,2774,41125873000.0,526468639379.0
llama2-7b_conv300,2775,41357391000.0,526750051774.0
llama2-7b_conv300,2776,41357391000.0,526982546830.0
llama2-7b_conv300,2777,41357391000.0,527215041886.0
llama2-7b_conv300,2778,41357391000.0,527447536942.0
llama2-7b_conv300,2779,41357391000.0,527538468862.0
llama2-7b_conv300,2780,41357391000.0,527628402126.0
llama2-7b_conv300,2781,41357391000.0,527718335390.0
llama2-7b_conv300,2782,41357391000.0,527808268654.0
llama2-7b_conv300,2783,41357391000.0,527898201918.0
llama2-7b_conv300,2784,41357391000.0,527988135182.0
llama2-7b_conv300,2785,41357391000.0,528078068446.0
llama2-7b_conv300,2786,41357391000.0,528168001710.0
llama2-7b_conv300,2787,41357391000.0,528257934974.0
llama2-7b_conv300,2788,41357391000.0,528347868238.0
llama2-7b_conv300,2789,41357391000.0,528437801502.0
llama2-7b_conv300,2790,41357391000.0,528527734766.0
llama2-7b_conv300,2791,41357391000.0,528617668030.0
llama2-7b_conv300,2792,41357391000.0,528784853902.0
llama2-7b_conv300,2793,41357391000.0,528952039774.0
llama2-7b_conv300,2794,41357391000.0,529119225646.0
llama2-7b_conv300,2795,41357391000.0,529286411518.0
llama2-7b_conv300,2796,41357391000.0,529453597390.0
llama2-7b_conv300,2797,41357391000.0,529620783262.0
llama2-7b_conv300,2798,41357391000.0,529787969134.0
llama2-7b_conv300,2799,41357391000.0,529955155006.0
llama2-7b_conv300,2800,41357391000.0,530122340878.0
llama2-7b_conv300,2801,41357391000.0,530289526750.0
llama2-7b_conv300,2802,41357391000.0,530456712622.0
llama2-7b_conv300,2803,41357391000.0,530623898494.0
llama2-7b_conv300,2804,41357391000.0,530791084366.0
llama2-7b_conv300,2805,41357391000.0,530958270238.0
llama2-7b_conv300,2806,41357391000.0,531125519598.0
llama2-7b_conv300,2807,41357391000.0,531292768958.0
llama2-7b_conv300,2808,41357391000.0,531460018318.0
llama2-7b_conv300,2809,41357391000.0,531627267678.0
llama2-7b_conv300,2810,41357391000.0,531794517038.0
llama2-7b_conv300,2811,41357391000.0,531961766398.0
llama2-7b_conv300,2812,41357391000.0,532129015758.0
llama2-7b_conv300,2813,41357391000.0,532296265118.0
llama2-7b_conv300,2814,41357391000.0,532463514478.0
llama2-7b_conv300,2815,41357391000.0,532630763838.0
llama2-7b_conv300,2816,41357391000.0,532798013198.0
llama2-7b_conv300,2817,41357391000.0,532965262558.0
llama2-7b_conv300,2818,41357391000.0,533132511918.0
llama2-7b_conv300,2819,41357391000.0,533299761278.0
llama2-7b_conv300,2820,41357391000.0,533467010638.0
llama2-7b_conv300,2821,41357391000.0,533634259998.0
llama2-7b_conv300,2822,41357391000.0,533801509358.0
llama2-7b_conv300,2823,41357391000.0,533968758718.0
llama2-7b_conv300,2824,41357391000.0,534136008078.0
llama2-7b_conv300,2825,41357391000.0,534303257438.0
llama2-7b_conv300,2826,41357391000.0,534470506798.0
llama2-7b_conv300,2827,41357391000.0,534637756158.0
llama2-7b_conv300,2828,41357391000.0,534805005518.0
llama2-7b_conv300,2829,41357391000.0,534972254878.0
llama2-7b_conv300,2830,41357391000.0,535139504238.0
llama2-7b_conv300,2831,41357391000.0,535306753598.0
llama2-7b_conv300,2832,41357391000.0,535474002958.0
llama2-7b_conv300,2833,41357391000.0,535641252318.0
llama2-7b_conv300,2834,41357391000.0,535808501678.0
llama2-7b_conv300,2835,41357391000.0,535975751038.0
llama2-7b_conv300,2836,41357391000.0,536143000398.0
llama2-7b_conv300,2837,41357391000.0,536310249758.0
llama2-7b_conv300,2838,41357391000.0,536477499118.0
llama2-7b_conv300,2839,41357391000.0,536644811966.0
llama2-7b_conv300,2840,41357391000.0,536812188302.0
llama2-7b_conv300,2841,41357391000.0,536979564638.0
llama2-7b_conv300,2842,41357391000.0,537146940974.0
llama2-7b_conv300,2843,41357391000.0,537314317310.0
llama2-7b_conv300,2844,41357391000.0,537481693646.0
llama2-7b_conv300,2845,41357391000.0,537649069982.0
llama2-7b_conv300,2846,42334055000.0,537998322360.0
llama2-7b_conv300,2847,42334055000.0,538385802706.0
llama2-7b_conv300,2848,42334055000.0,539156009508.0
llama2-7b_conv300,2849,42334055000.0,539246452724.0
llama2-7b_conv300,2850,42334055000.0,539336959428.0
llama2-7b_conv300,2851,42334055000.0,539427529620.0
llama2-7b_conv300,2852,42334055000.0,539518099812.0
llama2-7b_conv300,2853,42334055000.0,539608670004.0
llama2-7b_conv300,2854,42334055000.0,539699240196.0
llama2-7b_conv300,2855,42334055000.0,539789810388.0
llama2-7b_conv300,2856,42530625000.0,540020899827.0
llama2-7b_conv300,2857,42545263000.0,540338530133.0
llama2-7b_conv300,2858,42545263000.0,540726479031.0
llama2-7b_conv300,2859,42563820000.0,541067843609.0
llama2-7b_conv300,2860,42563820000.0,541449507195.0
llama2-7b_conv300,2861,42685223000.0,542365113824.0
llama2-7b_conv300,2862,42691238000.0,542742510344.0
llama2-7b_conv300,2863,42691238000.0,543088361328.0
llama2-7b_conv300,2864,42715300000.0,543434543131.0
llama2-7b_conv300,2865,42715300000.0,543786857094.0
llama2-7b_conv300,2866,42715300000.0,544242255089.0
llama2-7b_conv300,2867,42808573000.0,544945877919.0
llama2-7b_conv300,2868,42999747000.0,545338005072.0
llama2-7b_conv300,2869,42999747000.0,545418435763.0
llama2-7b_conv300,2870,42999747000.0,545535041411.0
llama2-7b_conv300,2871,42999747000.0,545651774035.0
llama2-7b_conv300,2872,42999747000.0,545768506659.0
llama2-7b_conv300,2873,42999747000.0,545793718515.0
llama2-7b_conv300,2874,42999747000.0,545818930371.0
llama2-7b_conv300,2875,43193461000.0,545919341858.0
llama2-7b_conv300,2876,43193461000.0,546036074482.0
llama2-7b_conv300,2877,43193461000.0,546152807106.0
llama2-7b_conv300,2878,43193461000.0,546269539730.0
llama2-7b_conv300,2879,43193461000.0,546386272354.0
llama2-7b_conv300,2880,43193461000.0,546503004978.0
llama2-7b_conv300,2881,43193461000.0,546619737602.0
llama2-7b_conv300,2882,43193461000.0,546736470226.0
llama2-7b_conv300,2883,43193461000.0,546853202850.0
llama2-7b_conv300,2884,43193461000.0,546969935474.0
llama2-7b_conv300,2885,43193461000.0,547086731586.0
llama2-7b_conv300,2886,43193461000.0,547203527698.0
llama2-7b_conv300,2887,43193461000.0,547320323810.0
llama2-7b_conv300,2888,43193461000.0,547437183410.0
llama2-7b_conv300,2889,43193461000.0,547554043010.0
llama2-7b_conv300,2890,43193461000.0,547671088978.0
llama2-7b_conv300,2891,43193461000.0,547788134946.0
llama2-7b_conv300,2892,43193461000.0,547905180914.0
llama2-7b_conv300,2893,43193461000.0,548022226882.0
llama2-7b_conv300,2894,43193461000.0,548139272850.0
llama2-7b_conv300,2895,43193461000.0,548256382306.0
llama2-7b_conv300,2896,43193461000.0,548373491762.0
llama2-7b_conv300,2897,43193461000.0,548490601218.0
llama2-7b_conv300,2898,43193461000.0,548607710674.0
llama2-7b_conv300,2899,43589055000.0,548893662796.0
llama2-7b_conv300,2900,43609910000.0,549880207186.0
llama2-7b_conv300,2901,43609910000.0,550904938584.0
llama2-7b_conv300,2902,43609910000.0,551399506205.0
llama2-7b_conv300,2903,43609910000.0,551582701660.0
llama2-7b_conv300,2904,43609910000.0,551765897115.0
llama2-7b_conv300,2905,43609910000.0,551949092570.0
llama2-7b_conv300,2906,43791124000.0,552085430915.0
llama2-7b_conv300,2907,43791124000.0,552272581082.0
llama2-7b_conv300,2908,43791124000.0,552459731249.0
llama2-7b_conv300,2909,43791124000.0,552646881416.0
llama2-7b_conv300,2910,43791124000.0,552834031583.0
llama2-7b_conv300,2911,43893426000.0,553188695066.0
llama2-7b_conv300,2912,43893426000.0,553581537365.0
llama2-7b_conv300,2913,43923071000.0,553939542251.0
llama2-7b_conv300,2914,43923071000.0,554326912833.0
llama2-7b_conv300,2915,44040741000.0,554765729265.0
llama2-7b_conv300,2916,44040741000.0,555725073057.0
llama2-7b_conv300,2917,44040741000.0,556786419537.0
llama2-7b_conv300,2918,44061321000.0,557143896090.0
llama2-7b_conv300,2919,44061321000.0,557532197603.0
llama2-7b_conv300,2920,44061321000.0,557770213876.0
llama2-7b_conv300,2921,44061321000.0,557800199281.0
llama2-7b_conv300,2922,44061321000.0,557830184686.0
llama2-7b_conv300,2923,44061321000.0,557859234132.0
llama2-7b_conv300,2924,44061321000.0,557888283578.0
llama2-7b_conv300,2925,44061321000.0,557917333024.0
llama2-7b_conv300,2926,44061321000.0,557946382470.0
llama2-7b_conv300,2927,44061321000.0,557975431916.0
llama2-7b_conv300,2928,44061321000.0,558004481362.0
llama2-7b_conv300,2929,44061321000.0,558033530808.0
llama2-7b_conv300,2930,44061321000.0,558062580254.0
llama2-7b_conv300,2931,44061321000.0,558091629700.0
llama2-7b_conv300,2932,44061321000.0,558120679146.0
llama2-7b_conv300,2933,44061321000.0,558149728592.0
llama2-7b_conv300,2934,44061321000.0,558178841526.0
llama2-7b_conv300,2935,44061321000.0,558207954460.0
llama2-7b_conv300,2936,44061321000.0,558237067394.0
llama2-7b_conv300,2937,44061321000.0,558266180328.0
llama2-7b_conv300,2938,44061321000.0,558295293262.0
llama2-7b_conv300,2939,44061321000.0,558324406196.0
llama2-7b_conv300,2940,44061321000.0,558353519130.0
llama2-7b_conv300,2941,44061321000.0,558382632064.0
llama2-7b_conv300,2942,44061321000.0,558411744998.0
llama2-7b_conv300,2943,44061321000.0,558440857932.0
llama2-7b_conv300,2944,44061321000.0,558469970866.0
llama2-7b_conv300,2945,44061321000.0,558499147288.0
llama2-7b_conv300,2946,44061321000.0,558528323710.0
llama2-7b_conv300,2947,44061321000.0,558557500132.0
llama2-7b_conv300,2948,44061321000.0,558586295634.0
llama2-7b_conv300,2949,44828079000.0,558936439720.0
llama2-7b_conv300,2950,44828079000.0,559337003518.0
llama2-7b_conv300,2951,44828079000.0,559478783572.0
llama2-7b_conv300,2952,44828079000.0,559508463802.0
llama2-7b_conv300,2953,44828079000.0,559538144032.0
llama2-7b_conv300,2954,44828079000.0,559567824262.0
llama2-7b_conv300,2955,45009757000.0,560527740470.0
llama2-7b_conv300,2956,45009757000.0,561525827302.0
llama2-7b_conv300,2957,45025513000.0,562496691119.0
llama2-7b_conv300,2958,45025513000.0,562885877368.0
llama2-7b_conv300,2959,45104946000.0,563348901404.0
llama2-7b_conv300,2960,45104946000.0,564298505984.0
llama2-7b_conv300,2961,45174957000.0,564666305369.0
llama2-7b_conv300,2962,45174957000.0,565025648818.0
llama2-7b_conv300,2963,45246852000.0,565349703691.0
llama2-7b_conv300,2964,45246852000.0,565709795684.0
llama2-7b_conv300,2965,45246852000.0,566815852880.0
llama2-7b_conv300,2966,45502752000.0,567145096387.0
llama2-7b_conv300,2967,45502752000.0,567537008694.0
llama2-7b_conv300,2968,45530242000.0,567886260996.0
llama2-7b_conv300,2969,45530242000.0,568851227602.0
llama2-7b_conv300,2970,45530242000.0,569161776329.0
llama2-7b_conv300,2971,45530242000.0,569421892211.0
llama2-7b_conv300,2972,45530242000.0,569682008093.0
llama2-7b_conv300,2973,45530242000.0,569942187463.0
llama2-7b_conv300,2974,45530242000.0,570202366833.0
llama2-7b_conv300,2975,45530242000.0,570462546203.0
llama2-7b_conv300,2976,45530242000.0,570722725573.0
llama2-7b_conv300,2977,45530242000.0,570982904943.0
llama2-7b_conv300,2978,45530242000.0,571243084313.0
llama2-7b_conv300,2979,45530242000.0,571503327171.0
llama2-7b_conv300,2980,45530242000.0,571763570029.0
llama2-7b_conv300,2981,45530242000.0,572023812887.0
llama2-7b_conv300,2982,45530242000.0,572284055745.0
llama2-7b_conv300,2983,45980822000.0,572615079849.0
llama2-7b_conv300,2984,45980822000.0,573008447121.0
llama2-7b_conv300,2985,45980822000.0,573472787833.0
llama2-7b_conv300,2986,45980822000.0,574016984161.0
llama2-7b_conv300,2987,45980822000.0,576472628527.0
llama2-7b_conv300,2988,45980822000.0,578839016957.0
llama2-7b_conv300,2989,46102321000.0,579225075301.0
llama2-7b_conv300,2990,46102321000.0,579619775821.0
llama2-7b_conv300,2991,46102321000.0,580085386293.0
llama2-7b_conv300,2992,46102321000.0,580630852381.0
llama2-7b_conv300,2993,46102321000.0,581430268421.0
llama2-7b_conv300,2994,46102321000.0,582117617901.0
llama2-7b_conv300,2995,46102321000.0,582963695573.0
llama2-7b_conv300,2996,46102321000.0,583811247805.0
llama2-7b_conv300,2997,46190439000.0,584665583103.0
llama2-7b_conv300,2998,46190439000.0,585043431169.0
llama2-7b_conv300,2999,46230075000.0,585511169054.0
llama2-7b_conv300,3000,46230075000.0,585888463136.0
llama2-7b_conv300,3001,46406559000.0,586291204477.0
llama2-7b_conv300,3002,46406559000.0,586626542746.0
llama2-7b_conv300,3003,46406559000.0,587023962039.0
llama2-7b_conv300,3004,46678144000.0,587273061065.0
llama2-7b_conv300,3005,46678144000.0,587633830491.0
llama2-7b_conv300,3006,46678144000.0,588107174381.0
llama2-7b_conv300,3007,46678144000.0,588654819711.0
llama2-7b_conv300,3008,46678144000.0,589766619409.0
llama2-7b_conv300,3009,46678144000.0,590880368803.0
llama2-7b_conv300,3010,46678144000.0,592721813557.0
llama2-7b_conv300,3011,46678144000.0,594564720583.0
llama2-7b_conv300,3012,47209725000.0,596259974963.0
llama2-7b_conv300,3013,47459940000.0,596512250169.0
llama2-7b_conv300,3014,47459940000.0,596911287615.0
llama2-7b_conv300,3015,47459940000.0,597380424005.0
llama2-7b_conv300,3016,47459940000.0,597545626281.0
llama2-7b_conv300,3017,47734062000.0,597884976841.0
llama2-7b_conv300,3018,47734062000.0,598810303209.0
llama2-7b_conv300,3019,47734062000.0,599087498339.0
llama2-7b_conv300,3020,47734062000.0,599135633512.0
llama2-7b_conv300,3021,47734062000.0,599183768685.0
llama2-7b_conv300,3022,47925302000.0,599523943079.0
llama2-7b_conv300,3023,47925302000.0,599925475553.0
llama2-7b_conv300,3024,48032991000.0,600285285659.0
llama2-7b_conv300,3025,48032991000.0,600684874581.0
llama2-7b_conv300,3026,48045529000.0,601087246762.0
llama2-7b_conv300,3027,48045529000.0,601456481855.0
llama2-7b_conv300,3028,48045529000.0,601925556948.0
llama2-7b_conv300,3029,48045529000.0,602468976489.0
llama2-7b_conv300,3030,48045529000.0,603170668542.0
llama2-7b_conv300,3031,48045529000.0,604396873875.0
llama2-7b_conv300,3032,48045529000.0,605625071912.0
llama2-7b_conv300,3033,48045529000.0,607026027965.0
llama2-7b_conv300,3034,48045529000.0,607933786706.0
llama2-7b_conv300,3035,48134608000.0,610619193575.0
llama2-7b_conv300,3036,48134608000.0,611027600764.0
llama2-7b_conv300,3037,48296375000.0,611399767595.0
llama2-7b_conv300,3038,48709657000.0,611742278388.0
llama2-7b_conv300,3039,48709657000.0,612163836605.0
llama2-7b_conv300,3040,48709657000.0,612489727152.0
llama2-7b_conv300,3041,48709657000.0,612542574546.0
llama2-7b_conv300,3042,48709657000.0,612595421940.0
llama2-7b_conv300,3043,48995607000.0,612938751192.0
llama2-7b_conv300,3044,48995607000.0,613342850748.0
llama2-7b_conv300,3045,48995607000.0,613412651318.0
llama2-7b_conv300,3046,48995607000.0,613466244208.0
llama2-7b_conv300,3047,48995607000.0,613519837098.0
llama2-7b_conv300,3048,48995607000.0,613571795660.0
llama2-7b_conv300,3049,49227038000.0,613715124719.0
llama2-7b_conv300,3050,49227038000.0,613767197993.0
llama2-7b_conv300,3051,49227038000.0,613819271267.0
llama2-7b_conv300,3052,49227038000.0,613870789509.0
llama2-7b_conv300,3053,49227038000.0,613922307751.0
llama2-7b_conv300,3054,49227038000.0,613973889481.0
llama2-7b_conv300,3055,49227038000.0,614025471211.0
llama2-7b_conv300,3056,49227038000.0,614077052941.0
llama2-7b_conv300,3057,49227038000.0,614128634671.0
llama2-7b_conv300,3058,49227038000.0,614179198810.0
llama2-7b_conv300,3059,49227038000.0,614228405102.0
llama2-7b_conv300,3060,49227038000.0,614277611394.0
llama2-7b_conv300,3061,49227038000.0,614322770823.0
llama2-7b_conv300,3062,49561183000.0,614443165128.0
llama2-7b_conv300,3063,49587457000.0,614780679773.0
llama2-7b_conv300,3064,49587457000.0,615185387250.0
llama2-7b_conv300,3065,49660912000.0,615613784993.0
llama2-7b_conv300,3066,49660912000.0,616012547664.0
llama2-7b_conv300,3067,49724480000.0,616351059353.0
llama2-7b_conv300,3068,49724480000.0,616768812386.0
llama2-7b_conv300,3069,49742685000.0,617113331078.0
llama2-7b_conv300,3070,49742685000.0,617476427626.0
llama2-7b_conv300,3071,49742691000.0,617871215016.0
llama2-7b_conv300,3072,49742691000.0,618722961894.0
llama2-7b_conv300,3073,49832434000.0,619100067455.0
llama2-7b_conv300,3074,49832434000.0,619441669336.0
llama2-7b_conv300,3075,49878430000.0,619798715275.0
llama2-7b_conv300,3076,49878430000.0,620169379838.0
llama2-7b_conv300,3077,49878430000.0,620632419927.0
llama2-7b_conv300,3078,50228524000.0,620932916426.0
llama2-7b_conv300,3079,50228524000.0,621340645693.0
llama2-7b_conv300,3080,50486136000.0,621638326794.0
llama2-7b_conv300,3081,50486136000.0,622045802109.0
llama2-7b_conv300,3082,50486136000.0,622368633599.0
llama2-7b_conv300,3083,50657657000.0,622624198209.0
llama2-7b_conv300,3084,50657657000.0,622967315779.0
llama2-7b_conv300,3085,50657657000.0,623369927749.0
llama2-7b_conv300,3086,50741785000.0,624114628514.0
llama2-7b_conv300,3087,50741785000.0,624474060452.0
llama2-7b_conv300,3088,50894221000.0,624813948417.0
llama2-7b_conv300,3089,50894221000.0,625174076254.0
llama2-7b_conv300,3090,50894221000.0,625668931771.0
llama2-7b_conv300,3091,50908333000.0,626013450904.0
llama2-7b_conv300,3092,50908333000.0,626448040949.0
llama2-7b_conv300,3093,50995179000.0,626819793746.0
llama2-7b_conv300,3094,51121242000.0,627164869769.0
llama2-7b_conv300,3095,51121242000.0,627597591014.0
llama2-7b_conv300,3096,51121242000.0,627851484376.0
llama2-7b_conv300,3097,51365096000.0,628195625039.0
llama2-7b_conv300,3098,51365096000.0,628599487430.0
llama2-7b_conv300,3099,51479026000.0,628968055638.0
llama2-7b_conv300,3100,51479026000.0,629341397222.0
llama2-7b_conv300,3101,51479026000.0,629536306953.0
llama2-7b_conv300,3102,51621416000.0,629881777844.0
llama2-7b_conv300,3103,51678347000.0,630281020089.0
llama2-7b_conv300,3104,51678347000.0,630627603646.0
llama2-7b_conv300,3105,51678347000.0,631461054147.0
llama2-7b_conv300,3106,51678347000.0,631604049320.0
llama2-7b_conv300,3107,51678347000.0,631665619267.0
llama2-7b_conv300,3108,51678347000.0,631725956327.0
llama2-7b_conv300,3109,51940252000.0,631876327026.0
llama2-7b_conv300,3110,51940252000.0,631937202701.0
llama2-7b_conv300,3111,51940252000.0,631998078376.0
llama2-7b_conv300,3112,51940252000.0,632058954051.0
llama2-7b_conv300,3113,51940252000.0,632119829726.0
llama2-7b_conv300,3114,51940252000.0,632180705401.0
llama2-7b_conv300,3115,52120220000.0,632525924990.0
llama2-7b_conv300,3116,52120220000.0,632927170519.0
llama2-7b_conv300,3117,52227631000.0,633273086967.0
llama2-7b_conv300,3118,52227631000.0,633678264343.0
llama2-7b_conv300,3119,52248622000.0,634113830033.0
llama2-7b_conv300,3120,52248622000.0,634460697291.0
llama2-7b_conv300,3121,52248622000.0,635282780421.0
llama2-7b_conv300,3122,52257840000.0,635602599834.0
llama2-7b_conv300,3123,52257840000.0,635699688952.0
llama2-7b_conv300,3124,52257840000.0,635763323450.0
llama2-7b_conv300,3125,52257840000.0,635826957948.0
llama2-7b_conv300,3126,52257840000.0,635890655934.0
llama2-7b_conv300,3127,52257840000.0,635954353920.0
llama2-7b_conv300,3128,52257840000.0,636018051906.0
llama2-7b_conv300,3129,52257840000.0,636081749892.0
llama2-7b_conv300,3130,52257840000.0,636145511366.0
llama2-7b_conv300,3131,52257840000.0,636209272840.0
llama2-7b_conv300,3132,52257840000.0,636272170578.0
llama2-7b_conv300,3133,52257840000.0,636335254684.0
llama2-7b_conv300,3134,52883306000.0,636682814769.0
llama2-7b_conv300,3135,52883306000.0,637039684658.0
llama2-7b_conv300,3136,52883306000.0,637103505524.0
llama2-7b_conv300,3137,52883306000.0,637167576246.0
llama2-7b_conv300,3138,52883306000.0,637231646968.0
llama2-7b_conv300,3139,52883306000.0,637295044418.0
llama2-7b_conv300,3140,52883306000.0,637358441868.0
llama2-7b_conv300,3141,53143328000.0,637491280618.0
llama2-7b_conv300,3142,53172040000.0,637839352985.0
llama2-7b_conv300,3143,53172040000.0,638252258888.0
llama2-7b_conv300,3144,53172040000.0,638319566081.0
llama2-7b_conv300,3145,53172040000.0,638384530074.0
llama2-7b_conv300,3146,53172040000.0,638449494067.0
llama2-7b_conv300,3147,53172040000.0,638513695861.0
llama2-7b_conv300,3148,53172040000.0,638577897655.0
llama2-7b_conv300,3149,53172040000.0,638642162937.0
llama2-7b_conv300,3150,53172040000.0,638706428219.0
llama2-7b_conv300,3151,53172040000.0,638770756989.0
llama2-7b_conv300,3152,53172040000.0,638835149247.0
llama2-7b_conv300,3153,53563248000.0,638992745265.0
llama2-7b_conv300,3154,53563248000.0,639057840330.0
llama2-7b_conv300,3155,53563248000.0,639122998883.0
llama2-7b_conv300,3156,53563248000.0,639188157436.0
llama2-7b_conv300,3157,53563248000.0,639253379477.0
llama2-7b_conv300,3158,53706456000.0,639602656606.0
llama2-7b_conv300,3159,53706456000.0,640010793255.0
llama2-7b_conv300,3160,53706456000.0,640130457374.0
llama2-7b_conv300,3161,53706456000.0,640197158638.0
llama2-7b_conv300,3162,53706456000.0,640263859902.0
llama2-7b_conv300,3163,53706456000.0,640330561166.0
llama2-7b_conv300,3164,53706456000.0,640397262430.0
llama2-7b_conv300,3165,53706456000.0,640464027182.0
llama2-7b_conv300,3166,53992761000.0,640618669016.0
llama2-7b_conv300,3167,54022464000.0,640969085974.0
llama2-7b_conv300,3168,54022464000.0,641377913940.0
llama2-7b_conv300,3169,54117659000.0,641817994605.0
llama2-7b_conv300,3170,54117659000.0,642169298886.0
llama2-7b_conv300,3171,54117659000.0,642596971039.0
llama2-7b_conv300,3172,54117659000.0,642713108549.0
llama2-7b_conv300,3173,54117659000.0,642783256252.0
llama2-7b_conv300,3174,54117659000.0,642853467443.0
llama2-7b_conv300,3175,54117659000.0,642923742122.0
llama2-7b_conv300,3176,54117659000.0,642994016801.0
llama2-7b_conv300,3177,54117659000.0,643064291480.0
llama2-7b_conv300,3178,54117659000.0,643134629647.0
llama2-7b_conv300,3179,54117659000.0,643204967814.0
llama2-7b_conv300,3180,54117659000.0,643275369469.0
llama2-7b_conv300,3181,54117659000.0,643345771124.0
llama2-7b_conv300,3182,54117659000.0,643416172779.0
llama2-7b_conv300,3183,54117659000.0,643485785386.0
llama2-7b_conv300,3184,54117659000.0,643555397993.0
llama2-7b_conv300,3185,54117659000.0,643625010600.0
llama2-7b_conv300,3186,54117659000.0,643694623207.0
llama2-7b_conv300,3187,54117659000.0,643763510287.0
llama2-7b_conv300,3188,54117659000.0,643832524343.0
llama2-7b_conv300,3189,54117659000.0,643901538399.0
llama2-7b_conv300,3190,54117659000.0,643969386543.0
llama2-7b_conv300,3191,54117659000.0,644037234687.0
llama2-7b_conv300,3192,54117659000.0,644105082831.0
llama2-7b_conv300,3193,54117659000.0,644172930975.0
llama2-7b_conv300,3194,54117659000.0,644240779119.0
llama2-7b_conv300,3195,54117659000.0,644308627263.0
llama2-7b_conv300,3196,54117659000.0,644376475407.0
llama2-7b_conv300,3197,55083021000.0,644727846131.0
llama2-7b_conv300,3198,55083021000.0,645529664215.0
llama2-7b_conv300,3199,55110396000.0,645879882005.0
llama2-7b_conv300,3200,55110396000.0,646031882907.0
llama2-7b_conv300,3201,55110396000.0,646102380250.0
llama2-7b_conv300,3202,55339650000.0,646455204147.0
llama2-7b_conv300,3203,55339650000.0,646884459404.0
llama2-7b_conv300,3204,55339650000.0,647083275834.0
llama2-7b_conv300,3205,55339650000.0,647155133617.0
llama2-7b_conv300,3206,55339650000.0,647226991400.0
llama2-7b_conv300,3207,55339650000.0,647298849183.0
llama2-7b_conv300,3208,55339650000.0,647370706966.0
llama2-7b_conv300,3209,55339650000.0,647442564749.0
llama2-7b_conv300,3210,55339650000.0,647514422532.0
llama2-7b_conv300,3211,55339650000.0,647586343803.0
llama2-7b_conv300,3212,55339650000.0,647658265074.0
llama2-7b_conv300,3213,55339650000.0,647730249833.0
llama2-7b_conv300,3214,55339650000.0,647802234592.0
llama2-7b_conv300,3215,55339650000.0,647874282839.0
llama2-7b_conv300,3216,55339650000.0,647946458062.0
llama2-7b_conv300,3217,55339650000.0,648018696773.0
llama2-7b_conv300,3218,55339650000.0,648090935484.0
llama2-7b_conv300,3219,55339650000.0,648163237683.0
llama2-7b_conv300,3220,55339650000.0,648235539882.0
llama2-7b_conv300,3221,55339650000.0,648307842081.0
llama2-7b_conv300,3222,55339650000.0,648380457624.0
llama2-7b_conv300,3223,55339650000.0,648453073167.0
llama2-7b_conv300,3224,55339650000.0,648525752198.0
llama2-7b_conv300,3225,55339650000.0,648598494717.0
llama2-7b_conv300,3226,55339650000.0,648671237236.0
llama2-7b_conv300,3227,55339650000.0,648743979755.0
llama2-7b_conv300,3228,55339650000.0,648816722274.0
llama2-7b_conv300,3229,55339650000.0,648889464793.0
llama2-7b_conv300,3230,55339650000.0,648961668120.0
llama2-7b_conv300,3231,55339650000.0,649033871447.0
llama2-7b_conv300,3232,55339650000.0,649106074774.0
llama2-7b_conv300,3233,55339650000.0,649178278101.0
llama2-7b_conv300,3234,55339650000.0,649250481428.0
llama2-7b_conv300,3235,55339650000.0,649322748243.0
llama2-7b_conv300,3236,55339650000.0,649395078546.0
llama2-7b_conv300,3237,55339650000.0,649467408849.0
llama2-7b_conv300,3238,55339650000.0,649539739152.0
llama2-7b_conv300,3239,55339650000.0,649612069455.0
llama2-7b_conv300,3240,56587820000.0,649965902477.0
llama2-7b_conv300,3241,56587820000.0,650378146507.0
llama2-7b_conv300,3242,56587820000.0,650563959237.0
llama2-7b_conv300,3243,56587820000.0,650636289540.0
llama2-7b_conv300,3244,56587820000.0,650708619843.0
llama2-7b_conv300,3245,56587820000.0,650781013634.0
llama2-7b_conv300,3246,56587820000.0,650853470913.0
llama2-7b_conv300,3247,56587820000.0,650925928192.0
llama2-7b_conv300,3248,56587820000.0,650998448959.0
llama2-7b_conv300,3249,56587820000.0,651071096702.0
llama2-7b_conv300,3250,56965420000.0,651426007511.0
llama2-7b_conv300,3251,56965420000.0,651857286192.0
llama2-7b_conv300,3252,56965420000.0,652749588504.0
llama2-7b_conv300,3253,56965420000.0,652823406223.0
llama2-7b_conv300,3254,56965420000.0,652897350918.0
llama2-7b_conv300,3255,57217515000.0,653251882308.0
llama2-7b_conv300,3256,57217515000.0,653664824706.0
llama2-7b_conv300,3257,57280079000.0,654041804315.0
llama2-7b_conv300,3258,57280079000.0,654398148724.0
llama2-7b_conv300,3259,57414624000.0,655199273767.0
llama2-7b_conv300,3260,57414624000.0,655555786650.0
llama2-7b_conv300,3261,57452439000.0,655949884199.0
llama2-7b_conv300,3262,57452439000.0,656306569716.0
llama2-7b_conv300,3263,57452439000.0,656727302337.0
llama2-7b_conv300,3264,57492631000.0,657084739240.0
llama2-7b_conv300,3265,57492631000.0,657499678607.0
llama2-7b_conv300,3266,57503945000.0,657828454914.0
llama2-7b_conv300,3267,57511147000.0,658099666639.0
llama2-7b_conv300,3268,57511147000.0,658520322460.0
llama2-7b_conv300,3269,57577696000.0,658830311017.0
llama2-7b_conv300,3270,57577696000.0,659250712886.0
llama2-7b_conv300,3271,57780753000.0,659594497475.0
llama2-7b_conv300,3272,57780753000.0,659952163984.0
llama2-7b_conv300,3273,57780753000.0,660431943517.0
llama2-7b_conv300,3274,57780753000.0,660985905706.0
llama2-7b_conv300,3275,57780753000.0,661541304567.0
llama2-7b_conv300,3276,57780753000.0,662383353796.0
llama2-7b_conv300,3277,57780753000.0,663226903185.0
llama2-7b_conv300,3278,57780753000.0,664067433822.0
llama2-7b_conv300,3279,57780753000.0,665574921259.0
llama2-7b_conv300,3280,58265729000.0,666202946322.0
llama2-7b_conv300,3281,58464914000.0,666494923251.0
llama2-7b_conv300,3282,58464914000.0,666573661799.0
llama2-7b_conv300,3283,58464914000.0,666652527323.0
llama2-7b_conv300,3284,58464914000.0,666730163512.0
llama2-7b_conv300,3285,58464914000.0,666807863189.0
llama2-7b_conv300,3286,58464914000.0,666883743843.0
llama2-7b_conv300,3287,58464914000.0,666959687985.0
llama2-7b_conv300,3288,58464914000.0,667035695615.0
llama2-7b_conv300,3289,58464914000.0,667111766733.0
llama2-7b_conv300,3290,58464914000.0,667187837851.0
llama2-7b_conv300,3291,58464914000.0,667263183378.0
llama2-7b_conv300,3292,58464914000.0,667338528905.0
llama2-7b_conv300,3293,58464914000.0,667414001408.0
llama2-7b_conv300,3294,58464914000.0,667489537399.0
llama2-7b_conv300,3295,58464914000.0,667565073390.0
llama2-7b_conv300,3296,58464914000.0,667640609381.0
llama2-7b_conv300,3297,58464914000.0,667716208860.0
llama2-7b_conv300,3298,58464914000.0,667791808339.0
llama2-7b_conv300,3299,58464914000.0,667866110866.0
llama2-7b_conv300,3300,58464914000.0,667940413393.0
llama2-7b_conv300,3301,58464914000.0,668014779408.0
llama2-7b_conv300,3302,58464914000.0,668089208911.0
llama2-7b_conv300,3303,58464914000.0,668163701902.0
llama2-7b_conv300,3304,58464914000.0,668238194893.0
llama2-7b_conv300,3305,58464914000.0,668312687884.0
llama2-7b_conv300,3306,58464914000.0,668386391860.0
llama2-7b_conv300,3307,58464914000.0,668460095836.0
llama2-7b_conv300,3308,58464914000.0,668533863300.0
llama2-7b_conv300,3309,58464914000.0,668607630764.0
llama2-7b_conv300,3310,58464914000.0,668681398228.0
llama2-7b_conv300,3311,58464914000.0,668755165692.0
llama2-7b_conv300,3312,58464914000.0,668828933156.0
llama2-7b_conv300,3313,58464914000.0,668902700620.0
llama2-7b_conv300,3314,58464914000.0,668974794268.0
llama2-7b_conv300,3315,58464914000.0,669046887916.0
llama2-7b_conv300,3316,59993520000.0,669193949199.0
llama2-7b_conv300,3317,59993520000.0,669265602527.0
llama2-7b_conv300,3318,59993520000.0,669337255855.0
llama2-7b_conv300,3319,59993520000.0,669408909183.0
llama2-7b_conv300,3320,59993520000.0,669478947777.0
llama2-7b_conv300,3321,59993520000.0,669548986371.0
llama2-7b_conv300,3322,60172200000.0,669903403442.0
llama2-7b_conv300,3323,60172200000.0,670322654049.0
llama2-7b_conv300,3324,60183596000.0,670681011024.0
llama2-7b_conv300,3325,60183596000.0,671054967781.0
llama2-7b_conv300,3326,60426171000.0,671403719572.0
llama2-7b_conv300,3327,60426171000.0,671756700713.0
llama2-7b_conv300,3328,60426171000.0,672643636835.0
llama2-7b_conv300,3329,60426171000.0,673604851869.0
llama2-7b_conv300,3330,60648144000.0,674092090162.0
llama2-7b_conv300,3331,60648144000.0,674288994595.0
llama2-7b_conv300,3332,60648144000.0,674358076773.0
llama2-7b_conv300,3333,60778525000.0,674513761005.0
llama2-7b_conv300,3334,60831569000.0,674867351222.0
llama2-7b_conv300,3335,60831569000.0,675279614591.0
llama2-7b_conv300,3336,60872432000.0,676142920291.0
llama2-7b_conv300,3337,60872432000.0,676947129415.0
llama2-7b_conv300,3338,60872432000.0,677208487411.0
llama2-7b_conv300,3339,60872432000.0,677280735259.0
llama2-7b_conv300,3340,61145266000.0,677635655769.0
llama2-7b_conv300,3341,61145266000.0,678440199741.0
llama2-7b_conv300,3342,61263537000.0,678760045691.0
llama2-7b_conv300,3343,61263537000.0,679172789433.0
llama2-7b_conv300,3344,61285563000.0,679611477266.0
llama2-7b_conv300,3345,61285563000.0,679967684459.0
llama2-7b_conv300,3346,61285563000.0,680380825513.0
llama2-7b_conv300,3347,61294115000.0,680754170946.0
llama2-7b_conv300,3348,61294115000.0,681185569435.0
llama2-7b_conv300,3349,61294115000.0,681268240274.0
llama2-7b_conv300,3350,61294115000.0,681342510601.0
llama2-7b_conv300,3351,61294115000.0,681415737928.0
llama2-7b_conv300,3352,61764605000.0,681771228321.0
llama2-7b_conv300,3353,61764605000.0,682184369375.0
llama2-7b_conv300,3354,61838028000.0,682508447058.0
llama2-7b_conv300,3355,61838028000.0,682864986565.0
llama2-7b_conv300,3356,61906835000.0,683168237688.0
llama2-7b_conv300,3357,61928694000.0,683437940037.0
llama2-7b_conv300,3358,61928694000.0,683857336338.0
llama2-7b_conv300,3359,62174486000.0,684266952441.0
llama2-7b_conv300,3360,62174486000.0,684621574482.0
llama2-7b_conv300,3361,62174486000.0,685111349163.0
llama2-7b_conv300,3362,62276484000.0,685496648286.0
llama2-7b_conv300,3363,62276484000.0,685852155601.0
llama2-7b_conv300,3364,62276484000.0,686324529988.0
llama2-7b_conv300,3365,62482331000.0,686679341367.0
llama2-7b_conv300,3366,62482331000.0,687091887530.0
llama2-7b_conv300,3367,62482331000.0,687375022849.0
llama2-7b_conv300,3368,62482331000.0,687448342904.0
llama2-7b_conv300,3369,62482331000.0,687521662959.0
llama2-7b_conv300,3370,62482331000.0,687594257454.0
llama2-7b_conv300,3371,62482331000.0,687666915437.0
llama2-7b_conv300,3372,62843126000.0,688021836486.0
llama2-7b_conv300,3373,62843126000.0,688453125407.0
llama2-7b_conv300,3374,62843126000.0,688580991537.0
llama2-7b_conv300,3375,62843126000.0,688654756008.0
llama2-7b_conv300,3376,63043028000.0,688738650321.0
llama2-7b_conv300,3377,63043028000.0,688813078943.0
llama2-7b_conv300,3378,63112742000.0,689146299476.0
llama2-7b_conv300,3379,63112742000.0,689221644121.0
llama2-7b_conv300,3380,63112742000.0,689296263207.0
llama2-7b_conv300,3381,63112742000.0,689370945781.0
llama2-7b_conv300,3382,63112742000.0,689445691843.0
llama2-7b_conv300,3383,63112742000.0,689518950458.0
llama2-7b_conv300,3384,63112742000.0,689592209073.0
llama2-7b_conv300,3385,63112742000.0,689665531176.0
llama2-7b_conv300,3386,63112742000.0,689738916767.0
llama2-7b_conv300,3387,63112742000.0,689812302358.0
llama2-7b_conv300,3388,63112742000.0,689885751437.0
llama2-7b_conv300,3389,63112742000.0,689959200516.0
llama2-7b_conv300,3390,63112742000.0,690031416131.0
llama2-7b_conv300,3391,63112742000.0,690103818114.0
llama2-7b_conv300,3392,63112742000.0,690176469953.0
llama2-7b_conv300,3393,63597893000.0,690531448346.0
llama2-7b_conv300,3394,63597893000.0,690943886936.0
llama2-7b_conv300,3395,63597893000.0,691441494760.0
llama2-7b_conv300,3396,63597893000.0,691514019623.0
llama2-7b_conv300,3397,63597893000.0,691586544486.0
llama2-7b_conv300,3398,63597893000.0,691657899406.0
llama2-7b_conv300,3399,63597893000.0,691727643998.0
llama2-7b_conv300,3400,63597893000.0,691797388590.0
llama2-7b_conv300,3401,63597893000.0,691867260158.0
llama2-7b_conv300,3402,63597893000.0,691937131726.0
llama2-7b_conv300,3403,63597893000.0,692007003294.0
llama2-7b_conv300,3404,63597893000.0,692076874862.0
llama2-7b_conv300,3405,63597893000.0,692146873406.0
llama2-7b_conv300,3406,63597893000.0,692216871950.0
llama2-7b_conv300,3407,64095402000.00001,692380012038.0
llama2-7b_conv300,3408,64095402000.00001,692450926638.0
llama2-7b_conv300,3409,64095402000.00001,692521904726.0
llama2-7b_conv300,3410,64186733000.0,692874606650.0
llama2-7b_conv300,3411,64186733000.0,693677819422.0
llama2-7b_conv300,3412,64186733000.0,693928427725.0
llama2-7b_conv300,3413,64186733000.0,693999217397.0
llama2-7b_conv300,3414,64186733000.0,694070007069.0
llama2-7b_conv300,3415,64186733000.0,694140796741.0
llama2-7b_conv300,3416,64186733000.0,694211586413.0
llama2-7b_conv300,3417,64186733000.0,694282439573.0
llama2-7b_conv300,3418,64186733000.0,694353292733.0
llama2-7b_conv300,3419,64186733000.0,694424209381.0
llama2-7b_conv300,3420,64186733000.0,694495189517.0
llama2-7b_conv300,3421,64186733000.0,694566233141.0
llama2-7b_conv300,3422,64186733000.0,694637276765.0
llama2-7b_conv300,3423,64186733000.0,694706519597.0
llama2-7b_conv300,3424,64186733000.0,694774401990.0
llama2-7b_conv300,3425,64186733000.0,694842347871.0
llama2-7b_conv300,3426,64186733000.0,694910293752.0
llama2-7b_conv300,3427,64186733000.0,694977350458.0
llama2-7b_conv300,3428,64186733000.0,695044407164.0
llama2-7b_conv300,3429,64186733000.0,695111044550.0
llama2-7b_conv300,3430,64888310000.00001,695228571464.0
llama2-7b_conv300,3431,64910998000.00001,695347120609.0
llama2-7b_conv300,3432,64940790000.00001,695698444677.0
llama2-7b_conv300,3433,64940790000.00001,696050263913.0
llama2-7b_conv300,3434,64940790000.00001,696852593997.0
llama2-7b_conv300,3435,64940790000.00001,697715423025.0
llama2-7b_conv300,3436,64940790000.00001,698652451093.0
llama2-7b_conv300,3437,64940790000.00001,700581900025.0
llama2-7b_conv300,3438,64940790000.00001,702421972189.0
llama2-7b_conv300,3439,64940790000.00001,703270983846.0
llama2-7b_conv300,3440,64940790000.00001,705128336981.0
llama2-7b_conv300,3441,64990268000.0,705960783902.0
llama2-7b_conv300,3442,65064085000.00001,706284476903.0
llama2-7b_conv300,3443,65064085000.00001,706637970864.0
llama2-7b_conv300,3444,65064085000.00001,707055005535.0
llama2-7b_conv300,3445,65064156000.0,707407673256.0
llama2-7b_conv300,3446,65064156000.0,707818781553.0
llama2-7b_conv300,3447,65066011000.0,708779230037.0
llama2-7b_conv300,3448,65066011000.0,709133510430.0
llama2-7b_conv300,3449,65531595999.99999,709441860380.0
llama2-7b_conv300,3450,65531595999.99999,709795775322.0
llama2-7b_conv300,3451,65531595999.99999,710208101272.0
llama2-7b_conv300,3452,65715096000.0,710534870065.0
llama2-7b_conv300,3453,65715096000.0,710909971567.0
llama2-7b_conv300,3454,65786250999.99999,711915228360.0
llama2-7b_conv300,3455,65786250999.99999,712270888737.0
llama2-7b_conv300,3456,66310171000.0,712605870484.0
llama2-7b_conv300,3457,66310171000.0,712962223623.0
llama2-7b_conv300,3458,66310171000.0,713434919546.0
llama2-7b_conv300,3459,66310171000.0,713999270099.0
llama2-7b_conv300,3460,66310171000.0,714565063468.0
llama2-7b_conv300,3461,66403490000.00001,715218846597.0
llama2-7b_conv300,3462,66403490000.00001,715574361566.0
llama2-7b_conv300,3463,66403490000.00001,716046317084.0
llama2-7b_conv300,3464,66511613000.0,716818961013.0
llama2-7b_conv300,3465,66511613000.0,717249857742.0
llama2-7b_conv300,3466,66624229000.0,718287968129.0
llama2-7b_conv300,3467,66624229000.0,718644765684.0
llama2-7b_conv300,3468,66624229000.0,719117842535.0
llama2-7b_conv300,3469,66693467999.99999,719474186638.0
llama2-7b_conv300,3470,66693467999.99999,719831011957.0
llama2-7b_conv300,3471,66693467999.99999,720245850972.0
llama2-7b_conv300,3472,67245928000.00001,720856786104.0
llama2-7b_conv300,3473,67245928000.00001,721136196091.0
llama2-7b_conv300,3474,67439933000.0,721237332173.0
llama2-7b_conv300,3475,67439933000.0,721314332537.0
llama2-7b_conv300,3476,67439933000.0,721391332901.0
llama2-7b_conv300,3477,67439933000.0,721468333265.0
llama2-7b_conv300,3478,67439933000.0,721544106309.0
llama2-7b_conv300,3479,67439933000.0,721619879353.0
llama2-7b_conv300,3480,67439933000.0,721695652397.0
llama2-7b_conv300,3481,67439933000.0,721768404274.0
llama2-7b_conv300,3482,67439933000.0,721841156151.0
llama2-7b_conv300,3483,67439933000.0,721913908028.0
llama2-7b_conv300,3484,67439933000.0,721986659905.0
llama2-7b_conv300,3485,67439933000.0,722058241807.0
llama2-7b_conv300,3486,67439933000.0,722130014173.0
llama2-7b_conv300,3487,67439933000.0,722201786539.0
llama2-7b_conv300,3488,67930409000.0,722555066232.0
llama2-7b_conv300,3489,67930409000.0,722971935301.0
llama2-7b_conv300,3490,67933052000.0,723624352044.0
llama2-7b_conv300,3491,67966089999.99999,723823999201.0
llama2-7b_conv300,3492,67966089999.99999,723897367893.0
llama2-7b_conv300,3493,67966089999.99999,723970736585.0
llama2-7b_conv300,3494,67966089999.99999,724044105277.0
llama2-7b_conv300,3495,67966089999.99999,724116244634.0
llama2-7b_conv300,3496,67966089999.99999,724188570359.0
llama2-7b_conv300,3497,67966089999.99999,724260896084.0
llama2-7b_conv300,3498,67966089999.99999,724332037666.0
llama2-7b_conv300,3499,67966089999.99999,724403242736.0
llama2-7b_conv300,3500,67966089999.99999,724474511294.0
llama2-7b_conv300,3501,67966089999.99999,724545779852.0
llama2-7b_conv300,3502,67966089999.99999,724617048410.0
llama2-7b_conv300,3503,67966089999.99999,724688316968.0
llama2-7b_conv300,3504,67966089999.99999,724758352031.0
llama2-7b_conv300,3505,67966089999.99999,724828514070.0
llama2-7b_conv300,3506,67966089999.99999,724898803085.0
llama2-7b_conv300,3507,67966089999.99999,724969092100.0
llama2-7b_conv300,3508,67966089999.99999,725039444603.0
llama2-7b_conv300,3509,68682209000.0,725390763220.0
llama2-7b_conv300,3510,68682209000.0,725818513197.0
llama2-7b_conv300,3511,68682209000.0,726060105593.0
llama2-7b_conv300,3512,68682209000.0,726130331120.0
llama2-7b_conv300,3513,68682209000.0,726199323183.0
llama2-7b_conv300,3514,68682209000.0,726268315246.0
llama2-7b_conv300,3515,68682209000.0,726336010390.0
llama2-7b_conv300,3516,68682209000.0,726403705534.0
llama2-7b_conv300,3517,68682209000.0,726471400678.0
llama2-7b_conv300,3518,69017743000.0,726608652305.0
llama2-7b_conv300,3519,69017743000.0,726675589689.0
llama2-7b_conv300,3520,69017743000.0,726742590561.0
llama2-7b_conv300,3521,69017743000.0,726809591433.0
llama2-7b_conv300,3522,69017743000.0,726875676249.0
llama2-7b_conv300,3523,69017743000.0,726941824553.0
llama2-7b_conv300,3524,69017743000.0,727007972857.0
llama2-7b_conv300,3525,69017743000.0,727072184891.0
llama2-7b_conv300,3526,69017743000.0,727136460413.0
llama2-7b_conv300,3527,69017743000.0,727200735935.0
llama2-7b_conv300,3528,69017743000.0,727265074945.0
llama2-7b_conv300,3529,69017743000.0,727329477443.0
llama2-7b_conv300,3530,69017743000.0,727393879941.0
llama2-7b_conv300,3531,69017743000.0,727458282439.0
llama2-7b_conv300,3532,69017743000.0,727520397242.0
llama2-7b_conv300,3533,69017743000.0,727580834645.0
llama2-7b_conv300,3534,69017743000.0,727641272048.0
llama2-7b_conv300,3535,69017743000.0,727701709451.0
llama2-7b_conv300,3536,69017743000.0,727762146854.0
llama2-7b_conv300,3537,69017743000.0,727822647745.0
llama2-7b_conv300,3538,69017743000.0,727883584860.0
llama2-7b_conv300,3539,69017743000.0,727944585463.0
llama2-7b_conv300,3540,69017743000.0,728004543643.0
llama2-7b_conv300,3541,69017743000.0,728064688191.0
llama2-7b_conv300,3542,69017743000.0,728124832739.0
llama2-7b_conv300,3543,69017743000.0,728184977287.0
llama2-7b_conv300,3544,69017743000.0,728243700499.0
llama2-7b_conv300,3545,69017743000.0,728302487199.0
llama2-7b_conv300,3546,69017743000.0,728361275947.0
llama2-7b_conv300,3547,69017743000.0,728420128183.0
llama2-7b_conv300,3548,69017743000.0,728477849932.0
llama2-7b_conv300,3549,69017743000.0,728535571681.0
llama2-7b_conv300,3550,69017743000.0,728592509023.0
llama2-7b_conv300,3551,69017743000.0,728649509853.0
llama2-7b_conv300,3552,69017743000.0,728706510683.0
llama2-7b_conv300,3553,69017743000.0,728763575001.0
llama2-7b_conv300,3554,69017743000.0,728820702807.0
llama2-7b_conv300,3555,69017743000.0,728877830613.0
llama2-7b_conv300,3556,69017743000.0,728934958419.0
llama2-7b_conv300,3557,70095865000.0,729279606986.0
llama2-7b_conv300,3558,70095865000.0,729713431079.0
llama2-7b_conv300,3559,70095865000.0,730170776801.0
llama2-7b_conv300,3560,70095865000.0,730226485351.0
llama2-7b_conv300,3561,70095865000.0,730282380269.0
llama2-7b_conv300,3562,70287471000.0,730626264394.0
llama2-7b_conv300,3563,70287471000.0,731060147879.0
llama2-7b_conv300,3564,70287471000.0,731555871748.0
llama2-7b_conv300,3565,70287471000.0,732125835617.0
llama2-7b_conv300,3566,70457950000.0,732788742872.0
llama2-7b_conv300,3567,70457950000.0,733010518569.0
llama2-7b_conv300,3568,70457950000.0,733068871102.0
llama2-7b_conv300,3569,70457950000.0,733126502716.0
llama2-7b_conv300,3570,70457950000.0,733182905538.0
llama2-7b_conv300,3571,70457950000.0,733239308360.0
llama2-7b_conv300,3572,70457950000.0,733294926775.0
llama2-7b_conv300,3573,70457950000.0,733350545190.0
llama2-7b_conv300,3574,70457950000.0,733406163605.0
llama2-7b_conv300,3575,70457950000.0,733461782020.0
llama2-7b_conv300,3576,70457950000.0,733517400435.0
llama2-7b_conv300,3577,70457950000.0,733573082338.0
llama2-7b_conv300,3578,70457950000.0,733628764241.0
llama2-7b_conv300,3579,70457950000.0,733684446144.0
llama2-7b_conv300,3580,70913521000.0,734028522178.0
llama2-7b_conv300,3581,70913521000.0,734432645572.0
llama2-7b_conv300,3582,70977717000.0,734629537662.0
llama2-7b_conv300,3583,70977717000.0,734686917372.0
llama2-7b_conv300,3584,70977717000.0,734744299130.0
llama2-7b_conv300,3585,70977717000.0,734801680888.0
llama2-7b_conv300,3586,70977717000.0,734859126134.0
llama2-7b_conv300,3587,70977717000.0,734916634868.0
llama2-7b_conv300,3588,70977717000.0,734972851322.0
llama2-7b_conv300,3589,70977717000.0,735029067776.0
llama2-7b_conv300,3590,70977717000.0,735085284230.0
llama2-7b_conv300,3591,70977717000.0,735140144885.0
llama2-7b_conv300,3592,70977717000.0,735195069028.0
llama2-7b_conv300,3593,70977717000.0,735250120147.0
llama2-7b_conv300,3594,70977717000.0,735305171266.0
llama2-7b_conv300,3595,70977717000.0,735360285873.0
llama2-7b_conv300,3596,70977717000.0,735414108168.0
llama2-7b_conv300,3597,70977717000.0,735467930463.0
llama2-7b_conv300,3598,70977717000.0,735521752758.0
llama2-7b_conv300,3599,70977717000.0,735574870550.0
llama2-7b_conv300,3600,70977717000.0,735627988342.0
llama2-7b_conv300,3601,71553215000.0,735970420803.0
llama2-7b_conv300,3602,71553215000.0,736373099280.0
llama2-7b_conv300,3603,71553215000.0,736648896311.0
llama2-7b_conv300,3604,71553215000.0,736702771863.0
llama2-7b_conv300,3605,71553215000.0,736756647415.0
llama2-7b_conv300,3606,71553215000.0,736810586455.0
llama2-7b_conv300,3607,71553215000.0,736864525495.0
llama2-7b_conv300,3608,71553215000.0,736918528023.0
llama2-7b_conv300,3609,71553215000.0,736972594039.0
llama2-7b_conv300,3610,71553215000.0,737026660055.0
llama2-7b_conv300,3611,71553215000.0,737080726071.0
llama2-7b_conv300,3612,71553215000.0,737134792087.0
llama2-7b_conv300,3613,71926622000.0,737478109284.0
llama2-7b_conv300,3614,71926622000.0,737881799473.0
llama2-7b_conv300,3615,71926622000.0,738057045178.0
llama2-7b_conv300,3616,71926622000.0,738112450577.0
llama2-7b_conv300,3617,71926622000.0,738166961009.0
llama2-7b_conv300,3618,71926622000.0,738221471441.0
llama2-7b_conv300,3619,71926622000.0,738275981873.0
llama2-7b_conv300,3620,71926622000.0,738330492305.0
llama2-7b_conv300,3621,71926622000.0,738384218330.0
llama2-7b_conv300,3622,71926622000.0,738437944355.0
llama2-7b_conv300,3623,72258986000.0,738781326486.0
llama2-7b_conv300,3624,72258986000.0,739131361068.0
llama2-7b_conv300,3625,72258986000.0,739186188940.0
llama2-7b_conv300,3626,72258986000.0,739241080300.0
llama2-7b_conv300,3627,72258986000.0,739296035148.0
llama2-7b_conv300,3628,72258986000.0,739351053484.0
llama2-7b_conv300,3629,72463206000.0,739476478396.0
llama2-7b_conv300,3630,72463206000.0,739532078355.0
llama2-7b_conv300,3631,72463206000.0,739587678314.0
llama2-7b_conv300,3632,72463206000.0,739643278273.0
llama2-7b_conv300,3633,72463206000.0,739698941720.0
llama2-7b_conv300,3634,72463206000.0,739753456248.0
llama2-7b_conv300,3635,72463206000.0,739807970776.0
llama2-7b_conv300,3636,72463206000.0,739862548792.0
llama2-7b_conv300,3637,72686339000.0,740206441477.0
llama2-7b_conv300,3638,72686339000.0,740616610936.0
llama2-7b_conv300,3639,72772330000.0,740933203205.0
llama2-7b_conv300,3640,72772330000.0,741336958930.0
llama2-7b_conv300,3641,72772330000.0,742201974964.0
llama2-7b_conv300,3642,72772330000.0,742257056788.0
llama2-7b_conv300,3643,72772330000.0,742312138612.0
llama2-7b_conv300,3644,72772330000.0,742367220436.0
llama2-7b_conv300,3645,72772330000.0,742422302260.0
llama2-7b_conv300,3646,73069107000.0,742738510176.0
llama2-7b_conv300,3647,73069107000.0,742794423479.0
llama2-7b_conv300,3648,73139437000.0,743139072415.0
llama2-7b_conv300,3649,73139437000.0,744008093319.0
llama2-7b_conv300,3650,73139437000.0,744486338900.0
llama2-7b_conv300,3651,73139437000.0,745068936647.0
llama2-7b_conv300,3652,73139437000.0,745933802042.0
llama2-7b_conv300,3653,73139437000.0,746623257630.0
llama2-7b_conv300,3654,73139437000.0,748335924199.0
llama2-7b_conv300,3655,73139437000.0,749197757360.0
llama2-7b_conv300,3656,73188991000.0,749876417492.0
llama2-7b_conv300,3657,73188991000.0,750242452920.0
llama2-7b_conv300,3658,73188991000.0,750707922844.0
llama2-7b_conv300,3659,73284651000.0,751051400090.0
llama2-7b_conv300,3660,73284651000.0,751943989208.0
llama2-7b_conv300,3661,73501684000.0,752260490353.0
llama2-7b_conv300,3662,73501684000.0,752664857290.0
llama2-7b_conv300,3663,73841563000.0,753039634813.0
llama2-7b_conv300,3664,73841563000.0,753414009328.0
llama2-7b_conv300,3665,74006953000.0,753781809853.0
llama2-7b_conv300,3666,74006953000.0,754156025648.0
llama2-7b_conv300,3667,74006953000.0,754629270435.0
llama2-7b_conv300,3668,74046995000.0,754975184368.0
llama2-7b_conv300,3669,74046995000.0,755381541053.0
llama2-7b_conv300,3670,74046995000.0,755491390379.0
llama2-7b_conv300,3671,74046995000.0,755549398786.0
llama2-7b_conv300,3672,74046995000.0,755607407193.0
llama2-7b_conv300,3673,74046995000.0,755665415600.0
llama2-7b_conv300,3674,74046995000.0,755723424007.0
llama2-7b_conv300,3675,74046995000.0,755781495902.0
llama2-7b_conv300,3676,74046995000.0,755839631285.0
llama2-7b_conv300,3677,74046995000.0,755897766668.0
llama2-7b_conv300,3678,74046995000.0,755955902051.0
llama2-7b_conv300,3679,74046995000.0,756014100922.0
llama2-7b_conv300,3680,74046995000.0,756072299793.0
llama2-7b_conv300,3681,74046995000.0,756130498664.0
llama2-7b_conv300,3682,74046995000.0,756188761023.0
llama2-7b_conv300,3683,74046995000.0,756247023382.0
llama2-7b_conv300,3684,74046995000.0,756305285741.0
llama2-7b_conv300,3685,74046995000.0,756363548100.0
llama2-7b_conv300,3686,74046995000.0,756421810459.0
llama2-7b_conv300,3687,74046995000.0,756480072818.0
llama2-7b_conv300,3688,74046995000.0,756536995794.0
llama2-7b_conv300,3689,74046995000.0,756593982258.0
llama2-7b_conv300,3690,74046995000.0,756651032210.0
llama2-7b_conv300,3691,74046995000.0,756708082162.0
llama2-7b_conv300,3692,74046995000.0,756765132114.0
llama2-7b_conv300,3693,74046995000.0,756822182066.0
llama2-7b_conv300,3694,74046995000.0,756876669947.0
llama2-7b_conv300,3695,74046995000.0,756931157828.0
llama2-7b_conv300,3696,74046995000.0,756984259221.0
llama2-7b_conv300,3697,74046995000.0,757037424102.0
llama2-7b_conv300,3698,74046995000.0,757090588983.0
llama2-7b_conv300,3699,74046995000.0,757143753864.0
llama2-7b_conv300,3700,74046995000.0,757196918745.0
llama2-7b_conv300,3701,74046995000.0,757249362707.0
llama2-7b_conv300,3702,74046995000.0,757301806669.0
llama2-7b_conv300,3703,75304583000.0,757644747403.0
llama2-7b_conv300,3704,75304583000.0,758536701641.0
llama2-7b_conv300,3705,75304583000.0,758691712221.0
llama2-7b_conv300,3706,75304583000.0,758745258030.0
llama2-7b_conv300,3707,75304583000.0,758798803839.0
llama2-7b_conv300,3708,75304583000.0,758852413136.0
llama2-7b_conv300,3709,75304583000.0,758906022433.0
llama2-7b_conv300,3710,75304583000.0,758959631730.0
llama2-7b_conv300,3711,75304583000.0,759013241027.0
llama2-7b_conv300,3712,75304583000.0,759067036692.0
llama2-7b_conv300,3713,75627209000.0,759410924141.0
llama2-7b_conv300,3714,75627209000.0,759815446726.0
llama2-7b_conv300,3715,75726526000.0,760132333433.0
llama2-7b_conv300,3716,75726526000.0,760543224812.0
llama2-7b_conv300,3717,75833898000.0,760918715577.0
llama2-7b_conv300,3718,75862760000.0,761123965342.0
llama2-7b_conv300,3719,75862760000.0,761180634357.0
llama2-7b_conv300,3720,75862760000.0,761237366860.0
llama2-7b_conv300,3721,75862760000.0,761294289827.0
llama2-7b_conv300,3722,75862760000.0,761351212794.0
llama2-7b_conv300,3723,75862760000.0,761408199249.0
llama2-7b_conv300,3724,75862760000.0,761465185704.0
llama2-7b_conv300,3725,76099724000.0,761791342001.0
llama2-7b_conv300,3726,76099724000.0,761849176352.0
llama2-7b_conv300,3727,76099724000.0,761907074191.0
llama2-7b_conv300,3728,76099724000.0,761964972030.0
llama2-7b_conv300,3729,76099724000.0,762022996845.0
llama2-7b_conv300,3730,76286150000.0,762368464981.0
llama2-7b_conv300,3731,76286150000.0,763238368573.0
llama2-7b_conv300,3732,76286150000.0,763972634780.0
llama2-7b_conv300,3733,76286150000.0,764030532619.0
llama2-7b_conv300,3734,76286150000.0,764088430458.0
llama2-7b_conv300,3735,76286150000.0,764146328297.0
llama2-7b_conv300,3736,76286150000.0,764204289624.0
llama2-7b_conv300,3737,76286150000.0,764262314439.0
llama2-7b_conv300,3738,76558380000.0,764607782575.0
llama2-7b_conv300,3739,76558380000.0,765013117308.0
llama2-7b_conv300,3740,76558380000.0,765291320739.0
llama2-7b_conv300,3741,76558380000.0,765347094787.0
llama2-7b_conv300,3742,76749357000.0,765692056528.0
llama2-7b_conv300,3743,76749357000.0,766097264285.0
llama2-7b_conv300,3744,76749357000.0,766201493340.0
llama2-7b_conv300,3745,76749357000.0,766257140412.0
llama2-7b_conv300,3746,76749357000.0,766312850972.0
llama2-7b_conv300,3747,76749357000.0,766368561532.0
llama2-7b_conv300,3748,76749357000.0,766424272092.0
llama2-7b_conv300,3749,76749357000.0,766480046140.0
llama2-7b_conv300,3750,76749357000.0,766535820188.0
llama2-7b_conv300,3751,76749357000.0,766590492389.0
llama2-7b_conv300,3752,76749357000.0,766645164590.0
llama2-7b_conv300,3753,76749357000.0,766697221480.0
llama2-7b_conv300,3754,76749357000.0,766748405898.0
llama2-7b_conv300,3755,76749357000.0,766799590316.0
llama2-7b_conv300,3756,76749357000.0,766850838222.0
llama2-7b_conv300,3757,76749357000.0,766902086128.0
llama2-7b_conv300,3758,76749357000.0,766953334034.0
llama2-7b_conv300,3759,76749357000.0,767004581940.0
llama2-7b_conv300,3760,76749357000.0,767055829846.0
llama2-7b_conv300,3761,77310607000.0,767396735775.0
llama2-7b_conv300,3762,77310607000.0,767767575489.0
llama2-7b_conv300,3763,77310607000.0,767818569443.0
llama2-7b_conv300,3764,77310607000.0,767869563397.0
llama2-7b_conv300,3765,77310607000.0,767920684327.0
llama2-7b_conv300,3766,77310607000.0,767971805257.0
llama2-7b_conv300,3767,77310607000.0,768022926187.0
llama2-7b_conv300,3768,77546989000.0,768364531023.0
llama2-7b_conv300,3769,77546989000.0,768766906163.0
llama2-7b_conv300,3770,77546989000.0,768997692171.0
llama2-7b_conv300,3771,77546989000.0,769049497157.0
llama2-7b_conv300,3772,77546989000.0,769101302143.0
llama2-7b_conv300,3773,77546989000.0,769153107129.0
llama2-7b_conv300,3774,77546989000.0,769204975603.0
llama2-7b_conv300,3775,77546989000.0,769256844077.0
llama2-7b_conv300,3776,77546989000.0,769308712551.0
llama2-7b_conv300,3777,77546989000.0,769360581025.0
llama2-7b_conv300,3778,77546989000.0,769412449499.0
llama2-7b_conv300,3779,77546989000.0,769464317973.0
llama2-7b_conv300,3780,77546989000.0,769516186447.0
llama2-7b_conv300,3781,77546989000.0,769567182449.0
llama2-7b_conv300,3782,77546989000.0,769618305427.0
llama2-7b_conv300,3783,77546989000.0,769669428405.0
llama2-7b_conv300,3784,77546989000.0,769720551383.0
llama2-7b_conv300,3785,77546989000.0,769771737849.0
llama2-7b_conv300,3786,77546989000.0,769822924315.0
llama2-7b_conv300,3787,77546989000.0,769873664582.0
llama2-7b_conv300,3788,77546989000.0,769924404849.0
llama2-7b_conv300,3789,77546989000.0,769975145116.0
llama2-7b_conv300,3790,77546989000.0,770025885383.0
llama2-7b_conv300,3791,77546989000.0,770075331291.0
llama2-7b_conv300,3792,77546989000.0,770124840687.0
llama2-7b_conv300,3793,78254342000.0,770465386910.0
llama2-7b_conv300,3794,78254342000.0,770867029069.0
llama2-7b_conv300,3795,78313936000.0,771195592214.0
llama2-7b_conv300,3796,78313936000.0,771615390175.0
llama2-7b_conv300,3797,78313936000.0,772098645416.0
llama2-7b_conv300,3798,78313936000.0,772222136978.0
llama2-7b_conv300,3799,78313936000.0,772272750269.0
llama2-7b_conv300,3800,78313936000.0,772323427048.0
llama2-7b_conv300,3801,78313936000.0,772374103827.0
llama2-7b_conv300,3802,78313936000.0,772424780606.0
llama2-7b_conv300,3803,78313936000.0,772475457385.0
llama2-7b_conv300,3804,78313936000.0,772526197652.0
llama2-7b_conv300,3805,78684997000.0,772645467619.0
llama2-7b_conv300,3806,78707843000.0,772986062252.0
llama2-7b_conv300,3807,78707843000.0,773405709685.0
llama2-7b_conv300,3808,78707843000.0,773888270654.0
llama2-7b_conv300,3809,78741657000.0,774365838400.0
llama2-7b_conv300,3810,78741657000.0,774417268602.0
llama2-7b_conv300,3811,78741657000.0,774467826332.0
llama2-7b_conv300,3812,78741657000.0,774518447550.0
llama2-7b_conv300,3813,78741657000.0,774569068768.0
llama2-7b_conv300,3814,78741657000.0,774619689986.0
llama2-7b_conv300,3815,78741657000.0,774670311204.0
llama2-7b_conv300,3816,78741657000.0,774720422735.0
llama2-7b_conv300,3817,78741657000.0,774769303395.0
llama2-7b_conv300,3818,78741657000.0,774818184055.0
llama2-7b_conv300,3819,78741657000.0,774867064715.0
llama2-7b_conv300,3820,78741657000.0,774915945375.0
llama2-7b_conv300,3821,78741657000.0,774964826035.0
llama2-7b_conv300,3822,79246030000.0,775280919034.0
llama2-7b_conv300,3823,79246030000.0,775330586149.0
llama2-7b_conv300,3824,79316404000.0,775670865390.0
llama2-7b_conv300,3825,79316404000.0,776071878813.0
llama2-7b_conv300,3826,79431406000.0,776376950465.0
llama2-7b_conv300,3827,79431406000.0,776740896933.0
llama2-7b_conv300,3828,79431406000.0,777204277897.0
llama2-7b_conv300,3829,79466727000.0,777519661967.0
llama2-7b_conv300,3830,79466727000.0,777571313376.0
llama2-7b_conv300,3831,79466727000.0,777622964785.0
llama2-7b_conv300,3832,79466727000.0,777674616194.0
llama2-7b_conv300,3833,79466727000.0,777726267603.0
llama2-7b_conv300,3834,79466727000.0,777777919012.0
llama2-7b_conv300,3835,79466727000.0,777829570421.0
llama2-7b_conv300,3836,79788963000.0,777949843894.0
llama2-7b_conv300,3837,79817387000.0,778291907715.0
llama2-7b_conv300,3838,79817387000.0,778694217552.0
llama2-7b_conv300,3839,79817387000.0,779083984689.0
llama2-7b_conv300,3840,79996058000.0,779426872345.0
llama2-7b_conv300,3841,79996058000.0,780294131969.0
llama2-7b_conv300,3842,79996058000.0,780463059294.0
llama2-7b_conv300,3843,79996058000.0,780517147829.0
llama2-7b_conv300,3844,79996058000.0,780569960469.0
llama2-7b_conv300,3845,80182683000.0,780912024290.0
llama2-7b_conv300,3846,80182683000.0,781313329467.0
llama2-7b_conv300,3847,80182683000.0,781396401143.0
llama2-7b_conv300,3848,80182683000.0,781448302400.0
llama2-7b_conv300,3849,80182683000.0,781500330633.0
llama2-7b_conv300,3850,80182683000.0,781552358866.0
llama2-7b_conv300,3851,80396777000.0,781893979717.0
llama2-7b_conv300,3852,80396777000.0,782295284894.0
llama2-7b_conv300,3853,80421214000.0,782666816337.0
llama2-7b_conv300,3854,80421214000.0,783037715396.0
llama2-7b_conv300,3855,80421214000.0,783436568605.0
llama2-7b_conv300,3856,80421214000.0,783489698685.0
llama2-7b_conv300,3857,80421214000.0,783542955741.0
llama2-7b_conv300,3858,80421214000.0,783596212797.0
llama2-7b_conv300,3859,80421214000.0,783647358350.0
llama2-7b_conv300,3860,80421214000.0,783697211592.0
llama2-7b_conv300,3861,80421214000.0,783747064834.0
llama2-7b_conv300,3862,80421214000.0,783796918076.0
llama2-7b_conv300,3863,80421214000.0,783846771318.0
llama2-7b_conv300,3864,80421214000.0,783896688048.0
llama2-7b_conv300,3865,80895356000.0,784237101550.0
llama2-7b_conv300,3866,80895356000.0,785126528556.0
llama2-7b_conv300,3867,80895356000.0,785183022470.0
llama2-7b_conv300,3868,80895356000.0,785232621760.0
llama2-7b_conv300,3869,80895356000.0,785282284538.0
llama2-7b_conv300,3870,80895356000.0,785331328796.0
llama2-7b_conv300,3871,80895356000.0,785380373054.0
llama2-7b_conv300,3872,80895356000.0,785429417312.0
llama2-7b_conv300,3873,81144872000.0,785769006916.0
llama2-7b_conv300,3874,81144872000.0,786186825485.0
llama2-7b_conv300,3875,81144872000.0,786500567496.0
llama2-7b_conv300,3876,81144872000.0,786549675242.0
llama2-7b_conv300,3877,81144872000.0,786598846476.0
llama2-7b_conv300,3878,81144872000.0,786648017710.0
llama2-7b_conv300,3879,81144872000.0,786697188944.0
llama2-7b_conv300,3880,81144872000.0,786746360178.0
llama2-7b_conv300,3881,81144872000.0,786795531412.0
llama2-7b_conv300,3882,81144872000.0,786844766134.0
llama2-7b_conv300,3883,81144872000.0,786894000856.0
llama2-7b_conv300,3884,81144872000.0,786943235578.0
llama2-7b_conv300,3885,81144872000.0,786992470300.0
llama2-7b_conv300,3886,81144872000.0,787041705022.0
llama2-7b_conv300,3887,81144872000.0,787090939744.0
llama2-7b_conv300,3888,81144872000.0,787140237954.0
llama2-7b_conv300,3889,81628783000.0,787479194187.0
llama2-7b_conv300,3890,81628783000.0,787878249722.0
llama2-7b_conv300,3891,81628783000.0,788598895746.0
llama2-7b_conv300,3892,81628783000.0,788645755030.0
llama2-7b_conv300,3893,81628783000.0,788692741290.0
llama2-7b_conv300,3894,81628783000.0,788739913918.0
llama2-7b_conv300,3895,81628783000.0,788785603802.0
llama2-7b_conv300,3896,81628783000.0,788831293686.0
llama2-7b_conv300,3897,81628783000.0,788876985618.0
llama2-7b_conv300,3898,81628783000.0,788922677550.0
llama2-7b_conv300,3899,81628783000.0,788968369482.0
llama2-7b_conv300,3900,81628783000.0,789012703567.0
llama2-7b_conv300,3901,81628783000.0,789057224020.0
llama2-7b_conv300,3902,81628783000.0,789101807961.0
llama2-7b_conv300,3903,81628783000.0,789146391902.0
llama2-7b_conv300,3904,82066092000.0,789483201432.0
llama2-7b_conv300,3905,82066092000.0,789881305554.0
llama2-7b_conv300,3906,82109910000.0,790190856231.0
llama2-7b_conv300,3907,82109910000.0,790595073212.0
llama2-7b_conv300,3908,82109910000.0,791317738996.0
llama2-7b_conv300,3909,82109910000.0,791364778504.0
llama2-7b_conv300,3910,82109910000.0,791411881500.0
llama2-7b_conv300,3911,82109910000.0,791458984496.0
llama2-7b_conv300,3912,82109910000.0,791506087492.0
llama2-7b_conv300,3913,82109910000.0,791553317464.0
llama2-7b_conv300,3914,82413633000.0,791891584263.0
llama2-7b_conv300,3915,82413633000.0,792290883510.0
llama2-7b_conv300,3916,82497749000.0,792646246783.0
llama2-7b_conv300,3917,82497749000.0,793063348552.0
llama2-7b_conv300,3918,82497749000.0,793890751165.0
llama2-7b_conv300,3919,82497749000.0,793940039135.0
llama2-7b_conv300,3920,82497749000.0,793989390593.0
llama2-7b_conv300,3921,82497749000.0,794038742051.0
llama2-7b_conv300,3922,82497749000.0,794088156997.0
llama2-7b_conv300,3923,82497749000.0,794137635431.0
llama2-7b_conv300,3924,82497749000.0,794187113865.0
llama2-7b_conv300,3925,82497749000.0,794236655787.0
llama2-7b_conv300,3926,82497749000.0,794285688022.0
llama2-7b_conv300,3927,82497749000.0,794334720257.0
llama2-7b_conv300,3928,82497749000.0,794383815980.0
llama2-7b_conv300,3929,82919064000.0,794723600347.0
llama2-7b_conv300,3930,82919064000.0,795124417162.0
llama2-7b_conv300,3931,82919064000.0,795288896801.0
llama2-7b_conv300,3932,82919064000.0,795338748236.0
llama2-7b_conv300,3933,82919064000.0,795388663159.0
llama2-7b_conv300,3934,82919064000.0,795438578082.0
llama2-7b_conv300,3935,82919064000.0,795488493005.0
llama2-7b_conv300,3936,82919064000.0,795538407928.0
llama2-7b_conv300,3937,82919064000.0,795588322851.0
llama2-7b_conv300,3938,82919064000.0,795638301262.0
llama2-7b_conv300,3939,82919064000.0,795688279673.0
llama2-7b_conv300,3940,82919064000.0,795738321572.0
llama2-7b_conv300,3941,82919064000.0,795788363471.0
llama2-7b_conv300,3942,82919064000.0,795838405370.0
llama2-7b_conv300,3943,82919064000.0,795887910670.0
llama2-7b_conv300,3944,82919064000.0,795937415970.0
llama2-7b_conv300,3945,82919064000.0,795987048246.0
llama2-7b_conv300,3946,82919064000.0,796036680522.0
llama2-7b_conv300,3947,82919064000.0,796086312798.0
llama2-7b_conv300,3948,82919064000.0,796135945074.0
llama2-7b_conv300,3949,82919064000.0,796185577350.0
llama2-7b_conv300,3950,82919064000.0,796235209626.0
llama2-7b_conv300,3951,82919064000.0,796284905390.0
llama2-7b_conv300,3952,82919064000.0,796334601154.0
llama2-7b_conv300,3953,82919064000.0,796384360406.0
llama2-7b_conv300,3954,82919064000.0,796434119658.0
llama2-7b_conv300,3955,82919064000.0,796483942398.0
llama2-7b_conv300,3956,82919064000.0,796533765138.0
llama2-7b_conv300,3957,82919064000.0,796582676526.0
llama2-7b_conv300,3958,82919064000.0,796631587914.0
llama2-7b_conv300,3959,83735745000.0,796972131551.0
llama2-7b_conv300,3960,83735745000.0,797379868020.0
llama2-7b_conv300,3961,83797671000.0,797693326883.0
llama2-7b_conv300,3962,83797671000.0,798095118546.0
llama2-7b_conv300,3963,83797671000.0,798446884370.0
llama2-7b_conv300,3964,83797671000.0,798498191933.0
llama2-7b_conv300,3965,84029102000.0,798641845335.0
llama2-7b_conv300,3966,84029102000.0,798692395138.0
llama2-7b_conv300,3967,84029102000.0,798742944941.0
llama2-7b_conv300,3968,84029102000.0,798793558232.0
llama2-7b_conv300,3969,84029102000.0,798844171523.0
llama2-7b_conv300,3970,84029102000.0,798894848302.0
llama2-7b_conv300,3971,84029102000.0,798945588569.0
llama2-7b_conv300,3972,84029102000.0,798996328836.0
llama2-7b_conv300,3973,84029102000.0,799047132591.0
llama2-7b_conv300,3974,84029102000.0,799097936346.0
llama2-7b_conv300,3975,84029102000.0,799148803589.0
llama2-7b_conv300,3976,84029102000.0,799198947865.0
llama2-7b_conv300,3977,84029102000.0,799249155629.0
llama2-7b_conv300,3978,84029102000.0,799299363393.0
llama2-7b_conv300,3979,84029102000.0,799349571157.0
llama2-7b_conv300,3980,84029102000.0,799399842409.0
llama2-7b_conv300,3981,84029102000.0,799450113661.0
llama2-7b_conv300,3982,84029102000.0,799500511889.0
llama2-7b_conv300,3983,84029102000.0,799550910117.0
llama2-7b_conv300,3984,84029102000.0,799601308345.0
llama2-7b_conv300,3985,84029102000.0,799651833549.0
llama2-7b_conv300,3986,84029102000.0,799702358753.0
llama2-7b_conv300,3987,84029102000.0,799752883957.0
llama2-7b_conv300,3988,84029102000.0,799801926417.0
llama2-7b_conv300,3989,84029102000.0,799850968877.0
llama2-7b_conv300,3990,84029102000.0,799900011337.0
llama2-7b_conv300,3991,84029102000.0,799949053797.0
llama2-7b_conv300,3992,84029102000.0,799996801898.0
llama2-7b_conv300,3993,84029102000.0,800044549999.0
llama2-7b_conv300,3994,84029102000.0,800092298100.0
llama2-7b_conv300,3995,84029102000.0,800138551649.0
llama2-7b_conv300,3996,84029102000.0,800184805198.0
llama2-7b_conv300,3997,84029102000.0,800231058747.0
llama2-7b_conv300,3998,84029102000.0,800275954481.0
llama2-7b_conv300,3999,84029102000.0,800319398160.0
llama2-7b_conv300,4000,84029102000.0,800362841839.0
llama2-7b_conv300,4001,84029102000.0,800406349006.0
llama2-7b_conv300,4002,84029102000.0,800449919661.0
llama2-7b_conv300,4003,84029102000.0,800493490316.0
llama2-7b_conv300,4004,84029102000.0,800537124459.0
llama2-7b_conv300,4005,84029102000.0,800580822090.0
llama2-7b_conv300,4006,84029102000.0,800624519721.0
llama2-7b_conv300,4007,84029102000.0,800668217352.0
llama2-7b_conv300,4008,84029102000.0,800711914983.0
llama2-7b_conv300,4009,84029102000.0,800755798982.0
llama2-7b_conv300,4010,84029102000.0,800799682981.0
llama2-7b_conv300,4011,84029102000.0,800843566980.0
llama2-7b_conv300,4012,84029102000.0,800887450979.0
llama2-7b_conv300,4013,84029102000.0,800931334978.0
llama2-7b_conv300,4014,84029102000.0,800975218977.0
llama2-7b_conv300,4015,84029102000.0,801019102976.0
llama2-7b_conv300,4016,84029102000.0,801063050463.0
llama2-7b_conv300,4017,84029102000.0,801106997950.0
llama2-7b_conv300,4018,84029102000.0,801150945437.0
llama2-7b_conv300,4019,84029102000.0,801194892924.0
llama2-7b_conv300,4020,84029102000.0,801238840411.0
llama2-7b_conv300,4021,84029102000.0,801282914874.0
llama2-7b_conv300,4022,84029102000.0,801326989337.0
llama2-7b_conv300,4023,84029102000.0,801371063800.0
llama2-7b_conv300,4024,84029102000.0,801415138263.0
llama2-7b_conv300,4025,84029102000.0,801459212726.0
llama2-7b_conv300,4026,84029102000.0,801503287189.0
llama2-7b_conv300,4027,84029102000.0,801547361652.0
llama2-7b_conv300,4028,84029102000.0,801591436115.0
llama2-7b_conv300,4029,84029102000.0,801635574066.0
llama2-7b_conv300,4030,84029102000.0,801679775505.0
llama2-7b_conv300,4031,84029102000.0,801723976944.0
llama2-7b_conv300,4032,84029102000.0,801768178383.0
llama2-7b_conv300,4033,84029102000.0,801812379822.0
llama2-7b_conv300,4034,84029102000.0,801856581261.0
llama2-7b_conv300,4035,84029102000.0,801900782700.0
llama2-7b_conv300,4036,84029102000.0,801944984139.0
llama2-7b_conv300,4037,84029102000.0,801987786802.0
llama2-7b_conv300,4038,84029102000.0,802030652953.0
llama2-7b_conv300,4039,84029102000.0,802073519104.0
llama2-7b_conv300,4040,84029102000.0,802116448743.0
llama2-7b_conv300,4041,84029102000.0,802395795383.0
llama2-7b_conv300,4042,84029102000.0,802669831567.0
llama2-7b_conv300,4043,84029102000.0,802938557264.0
llama2-7b_conv300,4044,84029102000.0,803207346449.0
llama2-7b_conv300,4045,84029102000.0,803476199122.0
llama2-7b_conv300,4046,84029102000.0,803745051795.0
llama2-7b_conv300,4047,84029102000.0,804008593981.0
llama2-7b_conv300,4048,84029102000.0,804272199655.0
llama2-7b_conv300,4049,84029102000.0,804535805329.0
llama2-7b_conv300,4050,84029102000.0,804799474491.0
llama2-7b_conv300,4051,84029102000.0,805063143653.0
llama2-7b_conv300,4052,84029102000.0,805326812815.0
llama2-7b_conv300,4053,84029102000.0,805590545465.0
llama2-7b_conv300,4054,84029102000.0,805738530539.0
llama2-7b_conv300,4055,84029102000.0,805886515613.0
llama2-7b_conv300,4056,84029102000.0,806031578168.0
llama2-7b_conv300,4057,84029102000.0,806176640723.0
llama2-7b_conv300,4058,84029102000.0,806321703278.0
llama2-7b_conv300,4059,84029102000.0,806466765833.0
llama2-7b_conv300,4060,84029102000.0,806608842412.0
llama2-7b_conv300,4061,84029102000.0,806750918991.0
llama2-7b_conv300,4062,84029102000.0,806890009563.0
llama2-7b_conv300,4063,84029102000.0,807029100135.0
llama2-7b_conv300,4064,84029102000.0,807168190707.0
llama2-7b_conv300,4065,84029102000.0,807307281279.0
llama2-7b_conv300,4066,84029102000.0,807446435339.0
llama2-7b_conv300,4067,84029102000.0,807481174143.0
llama2-7b_conv300,4068,84029102000.0,807514151653.0
llama2-7b_conv300,4069,84029102000.0,807547129163.0
llama2-7b_conv300,4070,84029102000.0,807580106673.0
llama2-7b_conv300,4071,84029102000.0,807613084183.0
llama2-7b_conv300,4072,84029102000.0,807646061693.0
llama2-7b_conv300,4073,84029102000.0,807679102691.0
llama2-7b_conv300,4074,84029102000.0,807711254865.0
llama2-7b_conv300,4075,84029102000.0,807743407039.0
llama2-7b_conv300,4076,84029102000.0,807775559213.0
llama2-7b_conv300,4077,84029102000.0,807807711387.0
llama2-7b_conv300,4078,84029102000.0,807839863561.0
llama2-7b_conv300,4079,84029102000.0,807872079223.0
llama2-7b_conv300,4080,84029102000.0,807904294885.0
llama2-7b_conv300,4081,84029102000.0,807936510547.0
llama2-7b_conv300,4082,84029102000.0,807968726209.0
llama2-7b_conv300,4083,84029102000.0,808001005359.0
llama2-7b_conv300,4084,84029102000.0,808033284509.0
llama2-7b_conv300,4085,84029102000.0,808065563659.0
llama2-7b_conv300,4086,84029102000.0,808097842809.0
llama2-7b_conv300,4087,84029102000.0,808130121959.0
llama2-7b_conv300,4088,84029102000.0,808162401109.0
llama2-7b_conv300,4089,84029102000.0,808194680259.0
llama2-7b_conv300,4090,84029102000.0,808226959409.0
llama2-7b_conv300,4091,84029102000.0,808259238559.0
llama2-7b_conv300,4092,84029102000.0,808291517709.0
llama2-7b_conv300,4093,84029102000.0,808323796859.0
llama2-7b_conv300,4094,84029102000.0,808356076009.0
llama2-7b_conv300,4095,84029102000.0,808388355159.0
llama2-7b_conv300,4096,84029102000.0,808420697797.0
llama2-7b_conv300,4097,84029102000.0,808453040435.0
llama2-7b_conv300,4098,84029102000.0,808644495498.0
llama2-7b_conv300,4099,84029102000.0,808835950561.0
llama2-7b_conv300,4100,84029102000.0,809027405624.0
llama2-7b_conv300,4101,84029102000.0,809218924175.0
llama2-7b_conv300,4102,84029102000.0,809410442726.0
llama2-7b_conv300,4103,84029102000.0,809602024765.0
llama2-7b_conv300,4104,84029102000.0,809793606804.0
llama2-7b_conv300,4105,84029102000.0,809985188843.0
llama2-7b_conv300,4106,84029102000.0,810176770882.0
llama2-7b_conv300,4107,84029102000.0,810368352921.0
llama2-7b_conv300,4108,84029102000.0,810559934960.0
llama2-7b_conv300,4109,84029102000.0,810751516999.0
llama2-7b_conv300,4110,84029102000.0,810943099038.0
llama2-7b_conv300,4111,84029102000.0,811134681077.0
llama2-7b_conv300,4112,84029102000.0,811326263116.0
llama2-7b_conv300,4113,84029102000.0,811517908643.0
llama2-7b_conv300,4114,84029102000.0,811709554170.0
llama2-7b_conv300,4115,84029102000.0,811901199697.0
llama2-7b_conv300,4116,84029102000.0,812092845224.0
llama2-7b_conv300,4117,84029102000.0,812279964647.0
llama2-7b_conv300,4118,84029102000.0,812467084070.0
llama2-7b_conv300,4119,84029102000.0,812654203493.0
llama2-7b_conv300,4120,84029102000.0,812836796981.0
llama2-7b_conv300,4121,84029102000.0,813019390469.0
llama2-7b_conv300,4122,84029102000.0,813201983957.0
llama2-7b_conv300,4123,84029102000.0,813384577445.0
llama2-7b_conv300,4124,84029102000.0,813505039477.0
llama2-7b_conv300,4125,84029102000.0,813625501509.0
llama2-7b_conv300,4126,84029102000.0,813745963541.0
llama2-7b_conv300,4127,84029102000.0,813866425573.0
llama2-7b_conv300,4128,84029102000.0,813986887605.0
llama2-7b_conv300,4129,84029102000.0,814107349637.0
llama2-7b_conv300,4130,84029102000.0,814227875157.0
llama2-7b_conv300,4131,84029102000.0,814348400677.0
llama2-7b_conv300,4132,84029102000.0,814468989685.0
llama2-7b_conv300,4133,84029102000.0,814589578693.0
llama2-7b_conv300,4134,84029102000.0,814710167701.0
llama2-7b_conv300,4135,84029102000.0,814830756709.0
llama2-7b_conv300,4136,84029102000.0,814951345717.0
llama2-7b_conv300,4137,84029102000.0,815071998213.0
llama2-7b_conv300,4138,84029102000.0,815192650709.0
llama2-7b_conv300,4139,84029102000.0,815313303205.0
llama2-7b_conv300,4140,84029102000.0,815433955701.0
llama2-7b_conv300,4141,84029102000.0,815554608197.0
llama2-7b_conv300,4142,84029102000.0,815675260693.0
llama2-7b_conv300,4143,84029102000.0,815795913189.0
llama2-7b_conv300,4144,84029102000.0,815916629173.0
llama2-7b_conv300,4145,84029102000.0,816037345157.0
llama2-7b_conv300,4146,84029102000.0,816158061141.0
llama2-7b_conv300,4147,84029102000.0,816278777125.0
llama2-7b_conv300,4148,83797671000.0,816307722485.0
llama2-7b_conv300,4149,83797671000.0,816336731333.0
llama2-7b_conv300,4150,83797671000.0,816365740181.0
llama2-7b_conv300,4151,83797671000.0,816394749029.0
llama2-7b_conv300,4152,83797671000.0,816423757877.0
llama2-7b_conv300,4153,83797671000.0,816452766725.0
llama2-7b_conv300,4154,83797671000.0,816481775573.0
llama2-7b_conv300,4155,83797671000.0,816510784421.0
llama2-7b_conv300,4156,83797671000.0,816539793269.0
llama2-7b_conv300,4157,83797671000.0,816568802117.0
llama2-7b_conv300,4158,83797671000.0,816597874453.0
llama2-7b_conv300,4159,83797671000.0,816626946789.0
llama2-7b_conv300,4160,83797671000.0,816656019125.0
llama2-7b_conv300,4161,83797671000.0,816685091461.0
llama2-7b_conv300,4162,83797671000.0,816714163797.0
llama2-7b_conv300,4163,83797671000.0,816742253861.0
llama2-7b_conv300,4164,83797671000.0,816770343925.0
llama2-7b_conv300,4165,83797671000.0,816798433989.0
llama2-7b_conv300,4166,83797671000.0,816826587541.0
llama2-7b_conv300,4167,83797671000.0,816854741093.0
llama2-7b_conv300,4168,83797671000.0,816882958133.0
llama2-7b_conv300,4169,83797671000.0,816911238661.0
llama2-7b_conv300,4170,83797671000.0,816939519189.0
llama2-7b_conv300,4171,83797671000.0,816967799717.0
llama2-7b_conv300,4172,83797671000.0,816996143733.0
llama2-7b_conv300,4173,83797671000.0,817024551237.0
llama2-7b_conv300,4174,83797671000.0,817052958741.0
llama2-7b_conv300,4175,83797671000.0,817081366245.0
llama2-7b_conv300,4176,83797671000.0,817109773749.0
llama2-7b_conv300,4177,83797671000.0,817138181253.0
llama2-7b_conv300,4178,83797671000.0,817166652245.0
llama2-7b_conv300,4179,83797671000.0,817195123237.0
llama2-7b_conv300,4180,83797671000.0,817223594229.0
llama2-7b_conv300,4181,83797671000.0,817252065221.0
llama2-7b_conv300,4182,83797671000.0,817280536213.0
llama2-7b_conv300,4183,83797671000.0,817309007205.0
llama2-7b_conv300,4184,83797671000.0,817337478197.0
llama2-7b_conv300,4185,83797671000.0,817365949189.0
llama2-7b_conv300,4186,83797671000.0,817394420181.0
llama2-7b_conv300,4187,83797671000.0,817422891173.0
llama2-7b_conv300,4188,83797671000.0,817451362165.0
llama2-7b_conv300,4189,83797671000.0,817479833157.0
llama2-7b_conv300,4190,83797671000.0,817508304149.0
llama2-7b_conv300,4191,83797671000.0,817536775141.0
llama2-7b_conv300,4192,83797671000.0,817565246133.0
llama2-7b_conv300,4193,83797671000.0,817593717125.0
llama2-7b_conv300,4194,83797671000.0,817622251605.0
llama2-7b_conv300,4195,83797671000.0,817650786085.0
llama2-7b_conv300,4196,83797671000.0,817679384053.0
llama2-7b_conv300,4197,83797671000.0,817707982021.0
llama2-7b_conv300,4198,83797671000.0,817736579989.0
llama2-7b_conv300,4199,83797671000.0,817765177957.0
llama2-7b_conv300,4200,83797671000.0,817933022261.0
llama2-7b_conv300,4201,83797671000.0,818100930053.0
llama2-7b_conv300,4202,83797671000.0,818268837845.0
llama2-7b_conv300,4203,83797671000.0,818436745637.0
llama2-7b_conv300,4204,83797671000.0,818604653429.0
llama2-7b_conv300,4205,83797671000.0,818772561221.0
llama2-7b_conv300,4206,83797671000.0,818939517461.0
llama2-7b_conv300,4207,83797671000.0,819106537189.0
llama2-7b_conv300,4208,83797671000.0,819273556917.0
llama2-7b_conv300,4209,83797671000.0,819440576645.0
llama2-7b_conv300,4210,83797671000.0,819607596373.0
llama2-7b_conv300,4211,83797671000.0,819774679589.0
llama2-7b_conv300,4212,83797671000.0,819941762805.0
llama2-7b_conv300,4213,83797671000.0,820108846021.0
llama2-7b_conv300,4214,83797671000.0,820275929237.0
llama2-7b_conv300,4215,83797671000.0,820443012453.0
llama2-7b_conv300,4216,83797671000.0,820610095669.0
llama2-7b_conv300,4217,83797671000.0,820777178885.0
llama2-7b_conv300,4218,83797671000.0,820944262101.0
llama2-7b_conv300,4219,83797671000.0,821111345317.0
llama2-7b_conv300,4220,83797671000.0,821278428533.0
llama2-7b_conv300,4221,83797671000.0,821445511749.0
llama2-7b_conv300,4222,83797671000.0,821612594965.0
llama2-7b_conv300,4223,83797671000.0,821779678181.0
llama2-7b_conv300,4224,83797671000.0,821946824885.0
llama2-7b_conv300,4225,83797671000.0,822113971589.0
llama2-7b_conv300,4226,83797671000.0,822281118293.0
llama2-7b_conv300,4227,83797671000.0,822448264997.0
llama2-7b_conv300,4228,83797671000.0,822615411701.0
llama2-7b_conv300,4229,83797671000.0,822782621893.0
llama2-7b_conv300,4230,83797671000.0,822949832085.0
llama2-7b_conv300,4231,83797671000.0,823117105765.0
llama2-7b_conv300,4232,83797671000.0,823284379445.0
llama2-7b_conv300,4233,83797671000.0,823451653125.0
llama2-7b_conv300,4234,83797671000.0,823618926805.0
llama2-7b_conv300,4235,83797671000.0,823786200485.0
llama2-7b_conv300,4236,83797671000.0,824022243957.0
llama2-7b_conv300,4237,83797671000.0,824257399365.0
llama2-7b_conv300,4238,83797671000.0,824492554773.0
llama2-7b_conv300,4239,83797671000.0,824727710181.0
llama2-7b_conv300,4240,83797671000.0,824821810357.0
llama2-7b_conv300,4241,83797671000.0,824915910533.0
llama2-7b_conv300,4242,83797671000.0,825010010709.0
llama2-7b_conv300,4243,83797671000.0,825104110885.0
llama2-7b_conv300,4244,83797671000.0,825198211061.0
llama2-7b_conv300,4245,83797671000.0,825292311237.0
llama2-7b_conv300,4246,83797671000.0,825386411413.0
llama2-7b_conv300,4247,83797671000.0,825480511589.0
llama2-7b_conv300,4248,83797671000.0,825574611765.0
llama2-7b_conv300,4249,83797671000.0,825668711941.0
llama2-7b_conv300,4250,83797671000.0,825762812117.0
llama2-7b_conv300,4251,83797671000.0,825856912293.0
llama2-7b_conv300,4252,83797671000.0,825951012469.0
llama2-7b_conv300,4253,83797671000.0,826044113989.0
llama2-7b_conv300,4254,83797671000.0,826137215509.0
llama2-7b_conv300,4255,83797671000.0,826230317029.0
llama2-7b_conv300,4256,83797671000.0,826323418549.0
llama2-7b_conv300,4257,83797671000.0,826416520069.0
llama2-7b_conv300,4258,83797671000.0,826509621589.0
llama2-7b_conv300,4259,83797671000.0,826602723109.0
llama2-7b_conv300,4260,83797671000.0,826695888117.0
llama2-7b_conv300,4261,83797671000.0,826789053125.0
llama2-7b_conv300,4262,83797671000.0,826882218133.0
llama2-7b_conv300,4263,83797671000.0,826975383141.0
llama2-7b_conv300,4264,83797671000.0,827068548149.0
llama2-7b_conv300,4265,83797671000.0,827161713157.0
llama2-7b_conv300,4266,83797671000.0,827254878165.0
llama2-7b_conv300,4267,83797671000.0,827348043173.0
llama2-7b_conv300,4268,83797671000.0,827441208181.0
llama2-7b_conv300,4269,83797671000.0,827534373189.0
llama2-7b_conv300,4270,83797671000.0,827627538197.0
llama2-7b_conv300,4271,83797671000.0,827720703205.0
llama2-7b_conv300,4272,83797671000.0,827813931701.0
llama2-7b_conv300,4273,83797671000.0,827907160197.0
llama2-7b_conv300,4274,83797671000.0,828000388693.0
llama2-7b_conv300,4275,83797671000.0,828093617189.0
llama2-7b_conv300,4276,83797671000.0,828263524853.0
llama2-7b_conv300,4277,83797671000.0,828433496005.0
llama2-7b_conv300,4278,83797671000.0,828603467157.0
llama2-7b_conv300,4279,83797671000.0,828773438309.0
llama2-7b_conv300,4280,83797671000.0,828943409461.0
llama2-7b_conv300,4281,83797671000.0,829113380613.0
llama2-7b_conv300,4282,83797671000.0,829283351765.0
llama2-7b_conv300,4283,83797671000.0,829452561829.0
llama2-7b_conv300,4284,83797671000.0,829621771893.0
llama2-7b_conv300,4285,83797671000.0,829790981957.0
llama2-7b_conv300,4286,83797671000.0,829960192021.0
llama2-7b_conv300,4287,83797671000.0,830129402085.0
llama2-7b_conv300,4288,83797671000.0,830298612149.0
llama2-7b_conv300,4289,83797671000.0,830409844101.0
llama2-7b_conv300,4290,83797671000.0,830521076053.0
llama2-7b_conv300,4291,83797671000.0,830632308005.0
llama2-7b_conv300,4292,83797671000.0,830743539957.0
llama2-7b_conv300,4293,83797671000.0,830854771909.0
llama2-7b_conv300,4294,83797671000.0,830966003861.0
llama2-7b_conv300,4295,83797671000.0,831077235813.0
llama2-7b_conv300,4296,83797671000.0,831188531253.0
llama2-7b_conv300,4297,83797671000.0,831415019269.0
llama2-7b_conv300,4298,83797671000.0,831641507285.0
llama2-7b_conv300,4299,83797671000.0,831867995301.0
llama2-7b_conv300,4300,83797671000.0,832094546805.0
llama2-7b_conv300,4301,83797671000.0,832321098309.0
llama2-7b_conv300,4302,83797671000.0,832547649813.0
llama2-7b_conv300,4303,83797671000.0,832774201317.0
llama2-7b_conv300,4304,83797671000.0,833000752821.0
llama2-7b_conv300,4305,83797671000.0,833227304325.0
llama2-7b_conv300,4306,83797671000.0,833453855829.0
llama2-7b_conv300,4307,83797671000.0,833680407333.0
llama2-7b_conv300,4308,83797671000.0,833906958837.0
llama2-7b_conv300,4309,83797671000.0,834133510341.0
llama2-7b_conv300,4310,83797671000.0,834360061845.0
llama2-7b_conv300,4311,83797671000.0,834586613349.0
llama2-7b_conv300,4312,83797671000.0,834778822197.0
llama2-7b_conv300,4313,83797671000.0,834971031045.0
llama2-7b_conv300,4314,83797671000.0,835163239893.0
llama2-7b_conv300,4315,83797671000.0,835355448741.0
llama2-7b_conv300,4316,83797671000.0,835547657589.0
llama2-7b_conv300,4317,83797671000.0,835739866437.0
llama2-7b_conv300,4318,83797671000.0,835932075285.0
llama2-7b_conv300,4319,83797671000.0,836124284133.0
llama2-7b_conv300,4320,83797671000.0,836316492981.0
llama2-7b_conv300,4321,83797671000.0,836508701829.0
llama2-7b_conv300,4322,83797671000.0,836700910677.0
llama2-7b_conv300,4323,83797671000.0,836893119525.0
llama2-7b_conv300,4324,83797671000.0,837085328373.0
llama2-7b_conv300,4325,83797671000.0,837277537221.0
llama2-7b_conv300,4326,83797671000.0,837469746069.0
llama2-7b_conv300,4327,83797671000.0,837661954917.0
llama2-7b_conv300,4328,83797671000.0,837854163765.0
llama2-7b_conv300,4329,83797671000.0,838046372613.0
llama2-7b_conv300,4330,83797671000.0,838238581461.0
llama2-7b_conv300,4331,83797671000.0,838430790309.0
llama2-7b_conv300,4332,83797671000.0,838622999157.0
llama2-7b_conv300,4333,83797671000.0,838815208005.0
llama2-7b_conv300,4334,83797671000.0,839007416853.0
llama2-7b_conv300,4335,83797671000.0,839199625701.0
llama2-7b_conv300,4336,83797671000.0,839391834549.0
llama2-7b_conv300,4337,83797671000.0,839584043397.0
llama2-7b_conv300,4338,83797671000.0,839776252245.0
llama2-7b_conv300,4339,83797671000.0,839968524581.0
llama2-7b_conv300,4340,83797671000.0,840160796917.0
llama2-7b_conv300,4341,83797671000.0,840353069253.0
llama2-7b_conv300,4342,83797671000.0,840545341589.0
llama2-7b_conv300,4343,83797671000.0,840737613925.0
llama2-7b_conv300,4344,83797671000.0,840929886261.0
llama2-7b_conv300,4345,83797671000.0,841122158597.0
llama2-7b_conv300,4346,83797671000.0,841314430933.0
llama2-7b_conv300,4347,83797671000.0,841506703269.0
llama2-7b_conv300,4348,83797671000.0,841698975605.0
llama2-7b_conv300,4349,83797671000.0,841891247941.0
llama2-7b_conv300,4350,83797671000.0,842087189269.0
llama2-7b_conv300,4351,83797671000.0,842283130597.0
llama2-7b_conv300,4352,83797671000.0,842479135413.0
llama2-7b_conv300,4353,83797671000.0,842675140229.0
llama2-7b_conv300,4354,83797671000.0,842871145045.0
llama2-7b_conv300,4355,83797671000.0,843067149861.0
llama2-7b_conv300,4356,83797671000.0,843263154677.0
llama2-7b_conv300,4357,83797671000.0,843459159493.0
llama2-7b_conv300,4358,83797671000.0,843655164309.0
llama2-7b_conv300,4359,83797671000.0,843851169125.0
llama2-7b_conv300,4360,83797671000.0,844047173941.0
llama2-7b_conv300,4361,83797671000.0,844243178757.0
llama2-7b_conv300,4362,83797671000.0,844439183573.0
llama2-7b_conv300,4363,83797671000.0,844635188389.0
llama2-7b_conv300,4364,83797671000.0,844831193205.0
llama2-7b_conv300,4365,83797671000.0,845027198021.0
llama2-7b_conv300,4366,83797671000.0,845223202837.0
llama2-7b_conv300,4367,83797671000.0,845419207653.0
llama2-7b_conv300,4368,83797671000.0,845615212469.0
llama2-7b_conv300,4369,83797671000.0,845811217285.0
llama2-7b_conv300,4370,83797671000.0,846007222101.0
llama2-7b_conv300,4371,83797671000.0,846203226917.0
llama2-7b_conv300,4372,83797671000.0,846399231733.0
llama2-7b_conv300,4373,83797671000.0,846595236549.0
llama2-7b_conv300,4374,83797671000.0,846791241365.0
llama2-7b_conv300,4375,83797671000.0,846987246181.0
llama2-7b_conv300,4376,83735745000.0,847162114357.0
llama2-7b_conv300,4377,83735745000.0,847336982533.0
llama2-7b_conv300,4378,83735745000.0,847511850709.0
llama2-7b_conv300,4379,83735745000.0,847686718885.0
llama2-7b_conv300,4380,83735745000.0,847861587061.0
llama2-7b_conv300,4381,82066092000.0,848029526085.0
llama2-7b_conv300,4382,82066092000.0,848197465109.0
llama2-7b_conv300,4383,82066092000.0,848365404133.0
llama2-7b_conv300,4384,82066092000.0,848533343157.0
llama2-7b_conv300,4385,82066092000.0,848701282181.0
llama2-7b_conv300,4386,82066092000.0,848869221205.0
llama2-7b_conv300,4387,82066092000.0,849037160229.0
llama2-7b_conv300,4388,82066092000.0,849205099253.0
llama2-7b_conv300,4389,82066092000.0,849373038277.0
llama2-7b_conv300,4390,82066092000.0,849540977301.0
llama2-7b_conv300,4391,82066092000.0,849708916325.0
llama2-7b_conv300,4392,82066092000.0,849876855349.0
llama2-7b_conv300,4393,82066092000.0,850044794373.0
llama2-7b_conv300,4394,82066092000.0,850212733397.0
llama2-7b_conv300,4395,82066092000.0,850380672421.0
llama2-7b_conv300,4396,82066092000.0,850548611445.0
llama2-7b_conv300,4397,82066092000.0,850716550469.0
llama2-7b_conv300,4398,82066092000.0,850884489493.0
llama2-7b_conv300,4399,82066092000.0,851052428517.0
llama2-7b_conv300,4400,82066092000.0,851220431029.0
llama2-7b_conv300,4401,82066092000.0,851388433541.0
llama2-7b_conv300,4402,82066092000.0,851556436053.0
llama2-7b_conv300,4403,82066092000.0,851724438565.0
llama2-7b_conv300,4404,82066092000.0,851892441077.0
llama2-7b_conv300,4405,82066092000.0,852060443589.0
llama2-7b_conv300,4406,82066092000.0,852228446101.0
llama2-7b_conv300,4407,82066092000.0,852396448613.0
llama2-7b_conv300,4408,82066092000.0,852564451125.0
llama2-7b_conv300,4409,82066092000.0,852732453637.0
llama2-7b_conv300,4410,82066092000.0,852900456149.0
llama2-7b_conv300,4411,82066092000.0,853068458661.0
llama2-7b_conv300,4412,82066092000.0,853236461173.0
llama2-7b_conv300,4413,82066092000.0,853404463685.0
llama2-7b_conv300,4414,82066092000.0,853572466197.0
llama2-7b_conv300,4415,82066092000.0,853740468709.0
llama2-7b_conv300,4416,82066092000.0,853908471221.0
llama2-7b_conv300,4417,82066092000.0,854076473733.0
llama2-7b_conv300,4418,82066092000.0,854237055061.0
llama2-7b_conv300,4419,82066092000.0,854397636389.0
llama2-7b_conv300,4420,82066092000.0,854558217717.0
llama2-7b_conv300,4421,82066092000.0,854718799045.0
llama2-7b_conv300,4422,82066092000.0,854879380373.0
llama2-7b_conv300,4423,82066092000.0,855039961701.0
llama2-7b_conv300,4424,82066092000.0,855200543029.0
llama2-7b_conv300,4425,82066092000.0,855361124357.0
llama2-7b_conv300,4426,78254342000.0,855520478677.0
llama2-7b_conv300,4427,78254342000.0,855679832997.0
llama2-7b_conv300,4428,78254342000.0,855839187317.0
llama2-7b_conv300,4429,78254342000.0,855998541637.0
llama2-7b_conv300,4430,78254342000.0,856157895957.0
llama2-7b_conv300,4431,78254342000.0,856317250277.0
llama2-7b_conv300,4432,78254342000.0,856476604597.0
llama2-7b_conv300,4433,78254342000.0,856635958917.0
llama2-7b_conv300,4434,78254342000.0,856795313237.0
llama2-7b_conv300,4435,78254342000.0,856954667557.0
llama2-7b_conv300,4436,78254342000.0,857114021877.0
llama2-7b_conv300,4437,78254342000.0,857273376197.0
llama2-7b_conv300,4438,78254342000.0,857432730517.0
llama2-7b_conv300,4439,78254342000.0,857592084837.0
llama2-7b_conv300,4440,78254342000.0,857751439157.0
llama2-7b_conv300,4441,78254342000.0,857910793477.0
llama2-7b_conv300,4442,78254342000.0,858070147797.0
llama2-7b_conv300,4443,78254342000.0,858229502117.0
