model,batch_id,release_ns,finish_ns
phi2_conv300,0,0.0,60722594.0
phi2_conv300,1,0.0,63635110.0
phi2_conv300,2,0.0,66547626.0
phi2_conv300,3,0.0,69460142.0
phi2_conv300,4,0.0,72372658.0
phi2_conv300,5,0.0,75285174.0
phi2_conv300,6,0.0,78197690.0
phi2_conv300,7,0.0,81110206.0
phi2_conv300,8,0.0,84022722.0
phi2_conv300,9,0.0,86935238.0
phi2_conv300,10,0.0,89847754.0
phi2_conv300,11,0.0,92760270.0
phi2_conv300,12,0.0,95672786.0
phi2_conv300,13,0.0,98585302.0
phi2_conv300,14,0.0,101497818.0
phi2_conv300,15,0.0,104410334.0
phi2_conv300,16,0.0,107322850.0
phi2_conv300,17,0.0,110235366.0
phi2_conv300,18,0.0,113147882.0
phi2_conv300,19,0.0,116060398.0
phi2_conv300,20,0.0,118972914.0
phi2_conv300,21,0.0,121885430.0
phi2_conv300,22,0.0,124797946.0
phi2_conv300,23,0.0,127710462.0
phi2_conv300,24,0.0,130622978.0
phi2_conv300,25,0.0,133535494.0
phi2_conv300,26,0.0,136480778.0
phi2_conv300,27,0.0,139426062.0
phi2_conv300,28,0.0,142371346.0
phi2_conv300,29,0.0,145316630.0
phi2_conv300,30,0.0,148261914.0
phi2_conv300,31,0.0,151207198.0
phi2_conv300,32,0.0,154152482.0
phi2_conv300,33,0.0,157097766.0
phi2_conv300,34,0.0,160043050.0
phi2_conv300,35,0.0,162988334.0
phi2_conv300,36,0.0,165933618.0
phi2_conv300,37,0.0,168878902.0
phi2_conv300,38,0.0,171824186.0
phi2_conv300,39,0.0,174769470.0
phi2_conv300,40,0.0,177714754.0
phi2_conv300,41,0.0,180660038.0
phi2_conv300,42,0.0,183605322.0
phi2_conv300,43,0.0,186550606.0
phi2_conv300,44,4314579000.0,4379038579.0
phi2_conv300,45,4314579000.0,4381951095.0
phi2_conv300,46,4314579000.0,4384863611.0
phi2_conv300,47,4314579000.0,4387776127.0
phi2_conv300,48,4314579000.0,4390721411.0
phi2_conv300,49,4314579000.0,4393666695.0
phi2_conv300,50,4314579000.0,4396611979.0
phi2_conv300,51,4314579000.0,4399557263.0
phi2_conv300,52,4314579000.0,4402502547.0
phi2_conv300,53,4314579000.0,4405447831.0
phi2_conv300,54,4314579000.0,4408393115.0
phi2_conv300,55,4314579000.0,4411338399.0
phi2_conv300,56,4314579000.0,4414283683.0
phi2_conv300,57,4314579000.0,4417228967.0
phi2_conv300,58,4314579000.0,4420174251.0
phi2_conv300,59,4314579000.0,4423119535.0
phi2_conv300,60,4314579000.0,4426064819.0
phi2_conv300,61,4314579000.0,4429010103.0
phi2_conv300,62,4314579000.0,4431955387.0
phi2_conv300,63,4314579000.0,4434900671.0
phi2_conv300,64,4314579000.0,4437845955.0
phi2_conv300,65,4314579000.0,4440791239.0
phi2_conv300,66,4314579000.0,4443736523.0
phi2_conv300,67,4314579000.0,4446681807.0
phi2_conv300,68,4314579000.0,4449627091.0
phi2_conv300,69,4314579000.0,4452572375.0
phi2_conv300,70,4314579000.0,4455517659.0
phi2_conv300,71,4314579000.0,4458462943.0
phi2_conv300,72,4314579000.0,4461408227.0
phi2_conv300,73,4314579000.0,4464353511.0
phi2_conv300,74,4314579000.0,4467298795.0
phi2_conv300,75,4314579000.0,4470244079.0
phi2_conv300,76,4314579000.0,4473189363.0
phi2_conv300,77,4314579000.0,4476134647.0
phi2_conv300,78,4314579000.0,4479079931.0
phi2_conv300,79,4314579000.0,4482025215.0
phi2_conv300,80,4314579000.0,4484970499.0
phi2_conv300,81,4314579000.0,4487915783.0
phi2_conv300,82,4314579000.0,4490861067.0
phi2_conv300,83,4314579000.0,4493806351.0
phi2_conv300,84,4314579000.0,4496751635.0
phi2_conv300,85,4314579000.0,4499696919.0
phi2_conv300,86,4314579000.0,4502642203.0
phi2_conv300,87,4314579000.0,4505587487.0
phi2_conv300,88,4541877000.0,4626028127.514286
phi2_conv300,89,4541877000.0,4688308437.657144
phi2_conv300,90,4541877000.0,4691432221.657144
phi2_conv300,91,4541877000.0,4694556005.657144
phi2_conv300,92,4541877000.0,4697679789.657144
phi2_conv300,93,4541877000.0,4700803573.657144
phi2_conv300,94,4541877000.0,4703927357.657144
phi2_conv300,95,4541877000.0,4707051141.657144
phi2_conv300,96,4541877000.0,4710164173.657144
phi2_conv300,97,4541877000.0,4713277205.657144
phi2_conv300,98,4541877000.0,4716390237.657144
phi2_conv300,99,4541877000.0,4719503269.657144
phi2_conv300,100,4541877000.0,4722616301.657144
phi2_conv300,101,4541877000.0,4725729333.657144
phi2_conv300,102,4541877000.0,4728842365.657144
phi2_conv300,103,4541877000.0,4731955397.657144
phi2_conv300,104,4541877000.0,4735068429.657144
phi2_conv300,105,4541877000.0,4738181461.657144
phi2_conv300,106,4541877000.0,4741365149.657144
phi2_conv300,107,4541877000.0,4744548837.657144
phi2_conv300,108,4541877000.0,4747732525.657144
phi2_conv300,109,4541877000.0,4750916213.657144
phi2_conv300,110,4541877000.0,4754099901.657144
phi2_conv300,111,4541877000.0,4757283589.657144
phi2_conv300,112,4541877000.0,4760462669.657144
phi2_conv300,113,4541877000.0,4763641749.657144
phi2_conv300,114,4541877000.0,4766820829.657144
phi2_conv300,115,4541877000.0,4769999909.657144
phi2_conv300,116,4541877000.0,4773178989.657144
phi2_conv300,117,4710427000.0,4788523399.657144
phi2_conv300,118,4710427000.0,4791740385.657144
phi2_conv300,119,4710427000.0,4794957371.657144
phi2_conv300,120,4710427000.0,4798174357.657144
phi2_conv300,121,4710427000.0,4801391343.657144
phi2_conv300,122,4710427000.0,4804618057.657144
phi2_conv300,123,4710427000.0,4807844771.657144
phi2_conv300,124,4710427000.0,4811071485.657144
phi2_conv300,125,4710427000.0,4814298199.657144
phi2_conv300,126,4710427000.0,4817524913.657144
phi2_conv300,127,4710427000.0,4820751627.657144
phi2_conv300,128,4710427000.0,4823997285.657144
phi2_conv300,129,4710427000.0,4827242943.657144
phi2_conv300,130,4710427000.0,4830488601.657144
phi2_conv300,131,4710427000.0,4833734259.657144
phi2_conv300,132,4710427000.0,4836979917.657144
phi2_conv300,133,4541877000.0,4840228629.657144
phi2_conv300,134,4541877000.0,4843477341.657144
phi2_conv300,135,4541877000.0,4846726053.657144
phi2_conv300,136,4541877000.0,4849974765.657144
phi2_conv300,137,4541877000.0,4853223477.657144
phi2_conv300,138,4541877000.0,4856472701.657144
phi2_conv300,139,4541877000.0,4859721925.657144
phi2_conv300,140,4541877000.0,4862971149.657144
phi2_conv300,141,4541877000.0,4866220373.657144
phi2_conv300,142,4541877000.0,4869469597.657144
phi2_conv300,143,4541877000.0,4872718821.657144
phi2_conv300,144,4314579000.0,4875664105.657144
phi2_conv300,145,4314579000.0,4878609389.657144
phi2_conv300,146,4314579000.0,4881554673.657144
phi2_conv300,147,4314579000.0,4884499957.657144
phi2_conv300,148,4314579000.0,4887445241.657144
phi2_conv300,149,4314579000.0,4890390525.657144
phi2_conv300,150,4314579000.0,4893335809.657144
phi2_conv300,151,4314579000.0,4896281093.657144
phi2_conv300,152,4314579000.0,4899226377.657144
phi2_conv300,153,5892655000.0,5907489276.0
phi2_conv300,154,5892655000.0,5910369024.0
phi2_conv300,155,5892655000.0,5913248772.0
phi2_conv300,156,5892655000.0,5916128520.0
phi2_conv300,157,5892655000.0,5919008268.0
phi2_conv300,158,5892655000.0,5921888016.0
phi2_conv300,159,5892655000.0,5924767764.0
phi2_conv300,160,5892655000.0,5927647512.0
phi2_conv300,161,5892655000.0,5930527260.0
phi2_conv300,162,5892655000.0,5933407008.0
phi2_conv300,163,5892655000.0,5936286756.0
phi2_conv300,164,5892655000.0,5939166504.0
phi2_conv300,165,5892655000.0,5942046252.0
phi2_conv300,166,5892655000.0,5944926000.0
phi2_conv300,167,5892655000.0,5947805748.0
phi2_conv300,168,5892655000.0,5950685496.0
phi2_conv300,169,6311529000.0,6373372721.0
phi2_conv300,170,6311529000.0,6376285237.0
phi2_conv300,171,6311529000.0,6379197753.0
phi2_conv300,172,6311529000.0,6382110269.0
phi2_conv300,173,6311529000.0,6385022785.0
phi2_conv300,174,6311529000.0,6387935301.0
phi2_conv300,175,6311529000.0,6390847817.0
phi2_conv300,176,6311529000.0,6393760333.0
phi2_conv300,177,6311529000.0,6396672849.0
phi2_conv300,178,6311529000.0,6399585365.0
phi2_conv300,179,6311529000.0,6402497881.0
phi2_conv300,180,6311529000.0,6405410397.0
phi2_conv300,181,6311529000.0,6408322913.0
phi2_conv300,182,6311529000.0,6411235429.0
phi2_conv300,183,6311529000.0,6414147945.0
phi2_conv300,184,6311529000.0,6417060461.0
phi2_conv300,185,6311529000.0,6419972977.0
phi2_conv300,186,6311529000.0,6422885493.0
phi2_conv300,187,6311529000.0,6425798009.0
phi2_conv300,188,6311529000.0,6428743293.0
phi2_conv300,189,6311529000.0,6431688577.0
phi2_conv300,190,6311529000.0,6434633861.0
phi2_conv300,191,6311529000.0,6437579145.0
phi2_conv300,192,6311529000.0,6440524429.0
phi2_conv300,193,6311529000.0,6443469713.0
phi2_conv300,194,6311529000.0,6446414997.0
phi2_conv300,195,6311529000.0,6449360281.0
phi2_conv300,196,6311529000.0,6452305565.0
phi2_conv300,197,6311529000.0,6455250849.0
phi2_conv300,198,6311529000.0,6458196133.0
phi2_conv300,199,6311529000.0,6461141417.0
phi2_conv300,200,6311529000.0,6464086701.0
phi2_conv300,201,6311529000.0,6467031985.0
phi2_conv300,202,6311529000.0,6469977269.0
phi2_conv300,203,6311529000.0,6472922553.0
phi2_conv300,204,6311529000.0,6475867837.0
phi2_conv300,205,6311529000.0,6478813121.0
phi2_conv300,206,6311529000.0,6481758405.0
phi2_conv300,207,6311529000.0,6484703689.0
phi2_conv300,208,6311529000.0,6487648973.0
phi2_conv300,209,6311529000.0,6490594257.0
phi2_conv300,210,6311529000.0,6493539541.0
phi2_conv300,211,6311529000.0,6496484825.0
phi2_conv300,212,6311529000.0,6499430109.0
phi2_conv300,213,6311529000.0,6502375393.0
phi2_conv300,214,6311529000.0,6505320677.0
phi2_conv300,215,6311529000.0,6508265961.0
phi2_conv300,216,6311529000.0,6511211245.0
phi2_conv300,217,6311529000.0,6514156529.0
phi2_conv300,218,6311529000.0,6517101813.0
phi2_conv300,219,6311529000.0,6520047097.0
phi2_conv300,220,6311529000.0,6522992381.0
phi2_conv300,221,6311529000.0,6525937665.0
phi2_conv300,222,6311529000.0,6528882949.0
phi2_conv300,223,6311529000.0,6531828233.0
phi2_conv300,224,6311529000.0,6534773517.0
phi2_conv300,225,6311529000.0,6537718801.0
phi2_conv300,226,6311529000.0,6540664085.0
phi2_conv300,227,6311529000.0,6543609369.0
phi2_conv300,228,6311529000.0,6546554653.0
phi2_conv300,229,6311529000.0,6549499937.0
phi2_conv300,230,6311529000.0,6552445221.0
phi2_conv300,231,6311529000.0,6555390505.0
phi2_conv300,232,6311529000.0,6558335789.0
phi2_conv300,233,6311529000.0,6561281073.0
phi2_conv300,234,6311529000.0,6564226357.0
phi2_conv300,235,6311529000.0,6567171641.0
phi2_conv300,236,6311529000.0,6570116925.0
phi2_conv300,237,6311529000.0,6573062209.0
phi2_conv300,238,6311529000.0,6576007493.0
phi2_conv300,239,6311529000.0,6578952777.0
phi2_conv300,240,6311529000.0,6581898061.0
phi2_conv300,241,6311529000.0,6584843345.0
phi2_conv300,242,6311529000.0,6587788629.0
phi2_conv300,243,6311529000.0,6590733913.0
phi2_conv300,244,6311529000.0,6593679197.0
phi2_conv300,245,6311529000.0,6596624481.0
phi2_conv300,246,6311529000.0,6599569765.0
phi2_conv300,247,6311529000.0,6602515049.0
phi2_conv300,248,6311529000.0,6605460333.0
phi2_conv300,249,6311529000.0,6608405617.0
phi2_conv300,250,6311529000.0,6611350901.0
phi2_conv300,251,6311529000.0,6614296185.0
phi2_conv300,252,6311529000.0,6617241469.0
phi2_conv300,253,7745497000.0,7829583744.0
phi2_conv300,254,7745497000.0,7915837272.0
phi2_conv300,255,7745497000.0,7965940456.0
phi2_conv300,256,7745497000.0,7969016812.0
phi2_conv300,257,7745497000.0,7972093168.0
phi2_conv300,258,7745497000.0,7975169524.0
phi2_conv300,259,7745497000.0,7978245880.0
phi2_conv300,260,7745497000.0,7981322236.0
phi2_conv300,261,7745497000.0,7984398592.0
phi2_conv300,262,7745497000.0,7987474948.0
phi2_conv300,263,7745497000.0,7990551304.0
phi2_conv300,264,7745497000.0,7993627660.0
phi2_conv300,265,7745497000.0,7996704016.0
phi2_conv300,266,7745497000.0,7999780372.0
phi2_conv300,267,7745497000.0,8002856728.0
phi2_conv300,268,7745497000.0,8005933084.0
phi2_conv300,269,7745497000.0,8009009440.0
phi2_conv300,270,7745497000.0,8012085796.0
phi2_conv300,271,7745497000.0,8015162152.0
phi2_conv300,272,7745497000.0,8018238508.0
phi2_conv300,273,7745497000.0,8021314864.0
phi2_conv300,274,7745497000.0,8024391220.0
phi2_conv300,275,7745497000.0,8027467576.0
phi2_conv300,276,7745497000.0,8030543932.0
phi2_conv300,277,7745497000.0,8033620288.0
phi2_conv300,278,7745497000.0,8036696644.0
phi2_conv300,279,7745497000.0,8039773000.0
phi2_conv300,280,7745497000.0,8042849356.0
phi2_conv300,281,7745497000.0,8045925712.0
phi2_conv300,282,7745497000.0,8049002068.0
phi2_conv300,283,7745497000.0,8052078424.0
phi2_conv300,284,7745497000.0,8055154780.0
phi2_conv300,285,7745497000.0,8058231136.0
phi2_conv300,286,7745497000.0,8061307492.0
phi2_conv300,287,7745497000.0,8064383848.0
phi2_conv300,288,7745497000.0,8067460204.0
phi2_conv300,289,7745497000.0,8070536560.0
phi2_conv300,290,7745497000.0,8073612916.0
phi2_conv300,291,7745497000.0,8076689272.0
phi2_conv300,292,7745497000.0,8079765628.0
phi2_conv300,293,7745497000.0,8082841984.0
phi2_conv300,294,7745497000.0,8085918340.0
phi2_conv300,295,7745497000.0,8088994696.0
phi2_conv300,296,7745497000.0,8092071052.0
phi2_conv300,297,7745497000.0,8095147408.0
phi2_conv300,298,7745497000.0,8098223764.0
phi2_conv300,299,7745497000.0,8101300120.0
phi2_conv300,300,7745497000.0,8104376476.0
phi2_conv300,301,7745497000.0,8107452832.0
phi2_conv300,302,7745497000.0,8110529188.0
phi2_conv300,303,7745497000.0,8113605544.0
phi2_conv300,304,7745497000.0,8116681900.0
phi2_conv300,305,7745497000.0,8119758256.0
phi2_conv300,306,7745497000.0,8122834612.0
phi2_conv300,307,7745497000.0,8125910968.0
phi2_conv300,308,7745497000.0,8128987324.0
phi2_conv300,309,7745497000.0,8132063680.0
phi2_conv300,310,7745497000.0,8135140036.0
phi2_conv300,311,7745497000.0,8138216392.0
phi2_conv300,312,7745497000.0,8141292748.0
phi2_conv300,313,7745497000.0,8144369104.0
phi2_conv300,314,7745497000.0,8147445460.0
phi2_conv300,315,7745497000.0,8150521816.0
phi2_conv300,316,7745497000.0,8153598172.0
phi2_conv300,317,7745497000.0,8156674528.0
phi2_conv300,318,7745497000.0,8159750884.0
phi2_conv300,319,7745497000.0,8162827240.0
phi2_conv300,320,7745497000.0,8165903596.0
phi2_conv300,321,7745497000.0,8168979952.0
phi2_conv300,322,7745497000.0,8172056308.0
phi2_conv300,323,7745497000.0,8175132664.0
phi2_conv300,324,7745497000.0,8178209020.0
phi2_conv300,325,7745497000.0,8181285376.0
phi2_conv300,326,7745497000.0,8184361732.0
phi2_conv300,327,7745497000.0,8187438088.0
phi2_conv300,328,7745497000.0,8190514444.0
phi2_conv300,329,7745497000.0,8193590800.0
phi2_conv300,330,7745497000.0,8196667156.0
phi2_conv300,331,7745497000.0,8199743512.0
phi2_conv300,332,7745497000.0,8202819868.0
phi2_conv300,333,7745497000.0,8205896224.0
phi2_conv300,334,7745497000.0,8208972580.0
phi2_conv300,335,7745497000.0,8212048936.0
phi2_conv300,336,7745497000.0,8215125292.0
phi2_conv300,337,7745497000.0,8218201648.0
phi2_conv300,338,7745497000.0,8221278004.0
phi2_conv300,339,7745497000.0,8224354360.0
phi2_conv300,340,7745497000.0,8227430716.0
phi2_conv300,341,7745497000.0,8230507072.0
phi2_conv300,342,7745497000.0,8233583428.0
phi2_conv300,343,7745497000.0,8236659784.0
phi2_conv300,344,8251431000.0,8314940676.285714
phi2_conv300,345,8251431000.0,8318124876.285714
phi2_conv300,346,8251431000.0,8321309076.285714
phi2_conv300,347,8251431000.0,8324493276.285714
phi2_conv300,348,8251431000.0,8327677476.285714
phi2_conv300,349,8251431000.0,8330861676.285714
phi2_conv300,350,8251431000.0,8334109876.285714
phi2_conv300,351,8251431000.0,8337358076.285714
phi2_conv300,352,8251431000.0,8340606276.285714
phi2_conv300,353,8251431000.0,8343854476.285714
phi2_conv300,354,8251431000.0,8347102676.285714
phi2_conv300,355,8251431000.0,8350350876.285714
phi2_conv300,356,8251431000.0,8353621092.285714
phi2_conv300,357,8251431000.0,8356891308.285714
phi2_conv300,358,8251431000.0,8360161524.285714
phi2_conv300,359,8337078999.999999,8400212983.285714
phi2_conv300,360,8337078999.999999,8403639377.285714
phi2_conv300,361,8337078999.999999,8407065771.285714
phi2_conv300,362,8337078999.999999,8410492165.285714
phi2_conv300,363,8337078999.999999,8413918559.285714
phi2_conv300,364,8337078999.999999,8417344953.285714
phi2_conv300,365,8337078999.999999,8420771347.285714
phi2_conv300,366,8337078999.999999,8424122477.285714
phi2_conv300,367,8337078999.999999,8427473607.285714
phi2_conv300,368,8337078999.999999,8430824737.285714
phi2_conv300,369,8337078999.999999,8434175867.285714
phi2_conv300,370,8337078999.999999,8437526997.285714
phi2_conv300,371,8337078999.999999,8440878127.285714
phi2_conv300,372,8337078999.999999,8444281993.285714
phi2_conv300,373,8251431000.0,8447558865.285714
phi2_conv300,374,8251431000.0,8450835737.285714
phi2_conv300,375,8251431000.0,8454112609.285714
phi2_conv300,376,8251431000.0,8457389481.285714
phi2_conv300,377,8251431000.0,8460666353.285714
phi2_conv300,378,8251431000.0,8463943225.285714
phi2_conv300,379,8251431000.0,8467220097.285714
phi2_conv300,380,8251431000.0,8470496969.285714
phi2_conv300,381,8251431000.0,8473773841.285714
phi2_conv300,382,8464985000.0,8508477263.4
phi2_conv300,383,8464985000.0,8511810473.4
phi2_conv300,384,8464985000.0,8515143683.4
phi2_conv300,385,8464985000.0,8518476893.4
phi2_conv300,386,8464985000.0,8521810103.4
phi2_conv300,387,8464985000.0,8525143313.4
phi2_conv300,388,8464985000.0,8528450411.4
phi2_conv300,389,8464985000.0,8531757509.4
phi2_conv300,390,8464985000.0,8535064607.4
phi2_conv300,391,8464985000.0,8538371705.4
phi2_conv300,392,8464985000.0,8541678803.4
phi2_conv300,393,8464985000.0,8544985901.4
phi2_conv300,394,8464985000.0,8548292999.4
phi2_conv300,395,8464985000.0,8551600097.4
phi2_conv300,396,8464985000.0,8554907195.4
phi2_conv300,397,8464985000.0,8557919363.4
phi2_conv300,398,8464985000.0,8560931531.4
phi2_conv300,399,8464985000.0,8563943699.4
phi2_conv300,400,8464985000.0,8566955867.4
phi2_conv300,401,8464985000.0,8569968035.4
phi2_conv300,402,8464985000.0,8572980203.4
phi2_conv300,403,8464985000.0,8575992371.4
phi2_conv300,404,8464985000.0,8579011707.4
phi2_conv300,405,8464985000.0,8582031043.4
phi2_conv300,406,8464985000.0,8585050379.4
phi2_conv300,407,8464985000.0,8588069715.4
phi2_conv300,408,8464985000.0,8591089051.4
phi2_conv300,409,8464985000.0,8594108387.4
phi2_conv300,410,8464985000.0,8597127723.4
phi2_conv300,411,8464985000.0,8600147059.4
phi2_conv300,412,8464985000.0,8603166395.4
phi2_conv300,413,8464985000.0,8606258435.4
phi2_conv300,414,8464985000.0,8609350475.4
phi2_conv300,415,8464985000.0,8612442515.4
phi2_conv300,416,8464985000.0,8615534555.4
phi2_conv300,417,8464985000.0,8618626595.4
phi2_conv300,418,8464985000.0,8621718635.4
phi2_conv300,419,8464985000.0,8624810675.4
phi2_conv300,420,8464985000.0,8627827963.4
phi2_conv300,421,8464985000.0,8630845251.4
phi2_conv300,422,8464985000.0,8633862539.4
phi2_conv300,423,8464985000.0,8636879827.4
phi2_conv300,424,8464985000.0,8639897115.4
phi2_conv300,425,8464985000.0,8642914403.4
phi2_conv300,426,8700213000.0,8764792501.685715
phi2_conv300,427,8700213000.0,8767952143.685715
phi2_conv300,428,8700213000.0,8770949975.685715
phi2_conv300,429,8700213000.0,8773947807.685715
phi2_conv300,430,8700213000.0,8776945639.685715
phi2_conv300,431,8700213000.0,8779943471.685715
phi2_conv300,432,8700213000.0,8783041655.685715
phi2_conv300,433,8700213000.0,8786139839.685715
phi2_conv300,434,8700213000.0,8789238023.685715
phi2_conv300,435,8700213000.0,8792336207.685715
phi2_conv300,436,8700213000.0,8795434391.685715
phi2_conv300,437,8700213000.0,8798532575.685715
phi2_conv300,438,8700213000.0,8801630759.685715
phi2_conv300,439,8700213000.0,8804728943.685715
phi2_conv300,440,8700213000.0,8807827127.685715
phi2_conv300,441,8700213000.0,8810925311.685715
phi2_conv300,442,8700213000.0,8814023495.685715
phi2_conv300,443,8700213000.0,8817121679.685715
phi2_conv300,444,8700213000.0,8820219863.685715
phi2_conv300,445,8700213000.0,8823250975.685715
phi2_conv300,446,8700213000.0,8826282087.685715
phi2_conv300,447,8700213000.0,8829313199.685715
phi2_conv300,448,8700213000.0,8832333559.685715
phi2_conv300,449,8700213000.0,8835353919.685715
phi2_conv300,450,8700213000.0,8838374279.685715
phi2_conv300,451,8700213000.0,8841394639.685715
phi2_conv300,452,8700213000.0,8844414999.685715
phi2_conv300,453,8700213000.0,8847435359.685715
phi2_conv300,454,8700213000.0,8850455719.685715
phi2_conv300,455,8700213000.0,8853476079.685715
phi2_conv300,456,8700213000.0,8856496439.685715
phi2_conv300,457,8700213000.0,8859516799.685715
phi2_conv300,458,8700213000.0,8862537159.685715
phi2_conv300,459,8700213000.0,8865557519.685715
phi2_conv300,460,8700213000.0,8868577879.685715
phi2_conv300,461,8700213000.0,8871623839.685715
phi2_conv300,462,8700213000.0,8874669799.685715
phi2_conv300,463,8700213000.0,8877715759.685715
phi2_conv300,464,8700213000.0,8880761719.685715
phi2_conv300,465,8700213000.0,8883807679.685715
phi2_conv300,466,8700213000.0,8886853639.685715
phi2_conv300,467,8700213000.0,8889899599.685715
phi2_conv300,468,8700213000.0,8892945559.685715
phi2_conv300,469,8700213000.0,8895991519.685715
phi2_conv300,470,8700213000.0,8899037479.685715
phi2_conv300,471,8700213000.0,8902083439.685715
phi2_conv300,472,8700213000.0,8905129399.685715
phi2_conv300,473,8700213000.0,8908175359.685715
phi2_conv300,474,8700213000.0,8911221319.685715
phi2_conv300,475,8700213000.0,8914267279.685715
phi2_conv300,476,8700213000.0,8917313239.685715
phi2_conv300,477,8700213000.0,8920337183.685715
phi2_conv300,478,8700213000.0,8923361127.685715
phi2_conv300,479,8700213000.0,8926385071.685715
phi2_conv300,480,8700213000.0,8929422839.685715
phi2_conv300,481,8700213000.0,8932460607.685715
phi2_conv300,482,8700213000.0,8935498375.685715
phi2_conv300,483,8700213000.0,8938536143.685715
phi2_conv300,484,8700213000.0,8941573911.685715
phi2_conv300,485,8700213000.0,8944611679.685715
phi2_conv300,486,8700213000.0,8947649447.685715
phi2_conv300,487,8700213000.0,8950687215.685715
phi2_conv300,488,8700213000.0,8953724983.685715
phi2_conv300,489,8700213000.0,8956762751.685715
phi2_conv300,490,8700213000.0,8959800519.685715
phi2_conv300,491,8700213000.0,8962838287.685715
phi2_conv300,492,8700213000.0,8965876055.685715
phi2_conv300,493,8700213000.0,8968930207.685715
phi2_conv300,494,8700213000.0,8971984359.685715
phi2_conv300,495,8700213000.0,8975038511.685715
phi2_conv300,496,8700213000.0,8978098807.685715
phi2_conv300,497,8700213000.0,8981159103.685715
phi2_conv300,498,8700213000.0,8984219399.685715
phi2_conv300,499,8700213000.0,8987279695.685715
phi2_conv300,500,8700213000.0,8990339991.685715
phi2_conv300,501,8700213000.0,8993400287.685715
phi2_conv300,502,8700213000.0,8996460583.685715
phi2_conv300,503,8700213000.0,8999520879.685715
phi2_conv300,504,8700213000.0,9002581175.685715
phi2_conv300,505,8700213000.0,9005641471.685715
phi2_conv300,506,8700213000.0,9008701767.685715
phi2_conv300,507,8700213000.0,9011762063.685715
phi2_conv300,508,8700213000.0,9014822359.685715
phi2_conv300,509,8700213000.0,9017887775.685715
phi2_conv300,510,8700213000.0,9020953191.685715
phi2_conv300,511,8700213000.0,9024018607.685715
phi2_conv300,512,8700213000.0,9027084023.685715
phi2_conv300,513,8700213000.0,9030149439.685715
phi2_conv300,514,8700213000.0,9033214855.685715
phi2_conv300,515,8700213000.0,9036280271.685715
phi2_conv300,516,8700213000.0,9039345687.685715
phi2_conv300,517,8700213000.0,9042411103.685715
phi2_conv300,518,8700213000.0,9045476519.685715
phi2_conv300,519,8700213000.0,9048541935.685715
phi2_conv300,520,8700213000.0,9051607351.685715
phi2_conv300,521,8700213000.0,9054672767.685715
phi2_conv300,522,8700213000.0,9057738183.685715
phi2_conv300,523,8700213000.0,9060803599.685715
phi2_conv300,524,8700213000.0,9063869015.685715
phi2_conv300,525,8700213000.0,9066946719.685715
phi2_conv300,526,8700213000.0,9070024423.685715
phi2_conv300,527,8700213000.0,9073102127.685715
phi2_conv300,528,8700213000.0,9076165495.685715
phi2_conv300,529,8700213000.0,9079228863.685715
phi2_conv300,530,8700213000.0,9082292231.685715
phi2_conv300,531,8700213000.0,9085355599.685715
phi2_conv300,532,8700213000.0,9088418967.685715
phi2_conv300,533,8700213000.0,9091482335.685715
phi2_conv300,534,8700213000.0,9094427619.685715
phi2_conv300,535,8700213000.0,9097372903.685715
phi2_conv300,536,8700213000.0,9100318187.685715
phi2_conv300,537,8700213000.0,9103263471.685715
phi2_conv300,538,8700213000.0,9106208755.685715
phi2_conv300,539,8700213000.0,9109154039.685715
phi2_conv300,540,8700213000.0,9112099323.685715
phi2_conv300,541,8700213000.0,9115044607.685715
phi2_conv300,542,8700213000.0,9117989891.685715
phi2_conv300,543,8700213000.0,9120935175.685715
phi2_conv300,544,8700213000.0,9123880459.685715
phi2_conv300,545,8700213000.0,9126825743.685715
phi2_conv300,546,8700213000.0,9129771027.685715
phi2_conv300,547,8700213000.0,9132716311.685715
phi2_conv300,548,8700213000.0,9135661595.685715
phi2_conv300,549,8700213000.0,9138606879.685715
phi2_conv300,550,9427468000.0,9491611248.0
phi2_conv300,551,9427468000.0,9494523764.0
phi2_conv300,552,9427468000.0,9497436280.0
phi2_conv300,553,9427468000.0,9500348796.0
phi2_conv300,554,9427468000.0,9503261312.0
phi2_conv300,555,9427468000.0,9506173828.0
phi2_conv300,556,9427468000.0,9509119112.0
phi2_conv300,557,9427468000.0,9512064396.0
phi2_conv300,558,9427468000.0,9515009680.0
phi2_conv300,559,9427468000.0,9517954964.0
phi2_conv300,560,9427468000.0,9520900248.0
phi2_conv300,561,9427468000.0,9523845532.0
phi2_conv300,562,9427468000.0,9526790816.0
phi2_conv300,563,9427468000.0,9529736100.0
phi2_conv300,564,9427468000.0,9532681384.0
phi2_conv300,565,9427468000.0,9535626668.0
phi2_conv300,566,9427468000.0,9538571952.0
phi2_conv300,567,9427468000.0,9541517236.0
phi2_conv300,568,9427468000.0,9544462520.0
phi2_conv300,569,9427468000.0,9547407804.0
phi2_conv300,570,9427468000.0,9550353088.0
phi2_conv300,571,9427468000.0,9553298372.0
phi2_conv300,572,9427468000.0,9556243656.0
phi2_conv300,573,9427468000.0,9559188940.0
phi2_conv300,574,9427468000.0,9562134224.0
phi2_conv300,575,9427468000.0,9565079508.0
phi2_conv300,576,9427468000.0,9568024792.0
phi2_conv300,577,9427468000.0,9570970076.0
phi2_conv300,578,9427468000.0,9573915360.0
phi2_conv300,579,9427468000.0,9576860644.0
phi2_conv300,580,9582558000.0,9666692743.514286
phi2_conv300,581,9582558000.0,9753047519.028572
phi2_conv300,582,9582558000.0,9804132714.628572
phi2_conv300,583,9582558000.0,9807317426.628572
phi2_conv300,584,9582558000.0,9810502138.628572
phi2_conv300,585,9582558000.0,9813686850.628572
phi2_conv300,586,9582558000.0,9816871562.628572
phi2_conv300,587,9582558000.0,9820056274.628572
phi2_conv300,588,9582558000.0,9823243546.628572
phi2_conv300,589,9582558000.0,9826430818.628572
phi2_conv300,590,9582558000.0,9829618090.628572
phi2_conv300,591,9582558000.0,9832805362.628572
phi2_conv300,592,9582558000.0,9835992634.628572
phi2_conv300,593,9582558000.0,9839179906.628572
phi2_conv300,594,9582558000.0,9842367178.628572
phi2_conv300,595,9582558000.0,9845612818.628572
phi2_conv300,596,9582558000.0,9848858458.628572
phi2_conv300,597,9582558000.0,9852104098.628572
phi2_conv300,598,9582558000.0,9855349738.628572
phi2_conv300,599,9582558000.0,9858595378.628572
phi2_conv300,600,9582558000.0,9861841018.628572
phi2_conv300,601,9582558000.0,9865086658.628572
phi2_conv300,602,9582558000.0,9868332298.628572
phi2_conv300,603,9582558000.0,9871577938.628572
phi2_conv300,604,9582558000.0,9874783642.628572
phi2_conv300,605,9582558000.0,9877989346.628572
phi2_conv300,606,9582558000.0,9881195050.628572
phi2_conv300,607,9582558000.0,9884400754.628572
phi2_conv300,608,9582558000.0,9887606458.628572
phi2_conv300,609,9582558000.0,9890682814.628572
phi2_conv300,610,9582558000.0,9893759170.628572
phi2_conv300,611,9582558000.0,9896835526.628572
phi2_conv300,612,9582558000.0,9899911882.628572
phi2_conv300,613,9582558000.0,9902988238.628572
phi2_conv300,614,9582558000.0,9906064594.628572
phi2_conv300,615,9582558000.0,9909140950.628572
phi2_conv300,616,9582558000.0,9912217306.628572
phi2_conv300,617,9582558000.0,9915293662.628572
phi2_conv300,618,9582558000.0,9918370018.628572
phi2_conv300,619,9582558000.0,9921446374.628572
phi2_conv300,620,9582558000.0,9924522730.628572
phi2_conv300,621,9582558000.0,9927599086.628572
phi2_conv300,622,9582558000.0,9930675442.628572
phi2_conv300,623,9582558000.0,9933751798.628572
phi2_conv300,624,9582558000.0,9936828154.628572
phi2_conv300,625,9582558000.0,9939904510.628572
phi2_conv300,626,9582558000.0,9942980866.628572
phi2_conv300,627,9582558000.0,9946057222.628572
phi2_conv300,628,9582558000.0,9949133578.628572
phi2_conv300,629,9582558000.0,9952209934.628572
phi2_conv300,630,9582558000.0,9955286290.628572
phi2_conv300,631,9582558000.0,9958362646.628572
phi2_conv300,632,9582558000.0,9961439002.628572
phi2_conv300,633,9582558000.0,9964515358.628572
phi2_conv300,634,9582558000.0,9967591714.628572
phi2_conv300,635,9582558000.0,9970668070.628572
phi2_conv300,636,9582558000.0,9973744426.628572
phi2_conv300,637,9582558000.0,9976820782.628572
phi2_conv300,638,9582558000.0,9979897138.628572
phi2_conv300,639,9582558000.0,9982973494.628572
phi2_conv300,640,9582558000.0,9986049850.628572
phi2_conv300,641,9582558000.0,9989126206.628572
phi2_conv300,642,9582558000.0,9992202562.628572
phi2_conv300,643,9582558000.0,9995278918.628572
phi2_conv300,644,9582558000.0,9998355274.628572
phi2_conv300,645,9582558000.0,10001431630.628572
phi2_conv300,646,9582558000.0,10004507986.628572
phi2_conv300,647,9582558000.0,10007584342.628572
phi2_conv300,648,9582558000.0,10010660698.628572
phi2_conv300,649,9582558000.0,10013737054.628572
phi2_conv300,650,9582558000.0,10016813410.628572
phi2_conv300,651,9582558000.0,10019889766.628572
phi2_conv300,652,9582558000.0,10022966122.628572
phi2_conv300,653,9582558000.0,10026042478.628572
phi2_conv300,654,9582558000.0,10029118834.628572
phi2_conv300,655,9582558000.0,10032195190.628572
phi2_conv300,656,9582558000.0,10035271546.628572
phi2_conv300,657,9582558000.0,10038347902.628572
phi2_conv300,658,9582558000.0,10041424258.628572
phi2_conv300,659,9582558000.0,10044500614.628572
phi2_conv300,660,9582558000.0,10047576970.628572
phi2_conv300,661,9582558000.0,10050653326.628572
phi2_conv300,662,9582558000.0,10053729682.628572
phi2_conv300,663,9582558000.0,10056806038.628572
phi2_conv300,664,9582558000.0,10059882394.628572
phi2_conv300,665,9582558000.0,10062958750.628572
phi2_conv300,666,9582558000.0,10066035106.628572
phi2_conv300,667,9582558000.0,10069111462.628572
phi2_conv300,668,9582558000.0,10072187818.628572
phi2_conv300,669,9582558000.0,10075264174.628572
phi2_conv300,670,9582558000.0,10078340530.628572
phi2_conv300,671,9582558000.0,10081416886.628572
phi2_conv300,672,9582558000.0,10084493242.628572
phi2_conv300,673,10106379000.0,10190669391.514286
phi2_conv300,674,10106379000.0,10277200295.028572
phi2_conv300,675,10106379000.0,10367206654.542858
phi2_conv300,676,10106379000.0,10459519062.057144
phi2_conv300,677,10106379000.0,10492836305.400002
phi2_conv300,678,10106379000.0,10496406041.400002
phi2_conv300,679,10106379000.0,10499975777.400002
phi2_conv300,680,10106379000.0,10503787177.400002
phi2_conv300,681,10106379000.0,10507598577.400002
phi2_conv300,682,10106379000.0,10511409977.400002
phi2_conv300,683,10106379000.0,10515221377.400002
phi2_conv300,684,10106379000.0,10519032777.400002
phi2_conv300,685,10106379000.0,10522844177.400002
phi2_conv300,686,10106379000.0,10526655577.400002
phi2_conv300,687,10106379000.0,10530466977.400002
phi2_conv300,688,10106379000.0,10534278377.400002
phi2_conv300,689,10106379000.0,10538089777.400002
phi2_conv300,690,10106379000.0,10541901177.400002
phi2_conv300,691,10106379000.0,10545473473.400002
phi2_conv300,692,9582558000.0,10548582597.400002
phi2_conv300,693,9582558000.0,10551691721.400002
phi2_conv300,694,9582558000.0,10554800845.400002
phi2_conv300,695,9582558000.0,10557909969.400002
phi2_conv300,696,9582558000.0,10561019093.400002
phi2_conv300,697,9582558000.0,10564128217.400002
phi2_conv300,698,9582558000.0,10567237341.400002
phi2_conv300,699,9582558000.0,10570346465.400002
phi2_conv300,700,9582558000.0,10573455589.400002
phi2_conv300,701,9582558000.0,10576564713.400002
phi2_conv300,702,9582558000.0,10579673837.400002
phi2_conv300,703,9582558000.0,10582782961.400002
phi2_conv300,704,9582558000.0,10585892085.400002
phi2_conv300,705,9582558000.0,10589001209.400002
phi2_conv300,706,9582558000.0,10592110333.400002
phi2_conv300,707,9582558000.0,10595219457.400002
phi2_conv300,708,9582558000.0,10598328581.400002
phi2_conv300,709,9582558000.0,10601437705.400002
phi2_conv300,710,9582558000.0,10604546829.400002
phi2_conv300,711,9582558000.0,10607655953.400002
phi2_conv300,712,9582558000.0,10610765077.400002
phi2_conv300,713,9582558000.0,10613874201.400002
phi2_conv300,714,9582558000.0,10616983325.400002
phi2_conv300,715,9582558000.0,10620092449.400002
phi2_conv300,716,9582558000.0,10623201573.400002
phi2_conv300,717,9582558000.0,10626310697.400002
phi2_conv300,718,9582558000.0,10629419821.400002
phi2_conv300,719,9582558000.0,10632528945.400002
phi2_conv300,720,9582558000.0,10635638069.400002
phi2_conv300,721,9582558000.0,10638747193.400002
phi2_conv300,722,9582558000.0,10641856317.400002
phi2_conv300,723,9582558000.0,10644965441.400002
phi2_conv300,724,9582558000.0,10648074565.400002
phi2_conv300,725,9582558000.0,10651183689.400002
phi2_conv300,726,9582558000.0,10654292813.400002
phi2_conv300,727,9582558000.0,10657401937.400002
phi2_conv300,728,9582558000.0,10660511061.400002
phi2_conv300,729,9582558000.0,10663620185.400002
phi2_conv300,730,9582558000.0,10666729309.400002
phi2_conv300,731,9582558000.0,10669838433.400002
phi2_conv300,732,9582558000.0,10672947557.400002
phi2_conv300,733,9582558000.0,10676056681.400002
phi2_conv300,734,9582558000.0,10679165805.400002
phi2_conv300,735,9582558000.0,10682274929.400002
phi2_conv300,736,9582558000.0,10685384053.400002
phi2_conv300,737,9582558000.0,10688493177.400002
phi2_conv300,738,9582558000.0,10691602301.400002
phi2_conv300,739,9582558000.0,10694711425.400002
phi2_conv300,740,9582558000.0,10697820549.400002
phi2_conv300,741,9582558000.0,10700929673.400002
phi2_conv300,742,9582558000.0,10704038797.400002
phi2_conv300,743,9582558000.0,10707147921.400002
phi2_conv300,744,10546126000.0,10771028493.742859
phi2_conv300,745,10546126000.0,10774352981.742859
phi2_conv300,746,10546126000.0,10777677469.742859
phi2_conv300,747,10546126000.0,10781001957.742859
phi2_conv300,748,10546126000.0,10784326445.742859
phi2_conv300,749,10546126000.0,10787650933.742859
phi2_conv300,750,10546126000.0,10790975421.742859
phi2_conv300,751,10546126000.0,10794299909.742859
phi2_conv300,752,10546126000.0,10797624397.742859
phi2_conv300,753,10546126000.0,10800948885.742859
phi2_conv300,754,10546126000.0,10804273373.742859
phi2_conv300,755,10546126000.0,10807529765.742859
phi2_conv300,756,10546126000.0,10810475049.742859
phi2_conv300,757,10546126000.0,10813420333.742859
phi2_conv300,758,10546126000.0,10816365617.742859
phi2_conv300,759,10546126000.0,10819310901.742859
phi2_conv300,760,10546126000.0,10822256185.742859
phi2_conv300,761,10546126000.0,10825201469.742859
phi2_conv300,762,10546126000.0,10828146753.742859
phi2_conv300,763,10546126000.0,10831092037.742859
phi2_conv300,764,10546126000.0,10834037321.742859
phi2_conv300,765,10546126000.0,10836982605.742859
phi2_conv300,766,10546126000.0,10839927889.742859
phi2_conv300,767,10546126000.0,10842873173.742859
phi2_conv300,768,10546126000.0,10845818457.742859
phi2_conv300,769,10546126000.0,10848763741.742859
phi2_conv300,770,10546126000.0,10851709025.742859
phi2_conv300,771,10546126000.0,10854654309.742859
phi2_conv300,772,10546126000.0,10857599593.742859
phi2_conv300,773,10546126000.0,10860544877.742859
phi2_conv300,774,10546126000.0,10863490161.742859
phi2_conv300,775,10546126000.0,10866435445.742859
phi2_conv300,776,10546126000.0,10869380729.742859
phi2_conv300,777,10546126000.0,10872326013.742859
phi2_conv300,778,10546126000.0,10875271297.742859
phi2_conv300,779,10546126000.0,10878216581.742859
phi2_conv300,780,10546126000.0,10881161865.742859
phi2_conv300,781,10546126000.0,10884107149.742859
phi2_conv300,782,10546126000.0,10887052433.742859
phi2_conv300,783,10546126000.0,10889997717.742859
phi2_conv300,784,10546126000.0,10892943001.742859
phi2_conv300,785,10546126000.0,10895888285.742859
phi2_conv300,786,10546126000.0,10898833569.742859
phi2_conv300,787,10546126000.0,10901778853.742859
phi2_conv300,788,10546126000.0,10904724137.742859
phi2_conv300,789,10546126000.0,10907669421.742859
phi2_conv300,790,10546126000.0,10910614705.742859
phi2_conv300,791,10546126000.0,10913559989.742859
phi2_conv300,792,10546126000.0,10916505273.742859
phi2_conv300,793,10546126000.0,10919450557.742859
phi2_conv300,794,10546126000.0,10922395841.742859
phi2_conv300,795,10546126000.0,10925341125.742859
phi2_conv300,796,10546126000.0,10928286409.742859
phi2_conv300,797,10546126000.0,10931231693.742859
phi2_conv300,798,10546126000.0,10934176977.742859
phi2_conv300,799,10546126000.0,10937122261.742859
phi2_conv300,800,10546126000.0,10940067545.742859
phi2_conv300,801,10546126000.0,10943012829.742859
phi2_conv300,802,10546126000.0,10945958113.742859
phi2_conv300,803,10546126000.0,10948903397.742859
phi2_conv300,804,10546126000.0,10951848681.742859
phi2_conv300,805,10546126000.0,10954793965.742859
phi2_conv300,806,10546126000.0,10957739249.742859
phi2_conv300,807,10546126000.0,10960684533.742859
phi2_conv300,808,10546126000.0,10963629817.742859
phi2_conv300,809,10546126000.0,10966575101.742859
phi2_conv300,810,10546126000.0,10969520385.742859
phi2_conv300,811,10546126000.0,10972465669.742859
phi2_conv300,812,10546126000.0,10975410953.742859
phi2_conv300,813,10546126000.0,10978356237.742859
phi2_conv300,814,10546126000.0,10981301521.742859
phi2_conv300,815,10546126000.0,10984246805.742859
phi2_conv300,816,10546126000.0,10987192089.742859
phi2_conv300,817,10546126000.0,10990137373.742859
phi2_conv300,818,10546126000.0,10993082657.742859
phi2_conv300,819,10546126000.0,10996027941.742859
phi2_conv300,820,10546126000.0,10998973225.742859
phi2_conv300,821,10546126000.0,11001918509.742859
phi2_conv300,822,10546126000.0,11004863793.742859
phi2_conv300,823,10546126000.0,11007809077.742859
phi2_conv300,824,10546126000.0,11010754361.742859
phi2_conv300,825,10546126000.0,11013699645.742859
phi2_conv300,826,10546126000.0,11016644929.742859
phi2_conv300,827,10546126000.0,11019590213.742859
phi2_conv300,828,10546126000.0,11022535497.742859
phi2_conv300,829,10546126000.0,11025480781.742859
phi2_conv300,830,10546126000.0,11028426065.742859
phi2_conv300,831,10546126000.0,11031371349.742859
phi2_conv300,832,10546126000.0,11034316633.742859
phi2_conv300,833,10546126000.0,11037261917.742859
phi2_conv300,834,11157911000.0,11226255291.0
phi2_conv300,835,11157911000.0,11229200575.0
phi2_conv300,836,11157911000.0,11232145859.0
phi2_conv300,837,11157911000.0,11235091143.0
phi2_conv300,838,11157911000.0,11238036427.0
phi2_conv300,839,11157911000.0,11240981711.0
phi2_conv300,840,11157911000.0,11243926995.0
phi2_conv300,841,11157911000.0,11246872279.0
phi2_conv300,842,11157911000.0,11249817563.0
phi2_conv300,843,11157911000.0,11252762847.0
phi2_conv300,844,11157911000.0,11255708131.0
phi2_conv300,845,11157911000.0,11258653415.0
phi2_conv300,846,11157911000.0,11261598699.0
phi2_conv300,847,11157911000.0,11264543983.0
phi2_conv300,848,11157911000.0,11267489267.0
phi2_conv300,849,11157911000.0,11270434551.0
phi2_conv300,850,11157911000.0,11273379835.0
phi2_conv300,851,11157911000.0,11276325119.0
phi2_conv300,852,11157911000.0,11279270403.0
phi2_conv300,853,11157911000.0,11282215687.0
phi2_conv300,854,11157911000.0,11285160971.0
phi2_conv300,855,11157911000.0,11288106255.0
phi2_conv300,856,11157911000.0,11291051539.0
phi2_conv300,857,11157911000.0,11293996823.0
phi2_conv300,858,11157911000.0,11296942107.0
phi2_conv300,859,11157911000.0,11299887391.0
phi2_conv300,860,11157911000.0,11302832675.0
phi2_conv300,861,11157911000.0,11305777959.0
phi2_conv300,862,11157911000.0,11308723243.0
phi2_conv300,863,11157911000.0,11311668527.0
phi2_conv300,864,11157911000.0,11314613811.0
phi2_conv300,865,11157911000.0,11317559095.0
phi2_conv300,866,11157911000.0,11320504379.0
phi2_conv300,867,11157911000.0,11323449663.0
phi2_conv300,868,11157911000.0,11326394947.0
phi2_conv300,869,11157911000.0,11329340231.0
phi2_conv300,870,11157911000.0,11332285515.0
phi2_conv300,871,11157911000.0,11335230799.0
phi2_conv300,872,11157911000.0,11338176083.0
phi2_conv300,873,11157911000.0,11341121367.0
phi2_conv300,874,11157911000.0,11344066651.0
phi2_conv300,875,11157911000.0,11347011935.0
phi2_conv300,876,11157911000.0,11349957219.0
phi2_conv300,877,11157911000.0,11352902503.0
phi2_conv300,878,11157911000.0,11355847787.0
phi2_conv300,879,11157911000.0,11358793071.0
phi2_conv300,880,11157911000.0,11361738355.0
phi2_conv300,881,11157911000.0,11364683639.0
phi2_conv300,882,11157911000.0,11367628923.0
phi2_conv300,883,11157911000.0,11370574207.0
phi2_conv300,884,11157911000.0,11373519491.0
phi2_conv300,885,11157911000.0,11376464775.0
phi2_conv300,886,11157911000.0,11379410059.0
phi2_conv300,887,11430904000.0,11450538472.0
phi2_conv300,888,11430904000.0,11453548592.0
phi2_conv300,889,11430904000.0,11456558712.0
phi2_conv300,890,11430904000.0,11459568832.0
phi2_conv300,891,11430904000.0,11462578952.0
phi2_conv300,892,11430904000.0,11465589072.0
phi2_conv300,893,11430904000.0,11468599192.0
phi2_conv300,894,11430904000.0,11471609312.0
phi2_conv300,895,11430904000.0,11474614312.0
phi2_conv300,896,11430904000.0,11477619312.0
phi2_conv300,897,11430904000.0,11480624312.0
phi2_conv300,898,11430904000.0,11483629312.0
phi2_conv300,899,11157911000.0,11486574596.0
phi2_conv300,900,11157911000.0,11489519880.0
phi2_conv300,901,11157911000.0,11492465164.0
phi2_conv300,902,11157911000.0,11495410448.0
phi2_conv300,903,11157911000.0,11498355732.0
phi2_conv300,904,11157911000.0,11501301016.0
phi2_conv300,905,11157911000.0,11504246300.0
phi2_conv300,906,11157911000.0,11507191584.0
phi2_conv300,907,11157911000.0,11510136868.0
phi2_conv300,908,11157911000.0,11513082152.0
phi2_conv300,909,11157911000.0,11516027436.0
phi2_conv300,910,11157911000.0,11518972720.0
phi2_conv300,911,11157911000.0,11521918004.0
phi2_conv300,912,11157911000.0,11524863288.0
phi2_conv300,913,11157911000.0,11527808572.0
phi2_conv300,914,11157911000.0,11530753856.0
phi2_conv300,915,11157911000.0,11533699140.0
phi2_conv300,916,11157911000.0,11536644424.0
phi2_conv300,917,11157911000.0,11539589708.0
phi2_conv300,918,11157911000.0,11542534992.0
phi2_conv300,919,11157911000.0,11545480276.0
phi2_conv300,920,11157911000.0,11548425560.0
phi2_conv300,921,11157911000.0,11551370844.0
phi2_conv300,922,11157911000.0,11554316128.0
phi2_conv300,923,11157911000.0,11557261412.0
phi2_conv300,924,11157911000.0,11560206696.0
phi2_conv300,925,11157911000.0,11563151980.0
phi2_conv300,926,11157911000.0,11566097264.0
phi2_conv300,927,11157911000.0,11569042548.0
phi2_conv300,928,11157911000.0,11571987832.0
phi2_conv300,929,11157911000.0,11574933116.0
phi2_conv300,930,11157911000.0,11577878400.0
phi2_conv300,931,11157911000.0,11580823684.0
phi2_conv300,932,11157911000.0,11583768968.0
phi2_conv300,933,11157911000.0,11586714252.0
phi2_conv300,934,11157911000.0,11589659536.0
phi2_conv300,935,11157911000.0,11592604820.0
phi2_conv300,936,11157911000.0,11595550104.0
phi2_conv300,937,11157911000.0,11598495388.0
phi2_conv300,938,11157911000.0,11601440672.0
phi2_conv300,939,11157911000.0,11604385956.0
phi2_conv300,940,11836633000.0,11896554767.0
phi2_conv300,941,11836633000.0,11899467283.0
phi2_conv300,942,11836633000.0,11902379799.0
phi2_conv300,943,11836633000.0,11905292315.0
phi2_conv300,944,11836633000.0,11908204831.0
phi2_conv300,945,11836633000.0,11911117347.0
phi2_conv300,946,11836633000.0,11914029863.0
phi2_conv300,947,11836633000.0,11916942379.0
phi2_conv300,948,11836633000.0,11919854895.0
phi2_conv300,949,11836633000.0,11922767411.0
phi2_conv300,950,11836633000.0,11925679927.0
phi2_conv300,951,11836633000.0,11928592443.0
phi2_conv300,952,11836633000.0,11931504959.0
phi2_conv300,953,11836633000.0,11934417475.0
phi2_conv300,954,11836633000.0,11937329991.0
phi2_conv300,955,11836633000.0,11940242507.0
phi2_conv300,956,11836633000.0,11943155023.0
phi2_conv300,957,11836633000.0,11946067539.0
phi2_conv300,958,11836633000.0,11948980055.0
phi2_conv300,959,11836633000.0,11951892571.0
phi2_conv300,960,11836633000.0,11954805087.0
phi2_conv300,961,11836633000.0,11957717603.0
phi2_conv300,962,11836633000.0,11960630119.0
phi2_conv300,963,11836633000.0,11963542635.0
phi2_conv300,964,11836633000.0,11966455151.0
phi2_conv300,965,11836633000.0,11969367667.0
phi2_conv300,966,11836633000.0,11972280183.0
phi2_conv300,967,11836633000.0,11975192699.0
phi2_conv300,968,11836633000.0,11978105215.0
phi2_conv300,969,11836633000.0,11981017731.0
phi2_conv300,970,11836633000.0,11983930247.0
phi2_conv300,971,11836633000.0,11986875531.0
phi2_conv300,972,11836633000.0,11989820815.0
phi2_conv300,973,11836633000.0,11992766099.0
phi2_conv300,974,11836633000.0,11995711383.0
phi2_conv300,975,11836633000.0,11998656667.0
phi2_conv300,976,11836633000.0,12001601951.0
phi2_conv300,977,11836633000.0,12004547235.0
phi2_conv300,978,11836633000.0,12007492519.0
phi2_conv300,979,11836633000.0,12010437803.0
phi2_conv300,980,11836633000.0,12013383087.0
phi2_conv300,981,11836633000.0,12016328371.0
phi2_conv300,982,11836633000.0,12019273655.0
phi2_conv300,983,11836633000.0,12022218939.0
phi2_conv300,984,11836633000.0,12025164223.0
phi2_conv300,985,11836633000.0,12028109507.0
phi2_conv300,986,11836633000.0,12031054791.0
phi2_conv300,987,11836633000.0,12034000075.0
phi2_conv300,988,11836633000.0,12036945359.0
phi2_conv300,989,11836633000.0,12039890643.0
phi2_conv300,990,11836633000.0,12042835927.0
phi2_conv300,991,11836633000.0,12045781211.0
phi2_conv300,992,11836633000.0,12048726495.0
phi2_conv300,993,11836633000.0,12051671779.0
phi2_conv300,994,11836633000.0,12054617063.0
phi2_conv300,995,11836633000.0,12057562347.0
phi2_conv300,996,11836633000.0,12060507631.0
phi2_conv300,997,11836633000.0,12063452915.0
phi2_conv300,998,11836633000.0,12066398199.0
phi2_conv300,999,11836633000.0,12069343483.0
phi2_conv300,1000,11836633000.0,12072288767.0
phi2_conv300,1001,11836633000.0,12075234051.0
phi2_conv300,1002,11836633000.0,12078179335.0
phi2_conv300,1003,11836633000.0,12081124619.0
phi2_conv300,1004,11836633000.0,12084069903.0
phi2_conv300,1005,11836633000.0,12087015187.0
phi2_conv300,1006,11836633000.0,12089960471.0
phi2_conv300,1007,11836633000.0,12092905755.0
phi2_conv300,1008,11836633000.0,12095851039.0
phi2_conv300,1009,11836633000.0,12098796323.0
phi2_conv300,1010,11836633000.0,12101741607.0
phi2_conv300,1011,11836633000.0,12104686891.0
phi2_conv300,1012,11836633000.0,12107632175.0
phi2_conv300,1013,11836633000.0,12110577459.0
phi2_conv300,1014,12886545000.0,12920174250.0
phi2_conv300,1015,12886545000.0,12923086766.0
phi2_conv300,1016,12886545000.0,12925999282.0
phi2_conv300,1017,12886545000.0,12928911798.0
phi2_conv300,1018,12886545000.0,12931824314.0
phi2_conv300,1019,12886545000.0,12934736830.0
phi2_conv300,1020,12886545000.0,12937649346.0
phi2_conv300,1021,12886545000.0,12940561862.0
phi2_conv300,1022,12886545000.0,12943474378.0
phi2_conv300,1023,12886545000.0,12946386894.0
phi2_conv300,1024,12886545000.0,12949299410.0
phi2_conv300,1025,12886545000.0,12952211926.0
phi2_conv300,1026,12886545000.0,12955124442.0
phi2_conv300,1027,12886545000.0,12958036958.0
phi2_conv300,1028,12886545000.0,12960949474.0
phi2_conv300,1029,12886545000.0,12963861990.0
phi2_conv300,1030,12886545000.0,12966774506.0
phi2_conv300,1031,12886545000.0,12969687022.0
phi2_conv300,1032,12886545000.0,12972599538.0
phi2_conv300,1033,12886545000.0,12975512054.0
phi2_conv300,1034,12886545000.0,12978424570.0
phi2_conv300,1035,12886545000.0,12981337086.0
phi2_conv300,1036,12886545000.0,12984249602.0
phi2_conv300,1037,12886545000.0,12987162118.0
phi2_conv300,1038,12886545000.0,12990074634.0
phi2_conv300,1039,12886545000.0,12992987150.0
phi2_conv300,1040,12886545000.0,12995899666.0
phi2_conv300,1041,12886545000.0,12998812182.0
phi2_conv300,1042,13025088000.0,13109321047.514286
phi2_conv300,1043,13025088000.0,13195872431.028572
phi2_conv300,1044,13049843000.0,13282558888.257143
phi2_conv300,1045,13049843000.0,13286371874.257143
phi2_conv300,1046,13049843000.0,13289609340.257143
phi2_conv300,1047,13049843000.0,13292846806.257143
phi2_conv300,1048,13049843000.0,13296077616.257143
phi2_conv300,1049,13049843000.0,13299308426.257143
phi2_conv300,1050,13049843000.0,13302539236.257143
phi2_conv300,1051,13049843000.0,13305787454.257143
phi2_conv300,1052,13049843000.0,13309035672.257143
phi2_conv300,1053,13049843000.0,13312283890.257143
phi2_conv300,1054,13049843000.0,13315532108.257143
phi2_conv300,1055,13049843000.0,13318780326.257143
phi2_conv300,1056,13049843000.0,13321984000.257143
phi2_conv300,1057,13049843000.0,13325187674.257143
phi2_conv300,1058,13049843000.0,13328391348.257143
phi2_conv300,1059,13049843000.0,13331595022.257143
phi2_conv300,1060,13049843000.0,13334798696.257143
phi2_conv300,1061,13049843000.0,13338002370.257143
phi2_conv300,1062,13049843000.0,13341206044.257143
phi2_conv300,1063,13049843000.0,13344409718.257143
phi2_conv300,1064,13049843000.0,13347666640.257143
phi2_conv300,1065,13049843000.0,13350923562.257143
phi2_conv300,1066,13049843000.0,13354180484.257143
phi2_conv300,1067,13049843000.0,13357452254.257143
phi2_conv300,1068,13049843000.0,13360724024.257143
phi2_conv300,1069,13049843000.0,13363995794.257143
phi2_conv300,1070,13049843000.0,13367267564.257143
phi2_conv300,1071,13049843000.0,13370539334.257143
phi2_conv300,1072,13049843000.0,13373815200.257143
phi2_conv300,1073,13049843000.0,13377091066.257143
phi2_conv300,1074,13049843000.0,13380366932.257143
phi2_conv300,1075,13049843000.0,13383642798.257143
phi2_conv300,1076,13049843000.0,13386918664.257143
phi2_conv300,1077,13049843000.0,13390194530.257143
phi2_conv300,1078,13049843000.0,13393470396.257143
phi2_conv300,1079,13049843000.0,13396746262.257143
phi2_conv300,1080,13049843000.0,13400086128.257143
phi2_conv300,1081,13049843000.0,13403425994.257143
phi2_conv300,1082,13049843000.0,13406765860.257143
phi2_conv300,1083,13049843000.0,13410023806.257143
phi2_conv300,1084,13049843000.0,13413281752.257143
phi2_conv300,1085,13049843000.0,13416539698.257143
phi2_conv300,1086,13049843000.0,13419797644.257143
phi2_conv300,1087,13049843000.0,13423055590.257143
phi2_conv300,1088,13049843000.0,13426292544.257143
phi2_conv300,1089,13049843000.0,13429529498.257143
phi2_conv300,1090,13049843000.0,13432766452.257143
phi2_conv300,1091,13049843000.0,13436003406.257143
phi2_conv300,1092,13049843000.0,13439240360.257143
phi2_conv300,1093,13049843000.0,13442477314.257143
phi2_conv300,1094,13049843000.0,13445714268.257143
phi2_conv300,1095,13049843000.0,13448951222.257143
phi2_conv300,1096,13049843000.0,13452250128.257143
phi2_conv300,1097,13049843000.0,13455549034.257143
phi2_conv300,1098,13049843000.0,13458847940.257143
phi2_conv300,1099,13049843000.0,13462138142.257143
phi2_conv300,1100,13049843000.0,13465428344.257143
phi2_conv300,1101,13049843000.0,13468718546.257143
phi2_conv300,1102,13049843000.0,13472008748.257143
phi2_conv300,1103,13049843000.0,13475298950.257143
phi2_conv300,1104,13049843000.0,13478588128.257143
phi2_conv300,1105,13049843000.0,13481877306.257143
phi2_conv300,1106,13049843000.0,13485166484.257143
phi2_conv300,1107,13049843000.0,13488455662.257143
phi2_conv300,1108,13049843000.0,13491744840.257143
phi2_conv300,1109,13049843000.0,13495034018.257143
phi2_conv300,1110,13049843000.0,13498323196.257143
phi2_conv300,1111,13049843000.0,13501612374.257143
phi2_conv300,1112,13049843000.0,13504898992.257143
phi2_conv300,1113,13049843000.0,13508185610.257143
phi2_conv300,1114,13049843000.0,13511472228.257143
phi2_conv300,1115,13049843000.0,13514798270.257143
phi2_conv300,1116,13049843000.0,13518124312.257143
phi2_conv300,1117,13049843000.0,13521450354.257143
phi2_conv300,1118,13049843000.0,13524776396.257143
phi2_conv300,1119,13049843000.0,13528102438.257143
phi2_conv300,1120,13049843000.0,13531513472.257143
phi2_conv300,1121,13049843000.0,13534924506.257143
phi2_conv300,1122,13049843000.0,13538335540.257143
phi2_conv300,1123,13049843000.0,13541746574.257143
phi2_conv300,1124,13049843000.0,13545157608.257143
phi2_conv300,1125,13049843000.0,13548568642.257143
phi2_conv300,1126,13049843000.0,13551979676.257143
phi2_conv300,1127,13049843000.0,13555390710.257143
phi2_conv300,1128,13049843000.0,13558722384.257143
phi2_conv300,1129,13049843000.0,13562054058.257143
phi2_conv300,1130,13049843000.0,13565385732.257143
phi2_conv300,1131,13049843000.0,13568722014.257143
phi2_conv300,1132,13049843000.0,13572058296.257143
phi2_conv300,1133,13049843000.0,13575394578.257143
phi2_conv300,1134,13049843000.0,13578730860.257143
phi2_conv300,1135,13049843000.0,13582067142.257143
phi2_conv300,1136,13049843000.0,13585406496.257143
phi2_conv300,1137,13049843000.0,13588745850.257143
phi2_conv300,1138,13049843000.0,13592085204.257143
phi2_conv300,1139,13049843000.0,13595424558.257143
phi2_conv300,1140,13049843000.0,13598763912.257143
phi2_conv300,1141,13049843000.0,13602103266.257143
phi2_conv300,1142,13049843000.0,13605442620.257143
phi2_conv300,1143,13049843000.0,13608781974.257143
phi2_conv300,1144,13049843000.0,13612039408.257143
phi2_conv300,1145,13049843000.0,13615296842.257143
phi2_conv300,1146,13049843000.0,13618554276.257143
phi2_conv300,1147,13049843000.0,13621928958.257143
phi2_conv300,1148,13049843000.0,13625303640.257143
phi2_conv300,1149,13049843000.0,13628678322.257143
phi2_conv300,1150,13049843000.0,13632053004.257143
phi2_conv300,1151,13049843000.0,13635427686.257143
phi2_conv300,1152,13049843000.0,13638742976.257143
phi2_conv300,1153,13049843000.0,13642058266.257143
phi2_conv300,1154,13049843000.0,13645373556.257143
phi2_conv300,1155,13049843000.0,13648688846.257143
phi2_conv300,1156,13049843000.0,13652004136.257143
phi2_conv300,1157,13049843000.0,13655319426.257143
phi2_conv300,1158,13049843000.0,13658634716.257143
phi2_conv300,1159,13049843000.0,13661950006.257143
phi2_conv300,1160,13049843000.0,13665362064.257143
phi2_conv300,1161,13049843000.0,13668774122.257143
phi2_conv300,1162,13049843000.0,13672186180.257143
phi2_conv300,1163,13049843000.0,13675568542.257143
phi2_conv300,1164,13049843000.0,13678950904.257143
phi2_conv300,1165,13049843000.0,13682333266.257143
phi2_conv300,1166,13049843000.0,13685715628.257143
phi2_conv300,1167,13049843000.0,13689097990.257143
phi2_conv300,1168,13049843000.0,13692481888.257143
phi2_conv300,1169,13049843000.0,13695865786.257143
phi2_conv300,1170,13049843000.0,13699249684.257143
phi2_conv300,1171,13049843000.0,13702633582.257143
phi2_conv300,1172,13049843000.0,13706017480.257143
phi2_conv300,1173,13049843000.0,13709401378.257143
phi2_conv300,1174,13049843000.0,13712785276.257143
phi2_conv300,1175,13049843000.0,13716169174.257143
phi2_conv300,1176,13049843000.0,13719418398.257143
phi2_conv300,1177,13049843000.0,13722667622.257143
phi2_conv300,1178,13049843000.0,13725916846.257143
phi2_conv300,1179,13049843000.0,13729137910.257143
phi2_conv300,1180,13049843000.0,13732358974.257143
phi2_conv300,1181,13049843000.0,13735580038.257143
phi2_conv300,1182,13049843000.0,13738801102.257143
phi2_conv300,1183,13049843000.0,13742022166.257143
phi2_conv300,1184,13049843000.0,13745243230.257143
phi2_conv300,1185,13049843000.0,13748464294.257143
phi2_conv300,1186,13049843000.0,13751376810.257143
phi2_conv300,1187,13049843000.0,13754289326.257143
phi2_conv300,1188,13049843000.0,13757201842.257143
phi2_conv300,1189,13049843000.0,13760114358.257143
phi2_conv300,1190,13049843000.0,13763026874.257143
phi2_conv300,1191,13049843000.0,13765939390.257143
phi2_conv300,1192,13049843000.0,13768851906.257143
phi2_conv300,1193,13049843000.0,13771764422.257143
phi2_conv300,1194,13049843000.0,13774676938.257143
phi2_conv300,1195,13049843000.0,13777589454.257143
phi2_conv300,1196,13049843000.0,13780501970.257143
phi2_conv300,1197,14059550000.0,14088777750.0
phi2_conv300,1198,14059550000.0,14091657498.0
phi2_conv300,1199,14059550000.0,14094537246.0
phi2_conv300,1200,14059550000.0,14097416994.0
phi2_conv300,1201,14059550000.0,14100296742.0
phi2_conv300,1202,14059550000.0,14103176490.0
phi2_conv300,1203,14059550000.0,14106056238.0
phi2_conv300,1204,14059550000.0,14108935986.0
phi2_conv300,1205,14097780000.0,14172301468.457144
phi2_conv300,1206,14097780000.0,14175324900.457144
phi2_conv300,1207,14097780000.0,14178348332.457144
phi2_conv300,1208,14097780000.0,14181347700.457144
phi2_conv300,1209,14097780000.0,14184347068.457144
phi2_conv300,1210,14097780000.0,14187346436.457144
phi2_conv300,1211,14097780000.0,14190345804.457144
phi2_conv300,1212,14097780000.0,14193345172.457144
phi2_conv300,1213,14097780000.0,14196344540.457144
phi2_conv300,1214,14097780000.0,14199343908.457144
phi2_conv300,1215,14097780000.0,14202343276.457144
phi2_conv300,1216,14097780000.0,14205342644.457144
phi2_conv300,1217,14097780000.0,14208358396.457144
phi2_conv300,1218,14097780000.0,14211374148.457144
phi2_conv300,1219,14097780000.0,14214389900.457144
phi2_conv300,1220,14097780000.0,14217405652.457144
phi2_conv300,1221,14097780000.0,14220421404.457144
phi2_conv300,1222,14097780000.0,14223437156.457144
phi2_conv300,1223,14097780000.0,14226452908.457144
phi2_conv300,1224,14097780000.0,14229468660.457144
phi2_conv300,1225,14097780000.0,14232484412.457144
phi2_conv300,1226,14097780000.0,14235500164.457144
phi2_conv300,1227,14097780000.0,14238515916.457144
phi2_conv300,1228,14097780000.0,14241531668.457144
phi2_conv300,1229,14097780000.0,14244547420.457144
phi2_conv300,1230,14097780000.0,14247563172.457144
phi2_conv300,1231,14097780000.0,14250578924.457144
phi2_conv300,1232,14097780000.0,14253594676.457144
phi2_conv300,1233,14097780000.0,14256610428.457144
phi2_conv300,1234,14097780000.0,14259626180.457144
phi2_conv300,1235,14097780000.0,14262641932.457144
phi2_conv300,1236,14097780000.0,14265657684.457144
phi2_conv300,1237,14097780000.0,14268673436.457144
phi2_conv300,1238,14097780000.0,14271689188.457144
phi2_conv300,1239,14097780000.0,14274704940.457144
phi2_conv300,1240,14097780000.0,14277727860.457144
phi2_conv300,1241,14097780000.0,14280750780.457144
phi2_conv300,1242,14293309000.0,14377503904.314285
phi2_conv300,1243,14293309000.0,14463980280.62857
phi2_conv300,1244,14293309000.0,14553708880.942856
phi2_conv300,1245,14293309000.0,14645649321.257141
phi2_conv300,1246,14293309000.0,14740981249.571426
phi2_conv300,1247,14293309000.0,14838525017.885712
phi2_conv300,1248,14293309000.0,14939321010.199997
phi2_conv300,1249,14293309000.0,15033471748.45714
phi2_conv300,1250,14293309000.0,15037178206.45714
phi2_conv300,1251,14293309000.0,15040884664.45714
phi2_conv300,1252,14293309000.0,15044591122.45714
phi2_conv300,1253,14293309000.0,15048297580.45714
phi2_conv300,1254,14293309000.0,15052004038.45714
phi2_conv300,1255,14293309000.0,15055710496.45714
phi2_conv300,1256,14293309000.0,15059540346.45714
phi2_conv300,1257,14293309000.0,15063370196.45714
phi2_conv300,1258,14293309000.0,15067200046.45714
phi2_conv300,1259,14293309000.0,15070805110.45714
phi2_conv300,1260,14293309000.0,15074410174.45714
phi2_conv300,1261,14293309000.0,15078015238.45714
phi2_conv300,1262,14293309000.0,15081620302.45714
phi2_conv300,1263,14293309000.0,15085233558.45714
phi2_conv300,1264,14293309000.0,15088846814.45714
phi2_conv300,1265,14293309000.0,15092460070.45714
phi2_conv300,1266,14293309000.0,15096073326.45714
phi2_conv300,1267,14293309000.0,15099686582.45714
phi2_conv300,1268,14293309000.0,15103299838.45714
phi2_conv300,1269,14293309000.0,15106913094.45714
phi2_conv300,1270,14293309000.0,15110526350.45714
phi2_conv300,1271,14293309000.0,15114139606.45714
phi2_conv300,1272,14293309000.0,15117738014.45714
phi2_conv300,1273,14293309000.0,15121336422.45714
phi2_conv300,1274,14293309000.0,15124934830.45714
phi2_conv300,1275,14293309000.0,15128533238.45714
phi2_conv300,1276,14293309000.0,15132131646.45714
phi2_conv300,1277,14293309000.0,15135730054.45714
phi2_conv300,1278,14293309000.0,15139328462.45714
phi2_conv300,1279,14293309000.0,15142926870.45714
phi2_conv300,1280,14293309000.0,15146525278.45714
phi2_conv300,1281,14293309000.0,15150123686.45714
phi2_conv300,1282,14293309000.0,15153722094.45714
phi2_conv300,1283,14293309000.0,15157320502.45714
phi2_conv300,1284,14293309000.0,15160918910.45714
phi2_conv300,1285,14293309000.0,15164517318.45714
phi2_conv300,1286,14293309000.0,15168115726.45714
phi2_conv300,1287,14293309000.0,15171714134.45714
phi2_conv300,1288,14293309000.0,15175309470.45714
phi2_conv300,1289,14293309000.0,15178904806.45714
phi2_conv300,1290,14293309000.0,15182500142.45714
phi2_conv300,1291,14293309000.0,15186095478.45714
phi2_conv300,1292,14293309000.0,15189690814.45714
phi2_conv300,1293,14293309000.0,15193286150.45714
phi2_conv300,1294,14293309000.0,15196881486.45714
phi2_conv300,1295,14293309000.0,15200476822.45714
phi2_conv300,1296,14293309000.0,15204072158.45714
phi2_conv300,1297,14293309000.0,15207667494.45714
phi2_conv300,1298,14293309000.0,15211262830.45714
phi2_conv300,1299,14293309000.0,15214858166.45714
phi2_conv300,1300,14293309000.0,15218453502.45714
phi2_conv300,1301,14293309000.0,15222048838.45714
phi2_conv300,1302,14293309000.0,15225644174.45714
phi2_conv300,1303,14293309000.0,15229239510.45714
phi2_conv300,1304,14293309000.0,15232862494.45714
phi2_conv300,1305,14293309000.0,15236485478.45714
phi2_conv300,1306,14293309000.0,15240108462.45714
phi2_conv300,1307,14293309000.0,15243731446.45714
phi2_conv300,1308,14293309000.0,15247354430.45714
phi2_conv300,1309,14293309000.0,15250977414.45714
phi2_conv300,1310,14293309000.0,15254600398.45714
phi2_conv300,1311,14059550000.0,15257512914.45714
phi2_conv300,1312,14059550000.0,15260425430.45714
phi2_conv300,1313,14059550000.0,15263337946.45714
phi2_conv300,1314,14059550000.0,15266250462.45714
phi2_conv300,1315,14059550000.0,15269162978.45714
phi2_conv300,1316,14059550000.0,15272075494.45714
phi2_conv300,1317,14059550000.0,15274988010.45714
phi2_conv300,1318,14059550000.0,15277900526.45714
phi2_conv300,1319,14059550000.0,15280813042.45714
phi2_conv300,1320,14059550000.0,15283725558.45714
phi2_conv300,1321,14059550000.0,15286638074.45714
phi2_conv300,1322,14059550000.0,15289550590.45714
phi2_conv300,1323,14059550000.0,15292463106.45714
phi2_conv300,1324,14059550000.0,15295375622.45714
phi2_conv300,1325,14059550000.0,15298288138.45714
phi2_conv300,1326,14059550000.0,15301200654.45714
phi2_conv300,1327,14059550000.0,15304113170.45714
phi2_conv300,1328,14059550000.0,15307025686.45714
phi2_conv300,1329,14059550000.0,15309938202.45714
phi2_conv300,1330,14059550000.0,15312850718.45714
phi2_conv300,1331,14059550000.0,15315763234.45714
phi2_conv300,1332,14059550000.0,15318675750.45714
phi2_conv300,1333,14059550000.0,15321588266.45714
phi2_conv300,1334,14059550000.0,15324500782.45714
phi2_conv300,1335,14059550000.0,15327413298.45714
phi2_conv300,1336,14059550000.0,15330325814.45714
phi2_conv300,1337,14059550000.0,15333238330.45714
phi2_conv300,1338,14059550000.0,15336150846.45714
phi2_conv300,1339,14059550000.0,15339063362.45714
phi2_conv300,1340,14059550000.0,15341975878.45714
phi2_conv300,1341,14059550000.0,15344888394.45714
phi2_conv300,1342,14059550000.0,15347800910.45714
phi2_conv300,1343,14059550000.0,15350713426.45714
phi2_conv300,1344,14059550000.0,15353625942.45714
phi2_conv300,1345,14059550000.0,15356538458.45714
phi2_conv300,1346,14059550000.0,15359450974.45714
phi2_conv300,1347,14059550000.0,15362363490.45714
phi2_conv300,1348,14059550000.0,15365276006.45714
phi2_conv300,1349,14059550000.0,15368188522.45714
phi2_conv300,1350,14059550000.0,15371101038.45714
phi2_conv300,1351,17420918000.0,17505004744.0
phi2_conv300,1352,17420918000.0,17591258272.0
phi2_conv300,1353,17420918000.0,17680657528.0
phi2_conv300,1354,17420918000.0,17772153936.0
phi2_conv300,1355,17420918000.0,17866935336.0
phi2_conv300,1356,17420918000.0,17871746284.0
phi2_conv300,1357,17420918000.0,17875019248.0
phi2_conv300,1358,17420918000.0,17878292212.0
phi2_conv300,1359,17420918000.0,17881565176.0
phi2_conv300,1360,17420918000.0,17884838140.0
phi2_conv300,1361,17420918000.0,17888111104.0
phi2_conv300,1362,17420918000.0,17891384068.0
phi2_conv300,1363,17420918000.0,17894657032.0
phi2_conv300,1364,17420918000.0,17897929996.0
phi2_conv300,1365,17420918000.0,17901202960.0
phi2_conv300,1366,17420918000.0,17904475924.0
phi2_conv300,1367,17420918000.0,17907748888.0
phi2_conv300,1368,17420918000.0,17911021852.0
phi2_conv300,1369,17420918000.0,17914294816.0
phi2_conv300,1370,17420918000.0,17917567780.0
phi2_conv300,1371,17420918000.0,17920840744.0
phi2_conv300,1372,17420918000.0,17924113708.0
phi2_conv300,1373,17420918000.0,17927386672.0
phi2_conv300,1374,17420918000.0,17930659636.0
phi2_conv300,1375,17420918000.0,17933932600.0
phi2_conv300,1376,17420918000.0,17937205564.0
phi2_conv300,1377,17420918000.0,17940478528.0
phi2_conv300,1378,17420918000.0,17943751492.0
phi2_conv300,1379,17420918000.0,17947024456.0
phi2_conv300,1380,17420918000.0,17950297420.0
phi2_conv300,1381,17420918000.0,17953570384.0
phi2_conv300,1382,17420918000.0,17956843348.0
phi2_conv300,1383,17420918000.0,17960116312.0
phi2_conv300,1384,17420918000.0,17963389276.0
phi2_conv300,1385,17420918000.0,17966662240.0
phi2_conv300,1386,17420918000.0,17969935204.0
phi2_conv300,1387,17420918000.0,17973208168.0
phi2_conv300,1388,17420918000.0,17976481132.0
phi2_conv300,1389,17420918000.0,17979754096.0
phi2_conv300,1390,17420918000.0,17983027060.0
phi2_conv300,1391,17420918000.0,17986300024.0
phi2_conv300,1392,17420918000.0,17989572988.0
phi2_conv300,1393,17420918000.0,17992845952.0
phi2_conv300,1394,17420918000.0,17996118916.0
phi2_conv300,1395,17420918000.0,17999391880.0
phi2_conv300,1396,17420918000.0,18002664844.0
phi2_conv300,1397,17420918000.0,18005937808.0
phi2_conv300,1398,17420918000.0,18009210772.0
phi2_conv300,1399,17420918000.0,18012483736.0
phi2_conv300,1400,17420918000.0,18015756700.0
phi2_conv300,1401,17420918000.0,18019029664.0
phi2_conv300,1402,17420918000.0,18022302628.0
phi2_conv300,1403,17420918000.0,18025575592.0
phi2_conv300,1404,17420918000.0,18028848556.0
phi2_conv300,1405,17420918000.0,18032121520.0
phi2_conv300,1406,17792938000.0,18065922236.714287
phi2_conv300,1407,17792938000.0,18069315844.714287
phi2_conv300,1408,17792938000.0,18072709452.714287
phi2_conv300,1409,17792938000.0,18076103060.714287
phi2_conv300,1410,17792938000.0,18079496668.714287
phi2_conv300,1411,17792938000.0,18082834468.714287
phi2_conv300,1412,17792938000.0,18086243436.714287
phi2_conv300,1413,17792938000.0,18089652404.714287
phi2_conv300,1414,17792938000.0,18093061372.714287
phi2_conv300,1415,17792938000.0,18096470340.714287
phi2_conv300,1416,17792938000.0,18099879308.714287
phi2_conv300,1417,17792938000.0,18103288276.714287
phi2_conv300,1418,17792938000.0,18106697244.714287
phi2_conv300,1419,17792938000.0,18110106212.714287
phi2_conv300,1420,17792938000.0,18113515180.714287
phi2_conv300,1421,17792938000.0,18116924148.714287
phi2_conv300,1422,17792938000.0,18120333116.714287
phi2_conv300,1423,17792938000.0,18123742084.714287
phi2_conv300,1424,17792938000.0,18127151052.714287
phi2_conv300,1425,17792938000.0,18130560020.714287
phi2_conv300,1426,17792938000.0,18133968988.714287
phi2_conv300,1427,17792938000.0,18137341092.714287
phi2_conv300,1428,17792938000.0,18140786924.714287
phi2_conv300,1429,17792938000.0,18144232756.714287
phi2_conv300,1430,17792938000.0,18147678588.714287
phi2_conv300,1431,17792938000.0,18151124420.714287
phi2_conv300,1432,17792938000.0,18154570252.714287
phi2_conv300,1433,17792938000.0,18158016084.714287
phi2_conv300,1434,17792938000.0,18161461916.714287
phi2_conv300,1435,17792938000.0,18164907748.714287
phi2_conv300,1436,17792938000.0,18168353580.714287
phi2_conv300,1437,17792938000.0,18171799412.714287
phi2_conv300,1438,17792938000.0,18175245244.714287
phi2_conv300,1439,17792938000.0,18178691076.714287
phi2_conv300,1440,17792938000.0,18182136908.714287
phi2_conv300,1441,17792938000.0,18185582740.714287
phi2_conv300,1442,17792938000.0,18189028572.714287
phi2_conv300,1443,17792938000.0,18192488740.714287
phi2_conv300,1444,17792938000.0,18195902828.714287
phi2_conv300,1445,17792938000.0,18199316916.714287
phi2_conv300,1446,17792938000.0,18202731004.714287
phi2_conv300,1447,17792938000.0,18206145092.714287
phi2_conv300,1448,17792938000.0,18209559180.714287
phi2_conv300,1449,17792938000.0,18212973268.714287
phi2_conv300,1450,17792938000.0,18216387356.714287
phi2_conv300,1451,17792938000.0,18219801444.714287
phi2_conv300,1452,17792938000.0,18223215532.714287
phi2_conv300,1453,17792938000.0,18226629620.714287
phi2_conv300,1454,17792938000.0,18230043708.714287
phi2_conv300,1455,17792938000.0,18233457796.714287
phi2_conv300,1456,17792938000.0,18236871884.714287
phi2_conv300,1457,17792938000.0,18240285972.714287
phi2_conv300,1458,17792938000.0,18243700060.714287
phi2_conv300,1459,17792938000.0,18247164324.714287
phi2_conv300,1460,17792938000.0,18250593260.714287
phi2_conv300,1461,17792938000.0,18254022196.714287
phi2_conv300,1462,17792938000.0,18257451132.714287
phi2_conv300,1463,17792938000.0,18260880068.714287
phi2_conv300,1464,17792938000.0,18264309004.714287
phi2_conv300,1465,17792938000.0,18267737940.714287
phi2_conv300,1466,17792938000.0,18271166876.714287
phi2_conv300,1467,17792938000.0,18274595812.714287
phi2_conv300,1468,17792938000.0,18278024748.714287
phi2_conv300,1469,17792938000.0,18281453684.714287
phi2_conv300,1470,18160513000.0,18302622510.714287
phi2_conv300,1471,18160513000.0,18306084744.714287
phi2_conv300,1472,18160513000.0,18309565410.714287
phi2_conv300,1473,18160513000.0,18313046076.714287
phi2_conv300,1474,18160513000.0,18316526742.714287
phi2_conv300,1475,18160513000.0,18319998704.714287
phi2_conv300,1476,18160513000.0,18323475786.714287
phi2_conv300,1477,18160513000.0,18326952868.714287
phi2_conv300,1478,18160513000.0,18330429950.714287
phi2_conv300,1479,18160513000.0,18333907032.714287
phi2_conv300,1480,18160513000.0,18337384114.714287
phi2_conv300,1481,18160513000.0,18340861196.714287
phi2_conv300,1482,18160513000.0,18344338278.714287
phi2_conv300,1483,18160513000.0,18347815360.714287
phi2_conv300,1484,18160513000.0,18351292442.714287
phi2_conv300,1485,18160513000.0,18354769524.714287
phi2_conv300,1486,18160513000.0,18358246606.714287
phi2_conv300,1487,18160513000.0,18361723688.714287
phi2_conv300,1488,18160513000.0,18365272962.714287
phi2_conv300,1489,18160513000.0,18368822236.714287
phi2_conv300,1490,18160513000.0,18372371510.714287
phi2_conv300,1491,18160513000.0,18376026768.714287
phi2_conv300,1492,18160513000.0,18379871978.714287
phi2_conv300,1493,18160513000.0,18383717188.714287
phi2_conv300,1494,18160513000.0,18387562398.714287
phi2_conv300,1495,18160513000.0,18391407608.714287
phi2_conv300,1496,18160513000.0,18395252818.714287
phi2_conv300,1497,18160513000.0,18399098028.714287
phi2_conv300,1498,18160513000.0,18402943238.714287
phi2_conv300,1499,18160513000.0,18406788448.714287
phi2_conv300,1500,18160513000.0,18410633658.714287
phi2_conv300,1501,18160513000.0,18414478868.714287
phi2_conv300,1502,18160513000.0,18418324078.714287
phi2_conv300,1503,18160513000.0,18422169288.714287
phi2_conv300,1504,18160513000.0,18425657634.714287
phi2_conv300,1505,18160513000.0,18429145980.714287
phi2_conv300,1506,18160513000.0,18432634326.714287
phi2_conv300,1507,18160513000.0,18436083248.714287
phi2_conv300,1508,18160513000.0,18439530122.714287
phi2_conv300,1509,18160513000.0,18442976996.714287
phi2_conv300,1510,18160513000.0,18446423870.714287
phi2_conv300,1511,18160513000.0,18449870744.714287
phi2_conv300,1512,18160513000.0,18453317618.714287
phi2_conv300,1513,18160513000.0,18456764492.714287
phi2_conv300,1514,18160513000.0,18460211366.714287
phi2_conv300,1515,18160513000.0,18463658240.714287
phi2_conv300,1516,18160513000.0,18467105114.714287
phi2_conv300,1517,18160513000.0,18470551988.714287
phi2_conv300,1518,18160513000.0,18473998862.714287
phi2_conv300,1519,18160513000.0,18477445736.714287
phi2_conv300,1520,18160513000.0,18480895682.714287
phi2_conv300,1521,18160513000.0,18484345628.714287
phi2_conv300,1522,18160513000.0,18487795574.714287
phi2_conv300,1523,18463892000.0,18552124122.17143
phi2_conv300,1524,18463892000.0,18555656518.17143
phi2_conv300,1525,18463892000.0,18559188914.17143
phi2_conv300,1526,18463892000.0,18562289676.17143
phi2_conv300,1527,18463892000.0,18565390438.17143
phi2_conv300,1528,18463892000.0,18568491200.17143
phi2_conv300,1529,18463892000.0,18571591962.17143
phi2_conv300,1530,18463892000.0,18574692724.17143
phi2_conv300,1531,18463892000.0,18577793486.17143
phi2_conv300,1532,18463892000.0,18580894248.17143
phi2_conv300,1533,18463892000.0,18583995010.17143
phi2_conv300,1534,18463892000.0,18587183324.17143
phi2_conv300,1535,18463892000.0,18590371638.17143
phi2_conv300,1536,18463892000.0,18593446800.17143
phi2_conv300,1537,18463892000.0,18596521962.17143
phi2_conv300,1538,18463892000.0,18599597124.17143
phi2_conv300,1539,18463892000.0,18602728094.17143
phi2_conv300,1540,18463892000.0,18605859064.17143
phi2_conv300,1541,18463892000.0,18608990034.17143
phi2_conv300,1542,18463892000.0,18612121004.17143
phi2_conv300,1543,18463892000.0,18615251974.17143
phi2_conv300,1544,18463892000.0,18618382944.17143
phi2_conv300,1545,18463892000.0,18621513914.17143
phi2_conv300,1546,18463892000.0,18624644884.17143
phi2_conv300,1547,18463892000.0,18627775854.17143
phi2_conv300,1548,18463892000.0,18630906824.17143
phi2_conv300,1549,18463892000.0,18634037794.17143
phi2_conv300,1550,18463892000.0,18637143676.17143
phi2_conv300,1551,18463892000.0,18640249558.17143
phi2_conv300,1552,18463892000.0,18643351856.17143
phi2_conv300,1553,18463892000.0,18646367608.17143
phi2_conv300,1554,18463892000.0,18649383360.17143
phi2_conv300,1555,18463892000.0,18652399112.17143
phi2_conv300,1556,18463892000.0,18655414864.17143
phi2_conv300,1557,18463892000.0,18658430616.17143
phi2_conv300,1558,18463892000.0,18661446368.17143
phi2_conv300,1559,18463892000.0,18664462120.17143
phi2_conv300,1560,18463892000.0,18667477872.17143
phi2_conv300,1561,18463892000.0,18670493624.17143
phi2_conv300,1562,18463892000.0,18673509376.17143
phi2_conv300,1563,18463892000.0,18676525128.17143
phi2_conv300,1564,18463892000.0,18679540880.17143
phi2_conv300,1565,18463892000.0,18682556632.17143
phi2_conv300,1566,18463892000.0,18685574432.17143
phi2_conv300,1567,18463892000.0,18688592232.17143
phi2_conv300,1568,18463892000.0,18691615664.17143
phi2_conv300,1569,18463892000.0,18694639096.17143
phi2_conv300,1570,18463892000.0,18697662528.17143
phi2_conv300,1571,18463892000.0,18700685960.17143
phi2_conv300,1572,18463892000.0,18703709392.17143
phi2_conv300,1573,18463892000.0,18706732824.17143
phi2_conv300,1574,18463892000.0,18709756256.17143
phi2_conv300,1575,18463892000.0,18712779688.17143
phi2_conv300,1576,18463892000.0,18715803120.17143
phi2_conv300,1577,18463892000.0,18718826552.17143
phi2_conv300,1578,18463892000.0,18721849984.17143
phi2_conv300,1579,18463892000.0,18724873416.17143
phi2_conv300,1580,18463892000.0,18727896848.17143
phi2_conv300,1581,18463892000.0,18730920280.17143
phi2_conv300,1582,18463892000.0,18733983648.17143
phi2_conv300,1583,18463892000.0,18737047016.17143
phi2_conv300,1584,18463892000.0,18740065840.17143
phi2_conv300,1585,18463892000.0,18743084664.17143
phi2_conv300,1586,18463892000.0,18746103488.17143
phi2_conv300,1587,18463892000.0,18749122312.17143
phi2_conv300,1588,18463892000.0,18752141136.17143
phi2_conv300,1589,18463892000.0,18755159960.17143
phi2_conv300,1590,18463892000.0,18758178784.17143
phi2_conv300,1591,18463892000.0,18761197608.17143
phi2_conv300,1592,18463892000.0,18764216432.17143
phi2_conv300,1593,18463892000.0,18767235256.17143
phi2_conv300,1594,18463892000.0,18770254080.17143
phi2_conv300,1595,18463892000.0,18773272904.17143
phi2_conv300,1596,18463892000.0,18776291728.17143
phi2_conv300,1597,18463892000.0,18779310552.17143
phi2_conv300,1598,18463892000.0,18782329376.17143
phi2_conv300,1599,18463892000.0,18785348200.17143
phi2_conv300,1600,18463892000.0,18788375728.17143
phi2_conv300,1601,18463892000.0,18791403256.17143
phi2_conv300,1602,18463892000.0,18794430784.17143
phi2_conv300,1603,18463892000.0,18797458312.17143
phi2_conv300,1604,18463892000.0,18800485840.17143
phi2_conv300,1605,18463892000.0,18803513368.17143
phi2_conv300,1606,18463892000.0,18806540896.17143
phi2_conv300,1607,18463892000.0,18809568424.17143
phi2_conv300,1608,18463892000.0,18812595952.17143
phi2_conv300,1609,18463892000.0,18815623480.17143
phi2_conv300,1610,18160513000.0,18818535996.17143
phi2_conv300,1611,18160513000.0,18821448512.17143
phi2_conv300,1612,18160513000.0,18824361028.17143
phi2_conv300,1613,18160513000.0,18827273544.17143
phi2_conv300,1614,18160513000.0,18830186060.17143
phi2_conv300,1615,18160513000.0,18833098576.17143
phi2_conv300,1616,18160513000.0,18836011092.17143
phi2_conv300,1617,18160513000.0,18838923608.17143
phi2_conv300,1618,18160513000.0,18841836124.17143
phi2_conv300,1619,18160513000.0,18844748640.17143
phi2_conv300,1620,18160513000.0,18847661156.17143
phi2_conv300,1621,18160513000.0,18850573672.17143
phi2_conv300,1622,18979439000.0,19063529404.314285
phi2_conv300,1623,18979439000.0,19149790688.62857
phi2_conv300,1624,18979439000.0,19239195652.942856
phi2_conv300,1625,18979439000.0,19330701865.25714
phi2_conv300,1626,18979439000.0,19424181057.17143
phi2_conv300,1627,18979439000.0,19427560329.17143
phi2_conv300,1628,18979439000.0,19430939601.17143
phi2_conv300,1629,18979439000.0,19434318873.17143
phi2_conv300,1630,18979439000.0,19437698145.17143
phi2_conv300,1631,18979439000.0,19441077417.17143
phi2_conv300,1632,18979439000.0,19444486385.17143
phi2_conv300,1633,18979439000.0,19447895353.17143
phi2_conv300,1634,18979439000.0,19451304321.17143
phi2_conv300,1635,18979439000.0,19454713289.17143
phi2_conv300,1636,18979439000.0,19458122257.17143
phi2_conv300,1637,18979439000.0,19461531225.17143
phi2_conv300,1638,18979439000.0,19464940193.17143
phi2_conv300,1639,18979439000.0,19468349161.17143
phi2_conv300,1640,18979439000.0,19471758129.17143
phi2_conv300,1641,18979439000.0,19475167097.17143
phi2_conv300,1642,18979439000.0,19478576065.17143
phi2_conv300,1643,18979439000.0,19481985033.17143
phi2_conv300,1644,18979439000.0,19485394001.17143
phi2_conv300,1645,18979439000.0,19488802969.17143
phi2_conv300,1646,18979439000.0,19492211937.17143
phi2_conv300,1647,18979439000.0,19495620905.17143
phi2_conv300,1648,18979439000.0,19499009905.17143
phi2_conv300,1649,18979439000.0,19502398905.17143
phi2_conv300,1650,18979439000.0,19505787905.17143
phi2_conv300,1651,18979439000.0,19509176905.17143
phi2_conv300,1652,18979439000.0,19512565905.17143
phi2_conv300,1653,18979439000.0,19515954905.17143
phi2_conv300,1654,18979439000.0,19519343905.17143
phi2_conv300,1655,18979439000.0,19522732905.17143
phi2_conv300,1656,18979439000.0,19526121905.17143
phi2_conv300,1657,18979439000.0,19529510905.17143
phi2_conv300,1658,18979439000.0,19532899905.17143
phi2_conv300,1659,18979439000.0,19536288905.17143
phi2_conv300,1660,18979439000.0,19539677905.17143
phi2_conv300,1661,18979439000.0,19543066905.17143
phi2_conv300,1662,18979439000.0,19546455905.17143
phi2_conv300,1663,18979439000.0,19549844905.17143
phi2_conv300,1664,18979439000.0,19553117869.17143
phi2_conv300,1665,18979439000.0,19556390833.17143
phi2_conv300,1666,18979439000.0,19559663797.17143
phi2_conv300,1667,18979439000.0,19562936761.17143
phi2_conv300,1668,18979439000.0,19566209725.17143
phi2_conv300,1669,18979439000.0,19569482689.17143
phi2_conv300,1670,18979439000.0,19572755653.17143
phi2_conv300,1671,18979439000.0,19576028617.17143
phi2_conv300,1672,18979439000.0,19579301581.17143
phi2_conv300,1673,18979439000.0,19582574545.17143
phi2_conv300,1674,18979439000.0,19585847509.17143
phi2_conv300,1675,18979439000.0,19589120473.17143
phi2_conv300,1676,18979439000.0,19592393437.17143
phi2_conv300,1677,18979439000.0,19595666401.17143
phi2_conv300,1678,18979439000.0,19598939365.17143
phi2_conv300,1679,18979439000.0,19602212329.17143
phi2_conv300,1680,18979439000.0,19605485293.17143
phi2_conv300,1681,18979439000.0,19608758257.17143
phi2_conv300,1682,18979439000.0,19612031221.17143
phi2_conv300,1683,18979439000.0,19615304185.17143
phi2_conv300,1684,18979439000.0,19618577149.17143
phi2_conv300,1685,18979439000.0,19621850113.17143
phi2_conv300,1686,18979439000.0,19625123077.17143
phi2_conv300,1687,18979439000.0,19628396041.17143
phi2_conv300,1688,18979439000.0,19631669005.17143
phi2_conv300,1689,18979439000.0,19634941969.17143
phi2_conv300,1690,18979439000.0,19638214933.17143
phi2_conv300,1691,18979439000.0,19641487897.17143
phi2_conv300,1692,18979439000.0,19644760861.17143
phi2_conv300,1693,18979439000.0,19648033825.17143
phi2_conv300,1694,18979439000.0,19651306789.17143
phi2_conv300,1695,18979439000.0,19654579753.17143
phi2_conv300,1696,18979439000.0,19657852717.17143
phi2_conv300,1697,18979439000.0,19661125681.17143
phi2_conv300,1698,18979439000.0,19664398645.17143
phi2_conv300,1699,18979439000.0,19667671609.17143
phi2_conv300,1700,18979439000.0,19670944573.17143
phi2_conv300,1701,18979439000.0,19674217537.17143
phi2_conv300,1702,18979439000.0,19677490501.17143
phi2_conv300,1703,18979439000.0,19680763465.17143
phi2_conv300,1704,18979439000.0,19684036429.17143
phi2_conv300,1705,18979439000.0,19687309393.17143
phi2_conv300,1706,18979439000.0,19690582357.17143
phi2_conv300,1707,18979439000.0,19693855321.17143
phi2_conv300,1708,18979439000.0,19697128285.17143
phi2_conv300,1709,18979439000.0,19700401249.17143
phi2_conv300,1710,18979439000.0,19703674213.17143
phi2_conv300,1711,18979439000.0,19706947177.17143
phi2_conv300,1712,18979439000.0,19710220141.17143
phi2_conv300,1713,18979439000.0,19713493105.17143
phi2_conv300,1714,18979439000.0,19716766069.17143
phi2_conv300,1715,18979439000.0,19720039033.17143
phi2_conv300,1716,18979439000.0,19723311997.17143
phi2_conv300,1717,18979439000.0,19726584961.17143
phi2_conv300,1718,18979439000.0,19729857925.17143
phi2_conv300,1719,18979439000.0,19733130889.17143
phi2_conv300,1720,18979439000.0,19736403853.17143
phi2_conv300,1721,18979439000.0,19739676817.17143
phi2_conv300,1722,18979439000.0,19742949781.17143
phi2_conv300,1723,18979439000.0,19746222745.17143
phi2_conv300,1724,18979439000.0,19749495709.17143
phi2_conv300,1725,18979439000.0,19752768673.17143
phi2_conv300,1726,18979439000.0,19756041637.17143
phi2_conv300,1727,18979439000.0,19759314601.17143
phi2_conv300,1728,18979439000.0,19762587565.17143
phi2_conv300,1729,18979439000.0,19765860529.17143
phi2_conv300,1730,18979439000.0,19769133493.17143
phi2_conv300,1731,18979439000.0,19772406457.17143
phi2_conv300,1732,18979439000.0,19775679421.17143
phi2_conv300,1733,18979439000.0,19778952385.17143
phi2_conv300,1734,18979439000.0,19782258117.17143
phi2_conv300,1735,18979439000.0,19785563849.17143
phi2_conv300,1736,18979439000.0,19788869581.17143
phi2_conv300,1737,18979439000.0,19792175313.17143
phi2_conv300,1738,18979439000.0,19795481045.17143
phi2_conv300,1739,18979439000.0,19798786777.17143
phi2_conv300,1740,18979439000.0,19802092509.17143
phi2_conv300,1741,18979439000.0,19805398241.17143
phi2_conv300,1742,19913927000.0,19928761276.0
phi2_conv300,1743,19913927000.0,19931641024.0
phi2_conv300,1744,19913927000.0,19934520772.0
phi2_conv300,1745,19913927000.0,19937400520.0
phi2_conv300,1746,19913927000.0,19940280268.0
phi2_conv300,1747,19913927000.0,19943160016.0
phi2_conv300,1748,19913927000.0,19946039764.0
phi2_conv300,1749,19945197000.0,20030121259.514286
phi2_conv300,1750,19945197000.0,20116365443.028572
phi2_conv300,1751,19945197000.0,20205749210.54286
phi2_conv300,1752,19945197000.0,20297226034.057144
phi2_conv300,1753,19945197000.0,20391981705.57143
phi2_conv300,1754,19945197000.0,20488830433.085716
phi2_conv300,1755,19945197000.0,20588818744.600002
phi2_conv300,1756,19945197000.0,20677853367.57143
phi2_conv300,1757,19945197000.0,20681435903.57143
phi2_conv300,1758,19945197000.0,20684938243.57143
phi2_conv300,1759,19945197000.0,20688440583.57143
phi2_conv300,1760,19945197000.0,20691942923.57143
phi2_conv300,1761,19945197000.0,20695445263.57143
phi2_conv300,1762,19945197000.0,20698947603.57143
phi2_conv300,1763,19945197000.0,20702449943.57143
phi2_conv300,1764,19945197000.0,20705952283.57143
phi2_conv300,1765,19945197000.0,20709454623.57143
phi2_conv300,1766,19945197000.0,20712956963.57143
phi2_conv300,1767,19945197000.0,20716459303.57143
phi2_conv300,1768,19945197000.0,20719961643.57143
phi2_conv300,1769,19945197000.0,20723463983.57143
phi2_conv300,1770,19945197000.0,20726966323.57143
phi2_conv300,1771,19945197000.0,20730468663.57143
phi2_conv300,1772,19945197000.0,20733971003.57143
phi2_conv300,1773,19945197000.0,20737473343.57143
phi2_conv300,1774,19945197000.0,20740975683.57143
phi2_conv300,1775,19945197000.0,20744478023.57143
phi2_conv300,1776,19945197000.0,20747980363.57143
phi2_conv300,1777,19945197000.0,20751482703.57143
phi2_conv300,1778,19945197000.0,20754985043.57143
phi2_conv300,1779,19945197000.0,20758487383.57143
phi2_conv300,1780,19945197000.0,20761989723.57143
phi2_conv300,1781,19945197000.0,20765492063.57143
phi2_conv300,1782,19945197000.0,20768994403.57143
phi2_conv300,1783,19945197000.0,20772496743.57143
phi2_conv300,1784,19945197000.0,20775999083.57143
phi2_conv300,1785,19945197000.0,20779501423.57143
phi2_conv300,1786,19945197000.0,20783003763.57143
phi2_conv300,1787,19945197000.0,20786506103.57143
phi2_conv300,1788,19945197000.0,20790008443.57143
phi2_conv300,1789,19945197000.0,20793510783.57143
phi2_conv300,1790,19945197000.0,20797013123.57143
phi2_conv300,1791,19945197000.0,20800515463.57143
phi2_conv300,1792,19945197000.0,20804017803.57143
phi2_conv300,1793,19945197000.0,20807520143.57143
phi2_conv300,1794,19945197000.0,20811022483.57143
phi2_conv300,1795,19945197000.0,20814524823.57143
phi2_conv300,1796,19945197000.0,20818027163.57143
phi2_conv300,1797,19945197000.0,20821529503.57143
phi2_conv300,1798,19945197000.0,20825031843.57143
phi2_conv300,1799,19945197000.0,20828534183.57143
phi2_conv300,1800,19945197000.0,20832036523.57143
phi2_conv300,1801,19945197000.0,20835538863.57143
phi2_conv300,1802,19945197000.0,20839041203.57143
phi2_conv300,1803,19945197000.0,20842543543.57143
phi2_conv300,1804,19945197000.0,20846045883.57143
phi2_conv300,1805,19945197000.0,20849548223.57143
phi2_conv300,1806,19945197000.0,20853050563.57143
phi2_conv300,1807,19945197000.0,20856552903.57143
phi2_conv300,1808,19945197000.0,20860055243.57143
phi2_conv300,1809,19945197000.0,20863557583.57143
phi2_conv300,1810,19945197000.0,20867059923.57143
phi2_conv300,1811,19945197000.0,20870562263.57143
phi2_conv300,1812,19945197000.0,20874064603.57143
phi2_conv300,1813,19945197000.0,20877566943.57143
phi2_conv300,1814,19945197000.0,20881069283.57143
phi2_conv300,1815,19945197000.0,20884571623.57143
phi2_conv300,1816,19945197000.0,20888073963.57143
phi2_conv300,1817,19945197000.0,20891576303.57143
phi2_conv300,1818,20478941000.0,20921639598.028572
phi2_conv300,1819,20478941000.0,20925258998.028572
phi2_conv300,1820,20478941000.0,20928878398.028572
phi2_conv300,1821,20478941000.0,20932497798.028572
phi2_conv300,1822,20478941000.0,20936117198.028572
phi2_conv300,1823,20478941000.0,20939736598.028572
phi2_conv300,1824,20478941000.0,20943355998.028572
phi2_conv300,1825,20478941000.0,20946975398.028572
phi2_conv300,1826,20478941000.0,20950594798.028572
phi2_conv300,1827,20478941000.0,20954214198.028572
phi2_conv300,1828,20478941000.0,20957833598.028572
phi2_conv300,1829,20478941000.0,20961485766.028572
phi2_conv300,1830,20478941000.0,20964398282.028572
phi2_conv300,1831,20478941000.0,20967310798.028572
phi2_conv300,1832,20478941000.0,20970223314.028572
phi2_conv300,1833,20478941000.0,20973135830.028572
phi2_conv300,1834,20478941000.0,20976048346.028572
phi2_conv300,1835,20478941000.0,20978960862.028572
phi2_conv300,1836,20478941000.0,20981873378.028572
phi2_conv300,1837,20478941000.0,20984785894.028572
phi2_conv300,1838,20478941000.0,20987698410.028572
phi2_conv300,1839,20478941000.0,20990610926.028572
phi2_conv300,1840,20478941000.0,20993523442.028572
phi2_conv300,1841,20478941000.0,20996435958.028572
phi2_conv300,1842,20478941000.0,20999348474.028572
phi2_conv300,1843,20478941000.0,21002260990.028572
phi2_conv300,1844,20478941000.0,21005173506.028572
phi2_conv300,1845,20478941000.0,21008086022.028572
phi2_conv300,1846,20478941000.0,21010998538.028572
phi2_conv300,1847,20478941000.0,21013911054.028572
phi2_conv300,1848,20478941000.0,21016823570.028572
phi2_conv300,1849,20478941000.0,21019736086.028572
phi2_conv300,1850,20478941000.0,21022648602.028572
phi2_conv300,1851,20658353000.0,21053638946.971428
phi2_conv300,1852,20658353000.0,21056588650.971428
phi2_conv300,1853,20658353000.0,21059538354.971428
phi2_conv300,1854,20658353000.0,21062488058.971428
phi2_conv300,1855,20658353000.0,21065437762.971428
phi2_conv300,1856,20658353000.0,21068387466.971428
phi2_conv300,1857,20658353000.0,21071337170.971428
phi2_conv300,1858,20658353000.0,21074286874.971428
phi2_conv300,1859,20658353000.0,21077236578.971428
phi2_conv300,1860,20658353000.0,21080186282.971428
phi2_conv300,1861,20658353000.0,21083169266.971428
phi2_conv300,1862,20658353000.0,21086152250.971428
phi2_conv300,1863,20658353000.0,21089135234.971428
phi2_conv300,1864,20658353000.0,21092118218.971428
phi2_conv300,1865,20658353000.0,21095101202.971428
phi2_conv300,1866,20658353000.0,21098084186.971428
phi2_conv300,1867,20658353000.0,21101067170.971428
phi2_conv300,1868,20658353000.0,21104039402.971428
phi2_conv300,1869,20658353000.0,21107011634.971428
phi2_conv300,1870,20658353000.0,21109983866.971428
phi2_conv300,1871,20658353000.0,21112956098.971428
phi2_conv300,1872,20658353000.0,21115928330.971428
phi2_conv300,1873,20658353000.0,21118900562.971428
phi2_conv300,1874,20658353000.0,21121872794.971428
phi2_conv300,1875,20658353000.0,21124845026.971428
phi2_conv300,1876,20658353000.0,21127817258.971428
phi2_conv300,1877,20658353000.0,21130797682.971428
phi2_conv300,1878,20658353000.0,21133778106.971428
phi2_conv300,1879,20658353000.0,21136758530.971428
phi2_conv300,1880,20658353000.0,21139738954.971428
phi2_conv300,1881,20658353000.0,21142719378.971428
phi2_conv300,1882,20658353000.0,21145699802.971428
phi2_conv300,1883,20658353000.0,21148680226.971428
phi2_conv300,1884,20658353000.0,21151660650.971428
phi2_conv300,1885,20658353000.0,21154641074.971428
phi2_conv300,1886,20658353000.0,21157621498.971428
phi2_conv300,1887,20658353000.0,21160601922.971428
phi2_conv300,1888,20658353000.0,21163582346.971428
phi2_conv300,1889,20658353000.0,21166562770.971428
phi2_conv300,1890,20658353000.0,21169543194.971428
phi2_conv300,1891,20658353000.0,21172523618.971428
phi2_conv300,1892,20658353000.0,21175504042.971428
phi2_conv300,1893,20658353000.0,21178484466.971428
phi2_conv300,1894,20658353000.0,21181464890.971428
phi2_conv300,1895,20658353000.0,21184445314.971428
phi2_conv300,1896,20658353000.0,21187425738.971428
phi2_conv300,1897,20658353000.0,21190406162.971428
phi2_conv300,1898,20658353000.0,21193386586.971428
phi2_conv300,1899,20658353000.0,21196367010.971428
phi2_conv300,1900,20658353000.0,21199347434.971428
phi2_conv300,1901,20658353000.0,21202327858.971428
phi2_conv300,1902,20658353000.0,21205308282.971428
phi2_conv300,1903,20658353000.0,21208288706.971428
phi2_conv300,1904,20658353000.0,21211269130.971428
phi2_conv300,1905,20658353000.0,21214249554.971428
phi2_conv300,1906,20658353000.0,21217229978.971428
phi2_conv300,1907,20941916000.0,21222326324.971428
phi2_conv300,1908,20941916000.0,21225347214.971428
phi2_conv300,1909,20941916000.0,21228341480.971428
phi2_conv300,1910,20941916000.0,21231335746.971428
phi2_conv300,1911,20941916000.0,21234330012.971428
phi2_conv300,1912,20941916000.0,21237317110.971428
phi2_conv300,1913,20941916000.0,21240304208.971428
phi2_conv300,1914,20941916000.0,21243291306.971428
phi2_conv300,1915,20941916000.0,21246278404.971428
phi2_conv300,1916,20941916000.0,21249301854.971428
phi2_conv300,1917,20941916000.0,21252325304.971428
phi2_conv300,1918,20941916000.0,21255348754.971428
phi2_conv300,1919,20941916000.0,21258372204.971428
phi2_conv300,1920,20941916000.0,21261395654.971428
phi2_conv300,1921,20941916000.0,21264419104.971428
phi2_conv300,1922,20941916000.0,21267442554.971428
phi2_conv300,1923,20941916000.0,21270466004.971428
phi2_conv300,1924,20941916000.0,21273489454.971428
phi2_conv300,1925,20941916000.0,21276501640.971428
phi2_conv300,1926,20941916000.0,21279513826.971428
phi2_conv300,1927,20941916000.0,21282526012.971428
phi2_conv300,1928,20941916000.0,21285580182.971428
phi2_conv300,1929,20941916000.0,21288634352.971428
phi2_conv300,1930,20941916000.0,21291688522.971428
phi2_conv300,1931,20941916000.0,21294742692.971428
phi2_conv300,1932,20941916000.0,21297827582.971428
phi2_conv300,1933,20941916000.0,21300912472.971428
phi2_conv300,1934,20941916000.0,21303997362.971428
phi2_conv300,1935,20941916000.0,21307082252.971428
phi2_conv300,1936,20941916000.0,21310167142.971428
phi2_conv300,1937,20941916000.0,21313252032.971428
phi2_conv300,1938,20941916000.0,21316336922.971428
phi2_conv300,1939,20941916000.0,21319421812.971428
phi2_conv300,1940,20941916000.0,21322506702.971428
phi2_conv300,1941,20941916000.0,21325454358.971428
phi2_conv300,1942,20941916000.0,21328402014.971428
phi2_conv300,1943,20941916000.0,21331349670.971428
phi2_conv300,1944,20941916000.0,21334297326.971428
phi2_conv300,1945,20941916000.0,21337244982.971428
phi2_conv300,1946,20941916000.0,21340192638.971428
phi2_conv300,1947,20941916000.0,21343140294.971428
phi2_conv300,1948,20941916000.0,21346087950.971428
phi2_conv300,1949,20941916000.0,21349035606.971428
phi2_conv300,1950,20941916000.0,21351983262.971428
phi2_conv300,1951,20941916000.0,21354930918.971428
phi2_conv300,1952,20941916000.0,21357878574.971428
phi2_conv300,1953,20941916000.0,21360826230.971428
phi2_conv300,1954,20941916000.0,21363773886.971428
phi2_conv300,1955,20941916000.0,21366721542.971428
phi2_conv300,1956,20941916000.0,21369669198.971428
phi2_conv300,1957,20941916000.0,21372616854.971428
phi2_conv300,1958,20941916000.0,21375564510.971428
phi2_conv300,1959,20941916000.0,21378512166.971428
phi2_conv300,1960,20941916000.0,21381459822.971428
phi2_conv300,1961,20941916000.0,21384407478.971428
phi2_conv300,1962,20941916000.0,21387355134.971428
phi2_conv300,1963,20941916000.0,21390302790.971428
phi2_conv300,1964,20941916000.0,21393281678.971428
phi2_conv300,1965,20941916000.0,21396260566.971428
phi2_conv300,1966,20941916000.0,21399239454.971428
phi2_conv300,1967,20941916000.0,21402218342.971428
phi2_conv300,1968,20941916000.0,21405197230.971428
phi2_conv300,1969,20941916000.0,21408176118.971428
phi2_conv300,1970,20941916000.0,21411155006.971428
phi2_conv300,1971,20941916000.0,21414133894.971428
phi2_conv300,1972,20941916000.0,21417112782.971428
phi2_conv300,1973,20941916000.0,21420091670.971428
phi2_conv300,1974,20941916000.0,21423070558.971428
phi2_conv300,1975,20941916000.0,21426049446.971428
phi2_conv300,1976,20941916000.0,21429014510.971428
phi2_conv300,1977,20941916000.0,21431979574.971428
phi2_conv300,1978,20941916000.0,21434944638.971428
phi2_conv300,1979,20941916000.0,21437909702.971428
phi2_conv300,1980,20941916000.0,21440872718.971428
phi2_conv300,1981,20941916000.0,21443835734.971428
phi2_conv300,1982,20941916000.0,21446798750.971428
phi2_conv300,1983,20941916000.0,21449761766.971428
phi2_conv300,1984,20941916000.0,21452724782.971428
phi2_conv300,1985,20941916000.0,21455687798.971428
phi2_conv300,1986,20941916000.0,21458650814.971428
phi2_conv300,1987,20941916000.0,21461613830.971428
phi2_conv300,1988,20941916000.0,21464576846.971428
phi2_conv300,1989,20941916000.0,21467539862.971428
phi2_conv300,1990,20941916000.0,21470502878.971428
phi2_conv300,1991,20941916000.0,21473465894.971428
phi2_conv300,1992,20941916000.0,21476424814.971428
phi2_conv300,1993,21370065000.0,21509994010.742855
phi2_conv300,1994,21375087000.0,21575375785.714283
phi2_conv300,1995,21375087000.0,21578509333.714283
phi2_conv300,1996,21375087000.0,21581662337.714283
phi2_conv300,1997,21375087000.0,21584815341.714283
phi2_conv300,1998,21375087000.0,21587995481.714283
phi2_conv300,1999,21375087000.0,21591175621.714283
phi2_conv300,2000,21375087000.0,21594355761.714283
phi2_conv300,2001,21375087000.0,21597535901.714283
phi2_conv300,2002,21375087000.0,21600716041.714283
phi2_conv300,2003,21375087000.0,21603896181.714283
phi2_conv300,2004,21375087000.0,21607076321.714283
phi2_conv300,2005,21375087000.0,21610256461.714283
phi2_conv300,2006,21375087000.0,21613436601.714283
phi2_conv300,2007,21375087000.0,21616616741.714283
phi2_conv300,2008,21375087000.0,21619778961.714283
phi2_conv300,2009,21375087000.0,21622941181.714283
phi2_conv300,2010,21375087000.0,21626103401.714283
phi2_conv300,2011,21375087000.0,21629265621.714283
phi2_conv300,2012,21375087000.0,21632426305.714283
phi2_conv300,2013,21375087000.0,21635586989.714283
phi2_conv300,2014,21375087000.0,21638757913.714283
phi2_conv300,2015,21375087000.0,21641928837.714283
phi2_conv300,2016,21375087000.0,21645099761.714283
phi2_conv300,2017,21375087000.0,21648270685.714283
phi2_conv300,2018,21375087000.0,21651441609.714283
phi2_conv300,2019,21375087000.0,21654612533.714283
phi2_conv300,2020,21375087000.0,21657783457.714283
phi2_conv300,2021,21375087000.0,21660954381.714283
phi2_conv300,2022,21375087000.0,21664125305.714283
phi2_conv300,2023,21375087000.0,21667296229.714283
phi2_conv300,2024,21375087000.0,21670507089.714283
phi2_conv300,2025,21375087000.0,21673717949.714283
phi2_conv300,2026,21375087000.0,21676928809.714283
phi2_conv300,2027,21375087000.0,21680139669.714283
phi2_conv300,2028,21375087000.0,21683335681.714283
phi2_conv300,2029,21375087000.0,21686531693.714283
phi2_conv300,2030,21375087000.0,21689716441.714283
phi2_conv300,2031,21375087000.0,21692901189.714283
phi2_conv300,2032,21375087000.0,21696085937.714283
phi2_conv300,2033,21375087000.0,21699270685.714283
phi2_conv300,2034,21375087000.0,21702455433.714283
phi2_conv300,2035,21375087000.0,21705640181.714283
phi2_conv300,2036,21375087000.0,21708824929.714283
phi2_conv300,2037,21375087000.0,21712009677.714283
phi2_conv300,2038,21375087000.0,21715194425.714283
phi2_conv300,2039,21375087000.0,21718379173.714283
phi2_conv300,2040,21375087000.0,21721578257.714283
phi2_conv300,2041,21375087000.0,21724777341.714283
phi2_conv300,2042,21375087000.0,21727976425.714283
phi2_conv300,2043,21375087000.0,21731175509.714283
phi2_conv300,2044,21375087000.0,21734329537.714283
phi2_conv300,2045,21375087000.0,21737483565.714283
phi2_conv300,2046,21375087000.0,21740704153.714283
phi2_conv300,2047,21375087000.0,21743924741.714283
phi2_conv300,2048,21375087000.0,21747145329.714283
phi2_conv300,2049,21375087000.0,21750365917.714283
phi2_conv300,2050,21375087000.0,21753586505.714283
phi2_conv300,2051,21375087000.0,21756807093.714283
phi2_conv300,2052,21375087000.0,21760027681.714283
phi2_conv300,2053,21375087000.0,21763248269.714283
phi2_conv300,2054,21375087000.0,21766468857.714283
phi2_conv300,2055,21375087000.0,21769689445.714283
phi2_conv300,2056,21375087000.0,21772984785.714283
phi2_conv300,2057,21375087000.0,21776280125.714283
phi2_conv300,2058,21375087000.0,21779575465.714283
phi2_conv300,2059,21375087000.0,21782870805.714283
phi2_conv300,2060,21375087000.0,21786059649.714283
phi2_conv300,2061,21375087000.0,21789248493.714283
phi2_conv300,2062,21375087000.0,21792416857.714283
phi2_conv300,2063,21375087000.0,21795585221.714283
phi2_conv300,2064,21375087000.0,21798753585.714283
phi2_conv300,2065,21375087000.0,21801921949.714283
phi2_conv300,2066,21375087000.0,21805090313.714283
phi2_conv300,2067,21375087000.0,21808258677.714283
phi2_conv300,2068,21375087000.0,21811396815.714283
phi2_conv300,2069,21375087000.0,21814534953.714283
phi2_conv300,2070,21375087000.0,21817673091.714283
phi2_conv300,2071,21375087000.0,21820811229.714283
phi2_conv300,2072,21375087000.0,21823887927.714283
phi2_conv300,2073,21375087000.0,21826964625.714283
phi2_conv300,2074,21375087000.0,21830041323.714283
phi2_conv300,2075,21370065000.0,21833038131.714283
phi2_conv300,2076,21370065000.0,21836034939.714283
phi2_conv300,2077,21370065000.0,21839031747.714283
phi2_conv300,2078,21370065000.0,21842028555.714283
phi2_conv300,2079,21370065000.0,21845025363.714283
phi2_conv300,2080,21370065000.0,21848022171.714283
phi2_conv300,2081,21370065000.0,21851018979.714283
phi2_conv300,2082,21370065000.0,21854015787.714283
phi2_conv300,2083,21370065000.0,21857012595.714283
phi2_conv300,2084,21370065000.0,21860009403.714283
phi2_conv300,2085,21370065000.0,21863006211.714283
phi2_conv300,2086,21370065000.0,21866003019.714283
phi2_conv300,2087,21370065000.0,21868999827.714283
phi2_conv300,2088,21370065000.0,21871996635.714283
phi2_conv300,2089,21370065000.0,21874993443.714283
phi2_conv300,2090,21370065000.0,21877905959.714283
phi2_conv300,2091,21370065000.0,21880818475.714283
phi2_conv300,2092,21370065000.0,21883730991.714283
phi2_conv300,2093,21370065000.0,21886643507.714283
phi2_conv300,2094,21370065000.0,21889556023.714283
phi2_conv300,2095,21370065000.0,21892468539.714283
phi2_conv300,2096,21370065000.0,21895381055.714283
phi2_conv300,2097,21370065000.0,21898293571.714283
phi2_conv300,2098,21370065000.0,21901206087.714283
phi2_conv300,2099,21370065000.0,21904118603.714283
phi2_conv300,2100,21370065000.0,21907031119.714283
phi2_conv300,2101,21370065000.0,21909943635.714283
phi2_conv300,2102,21370065000.0,21912856151.714283
phi2_conv300,2103,21370065000.0,21915768667.714283
phi2_conv300,2104,21370065000.0,21918681183.714283
phi2_conv300,2105,21370065000.0,21921593699.714283
phi2_conv300,2106,21370065000.0,21924506215.714283
phi2_conv300,2107,21370065000.0,21927418731.714283
phi2_conv300,2108,21370065000.0,21930331247.714283
phi2_conv300,2109,21370065000.0,21933243763.714283
phi2_conv300,2110,21370065000.0,21936156279.714283
phi2_conv300,2111,21370065000.0,21939068795.714283
phi2_conv300,2112,21370065000.0,21941981311.714283
phi2_conv300,2113,21370065000.0,21944893827.714283
phi2_conv300,2114,21370065000.0,21947806343.714283
phi2_conv300,2115,21370065000.0,21950718859.714283
phi2_conv300,2116,21370065000.0,21953631375.714283
phi2_conv300,2117,21370065000.0,21956543891.714283
phi2_conv300,2118,21370065000.0,21959456407.714283
phi2_conv300,2119,21370065000.0,21962368923.714283
phi2_conv300,2120,21370065000.0,21965281439.714283
phi2_conv300,2121,21370065000.0,21968193955.714283
phi2_conv300,2122,21370065000.0,21971106471.714283
phi2_conv300,2123,21370065000.0,21974018987.714283
phi2_conv300,2124,21370065000.0,21976931503.714283
phi2_conv300,2125,21370065000.0,21979844019.714283
phi2_conv300,2126,21370065000.0,21982756535.714283
phi2_conv300,2127,21370065000.0,21985669051.714283
phi2_conv300,2128,21370065000.0,21988581567.714283
phi2_conv300,2129,21370065000.0,21991494083.714283
phi2_conv300,2130,21370065000.0,21994406599.714283
phi2_conv300,2131,21370065000.0,21997319115.714283
phi2_conv300,2132,21370065000.0,22000231631.714283
phi2_conv300,2133,21370065000.0,22003144147.714283
phi2_conv300,2134,21370065000.0,22006056663.714283
phi2_conv300,2135,21370065000.0,22008969179.714283
phi2_conv300,2136,21370065000.0,22011881695.714283
phi2_conv300,2137,21370065000.0,22014794211.714283
phi2_conv300,2138,21370065000.0,22017706727.714283
phi2_conv300,2139,21370065000.0,22020619243.714283
phi2_conv300,2140,21370065000.0,22023531759.714283
phi2_conv300,2141,21370065000.0,22026444275.714283
phi2_conv300,2142,21370065000.0,22029356791.714283
phi2_conv300,2143,21370065000.0,22032269307.714283
phi2_conv300,2144,21370065000.0,22035181823.714283
phi2_conv300,2145,21370065000.0,22038094339.714283
phi2_conv300,2146,21370065000.0,22041006855.714283
phi2_conv300,2147,21370065000.0,22043919371.714283
phi2_conv300,2148,21370065000.0,22046831887.714283
phi2_conv300,2149,21370065000.0,22049744403.714283
phi2_conv300,2150,21370065000.0,22052656919.714283
phi2_conv300,2151,21370065000.0,22055569435.714283
phi2_conv300,2152,21370065000.0,22058481951.714283
phi2_conv300,2153,21370065000.0,22061394467.714283
phi2_conv300,2154,21370065000.0,22064306983.714283
phi2_conv300,2155,21370065000.0,22067219499.714283
phi2_conv300,2156,21370065000.0,22070132015.714283
phi2_conv300,2157,21370065000.0,22073044531.714283
phi2_conv300,2158,21370065000.0,22075957047.714283
phi2_conv300,2159,21370065000.0,22078869563.714283
phi2_conv300,2160,21370065000.0,22081782079.714283
phi2_conv300,2161,21370065000.0,22084694595.714283
phi2_conv300,2162,21370065000.0,22087607111.714283
phi2_conv300,2163,21370065000.0,22090519627.714283
phi2_conv300,2164,21370065000.0,22093432143.714283
phi2_conv300,2165,21370065000.0,22096344659.714283
phi2_conv300,2166,21370065000.0,22099257175.714283
phi2_conv300,2167,21370065000.0,22102169691.714283
phi2_conv300,2168,21370065000.0,22105082207.714283
phi2_conv300,2169,21370065000.0,22107994723.714283
phi2_conv300,2170,21370065000.0,22110907239.714283
phi2_conv300,2171,21370065000.0,22113819755.714283
phi2_conv300,2172,21370065000.0,22116732271.714283
phi2_conv300,2173,21370065000.0,22119644787.714283
phi2_conv300,2174,21370065000.0,22122557303.714283
phi2_conv300,2175,21370065000.0,22125469819.714283
phi2_conv300,2176,21370065000.0,22128382335.714283
phi2_conv300,2177,21370065000.0,22131294851.714283
phi2_conv300,2178,21370065000.0,22134207367.714283
phi2_conv300,2179,21370065000.0,22137119883.714283
phi2_conv300,2180,21370065000.0,22140032399.714283
phi2_conv300,2181,21370065000.0,22142944915.714283
phi2_conv300,2182,21370065000.0,22145857431.714283
phi2_conv300,2183,21370065000.0,22148769947.714283
phi2_conv300,2184,21370065000.0,22151682463.714283
phi2_conv300,2185,21370065000.0,22154594979.714283
phi2_conv300,2186,21370065000.0,22157507495.714283
phi2_conv300,2187,21370065000.0,22160420011.714283
phi2_conv300,2188,21370065000.0,22163332527.714283
phi2_conv300,2189,21370065000.0,22166245043.714283
phi2_conv300,2190,21370065000.0,22169190327.714283
phi2_conv300,2191,21370065000.0,22172135611.714283
phi2_conv300,2192,21370065000.0,22175080895.714283
phi2_conv300,2193,21370065000.0,22178026179.714283
phi2_conv300,2194,21370065000.0,22180971463.714283
phi2_conv300,2195,21370065000.0,22183916747.714283
phi2_conv300,2196,21370065000.0,22186862031.714283
phi2_conv300,2197,21370065000.0,22189807315.714283
phi2_conv300,2198,21370065000.0,22192752599.714283
phi2_conv300,2199,21370065000.0,22195697883.714283
phi2_conv300,2200,21370065000.0,22198643167.714283
phi2_conv300,2201,21370065000.0,22201588451.714283
phi2_conv300,2202,21370065000.0,22204533735.714283
phi2_conv300,2203,21370065000.0,22207479019.714283
phi2_conv300,2204,21370065000.0,22210424303.714283
phi2_conv300,2205,21370065000.0,22213369587.714283
phi2_conv300,2206,21370065000.0,22216314871.714283
phi2_conv300,2207,21370065000.0,22219260155.714283
phi2_conv300,2208,21370065000.0,22222205439.714283
phi2_conv300,2209,21370065000.0,22225150723.714283
phi2_conv300,2210,22712872000.0,22733293284.0
phi2_conv300,2211,22712872000.0,22736173032.0
phi2_conv300,2212,22712872000.0,22739052780.0
phi2_conv300,2213,22712872000.0,22741932528.0
phi2_conv300,2214,22712872000.0,22744812276.0
phi2_conv300,2215,22712872000.0,22747692024.0
phi2_conv300,2216,22712872000.0,22750571772.0
phi2_conv300,2217,22712872000.0,22753451520.0
phi2_conv300,2218,22712872000.0,22756331268.0
phi2_conv300,2219,22712872000.0,22759211016.0
phi2_conv300,2220,22712872000.0,22762090764.0
phi2_conv300,2221,22712872000.0,22764970512.0
phi2_conv300,2222,22712872000.0,22767850260.0
phi2_conv300,2223,22712872000.0,22770730008.0
phi2_conv300,2224,22712872000.0,22773609756.0
phi2_conv300,2225,22712872000.0,22776489504.0
phi2_conv300,2226,22712872000.0,22779369252.0
phi2_conv300,2227,22712872000.0,22782249000.0
phi2_conv300,2228,22712872000.0,22785128748.0
phi2_conv300,2229,22712872000.0,22788008496.0
phi2_conv300,2230,22712872000.0,22790888244.0
phi2_conv300,2231,22712872000.0,22793767992.0
phi2_conv300,2232,22712872000.0,22796647740.0
phi2_conv300,2233,22712872000.0,22799527488.0
phi2_conv300,2234,22712872000.0,22802407236.0
phi2_conv300,2235,22712872000.0,22805286984.0
phi2_conv300,2236,22712872000.0,22808166732.0
phi2_conv300,2237,22712872000.0,22811046480.0
phi2_conv300,2238,22712872000.0,22813926228.0
phi2_conv300,2239,22712872000.0,22816805976.0
phi2_conv300,2240,22712872000.0,22819685724.0
phi2_conv300,2241,22712872000.0,22822565472.0
phi2_conv300,2242,22712872000.0,22825445220.0
phi2_conv300,2243,22712872000.0,22828324968.0
phi2_conv300,2244,22712872000.0,22831204716.0
phi2_conv300,2245,22712872000.0,22834084464.0
phi2_conv300,2246,22712872000.0,22836964212.0
phi2_conv300,2247,22712872000.0,22839843960.0
phi2_conv300,2248,22712872000.0,22842723708.0
phi2_conv300,2249,22712872000.0,22845603456.0
phi2_conv300,2250,22712872000.0,22848483204.0
phi2_conv300,2251,22712872000.0,22851362952.0
phi2_conv300,2252,22712872000.0,22854242700.0
phi2_conv300,2253,22712872000.0,22857122448.0
phi2_conv300,2254,22712872000.0,22860002196.0
phi2_conv300,2255,22712872000.0,22862881944.0
phi2_conv300,2256,22712872000.0,22865761692.0
phi2_conv300,2257,22712872000.0,22868641440.0
phi2_conv300,2258,22712872000.0,22871521188.0
phi2_conv300,2259,22712872000.0,22874400936.0
phi2_conv300,2260,22712872000.0,22877280684.0
phi2_conv300,2261,22712872000.0,22880160432.0
phi2_conv300,2262,22712872000.0,22883040180.0
phi2_conv300,2263,22712872000.0,22885919928.0
phi2_conv300,2264,22712872000.0,22888799676.0
phi2_conv300,2265,22712872000.0,22891679424.0
phi2_conv300,2266,22712872000.0,22894559172.0
phi2_conv300,2267,22712872000.0,22897438920.0
phi2_conv300,2268,22994856000.0,23029188116.0
phi2_conv300,2269,22994856000.0,23032201308.0
phi2_conv300,2270,22994856000.0,23035214500.0
phi2_conv300,2271,22994856000.0,23038227692.0
phi2_conv300,2272,22994856000.0,23041240884.0
phi2_conv300,2273,22994856000.0,23044254076.0
phi2_conv300,2274,22994856000.0,23047267268.0
phi2_conv300,2275,22994856000.0,23050280460.0
phi2_conv300,2276,22994856000.0,23053277268.0
phi2_conv300,2277,22994856000.0,23056274076.0
phi2_conv300,2278,22994856000.0,23059270884.0
phi2_conv300,2279,22994856000.0,23062267692.0
phi2_conv300,2280,22994856000.0,23065264500.0
phi2_conv300,2281,22994856000.0,23068261308.0
phi2_conv300,2282,22994856000.0,23071258116.0
phi2_conv300,2283,22994856000.0,23074236492.0
phi2_conv300,2284,22994856000.0,23077214868.0
phi2_conv300,2285,22994856000.0,23080193244.0
phi2_conv300,2286,22994856000.0,23083171620.0
phi2_conv300,2287,22994856000.0,23086149996.0
phi2_conv300,2288,22994856000.0,23089128372.0
phi2_conv300,2289,22994856000.0,23092106748.0
phi2_conv300,2290,22994856000.0,23095085124.0
phi2_conv300,2291,22994856000.0,23098063500.0
phi2_conv300,2292,22994856000.0,23101061332.0
phi2_conv300,2293,22994856000.0,23104059164.0
phi2_conv300,2294,22994856000.0,23107056996.0
phi2_conv300,2295,22994856000.0,23110054828.0
phi2_conv300,2296,22994856000.0,23113052660.0
phi2_conv300,2297,22994856000.0,23116050492.0
phi2_conv300,2298,22994856000.0,23119048324.0
phi2_conv300,2299,22994856000.0,23122046156.0
phi2_conv300,2300,22994856000.0,23125043988.0
phi2_conv300,2301,22994856000.0,23128041820.0
phi2_conv300,2302,22994856000.0,23131039652.0
phi2_conv300,2303,22994856000.0,23134037484.0
phi2_conv300,2304,22994856000.0,23137035316.0
phi2_conv300,2305,22994856000.0,23140033148.0
phi2_conv300,2306,22994856000.0,23143030980.0
phi2_conv300,2307,22994856000.0,23146028812.0
phi2_conv300,2308,22994856000.0,23149043028.0
phi2_conv300,2309,22994856000.0,23152057244.0
phi2_conv300,2310,22994856000.0,23155071460.0
phi2_conv300,2311,22994856000.0,23158085676.0
phi2_conv300,2312,22994856000.0,23161099892.0
phi2_conv300,2313,22994856000.0,23164114108.0
phi2_conv300,2314,22994856000.0,23167128324.0
phi2_conv300,2315,22994856000.0,23170172236.0
phi2_conv300,2316,22994856000.0,23173216148.0
phi2_conv300,2317,22994856000.0,23176260060.0
phi2_conv300,2318,22994856000.0,23179303972.0
phi2_conv300,2319,22994856000.0,23182347884.0
phi2_conv300,2320,22994856000.0,23185391796.0
phi2_conv300,2321,22994856000.0,23188435708.0
phi2_conv300,2322,22994856000.0,23191479620.0
phi2_conv300,2323,22994856000.0,23194523532.0
phi2_conv300,2324,22994856000.0,23197503956.0
phi2_conv300,2325,22994856000.0,23200484380.0
phi2_conv300,2326,22994856000.0,23203464804.0
phi2_conv300,2327,22994856000.0,23206445228.0
phi2_conv300,2328,22994856000.0,23209425652.0
phi2_conv300,2329,22994856000.0,23212406076.0
phi2_conv300,2330,22994856000.0,23215386500.0
phi2_conv300,2331,22994856000.0,23218366924.0
phi2_conv300,2332,22994856000.0,23221347348.0
phi2_conv300,2333,22994856000.0,23224327772.0
phi2_conv300,2334,22994856000.0,23227308196.0
phi2_conv300,2335,22994856000.0,23230288620.0
phi2_conv300,2336,22994856000.0,23233269044.0
phi2_conv300,2337,22994856000.0,23236249468.0
phi2_conv300,2338,22994856000.0,23239229892.0
phi2_conv300,2339,22994856000.0,23242210316.0
phi2_conv300,2340,22994856000.0,23245208148.0
phi2_conv300,2341,22994856000.0,23248205980.0
phi2_conv300,2342,23371403000.0,23406117078.114285
phi2_conv300,2343,23371403000.0,23409169712.114285
phi2_conv300,2344,23371403000.0,23412222346.114285
phi2_conv300,2345,23371403000.0,23415274980.114285
phi2_conv300,2346,23371403000.0,23418327614.114285
phi2_conv300,2347,23371403000.0,23421441176.114285
phi2_conv300,2348,23371403000.0,23424554738.114285
phi2_conv300,2349,23371403000.0,23427668300.114285
phi2_conv300,2350,23371403000.0,23430781862.114285
phi2_conv300,2351,23371403000.0,23433895424.114285
phi2_conv300,2352,23371403000.0,23437008986.114285
phi2_conv300,2353,23371403000.0,23440122548.114285
phi2_conv300,2354,23371403000.0,23443236110.114285
phi2_conv300,2355,23371403000.0,23446349672.114285
phi2_conv300,2356,23371403000.0,23449409474.114285
phi2_conv300,2357,23371403000.0,23452497948.114285
phi2_conv300,2358,23371403000.0,23455586422.114285
phi2_conv300,2359,23371403000.0,23458674896.114285
phi2_conv300,2360,23371403000.0,23461763370.114285
phi2_conv300,2361,23371403000.0,23464851844.114285
phi2_conv300,2362,23371403000.0,23467940318.114285
phi2_conv300,2363,23371403000.0,23470998072.114285
phi2_conv300,2364,23371403000.0,23474055826.114285
phi2_conv300,2365,23371403000.0,23477113580.114285
phi2_conv300,2366,23371403000.0,23480171334.114285
phi2_conv300,2367,23371403000.0,23483229088.114285
phi2_conv300,2368,23371403000.0,23486286842.114285
phi2_conv300,2369,23371403000.0,23489344596.114285
phi2_conv300,2370,23371403000.0,23492402350.114285
phi2_conv300,2371,23371403000.0,23495460104.114285
phi2_conv300,2372,23371403000.0,23498597730.114285
phi2_conv300,2373,23371403000.0,23501687740.114285
phi2_conv300,2374,23371403000.0,23504777750.114285
phi2_conv300,2375,23371403000.0,23507867760.114285
phi2_conv300,2376,23371403000.0,23510957770.114285
phi2_conv300,2377,23371403000.0,23514047780.114285
phi2_conv300,2378,23371403000.0,23517137790.114285
phi2_conv300,2379,23371403000.0,23520262104.114285
phi2_conv300,2380,23371403000.0,23523386418.114285
phi2_conv300,2381,23371403000.0,23526510732.114285
phi2_conv300,2382,23371403000.0,23529523924.114285
phi2_conv300,2383,23371403000.0,23532537116.114285
phi2_conv300,2384,23371403000.0,23535550308.114285
phi2_conv300,2385,23371403000.0,23538563500.114285
phi2_conv300,2386,23371403000.0,23541576692.114285
phi2_conv300,2387,23371403000.0,23544589884.114285
phi2_conv300,2388,23371403000.0,23547603076.114285
phi2_conv300,2389,23371403000.0,23550616268.114285
phi2_conv300,2390,23371403000.0,23553629460.114285
phi2_conv300,2391,23371403000.0,23556642652.114285
phi2_conv300,2392,23371403000.0,23559655844.114285
phi2_conv300,2393,23371403000.0,23562669036.114285
phi2_conv300,2394,23371403000.0,23565682228.114285
phi2_conv300,2395,23371403000.0,23568703612.114285
phi2_conv300,2396,23371403000.0,23571724996.114285
phi2_conv300,2397,23371403000.0,23574746380.114285
phi2_conv300,2398,23371403000.0,23577767764.114285
phi2_conv300,2399,23371403000.0,23580789148.114285
phi2_conv300,2400,23371403000.0,23583810532.114285
phi2_conv300,2401,23371403000.0,23586831916.114285
phi2_conv300,2402,23371403000.0,23589853300.114285
phi2_conv300,2403,23371403000.0,23592874684.114285
phi2_conv300,2404,23371403000.0,23595896068.114285
phi2_conv300,2405,23371403000.0,23598907212.114285
phi2_conv300,2406,23371403000.0,23601918356.114285
phi2_conv300,2407,23371403000.0,23604929500.114285
phi2_conv300,2408,23371403000.0,23607940644.114285
phi2_conv300,2409,23371403000.0,23610951788.114285
phi2_conv300,2410,23371403000.0,23613962932.114285
phi2_conv300,2411,23371403000.0,23617015036.114285
phi2_conv300,2412,23371403000.0,23620067140.114285
phi2_conv300,2413,23371403000.0,23623119244.114285
phi2_conv300,2414,23371403000.0,23626171348.114285
phi2_conv300,2415,23371403000.0,23629223452.114285
phi2_conv300,2416,23371403000.0,23632275556.114285
phi2_conv300,2417,23371403000.0,23635327660.114285
phi2_conv300,2418,23371403000.0,23638379764.114285
phi2_conv300,2419,23371403000.0,23641431868.114285
phi2_conv300,2420,23371403000.0,23644483972.114285
phi2_conv300,2421,23371403000.0,23647488972.114285
phi2_conv300,2422,23371403000.0,23650493972.114285
phi2_conv300,2423,23371403000.0,23653498972.114285
phi2_conv300,2424,23371403000.0,23656503972.114285
phi2_conv300,2425,23371403000.0,23659508972.114285
phi2_conv300,2426,23371403000.0,23662513972.114285
phi2_conv300,2427,23371403000.0,23665534844.114285
phi2_conv300,2428,23371403000.0,23668555716.114285
phi2_conv300,2429,23371403000.0,23671576588.114285
phi2_conv300,2430,23371403000.0,23674597460.114285
phi2_conv300,2431,23371403000.0,23677618332.114285
phi2_conv300,2432,23371403000.0,23680639204.114285
phi2_conv300,2433,23371403000.0,23683660076.114285
phi2_conv300,2434,23371403000.0,23686680948.114285
phi2_conv300,2435,23371403000.0,23689701820.114285
phi2_conv300,2436,23371403000.0,23692722692.114285
phi2_conv300,2437,23371403000.0,23695748684.114285
phi2_conv300,2438,23371403000.0,23698774676.114285
phi2_conv300,2439,23371403000.0,23701800668.114285
phi2_conv300,2440,23371403000.0,23704826660.114285
phi2_conv300,2441,23371403000.0,23707852652.114285
phi2_conv300,2442,23371403000.0,23710878644.114285
phi2_conv300,2443,23371403000.0,23713953276.114285
phi2_conv300,2444,23371403000.0,23717027908.114285
phi2_conv300,2445,23371403000.0,23720102540.114285
phi2_conv300,2446,23371403000.0,23723177172.114285
phi2_conv300,2447,23371403000.0,23726251804.114285
phi2_conv300,2448,23371403000.0,23729326436.114285
phi2_conv300,2449,23371403000.0,23732238952.114285
phi2_conv300,2450,23371403000.0,23735151468.114285
phi2_conv300,2451,23371403000.0,23738063984.114285
phi2_conv300,2452,23371403000.0,23740976500.114285
phi2_conv300,2453,23371403000.0,23743889016.114285
phi2_conv300,2454,23371403000.0,23746801532.114285
phi2_conv300,2455,23371403000.0,23749714048.114285
phi2_conv300,2456,23371403000.0,23752626564.114285
phi2_conv300,2457,23371403000.0,23755539080.114285
phi2_conv300,2458,23371403000.0,23758451596.114285
phi2_conv300,2459,23371403000.0,23761364112.114285
phi2_conv300,2460,23371403000.0,23764276628.114285
phi2_conv300,2461,23371403000.0,23767189144.114285
phi2_conv300,2462,23371403000.0,23770101660.114285
phi2_conv300,2463,23371403000.0,23773014176.114285
phi2_conv300,2464,23371403000.0,23775926692.114285
phi2_conv300,2465,23371403000.0,23778839208.114285
phi2_conv300,2466,23371403000.0,23781751724.114285
phi2_conv300,2467,23371403000.0,23784664240.114285
phi2_conv300,2468,23371403000.0,23787576756.114285
phi2_conv300,2469,23371403000.0,23790489272.114285
phi2_conv300,2470,23371403000.0,23793401788.114285
phi2_conv300,2471,23371403000.0,23796314304.114285
phi2_conv300,2472,23371403000.0,23799226820.114285
phi2_conv300,2473,23371403000.0,23802139336.114285
phi2_conv300,2474,23371403000.0,23805051852.114285
phi2_conv300,2475,23371403000.0,23807964368.114285
phi2_conv300,2476,23371403000.0,23810876884.114285
phi2_conv300,2477,23371403000.0,23813789400.114285
phi2_conv300,2478,23371403000.0,23816701916.114285
phi2_conv300,2479,23371403000.0,23819614432.114285
phi2_conv300,2480,23371403000.0,23822526948.114285
phi2_conv300,2481,23371403000.0,23825439464.114285
phi2_conv300,2482,23371403000.0,23828351980.114285
phi2_conv300,2483,23371403000.0,23831264496.114285
phi2_conv300,2484,23371403000.0,23834177012.114285
phi2_conv300,2485,23371403000.0,23837089528.114285
phi2_conv300,2486,23371403000.0,23840002044.114285
phi2_conv300,2487,23371403000.0,23842914560.114285
phi2_conv300,2488,23371403000.0,23845827076.114285
phi2_conv300,2489,23371403000.0,23848739592.114285
phi2_conv300,2490,23371403000.0,23851652108.114285
phi2_conv300,2491,23371403000.0,23854564624.114285
phi2_conv300,2492,23371403000.0,23857477140.114285
phi2_conv300,2493,23371403000.0,23860389656.114285
phi2_conv300,2494,23371403000.0,23863302172.114285
phi2_conv300,2495,24146296000.0,24151302408.0
phi2_conv300,2496,24146296000.0,24154250064.0
phi2_conv300,2497,24146296000.0,24157197720.0
phi2_conv300,2498,24146296000.0,24160145376.0
phi2_conv300,2499,24146296000.0,24163099176.0
phi2_conv300,2500,24146296000.0,24166052976.0
phi2_conv300,2501,24146296000.0,24169033400.0
phi2_conv300,2502,24146296000.0,24172013824.0
phi2_conv300,2503,24146296000.0,24174994248.0
phi2_conv300,2504,24146296000.0,24177974672.0
phi2_conv300,2505,24146296000.0,24180955096.0
phi2_conv300,2506,24146296000.0,24183935520.0
phi2_conv300,2507,24146296000.0,24186915944.0
phi2_conv300,2508,24146296000.0,24189896368.0
phi2_conv300,2509,24146296000.0,24192876792.0
phi2_conv300,2510,24146296000.0,24195857216.0
phi2_conv300,2511,24146296000.0,24198837640.0
phi2_conv300,2512,24146296000.0,24201818064.0
phi2_conv300,2513,24146296000.0,24204798488.0
phi2_conv300,2514,24146296000.0,24207778912.0
phi2_conv300,2515,24146296000.0,24210733736.0
phi2_conv300,2516,24146296000.0,24213688560.0
phi2_conv300,2517,24146296000.0,24216706872.0
phi2_conv300,2518,24146296000.0,24219725184.0
phi2_conv300,2519,24146296000.0,24222743496.0
phi2_conv300,2520,24146296000.0,24225761808.0
phi2_conv300,2521,24146296000.0,24228780120.0
phi2_conv300,2522,24146296000.0,24231798432.0
phi2_conv300,2523,24146296000.0,24234678180.0
phi2_conv300,2524,24146296000.0,24237557928.0
phi2_conv300,2525,24146296000.0,24240437676.0
phi2_conv300,2526,24146296000.0,24243317424.0
phi2_conv300,2527,24146296000.0,24246197172.0
phi2_conv300,2528,24146296000.0,24249076920.0
phi2_conv300,2529,24146296000.0,24251956668.0
phi2_conv300,2530,24146296000.0,24254836416.0
phi2_conv300,2531,24146296000.0,24257716164.0
phi2_conv300,2532,24146296000.0,24260595912.0
phi2_conv300,2533,24146296000.0,24263475660.0
phi2_conv300,2534,24146296000.0,24266355408.0
phi2_conv300,2535,24146296000.0,24269235156.0
phi2_conv300,2536,24146296000.0,24272114904.0
phi2_conv300,2537,24146296000.0,24274994652.0
phi2_conv300,2538,24146296000.0,24277874400.0
phi2_conv300,2539,24146296000.0,24280754148.0
phi2_conv300,2540,24146296000.0,24283633896.0
phi2_conv300,2541,24146296000.0,24286513644.0
phi2_conv300,2542,24146296000.0,24289393392.0
phi2_conv300,2543,24146296000.0,24292273140.0
phi2_conv300,2544,24146296000.0,24295152888.0
phi2_conv300,2545,24146296000.0,24298032636.0
phi2_conv300,2546,24146296000.0,24300912384.0
phi2_conv300,2547,24146296000.0,24303792132.0
phi2_conv300,2548,24146296000.0,24306671880.0
phi2_conv300,2549,24146296000.0,24309551628.0
phi2_conv300,2550,24146296000.0,24312431376.0
phi2_conv300,2551,24146296000.0,24315311124.0
phi2_conv300,2552,24146296000.0,24318190872.0
phi2_conv300,2553,24146296000.0,24321070620.0
phi2_conv300,2554,24146296000.0,24323950368.0
phi2_conv300,2555,24146296000.0,24326830116.0
phi2_conv300,2556,24146296000.0,24329709864.0
phi2_conv300,2557,24146296000.0,24332589612.0
phi2_conv300,2558,24146296000.0,24335469360.0
phi2_conv300,2559,24146296000.0,24338349108.0
phi2_conv300,2560,24146296000.0,24341228856.0
phi2_conv300,2561,24146296000.0,24344108604.0
phi2_conv300,2562,24146296000.0,24346988352.0
phi2_conv300,2563,24146296000.0,24349868100.0
phi2_conv300,2564,24146296000.0,24352747848.0
phi2_conv300,2565,24146296000.0,24355627596.0
phi2_conv300,2566,24146296000.0,24358507344.0
phi2_conv300,2567,24146296000.0,24361387092.0
phi2_conv300,2568,24146296000.0,24364266840.0
phi2_conv300,2569,24146296000.0,24367146588.0
phi2_conv300,2570,24146296000.0,24370026336.0
phi2_conv300,2571,24146296000.0,24372906084.0
phi2_conv300,2572,24146296000.0,24375785832.0
phi2_conv300,2573,24146296000.0,24378665580.0
phi2_conv300,2574,24146296000.0,24381545328.0
phi2_conv300,2575,24146296000.0,24384425076.0
phi2_conv300,2576,24146296000.0,24387304824.0
phi2_conv300,2577,24146296000.0,24390184572.0
phi2_conv300,2578,24146296000.0,24393064320.0
phi2_conv300,2579,24146296000.0,24395944068.0
phi2_conv300,2580,24146296000.0,24398823816.0
phi2_conv300,2581,24146296000.0,24401703564.0
phi2_conv300,2582,24146296000.0,24404583312.0
phi2_conv300,2583,24146296000.0,24407463060.0
phi2_conv300,2584,24146296000.0,24410342808.0
phi2_conv300,2585,24146296000.0,24413222556.0
phi2_conv300,2586,24146296000.0,24416102304.0
phi2_conv300,2587,24146296000.0,24418982052.0
phi2_conv300,2588,24146296000.0,24421861800.0
phi2_conv300,2589,24146296000.0,24424741548.0
phi2_conv300,2590,24146296000.0,24427621296.0
phi2_conv300,2591,24146296000.0,24430501044.0
phi2_conv300,2592,24146296000.0,24433380792.0
phi2_conv300,2593,24146296000.0,24436260540.0
phi2_conv300,2594,24146296000.0,24439140288.0
phi2_conv300,2595,24146296000.0,24442020036.0
phi2_conv300,2596,24146296000.0,24444899784.0
phi2_conv300,2597,24146296000.0,24447779532.0
phi2_conv300,2598,24146296000.0,24450659280.0
phi2_conv300,2599,24146296000.0,24453539028.0
phi2_conv300,2600,24146296000.0,24456418776.0
phi2_conv300,2601,24146296000.0,24459298524.0
phi2_conv300,2602,24146296000.0,24462178272.0
phi2_conv300,2603,24146296000.0,24465058020.0
phi2_conv300,2604,24146296000.0,24467937768.0
phi2_conv300,2605,24146296000.0,24470817516.0
phi2_conv300,2606,24146296000.0,24473697264.0
phi2_conv300,2607,24146296000.0,24476577012.0
phi2_conv300,2608,24146296000.0,24479456760.0
phi2_conv300,2609,24146296000.0,24482336508.0
phi2_conv300,2610,24146296000.0,24485216256.0
phi2_conv300,2611,24146296000.0,24488096004.0
phi2_conv300,2612,24146296000.0,24490975752.0
phi2_conv300,2613,24146296000.0,24493855500.0
phi2_conv300,2614,24146296000.0,24496735248.0
phi2_conv300,2615,24146296000.0,24499614996.0
phi2_conv300,2616,24146296000.0,24502494744.0
phi2_conv300,2617,24146296000.0,24505374492.0
phi2_conv300,2618,24146296000.0,24508254240.0
phi2_conv300,2619,24146296000.0,24511133988.0
phi2_conv300,2620,24146296000.0,24514013736.0
phi2_conv300,2621,24146296000.0,24516893484.0
phi2_conv300,2622,24768385000.0,24840454745.057144
phi2_conv300,2623,24768385000.0,24843476129.057144
phi2_conv300,2624,24768385000.0,24846497513.057144
phi2_conv300,2625,24768385000.0,24849518897.057144
phi2_conv300,2626,24768385000.0,24852540281.057144
phi2_conv300,2627,24768385000.0,24855577537.057144
phi2_conv300,2628,24768385000.0,24858614793.057144
phi2_conv300,2629,24768385000.0,24861652049.057144
phi2_conv300,2630,24768385000.0,24864689305.057144
phi2_conv300,2631,24768385000.0,24867726561.057144
phi2_conv300,2632,24768385000.0,24870763817.057144
phi2_conv300,2633,24768385000.0,24873806705.057144
phi2_conv300,2634,24768385000.0,24876849593.057144
phi2_conv300,2635,24768385000.0,24879892481.057144
phi2_conv300,2636,24768385000.0,24882935369.057144
phi2_conv300,2637,24768385000.0,24885978257.057144
phi2_conv300,2638,24768385000.0,24889021145.057144
phi2_conv300,2639,24768385000.0,24892064033.057144
phi2_conv300,2640,24768385000.0,24895106921.057144
phi2_conv300,2641,24768385000.0,24898149809.057144
phi2_conv300,2642,24768385000.0,24901192697.057144
phi2_conv300,2643,24768385000.0,24904243777.057144
phi2_conv300,2644,24768385000.0,24907294857.057144
phi2_conv300,2645,24894961000.0,24937065777.628574
phi2_conv300,2646,24894961000.0,24940205963.628574
phi2_conv300,2647,24894961000.0,24943346149.628574
phi2_conv300,2648,24894961000.0,24946486335.628574
phi2_conv300,2649,24894961000.0,24949601945.628574
phi2_conv300,2650,24894961000.0,24952717555.628574
phi2_conv300,2651,24894961000.0,24955833165.628574
phi2_conv300,2652,24894961000.0,24958948775.628574
phi2_conv300,2653,24894961000.0,24962064385.628574
phi2_conv300,2654,24894961000.0,24965179995.628574
phi2_conv300,2655,24894961000.0,24968295605.628574
phi2_conv300,2656,24894961000.0,24971398415.628574
phi2_conv300,2657,24894961000.0,24974501225.628574
phi2_conv300,2658,24894961000.0,24977604035.628574
phi2_conv300,2659,24894961000.0,24980686877.628574
phi2_conv300,2660,24894961000.0,24983769719.628574
phi2_conv300,2661,24894961000.0,24986852561.628574
phi2_conv300,2662,24894961000.0,24989935403.628574
phi2_conv300,2663,24894961000.0,24993018245.628574
phi2_conv300,2664,24894961000.0,24996101087.628574
phi2_conv300,2665,24894961000.0,24999193657.628574
phi2_conv300,2666,24894961000.0,25002286227.628574
phi2_conv300,2667,24894961000.0,25005378797.628574
phi2_conv300,2668,24894961000.0,25008471367.628574
phi2_conv300,2669,24894961000.0,25011563937.628574
phi2_conv300,2670,24894961000.0,25014628329.628574
phi2_conv300,2671,24894961000.0,25017692721.628574
phi2_conv300,2672,24894961000.0,25020710521.628574
phi2_conv300,2673,24894961000.0,25023728321.628574
phi2_conv300,2674,24894961000.0,25026746121.628574
phi2_conv300,2675,24894961000.0,25029763921.628574
phi2_conv300,2676,24894961000.0,25032781721.628574
phi2_conv300,2677,24894961000.0,25035799521.628574
phi2_conv300,2678,24894961000.0,25038817321.628574
phi2_conv300,2679,24894961000.0,25041835121.628574
phi2_conv300,2680,24894961000.0,25044852921.628574
phi2_conv300,2681,25081422000.0,25115138139.771427
phi2_conv300,2682,25081422000.0,25118265013.771427
phi2_conv300,2683,25081422000.0,25121391887.771427
phi2_conv300,2684,25081422000.0,25124518761.771427
phi2_conv300,2685,25081422000.0,25127645635.771427
phi2_conv300,2686,25081422000.0,25130695197.771427
phi2_conv300,2687,25081422000.0,25133744759.771427
phi2_conv300,2688,25081422000.0,25136824017.771427
phi2_conv300,2689,25081422000.0,25139903275.771427
phi2_conv300,2690,25081422000.0,25142982533.771427
phi2_conv300,2691,25081422000.0,25146061791.771427
phi2_conv300,2692,25081422000.0,25149141049.771427
phi2_conv300,2693,25081422000.0,25152220307.771427
phi2_conv300,2694,25081422000.0,25155299565.771427
phi2_conv300,2695,25081422000.0,25158378823.771427
phi2_conv300,2696,25081422000.0,25161458081.771427
phi2_conv300,2697,25081422000.0,25164570619.771427
phi2_conv300,2698,25081422000.0,25167683157.771427
phi2_conv300,2699,25081422000.0,25170795695.771427
phi2_conv300,2700,25081422000.0,25173908233.771427
phi2_conv300,2701,25081422000.0,25177020771.771427
phi2_conv300,2702,25081422000.0,25180116413.771427
phi2_conv300,2703,25081422000.0,25183212055.771427
phi2_conv300,2704,25081422000.0,25186289777.771427
phi2_conv300,2705,25081422000.0,25189367499.771427
phi2_conv300,2706,25081422000.0,25192445221.771427
phi2_conv300,2707,25081422000.0,25195522943.771427
phi2_conv300,2708,25081422000.0,25198600665.771427
phi2_conv300,2709,25223379000.0,25256859642.657143
phi2_conv300,2710,25223379000.0,25259922004.657143
phi2_conv300,2711,25223379000.0,25262984366.657143
phi2_conv300,2712,25223379000.0,25266046728.657143
phi2_conv300,2713,25249840000.0,25350217620.971428
phi2_conv300,2714,25249840000.0,25436588065.285713
phi2_conv300,2715,25249840000.0,25526155437.6
phi2_conv300,2716,25249840000.0,25617881401.914284
phi2_conv300,2717,25249840000.0,25712727494.22857
phi2_conv300,2718,25249840000.0,25809652818.542854
phi2_conv300,2719,25249840000.0,25909725918.85714
phi2_conv300,2720,25324254000.0,26011078047.171425
phi2_conv300,2721,25324254000.0,26022074621.171425
phi2_conv300,2722,25324254000.0,26025973627.171425
phi2_conv300,2723,25324254000.0,26029872633.171425
phi2_conv300,2724,25324254000.0,26033771639.171425
phi2_conv300,2725,25324254000.0,26037670645.171425
phi2_conv300,2726,25324254000.0,26041478003.171425
phi2_conv300,2727,25324254000.0,26045285361.171425
phi2_conv300,2728,25324254000.0,26049092719.171425
phi2_conv300,2729,25324254000.0,26052900077.171425
phi2_conv300,2730,25324254000.0,26056709995.171425
phi2_conv300,2731,25324254000.0,26060519913.171425
phi2_conv300,2732,25324254000.0,26064329831.171425
phi2_conv300,2733,25324254000.0,26068145893.171425
phi2_conv300,2734,25324254000.0,26071902563.171425
phi2_conv300,2735,25324254000.0,26075659233.171425
phi2_conv300,2736,25324254000.0,26079482463.171425
phi2_conv300,2737,25249840000.0,26083472075.171425
phi2_conv300,2738,25249840000.0,26087461687.171425
phi2_conv300,2739,25249840000.0,26091451299.171425
phi2_conv300,2740,25249840000.0,26095440911.171425
phi2_conv300,2741,25249840000.0,26099430523.171425
phi2_conv300,2742,25249840000.0,26103420135.171425
phi2_conv300,2743,25249840000.0,26107409747.171425
phi2_conv300,2744,25249840000.0,26111399359.171425
phi2_conv300,2745,25249840000.0,26115388971.171425
phi2_conv300,2746,25249840000.0,26119153815.171425
phi2_conv300,2747,25249840000.0,26122918659.171425
phi2_conv300,2748,25249840000.0,26126683503.171425
phi2_conv300,2749,25249840000.0,26130377161.171425
phi2_conv300,2750,25249840000.0,26134075939.171425
phi2_conv300,2751,25249840000.0,26137774717.171425
phi2_conv300,2752,25249840000.0,26141473495.171425
phi2_conv300,2753,25249840000.0,26145172273.171425
phi2_conv300,2754,25249840000.0,26148871051.171425
phi2_conv300,2755,25249840000.0,26152569829.171425
phi2_conv300,2756,25249840000.0,26156268607.171425
phi2_conv300,2757,25249840000.0,26159967385.171425
phi2_conv300,2758,25249840000.0,26163666163.171425
phi2_conv300,2759,25249840000.0,26167364941.171425
phi2_conv300,2760,25249840000.0,26171063719.171425
phi2_conv300,2761,25249840000.0,26174762497.171425
phi2_conv300,2762,25249840000.0,26178469979.171425
phi2_conv300,2763,25249840000.0,26182177461.171425
phi2_conv300,2764,25249840000.0,26185884943.171425
phi2_conv300,2765,25249840000.0,26189589865.171425
phi2_conv300,2766,25249840000.0,26193342403.171425
phi2_conv300,2767,25249840000.0,26197094941.171425
phi2_conv300,2768,25249840000.0,26200847479.171425
phi2_conv300,2769,25249840000.0,26204600017.171425
phi2_conv300,2770,25249840000.0,26208352555.171425
phi2_conv300,2771,25249840000.0,26212105093.171425
phi2_conv300,2772,25249840000.0,26215857631.171425
phi2_conv300,2773,25249840000.0,26219610169.171425
phi2_conv300,2774,25249840000.0,26223362707.171425
phi2_conv300,2775,25249840000.0,26227115245.171425
phi2_conv300,2776,25249840000.0,26230867783.171425
phi2_conv300,2777,25249840000.0,26234620321.171425
phi2_conv300,2778,25223379000.0,26237613545.171425
phi2_conv300,2779,25223379000.0,26240606769.171425
phi2_conv300,2780,25223379000.0,26243599993.171425
phi2_conv300,2781,25223379000.0,26246596801.171425
phi2_conv300,2782,25223379000.0,26249609993.171425
phi2_conv300,2783,25223379000.0,26252623185.171425
phi2_conv300,2784,25223379000.0,26255636377.171425
phi2_conv300,2785,25223379000.0,26258649569.171425
phi2_conv300,2786,25223379000.0,26261662761.171425
phi2_conv300,2787,25223379000.0,26264675953.171425
phi2_conv300,2788,25223379000.0,26267689145.171425
phi2_conv300,2789,25223379000.0,26270702337.171425
phi2_conv300,2790,25223379000.0,26273715529.171425
phi2_conv300,2791,25223379000.0,26276728721.171425
phi2_conv300,2792,25223379000.0,26279741913.171425
phi2_conv300,2793,25223379000.0,26282755105.171425
phi2_conv300,2794,25223379000.0,26285768297.171425
phi2_conv300,2795,25223379000.0,26288781489.171425
phi2_conv300,2796,25223379000.0,26291794681.171425
phi2_conv300,2797,25223379000.0,26294807873.171425
phi2_conv300,2798,25223379000.0,26297847689.171425
phi2_conv300,2799,25223379000.0,26300887505.171425
phi2_conv300,2800,25223379000.0,26303927321.171425
phi2_conv300,2801,25223379000.0,26306967137.171425
phi2_conv300,2802,25223379000.0,26310006953.171425
phi2_conv300,2803,25223379000.0,26313046769.171425
phi2_conv300,2804,25223379000.0,26316086585.171425
phi2_conv300,2805,25223379000.0,26319126401.171425
phi2_conv300,2806,25917107000.0,26403275737.48571
phi2_conv300,2807,25917107000.0,26489645105.799995
phi2_conv300,2808,25917107000.0,26501918891.799995
phi2_conv300,2809,25917107000.0,26505239301.799995
phi2_conv300,2810,25917107000.0,26508559711.799995
phi2_conv300,2811,25917107000.0,26511880121.799995
phi2_conv300,2812,25917107000.0,26515200531.799995
phi2_conv300,2813,25917107000.0,26518438509.799995
phi2_conv300,2814,25917107000.0,26521750215.799995
phi2_conv300,2815,25917107000.0,26525061921.799995
phi2_conv300,2816,25917107000.0,26528373627.799995
phi2_conv300,2817,25917107000.0,26531685333.799995
phi2_conv300,2818,25917107000.0,26534997039.799995
phi2_conv300,2819,25917107000.0,26538138231.799995
phi2_conv300,2820,25917107000.0,26541279423.799995
phi2_conv300,2821,25917107000.0,26544420615.799995
phi2_conv300,2822,25917107000.0,26547561807.799995
phi2_conv300,2823,25917107000.0,26550702999.799995
phi2_conv300,2824,25917107000.0,26553844191.799995
phi2_conv300,2825,25917107000.0,26556985383.799995
phi2_conv300,2826,25917107000.0,26560126575.799995
phi2_conv300,2827,25917107000.0,26563267767.799995
phi2_conv300,2828,25917107000.0,26566408959.799995
phi2_conv300,2829,25917107000.0,26569565511.799995
phi2_conv300,2830,25917107000.0,26572722063.799995
phi2_conv300,2831,25917107000.0,26575878615.799995
phi2_conv300,2832,25917107000.0,26579035167.799995
phi2_conv300,2833,25917107000.0,26582191719.799995
phi2_conv300,2834,25917107000.0,26585348271.799995
phi2_conv300,2835,25917107000.0,26588504823.799995
phi2_conv300,2836,25917107000.0,26591661375.799995
phi2_conv300,2837,25917107000.0,26594817927.799995
phi2_conv300,2838,25917107000.0,26597974479.799995
phi2_conv300,2839,25917107000.0,26601131031.799995
phi2_conv300,2840,25917107000.0,26604287583.799995
phi2_conv300,2841,25917107000.0,26607444135.799995
phi2_conv300,2842,25917107000.0,26610600687.799995
phi2_conv300,2843,25917107000.0,26613757239.799995
phi2_conv300,2844,25917107000.0,26616913791.799995
phi2_conv300,2845,25917107000.0,26620101063.799995
phi2_conv300,2846,25917107000.0,26623288335.799995
phi2_conv300,2847,25917107000.0,26626475607.799995
phi2_conv300,2848,25917107000.0,26629662879.799995
phi2_conv300,2849,25917107000.0,26632850151.799995
phi2_conv300,2850,25917107000.0,26636037423.799995
phi2_conv300,2851,25917107000.0,26639224695.799995
phi2_conv300,2852,25917107000.0,26642411967.799995
phi2_conv300,2853,25917107000.0,26645599239.799995
phi2_conv300,2854,25917107000.0,26648786511.799995
phi2_conv300,2855,25917107000.0,26651973783.799995
phi2_conv300,2856,25917107000.0,26655161055.799995
phi2_conv300,2857,25917107000.0,26658331431.799995
phi2_conv300,2858,25917107000.0,26661501807.799995
phi2_conv300,2859,25917107000.0,26664672183.799995
phi2_conv300,2860,25917107000.0,26667842559.799995
phi2_conv300,2861,25917107000.0,26671028807.799995
phi2_conv300,2862,25917107000.0,26674215055.799995
phi2_conv300,2863,25917107000.0,26677401303.799995
phi2_conv300,2864,25917107000.0,26680587551.799995
phi2_conv300,2865,26254478000.0,26743454322.799995
phi2_conv300,2866,26254478000.0,26746745548.799995
phi2_conv300,2867,26254478000.0,26750034726.799995
phi2_conv300,2868,26254478000.0,26753323904.799995
phi2_conv300,2869,26254478000.0,26756613082.799995
phi2_conv300,2870,26254478000.0,26759902260.799995
phi2_conv300,2871,26254478000.0,26763191438.799995
phi2_conv300,2872,26254478000.0,26766480616.799995
phi2_conv300,2873,26254478000.0,26769867074.799995
phi2_conv300,2874,26254478000.0,26773253532.799995
phi2_conv300,2875,26254478000.0,26776639990.799995
phi2_conv300,2876,26254478000.0,26780026448.799995
phi2_conv300,2877,26254478000.0,26783502506.799995
phi2_conv300,2878,26254478000.0,26786978564.799995
phi2_conv300,2879,26254478000.0,26790454622.799995
phi2_conv300,2880,26254478000.0,26793930680.799995
phi2_conv300,2881,26254478000.0,26797406738.799995
phi2_conv300,2882,26254478000.0,26800882796.799995
phi2_conv300,2883,26254478000.0,26804144326.799995
phi2_conv300,2884,26254478000.0,26807405856.799995
phi2_conv300,2885,26254478000.0,26810667386.799995
phi2_conv300,2886,26254478000.0,26813809090.799995
phi2_conv300,2887,26254478000.0,26816950794.799995
phi2_conv300,2888,26254478000.0,26820092498.799995
phi2_conv300,2889,26254478000.0,26823304346.799995
phi2_conv300,2890,26254478000.0,26826516194.799995
phi2_conv300,2891,26254478000.0,26829728042.799995
phi2_conv300,2892,26407057000.0,26898144522.11428
phi2_conv300,2893,26407057000.0,26901435236.11428
phi2_conv300,2894,26407057000.0,26904725950.11428
phi2_conv300,2895,26407057000.0,26908016664.11428
phi2_conv300,2896,26407057000.0,26911301746.11428
phi2_conv300,2897,26407057000.0,26914586828.11428
phi2_conv300,2898,26407057000.0,26917871910.11428
phi2_conv300,2899,26407057000.0,26921119616.11428
phi2_conv300,2900,26461144000.0,26953870608.428566
phi2_conv300,2901,26461144000.0,26957234556.428566
phi2_conv300,2902,26461144000.0,26960598504.428566
phi2_conv300,2903,26461144000.0,26963962452.428566
phi2_conv300,2904,26461144000.0,26967326400.428566
phi2_conv300,2905,26461144000.0,26970692908.428566
phi2_conv300,2906,26461144000.0,26974059416.428566
phi2_conv300,2907,26461144000.0,26977425924.428566
phi2_conv300,2908,26461144000.0,26980792432.428566
phi2_conv300,2909,26461144000.0,26984158940.428566
phi2_conv300,2910,26461144000.0,26987525448.428566
phi2_conv300,2911,26461144000.0,26990891956.428566
phi2_conv300,2912,26461144000.0,26994248736.428566
phi2_conv300,2913,26461144000.0,26997605516.428566
phi2_conv300,2914,26461144000.0,27000959736.428566
phi2_conv300,2915,26461144000.0,27004260196.428566
phi2_conv300,2916,26461144000.0,27007560656.428566
phi2_conv300,2917,26461144000.0,27010861116.428566
phi2_conv300,2918,26461144000.0,27014161576.428566
phi2_conv300,2919,26461144000.0,27017462036.428566
phi2_conv300,2920,26461144000.0,27020762496.428566
phi2_conv300,2921,26461144000.0,27024104428.428566
phi2_conv300,2922,26461144000.0,27027446360.428566
phi2_conv300,2923,26461144000.0,27030788292.428566
phi2_conv300,2924,26461144000.0,27034130224.428566
phi2_conv300,2925,26461144000.0,27037472156.428566
phi2_conv300,2926,26461144000.0,27040814088.428566
phi2_conv300,2927,26461144000.0,27044156020.428566
phi2_conv300,2928,26461144000.0,27047551712.428566
phi2_conv300,2929,26461144000.0,27050878778.428566
phi2_conv300,2930,26461144000.0,27054131604.428566
phi2_conv300,2931,26461144000.0,27057384430.428566
phi2_conv300,2932,26461144000.0,27060637256.428566
phi2_conv300,2933,26461144000.0,27063890082.428566
phi2_conv300,2934,26461144000.0,27067142908.428566
phi2_conv300,2935,26461144000.0,27070395734.428566
phi2_conv300,2936,26461144000.0,27073648560.428566
phi2_conv300,2937,26461144000.0,27076974090.428566
phi2_conv300,2938,26461144000.0,27080299620.428566
phi2_conv300,2939,26461144000.0,27083625150.428566
phi2_conv300,2940,26461144000.0,27086950680.428566
phi2_conv300,2941,26461144000.0,27090276210.428566
phi2_conv300,2942,26461144000.0,27093601740.428566
phi2_conv300,2943,26461144000.0,27096927270.428566
phi2_conv300,2944,26461144000.0,27100268160.428566
phi2_conv300,2945,26461144000.0,27103609050.428566
phi2_conv300,2946,26461144000.0,27107097396.428566
phi2_conv300,2947,26461144000.0,27110585742.428566
phi2_conv300,2948,26461144000.0,27114074088.428566
phi2_conv300,2949,26461144000.0,27117562434.428566
phi2_conv300,2950,26461144000.0,27121050780.428566
phi2_conv300,2951,26461144000.0,27124539126.428566
phi2_conv300,2952,26461144000.0,27128027472.428566
phi2_conv300,2953,26461144000.0,27131281834.428566
phi2_conv300,2954,26461144000.0,27134536196.428566
phi2_conv300,2955,26461144000.0,27137790558.428566
phi2_conv300,2956,26461144000.0,27141044920.428566
phi2_conv300,2957,26461144000.0,27144299282.428566
phi2_conv300,2958,26461144000.0,27147553644.428566
phi2_conv300,2959,26461144000.0,27150808006.428566
phi2_conv300,2960,26461144000.0,27154098208.428566
phi2_conv300,2961,26461144000.0,27157388410.428566
phi2_conv300,2962,26461144000.0,27160680660.428566
phi2_conv300,2963,26461144000.0,27163972910.428566
phi2_conv300,2964,26461144000.0,27167265160.428566
phi2_conv300,2965,26461144000.0,27170557410.428566
phi2_conv300,2966,26461144000.0,27173849660.428566
phi2_conv300,2967,26461144000.0,27177141910.428566
phi2_conv300,2968,26461144000.0,27180434160.428566
phi2_conv300,2969,26461144000.0,27183799114.428566
phi2_conv300,2970,26461144000.0,27187164068.428566
phi2_conv300,2971,26461144000.0,27190529022.428566
phi2_conv300,2972,26461144000.0,27193893976.428566
phi2_conv300,2973,26461144000.0,27197258930.428566
phi2_conv300,2974,26461144000.0,27200623884.428566
phi2_conv300,2975,26461144000.0,27203988838.428566
phi2_conv300,2976,26461144000.0,27207360960.428566
phi2_conv300,2977,26461144000.0,27210733082.428566
phi2_conv300,2978,26461144000.0,27214104692.428566
phi2_conv300,2979,26461144000.0,27217476302.428566
phi2_conv300,2980,26461144000.0,27220847912.428566
phi2_conv300,2981,26461144000.0,27224219522.428566
phi2_conv300,2982,26461144000.0,27227591132.428566
phi2_conv300,2983,26461144000.0,27230962742.428566
phi2_conv300,2984,26461144000.0,27234334352.428566
phi2_conv300,2985,26461144000.0,27237606634.428566
phi2_conv300,2986,26461144000.0,27240878916.428566
phi2_conv300,2987,26461144000.0,27244151198.428566
phi2_conv300,2988,26461144000.0,27247423480.428566
phi2_conv300,2989,26461144000.0,27250695762.428566
phi2_conv300,2990,26461144000.0,27253968044.428566
phi2_conv300,2991,26461144000.0,27257240326.428566
phi2_conv300,2992,26461144000.0,27260522848.428566
phi2_conv300,2993,26461144000.0,27263805370.428566
phi2_conv300,2994,26461144000.0,27266992642.428566
phi2_conv300,2995,26461144000.0,27270179914.428566
phi2_conv300,2996,26461144000.0,27273367186.428566
phi2_conv300,2997,26461144000.0,27276554458.428566
phi2_conv300,2998,26461144000.0,27279741730.428566
phi2_conv300,2999,26461144000.0,27282929002.428566
phi2_conv300,3000,26461144000.0,27286116274.428566
phi2_conv300,3001,26461144000.0,27289311226.428566
phi2_conv300,3002,26461144000.0,27292506178.428566
phi2_conv300,3003,26461144000.0,27295701130.428566
phi2_conv300,3004,26461144000.0,27298896082.428566
phi2_conv300,3005,26461144000.0,27302091034.428566
phi2_conv300,3006,26461144000.0,27305285986.428566
phi2_conv300,3007,26461144000.0,27308480938.428566
phi2_conv300,3008,26461144000.0,27311675890.428566
phi2_conv300,3009,26461144000.0,27314870842.428566
phi2_conv300,3010,26461144000.0,27318065794.428566
phi2_conv300,3011,26461144000.0,27321260746.428566
phi2_conv300,3012,26461144000.0,27324455698.428566
phi2_conv300,3013,26461144000.0,27327650650.428566
phi2_conv300,3014,26461144000.0,27330845602.428566
phi2_conv300,3015,26461144000.0,27334040554.428566
phi2_conv300,3016,26461144000.0,27337235506.428566
phi2_conv300,3017,26461144000.0,27340427386.428566
phi2_conv300,3018,26461144000.0,27343619266.428566
phi2_conv300,3019,26461144000.0,27346811146.428566
phi2_conv300,3020,26461144000.0,27350003026.428566
phi2_conv300,3021,26461144000.0,27353194906.428566
phi2_conv300,3022,26461144000.0,27356386786.428566
phi2_conv300,3023,26461144000.0,27359578666.428566
phi2_conv300,3024,26461144000.0,27362770546.428566
phi2_conv300,3025,26461144000.0,27365962426.428566
phi2_conv300,3026,26461144000.0,27369138434.428566
phi2_conv300,3027,26461144000.0,27372314442.428566
phi2_conv300,3028,26461144000.0,27375490450.428566
phi2_conv300,3029,26461144000.0,27378666458.428566
phi2_conv300,3030,26461144000.0,27381842466.428566
phi2_conv300,3031,26461144000.0,27385018474.428566
phi2_conv300,3032,26461144000.0,27388194482.428566
phi2_conv300,3033,26461144000.0,27391388922.428566
phi2_conv300,3034,26461144000.0,27394583362.428566
phi2_conv300,3035,26461144000.0,27397777802.428566
phi2_conv300,3036,26461144000.0,27400972242.428566
phi2_conv300,3037,26461144000.0,27404166682.428566
phi2_conv300,3038,26461144000.0,27407361122.428566
phi2_conv300,3039,26461144000.0,27410555562.428566
phi2_conv300,3040,26461144000.0,27413750002.428566
phi2_conv300,3041,26461144000.0,27416944442.428566
phi2_conv300,3042,26461144000.0,27420111746.428566
phi2_conv300,3043,26461144000.0,27423279050.428566
phi2_conv300,3044,26461144000.0,27426446354.428566
phi2_conv300,3045,26461144000.0,27429613658.428566
phi2_conv300,3046,26461144000.0,27432780962.428566
phi2_conv300,3047,26461144000.0,27435948266.428566
phi2_conv300,3048,26461144000.0,27439115570.428566
phi2_conv300,3049,26461144000.0,27442299770.428566
phi2_conv300,3050,26461144000.0,27445483970.428566
phi2_conv300,3051,26461144000.0,27448668170.428566
phi2_conv300,3052,26461144000.0,27451852370.428566
phi2_conv300,3053,26461144000.0,27455036570.428566
phi2_conv300,3054,26461144000.0,27458220770.428566
phi2_conv300,3055,26461144000.0,27461404970.428566
phi2_conv300,3056,26461144000.0,27464589170.428566
phi2_conv300,3057,26461144000.0,27467773370.428566
phi2_conv300,3058,26461144000.0,27470981634.428566
phi2_conv300,3059,26461144000.0,27474189898.428566
phi2_conv300,3060,26461144000.0,27477398162.428566
phi2_conv300,3061,27330266000.0,27511336510.199993
phi2_conv300,3062,27330266000.0,27514599064.199993
phi2_conv300,3063,27330266000.0,27517861618.199993
phi2_conv300,3064,27330266000.0,27521124172.199993
phi2_conv300,3065,27330266000.0,27524452262.199993
phi2_conv300,3066,27330266000.0,27527719424.199993
phi2_conv300,3067,27330266000.0,27530986586.199993
phi2_conv300,3068,27330266000.0,27534253748.199993
phi2_conv300,3069,27330266000.0,27537520910.199993
phi2_conv300,3070,27330266000.0,27540788072.199993
phi2_conv300,3071,27330266000.0,27544055234.199993
phi2_conv300,3072,27330266000.0,27547322396.199993
phi2_conv300,3073,27330266000.0,27550589558.199993
phi2_conv300,3074,27330266000.0,27553835728.199993
phi2_conv300,3075,27330266000.0,27557081898.199993
phi2_conv300,3076,27330266000.0,27560328068.199993
phi2_conv300,3077,27330266000.0,27563574238.199993
phi2_conv300,3078,27330266000.0,27566820408.199993
phi2_conv300,3079,27330266000.0,27570066578.199993
phi2_conv300,3080,27330266000.0,27573312748.199993
phi2_conv300,3081,27330266000.0,27576571206.199993
phi2_conv300,3082,27330266000.0,27579810208.199993
phi2_conv300,3083,27330266000.0,27583049210.199993
phi2_conv300,3084,27330266000.0,27586288212.199993
phi2_conv300,3085,27330266000.0,27589527214.199993
phi2_conv300,3086,27330266000.0,27592766216.199993
phi2_conv300,3087,27330266000.0,27596005218.199993
phi2_conv300,3088,27330266000.0,27599244220.199993
phi2_conv300,3089,27330266000.0,27602483222.199993
phi2_conv300,3090,27330266000.0,27605945456.199993
phi2_conv300,3091,27330266000.0,27609407690.199993
phi2_conv300,3092,27330266000.0,27612869924.199993
phi2_conv300,3093,27330266000.0,27616332158.199993
phi2_conv300,3094,27330266000.0,27619794392.199993
phi2_conv300,3095,27330266000.0,27623256626.199993
phi2_conv300,3096,27330266000.0,27626718860.199993
phi2_conv300,3097,27330266000.0,27629980390.199993
phi2_conv300,3098,27330266000.0,27633334080.199993
phi2_conv300,3099,27330266000.0,27636687770.199993
phi2_conv300,3100,27330266000.0,27640041460.199993
phi2_conv300,3101,27330266000.0,27643395150.199993
phi2_conv300,3102,27552529000.0,27676811280.857136
phi2_conv300,3103,27552529000.0,27680140924.857136
phi2_conv300,3104,27552529000.0,27683470568.857136
phi2_conv300,3105,27552529000.0,27686800212.857136
phi2_conv300,3106,27552529000.0,27690145216.857136
phi2_conv300,3107,27552529000.0,27693490220.857136
phi2_conv300,3108,27552529000.0,27696835224.857136
phi2_conv300,3109,27552529000.0,27700180228.857136
phi2_conv300,3110,27552529000.0,27703525744.857136
phi2_conv300,3111,27552529000.0,27706871260.857136
phi2_conv300,3112,27552529000.0,27710216776.857136
phi2_conv300,3113,27552529000.0,27713597108.857136
phi2_conv300,3114,27552529000.0,27716961568.857136
phi2_conv300,3115,27552529000.0,27720326028.857136
phi2_conv300,3116,27552529000.0,27723690488.857136
phi2_conv300,3117,27552529000.0,27727021138.857136
phi2_conv300,3118,27552529000.0,27730351788.857136
phi2_conv300,3119,27552529000.0,27733682438.857136
phi2_conv300,3120,27552529000.0,27737013088.857136
phi2_conv300,3121,27552529000.0,27740343738.857136
phi2_conv300,3122,27552529000.0,27743674388.857136
phi2_conv300,3123,27552529000.0,27747005038.857136
phi2_conv300,3124,27552529000.0,27750335688.857136
phi2_conv300,3125,27552529000.0,27753666338.857136
phi2_conv300,3126,27552529000.0,27756996476.857136
phi2_conv300,3127,27552529000.0,27760326614.857136
phi2_conv300,3128,27552529000.0,27763656752.857136
phi2_conv300,3129,27552529000.0,27766917770.857136
phi2_conv300,3130,27552529000.0,27770173668.857136
phi2_conv300,3131,27552529000.0,27773429566.857136
phi2_conv300,3132,27552529000.0,27776685464.857136
phi2_conv300,3133,27552529000.0,27779941362.857136
phi2_conv300,3134,27552529000.0,27783197260.857136
phi2_conv300,3135,27552529000.0,27786453158.857136
phi2_conv300,3136,27552529000.0,27789709056.857136
phi2_conv300,3137,27552529000.0,27792964954.857136
phi2_conv300,3138,27552529000.0,27796220852.857136
phi2_conv300,3139,27552529000.0,27799476750.857136
phi2_conv300,3140,27552529000.0,27802732648.857136
phi2_conv300,3141,27552529000.0,27805988546.857136
phi2_conv300,3142,27552529000.0,27809271068.857136
phi2_conv300,3143,27552529000.0,27812553590.857136
phi2_conv300,3144,27552529000.0,27815836112.857136
phi2_conv300,3145,27552529000.0,27819150378.857136
phi2_conv300,3146,27552529000.0,27822501508.857136
phi2_conv300,3147,27552529000.0,27825852638.857136
phi2_conv300,3148,27552529000.0,27829203768.857136
phi2_conv300,3149,27552529000.0,27832554898.857136
phi2_conv300,3150,27552529000.0,27835906028.857136
phi2_conv300,3151,27552529000.0,27839257158.857136
phi2_conv300,3152,27552529000.0,27842608288.857136
phi2_conv300,3153,27552529000.0,27845959418.857136
phi2_conv300,3154,27552529000.0,27849310548.857136
phi2_conv300,3155,27552529000.0,27852661678.857136
phi2_conv300,3156,27552529000.0,27856012808.857136
phi2_conv300,3157,27552529000.0,27859363938.857136
phi2_conv300,3158,27552529000.0,27862678204.857136
phi2_conv300,3159,27552529000.0,27865992470.857136
phi2_conv300,3160,27552529000.0,27869306736.857136
phi2_conv300,3161,27552529000.0,27872611274.857136
phi2_conv300,3162,27552529000.0,27875933220.857136
phi2_conv300,3163,27552529000.0,27879255166.857136
phi2_conv300,3164,27552529000.0,27882577112.857136
phi2_conv300,3165,27552529000.0,27885899058.857136
phi2_conv300,3166,27552529000.0,27889221004.857136
phi2_conv300,3167,27552529000.0,27892542950.857136
phi2_conv300,3168,27552529000.0,27895864896.857136
phi2_conv300,3169,27552529000.0,27899186842.857136
phi2_conv300,3170,27552529000.0,27902508788.857136
phi2_conv300,3171,27552529000.0,27905830734.857136
phi2_conv300,3172,27552529000.0,27909152680.857136
phi2_conv300,3173,27552529000.0,27912474626.857136
phi2_conv300,3174,27552529000.0,27915810908.857136
phi2_conv300,3175,27552529000.0,27919147190.857136
phi2_conv300,3176,27552529000.0,27922483472.857136
phi2_conv300,3177,27552529000.0,27925780330.857136
phi2_conv300,3178,27552529000.0,27929132996.857136
phi2_conv300,3179,27552529000.0,27932485662.857136
phi2_conv300,3180,27552529000.0,27935838328.857136
phi2_conv300,3181,27552529000.0,27939190994.857136
phi2_conv300,3182,27552529000.0,27942543660.857136
phi2_conv300,3183,27552529000.0,27945896326.857136
phi2_conv300,3184,27552529000.0,27949248992.857136
phi2_conv300,3185,27552529000.0,27952601658.857136
phi2_conv300,3186,27552529000.0,27955954324.857136
phi2_conv300,3187,27552529000.0,27959306990.857136
phi2_conv300,3188,27552529000.0,27962659656.857136
phi2_conv300,3189,27552529000.0,27966012322.857136
phi2_conv300,3190,27552529000.0,27969354748.857136
phi2_conv300,3191,27552529000.0,27972697174.857136
phi2_conv300,3192,27552529000.0,27976039600.857136
phi2_conv300,3193,27552529000.0,27979416330.857136
phi2_conv300,3194,27552529000.0,27982793060.857136
phi2_conv300,3195,27552529000.0,27986169790.857136
phi2_conv300,3196,27552529000.0,27989546520.857136
phi2_conv300,3197,27552529000.0,27992923250.857136
phi2_conv300,3198,27552529000.0,27996299980.857136
phi2_conv300,3199,27552529000.0,27999676710.857136
phi2_conv300,3200,27552529000.0,28003053440.857136
phi2_conv300,3201,27552529000.0,28006430170.857136
phi2_conv300,3202,28090234000.0,28101599228.0
phi2_conv300,3203,28090234000.0,28104935528.0
phi2_conv300,3204,28090234000.0,28108271828.0
phi2_conv300,3205,28090234000.0,28111608128.0
phi2_conv300,3206,28090234000.0,28114965420.0
phi2_conv300,3207,28090234000.0,28118322712.0
phi2_conv300,3208,28090234000.0,28121680004.0
phi2_conv300,3209,28090234000.0,28124724958.0
phi2_conv300,3210,28090234000.0,28127770936.0
phi2_conv300,3211,28090234000.0,28130816914.0
phi2_conv300,3212,28090234000.0,28133862892.0
phi2_conv300,3213,28090234000.0,28136908870.0
phi2_conv300,3214,28090234000.0,28139954848.0
phi2_conv300,3215,28090234000.0,28143000826.0
phi2_conv300,3216,28090234000.0,28146046804.0
phi2_conv300,3217,28090234000.0,28149092782.0
phi2_conv300,3218,28090234000.0,28152165896.0
phi2_conv300,3219,28090234000.0,28155239010.0
phi2_conv300,3220,28090234000.0,28158312124.0
phi2_conv300,3221,28090234000.0,28161385238.0
phi2_conv300,3222,28090234000.0,28164425072.0
phi2_conv300,3223,28090234000.0,28167464906.0
phi2_conv300,3224,28090234000.0,28170504740.0
phi2_conv300,3225,28090234000.0,28173544574.0
phi2_conv300,3226,28090234000.0,28176617688.0
phi2_conv300,3227,28090234000.0,28179690802.0
phi2_conv300,3228,28090234000.0,28182763916.0
phi2_conv300,3229,28090234000.0,28185837030.0
phi2_conv300,3230,28090234000.0,28188910144.0
phi2_conv300,3231,28090234000.0,28191983258.0
phi2_conv300,3232,28090234000.0,28195056372.0
phi2_conv300,3233,28090234000.0,28198129486.0
phi2_conv300,3234,28090234000.0,28201220008.0
phi2_conv300,3235,28090234000.0,28204310530.0
phi2_conv300,3236,28090234000.0,28207401052.0
phi2_conv300,3237,28090234000.0,28210491574.0
phi2_conv300,3238,28090234000.0,28213559568.0
phi2_conv300,3239,28090234000.0,28216627562.0
phi2_conv300,3240,28090234000.0,28219695556.0
phi2_conv300,3241,28090234000.0,28222763550.0
phi2_conv300,3242,28090234000.0,28225863800.0
phi2_conv300,3243,28090234000.0,28228964050.0
phi2_conv300,3244,28090234000.0,28232064300.0
phi2_conv300,3245,28090234000.0,28235164550.0
phi2_conv300,3246,28090234000.0,28238264800.0
phi2_conv300,3247,28090234000.0,28241365050.0
phi2_conv300,3248,28090234000.0,28244465300.0
phi2_conv300,3249,28090234000.0,28247565550.0
phi2_conv300,3250,28090234000.0,28250665800.0
phi2_conv300,3251,28090234000.0,28253766050.0
phi2_conv300,3252,28090234000.0,28256866300.0
phi2_conv300,3253,28353357000.0,28429759725.685715
phi2_conv300,3254,28353357000.0,28432989529.685715
phi2_conv300,3255,28353357000.0,28436219333.685715
phi2_conv300,3256,28353357000.0,28439449137.685715
phi2_conv300,3257,28353357000.0,28442678941.685715
phi2_conv300,3258,28353357000.0,28445907721.685715
phi2_conv300,3259,28353357000.0,28449166709.685715
phi2_conv300,3260,28353357000.0,28452425697.685715
phi2_conv300,3261,28353357000.0,28455684685.685715
phi2_conv300,3262,28353357000.0,28458943673.685715
phi2_conv300,3263,28353357000.0,28462202661.685715
phi2_conv300,3264,28353357000.0,28465461649.685715
phi2_conv300,3265,28353357000.0,28468720637.685715
phi2_conv300,3266,28353357000.0,28471945833.685715
phi2_conv300,3267,28353357000.0,28475171029.685715
phi2_conv300,3268,28353357000.0,28478396225.685715
phi2_conv300,3269,28353357000.0,28481621421.685715
phi2_conv300,3270,28353357000.0,28484801561.685715
phi2_conv300,3271,28353357000.0,28487981701.685715
phi2_conv300,3272,28353357000.0,28491161841.685715
phi2_conv300,3273,28353357000.0,28494341981.685715
phi2_conv300,3274,28353357000.0,28497576393.685715
phi2_conv300,3275,28353357000.0,28500808245.685715
phi2_conv300,3276,28353357000.0,28504040097.685715
phi2_conv300,3277,28353357000.0,28507271949.685715
phi2_conv300,3278,28353357000.0,28510413671.685715
phi2_conv300,3279,28353357000.0,28513555393.685715
phi2_conv300,3280,28353357000.0,28516697115.685715
phi2_conv300,3281,28353357000.0,28519838837.685715
phi2_conv300,3282,28353357000.0,28523024591.685715
phi2_conv300,3283,28353357000.0,28526210345.685715
phi2_conv300,3284,28353357000.0,28529396099.685715
phi2_conv300,3285,28353357000.0,28532581853.685715
phi2_conv300,3286,28353357000.0,28535769143.685715
phi2_conv300,3287,28353357000.0,28538956433.685715
phi2_conv300,3288,28353357000.0,28542143723.685715
phi2_conv300,3289,28353357000.0,28545331013.685715
phi2_conv300,3290,28353357000.0,28548518303.685715
phi2_conv300,3291,28353357000.0,28551703033.685715
phi2_conv300,3292,28353357000.0,28554887763.685715
phi2_conv300,3293,28353357000.0,28558072493.685715
phi2_conv300,3294,28578535000.0,28662933732.314285
phi2_conv300,3295,28578535000.0,28749382096.62857
phi2_conv300,3296,28607772000.0,28836130960.942856
phi2_conv300,3297,28607772000.0,28922103633.25714
phi2_conv300,3298,28607772000.0,28955825528.45714
phi2_conv300,3299,28607772000.0,28959420406.45714
phi2_conv300,3300,28607772000.0,28963015284.45714
phi2_conv300,3301,28607772000.0,28966610162.45714
phi2_conv300,3302,28607772000.0,28970143088.45714
phi2_conv300,3303,28607772000.0,28973676014.45714
phi2_conv300,3304,28607772000.0,28977401452.45714
phi2_conv300,3305,28607772000.0,28981126890.45714
phi2_conv300,3306,28607772000.0,28984852328.45714
phi2_conv300,3307,28607772000.0,28988436966.45714
phi2_conv300,3308,28607772000.0,28992021604.45714
phi2_conv300,3309,28607772000.0,28995606242.45714
phi2_conv300,3310,28607772000.0,28999190880.45714
phi2_conv300,3311,28607772000.0,29002775518.45714
phi2_conv300,3312,28607772000.0,29006360156.45714
phi2_conv300,3313,28607772000.0,29009944794.45714
phi2_conv300,3314,28607772000.0,29013576024.45714
phi2_conv300,3315,28607772000.0,29017207254.45714
phi2_conv300,3316,28607772000.0,29020838484.45714
phi2_conv300,3317,28764379000.0,29083617683.399998
phi2_conv300,3318,28764379000.0,29087382563.399998
phi2_conv300,3319,28764379000.0,29091222689.399998
phi2_conv300,3320,28764379000.0,29094829343.399998
phi2_conv300,3321,28764379000.0,29098435997.399998
phi2_conv300,3322,28764379000.0,29102042651.399998
phi2_conv300,3323,28764379000.0,29105794713.399998
phi2_conv300,3324,28764379000.0,29109546775.399998
phi2_conv300,3325,28764379000.0,29113298837.399998
phi2_conv300,3326,28764379000.0,29117050899.399998
phi2_conv300,3327,28764379000.0,29120802961.399998
phi2_conv300,3328,28764379000.0,29124555023.399998
phi2_conv300,3329,28764379000.0,29128307085.399998
phi2_conv300,3330,28764379000.0,29131877387.399998
phi2_conv300,3331,28764379000.0,29135447689.399998
phi2_conv300,3332,28764379000.0,29139017991.399998
phi2_conv300,3333,28764379000.0,29142588293.399998
phi2_conv300,3334,28764379000.0,29146158595.399998
phi2_conv300,3335,28764379000.0,29149728897.399998
phi2_conv300,3336,28764379000.0,29153414399.399998
phi2_conv300,3337,28764379000.0,29157099901.399998
phi2_conv300,3338,28764379000.0,29160785403.399998
phi2_conv300,3339,28764379000.0,29164440697.399998
phi2_conv300,3340,28764379000.0,29168095991.399998
phi2_conv300,3341,28764379000.0,29171751285.399998
phi2_conv300,3342,28764379000.0,29175406579.399998
phi2_conv300,3343,28764379000.0,29179061873.399998
phi2_conv300,3344,28764379000.0,29182717167.399998
phi2_conv300,3345,28764379000.0,29186372461.399998
phi2_conv300,3346,28764379000.0,29189914091.399998
phi2_conv300,3347,28764379000.0,29193455721.399998
phi2_conv300,3348,28764379000.0,29196997351.399998
phi2_conv300,3349,28764379000.0,29200538981.399998
phi2_conv300,3350,28764379000.0,29204080611.399998
phi2_conv300,3351,28764379000.0,29207622241.399998
phi2_conv300,3352,28764379000.0,29211257567.399998
phi2_conv300,3353,28764379000.0,29214892893.399998
phi2_conv300,3354,28764379000.0,29218528219.399998
phi2_conv300,3355,28764379000.0,29222357081.399998
phi2_conv300,3356,28764379000.0,29226185943.399998
phi2_conv300,3357,28764379000.0,29230014805.399998
phi2_conv300,3358,28764379000.0,29233843667.399998
phi2_conv300,3359,28764379000.0,29237672529.399998
phi2_conv300,3360,28764379000.0,29241501391.399998
phi2_conv300,3361,28764379000.0,29245330253.399998
phi2_conv300,3362,28764379000.0,29249055691.399998
phi2_conv300,3363,28764379000.0,29252781129.399998
phi2_conv300,3364,28764379000.0,29256506567.399998
phi2_conv300,3365,28764379000.0,29260232005.399998
phi2_conv300,3366,28764379000.0,29263957443.399998
phi2_conv300,3367,28764379000.0,29267682881.399998
phi2_conv300,3368,28764379000.0,29271371455.399998
phi2_conv300,3369,28764379000.0,29275060029.399998
phi2_conv300,3370,28764379000.0,29278748603.399998
phi2_conv300,3371,28764379000.0,29282393145.399998
phi2_conv300,3372,28764379000.0,29286037687.399998
phi2_conv300,3373,28764379000.0,29289682229.399998
phi2_conv300,3374,28764379000.0,29293326771.399998
phi2_conv300,3375,28607772000.0,29296877087.399998
phi2_conv300,3376,28607772000.0,29300223591.399998
phi2_conv300,3377,28607772000.0,29303570095.399998
phi2_conv300,3378,28607772000.0,29306916599.399998
phi2_conv300,3379,28607772000.0,29310263103.399998
phi2_conv300,3380,28607772000.0,29313609607.399998
phi2_conv300,3381,28607772000.0,29316956111.399998
phi2_conv300,3382,28607772000.0,29320302615.399998
phi2_conv300,3383,28607772000.0,29323649119.399998
phi2_conv300,3384,28607772000.0,29326981287.399998
phi2_conv300,3385,28607772000.0,29330313455.399998
phi2_conv300,3386,28607772000.0,29333645623.399998
phi2_conv300,3387,28607772000.0,29336977791.399998
phi2_conv300,3388,28607772000.0,29340309959.399998
phi2_conv300,3389,28607772000.0,29343642127.399998
phi2_conv300,3390,28607772000.0,29346974295.399998
phi2_conv300,3391,28607772000.0,29350306463.399998
phi2_conv300,3392,28607772000.0,29353638631.399998
phi2_conv300,3393,28607772000.0,29356970799.399998
phi2_conv300,3394,28607772000.0,29360302967.399998
phi2_conv300,3395,28607772000.0,29363635135.399998
phi2_conv300,3396,28607772000.0,29366967303.399998
phi2_conv300,3397,28607772000.0,29370299471.399998
phi2_conv300,3398,28607772000.0,29373631639.399998
phi2_conv300,3399,28607772000.0,29376963807.399998
phi2_conv300,3400,28607772000.0,29380308263.399998
phi2_conv300,3401,28607772000.0,29383652719.399998
phi2_conv300,3402,28607772000.0,29386997175.399998
phi2_conv300,3403,28607772000.0,29390341631.399998
phi2_conv300,3404,28607772000.0,29393686087.399998
phi2_conv300,3405,28607772000.0,29397030543.399998
phi2_conv300,3406,28607772000.0,29400374999.399998
phi2_conv300,3407,28607772000.0,29403719455.399998
phi2_conv300,3408,28607772000.0,29407063911.399998
phi2_conv300,3409,28607772000.0,29410408367.399998
phi2_conv300,3410,28607772000.0,29413752823.399998
phi2_conv300,3411,28607772000.0,29417097279.399998
phi2_conv300,3412,28607772000.0,29420441735.399998
phi2_conv300,3413,28607772000.0,29423786191.399998
phi2_conv300,3414,28607772000.0,29427130647.399998
phi2_conv300,3415,28607772000.0,29430475103.399998
phi2_conv300,3416,29340288000.0,29446002137.399998
phi2_conv300,3417,29340288000.0,29449344563.399998
phi2_conv300,3418,29340288000.0,29452686989.399998
phi2_conv300,3419,29340288000.0,29456029415.399998
phi2_conv300,3420,29340288000.0,29459371841.399998
phi2_conv300,3421,29340288000.0,29462849435.399998
phi2_conv300,3422,29340288000.0,29466327029.399998
phi2_conv300,3423,29340288000.0,29469804623.399998
phi2_conv300,3424,29340288000.0,29473282217.399998
phi2_conv300,3425,29340288000.0,29476759811.399998
phi2_conv300,3426,29340288000.0,29480237405.399998
phi2_conv300,3427,29340288000.0,29483714999.399998
phi2_conv300,3428,29340288000.0,29487192593.399998
phi2_conv300,3429,29340288000.0,29490670187.399998
phi2_conv300,3430,29340288000.0,29494147781.399998
phi2_conv300,3431,29340288000.0,29497625375.399998
phi2_conv300,3432,28607772000.0,29500928359.399998
phi2_conv300,3433,28607772000.0,29504231343.399998
phi2_conv300,3434,28607772000.0,29507534327.399998
phi2_conv300,3435,28607772000.0,29510837311.399998
phi2_conv300,3436,28607772000.0,29514140295.399998
phi2_conv300,3437,28607772000.0,29517443279.399998
phi2_conv300,3438,28607772000.0,29520746263.399998
phi2_conv300,3439,28607772000.0,29524049247.399998
phi2_conv300,3440,28607772000.0,29527352231.399998
phi2_conv300,3441,28607772000.0,29530655215.399998
phi2_conv300,3442,28607772000.0,29533958199.399998
phi2_conv300,3443,28607772000.0,29537261183.399998
phi2_conv300,3444,28607772000.0,29540564167.399998
phi2_conv300,3445,28607772000.0,29543867151.399998
phi2_conv300,3446,28607772000.0,29547170135.399998
phi2_conv300,3447,28607772000.0,29550473119.399998
phi2_conv300,3448,28607772000.0,29553830375.399998
phi2_conv300,3449,28607772000.0,29557187631.399998
phi2_conv300,3450,28607772000.0,29560544887.399998
phi2_conv300,3451,28607772000.0,29563902143.399998
phi2_conv300,3452,28607772000.0,29567259399.399998
phi2_conv300,3453,28607772000.0,29570616655.399998
phi2_conv300,3454,28607772000.0,29573660243.399998
phi2_conv300,3455,28607772000.0,29576703831.399998
phi2_conv300,3456,28607772000.0,29579747419.399998
phi2_conv300,3457,28607772000.0,29582791007.399998
phi2_conv300,3458,28607772000.0,29585834595.399998
phi2_conv300,3459,28607772000.0,29588878183.399998
phi2_conv300,3460,28607772000.0,29591921771.399998
phi2_conv300,3461,28607772000.0,29594965359.399998
phi2_conv300,3462,28607772000.0,29598008947.399998
phi2_conv300,3463,28607772000.0,29601052535.399998
phi2_conv300,3464,28607772000.0,29604096123.399998
phi2_conv300,3465,28607772000.0,29607139711.399998
phi2_conv300,3466,28607772000.0,29610183299.399998
phi2_conv300,3467,28607772000.0,29613226887.399998
phi2_conv300,3468,28607772000.0,29616270475.399998
phi2_conv300,3469,28607772000.0,29619314063.399998
phi2_conv300,3470,28607772000.0,29622357651.399998
phi2_conv300,3471,28607772000.0,29625401239.399998
phi2_conv300,3472,28607772000.0,29628444827.399998
phi2_conv300,3473,28607772000.0,29631488415.399998
phi2_conv300,3474,28607772000.0,29634532003.399998
phi2_conv300,3475,28607772000.0,29637575591.399998
phi2_conv300,3476,28607772000.0,29640619179.399998
phi2_conv300,3477,28607772000.0,29643662767.399998
phi2_conv300,3478,28607772000.0,29646706355.399998
phi2_conv300,3479,28607772000.0,29649749943.399998
phi2_conv300,3480,29686078000.0,29770367060.314285
phi2_conv300,3481,29686078000.0,29856802424.62857
phi2_conv300,3482,29686078000.0,29946328220.942856
phi2_conv300,3483,29686078000.0,30037922497.25714
phi2_conv300,3484,29686078000.0,30132779237.571426
phi2_conv300,3485,29686078000.0,30229733129.88571
phi2_conv300,3486,29686078000.0,30329982254.199997
phi2_conv300,3487,29686078000.0,30423880902.114285
phi2_conv300,3488,29686078000.0,30427595534.114285
phi2_conv300,3489,29686078000.0,30431302486.114285
phi2_conv300,3490,29686078000.0,30435009438.114285
phi2_conv300,3491,29686078000.0,30438716390.114285
phi2_conv300,3492,29686078000.0,30442423342.114285
phi2_conv300,3493,29686078000.0,30446130294.114285
phi2_conv300,3494,29686078000.0,30449837246.114285
phi2_conv300,3495,29686078000.0,30453544198.114285
phi2_conv300,3496,29686078000.0,30457253710.114285
phi2_conv300,3497,29686078000.0,30460963222.114285
phi2_conv300,3498,29686078000.0,30464672734.114285
phi2_conv300,3499,29686078000.0,30468382246.114285
phi2_conv300,3500,29686078000.0,30472091758.114285
phi2_conv300,3501,29686078000.0,30475801270.114285
phi2_conv300,3502,29686078000.0,30479510782.114285
phi2_conv300,3503,29686078000.0,30483220294.114285
phi2_conv300,3504,29686078000.0,30486929806.114285
phi2_conv300,3505,29686078000.0,30490639318.114285
phi2_conv300,3506,29686078000.0,30494348830.114285
phi2_conv300,3507,29686078000.0,30498058342.114285
phi2_conv300,3508,29686078000.0,30501767854.114285
phi2_conv300,3509,29686078000.0,30505477366.114285
phi2_conv300,3510,29686078000.0,30509186878.114285
phi2_conv300,3511,29686078000.0,30512896390.114285
phi2_conv300,3512,29686078000.0,30516628430.114285
phi2_conv300,3513,29686078000.0,30520360470.114285
phi2_conv300,3514,29686078000.0,30524092510.114285
phi2_conv300,3515,29686078000.0,30527824550.114285
phi2_conv300,3516,29686078000.0,30531556590.114285
phi2_conv300,3517,29686078000.0,30535288630.114285
phi2_conv300,3518,29686078000.0,30539020670.114285
phi2_conv300,3519,29686078000.0,30542752710.114285
phi2_conv300,3520,29686078000.0,30546484750.114285
phi2_conv300,3521,29686078000.0,30550211670.114285
phi2_conv300,3522,29686078000.0,30553938590.114285
phi2_conv300,3523,29686078000.0,30557665510.114285
phi2_conv300,3524,29686078000.0,30561392430.114285
phi2_conv300,3525,29686078000.0,30565119350.114285
phi2_conv300,3526,29686078000.0,30568846270.114285
phi2_conv300,3527,29686078000.0,30572573190.114285
phi2_conv300,3528,29686078000.0,30576318030.114285
phi2_conv300,3529,29686078000.0,30580062870.114285
phi2_conv300,3530,29686078000.0,30583807710.114285
phi2_conv300,3531,29686078000.0,30587552550.114285
phi2_conv300,3532,29686078000.0,30591297390.114285
phi2_conv300,3533,29686078000.0,30595042230.114285
phi2_conv300,3534,29686078000.0,30598787070.114285
phi2_conv300,3535,29686078000.0,30602531910.114285
phi2_conv300,3536,29686078000.0,30606276750.114285
phi2_conv300,3537,28607772000.0,30609320338.114285
phi2_conv300,3538,28607772000.0,30612363926.114285
phi2_conv300,3539,28607772000.0,30615407514.114285
phi2_conv300,3540,28607772000.0,30618451102.114285
phi2_conv300,3541,30181499000.0,30682018330.45714
phi2_conv300,3542,30181499000.0,30685159010.45714
phi2_conv300,3543,30181499000.0,30688299690.45714
phi2_conv300,3544,30181499000.0,30691443954.45714
phi2_conv300,3545,30181499000.0,30694588218.45714
phi2_conv300,3546,30181499000.0,30697732482.45714
phi2_conv300,3547,30181499000.0,30700876746.45714
phi2_conv300,3548,30181499000.0,30704021010.45714
phi2_conv300,3549,30181499000.0,30707165274.45714
phi2_conv300,3550,30181499000.0,30710309538.45714
phi2_conv300,3551,30181499000.0,30713453802.45714
phi2_conv300,3552,30181499000.0,30716598066.45714
phi2_conv300,3553,30181499000.0,30719742330.45714
phi2_conv300,3554,30181499000.0,30722886594.45714
phi2_conv300,3555,30181499000.0,30726030858.45714
phi2_conv300,3556,30181499000.0,30729175122.45714
phi2_conv300,3557,30181499000.0,30732319386.45714
phi2_conv300,3558,30181499000.0,30735463650.45714
phi2_conv300,3559,30181499000.0,30738607914.45714
phi2_conv300,3560,30181499000.0,30741769586.45714
phi2_conv300,3561,30181499000.0,30744931258.45714
phi2_conv300,3562,30181499000.0,30748092930.45714
phi2_conv300,3563,30181499000.0,30751254602.45714
phi2_conv300,3564,30181499000.0,30754416274.45714
phi2_conv300,3565,30181499000.0,30757577946.45714
phi2_conv300,3566,30181499000.0,30760739618.45714
phi2_conv300,3567,30181499000.0,30763901290.45714
phi2_conv300,3568,30181499000.0,30767045554.45714
phi2_conv300,3569,30181499000.0,30770189818.45714
phi2_conv300,3570,30181499000.0,30773334082.45714
phi2_conv300,3571,30181499000.0,30776478346.45714
phi2_conv300,3572,30181499000.0,30779622610.45714
phi2_conv300,3573,30181499000.0,30782766874.45714
phi2_conv300,3574,30181499000.0,30785911138.45714
phi2_conv300,3575,30181499000.0,30789055402.45714
phi2_conv300,3576,30181499000.0,30792231410.45714
phi2_conv300,3577,30181499000.0,30795407418.45714
phi2_conv300,3578,30181499000.0,30798583426.45714
phi2_conv300,3579,30181499000.0,30801759434.45714
phi2_conv300,3580,30181499000.0,30804935442.45714
phi2_conv300,3581,30181499000.0,30808111450.45714
phi2_conv300,3582,30181499000.0,30811287458.45714
phi2_conv300,3583,30181499000.0,30814463466.45714
phi2_conv300,3584,30181499000.0,30817627698.45714
phi2_conv300,3585,30181499000.0,30820791930.45714
phi2_conv300,3586,30181499000.0,30823956162.45714
phi2_conv300,3587,30181499000.0,30827120394.45714
phi2_conv300,3588,30181499000.0,30830284626.45714
phi2_conv300,3589,30181499000.0,30833448858.45714
phi2_conv300,3590,30181499000.0,30836613090.45714
phi2_conv300,3591,30181499000.0,30839777322.45714
phi2_conv300,3592,30181499000.0,30842950770.45714
phi2_conv300,3593,30181499000.0,30846124218.45714
phi2_conv300,3594,30181499000.0,30849297666.45714
phi2_conv300,3595,30181499000.0,30852471114.45714
phi2_conv300,3596,30181499000.0,30855644562.45714
phi2_conv300,3597,30181499000.0,30858818010.45714
phi2_conv300,3598,30181499000.0,30861991458.45714
phi2_conv300,3599,30181499000.0,30865164906.45714
phi2_conv300,3600,30181499000.0,30868361906.45714
phi2_conv300,3601,30181499000.0,30871558906.45714
phi2_conv300,3602,30181499000.0,30874755906.45714
phi2_conv300,3603,30181499000.0,30877952906.45714
phi2_conv300,3604,30181499000.0,30881149906.45714
phi2_conv300,3605,30181499000.0,30884346906.45714
phi2_conv300,3606,30181499000.0,30887543906.45714
phi2_conv300,3607,30181499000.0,30890740906.45714
phi2_conv300,3608,30181499000.0,30893941490.45714
phi2_conv300,3609,30181499000.0,30897142074.45714
phi2_conv300,3610,30181499000.0,30900342658.45714
phi2_conv300,3611,30181499000.0,30903543242.45714
phi2_conv300,3612,30181499000.0,30906743826.45714
phi2_conv300,3613,30181499000.0,30909944410.45714
phi2_conv300,3614,30181499000.0,30913144994.45714
phi2_conv300,3615,30181499000.0,30916345578.45714
phi2_conv300,3616,30181499000.0,30919546162.45714
phi2_conv300,3617,30181499000.0,30922746746.45714
phi2_conv300,3618,30181499000.0,30925947330.45714
phi2_conv300,3619,30181499000.0,30929147914.45714
phi2_conv300,3620,30181499000.0,30932348498.45714
phi2_conv300,3621,30181499000.0,30935549082.45714
phi2_conv300,3622,30181499000.0,30938749666.45714
phi2_conv300,3623,30181499000.0,30941950250.45714
phi2_conv300,3624,30181499000.0,30945191794.45714
phi2_conv300,3625,30181499000.0,30948433338.45714
phi2_conv300,3626,30181499000.0,30951674882.45714
phi2_conv300,3627,30181499000.0,30954916426.45714
phi2_conv300,3628,30181499000.0,30958157970.45714
phi2_conv300,3629,30181499000.0,30961399514.45714
phi2_conv300,3630,28607772000.0,30964443102.45714
phi2_conv300,3631,28607772000.0,30967486690.45714
phi2_conv300,3632,28607772000.0,30970530278.45714
phi2_conv300,3633,28607772000.0,30973573866.45714
phi2_conv300,3634,28607772000.0,30976617454.45714
phi2_conv300,3635,28607772000.0,30979661042.45714
phi2_conv300,3636,28607772000.0,30982704630.45714
phi2_conv300,3637,28607772000.0,30985748218.45714
phi2_conv300,3638,28607772000.0,30988791806.45714
phi2_conv300,3639,28607772000.0,30991835394.45714
phi2_conv300,3640,28607772000.0,30994911750.45714
phi2_conv300,3641,28607772000.0,30997988106.45714
phi2_conv300,3642,28607772000.0,31001064462.45714
phi2_conv300,3643,28607772000.0,31004140818.45714
phi2_conv300,3644,28607772000.0,31007217174.45714
phi2_conv300,3645,28607772000.0,31010293530.45714
phi2_conv300,3646,28607772000.0,31013369886.45714
phi2_conv300,3647,28607772000.0,31016446242.45714
phi2_conv300,3648,28607772000.0,31019522598.45714
phi2_conv300,3649,28607772000.0,31022598954.45714
phi2_conv300,3650,28607772000.0,31025675310.45714
phi2_conv300,3651,28607772000.0,31028751666.45714
phi2_conv300,3652,28607772000.0,31031828022.45714
phi2_conv300,3653,28607772000.0,31034904378.45714
phi2_conv300,3654,28607772000.0,31037980734.45714
phi2_conv300,3655,28607772000.0,31041057090.45714
phi2_conv300,3656,28607772000.0,31044133446.45714
phi2_conv300,3657,28607772000.0,31047209802.45714
phi2_conv300,3658,28607772000.0,31050286158.45714
phi2_conv300,3659,28607772000.0,31053362514.45714
phi2_conv300,3660,28607772000.0,31056438870.45714
phi2_conv300,3661,28607772000.0,31059515226.45714
phi2_conv300,3662,28607772000.0,31062591582.45714
phi2_conv300,3663,28607772000.0,31065667938.45714
phi2_conv300,3664,28607772000.0,31068744294.45714
phi2_conv300,3665,28607772000.0,31071820650.45714
phi2_conv300,3666,28607772000.0,31074897006.45714
phi2_conv300,3667,28607772000.0,31077973362.45714
phi2_conv300,3668,28607772000.0,31081049718.45714
phi2_conv300,3669,28607772000.0,31084126074.45714
phi2_conv300,3670,28607772000.0,31087202430.45714
phi2_conv300,3671,28607772000.0,31090278786.45714
phi2_conv300,3672,28607772000.0,31093355142.45714
phi2_conv300,3673,28607772000.0,31096431498.45714
phi2_conv300,3674,28607772000.0,31099507854.45714
phi2_conv300,3675,28607772000.0,31102584210.45714
phi2_conv300,3676,28607772000.0,31105660566.45714
phi2_conv300,3677,28607772000.0,31108736922.45714
phi2_conv300,3678,28607772000.0,31111813278.45714
phi2_conv300,3679,28607772000.0,31114889634.45714
phi2_conv300,3680,28607772000.0,31117965990.45714
phi2_conv300,3681,28607772000.0,31121042346.45714
phi2_conv300,3682,28607772000.0,31124118702.45714
phi2_conv300,3683,28607772000.0,31127195058.45714
phi2_conv300,3684,28607772000.0,31130271414.45714
phi2_conv300,3685,28607772000.0,31133347770.45714
phi2_conv300,3686,28607772000.0,31136424126.45714
phi2_conv300,3687,28607772000.0,31139500482.45714
phi2_conv300,3688,28607772000.0,31142576838.45714
phi2_conv300,3689,28607772000.0,31145653194.45714
phi2_conv300,3690,28607772000.0,31148729550.45714
phi2_conv300,3691,28607772000.0,31151805906.45714
phi2_conv300,3692,28607772000.0,31154882262.45714
phi2_conv300,3693,28607772000.0,31157958618.45714
phi2_conv300,3694,28607772000.0,31161034974.45714
phi2_conv300,3695,28607772000.0,31164111330.45714
phi2_conv300,3696,28607772000.0,31167187686.45714
phi2_conv300,3697,28607772000.0,31170264042.45714
phi2_conv300,3698,28607772000.0,31173340398.45714
phi2_conv300,3699,28607772000.0,31176416754.45714
phi2_conv300,3700,28607772000.0,31179493110.45714
phi2_conv300,3701,28607772000.0,31182569466.45714
phi2_conv300,3702,31269171000.0,31303761200.0
phi2_conv300,3703,31269171000.0,31306673716.0
phi2_conv300,3704,31269171000.0,31309586232.0
phi2_conv300,3705,31269171000.0,31312498748.0
phi2_conv300,3706,31269171000.0,31315411264.0
phi2_conv300,3707,31269171000.0,31318323780.0
phi2_conv300,3708,31269171000.0,31321236296.0
phi2_conv300,3709,31269171000.0,31324148812.0
phi2_conv300,3710,31269171000.0,31327061328.0
phi2_conv300,3711,31269171000.0,31329973844.0
phi2_conv300,3712,31269171000.0,31332886360.0
phi2_conv300,3713,31269171000.0,31335798876.0
phi2_conv300,3714,31269171000.0,31338711392.0
phi2_conv300,3715,31269171000.0,31341623908.0
phi2_conv300,3716,31269171000.0,31344536424.0
phi2_conv300,3717,31269171000.0,31347448940.0
phi2_conv300,3718,31269171000.0,31350361456.0
phi2_conv300,3719,31269171000.0,31353273972.0
phi2_conv300,3720,31269171000.0,31356186488.0
phi2_conv300,3721,31269171000.0,31359099004.0
phi2_conv300,3722,31269171000.0,31362011520.0
phi2_conv300,3723,31269171000.0,31364924036.0
phi2_conv300,3724,31269171000.0,31367836552.0
phi2_conv300,3725,31269171000.0,31370749068.0
phi2_conv300,3726,31269171000.0,31373661584.0
phi2_conv300,3727,31269171000.0,31376574100.0
phi2_conv300,3728,31269171000.0,31379486616.0
phi2_conv300,3729,31269171000.0,31382399132.0
phi2_conv300,3730,31269171000.0,31385311648.0
phi2_conv300,3731,31269171000.0,31388224164.0
phi2_conv300,3732,31269171000.0,31391136680.0
phi2_conv300,3733,31269171000.0,31394049196.0
phi2_conv300,3734,31269171000.0,31396961712.0
phi2_conv300,3735,31269171000.0,31399874228.0
phi2_conv300,3736,31269171000.0,31402786744.0
phi2_conv300,3737,31269171000.0,31405699260.0
phi2_conv300,3738,31269171000.0,31408611776.0
phi2_conv300,3739,31269171000.0,31411524292.0
phi2_conv300,3740,31269171000.0,31414436808.0
phi2_conv300,3741,31269171000.0,31417349324.0
phi2_conv300,3742,31269171000.0,31420261840.0
phi2_conv300,3743,31269171000.0,31423174356.0
phi2_conv300,3744,31269171000.0,31426086872.0
phi2_conv300,3745,31269171000.0,31428999388.0
phi2_conv300,3746,31269171000.0,31431911904.0
phi2_conv300,3747,31269171000.0,31434824420.0
phi2_conv300,3748,31269171000.0,31437736936.0
phi2_conv300,3749,31269171000.0,31440649452.0
phi2_conv300,3750,31269171000.0,31443561968.0
phi2_conv300,3751,31269171000.0,31446474484.0
phi2_conv300,3752,31269171000.0,31449387000.0
phi2_conv300,3753,31269171000.0,31452299516.0
phi2_conv300,3754,31269171000.0,31455212032.0
phi2_conv300,3755,31269171000.0,31458124548.0
phi2_conv300,3756,31269171000.0,31461037064.0
phi2_conv300,3757,31269171000.0,31463949580.0
phi2_conv300,3758,31269171000.0,31466862096.0
phi2_conv300,3759,31269171000.0,31469774612.0
phi2_conv300,3760,31269171000.0,31472687128.0
phi2_conv300,3761,31269171000.0,31475599644.0
phi2_conv300,3762,31269171000.0,31478512160.0
phi2_conv300,3763,31269171000.0,31481424676.0
phi2_conv300,3764,31269171000.0,31484337192.0
phi2_conv300,3765,31269171000.0,31487249708.0
phi2_conv300,3766,31269171000.0,31490162224.0
phi2_conv300,3767,31269171000.0,31493074740.0
phi2_conv300,3768,31269171000.0,31495987256.0
phi2_conv300,3769,31269171000.0,31498899772.0
phi2_conv300,3770,31269171000.0,31501812288.0
phi2_conv300,3771,31269171000.0,31504724804.0
phi2_conv300,3772,31269171000.0,31507637320.0
phi2_conv300,3773,31620490000.0,31704580404.314285
phi2_conv300,3774,31620490000.0,31790841688.62857
phi2_conv300,3775,31620490000.0,31802146912.62857
phi2_conv300,3776,31620490000.0,31805325992.62857
phi2_conv300,3777,31620490000.0,31808505072.62857
phi2_conv300,3778,31620490000.0,31811657528.62857
phi2_conv300,3779,31620490000.0,31814809984.62857
phi2_conv300,3780,31620490000.0,31817962440.62857
phi2_conv300,3781,31620490000.0,31821114896.62857
phi2_conv300,3782,31620490000.0,31824267352.62857
phi2_conv300,3783,31620490000.0,31827419808.62857
phi2_conv300,3784,31620490000.0,31830572264.62857
phi2_conv300,3785,31620490000.0,31833724720.62857
phi2_conv300,3786,31620490000.0,31836877176.62857
phi2_conv300,3787,31620490000.0,31840029632.62857
phi2_conv300,3788,31620490000.0,31843182088.62857
phi2_conv300,3789,31620490000.0,31846334544.62857
phi2_conv300,3790,31620490000.0,31849487000.62857
phi2_conv300,3791,31620490000.0,31852639456.62857
phi2_conv300,3792,31620490000.0,31855791912.62857
phi2_conv300,3793,31620490000.0,31858944368.62857
phi2_conv300,3794,31620490000.0,31862085560.62857
phi2_conv300,3795,31760229000.0,31929651312.05714
phi2_conv300,3796,31760229000.0,31933002954.05714
phi2_conv300,3797,31760229000.0,31936354596.05714
phi2_conv300,3798,31760229000.0,31939706238.05714
phi2_conv300,3799,31760229000.0,31943057880.05714
phi2_conv300,3800,31760229000.0,31946409522.05714
phi2_conv300,3801,31760229000.0,31949761164.05714
phi2_conv300,3802,31760229000.0,31953112806.05714
phi2_conv300,3803,31760229000.0,31956464448.05714
phi2_conv300,3804,31760229000.0,31959706522.05714
phi2_conv300,3805,31760229000.0,31962948596.05714
phi2_conv300,3806,31760229000.0,31966190670.05714
phi2_conv300,3807,31760229000.0,31969432744.05714
phi2_conv300,3808,31760229000.0,31972674818.05714
phi2_conv300,3809,31760229000.0,31975916892.05714
phi2_conv300,3810,31760229000.0,31979169206.05714
phi2_conv300,3811,31760229000.0,31982421520.05714
phi2_conv300,3812,31760229000.0,31985673834.05714
phi2_conv300,3813,31760229000.0,31988926148.05714
phi2_conv300,3814,31760229000.0,31992178462.05714
phi2_conv300,3815,31760229000.0,31995430776.05714
phi2_conv300,3816,31760229000.0,31998683090.05714
phi2_conv300,3817,31760229000.0,32001935404.05714
phi2_conv300,3818,31760229000.0,32005187718.05714
phi2_conv300,3819,31760229000.0,32008440032.05714
phi2_conv300,3820,31760229000.0,32011725114.05714
phi2_conv300,3821,31760229000.0,32015010196.05714
phi2_conv300,3822,31917003000.0,32080348611.914284
phi2_conv300,3823,31917003000.0,32083743279.914284
phi2_conv300,3824,31917003000.0,32087137947.914284
phi2_conv300,3825,31917003000.0,32090532615.914284
phi2_conv300,3826,31917003000.0,32093872499.914284
phi2_conv300,3827,31917003000.0,32097212383.914284
phi2_conv300,3828,31917003000.0,32100552267.914284
phi2_conv300,3829,31917003000.0,32103892151.914284
phi2_conv300,3830,31917003000.0,32107232035.914284
phi2_conv300,3831,31917003000.0,32110571919.914284
phi2_conv300,3832,31917003000.0,32113911803.914284
phi2_conv300,3833,31917003000.0,32117251687.914284
phi2_conv300,3834,31917003000.0,32120591571.914284
phi2_conv300,3835,31917003000.0,32123931455.914284
phi2_conv300,3836,31917003000.0,32127421355.914284
phi2_conv300,3837,31917003000.0,32130911255.914284
phi2_conv300,3838,31917003000.0,32134401155.914284
phi2_conv300,3839,31917003000.0,32137891055.914284
phi2_conv300,3840,31917003000.0,32141380955.914284
phi2_conv300,3841,31917003000.0,32144870855.914284
phi2_conv300,3842,31917003000.0,32148225075.914284
phi2_conv300,3843,31917003000.0,32151579295.914284
phi2_conv300,3844,31917003000.0,32154933515.914284
phi2_conv300,3845,31917003000.0,32158287735.914284
phi2_conv300,3846,31917003000.0,32161641955.914284
phi2_conv300,3847,31917003000.0,32164996175.914284
phi2_conv300,3848,31917003000.0,32168350395.914284
phi2_conv300,3849,31917003000.0,32171704615.914284
phi2_conv300,3850,31917003000.0,32175058835.914284
phi2_conv300,3851,31917003000.0,32178413055.914284
phi2_conv300,3852,31917003000.0,32181820011.914284
phi2_conv300,3853,31917003000.0,32185226967.914284
phi2_conv300,3854,31917003000.0,32188633923.914284
phi2_conv300,3855,31917003000.0,32192040879.914284
phi2_conv300,3856,31917003000.0,32195447835.914284
phi2_conv300,3857,31917003000.0,32198854791.914284
phi2_conv300,3858,31917003000.0,32202279667.914284
phi2_conv300,3859,31917003000.0,32205704543.914284
phi2_conv300,3860,31917003000.0,32209129419.914284
phi2_conv300,3861,31917003000.0,32212554295.914284
phi2_conv300,3862,31917003000.0,32215979171.914284
phi2_conv300,3863,31917003000.0,32219404047.914284
phi2_conv300,3864,31917003000.0,32222828923.914284
phi2_conv300,3865,31917003000.0,32226253799.914284
phi2_conv300,3866,31917003000.0,32229678675.914284
phi2_conv300,3867,31917003000.0,32233103551.914284
phi2_conv300,3868,31917003000.0,32236547883.914284
phi2_conv300,3869,31917003000.0,32239992215.914284
phi2_conv300,3870,31917003000.0,32243436547.914284
phi2_conv300,3871,31917003000.0,32246880879.914284
phi2_conv300,3872,31917003000.0,32250325211.914284
phi2_conv300,3873,31917003000.0,32253769543.914284
phi2_conv300,3874,31917003000.0,32257280435.914284
phi2_conv300,3875,31917003000.0,32260791327.914284
phi2_conv300,3876,31917003000.0,32264302219.914284
phi2_conv300,3877,31917003000.0,32267813111.914284
phi2_conv300,3878,31917003000.0,32271324003.914284
phi2_conv300,3879,31917003000.0,32274834895.914284
phi2_conv300,3880,31917003000.0,32278345787.914284
phi2_conv300,3881,31917003000.0,32281856679.914284
phi2_conv300,3882,31917003000.0,32285367571.914284
phi2_conv300,3883,31917003000.0,32288878463.914284
phi2_conv300,3884,31917003000.0,32292293099.914284
phi2_conv300,3885,31917003000.0,32295589957.914284
phi2_conv300,3886,31917003000.0,32298886815.914284
phi2_conv300,3887,31917003000.0,32302183673.914284
phi2_conv300,3888,31917003000.0,32305480531.914284
phi2_conv300,3889,31917003000.0,32308777389.914284
phi2_conv300,3890,31917003000.0,32312077319.914284
phi2_conv300,3891,31917003000.0,32315377249.914284
phi2_conv300,3892,31917003000.0,32318677179.914284
phi2_conv300,3893,31917003000.0,32321977109.914284
phi2_conv300,3894,31917003000.0,32325277039.914284
phi2_conv300,3895,31917003000.0,32328576969.914284
phi2_conv300,3896,31917003000.0,32331876899.914284
phi2_conv300,3897,31917003000.0,32335176829.914284
phi2_conv300,3898,31917003000.0,32338476759.914284
phi2_conv300,3899,31917003000.0,32341776689.914284
phi2_conv300,3900,31917003000.0,32345112971.914284
phi2_conv300,3901,31917003000.0,32348449253.914284
phi2_conv300,3902,31917003000.0,32351785535.914284
phi2_conv300,3903,31917003000.0,32355121817.914284
phi2_conv300,3904,31760229000.0,32358395105.914284
phi2_conv300,3905,32388505000.000004,32472784896.31429
phi2_conv300,3906,32388505000.000004,32559344216.628574
phi2_conv300,3907,32388505000.000004,32562978674.628574
phi2_conv300,3908,32388505000.000004,32566655948.628574
phi2_conv300,3909,32388505000.000004,32570333222.628574
phi2_conv300,3910,32388505000.000004,32574010496.628574
phi2_conv300,3911,32388505000.000004,32577687770.628574
phi2_conv300,3912,32388505000.000004,32581365044.628574
phi2_conv300,3913,32388505000.000004,32585042318.628574
phi2_conv300,3914,32388505000.000004,32588719592.628574
phi2_conv300,3915,32388505000.000004,32592396866.628574
phi2_conv300,3916,32388505000.000004,32596042908.628574
phi2_conv300,3917,32388505000.000004,32599688950.628574
phi2_conv300,3918,32388505000.000004,32603365712.628574
phi2_conv300,3919,32388505000.000004,32607042474.628574
phi2_conv300,3920,32388505000.000004,32610719236.628574
phi2_conv300,3921,32388505000.000004,32614395998.628574
phi2_conv300,3922,32388505000.000004,32617822392.628574
phi2_conv300,3923,32388505000.000004,32621248786.628574
phi2_conv300,3924,32388505000.000004,32624675180.628574
phi2_conv300,3925,32388505000.000004,32628101574.628574
phi2_conv300,3926,32388505000.000004,32631415822.628574
phi2_conv300,3927,32388505000.000004,32634730070.628574
phi2_conv300,3928,32388505000.000004,32638044318.628574
phi2_conv300,3929,32388505000.000004,32641358566.628574
phi2_conv300,3930,32388505000.000004,32644672814.628574
phi2_conv300,3931,32388505000.000004,32647987062.628574
phi2_conv300,3932,32388505000.000004,32651301310.628574
phi2_conv300,3933,32388505000.000004,32654615558.628574
phi2_conv300,3934,32388505000.000004,32657945166.628574
phi2_conv300,3935,32388505000.000004,32661274774.628574
phi2_conv300,3936,32388505000.000004,32664604382.628574
phi2_conv300,3937,32388505000.000004,32667933990.628574
phi2_conv300,3938,32388505000.000004,32671266670.628574
phi2_conv300,3939,32388505000.000004,32674599350.628574
phi2_conv300,3940,32388505000.000004,32677932030.628574
phi2_conv300,3941,32388505000.000004,32681264710.628574
phi2_conv300,3942,32388505000.000004,32684597390.628574
phi2_conv300,3943,32388505000.000004,32687930070.628574
phi2_conv300,3944,32388505000.000004,32691262750.628574
phi2_conv300,3945,32388505000.000004,32694595430.628574
phi2_conv300,3946,32388505000.000004,32697928110.628574
phi2_conv300,3947,32388505000.000004,32701260790.628574
phi2_conv300,3948,32388505000.000004,32704593470.628574
phi2_conv300,3949,32388505000.000004,32707926150.628574
phi2_conv300,3950,32388505000.000004,32711258830.628574
phi2_conv300,3951,32388505000.000004,32714591510.628574
phi2_conv300,3952,32388505000.000004,32717924190.628574
phi2_conv300,3953,32388505000.000004,32721256870.628574
phi2_conv300,3954,32388505000.000004,32724617710.628574
phi2_conv300,3955,32388505000.000004,32727978550.628574
phi2_conv300,3956,32388505000.000004,32731339390.628574
phi2_conv300,3957,32388505000.000004,32734700230.628574
phi2_conv300,3958,32388505000.000004,32738061070.628574
phi2_conv300,3959,32388505000.000004,32741421910.628574
phi2_conv300,3960,32388505000.000004,32744782750.628574
phi2_conv300,3961,32388505000.000004,32748143590.628574
phi2_conv300,3962,32388505000.000004,32751504430.628574
phi2_conv300,3963,32388505000.000004,32754865270.628574
phi2_conv300,3964,32388505000.000004,32758226110.628574
phi2_conv300,3965,32388505000.000004,32761586950.628574
phi2_conv300,3966,32388505000.000004,32764902734.628574
phi2_conv300,3967,32388505000.000004,32768218518.628574
phi2_conv300,3968,32388505000.000004,32771534302.628574
phi2_conv300,3969,32388505000.000004,32774850086.628574
phi2_conv300,3970,32388505000.000004,32778196078.628574
phi2_conv300,3971,32388505000.000004,32781542070.628574
phi2_conv300,3972,32388505000.000004,32784888062.628574
phi2_conv300,3973,32388505000.000004,32788234054.628574
phi2_conv300,3974,32388505000.000004,32791580046.628574
phi2_conv300,3975,32388505000.000004,32794926038.628574
phi2_conv300,3976,32388505000.000004,32798272030.628574
phi2_conv300,3977,32388505000.000004,32801618022.628574
phi2_conv300,3978,32388505000.000004,32804964014.628574
phi2_conv300,3979,32388505000.000004,32808310006.628574
phi2_conv300,3980,32388505000.000004,32811655998.628574
phi2_conv300,3981,32388505000.000004,32815001990.628574
phi2_conv300,3982,32388505000.000004,32818421710.628574
phi2_conv300,3983,32388505000.000004,32821841430.628574
phi2_conv300,3984,32388505000.000004,32825261150.628574
phi2_conv300,3985,32388505000.000004,32828680870.628574
phi2_conv300,3986,32388505000.000004,32831976686.628574
phi2_conv300,3987,32388505000.000004,32835272502.628574
phi2_conv300,3988,32388505000.000004,32838568318.628574
phi2_conv300,3989,32388505000.000004,32841864134.628574
phi2_conv300,3990,32388505000.000004,32845159950.628574
phi2_conv300,3991,32388505000.000004,32848455766.628574
phi2_conv300,3992,32388505000.000004,32851751582.628574
phi2_conv300,3993,32388505000.000004,32855047398.628574
phi2_conv300,3994,32388505000.000004,32858343214.628574
phi2_conv300,3995,32388505000.000004,32861639030.628574
phi2_conv300,3996,32388505000.000004,32864934846.628574
phi2_conv300,3997,32388505000.000004,32868230662.628574
phi2_conv300,3998,32388505000.000004,32871545422.628574
phi2_conv300,3999,32388505000.000004,32874860182.628574
phi2_conv300,4000,32388505000.000004,32878174942.628574
phi2_conv300,4001,32388505000.000004,32881489702.628574
phi2_conv300,4002,32388505000.000004,32884769134.628574
phi2_conv300,4003,32388505000.000004,32888048566.628574
phi2_conv300,4004,32388505000.000004,32891327998.628574
phi2_conv300,4005,32388505000.000004,32894607430.628574
phi2_conv300,4006,32388505000.000004,32897886862.628574
phi2_conv300,4007,32388505000.000004,32901166294.628574
phi2_conv300,4008,32388505000.000004,32904445726.628574
phi2_conv300,4009,32388505000.000004,32907725158.628574
phi2_conv300,4010,32388505000.000004,32911004590.628574
phi2_conv300,4011,32388505000.000004,32914284022.628574
phi2_conv300,4012,32388505000.000004,32917563454.628574
phi2_conv300,4013,32388505000.000004,32920842886.628574
phi2_conv300,4014,32388505000.000004,32924122318.628574
phi2_conv300,4015,32388505000.000004,32927401750.628574
phi2_conv300,4016,32388505000.000004,32930681182.628574
phi2_conv300,4017,32388505000.000004,32933960614.628574
phi2_conv300,4018,32388505000.000004,32937268718.628574
phi2_conv300,4019,32388505000.000004,32940576822.628574
phi2_conv300,4020,32388505000.000004,32943884926.628574
phi2_conv300,4021,32388505000.000004,32947193030.628574
phi2_conv300,4022,32388505000.000004,32950501134.628574
phi2_conv300,4023,32388505000.000004,32953809238.628574
phi2_conv300,4024,32388505000.000004,32957117342.628574
phi2_conv300,4025,32388505000.000004,32960425446.628574
phi2_conv300,4026,32388505000.000004,32963733550.628574
phi2_conv300,4027,32388505000.000004,32967041654.628574
phi2_conv300,4028,32388505000.000004,32970349758.628574
phi2_conv300,4029,32388505000.000004,32973657862.628574
phi2_conv300,4030,32388505000.000004,32977134414.628574
phi2_conv300,4031,32388505000.000004,32980610966.628574
phi2_conv300,4032,32388505000.000004,32984087518.628574
phi2_conv300,4033,32388505000.000004,32987564070.628574
phi2_conv300,4034,32388505000.000004,32990912622.628574
phi2_conv300,4035,32388505000.000004,32994261174.628574
phi2_conv300,4036,32388505000.000004,32997609726.628574
phi2_conv300,4037,32388505000.000004,33000958278.628574
phi2_conv300,4038,32388505000.000004,33004306830.628574
phi2_conv300,4039,32388505000.000004,33007655382.628574
phi2_conv300,4040,32388505000.000004,33011003934.628574
phi2_conv300,4041,32388505000.000004,33014352486.628574
phi2_conv300,4042,32388505000.000004,33017701038.628574
phi2_conv300,4043,32388505000.000004,33021049590.628574
phi2_conv300,4044,32388505000.000004,33024398142.628574
phi2_conv300,4045,32388505000.000004,33027746694.628574
phi2_conv300,4046,32388505000.000004,33031159246.628574
phi2_conv300,4047,32388505000.000004,33034571798.628574
phi2_conv300,4048,32388505000.000004,33037984350.628574
phi2_conv300,4049,32388505000.000004,33041396902.628574
phi2_conv300,4050,32388505000.000004,33044718318.628574
phi2_conv300,4051,32388505000.000004,33048039734.628574
phi2_conv300,4052,32388505000.000004,33051361150.628574
phi2_conv300,4053,32388505000.000004,33054682566.628574
phi2_conv300,4054,33235881999.999996,33320343656.31428
phi2_conv300,4055,33235881999.999996,33397551867.31428
phi2_conv300,4056,33235881999.999996,33401130325.31428
phi2_conv300,4057,33235881999.999996,33404708783.31428
phi2_conv300,4058,33235881999.999996,33408287241.31428
phi2_conv300,4059,33235881999.999996,33411865699.31428
phi2_conv300,4060,33235881999.999996,33415444157.31428
phi2_conv300,4061,33235881999.999996,33419022615.31428
phi2_conv300,4062,33235881999.999996,33422643569.31428
phi2_conv300,4063,33235881999.999996,33426264523.31428
phi2_conv300,4064,33235881999.999996,33429885477.31428
phi2_conv300,4065,33235881999.999996,33433506431.31428
phi2_conv300,4066,33235881999.999996,33437177561.31428
phi2_conv300,4067,33235881999.999996,33440848691.31428
phi2_conv300,4068,33235881999.999996,33444519821.31428
phi2_conv300,4069,33235881999.999996,33448162791.31428
phi2_conv300,4070,33235881999.999996,33451805761.31428
phi2_conv300,4071,33235881999.999996,33455448731.31428
phi2_conv300,4072,33235881999.999996,33459091701.31428
phi2_conv300,4073,33235881999.999996,33462734671.31428
phi2_conv300,4074,33235881999.999996,33466377641.31428
phi2_conv300,4075,33235881999.999996,33470020611.31428
phi2_conv300,4076,33235881999.999996,33473663581.31428
phi2_conv300,4077,33235881999.999996,33477306551.31428
phi2_conv300,4078,33235881999.999996,33481089809.31428
phi2_conv300,4079,33235881999.999996,33484873067.31428
phi2_conv300,4080,33413528000.0,33519261060.85714
phi2_conv300,4081,33413528000.0,33522925040.85714
phi2_conv300,4082,33413528000.0,33526698076.85714
phi2_conv300,4083,33413528000.0,33530471112.85714
phi2_conv300,4084,33413528000.0,33534244148.85714
phi2_conv300,4085,33413528000.0,33537855392.85714
phi2_conv300,4086,33413528000.0,33541466636.85714
phi2_conv300,4087,33413528000.0,33545077880.85714
phi2_conv300,4088,33413528000.0,33548689124.85714
phi2_conv300,4089,33413528000.0,33552300368.85714
phi2_conv300,4090,33413528000.0,33555911612.85714
phi2_conv300,4091,33413528000.0,33559522856.85714
phi2_conv300,4092,33491000999.999996,33644225257.171425
phi2_conv300,4093,33491000999.999996,33711738238.742855
phi2_conv300,4094,33526770000.0,33742688764.42857
phi2_conv300,4095,33526770000.0,33746680460.42857
phi2_conv300,4096,33526770000.0,33750672156.42857
phi2_conv300,4097,33526770000.0,33754663852.42857
phi2_conv300,4098,33526770000.0,33758553660.42857
phi2_conv300,4099,33526770000.0,33762443468.42857
phi2_conv300,4100,33526770000.0,33766333276.42857
phi2_conv300,4101,33526770000.0,33770213868.42857
phi2_conv300,4102,33526770000.0,33774094460.42857
phi2_conv300,4103,33526770000.0,33777975052.42857
phi2_conv300,4104,33526770000.0,33781855644.42857
phi2_conv300,4105,33526770000.0,33785801772.42857
phi2_conv300,4106,33526770000.0,33789747900.42857
phi2_conv300,4107,33526770000.0,33793809228.42857
phi2_conv300,4108,33526770000.0,33797870556.42857
phi2_conv300,4109,33526770000.0,33801931884.42857
phi2_conv300,4110,33526770000.0,33805859068.42857
phi2_conv300,4111,33526770000.0,33809786252.42857
phi2_conv300,4112,33526770000.0,33813713436.42857
phi2_conv300,4113,33645713000.0,33867710026.114285
phi2_conv300,4114,33645713000.0,33871760669.114285
phi2_conv300,4115,33645713000.0,33875811312.114285
phi2_conv300,4116,33645713000.0,33879861955.114285
phi2_conv300,4117,33645713000.0,33883911574.114285
phi2_conv300,4118,33645713000.0,33887961193.114285
phi2_conv300,4119,33645713000.0,33892010812.114285
phi2_conv300,4120,33645713000.0,33896060431.114285
phi2_conv300,4121,33645713000.0,33900025570.114285
phi2_conv300,4122,33645713000.0,33903990709.114285
phi2_conv300,4123,33645713000.0,33908228744.114285
phi2_conv300,4124,33645713000.0,33912466779.114285
phi2_conv300,4125,33645713000.0,33916704814.114285
phi2_conv300,4126,33645713000.0,33920768257.114285
phi2_conv300,4127,33748702000.0,34005951034.42857
phi2_conv300,4128,33748702000.0,34093494515.742855
phi2_conv300,4129,33748702000.0,34114596517.742855
phi2_conv300,4130,33748702000.0,34118795127.742855
phi2_conv300,4131,33748702000.0,34122948170.742855
phi2_conv300,4132,33748702000.0,34127101213.742855
phi2_conv300,4133,33748702000.0,34131247600.742855
phi2_conv300,4134,33825000000.000004,34153790562.742855
phi2_conv300,4135,33825000000.000004,34157944116.742855
phi2_conv300,4136,33825000000.000004,34162097670.742855
phi2_conv300,4137,33825000000.000004,34166340312.742855
phi2_conv300,4138,33825000000.000004,34170580394.742855
phi2_conv300,4139,33825000000.000004,34174779004.742855
phi2_conv300,4140,33825000000.000004,34178977614.742855
phi2_conv300,4141,33825000000.000004,34183176224.742855
phi2_conv300,4142,33825000000.000004,34187513586.742855
phi2_conv300,4143,33825000000.000004,34191850948.742855
phi2_conv300,4144,33825000000.000004,34196188310.742855
phi2_conv300,4145,33825000000.000004,34200525672.742855
phi2_conv300,4146,33825000000.000004,34204647994.742855
phi2_conv300,4147,33825000000.000004,34208770316.742855
phi2_conv300,4148,33932529000.000004,34293939203.05714
phi2_conv300,4149,33932529000.000004,34381401337.37143
phi2_conv300,4150,33932529000.000004,34436961978.314285
phi2_conv300,4151,33932529000.000004,34441395175.314285
phi2_conv300,4152,33932529000.000004,34445828372.314285
phi2_conv300,4153,33932529000.000004,34450226753.314285
phi2_conv300,4154,33932529000.000004,34454742382.314285
phi2_conv300,4155,33932529000.000004,34459219099.314285
phi2_conv300,4156,33932529000.000004,34463695816.314285
phi2_conv300,4157,33932529000.000004,34468172533.314285
phi2_conv300,4158,33932529000.000004,34472668194.314285
phi2_conv300,4159,33932529000.000004,34477163855.314285
phi2_conv300,4160,33932529000.000004,34481659516.314285
phi2_conv300,4161,33932529000.000004,34486155177.314285
phi2_conv300,4162,33932529000.000004,34490766550.314285
phi2_conv300,4163,33932529000.000004,34495377923.314285
phi2_conv300,4164,33932529000.000004,34499989296.314285
phi2_conv300,4165,33932529000.000004,34504394333.314285
phi2_conv300,4166,33932529000.000004,34508799370.314285
phi2_conv300,4167,33932529000.000004,34513204407.314285
phi2_conv300,4168,33932529000.000004,34517609444.314285
phi2_conv300,4169,33932529000.000004,34522005686.314285
phi2_conv300,4170,33932529000.000004,34526164872.314285
phi2_conv300,4171,33932529000.000004,34530398298.314285
phi2_conv300,4172,33932529000.000004,34534631724.314285
phi2_conv300,4173,33932529000.000004,34538865150.314285
phi2_conv300,4174,33932529000.000004,34543097552.314285
phi2_conv300,4175,33932529000.000004,34547329954.314285
phi2_conv300,4176,33932529000.000004,34551562356.314285
phi2_conv300,4177,33932529000.000004,34555794758.314285
phi2_conv300,4178,33932529000.000004,34560016920.314285
phi2_conv300,4179,33932529000.000004,34564239082.314285
phi2_conv300,4180,33932529000.000004,34568461244.314285
phi2_conv300,4181,33932529000.000004,34572670094.314285
phi2_conv300,4182,33932529000.000004,34576878944.314285
phi2_conv300,4183,33932529000.000004,34581087794.314285
phi2_conv300,4184,33932529000.000004,34585296644.314285
phi2_conv300,4185,33932529000.000004,34589501910.314285
phi2_conv300,4186,33932529000.000004,34593683112.314285
phi2_conv300,4187,33932529000.000004,34597822843.314285
phi2_conv300,4188,33932529000.000004,34601962574.314285
phi2_conv300,4189,33932529000.000004,34606102305.314285
phi2_conv300,4190,33932529000.000004,34610177012.314285
phi2_conv300,4191,33932529000.000004,34614251719.314285
phi2_conv300,4192,33932529000.000004,34618326426.314285
phi2_conv300,4193,33932529000.000004,34622401133.314285
phi2_conv300,4194,33932529000.000004,34626381120.314285
phi2_conv300,4195,33932529000.000004,34630361107.314285
phi2_conv300,4196,33932529000.000004,34634341094.314285
phi2_conv300,4197,33932529000.000004,34638377401.314285
phi2_conv300,4198,33932529000.000004,34642413708.314285
phi2_conv300,4199,33932529000.000004,34646450015.314285
phi2_conv300,4200,33932529000.000004,34650486322.314285
phi2_conv300,4201,33932529000.000004,34654571781.314285
phi2_conv300,4202,33932529000.000004,34658630616.314285
phi2_conv300,4203,33932529000.000004,34662689451.314285
phi2_conv300,4204,33932529000.000004,34666748286.314285
phi2_conv300,4205,33932529000.000004,34670807121.314285
phi2_conv300,4206,33932529000.000004,34674790180.314285
phi2_conv300,4207,33932529000.000004,34678773239.314285
phi2_conv300,4208,33932529000.000004,34682756298.314285
phi2_conv300,4209,33932529000.000004,34686739357.314285
phi2_conv300,4210,33932529000.000004,34690847344.314285
phi2_conv300,4211,33932529000.000004,34694955331.314285
phi2_conv300,4212,33932529000.000004,34699063318.314285
phi2_conv300,4213,33932529000.000004,34703275241.314285
phi2_conv300,4214,33932529000.000004,34707487164.314285
phi2_conv300,4215,33932529000.000004,34711699087.314285
phi2_conv300,4216,33932529000.000004,34715911010.314285
phi2_conv300,4217,33932529000.000004,34719954997.314285
phi2_conv300,4218,33932529000.000004,34724121352.314285
phi2_conv300,4219,33932529000.000004,34728287707.314285
phi2_conv300,4220,33932529000.000004,34732454062.314285
phi2_conv300,4221,33932529000.000004,34736620417.314285
phi2_conv300,4222,33932529000.000004,34740839508.314285
phi2_conv300,4223,33932529000.000004,34745058599.314285
phi2_conv300,4224,33932529000.000004,34749277690.314285
phi2_conv300,4225,33932529000.000004,34753496781.314285
phi2_conv300,4226,33932529000.000004,34757700000.314285
phi2_conv300,4227,33932529000.000004,34761903219.314285
phi2_conv300,4228,33932529000.000004,34766106438.314285
phi2_conv300,4229,33932529000.000004,34770450457.314285
phi2_conv300,4230,33932529000.000004,34774794476.314285
phi2_conv300,4231,33932529000.000004,34779138495.314285
phi2_conv300,4232,33932529000.000004,34783482514.314285
phi2_conv300,4233,33932529000.000004,34787759461.314285
phi2_conv300,4234,33932529000.000004,34791851576.314285
phi2_conv300,4235,33932529000.000004,34795943691.314285
phi2_conv300,4236,33932529000.000004,34800035806.314285
phi2_conv300,4237,33932529000.000004,34804127921.314285
phi2_conv300,4238,33932529000.000004,34808250756.314285
phi2_conv300,4239,33932529000.000004,34812373591.314285
phi2_conv300,4240,33932529000.000004,34816496426.314285
phi2_conv300,4241,33932529000.000004,34820619261.314285
phi2_conv300,4242,33932529000.000004,34824642768.314285
phi2_conv300,4243,33932529000.000004,34828666275.314285
phi2_conv300,4244,33932529000.000004,34832689782.314285
phi2_conv300,4245,33932529000.000004,34836761929.314285
phi2_conv300,4246,33932529000.000004,34840834076.314285
phi2_conv300,4247,33932529000.000004,34844906223.314285
phi2_conv300,4248,33932529000.000004,34848978370.314285
phi2_conv300,4249,33932529000.000004,34853127829.314285
phi2_conv300,4250,33932529000.000004,34857426280.314285
phi2_conv300,4251,33932529000.000004,34861724731.314285
phi2_conv300,4252,33932529000.000004,34866023182.314285
phi2_conv300,4253,33932529000.000004,34870321633.314285
phi2_conv300,4254,33932529000.000004,34874427060.314285
phi2_conv300,4255,33932529000.000004,34878532487.314285
phi2_conv300,4256,34746446000.0,34963950656.62857
phi2_conv300,4257,34746446000.0,35051325145.942856
phi2_conv300,4258,34746446000.0,35069565355.942856
phi2_conv300,4259,34746446000.0,35074187901.942856
phi2_conv300,4260,34746446000.0,35078810447.942856
phi2_conv300,4261,34746446000.0,35083151905.942856
phi2_conv300,4262,34746446000.0,35087493363.942856
phi2_conv300,4263,34746446000.0,35091834821.942856
phi2_conv300,4264,34746446000.0,35096176279.942856
phi2_conv300,4265,34746446000.0,35100535657.942856
phi2_conv300,4266,34746446000.0,35104823867.942856
phi2_conv300,4267,34746446000.0,35109112077.942856
phi2_conv300,4268,34746446000.0,35113400287.942856
phi2_conv300,4269,34746446000.0,35117688497.942856
phi2_conv300,4270,34746446000.0,35122161539.942856
phi2_conv300,4271,34746446000.0,35126634581.942856
phi2_conv300,4272,34746446000.0,35131107623.942856
phi2_conv300,4273,34746446000.0,35135580665.942856
phi2_conv300,4274,34746446000.0,35140016843.942856
phi2_conv300,4275,34746446000.0,35144453021.942856
phi2_conv300,4276,34746446000.0,35148889199.942856
phi2_conv300,4277,34746446000.0,35153264961.942856
phi2_conv300,4278,34746446000.0,35157640723.942856
phi2_conv300,4279,34746446000.0,35162016485.942856
phi2_conv300,4280,34746446000.0,35166392247.942856
phi2_conv300,4281,34746446000.0,35170898569.942856
phi2_conv300,4282,34746446000.0,35175315803.942856
phi2_conv300,4283,34746446000.0,35179733037.942856
phi2_conv300,4284,34746446000.0,35184150271.942856
phi2_conv300,4285,34746446000.0,35188567505.942856
phi2_conv300,4286,34746446000.0,35192944291.942856
phi2_conv300,4287,34746446000.0,35197321077.942856
phi2_conv300,4288,34746446000.0,35201697863.942856
phi2_conv300,4289,34746446000.0,35206074649.942856
phi2_conv300,4290,34746446000.0,35210424811.942856
phi2_conv300,4291,34746446000.0,35214746814.942856
phi2_conv300,4292,34746446000.0,35219068817.942856
phi2_conv300,4293,34746446000.0,35223370852.942856
phi2_conv300,4294,34746446000.0,35227672887.942856
phi2_conv300,4295,34746446000.0,35231974922.942856
phi2_conv300,4296,34746446000.0,35236276957.942856
phi2_conv300,4297,34746446000.0,35240458093.942856
phi2_conv300,4298,34746446000.0,35244674045.942856
phi2_conv300,4299,34746446000.0,35248889997.942856
phi2_conv300,4300,34746446000.0,35253105949.942856
phi2_conv300,4301,34746446000.0,35257321901.942856
phi2_conv300,4302,34746446000.0,35261693501.942856
phi2_conv300,4303,34746446000.0,35266065101.942856
phi2_conv300,4304,34746446000.0,35270436701.942856
phi2_conv300,4305,34746446000.0,35274808301.942856
phi2_conv300,4306,34746446000.0,35278760043.942856
phi2_conv300,4307,34746446000.0,35282711785.942856
phi2_conv300,4308,34746446000.0,35286663527.942856
phi2_conv300,4309,34746446000.0,35290694117.942856
phi2_conv300,4310,34746446000.0,35294724707.942856
phi2_conv300,4311,34746446000.0,35298755297.942856
phi2_conv300,4312,34746446000.0,35302785887.942856
phi2_conv300,4313,34746446000.0,35306769373.942856
phi2_conv300,4314,34746446000.0,35311047771.942856
phi2_conv300,4315,34746446000.0,35315326169.942856
phi2_conv300,4316,34746446000.0,35319604567.942856
phi2_conv300,4317,34746446000.0,35323882965.942856
phi2_conv300,4318,34746446000.0,35328161363.942856
phi2_conv300,4319,34746446000.0,35332439761.942856
phi2_conv300,4320,34746446000.0,35336718159.942856
phi2_conv300,4321,34746446000.0,35340996557.942856
phi2_conv300,4322,34746446000.0,35345167435.942856
phi2_conv300,4323,34746446000.0,35349338313.942856
phi2_conv300,4324,34746446000.0,35353509191.942856
phi2_conv300,4325,34746446000.0,35357542853.942856
phi2_conv300,4326,34746446000.0,35361576515.942856
phi2_conv300,4327,34746446000.0,35365610177.942856
phi2_conv300,4328,34746446000.0,35369643839.942856
phi2_conv300,4329,35294069000.0,35436230353.08572
phi2_conv300,4330,35294069000.0,35439991119.08572
phi2_conv300,4331,35294069000.0,35443751885.08572
phi2_conv300,4332,35294069000.0,35447512651.08572
phi2_conv300,4333,35294069000.0,35451273417.08572
phi2_conv300,4334,35294069000.0,35455034183.08572
phi2_conv300,4335,35294069000.0,35458794949.08572
phi2_conv300,4336,35294069000.0,35462555715.08572
phi2_conv300,4337,35294069000.0,35466316481.08572
phi2_conv300,4338,35294069000.0,35470101311.08572
phi2_conv300,4339,35294069000.0,35473886141.08572
phi2_conv300,4340,35294069000.0,35477670971.08572
phi2_conv300,4341,35294069000.0,35481420985.08572
phi2_conv300,4342,35294069000.0,35485170999.08572
phi2_conv300,4343,35294069000.0,35488921013.08572
phi2_conv300,4344,35294069000.0,35492671027.08572
phi2_conv300,4345,35294069000.0,35496481457.08572
phi2_conv300,4346,35294069000.0,35500237103.08572
phi2_conv300,4347,35294069000.0,35503896475.08572
phi2_conv300,4348,35294069000.0,35507555847.08572
phi2_conv300,4349,35294069000.0,35511215219.08572
phi2_conv300,4350,35294069000.0,35514874591.08572
phi2_conv300,4351,35294069000.0,35518533963.08572
phi2_conv300,4352,35294069000.0,35522193335.08572
phi2_conv300,4353,35294069000.0,35525852707.08572
phi2_conv300,4354,35294069000.0,35529597071.08572
phi2_conv300,4355,35294069000.0,35533341435.08572
phi2_conv300,4356,35294069000.0,35537085799.08572
phi2_conv300,4357,35294069000.0,35540740051.08572
phi2_conv300,4358,35294069000.0,35544394303.08572
phi2_conv300,4359,35294069000.0,35548048555.08572
phi2_conv300,4360,35294069000.0,35551702807.08572
phi2_conv300,4361,35294069000.0,35555371907.08572
phi2_conv300,4362,35294069000.0,35559071727.08572
phi2_conv300,4363,35294069000.0,35562771547.08572
phi2_conv300,4364,35294069000.0,35566471367.08572
phi2_conv300,4365,35294069000.0,35570171187.08572
phi2_conv300,4366,35294069000.0,35573871007.08572
phi2_conv300,4367,35294069000.0,35577570827.08572
phi2_conv300,4368,35294069000.0,35581270647.08572
phi2_conv300,4369,35294069000.0,35584970467.08572
phi2_conv300,4370,35294069000.0,35588648271.08572
phi2_conv300,4371,35294069000.0,35592326075.08572
phi2_conv300,4372,35294069000.0,35596003879.08572
phi2_conv300,4373,35294069000.0,35599753875.08572
phi2_conv300,4374,35294069000.0,35603503871.08572
phi2_conv300,4375,35294069000.0,35607253867.08572
phi2_conv300,4376,35294069000.0,35611003863.08572
phi2_conv300,4377,35294069000.0,35614744643.08572
phi2_conv300,4378,35294069000.0,35618447535.08572
phi2_conv300,4379,35294069000.0,35622150427.08572
phi2_conv300,4380,35294069000.0,35625853319.08572
phi2_conv300,4381,35294069000.0,35629556211.08572
phi2_conv300,4382,35294069000.0,35633259103.08572
phi2_conv300,4383,35294069000.0,35636961995.08572
phi2_conv300,4384,35294069000.0,35640664887.08572
phi2_conv300,4385,35294069000.0,35644367779.08572
phi2_conv300,4386,35294069000.0,35648219663.08572
phi2_conv300,4387,35294069000.0,35652071547.08572
phi2_conv300,4388,35294069000.0,35655923431.08572
phi2_conv300,4389,35294069000.0,35659653971.08572
phi2_conv300,4390,35294069000.0,35663384511.08572
phi2_conv300,4391,35294069000.0,35667115051.08572
phi2_conv300,4392,35294069000.0,35670845591.08572
phi2_conv300,4393,35294069000.0,35674630403.08572
phi2_conv300,4394,35294069000.0,35678304623.08572
phi2_conv300,4395,35294069000.0,35681978843.08572
phi2_conv300,4396,35294069000.0,35685653063.08572
phi2_conv300,4397,35294069000.0,35689327283.08572
phi2_conv300,4398,35294069000.0,35693001503.08572
phi2_conv300,4399,35294069000.0,35696675723.08572
phi2_conv300,4400,35294069000.0,35700349943.08572
phi2_conv300,4401,35294069000.0,35704024163.08572
phi2_conv300,4402,35294069000.0,35707665103.08572
phi2_conv300,4403,35294069000.0,35711306043.08572
phi2_conv300,4404,35294069000.0,35714946983.08572
phi2_conv300,4405,35294069000.0,35718763027.08572
phi2_conv300,4406,35294069000.0,35722579071.08572
phi2_conv300,4407,35294069000.0,35726395115.08572
phi2_conv300,4408,35294069000.0,35730211159.08572
phi2_conv300,4409,35294069000.0,35734063043.08572
phi2_conv300,4410,35294069000.0,35737766959.08572
phi2_conv300,4411,35294069000.0,35741470875.08572
phi2_conv300,4412,35294069000.0,35745174791.08572
phi2_conv300,4413,35294069000.0,35748878707.08572
phi2_conv300,4414,35294069000.0,35752582623.08572
phi2_conv300,4415,35294069000.0,35756286539.08572
phi2_conv300,4416,35294069000.0,35759990455.08572
phi2_conv300,4417,35294069000.0,35763694371.08572
phi2_conv300,4418,35294069000.0,35767526799.08572
phi2_conv300,4419,35294069000.0,35771359227.08572
phi2_conv300,4420,35294069000.0,35775191655.08572
phi2_conv300,4421,35294069000.0,35778871507.08572
phi2_conv300,4422,35294069000.0,35782551359.08572
phi2_conv300,4423,35294069000.0,35786231211.08572
phi2_conv300,4424,35294069000.0,35789911063.08572
phi2_conv300,4425,35294069000.0,35793813635.08572
phi2_conv300,4426,35294069000.0,35797634799.08572
phi2_conv300,4427,35294069000.0,35801455963.08572
phi2_conv300,4428,35294069000.0,35805277127.08572
phi2_conv300,4429,35294069000.0,35809098291.08572
phi2_conv300,4430,35294069000.0,35812919455.08572
phi2_conv300,4431,34746446000.0,35816517369.08572
phi2_conv300,4432,34746446000.0,35820115283.08572
phi2_conv300,4433,34746446000.0,35823713197.08572
phi2_conv300,4434,34746446000.0,35827293703.08572
phi2_conv300,4435,34746446000.0,35830874209.08572
phi2_conv300,4436,34746446000.0,35834454715.08572
phi2_conv300,4437,34746446000.0,35838111509.08572
phi2_conv300,4438,34746446000.0,35841768303.08572
phi2_conv300,4439,34746446000.0,35845425097.08572
phi2_conv300,4440,34746446000.0,35849081891.08572
phi2_conv300,4441,34746446000.0,35852738685.08572
phi2_conv300,4442,34746446000.0,35856449751.08572
phi2_conv300,4443,34746446000.0,35860160817.08572
phi2_conv300,4444,34746446000.0,35863871883.08572
phi2_conv300,4445,34746446000.0,35867582949.08572
phi2_conv300,4446,34746446000.0,35871294015.08572
phi2_conv300,4447,34746446000.0,35875005081.08572
phi2_conv300,4448,34746446000.0,35878716147.08572
phi2_conv300,4449,34746446000.0,35882427213.08572
phi2_conv300,4450,34746446000.0,35886023079.08572
phi2_conv300,4451,34746446000.0,35889618945.08572
phi2_conv300,4452,34746446000.0,35893214811.08572
phi2_conv300,4453,34746446000.0,35896846517.08572
phi2_conv300,4454,34746446000.0,35900253437.08572
phi2_conv300,4455,34746446000.0,35903660357.08572
phi2_conv300,4456,34746446000.0,35907067277.08572
phi2_conv300,4457,34746446000.0,35910474197.08572
phi2_conv300,4458,34746446000.0,35913875997.08572
phi2_conv300,4459,34746446000.0,35917277797.08572
phi2_conv300,4460,34746446000.0,35920679597.08572
phi2_conv300,4461,34746446000.0,35924081397.08572
phi2_conv300,4462,34746446000.0,35927483197.08572
phi2_conv300,4463,36138512000.0,36223027928.314285
phi2_conv300,4464,36138512000.0,36309706544.62857
phi2_conv300,4465,36138512000.0,36317196874.62857
phi2_conv300,4466,36138512000.0,36320859812.62857
phi2_conv300,4467,36138512000.0,36324522750.62857
phi2_conv300,4468,36138512000.0,36328185688.62857
phi2_conv300,4469,36138512000.0,36331848626.62857
phi2_conv300,4470,36138512000.0,36335511564.62857
phi2_conv300,4471,36138512000.0,36339174502.62857
phi2_conv300,4472,36138512000.0,36342837440.62857
phi2_conv300,4473,36138512000.0,36346500378.62857
phi2_conv300,4474,36138512000.0,36350084980.62857
phi2_conv300,4475,36138512000.0,36353669582.62857
phi2_conv300,4476,36138512000.0,36357254184.62857
phi2_conv300,4477,36138512000.0,36360838786.62857
phi2_conv300,4478,36138512000.0,36364423388.62857
phi2_conv300,4479,36138512000.0,36368007990.62857
phi2_conv300,4480,36138512000.0,36371654032.62857
phi2_conv300,4481,36138512000.0,36375300074.62857
phi2_conv300,4482,36138512000.0,36378920516.62857
phi2_conv300,4483,36138512000.0,36382540958.62857
phi2_conv300,4484,36138512000.0,36386161400.62857
phi2_conv300,4485,36138512000.0,36389781842.62857
phi2_conv300,4486,36138512000.0,36393402284.62857
phi2_conv300,4487,36138512000.0,36397022726.62857
phi2_conv300,4488,36138512000.0,36400643168.62857
phi2_conv300,4489,36138512000.0,36404263610.62857
phi2_conv300,4490,36138512000.0,36407960340.62857
phi2_conv300,4491,36138512000.0,36411657070.62857
phi2_conv300,4492,36138512000.0,36415353800.62857
phi2_conv300,4493,36138512000.0,36419050530.62857
phi2_conv300,4494,36138512000.0,36422747260.62857
phi2_conv300,4495,36138512000.0,36426443990.62857
phi2_conv300,4496,36138512000.0,36430050608.62857
phi2_conv300,4497,36138512000.0,36433657226.62857
phi2_conv300,4498,36138512000.0,36437221348.62857
phi2_conv300,4499,36138512000.0,36440785470.62857
phi2_conv300,4500,36138512000.0,36444349592.62857
phi2_conv300,4501,36138512000.0,36447913714.62857
phi2_conv300,4502,36138512000.0,36451477836.62857
phi2_conv300,4503,36138512000.0,36455041958.62857
phi2_conv300,4504,36138512000.0,36458606080.62857
phi2_conv300,4505,36138512000.0,36462170202.62857
phi2_conv300,4506,36138512000.0,36465954484.62857
phi2_conv300,4507,36138512000.0,36469738766.62857
phi2_conv300,4508,36138512000.0,36473523048.62857
phi2_conv300,4509,36138512000.0,36477307330.62857
phi2_conv300,4510,36138512000.0,36481091612.62857
phi2_conv300,4511,36138512000.0,36484875894.62857
phi2_conv300,4512,36138512000.0,36488603856.62857
phi2_conv300,4513,36138512000.0,36492331818.62857
phi2_conv300,4514,36138512000.0,36496124292.62857
phi2_conv300,4515,36138512000.0,36499916766.62857
phi2_conv300,4516,36138512000.0,36503709240.62857
phi2_conv300,4517,36138512000.0,36507501714.62857
phi2_conv300,4518,36138512000.0,36511294188.62857
phi2_conv300,4519,36138512000.0,36515086662.62857
phi2_conv300,4520,36138512000.0,36518879136.62857
phi2_conv300,4521,36138512000.0,36522671610.62857
phi2_conv300,4522,36520417000.0,36556918950.457146
phi2_conv300,4523,36520417000.0,36560560402.457146
phi2_conv300,4524,36520417000.0,36564201854.457146
phi2_conv300,4525,36520417000.0,36567843306.457146
phi2_conv300,4526,36520417000.0,36571484758.457146
phi2_conv300,4527,36520417000.0,36575113410.457146
phi2_conv300,4528,36520417000.0,36578776366.457146
phi2_conv300,4529,36520417000.0,36582439322.457146
phi2_conv300,4530,36520417000.0,36586109446.457146
phi2_conv300,4531,36520417000.0,36589779570.457146
phi2_conv300,4532,36520417000.0,36593449694.457146
phi2_conv300,4533,36520417000.0,36597119818.457146
phi2_conv300,4534,36520417000.0,36600789942.457146
phi2_conv300,4535,36520417000.0,36604460066.457146
phi2_conv300,4536,36520417000.0,36608130190.457146
phi2_conv300,4537,36520417000.0,36611800314.457146
phi2_conv300,4538,36520417000.0,36615651686.457146
phi2_conv300,4539,36520417000.0,36619503058.457146
phi2_conv300,4540,36520417000.0,36623354430.457146
phi2_conv300,4541,36520417000.0,36627205802.457146
phi2_conv300,4542,36520417000.0,36631057174.457146
phi2_conv300,4543,36520417000.0,36634429808.457146
phi2_conv300,4544,36520417000.0,36637860298.457146
phi2_conv300,4545,36520417000.0,36641290788.457146
phi2_conv300,4546,36520417000.0,36644721278.457146
phi2_conv300,4547,36520417000.0,36648151768.457146
phi2_conv300,4548,36520417000.0,36651582258.457146
phi2_conv300,4549,36520417000.0,36655012748.457146
phi2_conv300,4550,36520417000.0,36658443238.457146
phi2_conv300,4551,36520417000.0,36661873728.457146
phi2_conv300,4552,36520417000.0,36665304218.457146
phi2_conv300,4553,36520417000.0,36668734708.457146
phi2_conv300,4554,36520417000.0,36672217422.457146
phi2_conv300,4555,36520417000.0,36675700136.457146
phi2_conv300,4556,36520417000.0,36679182850.457146
phi2_conv300,4557,36520417000.0,36682665564.457146
phi2_conv300,4558,36520417000.0,36686148278.457146
phi2_conv300,4559,36520417000.0,36689537296.457146
phi2_conv300,4560,36520417000.0,36692982634.457146
phi2_conv300,4561,36520417000.0,36696427972.457146
phi2_conv300,4562,36520417000.0,36699873310.457146
phi2_conv300,4563,36520417000.0,36703318648.457146
phi2_conv300,4564,36520417000.0,36706763986.457146
phi2_conv300,4565,36520417000.0,36710209324.457146
phi2_conv300,4566,36520417000.0,36713654662.457146
phi2_conv300,4567,36520417000.0,36717100000.457146
phi2_conv300,4568,36520417000.0,36720545338.457146
phi2_conv300,4569,36520417000.0,36723990676.457146
phi2_conv300,4570,36520417000.0,36727451886.457146
phi2_conv300,4571,36520417000.0,36730913096.457146
phi2_conv300,4572,36520417000.0,36734374306.457146
phi2_conv300,4573,36520417000.0,36737835516.457146
phi2_conv300,4574,36520417000.0,36741296726.457146
phi2_conv300,4575,36520417000.0,36744769200.457146
phi2_conv300,4576,36520417000.0,36748269834.457146
phi2_conv300,4577,36520417000.0,36751770468.457146
phi2_conv300,4578,36520417000.0,36755271102.457146
phi2_conv300,4579,36520417000.0,36758771736.457146
phi2_conv300,4580,36864739000.0,36949299831.51428
phi2_conv300,4581,36864739000.0,37036166711.028564
phi2_conv300,4582,36864739000.0,37088644618.19999
phi2_conv300,4583,36864739000.0,37092379254.19999
phi2_conv300,4584,36864739000.0,37096113890.19999
phi2_conv300,4585,36864739000.0,37099848526.19999
phi2_conv300,4586,36864739000.0,37103574970.19999
phi2_conv300,4587,36864739000.0,37107301414.19999
phi2_conv300,4588,36864739000.0,37111027858.19999
phi2_conv300,4589,36864739000.0,37114754302.19999
phi2_conv300,4590,36864739000.0,37118480746.19999
phi2_conv300,4591,36864739000.0,37122263510.19999
phi2_conv300,4592,36864739000.0,37126027842.19999
phi2_conv300,4593,36864739000.0,37129792174.19999
phi2_conv300,4594,36864739000.0,37133556506.19999
phi2_conv300,4595,36864739000.0,37137320838.19999
phi2_conv300,4596,36864739000.0,37141082098.19999
phi2_conv300,4597,36864739000.0,37144843358.19999
phi2_conv300,4598,36864739000.0,37148604618.19999
phi2_conv300,4599,36864739000.0,37152365878.19999
phi2_conv300,4600,36864739000.0,37156127138.19999
phi2_conv300,4601,36864739000.0,37159888398.19999
phi2_conv300,4602,36864739000.0,37163571834.19999
phi2_conv300,4603,36864739000.0,37167255270.19999
phi2_conv300,4604,36864739000.0,37170938706.19999
phi2_conv300,4605,36864739000.0,37174622142.19999
phi2_conv300,4606,36864739000.0,37178305578.19999
phi2_conv300,4607,36864739000.0,37182048406.19999
phi2_conv300,4608,36864739000.0,37185790210.19999
phi2_conv300,4609,36864739000.0,37189532014.19999
phi2_conv300,4610,36864739000.0,37193273818.19999
phi2_conv300,4611,36864739000.0,37197015622.19999
phi2_conv300,4612,36864739000.0,37200701618.19999
phi2_conv300,4613,36864739000.0,37204387614.19999
phi2_conv300,4614,36864739000.0,37208073610.19999
phi2_conv300,4615,36864739000.0,37211759606.19999
phi2_conv300,4616,37124806000.0,37215442484.19999
phi2_conv300,4617,37124806000.0,37219288754.19999
phi2_conv300,4618,37124806000.0,37223190320.19999
phi2_conv300,4619,37124806000.0,37227091886.19999
phi2_conv300,4620,37124806000.0,37230993452.19999
phi2_conv300,4621,37124806000.0,37234895018.19999
phi2_conv300,4622,37124806000.0,37238796584.19999
phi2_conv300,4623,37124806000.0,37242533286.19999
phi2_conv300,4624,37124806000.0,37246320164.19999
phi2_conv300,4625,37124806000.0,37250107042.19999
phi2_conv300,4626,37124806000.0,37253893920.19999
phi2_conv300,4627,37124806000.0,37257680798.19999
phi2_conv300,4628,37124806000.0,37261532188.19999
phi2_conv300,4629,37124806000.0,37265383578.19999
phi2_conv300,4630,37124806000.0,37269285656.19999
phi2_conv300,4631,37124806000.0,37273187734.19999
phi2_conv300,4632,37124806000.0,37277089812.19999
phi2_conv300,4633,37124806000.0,37280991890.19999
phi2_conv300,4634,37124806000.0,37284698896.19999
phi2_conv300,4635,37124806000.0,37288405902.19999
phi2_conv300,4636,37124806000.0,37292112908.19999
phi2_conv300,4637,37124806000.0,37295819914.19999
phi2_conv300,4638,37124806000.0,37299526920.19999
phi2_conv300,4639,37124806000.0,37303246214.19999
phi2_conv300,4640,37124806000.0,37307296260.19999
phi2_conv300,4641,37124806000.0,37310849136.19999
phi2_conv300,4642,37124806000.0,37314402012.19999
phi2_conv300,4643,37124806000.0,37317954888.19999
phi2_conv300,4644,37124806000.0,37321407924.19999
phi2_conv300,4645,37124806000.0,37324860960.19999
phi2_conv300,4646,37124806000.0,37328317068.19999
phi2_conv300,4647,37124806000.0,37331773176.19999
phi2_conv300,4648,37124806000.0,37335229284.19999
phi2_conv300,4649,37124806000.0,37338685392.19999
phi2_conv300,4650,37124806000.0,37342141500.19999
phi2_conv300,4651,37124806000.0,37345597608.19999
phi2_conv300,4652,37124806000.0,37349053716.19999
phi2_conv300,4653,37124806000.0,37352509824.19999
phi2_conv300,4654,37124806000.0,37355965932.19999
phi2_conv300,4655,37124806000.0,37359464536.19999
phi2_conv300,4656,37124806000.0,37362910404.19999
phi2_conv300,4657,37124806000.0,37366356272.19999
phi2_conv300,4658,37124806000.0,37369802140.19999
phi2_conv300,4659,37124806000.0,37373248008.19999
phi2_conv300,4660,37124806000.0,37376733812.19999
phi2_conv300,4661,37124806000.0,37380219616.19999
phi2_conv300,4662,37124806000.0,37383702348.19999
phi2_conv300,4663,37124806000.0,37387185080.19999
phi2_conv300,4664,37124806000.0,37390667812.19999
phi2_conv300,4665,37124806000.0,37394150544.19999
phi2_conv300,4666,37124806000.0,37397633276.19999
phi2_conv300,4667,37124806000.0,37401116008.19999
phi2_conv300,4668,37124806000.0,37404598740.19999
phi2_conv300,4669,37124806000.0,37408081472.19999
phi2_conv300,4670,37124806000.0,37411564204.19999
phi2_conv300,4671,37124806000.0,37415036184.19999
phi2_conv300,4672,37124806000.0,37418536836.19999
phi2_conv300,4673,37124806000.0,37422037488.19999
phi2_conv300,4674,37475965000.0,37560440072.314285
phi2_conv300,4675,37475965000.0,37647221192.62857
phi2_conv300,4676,37475965000.0,37657299078.62857
phi2_conv300,4677,37475965000.0,37660961540.62857
phi2_conv300,4678,37475965000.0,37664631170.62857
phi2_conv300,4679,37475965000.0,37668300800.62857
phi2_conv300,4680,37475965000.0,37671970430.62857
phi2_conv300,4681,37475965000.0,37675640060.62857
phi2_conv300,4682,37475965000.0,37679309690.62857
phi2_conv300,4683,37475965000.0,37683130872.62857
phi2_conv300,4684,37475965000.0,37686931556.62857
phi2_conv300,4685,37475965000.0,37690732240.62857
phi2_conv300,4686,37475965000.0,37694532924.62857
phi2_conv300,4687,37475965000.0,37698333608.62857
phi2_conv300,4688,37475965000.0,37702147604.62857
phi2_conv300,4689,37475965000.0,37705961600.62857
phi2_conv300,4690,37475965000.0,37709775596.62857
phi2_conv300,4691,37475965000.0,37713589592.62857
phi2_conv300,4692,37475965000.0,37717349828.62857
phi2_conv300,4693,37475965000.0,37721110064.62857
phi2_conv300,4694,37475965000.0,37724745372.62857
phi2_conv300,4695,37475965000.0,37728380680.62857
phi2_conv300,4696,37475965000.0,37732015988.62857
phi2_conv300,4697,37475965000.0,37735651296.62857
phi2_conv300,4698,37475965000.0,37739286604.62857
phi2_conv300,4699,37475965000.0,37742884024.62857
phi2_conv300,4700,37475965000.0,37746481444.62857
phi2_conv300,4701,37475965000.0,37750078864.62857
phi2_conv300,4702,37475965000.0,37753676284.62857
phi2_conv300,4703,37475965000.0,37757273704.62857
phi2_conv300,4704,37475965000.0,37760891092.62857
phi2_conv300,4705,37475965000.0,37764508480.62857
phi2_conv300,4706,37475965000.0,37768125868.62857
phi2_conv300,4707,37475965000.0,37771743256.62857
phi2_conv300,4708,37475965000.0,37775369348.62857
phi2_conv300,4709,37475965000.0,37778977502.62857
phi2_conv300,4710,37475965000.0,37782585656.62857
phi2_conv300,4711,37475965000.0,37786193810.62857
phi2_conv300,4712,37475965000.0,37789801964.62857
phi2_conv300,4713,37475965000.0,37793410118.62857
phi2_conv300,4714,37475965000.0,37797018272.62857
phi2_conv300,4715,37475965000.0,37800640250.62857
phi2_conv300,4716,37475965000.0,37804262228.62857
phi2_conv300,4717,37475965000.0,37807884206.62857
phi2_conv300,4718,37475965000.0,37811506184.62857
phi2_conv300,4719,37475965000.0,37815128162.62857
phi2_conv300,4720,37475965000.0,37818691260.62857
phi2_conv300,4721,37475965000.0,37822254358.62857
phi2_conv300,4722,37475965000.0,37825817456.62857
phi2_conv300,4723,37475965000.0,37829380554.62857
phi2_conv300,4724,37475965000.0,37832993828.62857
phi2_conv300,4725,37475965000.0,37836607102.62857
phi2_conv300,4726,37475965000.0,37840220376.62857
phi2_conv300,4727,37475965000.0,37843833650.62857
phi2_conv300,4728,37475965000.0,37847446924.62857
phi2_conv300,4729,37475965000.0,37851060198.62857
phi2_conv300,4730,37475965000.0,37854673472.62857
phi2_conv300,4731,37475965000.0,37858275482.62857
phi2_conv300,4732,37475965000.0,37861877492.62857
phi2_conv300,4733,37475965000.0,37865479502.62857
phi2_conv300,4734,37475965000.0,37869081512.62857
phi2_conv300,4735,37475965000.0,37872683522.62857
phi2_conv300,4736,37475965000.0,37876242524.62857
phi2_conv300,4737,37475965000.0,37879801526.62857
phi2_conv300,4738,37475965000.0,37883360528.62857
phi2_conv300,4739,37475965000.0,37886919530.62857
phi2_conv300,4740,37475965000.0,37890566084.62857
phi2_conv300,4741,37475965000.0,37894212638.62857
phi2_conv300,4742,37475965000.0,37897859192.62857
phi2_conv300,4743,37475965000.0,37901505746.62857
phi2_conv300,4744,37475965000.0,37905152300.62857
phi2_conv300,4745,37475965000.0,37908798854.62857
phi2_conv300,4746,37475965000.0,37912445408.62857
phi2_conv300,4747,37475965000.0,37916209722.62857
phi2_conv300,4748,37475965000.0,37919974036.62857
phi2_conv300,4749,37475965000.0,37923738350.62857
phi2_conv300,4750,37475965000.0,37927502664.62857
phi2_conv300,4751,37475965000.0,37931266978.62857
phi2_conv300,4752,37475965000.0,37934878204.62857
phi2_conv300,4753,37475965000.0,37938489430.62857
phi2_conv300,4754,37475965000.0,37942100656.62857
phi2_conv300,4755,37475965000.0,37945711882.62857
phi2_conv300,4756,37475965000.0,37949328228.62857
phi2_conv300,4757,37475965000.0,37952944574.62857
phi2_conv300,4758,37475965000.0,37956560920.62857
phi2_conv300,4759,37475965000.0,37960177266.62857
phi2_conv300,4760,37475965000.0,37963793612.62857
phi2_conv300,4761,37475965000.0,37967409958.62857
phi2_conv300,4762,37475965000.0,37971026304.62857
phi2_conv300,4763,37475965000.0,37974726106.62857
phi2_conv300,4764,37475965000.0,37978425908.62857
phi2_conv300,4765,37475965000.0,37982125710.62857
phi2_conv300,4766,37475965000.0,37985825512.62857
phi2_conv300,4767,37475965000.0,37989525314.62857
phi2_conv300,4768,37475965000.0,37993180060.62857
phi2_conv300,4769,37475965000.0,37996834806.62857
phi2_conv300,4770,37475965000.0,38000489552.62857
phi2_conv300,4771,37475965000.0,38004144298.62857
phi2_conv300,4772,37475965000.0,38007816964.62857
phi2_conv300,4773,37475965000.0,38011489630.62857
phi2_conv300,4774,37475965000.0,38015162296.62857
phi2_conv300,4775,37475965000.0,38018834962.62857
phi2_conv300,4776,37475965000.0,38022507628.62857
phi2_conv300,4777,37475965000.0,38026180294.62857
phi2_conv300,4778,37475965000.0,38029852960.62857
phi2_conv300,4779,37475965000.0,38033603450.62857
phi2_conv300,4780,37475965000.0,38037353940.62857
phi2_conv300,4781,38154930000.0,38216474763.48572
phi2_conv300,4782,38154930000.0,38220156151.48572
phi2_conv300,4783,38154930000.0,38223837539.48572
phi2_conv300,4784,38154930000.0,38227749327.48572
phi2_conv300,4785,38154930000.0,38231661115.48572
phi2_conv300,4786,38154930000.0,38235572903.48572
phi2_conv300,4787,38154930000.0,38239484691.48572
phi2_conv300,4788,38154930000.0,38243232639.48572
phi2_conv300,4789,38154930000.0,38246980587.48572
phi2_conv300,4790,38154930000.0,38250728535.48572
phi2_conv300,4791,38154930000.0,38254476483.48572
phi2_conv300,4792,38154930000.0,38258224431.48572
phi2_conv300,4793,38154930000.0,38261961115.48572
phi2_conv300,4794,38154930000.0,38265697799.48572
phi2_conv300,4795,38154930000.0,38269512307.48572
phi2_conv300,4796,38154930000.0,38273326815.48572
phi2_conv300,4797,38154930000.0,38277141323.48572
phi2_conv300,4798,38154930000.0,38280559013.48572
phi2_conv300,4799,38154930000.0,38283976703.48572
phi2_conv300,4800,38154930000.0,38287421529.48572
phi2_conv300,4801,38154930000.0,38290866355.48572
phi2_conv300,4802,38154930000.0,38294311181.48572
phi2_conv300,4803,38154930000.0,38297756007.48572
phi2_conv300,4804,38154930000.0,38301200833.48572
phi2_conv300,4805,38154930000.0,38304645659.48572
phi2_conv300,4806,38154930000.0,38308090485.48572
phi2_conv300,4807,38154930000.0,38311535311.48572
phi2_conv300,4808,38154930000.0,38314980137.48572
phi2_conv300,4809,38154930000.0,38318438275.48572
phi2_conv300,4810,38154930000.0,38321896413.48572
phi2_conv300,4811,38154930000.0,38325432887.48572
phi2_conv300,4812,38154930000.0,38328969361.48572
phi2_conv300,4813,38154930000.0,38332505835.48572
phi2_conv300,4814,38154930000.0,38336042309.48572
phi2_conv300,4815,38154930000.0,38339578783.48572
phi2_conv300,4816,38154930000.0,38343033337.48572
phi2_conv300,4817,38154930000.0,38346487891.48572
phi2_conv300,4818,38154930000.0,38349942445.48572
phi2_conv300,4819,38392642000.0,38477566044.314285
phi2_conv300,4820,38392642000.0,38564845288.62857
phi2_conv300,4821,38392642000.0,38654821748.942856
phi2_conv300,4822,38392642000.0,38747096065.25714
phi2_conv300,4823,38392642000.0,38842841741.57143
phi2_conv300,4824,38392642000.0,38940877081.88571
phi2_conv300,4825,38392642000.0,39042099110.2
phi2_conv300,4826,38392642000.0,39133590637.2
phi2_conv300,4827,38549044000.0,39218770221.51428
phi2_conv300,4828,38549044000.0,39306315309.82857
phi2_conv300,4829,38549044000.0,39323586315.82857
phi2_conv300,4830,38549044000.0,39328051081.82857
phi2_conv300,4831,38549044000.0,39332515847.82857
phi2_conv300,4832,38549044000.0,39337029765.82857
phi2_conv300,4833,38549044000.0,39341543683.82857
phi2_conv300,4834,38549044000.0,39346057601.82857
phi2_conv300,4835,38549044000.0,39350571519.82857
phi2_conv300,4836,38549044000.0,39355085437.82857
phi2_conv300,4837,38549044000.0,39359599355.82857
phi2_conv300,4838,38549044000.0,39364113273.82857
phi2_conv300,4839,38549044000.0,39368627191.82857
phi2_conv300,4840,38549044000.0,39373141109.82857
phi2_conv300,4841,38549044000.0,39377562849.82857
phi2_conv300,4842,38549044000.0,39381984589.82857
phi2_conv300,4843,38549044000.0,39386247097.82857
phi2_conv300,4844,38549044000.0,39390587941.82857
phi2_conv300,4845,38549044000.0,39394865297.82857
phi2_conv300,4846,38549044000.0,39399142653.82857
phi2_conv300,4847,38549044000.0,39403420009.82857
phi2_conv300,4848,38549044000.0,39408052181.82857
phi2_conv300,4849,38549044000.0,39412684353.82857
phi2_conv300,4850,38549044000.0,39417316525.82857
phi2_conv300,4851,38549044000.0,39421948697.82857
phi2_conv300,4852,38549044000.0,39426580869.82857
phi2_conv300,4853,38549044000.0,39431213041.82857
phi2_conv300,4854,38549044000.0,39435845213.82857
phi2_conv300,4855,38549044000.0,39440477385.82857
phi2_conv300,4856,38549044000.0,39445109557.82857
phi2_conv300,4857,38549044000.0,39449741729.82857
phi2_conv300,4858,38813332000.0,39535253730.14285
phi2_conv300,4859,38813332000.0,39623013794.45714
phi2_conv300,4860,38813332000.0,39635439840.45714
phi2_conv300,4861,38813332000.0,39639998814.45714
phi2_conv300,4862,38813332000.0,39644557788.45714
phi2_conv300,4863,38813332000.0,39649116762.45714
phi2_conv300,4864,38813332000.0,39653594840.45714
phi2_conv300,4865,38813332000.0,39658072918.45714
phi2_conv300,4866,38813332000.0,39662550996.45714
phi2_conv300,4867,38813332000.0,39667029074.45714
phi2_conv300,4868,38813332000.0,39671507152.45714
phi2_conv300,4869,38813332000.0,39675985230.45714
phi2_conv300,4870,38813332000.0,39680463308.45714
phi2_conv300,4871,38813332000.0,39684941386.45714
phi2_conv300,4872,38813332000.0,39689419464.45714
phi2_conv300,4873,38813332000.0,39694063942.45714
phi2_conv300,4874,38813332000.0,39698708420.45714
phi2_conv300,4875,38813332000.0,39703325762.45714
phi2_conv300,4876,38813332000.0,39707963072.45714
phi2_conv300,4877,38813332000.0,39712560958.45714
phi2_conv300,4878,38813332000.0,39717158844.45714
phi2_conv300,4879,38813332000.0,39721756730.45714
phi2_conv300,4880,38813332000.0,39726581944.45714
phi2_conv300,4881,38813332000.0,39731407158.45714
phi2_conv300,4882,38813332000.0,39736232372.45714
phi2_conv300,4883,38813332000.0,39741057586.45714
phi2_conv300,4884,38813332000.0,39745882800.45714
phi2_conv300,4885,38813332000.0,39750708014.45714
phi2_conv300,4886,38813332000.0,39755533228.45714
phi2_conv300,4887,38813332000.0,39760358442.45714
phi2_conv300,4888,38813332000.0,39765183656.45714
phi2_conv300,4889,38813332000.0,39769402132.45714
phi2_conv300,4890,38813332000.0,39773620608.45714
phi2_conv300,4891,38813332000.0,39777954796.45714
phi2_conv300,4892,39091915000.0,39863213292.77142
phi2_conv300,4893,39091915000.0,39950826925.08571
phi2_conv300,4894,39091915000.0,40041737837.399994
phi2_conv300,4895,39091915000.0,40134520621.71428
phi2_conv300,4896,39091915000.0,40230467566.028564
phi2_conv300,4897,39091915000.0,40328477390.34285
phi2_conv300,4898,39091915000.0,40429808526.657135
phi2_conv300,4899,39220584000.0,40533220482.97142
phi2_conv300,4900,39220584000.0,40618845879.285706
phi2_conv300,4901,39220584000.0,40707260331.59999
phi2_conv300,4902,39220584000.0,40745651327.71428
phi2_conv300,4903,39324127000.0,40831788505.028564
phi2_conv300,4904,39324127000.0,40920252210.34285
phi2_conv300,4905,39324127000.0,40942341477.34285
phi2_conv300,4906,39324127000.0,40947707960.34285
phi2_conv300,4907,39324127000.0,40953213707.34285
phi2_conv300,4908,39324127000.0,40958080923.34285
phi2_conv300,4909,39324127000.0,40962858027.34285
phi2_conv300,4910,39324127000.0,40967635131.34285
phi2_conv300,4911,39324127000.0,40972412235.34285
phi2_conv300,4912,39324127000.0,40977189339.34285
phi2_conv300,4913,39324127000.0,40981966443.34285
phi2_conv300,4914,39324127000.0,40986743547.34285
phi2_conv300,4915,39324127000.0,40991520651.34285
phi2_conv300,4916,39324127000.0,40996297755.34285
phi2_conv300,4917,39324127000.0,41001074859.34285
phi2_conv300,4918,39324127000.0,41005851963.34285
phi2_conv300,4919,39324127000.0,41010629067.34285
phi2_conv300,4920,39324127000.0,41015415899.34285
phi2_conv300,4921,39324127000.0,41020316395.34285
phi2_conv300,4922,39324127000.0,41025216891.34285
phi2_conv300,4923,39324127000.0,41030116875.34285
phi2_conv300,4924,39324127000.0,41035016859.34285
phi2_conv300,4925,39324127000.0,41039641899.34285
phi2_conv300,4926,39324127000.0,41044266939.34285
phi2_conv300,4927,39324127000.0,41048891979.34285
phi2_conv300,4928,39324127000.0,41053517019.34285
phi2_conv300,4929,39324127000.0,41058142059.34285
phi2_conv300,4930,39324127000.0,41062767099.34285
phi2_conv300,4931,39324127000.0,41067392139.34285
phi2_conv300,4932,39324127000.0,41072017179.34285
phi2_conv300,4933,39324127000.0,41076642219.34285
phi2_conv300,4934,39324127000.0,41081267259.34285
phi2_conv300,4935,39324127000.0,41085892299.34285
phi2_conv300,4936,39324127000.0,41089951049.34285
phi2_conv300,4937,39324127000.0,41094157767.34285
phi2_conv300,4938,39324127000.0,41098364485.34285
phi2_conv300,4939,39324127000.0,41102458051.34285
phi2_conv300,4940,39637764000.0,41166105248.399994
phi2_conv300,4941,39645191000.0,41251159993.71428
phi2_conv300,4942,39645191000.0,41338948435.028564
phi2_conv300,4943,39645191000.0,41362281638.028564
phi2_conv300,4944,39645191000.0,41366672761.028564
phi2_conv300,4945,39645191000.0,41371063884.028564
phi2_conv300,4946,39645191000.0,41375479071.028564
phi2_conv300,4947,39645191000.0,41379894258.028564
phi2_conv300,4948,39645191000.0,41384309445.028564
phi2_conv300,4949,39645191000.0,41388724632.028564
phi2_conv300,4950,39645191000.0,41393139819.028564
phi2_conv300,4951,39645191000.0,41397555006.028564
phi2_conv300,4952,39645191000.0,41401970193.028564
phi2_conv300,4953,39645191000.0,41406337252.028564
phi2_conv300,4954,39645191000.0,41410704311.028564
phi2_conv300,4955,39645191000.0,41415209610.028564
phi2_conv300,4956,39645191000.0,41419714909.028564
phi2_conv300,4957,39645191000.0,41423990320.028564
phi2_conv300,4958,39645191000.0,41428265731.028564
phi2_conv300,4959,39645191000.0,41432541142.028564
phi2_conv300,4960,39645191000.0,41436788905.028564
phi2_conv300,4961,39645191000.0,41441036668.028564
phi2_conv300,4962,39645191000.0,41445429327.028564
phi2_conv300,4963,39645191000.0,41449821986.028564
phi2_conv300,4964,39645191000.0,41454214645.028564
phi2_conv300,4965,39645191000.0,41458607304.028564
phi2_conv300,4966,39645191000.0,41462999963.028564
phi2_conv300,4967,39645191000.0,41467392622.028564
phi2_conv300,4968,39645191000.0,41471785281.028564
phi2_conv300,4969,39645191000.0,41476478484.028564
phi2_conv300,4970,39645191000.0,41481171687.028564
phi2_conv300,4971,39645191000.0,41485569466.028564
phi2_conv300,4972,39645191000.0,41489967245.028564
phi2_conv300,4973,39645191000.0,41494445408.028564
phi2_conv300,4974,39645191000.0,41498923571.028564
phi2_conv300,4975,39645191000.0,41503401734.028564
phi2_conv300,4976,39645191000.0,41507814873.028564
phi2_conv300,4977,39645191000.0,41512228012.028564
phi2_conv300,4978,39645191000.0,41516618623.028564
phi2_conv300,4979,39645191000.0,41521009234.028564
phi2_conv300,4980,39645191000.0,41525399845.028564
phi2_conv300,4981,39645191000.0,41529790456.028564
phi2_conv300,4982,39645191000.0,41534181067.028564
phi2_conv300,4983,39645191000.0,41538571678.028564
phi2_conv300,4984,39645191000.0,41542962289.028564
phi2_conv300,4985,39645191000.0,41547370308.028564
phi2_conv300,4986,39645191000.0,41551778327.028564
phi2_conv300,4987,40041867000.0,41561522921.028564
phi2_conv300,4988,40041867000.0,41565863867.028564
phi2_conv300,4989,40041867000.0,41570328205.028564
phi2_conv300,4990,40041867000.0,41574792543.028564
phi2_conv300,4991,40041867000.0,41579256881.028564
phi2_conv300,4992,40041867000.0,41583731971.028564
phi2_conv300,4993,40041867000.0,41588178901.028564
phi2_conv300,4994,40041867000.0,41592654503.028564
phi2_conv300,4995,40041867000.0,41597130105.028564
phi2_conv300,4996,40041867000.0,41601605707.028564
phi2_conv300,4997,40041867000.0,41606081309.028564
phi2_conv300,4998,40041867000.0,41610556911.028564
phi2_conv300,4999,40041867000.0,41615032513.028564
phi2_conv300,5000,40041867000.0,41619508115.028564
phi2_conv300,5001,40041867000.0,41624111717.028564
phi2_conv300,5002,40041867000.0,41628715319.028564
phi2_conv300,5003,40041867000.0,41633247241.028564
phi2_conv300,5004,40041867000.0,41637779163.028564
phi2_conv300,5005,40041867000.0,41642402733.028564
phi2_conv300,5006,40041867000.0,41647026303.028564
phi2_conv300,5007,40041867000.0,41651649873.028564
phi2_conv300,5008,40041867000.0,41656206371.028564
phi2_conv300,5009,40041867000.0,41660604661.028564
phi2_conv300,5010,40041867000.0,41665265607.028564
phi2_conv300,5011,40041867000.0,41669926553.028564
phi2_conv300,5012,40041867000.0,41674587499.028564
phi2_conv300,5013,40041867000.0,41679248445.028564
phi2_conv300,5014,40041867000.0,41683909391.028564
phi2_conv300,5015,40041867000.0,41688570337.028564
phi2_conv300,5016,40041867000.0,41693231283.028564
phi2_conv300,5017,40041867000.0,41697657221.028564
phi2_conv300,5018,40041867000.0,41702083159.028564
phi2_conv300,5019,40041867000.0,41706546473.028564
phi2_conv300,5020,40041867000.0,41711009787.028564
phi2_conv300,5021,40041867000.0,41715556557.028564
phi2_conv300,5022,40041867000.0,41720103327.028564
phi2_conv300,5023,40041867000.0,41724650097.028564
phi2_conv300,5024,40041867000.0,41729084739.028564
phi2_conv300,5025,40041867000.0,41733613077.028564
phi2_conv300,5026,40350634000.0,41819120907.34285
phi2_conv300,5027,40350634000.0,41907138113.657135
phi2_conv300,5028,40350634000.0,41997760375.97142
phi2_conv300,5029,40350634000.0,42091345518.285706
phi2_conv300,5030,40350634000.0,42187834724.59999
phi2_conv300,5031,40350634000.0,42204090737.59999
phi2_conv300,5032,40350634000.0,42209324702.59999
phi2_conv300,5033,40479164000.0,42295170577.914276
phi2_conv300,5034,40479164000.0,42383576453.22856
phi2_conv300,5035,40479164000.0,42410358444.45713
phi2_conv300,5036,40479164000.0,42415878196.45713
phi2_conv300,5037,40479164000.0,42421163964.45713
phi2_conv300,5038,40479164000.0,42426449732.45713
phi2_conv300,5039,40479164000.0,42431735500.45713
phi2_conv300,5040,40479164000.0,42436886100.45713
phi2_conv300,5041,40479164000.0,42442063324.45713
phi2_conv300,5042,40479164000.0,42447258889.45713
phi2_conv300,5043,40479164000.0,42452454454.45713
phi2_conv300,5044,40479164000.0,42457650019.45713
phi2_conv300,5045,40479164000.0,42462845584.45713
phi2_conv300,5046,40479164000.0,42468041149.45713
phi2_conv300,5047,40479164000.0,42473240810.45713
phi2_conv300,5048,40479164000.0,42478440471.45713
phi2_conv300,5049,40479164000.0,42483916612.45713
phi2_conv300,5050,40479164000.0,42489392753.45713
phi2_conv300,5051,40479164000.0,42494822302.45713
phi2_conv300,5052,40479164000.0,42500251851.45713
phi2_conv300,5053,40479164000.0,42505729528.45713
phi2_conv300,5054,40479164000.0,42511207205.45713
phi2_conv300,5055,40479164000.0,42516684882.45713
phi2_conv300,5056,40479164000.0,42522162559.45713
phi2_conv300,5057,40479164000.0,42527533228.45713
phi2_conv300,5058,40479164000.0,42533076441.45713
phi2_conv300,5059,40479164000.0,42538619654.45713
phi2_conv300,5060,40479164000.0,42544162867.45713
phi2_conv300,5061,40479164000.0,42549706080.45713
phi2_conv300,5062,40479164000.0,42555249293.45713
phi2_conv300,5063,40479164000.0,42560270778.45713
phi2_conv300,5064,40479164000.0,42565292263.45713
phi2_conv300,5065,40479164000.0,42570397204.45713
phi2_conv300,5066,40479164000.0,42575502145.45713
phi2_conv300,5067,40479164000.0,42580483182.45713
phi2_conv300,5068,40479164000.0,42585464219.45713
phi2_conv300,5069,40479164000.0,42590697672.45713
phi2_conv300,5070,40479164000.0,42595931125.45713
phi2_conv300,5071,40479164000.0,42601164578.45713
phi2_conv300,5072,40479164000.0,42606398031.45713
phi2_conv300,5073,40479164000.0,42611687292.45713
phi2_conv300,5074,40479164000.0,42616778921.45713
phi2_conv300,5075,40479164000.0,42621870550.45713
phi2_conv300,5076,40479164000.0,42626962179.45713
phi2_conv300,5077,40479164000.0,42632053808.45713
phi2_conv300,5078,40479164000.0,42637145437.45713
phi2_conv300,5079,40479164000.0,42642153098.45713
phi2_conv300,5080,40479164000.0,42647160759.45713
phi2_conv300,5081,40479164000.0,42652002953.45713
phi2_conv300,5082,40479164000.0,42656845147.45713
phi2_conv300,5083,40479164000.0,42661592109.45713
phi2_conv300,5084,40479164000.0,42666339071.45713
phi2_conv300,5085,40479164000.0,42670792146.45713
phi2_conv300,5086,40479164000.0,42675245221.45713
phi2_conv300,5087,40479164000.0,42679698296.45713
phi2_conv300,5088,40479164000.0,42684151371.45713
phi2_conv300,5089,40479164000.0,42688475422.45713
phi2_conv300,5090,40479164000.0,42693078001.45713
phi2_conv300,5091,40479164000.0,42697680580.45713
phi2_conv300,5092,40479164000.0,42702283159.45713
phi2_conv300,5093,40479164000.0,42706885738.45713
phi2_conv300,5094,40479164000.0,42711488317.45713
phi2_conv300,5095,40479164000.0,42716111376.45713
phi2_conv300,5096,40479164000.0,42720734435.45713
phi2_conv300,5097,40479164000.0,42725244854.45713
phi2_conv300,5098,40479164000.0,42729755273.45713
phi2_conv300,5099,40479164000.0,42734195036.45713
phi2_conv300,5100,40479164000.0,42738634799.45713
phi2_conv300,5101,40479164000.0,42743079682.45713
phi2_conv300,5102,40479164000.0,42747524565.45713
phi2_conv300,5103,40479164000.0,42751969448.45713
phi2_conv300,5104,40479164000.0,42756414331.45713
phi2_conv300,5105,40479164000.0,42760797774.45713
phi2_conv300,5106,40479164000.0,42765279521.45713
phi2_conv300,5107,41125873000.0,42788438099.45713
phi2_conv300,5108,41125873000.0,42793158949.45713
phi2_conv300,5109,41125873000.0,42797660663.45713
phi2_conv300,5110,41125873000.0,42802162377.45713
phi2_conv300,5111,41125873000.0,42806653339.45713
phi2_conv300,5112,41125873000.0,42811144301.45713
phi2_conv300,5113,41125873000.0,42815692607.45713
phi2_conv300,5114,41125873000.0,42820240913.45713
phi2_conv300,5115,41125873000.0,42824662755.45713
phi2_conv300,5116,41125873000.0,42829084597.45713
phi2_conv300,5117,41125873000.0,42833737351.45713
phi2_conv300,5118,41125873000.0,42838390105.45713
phi2_conv300,5119,41125873000.0,42843042859.45713
phi2_conv300,5120,41125873000.0,42847695613.45713
phi2_conv300,5121,41125873000.0,42852262863.45713
phi2_conv300,5122,41125873000.0,42856703649.45713
phi2_conv300,5123,41125873000.0,42861144435.45713
phi2_conv300,5124,41125873000.0,42865585221.45713
phi2_conv300,5125,41125873000.0,42870031639.45713
phi2_conv300,5126,41125873000.0,42874478057.45713
phi2_conv300,5127,41125873000.0,42879161531.45713
phi2_conv300,5128,41125873000.0,42883845005.45713
phi2_conv300,5129,41125873000.0,42888301151.45713
phi2_conv300,5130,41125873000.0,42892757297.45713
phi2_conv300,5131,41125873000.0,42897235459.45713
phi2_conv300,5132,41125873000.0,42901713621.45713
phi2_conv300,5133,41125873000.0,42906660775.45713
phi2_conv300,5134,41125873000.0,42911607929.45713
phi2_conv300,5135,41125873000.0,42916555083.45713
phi2_conv300,5136,41357391000.0,42990195507.59999
phi2_conv300,5137,41357391000.0,42994701920.59999
phi2_conv300,5138,41357391000.0,42999476621.59999
phi2_conv300,5139,41357391000.0,43004251322.59999
phi2_conv300,5140,41357391000.0,43009026023.59999
phi2_conv300,5141,41357391000.0,43013789972.59999
phi2_conv300,5142,41357391000.0,43018553921.59999
phi2_conv300,5143,41357391000.0,43023278958.59999
phi2_conv300,5144,41357391000.0,43028003995.59999
phi2_conv300,5145,41357391000.0,43032586184.59999
phi2_conv300,5146,41357391000.0,43037168373.59999
phi2_conv300,5147,41357391000.0,43041896482.59999
phi2_conv300,5148,41357391000.0,43046624591.59999
phi2_conv300,5149,41357391000.0,43051417724.59999
phi2_conv300,5150,41357391000.0,43056210857.59999
phi2_conv300,5151,41357391000.0,43061003990.59999
phi2_conv300,5152,41357391000.0,43065797123.59999
phi2_conv300,5153,41357391000.0,43070343984.59999
phi2_conv300,5154,41357391000.0,43074927106.59999
phi2_conv300,5155,41357391000.0,43079510228.59999
phi2_conv300,5156,41357391000.0,43084093350.59999
phi2_conv300,5157,41357391000.0,43088766072.59999
phi2_conv300,5158,41357391000.0,43093438794.59999
phi2_conv300,5159,41357391000.0,43098123292.59999
phi2_conv300,5160,41357391000.0,43102807790.59999
phi2_conv300,5161,41357391000.0,43107460032.59999
phi2_conv300,5162,41357391000.0,43112112274.59999
phi2_conv300,5163,41357391000.0,43116630884.59999
phi2_conv300,5164,41357391000.0,43121149494.59999
phi2_conv300,5165,41357391000.0,43125781768.59999
phi2_conv300,5166,41357391000.0,43130414042.59999
phi2_conv300,5167,41357391000.0,43135046316.59999
phi2_conv300,5168,41357391000.0,43139678590.59999
phi2_conv300,5169,41357391000.0,43144339536.59999
phi2_conv300,5170,41357391000.0,43149026082.59999
phi2_conv300,5171,41357391000.0,43153712628.59999
phi2_conv300,5172,41357391000.0,43158399174.59999
phi2_conv300,5173,41357391000.0,43162948504.59999
phi2_conv300,5174,41357391000.0,43167497834.59999
phi2_conv300,5175,41357391000.0,43172160828.59999
phi2_conv300,5176,41357391000.0,43176823822.59999
phi2_conv300,5177,41357391000.0,43181470944.59999
phi2_conv300,5178,41357391000.0,43186118066.59999
phi2_conv300,5179,41357391000.0,43190625924.59999
phi2_conv300,5180,41357391000.0,43195133782.59999
phi2_conv300,5181,41357391000.0,43199744040.59999
phi2_conv300,5182,41357391000.0,43204354298.59999
phi2_conv300,5183,41357391000.0,43208964556.59999
phi2_conv300,5184,41357391000.0,43213574814.59999
phi2_conv300,5185,41357391000.0,43218481520.59999
phi2_conv300,5186,41357391000.0,43223049794.59999
phi2_conv300,5187,41357391000.0,43227618068.59999
phi2_conv300,5188,41357391000.0,43232186342.59999
phi2_conv300,5189,41357391000.0,43236743352.59999
phi2_conv300,5190,41357391000.0,43241300362.59999
phi2_conv300,5191,41357391000.0,43245815900.59999
phi2_conv300,5192,41357391000.0,43250331438.59999
phi2_conv300,5193,41357391000.0,43254941696.59999
phi2_conv300,5194,41357391000.0,43259551954.59999
phi2_conv300,5195,41357391000.0,43264203684.59999
phi2_conv300,5196,41357391000.0,43268855414.59999
phi2_conv300,5197,41357391000.0,43273738568.59999
phi2_conv300,5198,41357391000.0,43278621722.59999
phi2_conv300,5199,41357391000.0,43283504876.59999
phi2_conv300,5200,41357391000.0,43288388030.59999
phi2_conv300,5201,41357391000.0,43292970640.59999
phi2_conv300,5202,41357391000.0,43297700706.59999
phi2_conv300,5203,41357391000.0,43302430772.59999
phi2_conv300,5204,41357391000.0,43307160838.59999
phi2_conv300,5205,41357391000.0,43311872984.59999
phi2_conv300,5206,41357391000.0,43316585130.59999
phi2_conv300,5207,41357391000.0,43321364860.59999
phi2_conv300,5208,41357391000.0,43326144590.59999
phi2_conv300,5209,41357391000.0,43330813216.59999
phi2_conv300,5210,41357391000.0,43335481842.59999
phi2_conv300,5211,41357391000.0,43340075204.59999
phi2_conv300,5212,41357391000.0,43344668566.59999
phi2_conv300,5213,41357391000.0,43349386344.59999
phi2_conv300,5214,41357391000.0,43354104122.59999
phi2_conv300,5215,41357391000.0,43358821900.59999
phi2_conv300,5216,41357391000.0,43363539678.59999
phi2_conv300,5217,41357391000.0,43368146352.59999
phi2_conv300,5218,41357391000.0,43372912258.59999
phi2_conv300,5219,41357391000.0,43377678164.59999
phi2_conv300,5220,41125873000.0,43382353959.59999
phi2_conv300,5221,41125873000.0,43387056378.59999
phi2_conv300,5222,41125873000.0,43391758797.59999
phi2_conv300,5223,41125873000.0,43396082269.59999
phi2_conv300,5224,41125873000.0,43400405741.59999
phi2_conv300,5225,41125873000.0,43404706173.59999
phi2_conv300,5226,41125873000.0,43409006605.59999
phi2_conv300,5227,41125873000.0,43413361309.59999
phi2_conv300,5228,41125873000.0,43417716013.59999
phi2_conv300,5229,41125873000.0,43422056893.59999
phi2_conv300,5230,41125873000.0,43426397773.59999
phi2_conv300,5231,41125873000.0,43430738653.59999
phi2_conv300,5232,41125873000.0,43435079533.59999
phi2_conv300,5233,41125873000.0,43439420413.59999
phi2_conv300,5234,41125873000.0,43443684493.59999
phi2_conv300,5235,41125873000.0,43447948573.59999
phi2_conv300,5236,41125873000.0,43452212653.59999
phi2_conv300,5237,41125873000.0,43456511549.59999
phi2_conv300,5238,41125873000.0,43460810445.59999
phi2_conv300,5239,41125873000.0,43465023325.59999
phi2_conv300,5240,41125873000.0,43469236205.59999
phi2_conv300,5241,41125873000.0,43473688189.59999
phi2_conv300,5242,41125873000.0,43478140173.59999
phi2_conv300,5243,41125873000.0,43482451357.59999
phi2_conv300,5244,41125873000.0,43486762541.59999
phi2_conv300,5245,41125873000.0,43491035325.59999
phi2_conv300,5246,41125873000.0,43495308109.59999
phi2_conv300,5247,41125873000.0,43499580893.59999
phi2_conv300,5248,41125873000.0,43503853677.59999
phi2_conv300,5249,41125873000.0,43508126461.59999
phi2_conv300,5250,41125873000.0,43512744333.59999
phi2_conv300,5251,41125873000.0,43517362205.59999
phi2_conv300,5252,41125873000.0,43521980077.59999
phi2_conv300,5253,41125873000.0,43526277437.59999
phi2_conv300,5254,41125873000.0,43530574797.59999
phi2_conv300,5255,41125873000.0,43534861917.59999
phi2_conv300,5256,41125873000.0,43539149037.59999
phi2_conv300,5257,41125873000.0,43543765885.59999
phi2_conv300,5258,41125873000.0,43548382733.59999
phi2_conv300,5259,41125873000.0,43552634013.59999
phi2_conv300,5260,41125873000.0,43556885293.59999
phi2_conv300,5261,42334055000.0,43642180966.914276
phi2_conv300,5262,42334055000.0,43729746624.22856
phi2_conv300,5263,42334055000.0,43749972371.22856
phi2_conv300,5264,42334055000.0,43754521702.22856
phi2_conv300,5265,42334055000.0,43759071033.22856
phi2_conv300,5266,42334055000.0,43763830796.22856
phi2_conv300,5267,42334055000.0,43768590559.22856
phi2_conv300,5268,42334055000.0,43773383090.22856
phi2_conv300,5269,42334055000.0,43777982597.22856
phi2_conv300,5270,42334055000.0,43782582104.22856
phi2_conv300,5271,42334055000.0,43787074091.22856
phi2_conv300,5272,42334055000.0,43791566078.22856
phi2_conv300,5273,42334055000.0,43796227537.22856
phi2_conv300,5274,42334055000.0,43800572513.22856
phi2_conv300,5275,42334055000.0,43804550367.22856
phi2_conv300,5276,42334055000.0,43808528221.22856
phi2_conv300,5277,42334055000.0,43812506075.22856
phi2_conv300,5278,42334055000.0,43816483929.22856
phi2_conv300,5279,42334055000.0,43820461783.22856
phi2_conv300,5280,42334055000.0,43824439637.22856
phi2_conv300,5281,42334055000.0,43828417491.22856
phi2_conv300,5282,42334055000.0,43832739409.22856
phi2_conv300,5283,42334055000.0,43837061327.22856
phi2_conv300,5284,42530625000.0,43920877096.54285
phi2_conv300,5285,42545263000.0,44005852897.85713
phi2_conv300,5286,42545263000.0,44093466011.17142
phi2_conv300,5287,42563820000.0,44179442116.6857
phi2_conv300,5288,42563820000.0,44266231994.999985
phi2_conv300,5289,42563820000.0,44280000775.999985
phi2_conv300,5290,42563820000.0,44284576820.999985
phi2_conv300,5291,42563820000.0,44289344353.999985
phi2_conv300,5292,42563820000.0,44294111886.999985
phi2_conv300,5293,42563820000.0,44298879419.999985
phi2_conv300,5294,42563820000.0,44303646952.999985
phi2_conv300,5295,42563820000.0,44308414485.999985
phi2_conv300,5296,42685223000.0,44394064265.31427
phi2_conv300,5297,42691238000.0,44480265114.628555
phi2_conv300,5298,42691238000.0,44567377803.94284
phi2_conv300,5299,42715300000.0,44653627002.257126
phi2_conv300,5300,42715300000.0,44740771048.57141
phi2_conv300,5301,42715300000.0,44818507846.82855
phi2_conv300,5302,42715300000.0,44823482693.82855
phi2_conv300,5303,42808573000.0,44909663792.14284
phi2_conv300,5304,42808573000.0,44981280121.68569
phi2_conv300,5305,42808573000.0,44986694355.68569
phi2_conv300,5306,42808573000.0,44992108589.68569
phi2_conv300,5307,42808573000.0,44997282695.68569
phi2_conv300,5308,42808573000.0,45002456801.68569
phi2_conv300,5309,42808573000.0,45007674939.68569
phi2_conv300,5310,42808573000.0,45012812602.68569
phi2_conv300,5311,42808573000.0,45017950265.68569
phi2_conv300,5312,42808573000.0,45023087928.68569
phi2_conv300,5313,42808573000.0,45028225591.68569
phi2_conv300,5314,42808573000.0,45033403702.68569
phi2_conv300,5315,42808573000.0,45038581813.68569
phi2_conv300,5316,42808573000.0,45044096820.68569
phi2_conv300,5317,42808573000.0,45049193523.68569
phi2_conv300,5318,42808573000.0,45054369074.68569
phi2_conv300,5319,42808573000.0,45059814449.68569
phi2_conv300,5320,42808573000.0,45065259824.68569
phi2_conv300,5321,42808573000.0,45070475823.68569
phi2_conv300,5322,42808573000.0,45075691822.68569
phi2_conv300,5323,42999747000.0,45106159934.742836
phi2_conv300,5324,42999747000.0,45111384728.742836
phi2_conv300,5325,42999747000.0,45116957170.742836
phi2_conv300,5326,42999747000.0,45122529612.742836
phi2_conv300,5327,42999747000.0,45128102054.742836
phi2_conv300,5328,42999747000.0,45133387685.742836
phi2_conv300,5329,42999747000.0,45138673316.742836
phi2_conv300,5330,42999747000.0,45143958947.742836
phi2_conv300,5331,42999747000.0,45148752967.742836
phi2_conv300,5332,42999747000.0,45153457899.742836
phi2_conv300,5333,42999747000.0,45158399375.742836
phi2_conv300,5334,42999747000.0,45163276851.742836
phi2_conv300,5335,42999747000.0,45168143575.742836
phi2_conv300,5336,42999747000.0,45173006715.742836
phi2_conv300,5337,42999747000.0,45177830943.742836
phi2_conv300,5338,42999747000.0,45182655171.742836
phi2_conv300,5339,42999747000.0,45187358055.742836
phi2_conv300,5340,42999747000.0,45192060939.742836
phi2_conv300,5341,42999747000.0,45196771503.742836
phi2_conv300,5342,42999747000.0,45201482067.742836
phi2_conv300,5343,42999747000.0,45206192631.742836
phi2_conv300,5344,42999747000.0,45210903195.742836
phi2_conv300,5345,42999747000.0,45215613759.742836
phi2_conv300,5346,42999747000.0,45220324323.742836
phi2_conv300,5347,43193461000.0,45252924034.77141
phi2_conv300,5348,43193461000.0,45257755521.77141
phi2_conv300,5349,43193461000.0,45262616704.77141
phi2_conv300,5350,43193461000.0,45267365247.77141
phi2_conv300,5351,43193461000.0,45272178814.77141
phi2_conv300,5352,43193461000.0,45277096317.77141
phi2_conv300,5353,43193461000.0,45281809020.77141
phi2_conv300,5354,43193461000.0,45286521723.77141
phi2_conv300,5355,43193461000.0,45291293306.77141
phi2_conv300,5356,43193461000.0,45296064889.77141
phi2_conv300,5357,43193461000.0,45300931192.77141
phi2_conv300,5358,43193461000.0,45305908599.77141
phi2_conv300,5359,43193461000.0,45310886006.77141
phi2_conv300,5360,43193461000.0,45315863413.77141
phi2_conv300,5361,43193461000.0,45320840820.77141
phi2_conv300,5362,43193461000.0,45325818227.77141
phi2_conv300,5363,43193461000.0,45330795634.77141
phi2_conv300,5364,43193461000.0,45335839089.77141
phi2_conv300,5365,43193461000.0,45340814960.77141
phi2_conv300,5366,43193461000.0,45345759599.77141
phi2_conv300,5367,43193461000.0,45350655598.77141
phi2_conv300,5368,43193461000.0,45355604333.77141
phi2_conv300,5369,43193461000.0,45360665708.77141
phi2_conv300,5370,43193461000.0,45365727083.77141
phi2_conv300,5371,43193461000.0,45370857578.77141
phi2_conv300,5372,43193461000.0,45375988073.77141
phi2_conv300,5373,43193461000.0,45380895848.77141
phi2_conv300,5374,43193461000.0,45385863015.77141
phi2_conv300,5375,43193461000.0,45390830182.77141
phi2_conv300,5376,43193461000.0,45395854602.77141
phi2_conv300,5377,43193461000.0,45400879022.77141
phi2_conv300,5378,43193461000.0,45405903442.77141
phi2_conv300,5379,43193461000.0,45410927862.77141
phi2_conv300,5380,43193461000.0,45415635354.77141
phi2_conv300,5381,43193461000.0,45420549694.77141
phi2_conv300,5382,43193461000.0,45425463010.77141
phi2_conv300,5383,43193461000.0,45430253446.77141
phi2_conv300,5384,43193461000.0,45435193386.77141
phi2_conv300,5385,43193461000.0,45440054990.77141
phi2_conv300,5386,43193461000.0,45444916594.77141
phi2_conv300,5387,43193461000.0,45449776150.77141
phi2_conv300,5388,43193461000.0,45454635706.77141
phi2_conv300,5389,43193461000.0,45459569502.77141
phi2_conv300,5390,43193461000.0,45464413186.77141
phi2_conv300,5391,43193461000.0,45469256870.77141
phi2_conv300,5392,43193461000.0,45474100554.77141
phi2_conv300,5393,43193461000.0,45478944238.77141
phi2_conv300,5394,43193461000.0,45483787922.77141
phi2_conv300,5395,43193461000.0,45488631606.77141
phi2_conv300,5396,43193461000.0,45493522906.77141
phi2_conv300,5397,43589055000.0,45565514111.22855
phi2_conv300,5398,43589055000.0,45570476158.22855
phi2_conv300,5399,43609910000.0,45656528424.54284
phi2_conv300,5400,43609910000.0,45744830738.857124
phi2_conv300,5401,43609910000.0,45777412930.91427
phi2_conv300,5402,43609910000.0,45782579356.91427
phi2_conv300,5403,43609910000.0,45787606518.91427
phi2_conv300,5404,43609910000.0,45792633680.91427
phi2_conv300,5405,43609910000.0,45797785258.91427
phi2_conv300,5406,43609910000.0,45802984964.91427
phi2_conv300,5407,43609910000.0,45808184670.91427
phi2_conv300,5408,43609910000.0,45813384376.91427
phi2_conv300,5409,43609910000.0,45818584082.91427
phi2_conv300,5410,43609910000.0,45823783788.91427
phi2_conv300,5411,43609910000.0,45828983494.91427
phi2_conv300,5412,43609910000.0,45833902021.91427
phi2_conv300,5413,43609910000.0,45838794948.91427
phi2_conv300,5414,43609910000.0,45843637187.91427
phi2_conv300,5415,43609910000.0,45848479426.91427
phi2_conv300,5416,43609910000.0,45853384641.91427
phi2_conv300,5417,43609910000.0,45858243776.91427
phi2_conv300,5418,43791124000.0,45901391002.54284
phi2_conv300,5419,43791124000.0,45906413044.54284
phi2_conv300,5420,43791124000.0,45911435086.54284
phi2_conv300,5421,43791124000.0,45916301992.54284
phi2_conv300,5422,43791124000.0,45921438210.54284
phi2_conv300,5423,43791124000.0,45926574428.54284
phi2_conv300,5424,43791124000.0,45931710646.54284
phi2_conv300,5425,43791124000.0,45936846864.54284
phi2_conv300,5426,43791124000.0,45941983082.54284
phi2_conv300,5427,43791124000.0,45947119300.54284
phi2_conv300,5428,43791124000.0,45952279582.54284
phi2_conv300,5429,43791124000.0,45957178232.54284
phi2_conv300,5430,43893426000.0,46043092044.857124
phi2_conv300,5431,43893426000.0,46131419617.17141
phi2_conv300,5432,43923071000.0,46217838485.485695
phi2_conv300,5433,43923071000.0,46305996617.79998
phi2_conv300,5434,43923071000.0,46378675646.114265
phi2_conv300,5435,43923071000.0,46384136576.114265
phi2_conv300,5436,43923071000.0,46389597506.114265
phi2_conv300,5437,43923071000.0,46395099908.114265
phi2_conv300,5438,43923071000.0,46400542406.114265
phi2_conv300,5439,43923071000.0,46405984904.114265
phi2_conv300,5440,44040741000.0,46492949149.42855
phi2_conv300,5441,44040741000.0,46581634258.742836
phi2_conv300,5442,44061321000.0,46669053194.05712
phi2_conv300,5443,44061321000.0,46757643809.37141
phi2_conv300,5444,44061321000.0,46803688289.99998
phi2_conv300,5445,44061321000.0,46809512994.99998
phi2_conv300,5446,44061321000.0,46815219427.99998
phi2_conv300,5447,44061321000.0,46821008292.99998
phi2_conv300,5448,44061321000.0,46826649701.99998
phi2_conv300,5449,44061321000.0,46832380198.99998
phi2_conv300,5450,44061321000.0,46838110695.99998
phi2_conv300,5451,44061321000.0,46843913384.99998
phi2_conv300,5452,44061321000.0,46849716073.99998
phi2_conv300,5453,44061321000.0,46855472682.99998
phi2_conv300,5454,44061321000.0,46861470955.99998
phi2_conv300,5455,44061321000.0,46867469228.99998
phi2_conv300,5456,44061321000.0,46873467501.99998
phi2_conv300,5457,44061321000.0,46879465774.99998
phi2_conv300,5458,44061321000.0,46885804527.99998
phi2_conv300,5459,44061321000.0,46892143280.99998
phi2_conv300,5460,44061321000.0,46897921393.99998
phi2_conv300,5461,44061321000.0,46903772210.99998
phi2_conv300,5462,44061321000.0,46909453555.99998
phi2_conv300,5463,44061321000.0,46915396916.99998
phi2_conv300,5464,44061321000.0,46921004917.99998
phi2_conv300,5465,44061321000.0,46926889398.99998
phi2_conv300,5466,44061321000.0,46932773879.99998
phi2_conv300,5467,44061321000.0,46938496056.99998
phi2_conv300,5468,44061321000.0,46944218233.99998
phi2_conv300,5469,44061321000.0,46949971130.99998
phi2_conv300,5470,44061321000.0,46955935483.99998
phi2_conv300,5471,44061321000.0,46961899836.99998
phi2_conv300,5472,44061321000.0,46967864189.99998
phi2_conv300,5473,44061321000.0,46973828542.99998
phi2_conv300,5474,44061321000.0,46979508735.99998
phi2_conv300,5475,44061321000.0,46985188928.99998
phi2_conv300,5476,44061321000.0,46991086721.99998
phi2_conv300,5477,44061321000.0,46996906178.99998
phi2_conv300,5478,44061321000.0,47002739459.99998
phi2_conv300,5479,44061321000.0,47008507716.99998
phi2_conv300,5480,44061321000.0,47014256517.99998
phi2_conv300,5481,44061321000.0,47019936198.99998
phi2_conv300,5482,44061321000.0,47025615879.99998
phi2_conv300,5483,44061321000.0,47031350344.99998
phi2_conv300,5484,44061321000.0,47037084809.99998
phi2_conv300,5485,44061321000.0,47042852427.99998
phi2_conv300,5486,44061321000.0,47048589325.99998
phi2_conv300,5487,44061321000.0,47054326223.99998
phi2_conv300,5488,44061321000.0,47060063121.99998
phi2_conv300,5489,44061321000.0,47065800019.99998
phi2_conv300,5490,44061321000.0,47071578389.99998
phi2_conv300,5491,44061321000.0,47077356759.99998
phi2_conv300,5492,44061321000.0,47083082905.99998
phi2_conv300,5493,44061321000.0,47088698971.99998
phi2_conv300,5494,44061321000.0,47094430749.99998
phi2_conv300,5495,44061321000.0,47100116447.99998
phi2_conv300,5496,44061321000.0,47105850273.99998
phi2_conv300,5497,44061321000.0,47111433059.99998
phi2_conv300,5498,44061321000.0,47117015845.99998
phi2_conv300,5499,44061321000.0,47122715367.99998
phi2_conv300,5500,44061321000.0,47128414889.99998
phi2_conv300,5501,44061321000.0,47133975659.99998
phi2_conv300,5502,44061321000.0,47139876397.99998
phi2_conv300,5503,44061321000.0,47145777135.99998
phi2_conv300,5504,44061321000.0,47151677873.99998
phi2_conv300,5505,44061321000.0,47157578611.99998
phi2_conv300,5506,44061321000.0,47163362613.99998
phi2_conv300,5507,44061321000.0,47169146615.99998
phi2_conv300,5508,44061321000.0,47174943417.99998
phi2_conv300,5509,44061321000.0,47180604539.99998
phi2_conv300,5510,44061321000.0,47186201661.99998
phi2_conv300,5511,44061321000.0,47191990271.99998
phi2_conv300,5512,44061321000.0,47197801409.99998
phi2_conv300,5513,44061321000.0,47203774339.99998
phi2_conv300,5514,44061321000.0,47209747269.99998
phi2_conv300,5515,44061321000.0,47215565063.99998
phi2_conv300,5516,44061321000.0,47221382857.99998
phi2_conv300,5517,44828079000.0,47308217791.31426
phi2_conv300,5518,44828079000.0,47397574164.62855
phi2_conv300,5519,44828079000.0,47422891189.62855
phi2_conv300,5520,44828079000.0,47429141238.62855
phi2_conv300,5521,44828079000.0,47435391287.62855
phi2_conv300,5522,44828079000.0,47441371000.62855
phi2_conv300,5523,44828079000.0,47447350713.62855
phi2_conv300,5524,44828079000.0,47453583866.62855
phi2_conv300,5525,44828079000.0,47459650619.62855
phi2_conv300,5526,44828079000.0,47465839740.62855
phi2_conv300,5527,44828079000.0,47472007357.62855
phi2_conv300,5528,44828079000.0,47478143230.62855
phi2_conv300,5529,44828079000.0,47484085055.62855
phi2_conv300,5530,44828079000.0,47490026880.62855
phi2_conv300,5531,44828079000.0,47496072129.62855
phi2_conv300,5532,44828079000.0,47502117378.62855
phi2_conv300,5533,45009757000.0,47589341369.94283
phi2_conv300,5534,45009757000.0,47678668657.25712
phi2_conv300,5535,45025513000.0,47766187991.5714
phi2_conv300,5536,45025513000.0,47855478429.88569
phi2_conv300,5537,45104946000.0,47946014389.199974
phi2_conv300,5538,45104946000.0,48033582828.51426
phi2_conv300,5539,45120367000.0,48093504450.7714
phi2_conv300,5540,45120367000.0,48100567948.7714
phi2_conv300,5541,45174957000.0,48188075778.085686
phi2_conv300,5542,45174957000.0,48259448969.99997
phi2_conv300,5543,45174957000.0,48266911745.99997
phi2_conv300,5544,45174957000.0,48274177401.99997
phi2_conv300,5545,45246852000.0,48361993375.314255
phi2_conv300,5546,45246852000.0,48451485636.62854
phi2_conv300,5547,45246852000.0,48472350076.62854
phi2_conv300,5548,45246852000.0,48479895796.62854
phi2_conv300,5549,45246852000.0,48487385196.62854
phi2_conv300,5550,45246852000.0,48495239652.62854
phi2_conv300,5551,45246852000.0,48503094108.62854
phi2_conv300,5552,45246852000.0,48510630100.62854
phi2_conv300,5553,45246852000.0,48518166092.62854
phi2_conv300,5554,45246852000.0,48525802948.62854
phi2_conv300,5555,45246852000.0,48533439804.62854
phi2_conv300,5556,45246852000.0,48541114036.62854
phi2_conv300,5557,45246852000.0,48548682284.62854
phi2_conv300,5558,45246852000.0,48556331940.62854
phi2_conv300,5559,45246852000.0,48563620718.62854
phi2_conv300,5560,45246852000.0,48571111736.62854
phi2_conv300,5561,45246852000.0,48578481410.62854
phi2_conv300,5562,45246852000.0,48585851084.62854
phi2_conv300,5563,45246852000.0,48593422998.62854
phi2_conv300,5564,45246852000.0,48600763488.62854
phi2_conv300,5565,45246852000.0,48608006186.62854
phi2_conv300,5566,45246852000.0,48615231988.62854
phi2_conv300,5567,45502752000.0,48703348073.942825
phi2_conv300,5568,45502752000.0,48793187551.25711
phi2_conv300,5569,45530242000.0,48881856516.571396
phi2_conv300,5570,45530242000.0,48971519785.88568
phi2_conv300,5571,45530242000.0,49024260135.11425
phi2_conv300,5572,45530242000.0,49032497997.11425
phi2_conv300,5573,45530242000.0,49040554611.11425
phi2_conv300,5574,45530242000.0,49048512409.11425
phi2_conv300,5575,45530242000.0,49056678079.11425
phi2_conv300,5576,45530242000.0,49064843749.11425
phi2_conv300,5577,45530242000.0,49072892171.11425
phi2_conv300,5578,45530242000.0,49080940593.11425
phi2_conv300,5579,45530242000.0,49089181015.11425
phi2_conv300,5580,45530242000.0,49096822991.11425
phi2_conv300,5581,45530242000.0,49104491591.11425
phi2_conv300,5582,45530242000.0,49112572351.11425
phi2_conv300,5583,45530242000.0,49120653111.11425
phi2_conv300,5584,45530242000.0,49128330927.11425
phi2_conv300,5585,45530242000.0,49136008743.11425
phi2_conv300,5586,45530242000.0,49143908767.11425
phi2_conv300,5587,45530242000.0,49151808791.11425
phi2_conv300,5588,45530242000.0,49159576207.11425
phi2_conv300,5589,45530242000.0,49167326215.11425
phi2_conv300,5590,45530242000.0,49175283583.11425
phi2_conv300,5591,45530242000.0,49183128823.11425
phi2_conv300,5592,45530242000.0,49190974063.11425
phi2_conv300,5593,45530242000.0,49198685159.11425
phi2_conv300,5594,45530242000.0,49206396255.11425
phi2_conv300,5595,45530242000.0,49214159575.11425
phi2_conv300,5596,45530242000.0,49221802063.11425
phi2_conv300,5597,45530242000.0,49229556679.11425
phi2_conv300,5598,45530242000.0,49237381951.11425
phi2_conv300,5599,45530242000.0,49245207223.11425
phi2_conv300,5600,45530242000.0,49252957743.11425
phi2_conv300,5601,45530242000.0,49260708263.11425
phi2_conv300,5602,45530242000.0,49268581663.11425
phi2_conv300,5603,45530242000.0,49276455063.11425
phi2_conv300,5604,45530242000.0,49284315151.11425
phi2_conv300,5605,45980822000.0,49372682036.428535
phi2_conv300,5606,45980822000.0,49463218777.74282
phi2_conv300,5607,45980822000.0,49556884447.057106
phi2_conv300,5608,45980822000.0,49652549924.37139
phi2_conv300,5609,45980822000.0,49750902345.68568
phi2_conv300,5610,46102321000.0,49850047261.99996
phi2_conv300,5611,46102321000.0,49938861042.31425
phi2_conv300,5612,46102321000.0,50030805222.62853
phi2_conv300,5613,46102321000.0,50124885434.94282
phi2_conv300,5614,46102321000.0,50220913807.2571
phi2_conv300,5615,46102321000.0,50319917923.57139
phi2_conv300,5616,46102321000.0,50423801399.88567
phi2_conv300,5617,46102321000.0,50527784748.19996
phi2_conv300,5618,46102321000.0,50634762752.514244
phi2_conv300,5619,46190439000.0,50726005252.82853
phi2_conv300,5620,46190439000.0,50817168521.142815
phi2_conv300,5621,46230075000.0,50907364156.4571
phi2_conv300,5622,46230075000.0,50997698607.771385
phi2_conv300,5623,46406559000.0,51087980147.08567
phi2_conv300,5624,46406559000.0,51179001942.399956
phi2_conv300,5625,46406559000.0,51237877684.399956
phi2_conv300,5626,46406559000.0,51248175505.399956
phi2_conv300,5627,46406559000.0,51258840942.399956
phi2_conv300,5628,46406559000.0,51269494091.399956
phi2_conv300,5629,46406559000.0,51279771432.399956
phi2_conv300,5630,46406559000.0,51290032389.399956
phi2_conv300,5631,46406559000.0,51300160819.399956
phi2_conv300,5632,46406559000.0,51310244705.399956
phi2_conv300,5633,46626689000.0,51351728300.08567
phi2_conv300,5634,46626689000.0,51362018953.08567
phi2_conv300,5635,46626689000.0,51372081254.08567
phi2_conv300,5636,46678144000.0,51461968376.399956
phi2_conv300,5637,46678144000.0,51553951626.71424
phi2_conv300,5638,46678144000.0,51649538333.02853
phi2_conv300,5639,46678144000.0,51746416303.34281
phi2_conv300,5640,46678144000.0,51845979713.6571
phi2_conv300,5641,46678144000.0,51948206035.97138
phi2_conv300,5642,46678144000.0,52053453158.28567
phi2_conv300,5643,46678144000.0,52162018040.59995
phi2_conv300,5644,46678144000.0,52202640389.79995
phi2_conv300,5645,46678144000.0,52213715343.79995
phi2_conv300,5646,46678144000.0,52224017772.79995
phi2_conv300,5647,46678144000.0,52234368329.79995
phi2_conv300,5648,46678144000.0,52244875558.79995
phi2_conv300,5649,46678144000.0,52255382787.79995
phi2_conv300,5650,46678144000.0,52265721568.79995
phi2_conv300,5651,46678144000.0,52276181181.79995
phi2_conv300,5652,46678144000.0,52286907034.79995
phi2_conv300,5653,46678144000.0,52297371767.79995
phi2_conv300,5654,46678144000.0,52308343892.79995
phi2_conv300,5655,46678144000.0,52318624305.79995
phi2_conv300,5656,46678144000.0,52328956430.79995
phi2_conv300,5657,46678144000.0,52339481579.79995
phi2_conv300,5658,46678144000.0,52350006728.79995
phi2_conv300,5659,46678144000.0,52360674213.79995
phi2_conv300,5660,46678144000.0,52371289474.79995
phi2_conv300,5661,46678144000.0,52381763423.79995
phi2_conv300,5662,46678144000.0,52392258364.79995
phi2_conv300,5663,46678144000.0,52402818841.79995
phi2_conv300,5664,46678144000.0,52413107446.79995
phi2_conv300,5665,47209725000.0,52455460123.54281
phi2_conv300,5666,47209725000.0,52466156197.54281
phi2_conv300,5667,47209725000.0,52476930607.54281
phi2_conv300,5668,47209725000.0,52487184396.54281
phi2_conv300,5669,47209725000.0,52496563853.54281
phi2_conv300,5670,47209725000.0,52506136334.54281
phi2_conv300,5671,47209725000.0,52515589519.54281
phi2_conv300,5672,47209725000.0,52525194768.54281
phi2_conv300,5673,47209725000.0,52534911633.54281
phi2_conv300,5674,47209725000.0,52544628498.54281
phi2_conv300,5675,47209725000.0,52554715027.54281
phi2_conv300,5676,47209725000.0,52564109844.54281
phi2_conv300,5677,47209725000.0,52573361813.54281
phi2_conv300,5678,47209725000.0,52582805270.54281
phi2_conv300,5679,47209725000.0,52592248727.54281
phi2_conv300,5680,47209725000.0,52601630744.54281
phi2_conv300,5681,47209725000.0,52611297433.54281
phi2_conv300,5682,47209725000.0,52620676378.54281
phi2_conv300,5683,47209725000.0,52629634029.54281
phi2_conv300,5684,47459940000.0,52718870721.85709
phi2_conv300,5685,47459940000.0,52810219926.17138
phi2_conv300,5686,47459940000.0,52887859334.05709
phi2_conv300,5687,47459940000.0,52897006425.05709
phi2_conv300,5688,47459940000.0,52906067500.05709
phi2_conv300,5689,47459940000.0,52915205887.05709
phi2_conv300,5690,47459940000.0,52924344274.05709
phi2_conv300,5691,47459940000.0,52933758629.05709
phi2_conv300,5692,47459940000.0,52942783352.05709
phi2_conv300,5693,47459940000.0,52950995102.05709
phi2_conv300,5694,47459940000.0,52959214532.05709
phi2_conv300,5695,47459940000.0,52967433962.05709
phi2_conv300,5696,47459940000.0,52975482384.05709
phi2_conv300,5697,47459940000.0,52983530806.05709
phi2_conv300,5698,47459940000.0,52991814236.05709
phi2_conv300,5699,47459940000.0,53000142210.05709
phi2_conv300,5700,47459940000.0,53008349864.05709
phi2_conv300,5701,47459940000.0,53016247840.05709
phi2_conv300,5702,47459940000.0,53024212888.05709
phi2_conv300,5703,47459940000.0,53032157968.05709
phi2_conv300,5704,47734062000.0,53120585269.371376
phi2_conv300,5705,47734062000.0,53211100538.68566
phi2_conv300,5706,47734062000.0,53258098076.02852
phi2_conv300,5707,47734062000.0,53266017556.02852
phi2_conv300,5708,47734062000.0,53274069132.02852
phi2_conv300,5709,47734062000.0,53281847812.02852
phi2_conv300,5710,47734062000.0,53289207758.02852
phi2_conv300,5711,47734062000.0,53296567704.02852
phi2_conv300,5712,47734062000.0,53303927650.02852
phi2_conv300,5713,47734062000.0,53311287596.02852
phi2_conv300,5714,47734062000.0,53318570230.02852
phi2_conv300,5715,47734062000.0,53326084800.02852
phi2_conv300,5716,47734062000.0,53333520010.02852
phi2_conv300,5717,47734062000.0,53341094996.02852
phi2_conv300,5718,47734062000.0,53348854302.02852
phi2_conv300,5719,47925302000.0,53436702179.342804
phi2_conv300,5720,47925302000.0,53526602778.65709
phi2_conv300,5721,47925302000.0,53537803543.65709
phi2_conv300,5722,47925302000.0,53544732468.65709
phi2_conv300,5723,47925302000.0,53551782737.65709
phi2_conv300,5724,47925302000.0,53558868846.65709
phi2_conv300,5725,47925302000.0,53566014859.65709
phi2_conv300,5726,47925302000.0,53573062056.65709
phi2_conv300,5727,48032991000.0,53660831725.971375
phi2_conv300,5728,48032991000.0,53750811571.28566
phi2_conv300,5729,48045529000.0,53839297384.599945
phi2_conv300,5730,48045529000.0,53928289597.91423
phi2_conv300,5731,48045529000.0,54020427571.228516
phi2_conv300,5732,48045529000.0,54114457768.5428
phi2_conv300,5733,48045529000.0,54211701789.857086
phi2_conv300,5734,48045529000.0,54311159699.17137
phi2_conv300,5735,48045529000.0,54412813576.48566
phi2_conv300,5736,48045529000.0,54517997693.79994
phi2_conv300,5737,48134608000.0,54615912707.11423
phi2_conv300,5738,48134608000.0,54705480744.42851
phi2_conv300,5739,48296375000.0,54796178684.7428
phi2_conv300,5740,48296375000.0,54825793309.42851
phi2_conv300,5741,48296375000.0,54834420208.42851
phi2_conv300,5742,48296375000.0,54843380931.42851
phi2_conv300,5743,48296375000.0,54852279702.42851
phi2_conv300,5744,48296375000.0,54861178473.42851
phi2_conv300,5745,48296375000.0,54870342460.42851
phi2_conv300,5746,48296375000.0,54879181839.42851
phi2_conv300,5747,48296375000.0,54888099554.42851
phi2_conv300,5748,48296375000.0,54896898485.42851
phi2_conv300,5749,48296375000.0,54905754248.42851
phi2_conv300,5750,48296375000.0,54914610011.42851
phi2_conv300,5751,48296375000.0,54923534455.57137
phi2_conv300,5752,48296375000.0,54932647242.57137
phi2_conv300,5753,48296375000.0,54941760029.57137
phi2_conv300,5754,48296375000.0,54950592752.57137
phi2_conv300,5755,48296375000.0,54959393731.57137
phi2_conv300,5756,48296375000.0,54968418454.57137
phi2_conv300,5757,48296375000.0,54977197417.57137
phi2_conv300,5758,48296375000.0,54985961532.57137
phi2_conv300,5759,48296375000.0,54994893071.57137
phi2_conv300,5760,48296375000.0,55003824610.57137
phi2_conv300,5761,48296375000.0,55012510901.57137
phi2_conv300,5762,48296375000.0,55021239688.57137
phi2_conv300,5763,48296375000.0,55030041179.57137
phi2_conv300,5764,48296375000.0,55039074094.57137
phi2_conv300,5765,48296375000.0,55047966721.57137
phi2_conv300,5766,48296375000.0,55056859348.57137
phi2_conv300,5767,48296375000.0,55065774503.57137
phi2_conv300,5768,48709657000.0,55154534955.88566
phi2_conv300,5769,48709657000.0,55245594288.19994
phi2_conv300,5770,48709657000.0,55297867489.91423
phi2_conv300,5771,48709657000.0,55307140450.91423
phi2_conv300,5772,48709657000.0,55316466659.91423
phi2_conv300,5773,48709657000.0,55325907556.91423
phi2_conv300,5774,48709657000.0,55335120613.91423
phi2_conv300,5775,48709657000.0,55344376166.91423
phi2_conv300,5776,48709657000.0,55354105831.91423
phi2_conv300,5777,48709657000.0,55363471464.91423
phi2_conv300,5778,48709657000.0,55372753641.91423
phi2_conv300,5779,48709657000.0,55382291818.91423
phi2_conv300,5780,48709657000.0,55391427051.91423
phi2_conv300,5781,48709657000.0,55400629356.91423
phi2_conv300,5782,48709657000.0,55409831661.91423
phi2_conv300,5783,48709657000.0,55419178862.91423
phi2_conv300,5784,48709657000.0,55428543471.91423
phi2_conv300,5785,48709657000.0,55437908080.91423
phi2_conv300,5786,48709657000.0,55447411441.91423
phi2_conv300,5787,48709657000.0,55456894834.91423
phi2_conv300,5788,48995607000.0,55546540966.228516
phi2_conv300,5789,48995607000.0,55637318602.371376
phi2_conv300,5790,48995607000.0,55647178232.371376
phi2_conv300,5791,48995607000.0,55657037862.371376
phi2_conv300,5792,48995607000.0,55666897492.371376
phi2_conv300,5793,48995607000.0,55676699778.371376
phi2_conv300,5794,48995607000.0,55686552240.371376
phi2_conv300,5795,48995607000.0,55696402654.371376
phi2_conv300,5796,48995607000.0,55706053388.371376
phi2_conv300,5797,48995607000.0,55714830733.371376
phi2_conv300,5798,48995607000.0,55723608078.371376
phi2_conv300,5799,48995607000.0,55732606607.371376
phi2_conv300,5800,48995607000.0,55741547280.371376
phi2_conv300,5801,48995607000.0,55750487953.371376
phi2_conv300,5802,48995607000.0,55759261202.371376
phi2_conv300,5803,48995607000.0,55768261779.371376
phi2_conv300,5804,49227038000.0,55810815717.68566
phi2_conv300,5805,49227038000.0,55820065043.68566
phi2_conv300,5806,49227038000.0,55829300545.68566
phi2_conv300,5807,49227038000.0,55838415727.68566
phi2_conv300,5808,49227038000.0,55847530909.68566
phi2_conv300,5809,49227038000.0,55856608715.68566
phi2_conv300,5810,49227038000.0,55865980921.68566
phi2_conv300,5811,49227038000.0,55875164199.68566
phi2_conv300,5812,49227038000.0,55884228693.68566
phi2_conv300,5813,49227038000.0,55893499523.68566
phi2_conv300,5814,49227038000.0,55902770353.68566
phi2_conv300,5815,49227038000.0,55912110815.68566
phi2_conv300,5816,49227038000.0,55921270112.68566
phi2_conv300,5817,49227038000.0,55930429409.68566
phi2_conv300,5818,49227038000.0,55939411554.68566
phi2_conv300,5819,49227038000.0,55948258019.68566
phi2_conv300,5820,49227038000.0,55957417316.68566
phi2_conv300,5821,49227038000.0,55966628983.971375
phi2_conv300,5822,49227038000.0,55975566072.971375
phi2_conv300,5823,49227038000.0,55984544121.971375
phi2_conv300,5824,49227038000.0,55993522170.971375
phi2_conv300,5825,49227038000.0,56002563707.971375
phi2_conv300,5826,49227038000.0,56011567356.971375
phi2_conv300,5827,49227038000.0,56020242383.971375
phi2_conv300,5828,49227038000.0,56028946594.971375
phi2_conv300,5829,49227038000.0,56037387637.971375
phi2_conv300,5830,49227038000.0,56045828680.971375
phi2_conv300,5831,49561183000.0,56083157472.62852
phi2_conv300,5832,49561183000.0,56092047457.62852
phi2_conv300,5833,49587457000.0,56180665492.9428
phi2_conv300,5834,49587457000.0,56271276360.25709
phi2_conv300,5835,49587457000.0,56289418134.25709
phi2_conv300,5836,49587457000.0,56298510788.25709
phi2_conv300,5837,49660912000.0,56387410983.57137
phi2_conv300,5838,49660912000.0,56463021170.79994
phi2_conv300,5839,49660912000.0,56472025248.79994
phi2_conv300,5840,49724480000.0,56560552740.11423
phi2_conv300,5841,49724480000.0,56651524359.42851
phi2_conv300,5842,49742685000.0,56740769433.7428
phi2_conv300,5843,49742685000.0,56831622412.05708
phi2_conv300,5844,49742691000.0,56921198958.37137
phi2_conv300,5845,49742691000.0,57012512976.68565
phi2_conv300,5846,49832434000.0,57102140354.99994
phi2_conv300,5847,49832434000.0,57192402613.314224
phi2_conv300,5848,49878430000.0,57281515958.62851
phi2_conv300,5849,49878430000.0,57373054679.942795
phi2_conv300,5850,49878430000.0,57441922217.314224
phi2_conv300,5851,49878430000.0,57452848956.314224
phi2_conv300,5852,49878430000.0,57463517135.314224
phi2_conv300,5853,49878430000.0,57474345570.314224
phi2_conv300,5854,49878430000.0,57485050101.314224
phi2_conv300,5855,49878430000.0,57495850376.314224
phi2_conv300,5856,49878430000.0,57506650651.314224
phi2_conv300,5857,49878430000.0,57517493422.314224
phi2_conv300,5858,49878430000.0,57528496449.314224
phi2_conv300,5859,49878430000.0,57539365844.314224
phi2_conv300,5860,49878430000.0,57550170810.314224
phi2_conv300,5861,49878430000.0,57560609608.54279
phi2_conv300,5862,49878430000.0,57570999854.54279
phi2_conv300,5863,49878430000.0,57581390100.54279
phi2_conv300,5864,49878430000.0,57591888890.54279
phi2_conv300,5865,49878430000.0,57602556128.54279
phi2_conv300,5866,49878430000.0,57612889542.54279
phi2_conv300,5867,49878430000.0,57623168172.54279
phi2_conv300,5868,50228524000.0,57712999245.85708
phi2_conv300,5869,50228524000.0,57804843055.171364
phi2_conv300,5870,50228524000.0,57815638293.171364
phi2_conv300,5871,50228524000.0,57826104827.171364
phi2_conv300,5872,50228524000.0,57836435681.171364
phi2_conv300,5873,50228524000.0,57846737351.171364
phi2_conv300,5874,50228524000.0,57857189037.171364
phi2_conv300,5875,50228524000.0,57867408275.171364
phi2_conv300,5876,50228524000.0,57877873785.171364
phi2_conv300,5877,50228524000.0,57888177503.171364
phi2_conv300,5878,50228524000.0,57898508357.171364
phi2_conv300,5879,50228524000.0,57908734251.171364
phi2_conv300,5880,50228524000.0,57919221777.171364
phi2_conv300,5881,50228524000.0,57929652983.171364
phi2_conv300,5882,50228524000.0,57939910191.171364
phi2_conv300,5883,50228524000.0,57950069095.171364
phi2_conv300,5884,50228524000.0,57960122527.171364
phi2_conv300,5885,50228524000.0,57970175959.171364
phi2_conv300,5886,50486136000.0,58059493577.48565
phi2_conv300,5887,50486136000.0,58150951419.799934
phi2_conv300,5888,50486136000.0,58183199544.657074
phi2_conv300,5889,50486136000.0,58193879582.657074
phi2_conv300,5890,50486136000.0,58204392196.657074
phi2_conv300,5891,50486136000.0,58214969322.657074
phi2_conv300,5892,50486136000.0,58225558224.657074
phi2_conv300,5893,50486136000.0,58236288950.657074
phi2_conv300,5894,50631087000.0,58280185737.08565
phi2_conv300,5895,50631087000.0,58291054620.08565
phi2_conv300,5896,50657657000.0,58379254811.39993
phi2_conv300,5897,50657657000.0,58470210170.71422
phi2_conv300,5898,50657657000.0,58564103290.0285
phi2_conv300,5899,50657657000.0,58583542312.0285
phi2_conv300,5900,50741785000.0,58673599960.34279
phi2_conv300,5901,50741785000.0,58756674144.57136
phi2_conv300,5902,50741785000.0,58768273405.57136
phi2_conv300,5903,50741785000.0,58780213658.57136
phi2_conv300,5904,50741785000.0,58792153911.57136
phi2_conv300,5905,50741785000.0,58803930836.57136
phi2_conv300,5906,50741785000.0,58815740529.57136
phi2_conv300,5907,50741785000.0,58827551246.57136
phi2_conv300,5908,50741785000.0,58839295403.57136
phi2_conv300,5909,50894221000.0,58929209098.88564
phi2_conv300,5910,50894221000.0,59021274250.19993
phi2_conv300,5911,50908333000.0,59111531929.51421
phi2_conv300,5912,50908333000.0,59203890408.8285
phi2_conv300,5913,50995179000.0,59294433768.142784
phi2_conv300,5914,50995179000.0,59325071894.542786
phi2_conv300,5915,50995179000.0,59337734332.542786
phi2_conv300,5916,50995179000.0,59350307924.542786
phi2_conv300,5917,50995179000.0,59362881516.542786
phi2_conv300,5918,50995179000.0,59375412612.542786
phi2_conv300,5919,51121242000.0,59465966275.85707
phi2_conv300,5920,51121242000.0,59558989219.17136
phi2_conv300,5921,51121242000.0,59598497325.08564
phi2_conv300,5922,51121242000.0,59611306195.08564
phi2_conv300,5923,51121242000.0,59624137593.08564
phi2_conv300,5924,51121242000.0,59637091359.08564
phi2_conv300,5925,51121242000.0,59650030789.08564
phi2_conv300,5926,51121242000.0,59662857067.08564
phi2_conv300,5927,51121242000.0,59675735569.08564
phi2_conv300,5928,51121242000.0,59688679095.08564
phi2_conv300,5929,51121242000.0,59701493597.08564
phi2_conv300,5930,51121242000.0,59714638851.08564
phi2_conv300,5931,51121242000.0,59727062939.08564
phi2_conv300,5932,51121242000.0,59739545907.08564
phi2_conv300,5933,51365096000.0,59829850370.399925
phi2_conv300,5934,51365096000.0,59921996385.71421
phi2_conv300,5935,51365096000.0,59963460011.542786
phi2_conv300,5936,51365096000.0,59975521525.542786
phi2_conv300,5937,51365096000.0,59987457087.542786
phi2_conv300,5938,51365096000.0,59999383433.542786
phi2_conv300,5939,51479026000.0,60089534712.85707
phi2_conv300,5940,51479026000.0,60170612007.285645
phi2_conv300,5941,51479026000.0,60183055039.285645
phi2_conv300,5942,51479026000.0,60195028489.285645
phi2_conv300,5943,51479026000.0,60207261523.285645
phi2_conv300,5944,51479026000.0,60219206813.285645
phi2_conv300,5945,51479026000.0,60231245287.285645
phi2_conv300,5946,51479026000.0,60243354417.285645
phi2_conv300,5947,51621416000.0,60333641760.59993
phi2_conv300,5948,51621416000.0,60405021336.771355
phi2_conv300,5949,51678347000.0,60495646552.08564
phi2_conv300,5950,51678347000.0,60588219447.399925
phi2_conv300,5951,51678347000.0,60624069533.2285
phi2_conv300,5952,51678347000.0,60636705859.2285
phi2_conv300,5953,51678347000.0,60649469161.2285
phi2_conv300,5954,51678347000.0,60662253967.2285
phi2_conv300,5955,51678347000.0,60675143221.2285
phi2_conv300,5956,51678347000.0,60687749339.2285
phi2_conv300,5957,51678347000.0,60700202611.2285
phi2_conv300,5958,51678347000.0,60712816651.2285
phi2_conv300,5959,51678347000.0,60725665187.2285
phi2_conv300,5960,51678347000.0,60738261819.2285
phi2_conv300,5961,51678347000.0,60750620293.2285
phi2_conv300,5962,51678347000.0,60762853839.2285
phi2_conv300,5963,51678347000.0,60774954265.2285
phi2_conv300,5964,51678347000.0,60787104355.2285
phi2_conv300,5965,51940252000.0,60832124095.94279
phi2_conv300,5966,51940252000.0,60844469335.94279
phi2_conv300,5967,51940252000.0,60856859631.94279
phi2_conv300,5968,51940252000.0,60869249927.94279
phi2_conv300,5969,51940252000.0,60881515295.94279
phi2_conv300,5970,51940252000.0,60893925047.94279
phi2_conv300,5971,51940252000.0,60906253903.94279
phi2_conv300,5972,51940252000.0,60918666215.94279
phi2_conv300,5973,51940252000.0,60931171711.94279
phi2_conv300,5974,51940252000.0,60943608599.94279
phi2_conv300,5975,51940252000.0,60955936943.94279
phi2_conv300,5976,52120220000.0,61046281519.25707
phi2_conv300,5977,52120220000.0,61129787433.25707
phi2_conv300,5978,52120220000.0,61142575823.25707
phi2_conv300,5979,52120220000.0,61155327861.25707
phi2_conv300,5980,52120220000.0,61168167963.25707
phi2_conv300,5981,52120220000.0,61181086810.85707
phi2_conv300,5982,52227631000.0,61271762121.17136
phi2_conv300,5983,52227631000.0,61364609335.48564
phi2_conv300,5984,52248622000.0,61458273637.79993
phi2_conv300,5985,52248622000.0,61549486772.11421
phi2_conv300,5986,52248622000.0,61643246914.4285
phi2_conv300,5987,52257840000.0,61726251397.05707
phi2_conv300,5988,52257840000.0,61739854054.05707
phi2_conv300,5989,52257840000.0,61753291335.05707
phi2_conv300,5990,52257840000.0,61766928296.05707
phi2_conv300,5991,52257840000.0,61780534025.05707
phi2_conv300,5992,52257840000.0,61794196074.05707
phi2_conv300,5993,52257840000.0,61807749579.05707
phi2_conv300,5994,52257840000.0,61821365548.05707
phi2_conv300,5995,52257840000.0,61834461983.05707
phi2_conv300,5996,52257840000.0,61847627026.05707
phi2_conv300,5997,52257840000.0,61860792069.05707
phi2_conv300,5998,52257840000.0,61874060536.05707
phi2_conv300,5999,52257840000.0,61887291627.05707
phi2_conv300,6000,52257840000.0,61900360414.05707
phi2_conv300,6001,52257840000.0,61913380561.05707
phi2_conv300,6002,52257840000.0,61926353604.05707
phi2_conv300,6003,52257840000.0,61939076575.08564
phi2_conv300,6004,52257840000.0,61952140933.08564
phi2_conv300,6005,52257840000.0,61964947243.08564
phi2_conv300,6006,52257840000.0,61977888209.08564
phi2_conv300,6007,52257840000.0,61990784631.08564
phi2_conv300,6008,52257840000.0,62003778845.08564
phi2_conv300,6009,52257840000.0,62016788419.08564
phi2_conv300,6010,52257840000.0,62029827177.08564
phi2_conv300,6011,52257840000.0,62042784015.08564
phi2_conv300,6012,52257840000.0,62055598247.08564
phi2_conv300,6013,52257840000.0,62068412479.08564
phi2_conv300,6014,52257840000.0,62080931287.08564
phi2_conv300,6015,52257840000.0,62093771631.08564
phi2_conv300,6016,52257840000.0,62106394375.08564
phi2_conv300,6017,52257840000.0,62119051935.08564
phi2_conv300,6018,52257840000.0,62131561527.08564
phi2_conv300,6019,52883306000.0,62221831782.399925
phi2_conv300,6020,52883306000.0,62298264801.2285
phi2_conv300,6021,52883306000.0,62310433835.2285
phi2_conv300,6022,52883306000.0,62322776949.2285
phi2_conv300,6023,52883306000.0,62335359679.2285
phi2_conv300,6024,52883306000.0,62347544073.2285
phi2_conv300,6025,52883306000.0,62360002387.2285
phi2_conv300,6026,52883306000.0,62372261021.2285
phi2_conv300,6027,52883306000.0,62384534503.2285
phi2_conv300,6028,52883306000.0,62396913969.2285
phi2_conv300,6029,52883306000.0,62409293435.2285
phi2_conv300,6030,52883306000.0,62421697477.2285
phi2_conv300,6031,52883306000.0,62434119439.2285
phi2_conv300,6032,52883306000.0,62446188716.2285
phi2_conv300,6033,52883306000.0,62458365513.2285
phi2_conv300,6034,52883306000.0,62470361062.2285
phi2_conv300,6035,53143328000.0,62508873135.657074
phi2_conv300,6036,53172040000.0,62599546622.97136
phi2_conv300,6037,53172040000.0,62684538497.77136
phi2_conv300,6038,53172040000.0,62696876569.77136
phi2_conv300,6039,53172040000.0,62709391281.77136
phi2_conv300,6040,53172040000.0,62721840457.77136
phi2_conv300,6041,53172040000.0,62734300897.77136
phi2_conv300,6042,53172040000.0,62746664057.77136
phi2_conv300,6043,53172040000.0,62758971921.77136
phi2_conv300,6044,53172040000.0,62771429289.77136
phi2_conv300,6045,53172040000.0,62783886657.77136
phi2_conv300,6046,53172040000.0,62796250329.77136
phi2_conv300,6047,53172040000.0,62808845425.77136
phi2_conv300,6048,53172040000.0,62821448201.77136
phi2_conv300,6049,53172040000.0,62833997217.77136
phi2_conv300,6050,53172040000.0,62846352697.77136
phi2_conv300,6051,53172040000.0,62858880721.77136
phi2_conv300,6052,53172040000.0,62871372393.77136
phi2_conv300,6053,53172040000.0,62883903489.77136
phi2_conv300,6054,53172040000.0,62896108363.77136
phi2_conv300,6055,53172040000.0,62908497045.77136
phi2_conv300,6056,53172040000.0,62920760799.77136
phi2_conv300,6057,53172040000.0,62933127465.77136
phi2_conv300,6058,53172040000.0,62945431667.77136
phi2_conv300,6059,53172040000.0,62957902269.77136
phi2_conv300,6060,53172040000.0,62970411271.77136
phi2_conv300,6061,53563248000.0,63016134130.657074
phi2_conv300,6062,53563248000.0,63028967818.657074
phi2_conv300,6063,53563248000.0,63041614626.657074
phi2_conv300,6064,53563248000.0,63054362810.657074
phi2_conv300,6065,53563248000.0,63066909266.657074
phi2_conv300,6066,53563248000.0,63079501290.657074
phi2_conv300,6067,53563248000.0,63092028802.657074
phi2_conv300,6068,53563248000.0,63104543002.657074
phi2_conv300,6069,53563248000.0,63117093554.657074
phi2_conv300,6070,53706456000.0,63207703889.97136
phi2_conv300,6071,53706456000.0,63300569649.285645
phi2_conv300,6072,53706456000.0,63317565527.285645
phi2_conv300,6073,53706456000.0,63330567933.285645
phi2_conv300,6074,53706456000.0,63343693731.285645
phi2_conv300,6075,53706456000.0,63357103177.285645
phi2_conv300,6076,53706456000.0,63370006255.285645
phi2_conv300,6077,53706456000.0,63382739591.285645
phi2_conv300,6078,53706456000.0,63395559967.285645
phi2_conv300,6079,53706456000.0,63408423351.285645
phi2_conv300,6080,53706456000.0,63421227343.285645
phi2_conv300,6081,53706456000.0,63434212071.285645
phi2_conv300,6082,53706456000.0,63447017087.285645
phi2_conv300,6083,53706456000.0,63459770391.285645
phi2_conv300,6084,53706456000.0,63472510383.285645
phi2_conv300,6085,53706456000.0,63485429063.285645
phi2_conv300,6086,53992761000.0,63530373260.71422
phi2_conv300,6087,53992761000.0,63543540018.71422
phi2_conv300,6088,54022464000.0,63634299073.0285
phi2_conv300,6089,54022464000.0,63727080847.34279
phi2_conv300,6090,54022464000.0,63801821074.914215
phi2_conv300,6091,54022464000.0,63815285125.914215
phi2_conv300,6092,54117659000.0,63906377379.2285
phi2_conv300,6093,54117659000.0,63999234321.542786
phi2_conv300,6094,54117659000.0,64020053316.542786
phi2_conv300,6095,54117659000.0,64033272631.542786
phi2_conv300,6096,54117659000.0,64046224861.542786
phi2_conv300,6097,54117659000.0,64058973315.542786
phi2_conv300,6098,54117659000.0,64071947049.542786
phi2_conv300,6099,54117659000.0,64084419777.542786
phi2_conv300,6100,54117659000.0,64097004633.542786
phi2_conv300,6101,54117659000.0,64109419505.542786
phi2_conv300,6102,54117659000.0,64121930121.542786
phi2_conv300,6103,54117659000.0,64134368545.542786
phi2_conv300,6104,54117659000.0,64146647659.542786
phi2_conv300,6105,54117659000.0,64158769589.542786
phi2_conv300,6106,54117659000.0,64171101951.542786
phi2_conv300,6107,54117659000.0,64183328841.542786
phi2_conv300,6108,54117659000.0,64195621779.542786
phi2_conv300,6109,54117659000.0,64207914717.542786
phi2_conv300,6110,54117659000.0,64220064807.542786
phi2_conv300,6111,54117659000.0,64232528753.542786
phi2_conv300,6112,54117659000.0,64244812475.542786
phi2_conv300,6113,54117659000.0,64257079813.542786
phi2_conv300,6114,54117659000.0,64269409103.542786
phi2_conv300,6115,54117659000.0,64281784473.542786
phi2_conv300,6116,54117659000.0,64294159843.542786
phi2_conv300,6117,54117659000.0,64306475821.542786
phi2_conv300,6118,54117659000.0,64318754423.542786
phi2_conv300,6119,54117659000.0,64331393473.542786
phi2_conv300,6120,54117659000.0,64344032523.542786
phi2_conv300,6121,54117659000.0,64356302933.542786
phi2_conv300,6122,54117659000.0,64368762271.542786
phi2_conv300,6123,54117659000.0,64381109481.542786
phi2_conv300,6124,54117659000.0,64393502771.542786
phi2_conv300,6125,54117659000.0,64405896061.542786
phi2_conv300,6126,54117659000.0,64418677447.542786
phi2_conv300,6127,54117659000.0,64430319797.542786
phi2_conv300,6128,54117659000.0,64442111651.542786
phi2_conv300,6129,54117659000.0,64453694097.542786
phi2_conv300,6130,54117659000.0,64465355391.542786
phi2_conv300,6131,54117659000.0,64476971117.542786
phi2_conv300,6132,54117659000.0,64488586843.542786
phi2_conv300,6133,54117659000.0,64500230217.542786
phi2_conv300,6134,54117659000.0,64511805495.542786
phi2_conv300,6135,54117659000.0,64523175461.542786
phi2_conv300,6136,54117659000.0,64534747667.542786
phi2_conv300,6137,54117659000.0,64546477569.542786
phi2_conv300,6138,54117659000.0,64557958127.542786
phi2_conv300,6139,54117659000.0,64569560029.542786
phi2_conv300,6140,54117659000.0,64581244363.542786
phi2_conv300,6141,54117659000.0,64592928697.542786
phi2_conv300,6142,54117659000.0,64604546471.542786
phi2_conv300,6143,54117659000.0,64616055701.542786
phi2_conv300,6144,54117659000.0,64627903363.542786
phi2_conv300,6145,54117659000.0,64639497073.542786
phi2_conv300,6146,54117659000.0,64651259743.542786
phi2_conv300,6147,54117659000.0,64663099213.542786
phi2_conv300,6148,54117659000.0,64674938683.542786
phi2_conv300,6149,54117659000.0,64686709033.542786
phi2_conv300,6150,54117659000.0,64698253079.542786
phi2_conv300,6151,54117659000.0,64710094597.542786
phi2_conv300,6152,54117659000.0,64721895155.542786
phi2_conv300,6153,54117659000.0,64733699297.542786
phi2_conv300,6154,54117659000.0,64745310415.542786
phi2_conv300,6155,54117659000.0,64756952253.542786
phi2_conv300,6156,55083021000.0,64847139437.85707
phi2_conv300,6157,55083021000.0,64939516510.17136
phi2_conv300,6158,55110396000.0,65030140125.48564
phi2_conv300,6159,55110396000.0,65048809831.48564
phi2_conv300,6160,55110396000.0,65061101745.48564
phi2_conv300,6161,55110396000.0,65073381371.48564
phi2_conv300,6162,55110396000.0,65085550917.48564
phi2_conv300,6163,55110396000.0,65097879695.48564
phi2_conv300,6164,55110396000.0,65109759532.48564
phi2_conv300,6165,55110396000.0,65121288730.48564
phi2_conv300,6166,55110396000.0,65132817416.48564
phi2_conv300,6167,55110396000.0,65144350710.48564
phi2_conv300,6168,55110396000.0,65155884004.48564
phi2_conv300,6169,55110396000.0,65167322066.48564
phi2_conv300,6170,55110396000.0,65178977728.48564
phi2_conv300,6171,55339650000.0,65269182320.79993
phi2_conv300,6172,55339650000.0,65361452833.11421
phi2_conv300,6173,55339650000.0,65390515390.11421
phi2_conv300,6174,55339650000.0,65402852955.11421
phi2_conv300,6175,55339650000.0,65414963704.11421
phi2_conv300,6176,55339650000.0,65426749414.11421
phi2_conv300,6177,55339650000.0,65438562772.11421
phi2_conv300,6178,55339650000.0,65450236866.11421
phi2_conv300,6179,55339650000.0,65461921200.11421
phi2_conv300,6180,55339650000.0,65473794974.11421
phi2_conv300,6181,55339650000.0,65485735308.11421
phi2_conv300,6182,55339650000.0,65497394042.11421
phi2_conv300,6183,55339650000.0,65509044584.11421
phi2_conv300,6184,55339650000.0,65520695126.11421
phi2_conv300,6185,55339650000.0,65532521796.11421
phi2_conv300,6186,55339650000.0,65544352562.11421
phi2_conv300,6187,55339650000.0,65555875104.11421
phi2_conv300,6188,55339650000.0,65567541006.11421
phi2_conv300,6189,55339650000.0,65578795855.11421
phi2_conv300,6190,55339650000.0,65590081424.11421
phi2_conv300,6191,55339650000.0,65601366993.11421
phi2_conv300,6192,55339650000.0,65612779538.11421
phi2_conv300,6193,55339650000.0,65624030291.11421
phi2_conv300,6194,55339650000.0,65635413652.11421
phi2_conv300,6195,55339650000.0,65646822101.11421
phi2_conv300,6196,55339650000.0,65658164502.11421
phi2_conv300,6197,55339650000.0,65669440343.11421
phi2_conv300,6198,55339650000.0,65680647576.11421
phi2_conv300,6199,55339650000.0,65691984345.11421
phi2_conv300,6200,55339650000.0,65703321114.11421
phi2_conv300,6201,55339650000.0,65714681947.11421
phi2_conv300,6202,55339650000.0,65725931676.11421
phi2_conv300,6203,55339650000.0,65737156317.11421
phi2_conv300,6204,55339650000.0,65748682014.11421
phi2_conv300,6205,55339650000.0,65759705009.11421
phi2_conv300,6206,55339650000.0,65770542148.11421
phi2_conv300,6207,55339650000.0,65781379287.11421
phi2_conv300,6208,55339650000.0,65792418666.11421
phi2_conv300,6209,55339650000.0,65803313661.11421
phi2_conv300,6210,55339650000.0,65814327440.11421
phi2_conv300,6211,55339650000.0,65825290019.11421
phi2_conv300,6212,55339650000.0,65836287414.11421
phi2_conv300,6213,55339650000.0,65847179849.11421
phi2_conv300,6214,55339650000.0,65858358063.11421
phi2_conv300,6215,55339650000.0,65869319189.11421
phi2_conv300,6216,55339650000.0,65880280315.11421
phi2_conv300,6217,55339650000.0,65890581043.11421
phi2_conv300,6218,55339650000.0,65901255531.11421
phi2_conv300,6219,55339650000.0,65911555747.11421
phi2_conv300,6220,55339650000.0,65921982939.11421
phi2_conv300,6221,55339650000.0,65932410131.11421
phi2_conv300,6222,55339650000.0,65942865995.11421
phi2_conv300,6223,55339650000.0,65952995285.11421
phi2_conv300,6224,55339650000.0,65963233119.11421
phi2_conv300,6225,55339650000.0,65973407465.11421
phi2_conv300,6226,55339650000.0,65983561843.11421
phi2_conv300,6227,55339650000.0,65993836029.11421
phi2_conv300,6228,55339650000.0,66004030855.11421
phi2_conv300,6229,55339650000.0,66014275857.11421
phi2_conv300,6230,55339650000.0,66024314011.11421
phi2_conv300,6231,55339650000.0,66034435621.11421
phi2_conv300,6232,55339650000.0,66044557231.11421
phi2_conv300,6233,55339650000.0,66054593337.11421
phi2_conv300,6234,55339650000.0,66064552643.11421
phi2_conv300,6235,55339650000.0,66074604621.11421
phi2_conv300,6236,55339650000.0,66084753367.11421
phi2_conv300,6237,55339650000.0,66094902113.11421
phi2_conv300,6238,55339650000.0,66104827115.11421
phi2_conv300,6239,55339650000.0,66114752117.11421
phi2_conv300,6240,55339650000.0,66124693503.11421
phi2_conv300,6241,55339650000.0,66134664585.11421
phi2_conv300,6242,55339650000.0,66144599827.11421
phi2_conv300,6243,55339650000.0,66154866333.11421
phi2_conv300,6244,55339650000.0,66165071399.11421
phi2_conv300,6245,55339650000.0,66175283633.11421
phi2_conv300,6246,55339650000.0,66185081230.11421
phi2_conv300,6247,55339650000.0,66194484156.11421
phi2_conv300,6248,55339650000.0,66203887082.11421
phi2_conv300,6249,55339650000.0,66213469208.11421
phi2_conv300,6250,55339650000.0,66223044166.11421
phi2_conv300,6251,55339650000.0,66232492148.11421
phi2_conv300,6252,55339650000.0,66241980578.11421
phi2_conv300,6253,55339650000.0,66251469008.11421
phi2_conv300,6254,55339650000.0,66260957438.11421
phi2_conv300,6255,55339650000.0,66270407980.11421
phi2_conv300,6256,55339650000.0,66279614893.11421
phi2_conv300,6257,55339650000.0,66288713262.11421
phi2_conv300,6258,55339650000.0,66297867951.11421
phi2_conv300,6259,55339650000.0,66307186992.11421
phi2_conv300,6260,55339650000.0,66316542385.11421
phi2_conv300,6261,56587820000.0,66405571556.4285
phi2_conv300,6262,56587820000.0,66496623735.74278
phi2_conv300,6263,56587820000.0,66515638885.74278
phi2_conv300,6264,56587820000.0,66525111955.74278
phi2_conv300,6265,56587820000.0,66533913958.74278
phi2_conv300,6266,56587820000.0,66542845497.74278
phi2_conv300,6267,56587820000.0,66551721740.74278
phi2_conv300,6268,56587820000.0,66560772575.74278
phi2_conv300,6269,56587820000.0,66569823410.74278
phi2_conv300,6270,56587820000.0,66578874245.74278
phi2_conv300,6271,56587820000.0,66587577003.74278
phi2_conv300,6272,56587820000.0,66596279761.74278
phi2_conv300,6273,56587820000.0,66604775159.74278
phi2_conv300,6274,56587820000.0,66613195805.74278
phi2_conv300,6275,56587820000.0,66621813571.74278
phi2_conv300,6276,56587820000.0,66630190185.74278
phi2_conv300,6277,56587820000.0,66638783375.74278
phi2_conv300,6278,56587820000.0,66647238407.74278
phi2_conv300,6279,56587820000.0,66655636607.74278
phi2_conv300,6280,56587820000.0,66664034807.74278
phi2_conv300,6281,56587820000.0,66671960001.74278
phi2_conv300,6282,56587820000.0,66679881099.74278
phi2_conv300,6283,56587820000.0,66687663723.68564
phi2_conv300,6284,56587820000.0,66695302280.68564
phi2_conv300,6285,56587820000.0,66702940837.68564
phi2_conv300,6286,56587820000.0,66710579394.68564
phi2_conv300,6287,56587820000.0,66718217951.68564
phi2_conv300,6288,56587820000.0,66725856508.68564
phi2_conv300,6289,56587820000.0,66733271833.68564
phi2_conv300,6290,56965420000.0,66821393950.99992
phi2_conv300,6291,56965420000.0,66912192484.31421
phi2_conv300,6292,56965420000.0,66963871910.97135
phi2_conv300,6293,56965420000.0,66971578480.97135
phi2_conv300,6294,56965420000.0,66979418170.97135
phi2_conv300,6295,56965420000.0,66987122180.97135
phi2_conv300,6296,56965420000.0,66994826190.97135
phi2_conv300,6297,56965420000.0,67002495896.97135
phi2_conv300,6298,56965420000.0,67009919413.97135
phi2_conv300,6299,56965420000.0,67017397714.97135
phi2_conv300,6300,56965420000.0,67024876015.97135
phi2_conv300,6301,56965420000.0,67032354316.97135
phi2_conv300,6302,56965420000.0,67039832617.97135
phi2_conv300,6303,56965420000.0,67047310918.97135
phi2_conv300,6304,56965420000.0,67054789219.97135
phi2_conv300,6305,56965420000.0,67062212736.97135
phi2_conv300,6306,56965420000.0,67069397742.97135
phi2_conv300,6307,56965420000.0,67076718428.97135
phi2_conv300,6308,56965420000.0,67083923914.97135
phi2_conv300,6309,56965420000.0,67091163704.97135
phi2_conv300,6310,57217515000.0,67179015248.28564
phi2_conv300,6311,57217515000.0,67268998279.59992
phi2_conv300,6312,57217515000.0,67299422216.514206
phi2_conv300,6313,57280079000.0,67387589069.82849
phi2_conv300,6314,57280079000.0,67478599603.14278
phi2_conv300,6315,57280079000.0,67488240509.14278
phi2_conv300,6316,57280079000.0,67496340295.14278
phi2_conv300,6317,57280079000.0,67504440081.14278
phi2_conv300,6318,57280079000.0,67512539867.14278
phi2_conv300,6319,57280079000.0,67520196261.14278
phi2_conv300,6320,57280079000.0,67528049775.14278
phi2_conv300,6321,57280079000.0,67535996473.14278
phi2_conv300,6322,57280079000.0,67543832579.14278
phi2_conv300,6323,57414624000.0,67632445976.45706
phi2_conv300,6324,57414624000.0,67722852813.77135
phi2_conv300,6325,57452439000.0,67811200243.08563
phi2_conv300,6326,57492631000.0,67901240775.39992
phi2_conv300,6327,57492631000.0,67990041915.7142
phi2_conv300,6328,57503945000.0,68081646624.02849
phi2_conv300,6329,57511147000.0,68170184787.34277
phi2_conv300,6330,57511147000.0,68259276422.65706
phi2_conv300,6331,57577696000.0,68348643545.971344
phi2_conv300,6332,57577696000.0,68438393133.28563
phi2_conv300,6333,57577696000.0,68508913767.742775
phi2_conv300,6334,57577696000.0,68517676776.742775
phi2_conv300,6335,57577696000.0,68526008251.742775
phi2_conv300,6336,57577696000.0,68534534798.742775
phi2_conv300,6337,57577696000.0,68543044449.742775
phi2_conv300,6338,57577696000.0,68551348788.742775
phi2_conv300,6339,57577696000.0,68559835399.742775
phi2_conv300,6340,57577696000.0,68568192986.742775
phi2_conv300,6341,57577696000.0,68576560813.742775
phi2_conv300,6342,57780753000.0,68665476402.05706
phi2_conv300,6343,57780753000.0,68755924486.37135
phi2_conv300,6344,57780753000.0,68849349946.68564
phi2_conv300,6345,57780753000.0,68944742926.99992
phi2_conv300,6346,57780753000.0,69043876579.31421
phi2_conv300,6347,57780753000.0,69144249271.6285
phi2_conv300,6348,57780753000.0,69246842507.94278
phi2_conv300,6349,57780753000.0,69352415072.25706
phi2_conv300,6350,57780753000.0,69385685627.65706
phi2_conv300,6351,57780753000.0,69394664782.65706
phi2_conv300,6352,57780753000.0,69403578913.65706
phi2_conv300,6353,57780753000.0,69412481268.65706
phi2_conv300,6354,57780753000.0,69421455815.65706
phi2_conv300,6355,57780753000.0,69430791322.65706
phi2_conv300,6356,57780753000.0,69439852909.65706
phi2_conv300,6357,57780753000.0,69448316563.65706
phi2_conv300,6358,57780753000.0,69457121721.65706
phi2_conv300,6359,57780753000.0,69465930975.65706
phi2_conv300,6360,57780753000.0,69474461701.65706
phi2_conv300,6361,57780753000.0,69483096363.65706
phi2_conv300,6362,57780753000.0,69491814481.65706
phi2_conv300,6363,57780753000.0,69500793207.65706
phi2_conv300,6364,57780753000.0,69509154031.65706
phi2_conv300,6365,57780753000.0,69517514855.65706
phi2_conv300,6366,57780753000.0,69525709279.65706
phi2_conv300,6367,57780753000.0,69533903703.65706
phi2_conv300,6368,57780753000.0,69542721231.65706
phi2_conv300,6369,57780753000.0,69551538759.65706
phi2_conv300,6370,57780753000.0,69559969727.65706
phi2_conv300,6371,57780753000.0,69568048439.65706
phi2_conv300,6372,58265729000.0,69640582393.42848
phi2_conv300,6373,58265729000.0,69649013791.42848
phi2_conv300,6374,58265729000.0,69657747269.42848
phi2_conv300,6375,58265729000.0,69666302571.42848
phi2_conv300,6376,58265729000.0,69674865041.42848
phi2_conv300,6377,58265729000.0,69682968841.42848
phi2_conv300,6378,58265729000.0,69691290241.42848
phi2_conv300,6379,58265729000.0,69699391993.42848
phi2_conv300,6380,58265729000.0,69707493745.42848
phi2_conv300,6381,58265729000.0,69715238203.42848
phi2_conv300,6382,58265729000.0,69722865925.42848
phi2_conv300,6383,58265729000.0,69730287906.42848
phi2_conv300,6384,58265729000.0,69737774911.42848
phi2_conv300,6385,58265729000.0,69745261916.42848
phi2_conv300,6386,58265729000.0,69752511353.42848
phi2_conv300,6387,58265729000.0,69759725974.42848
phi2_conv300,6388,58265729000.0,69767002547.42848
phi2_conv300,6389,58464914000.0,69807889501.45705
phi2_conv300,6390,58464914000.0,69815228455.45705
phi2_conv300,6391,58464914000.0,69822905329.45705
phi2_conv300,6392,58464914000.0,69830572475.45705
phi2_conv300,6393,58464914000.0,69838231429.45705
phi2_conv300,6394,58464914000.0,69845091234.45705
phi2_conv300,6395,58464914000.0,69851649983.45705
phi2_conv300,6396,58464914000.0,69858208732.45705
phi2_conv300,6397,58464914000.0,69864767481.45705
phi2_conv300,6398,58464914000.0,69871547926.45705
phi2_conv300,6399,58464914000.0,69878328371.45705
phi2_conv300,6400,58464914000.0,69885029456.45705
phi2_conv300,6401,58464914000.0,69891730541.45705
phi2_conv300,6402,58464914000.0,69898563722.45705
phi2_conv300,6403,58464914000.0,69905195687.45705
phi2_conv300,6404,58464914000.0,69912202436.45705
phi2_conv300,6405,58464914000.0,69918900961.45705
phi2_conv300,6406,58464914000.0,69925612798.45705
phi2_conv300,6407,58464914000.0,69932405019.45705
phi2_conv300,6408,58464914000.0,69939089720.45705
phi2_conv300,6409,58464914000.0,69945978709.45705
phi2_conv300,6410,58464914000.0,69952867698.45705
phi2_conv300,6411,58464914000.0,69959457167.45705
phi2_conv300,6412,58464914000.0,69966046636.45705
phi2_conv300,6413,58464914000.0,69972742170.45705
phi2_conv300,6414,58464914000.0,69979092616.45705
phi2_conv300,6415,58464914000.0,69985443062.45705
phi2_conv300,6416,58464914000.0,69991826788.45705
phi2_conv300,6417,58464914000.0,69998210514.45705
phi2_conv300,6418,58464914000.0,70004881472.45705
phi2_conv300,6419,58464914000.0,70011374766.45705
phi2_conv300,6420,58464914000.0,70017908508.45705
phi2_conv300,6421,58464914000.0,70024442250.45705
phi2_conv300,6422,58464914000.0,70030558283.45705
phi2_conv300,6423,58464914000.0,70036788492.45705
phi2_conv300,6424,58464914000.0,70043099597.45705
phi2_conv300,6425,58464914000.0,70049298574.45705
phi2_conv300,6426,58464914000.0,70055497551.45705
phi2_conv300,6427,58464914000.0,70061905424.45705
phi2_conv300,6428,58464914000.0,70068313297.45705
phi2_conv300,6429,58464914000.0,70074721170.45705
phi2_conv300,6430,58464914000.0,70081046995.45705
phi2_conv300,6431,58464914000.0,70086832533.45705
phi2_conv300,6432,58464914000.0,70092540759.45705
phi2_conv300,6433,58464914000.0,70098248985.45705
phi2_conv300,6434,58464914000.0,70104088795.45705
phi2_conv300,6435,58464914000.0,70110182045.45705
phi2_conv300,6436,58464914000.0,70116023391.45705
phi2_conv300,6437,58464914000.0,70121864737.45705
phi2_conv300,6438,58464914000.0,70127718371.45705
phi2_conv300,6439,58464914000.0,70133650341.45705
phi2_conv300,6440,58464914000.0,70139644263.45705
phi2_conv300,6441,58464914000.0,70145549097.45705
phi2_conv300,6442,58464914000.0,70151453931.45705
phi2_conv300,6443,58464914000.0,70157409453.45705
phi2_conv300,6444,58464914000.0,70163364975.45705
phi2_conv300,6445,58464914000.0,70168928713.45705
phi2_conv300,6446,58464914000.0,70174492451.45705
phi2_conv300,6447,58464914000.0,70180056189.45705
phi2_conv300,6448,58464914000.0,70185667031.45705
phi2_conv300,6449,58464914000.0,70191277873.45705
phi2_conv300,6450,58464914000.0,70196882059.45705
phi2_conv300,6451,58464914000.0,70202113930.45705
phi2_conv300,6452,58464914000.0,70207752841.45705
phi2_conv300,6453,58464914000.0,70213391752.45705
phi2_conv300,6454,58464914000.0,70219030663.45705
phi2_conv300,6455,58464914000.0,70224360326.45705
phi2_conv300,6456,58464914000.0,70229893765.45705
phi2_conv300,6457,58464914000.0,70235476868.45705
phi2_conv300,6458,58464914000.0,70241059971.45705
phi2_conv300,6459,58464914000.0,70246632322.45705
phi2_conv300,6460,58464914000.0,70252204673.45705
phi2_conv300,6461,58464914000.0,70257777024.45705
phi2_conv300,6462,58464914000.0,70263349375.45705
phi2_conv300,6463,58464914000.0,70268921726.45705
phi2_conv300,6464,58464914000.0,70274234493.45705
phi2_conv300,6465,58464914000.0,70279547260.45705
phi2_conv300,6466,58464914000.0,70284944507.45705
phi2_conv300,6467,58464914000.0,70290288506.45705
phi2_conv300,6468,58464914000.0,70295750265.45705
phi2_conv300,6469,58464914000.0,70301212024.45705
phi2_conv300,6470,58464914000.0,70306673783.45705
phi2_conv300,6471,58464914000.0,70312237339.45705
phi2_conv300,6472,58464914000.0,70317642687.45705
phi2_conv300,6473,58464914000.0,70322944611.45705
phi2_conv300,6474,58464914000.0,70328246535.45705
phi2_conv300,6475,58464914000.0,70333699499.45705
phi2_conv300,6476,58464914000.0,70339152463.45705
phi2_conv300,6477,58464914000.0,70344605427.45705
phi2_conv300,6478,58464914000.0,70350058391.45705
phi2_conv300,6479,58464914000.0,70355511355.45705
phi2_conv300,6480,58464914000.0,70360895711.45705
phi2_conv300,6481,58464914000.0,70366280067.45705
phi2_conv300,6482,58464914000.0,70371653159.45705
phi2_conv300,6483,58464914000.0,70376991947.45705
phi2_conv300,6484,58464914000.0,70382417775.45705
phi2_conv300,6485,58464914000.0,70387843603.45705
phi2_conv300,6486,58464914000.0,70393269431.45705
phi2_conv300,6487,58464914000.0,70398675291.45705
phi2_conv300,6488,58464914000.0,70404148735.45705
phi2_conv300,6489,58464914000.0,70409453219.45705
phi2_conv300,6490,58464914000.0,70414757703.45705
phi2_conv300,6491,58464914000.0,70420159979.45705
phi2_conv300,6492,58464914000.0,70425562255.45705
phi2_conv300,6493,58464914000.0,70430964531.45705
phi2_conv300,6494,58464914000.0,70436366807.45705
phi2_conv300,6495,58464914000.0,70441769083.45705
phi2_conv300,6496,58464914000.0,70447129375.45705
phi2_conv300,6497,58464914000.0,70452489667.45705
phi2_conv300,6498,58464914000.0,70458012263.45705
phi2_conv300,6499,58464914000.0,70463714059.45705
phi2_conv300,6500,58464914000.0,70469391279.45705
phi2_conv300,6501,58464914000.0,70475068499.45705
phi2_conv300,6502,58464914000.0,70480745719.45705
phi2_conv300,6503,58464914000.0,70486074779.45705
phi2_conv300,6504,58464914000.0,70491820607.45705
phi2_conv300,6505,58464914000.0,70497617123.45705
phi2_conv300,6506,58464914000.0,70503413639.45705
phi2_conv300,6507,58464914000.0,70509038635.45705
phi2_conv300,6508,58464914000.0,70514663631.45705
phi2_conv300,6509,58464914000.0,70520288627.45705
phi2_conv300,6510,58464914000.0,70525505275.45705
phi2_conv300,6511,58464914000.0,70530721923.45705
phi2_conv300,6512,58464914000.0,70535957515.45705
phi2_conv300,6513,58464914000.0,70541193107.45705
phi2_conv300,6514,58464914000.0,70546408731.45705
phi2_conv300,6515,58464914000.0,70551532707.45705
phi2_conv300,6516,58464914000.0,70556909099.45705
phi2_conv300,6517,58464914000.0,70562285491.45705
phi2_conv300,6518,58464914000.0,70567661883.45705
phi2_conv300,6519,58464914000.0,70573038275.45705
phi2_conv300,6520,58464914000.0,70578195531.45705
phi2_conv300,6521,58464914000.0,70583579091.45705
phi2_conv300,6522,58464914000.0,70588962651.45705
phi2_conv300,6523,58464914000.0,70594271971.45705
phi2_conv300,6524,58464914000.0,70599581291.45705
phi2_conv300,6525,58464914000.0,70604890611.45705
phi2_conv300,6526,58464914000.0,70610199931.45705
phi2_conv300,6527,58464914000.0,70615509251.45705
phi2_conv300,6528,58464914000.0,70620757131.45705
phi2_conv300,6529,58464914000.0,70626005011.45705
phi2_conv300,6530,58464914000.0,70631344539.45705
phi2_conv300,6531,58464914000.0,70636631331.45705
phi2_conv300,6532,58464914000.0,70641970347.45705
phi2_conv300,6533,58464914000.0,70647309363.45705
phi2_conv300,6534,58464914000.0,70652648379.45705
phi2_conv300,6535,58464914000.0,70657987395.45705
phi2_conv300,6536,58464914000.0,70663297227.45705
phi2_conv300,6537,58464914000.0,70668688979.45705
phi2_conv300,6538,58464914000.0,70674080731.45705
phi2_conv300,6539,58464914000.0,70679580003.45705
phi2_conv300,6540,58464914000.0,70685079275.45705
phi2_conv300,6541,58464914000.0,70690578547.45705
phi2_conv300,6542,58464914000.0,70696077819.45705
phi2_conv300,6543,58464914000.0,70701577091.45705
phi2_conv300,6544,58464914000.0,70706969867.45705
phi2_conv300,6545,58464914000.0,70712362643.45705
phi2_conv300,6546,58464914000.0,70717736987.45705
phi2_conv300,6547,58464914000.0,70723035555.45705
phi2_conv300,6548,58464914000.0,70728296747.45705
phi2_conv300,6549,58464914000.0,70733557939.45705
phi2_conv300,6550,58464914000.0,70738819131.45705
phi2_conv300,6551,58464914000.0,70744080323.45705
phi2_conv300,6552,58464914000.0,70749325131.45705
phi2_conv300,6553,58464914000.0,70754664659.45705
phi2_conv300,6554,58464914000.0,70760004187.45705
phi2_conv300,6555,58464914000.0,70765037448.45705
phi2_conv300,6556,59993520000.0,70797819124.37134
phi2_conv300,6557,59993520000.0,70803015804.37134
phi2_conv300,6558,59993520000.0,70808212484.37134
phi2_conv300,6559,59993520000.0,70813409164.37134
phi2_conv300,6560,59993520000.0,70818464020.37134
phi2_conv300,6561,59993520000.0,70823518876.37134
phi2_conv300,6562,59993520000.0,70828460068.37134
phi2_conv300,6563,59993520000.0,70833511340.37134
phi2_conv300,6564,59993520000.0,70838696244.37134
phi2_conv300,6565,59993520000.0,70843881148.37134
phi2_conv300,6566,59993520000.0,70849066052.37134
phi2_conv300,6567,59993520000.0,70854308812.37134
phi2_conv300,6568,59993520000.0,70859406164.37134
phi2_conv300,6569,59993520000.0,70864482524.37134
phi2_conv300,6570,59993520000.0,70869558884.37134
phi2_conv300,6571,59993520000.0,70874616812.37134
phi2_conv300,6572,59993520000.0,70879674740.37134
phi2_conv300,6573,59993520000.0,70884732668.37134
phi2_conv300,6574,59993520000.0,70889790596.37134
phi2_conv300,6575,59993520000.0,70894848524.37134
phi2_conv300,6576,60172200000.0,70981011485.68562
phi2_conv300,6577,60172200000.0,71069395470.99991
phi2_conv300,6578,60183596000.0,71155481213.3142
phi2_conv300,6579,60183596000.0,71243595083.62848
phi2_conv300,6580,60183596000.0,71262408714.62848
phi2_conv300,6581,60183596000.0,71267953929.62848
phi2_conv300,6582,60183596000.0,71273499144.62848
phi2_conv300,6583,60183596000.0,71278997767.62848
phi2_conv300,6584,60183596000.0,71284476934.62848
phi2_conv300,6585,60183596000.0,71289950981.62848
phi2_conv300,6586,60183596000.0,71295425028.62848
phi2_conv300,6587,60183596000.0,71301261059.62848
phi2_conv300,6588,60183596000.0,71307097090.62848
phi2_conv300,6589,60183596000.0,71312933121.62848
phi2_conv300,6590,60183596000.0,71318769152.62848
phi2_conv300,6591,60183596000.0,71324605183.62848
phi2_conv300,6592,60183596000.0,71330195454.62848
phi2_conv300,6593,60183596000.0,71335785725.62848
phi2_conv300,6594,60183596000.0,71341321724.62848
phi2_conv300,6595,60183596000.0,71346940667.62848
phi2_conv300,6596,60183596000.0,71352476666.62848
phi2_conv300,6597,60183596000.0,71358012665.62848
phi2_conv300,6598,60183596000.0,71363548664.62848
phi2_conv300,6599,60183596000.0,71369110263.62848
phi2_conv300,6600,60426171000.0,71455520225.94276
phi2_conv300,6601,60426171000.0,71544311564.25705
phi2_conv300,6602,60426171000.0,71636201462.57133
phi2_conv300,6603,60426171000.0,71703960567.14276
phi2_conv300,6604,60426171000.0,71709712721.14276
phi2_conv300,6605,60426171000.0,71715464875.14276
phi2_conv300,6606,60426171000.0,71721209258.14276
phi2_conv300,6607,60426171000.0,71726953641.14276
phi2_conv300,6608,60426171000.0,71732574120.14276
phi2_conv300,6609,60426171000.0,71738194599.14276
phi2_conv300,6610,60426171000.0,71744223142.14276
phi2_conv300,6611,60426171000.0,71749830821.14276
phi2_conv300,6612,60426171000.0,71755804580.14276
phi2_conv300,6613,60426171000.0,71761778339.14276
phi2_conv300,6614,60426171000.0,71767752098.14276
phi2_conv300,6615,60426171000.0,71773418145.14276
phi2_conv300,6616,60426171000.0,71779375008.14276
phi2_conv300,6617,60426171000.0,71785221279.14276
phi2_conv300,6618,60426171000.0,71791067550.14276
phi2_conv300,6619,60648144000.0,71859810778.28561
phi2_conv300,6620,60648144000.0,71865763124.28561
phi2_conv300,6621,60648144000.0,71871715470.28561
phi2_conv300,6622,60648144000.0,71877667816.28561
phi2_conv300,6623,60648144000.0,71883620162.28561
phi2_conv300,6624,60648144000.0,71889504924.28561
phi2_conv300,6625,60648144000.0,71895389686.28561
phi2_conv300,6626,60648144000.0,71901612368.28561
phi2_conv300,6627,60648144000.0,71907434154.28561
phi2_conv300,6628,60648144000.0,71913655812.28561
phi2_conv300,6629,60648144000.0,71919877470.28561
phi2_conv300,6630,60648144000.0,71926099128.28561
phi2_conv300,6631,60648144000.0,71932387858.28561
phi2_conv300,6632,60778525000.0,71969541226.34276
phi2_conv300,6633,60778525000.0,71975553580.34276
phi2_conv300,6634,60778525000.0,71981565934.34276
phi2_conv300,6635,60778525000.0,71987812272.34276
phi2_conv300,6636,60778525000.0,71994058610.34276
phi2_conv300,6637,60831569000.0,72081080487.65704
phi2_conv300,6638,60831569000.0,72167040886.77133
phi2_conv300,6639,60872432000.0,72254099694.08562
phi2_conv300,6640,60872432000.0,72343567333.3999
phi2_conv300,6641,60872432000.0,72354850054.3999
phi2_conv300,6642,60872432000.0,72361060295.3999
phi2_conv300,6643,60872432000.0,72367445640.3999
phi2_conv300,6644,60872432000.0,72373794633.3999
phi2_conv300,6645,60872432000.0,72380143626.3999
phi2_conv300,6646,60872432000.0,72386492619.3999
phi2_conv300,6647,60872432000.0,72392882572.3999
phi2_conv300,6648,60872432000.0,72399274573.3999
phi2_conv300,6649,60872432000.0,72405607694.3999
phi2_conv300,6650,60872432000.0,72411940815.3999
phi2_conv300,6651,60872432000.0,72418358416.3999
phi2_conv300,6652,60872432000.0,72424776017.3999
phi2_conv300,6653,60872432000.0,72431193618.3999
phi2_conv300,6654,60872432000.0,72437611219.3999
phi2_conv300,6655,60872432000.0,72444008340.3999
phi2_conv300,6656,60872432000.0,72450036693.3999
phi2_conv300,6657,60872432000.0,72456065046.3999
phi2_conv300,6658,60872432000.0,72462090327.3999
phi2_conv300,6659,60872432000.0,72468151960.3999
phi2_conv300,6660,60872432000.0,72474122969.3999
phi2_conv300,6661,60872432000.0,72480093978.3999
phi2_conv300,6662,60872432000.0,72486064987.3999
phi2_conv300,6663,61145266000.0,72572982162.71419
phi2_conv300,6664,61145266000.0,72662116970.02847
phi2_conv300,6665,61145266000.0,72673498251.02847
phi2_conv300,6666,61145266000.0,72679488716.02847
phi2_conv300,6667,61145266000.0,72685451021.02847
phi2_conv300,6668,61145266000.0,72691413326.02847
phi2_conv300,6669,61145266000.0,72697297680.02847
phi2_conv300,6670,61145266000.0,72703182034.02847
phi2_conv300,6671,61145266000.0,72709154452.02847
phi2_conv300,6672,61263537000.0,72796377769.34276
phi2_conv300,6673,61263537000.0,72885670078.65704
phi2_conv300,6674,61285563000.0,72973060469.97133
phi2_conv300,6675,61285563000.0,73062289165.28561
phi2_conv300,6676,61294115000.0,73149687667.5999
phi2_conv300,6677,61294115000.0,73238243961.91418
phi2_conv300,6678,61294115000.0,73255021671.91418
phi2_conv300,6679,61294115000.0,73261894357.91418
phi2_conv300,6680,61294115000.0,73268482371.91418
phi2_conv300,6681,61294115000.0,73275236273.91418
phi2_conv300,6682,61294115000.0,73281990175.91418
phi2_conv300,6683,61294115000.0,73288660109.91418
phi2_conv300,6684,61294115000.0,73295182075.91418
phi2_conv300,6685,61294115000.0,73301704041.91418
phi2_conv300,6686,61294115000.0,73308226007.91418
phi2_conv300,6687,61294115000.0,73314944069.91418
phi2_conv300,6688,61294115000.0,73321658035.91418
phi2_conv300,6689,61294115000.0,73328372001.91418
phi2_conv300,6690,61294115000.0,73334448482.91418
phi2_conv300,6691,61294115000.0,73340416419.91418
phi2_conv300,6692,61294115000.0,73346365924.91418
phi2_conv300,6693,61294115000.0,73352315429.91418
phi2_conv300,6694,61294115000.0,73358377574.91418
phi2_conv300,6695,61294115000.0,73364439719.91418
phi2_conv300,6696,61294115000.0,73369981545.91418
phi2_conv300,6697,61294115000.0,73375523371.91418
phi2_conv300,6698,61294115000.0,73381065197.91418
phi2_conv300,6699,61294115000.0,73386921391.91418
phi2_conv300,6700,61294115000.0,73392802673.91418
phi2_conv300,6701,61294115000.0,73398683955.91418
phi2_conv300,6702,61294115000.0,73404565237.91418
phi2_conv300,6703,61294115000.0,73410311351.91418
phi2_conv300,6704,61294115000.0,73416082041.91418
phi2_conv300,6705,61294115000.0,73421852731.91418
phi2_conv300,6706,61294115000.0,73427623421.91418
phi2_conv300,6707,61294115000.0,73433413055.91418
phi2_conv300,6708,61294115000.0,73439222657.91418
phi2_conv300,6709,61294115000.0,73444852443.91418
phi2_conv300,6710,61294115000.0,73450391093.91418
phi2_conv300,6711,61294115000.0,73455929743.91418
phi2_conv300,6712,61294115000.0,73461432553.91418
phi2_conv300,6713,61294115000.0,73466935363.91418
phi2_conv300,6714,61294115000.0,73472438173.91418
phi2_conv300,6715,61294115000.0,73477917852.91418
phi2_conv300,6716,61764605000.0,73564087083.22847
phi2_conv300,6717,61764605000.0,73651728908.25703
phi2_conv300,6718,61764605000.0,73657150731.25703
phi2_conv300,6719,61764605000.0,73662426122.25703
phi2_conv300,6720,61764605000.0,73667695881.25703
phi2_conv300,6721,61764605000.0,73672965640.25703
phi2_conv300,6722,61838028000.0,73759264860.57132
phi2_conv300,6723,61838028000.0,73834551731.54276
phi2_conv300,6724,61838028000.0,73840272757.54276
phi2_conv300,6725,61838028000.0,73845993783.54276
phi2_conv300,6726,61838028000.0,73851447033.54276
phi2_conv300,6727,61906835000.0,73923142840.71419
phi2_conv300,6728,61928694000.0,74010356899.22847
phi2_conv300,6729,61928694000.0,74099412378.54276
phi2_conv300,6730,61928694000.0,74124921723.54276
phi2_conv300,6731,61928694000.0,74130728508.54276
phi2_conv300,6732,61928694000.0,74136524541.54276
phi2_conv300,6733,61928694000.0,74142320574.54276
phi2_conv300,6734,61928694000.0,74148116607.54276
phi2_conv300,6735,61928694000.0,74153973056.54276
phi2_conv300,6736,61928694000.0,74159964161.54276
phi2_conv300,6737,61928694000.0,74165790402.54276
phi2_conv300,6738,61928694000.0,74171616643.54276
phi2_conv300,6739,61928694000.0,74177417796.54276
phi2_conv300,6740,61928694000.0,74183251717.54276
phi2_conv300,6741,61928694000.0,74189085638.54276
phi2_conv300,6742,61928694000.0,74194822279.54276
phi2_conv300,6743,61928694000.0,74200558920.54276
phi2_conv300,6744,61928694000.0,74206392329.54276
phi2_conv300,6745,61928694000.0,74212225738.54276
phi2_conv300,6746,61928694000.0,74218133899.54276
phi2_conv300,6747,61928694000.0,74224274508.54276
phi2_conv300,6748,61928694000.0,74230155021.54276
phi2_conv300,6749,61928694000.0,74236035534.54276
phi2_conv300,6750,61928694000.0,74241916047.54276
phi2_conv300,6751,62174486000.0,74328895829.85704
phi2_conv300,6752,62174486000.0,74417943484.17133
phi2_conv300,6753,62174486000.0,74479594466.48561
phi2_conv300,6754,62174486000.0,74485975632.48561
phi2_conv300,6755,62174486000.0,74492285118.48561
phi2_conv300,6756,62174486000.0,74498497836.48561
phi2_conv300,6757,62174486000.0,74504710554.48561
phi2_conv300,6758,62276484000.0,74592094816.7999
phi2_conv300,6759,62276484000.0,74680935623.11418
phi2_conv300,6760,62276484000.0,74702561781.11418
phi2_conv300,6761,62276484000.0,74708759139.11418
phi2_conv300,6762,62276484000.0,74714970321.11418
phi2_conv300,6763,62276484000.0,74721382207.11418
phi2_conv300,6764,62276484000.0,74727595949.11418
phi2_conv300,6765,62276484000.0,74733824539.11418
phi2_conv300,6766,62276484000.0,74740053129.11418
phi2_conv300,6767,62276484000.0,74745683274.11418
phi2_conv300,6768,62276484000.0,74751503883.11418
phi2_conv300,6769,62276484000.0,74757487308.11418
phi2_conv300,6770,62276484000.0,74763470733.11418
phi2_conv300,6771,62276484000.0,74769197134.11418
phi2_conv300,6772,62276484000.0,74775015695.11418
phi2_conv300,6773,62276484000.0,74780834256.11418
phi2_conv300,6774,62276484000.0,74786683537.11418
phi2_conv300,6775,62276484000.0,74792532818.11418
phi2_conv300,6776,62482331000.0,74879183800.42847
phi2_conv300,6777,62482331000.0,74968530462.74275
phi2_conv300,6778,62482331000.0,74999890815.11418
phi2_conv300,6779,62482331000.0,75006047213.11418
phi2_conv300,6780,62482331000.0,75012387419.11418
phi2_conv300,6781,62482331000.0,75018560201.11418
phi2_conv300,6782,62482331000.0,75024732983.11418
phi2_conv300,6783,62482331000.0,75031050661.11418
phi2_conv300,6784,62482331000.0,75037205011.11418
phi2_conv300,6785,62482331000.0,75043359873.11418
phi2_conv300,6786,62482331000.0,75049514735.11418
phi2_conv300,6787,62482331000.0,75055832413.11418
phi2_conv300,6788,62482331000.0,75061918667.11418
phi2_conv300,6789,62482331000.0,75068004921.11418
phi2_conv300,6790,62482331000.0,75074117287.11418
phi2_conv300,6791,62482331000.0,75080337685.11418
phi2_conv300,6792,62482331000.0,75086684547.11418
phi2_conv300,6793,62482331000.0,75093031409.11418
phi2_conv300,6794,62482331000.0,75099360351.11418
phi2_conv300,6795,62482331000.0,75105477325.11418
phi2_conv300,6796,62482331000.0,75111820091.11418
phi2_conv300,6797,62482331000.0,75118076841.11418
phi2_conv300,6798,62482331000.0,75124333591.11418
phi2_conv300,6799,62482331000.0,75130710661.11418
phi2_conv300,6800,62482331000.0,75137175283.11418
phi2_conv300,6801,62482331000.0,75143543137.11418
phi2_conv300,6802,62482331000.0,75149910991.11418
phi2_conv300,6803,62482331000.0,75156058173.11418
phi2_conv300,6804,62482331000.0,75162333867.11418
phi2_conv300,6805,62482331000.0,75168609561.11418
phi2_conv300,6806,62482331000.0,75174989191.11418
phi2_conv300,6807,62482331000.0,75181138933.11418
phi2_conv300,6808,62482331000.0,75187488355.11418
phi2_conv300,6809,62482331000.0,75193837777.11418
phi2_conv300,6810,62843126000.0,75280998216.42847
phi2_conv300,6811,62843126000.0,75368405285.05704
phi2_conv300,6812,62843126000.0,75375099714.05704
phi2_conv300,6813,62843126000.0,75381872479.05704
phi2_conv300,6814,62843126000.0,75388645244.05704
phi2_conv300,6815,62843126000.0,75395112857.05704
phi2_conv300,6816,62843126000.0,75401716150.05704
phi2_conv300,6817,62843126000.0,75408261075.05704
phi2_conv300,6818,62843126000.0,75414778945.05704
phi2_conv300,6819,62843126000.0,75421474991.05704
phi2_conv300,6820,62843126000.0,75427765021.05704
phi2_conv300,6821,62843126000.0,75434055051.05704
phi2_conv300,6822,62843126000.0,75440359417.05704
phi2_conv300,6823,62843126000.0,75446616167.05704
phi2_conv300,6824,62843126000.0,75453155541.05704
phi2_conv300,6825,62843126000.0,75459684163.05704
phi2_conv300,6826,62843126000.0,75466107825.05704
phi2_conv300,6827,63043028000.0,75476852526.05704
phi2_conv300,6828,63043028000.0,75483302731.05704
phi2_conv300,6829,63043028000.0,75489863016.05704
phi2_conv300,6830,63043028000.0,75496423301.05704
phi2_conv300,6831,63043028000.0,75502936482.05704
phi2_conv300,6832,63043028000.0,75509727679.05704
phi2_conv300,6833,63043028000.0,75516279260.05704
phi2_conv300,6834,63112742000.0,75585385587.19989
phi2_conv300,6835,63112742000.0,75592166973.19989
phi2_conv300,6836,63112742000.0,75599145991.19989
phi2_conv300,6837,63112742000.0,75606125009.19989
phi2_conv300,6838,63112742000.0,75613003163.19989
phi2_conv300,6839,63112742000.0,75619722085.19989
phi2_conv300,6840,63112742000.0,75626550575.19989
phi2_conv300,6841,63112742000.0,75633538297.19989
phi2_conv300,6842,63112742000.0,75640391875.19989
phi2_conv300,6843,63112742000.0,75647413901.19989
phi2_conv300,6844,63112742000.0,75654409815.19989
phi2_conv300,6845,63112742000.0,75661430817.19989
phi2_conv300,6846,63112742000.0,75668451819.19989
phi2_conv300,6847,63112742000.0,75675387829.19989
phi2_conv300,6848,63112742000.0,75682377087.19989
phi2_conv300,6849,63112742000.0,75688972700.19989
phi2_conv300,6850,63112742000.0,75695568313.19989
phi2_conv300,6851,63112742000.0,75702163926.19989
phi2_conv300,6852,63112742000.0,75709026803.19989
phi2_conv300,6853,63112742000.0,75715889680.19989
phi2_conv300,6854,63112742000.0,75722675757.19989
phi2_conv300,6855,63112742000.0,75729359434.19989
phi2_conv300,6856,63112742000.0,75736087143.19989
phi2_conv300,6857,63112742000.0,75742999172.19989
phi2_conv300,6858,63112742000.0,75749814433.19989
phi2_conv300,6859,63112742000.0,75756473534.19989
phi2_conv300,6860,63112742000.0,75763252955.19989
phi2_conv300,6861,63112742000.0,75770042616.19989
phi2_conv300,6862,63112742000.0,75776832277.19989
phi2_conv300,6863,63112742000.0,75783573298.19989
phi2_conv300,6864,63112742000.0,75790429007.19989
phi2_conv300,6865,63112742000.0,75797219180.19989
phi2_conv300,6866,63112742000.0,75804009353.19989
phi2_conv300,6867,63112742000.0,75810799526.19989
phi2_conv300,6868,63112742000.0,75817546179.19989
phi2_conv300,6869,63112742000.0,75824292832.19989
phi2_conv300,6870,63112742000.0,75831151613.19989
phi2_conv300,6871,63112742000.0,75837853210.19989
phi2_conv300,6872,63112742000.0,75844589111.19989
phi2_conv300,6873,63112742000.0,75851420244.19989
phi2_conv300,6874,63112742000.0,75858283121.19989
phi2_conv300,6875,63112742000.0,75865130638.19989
phi2_conv300,6876,63112742000.0,75871713963.19989
phi2_conv300,6877,63112742000.0,75878529736.19989
phi2_conv300,6878,63112742000.0,75885345509.19989
phi2_conv300,6879,63112742000.0,75892190978.19989
phi2_conv300,6880,63112742000.0,75898880799.19989
phi2_conv300,6881,63112742000.0,75905493820.19989
phi2_conv300,6882,63597893000.0,75993373441.51418
phi2_conv300,6883,63597893000.0,76083239622.82846
phi2_conv300,6884,63597893000.0,76104362416.82846
phi2_conv300,6885,63597893000.0,76111337850.82846
phi2_conv300,6886,63597893000.0,76118435140.82846
phi2_conv300,6887,63597893000.0,76125944078.82846
phi2_conv300,6888,63597893000.0,76133065944.82846
phi2_conv300,6889,63597893000.0,76140390050.82846
phi2_conv300,6890,63597893000.0,76147783788.82846
phi2_conv300,6891,63597893000.0,76155025462.82846
phi2_conv300,6892,63597893000.0,76162246656.82846
phi2_conv300,6893,63597893000.0,76169283530.82846
phi2_conv300,6894,63597893000.0,76176320404.82846
phi2_conv300,6895,63597893000.0,76183275953.82846
phi2_conv300,6896,63597893000.0,76190242766.82846
phi2_conv300,6897,63597893000.0,76197209067.82846
phi2_conv300,6898,63597893000.0,76204113928.82846
phi2_conv300,6899,63597893000.0,76211018789.82846
phi2_conv300,6900,63597893000.0,76218132546.82846
phi2_conv300,6901,63597893000.0,76225246303.82846
phi2_conv300,6902,63597893000.0,76232216700.82846
phi2_conv300,6903,63597893000.0,76239172761.82846
phi2_conv300,6904,63597893000.0,76246119606.82846
phi2_conv300,6905,63597893000.0,76253439187.82846
phi2_conv300,6906,63597893000.0,76260422896.82846
phi2_conv300,6907,63597893000.0,76267260685.82846
phi2_conv300,6908,63597893000.0,76274209578.82846
phi2_conv300,6909,63597893000.0,76281399111.82846
phi2_conv300,6910,63597893000.0,76288588644.82846
phi2_conv300,6911,63597893000.0,76295520641.82846
phi2_conv300,6912,63597893000.0,76302459806.82846
phi2_conv300,6913,63597893000.0,76309478843.82846
phi2_conv300,6914,63597893000.0,76316280792.82846
phi2_conv300,6915,63597893000.0,76323082741.82846
phi2_conv300,6916,63597893000.0,76330002962.82846
phi2_conv300,6917,63597893000.0,76336923183.82846
phi2_conv300,6918,63597893000.0,76343705164.82846
phi2_conv300,6919,63597893000.0,76350792297.82846
phi2_conv300,6920,63597893000.0,76357606534.82846
phi2_conv300,6921,63597893000.0,76364417699.82846
phi2_conv300,6922,63597893000.0,76371467178.8856
phi2_conv300,6923,63597893000.0,76377960472.8856
phi2_conv300,6924,63597893000.0,76384494726.8856
phi2_conv300,6925,63597893000.0,76390998260.8856
phi2_conv300,6926,63597893000.0,76397501794.8856
phi2_conv300,6927,63597893000.0,76404199376.8856
phi2_conv300,6928,64095402000.00001,76444180639.85704
phi2_conv300,6929,64095402000.00001,76451011772.85704
phi2_conv300,6930,64095402000.00001,76457791193.85704
phi2_conv300,6931,64095402000.00001,76464570614.85704
phi2_conv300,6932,64095402000.00001,76471371539.85704
phi2_conv300,6933,64095402000.00001,76478307632.85704
phi2_conv300,6934,64095402000.00001,76485285709.85704
phi2_conv300,6935,64095402000.00001,76492301674.85704
phi2_conv300,6936,64186733000.0,76580366128.17133
phi2_conv300,6937,64186733000.0,76669958389.48561
phi2_conv300,6938,64186733000.0,76695756863.48561
phi2_conv300,6939,64186733000.0,76702867977.48561
phi2_conv300,6940,64186733000.0,76710168838.68561
phi2_conv300,6941,64186733000.0,76717418192.68561
phi2_conv300,6942,64186733000.0,76724667546.68561
phi2_conv300,6943,64186733000.0,76731761764.68561
phi2_conv300,6944,64186733000.0,76739169326.68561
phi2_conv300,6945,64186733000.0,76746335224.68561
phi2_conv300,6946,64186733000.0,76753511362.68561
phi2_conv300,6947,64186733000.0,76760687500.68561
phi2_conv300,6948,64186733000.0,76767892310.68561
phi2_conv300,6949,64186733000.0,76775097120.68561
phi2_conv300,6950,64186733000.0,76782279914.68561
phi2_conv300,6951,64186733000.0,76789722292.68561
phi2_conv300,6952,64186733000.0,76796938366.68561
phi2_conv300,6953,64186733000.0,76804193864.68561
phi2_conv300,6954,64186733000.0,76811433490.68561
phi2_conv300,6955,64186733000.0,76818607580.68561
phi2_conv300,6956,64186733000.0,76825825190.68561
phi2_conv300,6957,64186733000.0,76832993136.68561
phi2_conv300,6958,64186733000.0,76840161082.68561
phi2_conv300,6959,64186733000.0,76847573252.68561
phi2_conv300,6960,64186733000.0,76855018190.68561
phi2_conv300,6961,64186733000.0,76862469784.68561
phi2_conv300,6962,64186733000.0,76870159458.68561
phi2_conv300,6963,64186733000.0,76877849132.68561
phi2_conv300,6964,64186733000.0,76885142006.68561
phi2_conv300,6965,64186733000.0,76892434880.68561
phi2_conv300,6966,64186733000.0,76900095370.68561
phi2_conv300,6967,64186733000.0,76907208103.68561
phi2_conv300,6968,64186733000.0,76914439620.68561
phi2_conv300,6969,64186733000.0,76921486817.68561
phi2_conv300,6970,64186733000.0,76928534014.68561
phi2_conv300,6971,64186733000.0,76935485979.68561
phi2_conv300,6972,64186733000.0,76942180489.68561
phi2_conv300,6973,64186733000.0,76948642122.68561
phi2_conv300,6974,64186733000.0,76955103755.68561
phi2_conv300,6975,64186733000.0,76961800396.68561
phi2_conv300,6976,64186733000.0,76968382861.68561
phi2_conv300,6977,64186733000.0,76974923342.68561
phi2_conv300,6978,64186733000.0,76981412111.68561
phi2_conv300,6979,64186733000.0,76987900880.68561
phi2_conv300,6980,64186733000.0,76994254481.68561
phi2_conv300,6981,64186733000.0,77000608082.68561
phi2_conv300,6982,64186733000.0,77007075859.68561
phi2_conv300,6983,64186733000.0,77013474516.68561
phi2_conv300,6984,64186733000.0,77019982229.68561
phi2_conv300,6985,64186733000.0,77026488918.68561
phi2_conv300,6986,64186733000.0,77032995607.68561
phi2_conv300,6987,64186733000.0,77039685578.05704
phi2_conv300,6988,64186733000.0,77046326923.05704
phi2_conv300,6989,64186733000.0,77052784972.05704
phi2_conv300,6990,64186733000.0,77059243021.05704
phi2_conv300,6991,64186733000.0,77065916622.05704
phi2_conv300,6992,64186733000.0,77072399119.05704
phi2_conv300,6993,64186733000.0,77078628176.05704
phi2_conv300,6994,64186733000.0,77084950417.05704
phi2_conv300,6995,64186733000.0,77091272658.05704
phi2_conv300,6996,64186733000.0,77097594899.05704
phi2_conv300,6997,64186733000.0,77103917140.05704
phi2_conv300,6998,64186733000.0,77110079125.05704
phi2_conv300,6999,64186733000.0,77116422870.05704
phi2_conv300,7000,64888310000.00001,77141551991.05704
phi2_conv300,7001,64888310000.00001,77148190776.05704
phi2_conv300,7002,64910998000.00001,77174481336.22847
phi2_conv300,7003,64910998000.00001,77180867110.22847
phi2_conv300,7004,64940790000.00001,77267850219.54276
phi2_conv300,7005,64940790000.00001,77355093424.85704
phi2_conv300,7006,64940790000.00001,77446073206.17133
phi2_conv300,7007,64940790000.00001,77539724603.48561
phi2_conv300,7008,64940790000.00001,77635663616.7999
phi2_conv300,7009,64940790000.00001,77734070470.11418
phi2_conv300,7010,64940790000.00001,77833837195.42847
phi2_conv300,7011,64940790000.00001,77936566896.74275
phi2_conv300,7012,64940790000.00001,78043327624.05704
phi2_conv300,7013,65064085000.00001,78130255357.37132
phi2_conv300,7014,65064085000.00001,78218427250.68561
phi2_conv300,7015,65064156000.0,78309338775.9999
phi2_conv300,7016,65064156000.0,78397578173.31418
phi2_conv300,7017,65064156000.0,78488169762.62846
phi2_conv300,7018,65066011000.0,78576580086.94275
phi2_conv300,7019,65066011000.0,78662532105.48561
phi2_conv300,7020,65066011000.0,78671122652.48561
phi2_conv300,7021,65348307000.00001,78713064787.74275
phi2_conv300,7022,65348307000.00001,78721932244.74275
phi2_conv300,7023,65348307000.00001,78731353685.74275
phi2_conv300,7024,65348307000.00001,78740185302.74275
phi2_conv300,7025,65348307000.00001,78749313879.74275
phi2_conv300,7026,65348307000.00001,78758392280.74275
phi2_conv300,7027,65348307000.00001,78767470681.74275
phi2_conv300,7028,65348307000.00001,78776741594.74275
phi2_conv300,7029,65348307000.00001,78786012507.74275
phi2_conv300,7030,65348307000.00001,78795028444.74275
phi2_conv300,7031,65348307000.00001,78804064861.74275
phi2_conv300,7032,65348307000.00001,78813152478.74275
phi2_conv300,7033,65348307000.00001,78822086495.74275
phi2_conv300,7034,65348307000.00001,78831020512.74275
phi2_conv300,7035,65348307000.00001,78840159841.74275
phi2_conv300,7036,65531595999.99999,78929108341.05704
phi2_conv300,7037,65531595999.99999,79020146088.37132
phi2_conv300,7038,65531595999.99999,79051370701.22847
phi2_conv300,7039,65531595999.99999,79060876027.22847
phi2_conv300,7040,65531595999.99999,79070165801.22847
phi2_conv300,7041,65531595999.99999,79079804759.22847
phi2_conv300,7042,65531595999.99999,79089136005.22847
phi2_conv300,7043,65531595999.99999,79098467251.22847
phi2_conv300,7044,65531595999.99999,79107807713.22847
phi2_conv300,7045,65531595999.99999,79117148175.22847
phi2_conv300,7046,65531595999.99999,79126571069.22847
phi2_conv300,7047,65531595999.99999,79135425214.22847
phi2_conv300,7048,65715096000.0,79224606961.54276
phi2_conv300,7049,65715096000.0,79315464484.85704
phi2_conv300,7050,65715096000.0,79327353938.85704
phi2_conv300,7051,65715096000.0,79336673920.85704
phi2_conv300,7052,65786250999.99999,79425921252.17133
phi2_conv300,7053,65786250999.99999,79501022673.34276
phi2_conv300,7054,65786250999.99999,79509166674.34276
phi2_conv300,7055,65786250999.99999,79517649107.34276
phi2_conv300,7056,65786250999.99999,79526268244.34276
phi2_conv300,7057,65786250999.99999,79534635989.34276
phi2_conv300,7058,65786250999.99999,79542971478.34276
phi2_conv300,7059,65786250999.99999,79551306967.34276
phi2_conv300,7060,65786250999.99999,79559660888.34276
phi2_conv300,7061,65786250999.99999,79568164313.34276
phi2_conv300,7062,65786250999.99999,79576709722.34276
phi2_conv300,7063,65786250999.99999,79585077979.34276
phi2_conv300,7064,65786250999.99999,79593353052.34276
phi2_conv300,7065,65786250999.99999,79601723357.34276
phi2_conv300,7066,65786250999.99999,79610093662.34276
phi2_conv300,7067,65786250999.99999,79618492127.34276
phi2_conv300,7068,65786250999.99999,79626825568.34276
phi2_conv300,7069,65786250999.99999,79635112110.14276
phi2_conv300,7070,65786250999.99999,79643036033.14276
phi2_conv300,7071,65786250999.99999,79651086420.14276
phi2_conv300,7072,65786250999.99999,79659223847.14276
phi2_conv300,7073,65786250999.99999,79667310074.14276
phi2_conv300,7074,65786250999.99999,79675283661.14276
phi2_conv300,7075,65786250999.99999,79683257248.14276
phi2_conv300,7076,65786250999.99999,79691372659.14276
phi2_conv300,7077,65786250999.99999,79699255110.14276
phi2_conv300,7078,65786250999.99999,79707137561.14276
phi2_conv300,7079,65786250999.99999,79715010284.14276
phi2_conv300,7080,65786250999.99999,79722759698.14276
phi2_conv300,7081,65786250999.99999,79730271544.14276
phi2_conv300,7082,65786250999.99999,79737783390.14276
phi2_conv300,7083,65786250999.99999,79745122262.14276
phi2_conv300,7084,65786250999.99999,79751959456.14276
phi2_conv300,7085,65786250999.99999,79758685034.14276
phi2_conv300,7086,65786250999.99999,79765410612.14276
phi2_conv300,7087,65786250999.99999,79772519166.14276
phi2_conv300,7088,65786250999.99999,79779461320.14276
phi2_conv300,7089,65786250999.99999,79786580114.14276
phi2_conv300,7090,65786250999.99999,79793208495.14276
phi2_conv300,7091,65786250999.99999,79799836876.14276
phi2_conv300,7092,65786250999.99999,79806597865.14276
phi2_conv300,7093,65786250999.99999,79813244678.14276
phi2_conv300,7094,65786250999.99999,79819891491.14276
phi2_conv300,7095,65786250999.99999,79826531136.14276
phi2_conv300,7096,65786250999.99999,79833003950.14276
phi2_conv300,7097,66310171000.0,79920727493.45705
phi2_conv300,7098,66310171000.0,80010218460.77133
phi2_conv300,7099,66310171000.0,80102990836.08562
phi2_conv300,7100,66310171000.0,80197782059.3999
phi2_conv300,7101,66403490000.00001,80289887216.71419
phi2_conv300,7102,66403490000.00001,80378649206.02847
phi2_conv300,7103,66403490000.00001,80464756648.74275
phi2_conv300,7104,66403490000.00001,80471991666.74275
phi2_conv300,7105,66403490000.00001,80479350588.74275
phi2_conv300,7106,66403490000.00001,80486634246.74275
phi2_conv300,7107,66403490000.00001,80493917904.74275
phi2_conv300,7108,66511613000.0,80581915206.05704
phi2_conv300,7109,66511613000.0,80672026555.37132
phi2_conv300,7110,66511613000.0,80692617541.37132
phi2_conv300,7111,66511613000.0,80699885327.37132
phi2_conv300,7112,66511613000.0,80707353305.37132
phi2_conv300,7113,66511613000.0,80714646691.37132
phi2_conv300,7114,66511613000.0,80722003053.37132
phi2_conv300,7115,66511613000.0,80729679927.37132
phi2_conv300,7116,66624229000.0,80818193452.68561
phi2_conv300,7117,66624229000.0,80908501441.9999
phi2_conv300,7118,66655683999.99999,80997373159.31418
phi2_conv300,7119,66693467999.99999,81085452731.62846
phi2_conv300,7120,66693467999.99999,81176077056.94275
phi2_conv300,7121,66711635000.0,81249294495.8856
phi2_conv300,7122,66711635000.0,81257377138.8856
phi2_conv300,7123,66711635000.0,81265459781.8856
phi2_conv300,7124,66711635000.0,81273763096.8856
phi2_conv300,7125,66711635000.0,81281949675.8856
phi2_conv300,7126,66711635000.0,81290138814.8856
phi2_conv300,7127,66711635000.0,81298336657.8856
phi2_conv300,7128,66711635000.0,81306915940.8856
phi2_conv300,7129,66711635000.0,81315102007.8856
phi2_conv300,7130,66711635000.0,81323375626.8856
phi2_conv300,7131,66711635000.0,81331458781.8856
phi2_conv300,7132,66711635000.0,81339705264.8856
phi2_conv300,7133,66711635000.0,81347974275.8856
phi2_conv300,7134,66711635000.0,81356180822.8856
phi2_conv300,7135,66711635000.0,81364513833.8856
phi2_conv300,7136,66711635000.0,81372846844.8856
phi2_conv300,7137,66711635000.0,81381113295.8856
phi2_conv300,7138,66711635000.0,81389357218.8856
phi2_conv300,7139,66711635000.0,81397601141.8856
phi2_conv300,7140,66711635000.0,81405907528.8856
phi2_conv300,7141,66711635000.0,81414003995.8856
phi2_conv300,7142,66711635000.0,81422237166.8856
phi2_conv300,7143,66711635000.0,81430398145.8856
phi2_conv300,7144,66711635000.0,81438487015.8856
phi2_conv300,7145,66711635000.0,81446618381.8856
phi2_conv300,7146,66711635000.0,81454629939.8856
phi2_conv300,7147,66711635000.0,81462541657.8856
phi2_conv300,7148,66711635000.0,81470587519.8856
phi2_conv300,7149,66711635000.0,81478598565.8856
phi2_conv300,7150,66711635000.0,81486609611.8856
phi2_conv300,7151,66711635000.0,81494643185.8856
phi2_conv300,7152,66711635000.0,81502676759.8856
phi2_conv300,7153,66711635000.0,81511091261.8856
phi2_conv300,7154,66711635000.0,81519123299.8856
phi2_conv300,7155,66711635000.0,81527155337.8856
phi2_conv300,7156,66711635000.0,81535354799.8856
phi2_conv300,7157,66711635000.0,81543255765.8856
phi2_conv300,7158,66711635000.0,81551186427.8856
phi2_conv300,7159,66711635000.0,81559278881.8856
phi2_conv300,7160,66711635000.0,81567289415.8856
phi2_conv300,7161,66711635000.0,81575365997.8856
phi2_conv300,7162,66711635000.0,81583669395.8856
phi2_conv300,7163,67245928000.00001,81652973914.7999
phi2_conv300,7164,67245928000.00001,81661183533.7999
phi2_conv300,7165,67245928000.00001,81669678336.7999
phi2_conv300,7166,67245928000.00001,81678173139.7999
phi2_conv300,7167,67245928000.00001,81686534310.7999
phi2_conv300,7168,67245928000.00001,81694794105.7999
phi2_conv300,7169,67245928000.00001,81703145036.7999
phi2_conv300,7170,67245928000.00001,81711580447.7999
phi2_conv300,7171,67245928000.00001,81720015858.7999
phi2_conv300,7172,67245928000.00001,81727767320.7999
phi2_conv300,7173,67245928000.00001,81734988432.7999
phi2_conv300,7174,67245928000.00001,81742417416.7999
phi2_conv300,7175,67245928000.00001,81749526482.7999
phi2_conv300,7176,67245928000.00001,81756529564.7999
phi2_conv300,7177,67245928000.00001,81763642214.7999
phi2_conv300,7178,67245928000.00001,81770823984.7999
phi2_conv300,7179,67245928000.00001,81778017530.7999
phi2_conv300,7180,67439933000.0,81793924498.7999
phi2_conv300,7181,67439933000.0,81801263882.7999
phi2_conv300,7182,67439933000.0,81808603266.7999
phi2_conv300,7183,67439933000.0,81815863802.7999
phi2_conv300,7184,67439933000.0,81823266674.7999
phi2_conv300,7185,67439933000.0,81830542570.7999
phi2_conv300,7186,67439933000.0,81837675700.7999
phi2_conv300,7187,67439933000.0,81844753534.7999
phi2_conv300,7188,67439933000.0,81851721800.7999
phi2_conv300,7189,67439933000.0,81858590226.7999
phi2_conv300,7190,67439933000.0,81865681372.7999
phi2_conv300,7191,67439933000.0,81872772518.7999
phi2_conv300,7192,67439933000.0,81879785328.7999
phi2_conv300,7193,67439933000.0,81886701370.7999
phi2_conv300,7194,67439933000.0,81893624068.7999
phi2_conv300,7195,67439933000.0,81900462798.7999
phi2_conv300,7196,67439933000.0,81907408024.7999
phi2_conv300,7197,67439933000.0,81914353250.7999
phi2_conv300,7198,67439933000.0,81920993407.7999
phi2_conv300,7199,67439933000.0,81927738524.7999
phi2_conv300,7200,67439933000.0,81934511289.7999
phi2_conv300,7201,67439933000.0,81941462742.7999
phi2_conv300,7202,67439933000.0,81948044019.7999
phi2_conv300,7203,67439933000.0,81954625296.7999
phi2_conv300,7204,67439933000.0,81961658669.7999
phi2_conv300,7205,67439933000.0,81968288074.7999
phi2_conv300,7206,67439933000.0,81975269735.7999
phi2_conv300,7207,67439933000.0,81982251396.7999
phi2_conv300,7208,67439933000.0,81989055905.7999
phi2_conv300,7209,67439933000.0,81995443215.7999
phi2_conv300,7210,67439933000.0,82001883261.7999
phi2_conv300,7211,67439933000.0,82008355051.7999
phi2_conv300,7212,67439933000.0,82014646105.7999
phi2_conv300,7213,67439933000.0,82020937159.7999
phi2_conv300,7214,67439933000.0,82027228213.7999
phi2_conv300,7215,67439933000.0,82033428131.7999
phi2_conv300,7216,67439933000.0,82039762193.7999
phi2_conv300,7217,67439933000.0,82046083455.7999
phi2_conv300,7218,67439933000.0,82052463597.7999
phi2_conv300,7219,67439933000.0,82058843739.7999
phi2_conv300,7220,67439933000.0,82065244361.7999
phi2_conv300,7221,67439933000.0,82071678775.7999
phi2_conv300,7222,67439933000.0,82078117285.7999
phi2_conv300,7223,67439933000.0,82084555795.7999
phi2_conv300,7224,67439933000.0,82090994305.7999
phi2_conv300,7225,67439933000.0,82097261295.7999
phi2_conv300,7226,67439933000.0,82103578973.7999
phi2_conv300,7227,67439933000.0,82110123979.7999
phi2_conv300,7228,67439933000.0,82116567609.7999
phi2_conv300,7229,67930409000.0,82203768305.11418
phi2_conv300,7230,67930409000.0,82292835976.42847
phi2_conv300,7231,67966089999.99999,82380814333.74275
phi2_conv300,7232,67966089999.99999,82414220030.14275
phi2_conv300,7233,67966089999.99999,82421335670.14275
phi2_conv300,7234,67966089999.99999,82428620270.14275
phi2_conv300,7235,67966089999.99999,82435904870.14275
phi2_conv300,7236,67966089999.99999,82443120862.14275
phi2_conv300,7237,67966089999.99999,82450302550.14275
phi2_conv300,7238,67966089999.99999,82457199648.14275
phi2_conv300,7239,67966089999.99999,82464096746.14275
phi2_conv300,7240,67966089999.99999,82470993844.14275
phi2_conv300,7241,67966089999.99999,82478090622.14275
phi2_conv300,7242,67966089999.99999,82485130056.14275
phi2_conv300,7243,67966089999.99999,82492092178.14275
phi2_conv300,7244,67966089999.99999,82499054300.14275
phi2_conv300,7245,67966089999.99999,82506016422.14275
phi2_conv300,7246,67966089999.99999,82513152624.14275
phi2_conv300,7247,67966089999.99999,82520208442.14275
phi2_conv300,7248,67966089999.99999,82526663255.14275
phi2_conv300,7249,67966089999.99999,82533195892.14275
phi2_conv300,7250,67966089999.99999,82540059793.14275
phi2_conv300,7251,67966089999.99999,82546923694.14275
phi2_conv300,7252,67966089999.99999,82553628875.14275
phi2_conv300,7253,67966089999.99999,82560379112.14275
phi2_conv300,7254,67966089999.99999,82566987013.14275
phi2_conv300,7255,67966089999.99999,82573594914.14275
phi2_conv300,7256,67966089999.99999,82580202815.14275
phi2_conv300,7257,67966089999.99999,82586639708.14275
phi2_conv300,7258,67966089999.99999,82593350521.14275
phi2_conv300,7259,67966089999.99999,82599809942.14275
phi2_conv300,7260,67966089999.99999,82606269363.14275
phi2_conv300,7261,67966089999.99999,82612545569.14275
phi2_conv300,7262,67966089999.99999,82618830479.14275
phi2_conv300,7263,67966089999.99999,82625279229.14275
phi2_conv300,7264,67966089999.99999,82631648619.14275
phi2_conv300,7265,67966089999.99999,82638018009.14275
phi2_conv300,7266,67966089999.99999,82644416071.14275
phi2_conv300,7267,67966089999.99999,82650814133.14275
phi2_conv300,7268,67966089999.99999,82657178403.14275
phi2_conv300,7269,67966089999.99999,82663342993.14275
phi2_conv300,7270,67966089999.99999,82669513215.14275
phi2_conv300,7271,67966089999.99999,82675683437.14275
phi2_conv300,7272,67966089999.99999,82681853659.14275
phi2_conv300,7273,67966089999.99999,82688082249.14275
phi2_conv300,7274,67966089999.99999,82694413751.14275
phi2_conv300,7275,67966089999.99999,82700639269.14275
phi2_conv300,7276,67966089999.99999,82706864787.14275
phi2_conv300,7277,67966089999.99999,82713090305.14275
phi2_conv300,7278,67966089999.99999,82719410031.14275
phi2_conv300,7279,67966089999.99999,82725598173.14275
phi2_conv300,7280,67966089999.99999,82731809355.14275
phi2_conv300,7281,67966089999.99999,82738020537.14275
phi2_conv300,7282,67966089999.99999,82744477991.14275
phi2_conv300,7283,67966089999.99999,82750935445.14275
phi2_conv300,7284,67966089999.99999,82757323779.14275
phi2_conv300,7285,67966089999.99999,82763918449.14275
phi2_conv300,7286,67966089999.99999,82770716895.14275
phi2_conv300,7287,67966089999.99999,82777515341.14275
phi2_conv300,7288,67966089999.99999,82784313787.14275
phi2_conv300,7289,67966089999.99999,82790685225.14275
phi2_conv300,7290,67966089999.99999,82797055639.14275
phi2_conv300,7291,67966089999.99999,82803278597.14275
phi2_conv300,7292,67966089999.99999,82809501555.14275
phi2_conv300,7293,67966089999.99999,82815724513.14275
phi2_conv300,7294,67966089999.99999,82822139983.14275
phi2_conv300,7295,67966089999.99999,82828056848.14275
phi2_conv300,7296,67966089999.99999,82834073041.14275
phi2_conv300,7297,67966089999.99999,82840089234.14275
phi2_conv300,7298,67966089999.99999,82846098771.14275
phi2_conv300,7299,67966089999.99999,82852108308.14275
phi2_conv300,7300,68682209000.0,82938870507.45703
phi2_conv300,7301,68682209000.0,83028111810.77132
phi2_conv300,7302,68682209000.0,83048867139.77132
phi2_conv300,7303,68682209000.0,83054674948.77132
phi2_conv300,7304,68682209000.0,83060482757.77132
phi2_conv300,7305,68682209000.0,83066512774.77132
phi2_conv300,7306,68682209000.0,83072453703.77132
phi2_conv300,7307,68682209000.0,83078415496.77132
phi2_conv300,7308,68682209000.0,83084377289.77132
phi2_conv300,7309,68682209000.0,83090339082.77132
phi2_conv300,7310,68682209000.0,83096388939.77132
phi2_conv300,7311,68682209000.0,83102382476.77132
phi2_conv300,7312,68682209000.0,83108376013.77132
phi2_conv300,7313,68682209000.0,83114369550.77132
phi2_conv300,7314,68682209000.0,83120498255.77132
phi2_conv300,7315,68682209000.0,83126626960.77132
phi2_conv300,7316,68682209000.0,83132918993.77132
phi2_conv300,7317,68682209000.0,83138962194.77132
phi2_conv300,7318,68682209000.0,83145005395.77132
phi2_conv300,7319,68682209000.0,83151048596.77132
phi2_conv300,7320,68682209000.0,83157091797.77132
phi2_conv300,7321,68682209000.0,83163265046.77132
phi2_conv300,7322,68682209000.0,83169327191.77132
phi2_conv300,7323,68682209000.0,83175242904.77132
phi2_conv300,7324,68682209000.0,83181158617.77132
phi2_conv300,7325,68682209000.0,83187074330.77132
phi2_conv300,7326,68682209000.0,83193097563.77132
phi2_conv300,7327,68682209000.0,83198951324.77132
phi2_conv300,7328,68682209000.0,83204805085.77132
phi2_conv300,7329,68682209000.0,83210658846.77132
phi2_conv300,7330,68682209000.0,83216604255.77132
phi2_conv300,7331,69017743000.0,83249755470.45703
phi2_conv300,7332,69017743000.0,83255851535.45703
phi2_conv300,7333,69017743000.0,83261812944.45703
phi2_conv300,7334,69017743000.0,83267774353.45703
phi2_conv300,7335,69017743000.0,83273735762.45703
phi2_conv300,7336,69017743000.0,83279721235.45703
phi2_conv300,7337,69017743000.0,83285831124.45703
phi2_conv300,7338,69017743000.0,83291876501.45703
phi2_conv300,7339,69017743000.0,83297903958.45703
phi2_conv300,7340,69017743000.0,83303931415.45703
phi2_conv300,7341,69017743000.0,83309958872.45703
phi2_conv300,7342,69017743000.0,83316169113.45703
phi2_conv300,7343,69017743000.0,83322494042.45703
phi2_conv300,7344,69017743000.0,83328761499.45703
phi2_conv300,7345,69017743000.0,83335028956.45703
phi2_conv300,7346,69017743000.0,83341154589.45703
phi2_conv300,7347,69017743000.0,83347280222.45703
phi2_conv300,7348,69017743000.0,83353294751.45703
phi2_conv300,7349,69017743000.0,83359565792.45703
phi2_conv300,7350,69017743000.0,83365836833.45703
phi2_conv300,7351,69017743000.0,83372107874.45703
phi2_conv300,7352,69017743000.0,83378071715.45703
phi2_conv300,7353,69017743000.0,83384127204.45703
phi2_conv300,7354,69017743000.0,83390227749.45703
phi2_conv300,7355,69017743000.0,83396394342.45703
phi2_conv300,7356,69017743000.0,83402560935.45703
phi2_conv300,7357,69017743000.0,83408727528.45703
phi2_conv300,7358,69017743000.0,83415096873.45703
phi2_conv300,7359,69017743000.0,83421148266.45703
phi2_conv300,7360,69017743000.0,83427199659.45703
phi2_conv300,7361,69017743000.0,83433251052.45703
phi2_conv300,7362,69017743000.0,83439471917.45703
phi2_conv300,7363,69017743000.0,83445692782.45703
phi2_conv300,7364,69017743000.0,83451615663.45703
phi2_conv300,7365,69017743000.0,83457701360.45703
phi2_conv300,7366,69017743000.0,83463787057.45703
phi2_conv300,7367,69017743000.0,83469872754.45703
phi2_conv300,7368,69017743000.0,83476000435.45703
phi2_conv300,7369,69017743000.0,83482187508.45703
phi2_conv300,7370,69017743000.0,83488181045.45703
phi2_conv300,7371,69017743000.0,83494154614.45703
phi2_conv300,7372,69017743000.0,83500128183.45703
phi2_conv300,7373,69017743000.0,83506101752.45703
phi2_conv300,7374,69017743000.0,83512120889.45703
phi2_conv300,7375,69017743000.0,83518453370.45703
phi2_conv300,7376,69017743000.0,83524785851.45703
phi2_conv300,7377,69017743000.0,83531118332.45703
phi2_conv300,7378,69017743000.0,83537234749.45703
phi2_conv300,7379,69017743000.0,83543351166.45703
phi2_conv300,7380,69017743000.0,83549531583.45703
phi2_conv300,7381,69017743000.0,83555468288.45703
phi2_conv300,7382,69017743000.0,83561404993.45703
phi2_conv300,7383,69017743000.0,83567341698.45703
phi2_conv300,7384,69017743000.0,83573647555.45703
phi2_conv300,7385,69017743000.0,83579735812.45703
phi2_conv300,7386,69017743000.0,83585829189.45703
phi2_conv300,7387,69017743000.0,83591986566.45703
phi2_conv300,7388,69017743000.0,83598143943.45703
phi2_conv300,7389,69017743000.0,83604301320.45703
phi2_conv300,7390,69017743000.0,83610477129.45703
phi2_conv300,7391,69017743000.0,83616687242.45703
phi2_conv300,7392,69017743000.0,83622897355.45703
phi2_conv300,7393,69017743000.0,83628992037.45703
phi2_conv300,7394,69017743000.0,83634878244.45703
phi2_conv300,7395,69017743000.0,83640764451.45703
phi2_conv300,7396,69017743000.0,83646603042.45703
phi2_conv300,7397,69017743000.0,83652451873.45703
phi2_conv300,7398,69017743000.0,83658300704.45703
phi2_conv300,7399,69017743000.0,83664149535.45703
phi2_conv300,7400,69017743000.0,83670281502.45703
phi2_conv300,7401,69017743000.0,83676067869.45703
phi2_conv300,7402,69017743000.0,83681748252.45703
phi2_conv300,7403,69017743000.0,83687259584.45703
phi2_conv300,7404,69017743000.0,83692770916.45703
phi2_conv300,7405,69017743000.0,83698282248.45703
phi2_conv300,7406,69017743000.0,83703793580.45703
phi2_conv300,7407,69017743000.0,83709498960.45703
phi2_conv300,7408,69017743000.0,83715204340.45703
phi2_conv300,7409,69017743000.0,83720909720.45703
phi2_conv300,7410,69017743000.0,83726337084.45703
phi2_conv300,7411,69017743000.0,83731764448.45703
phi2_conv300,7412,69017743000.0,83737546628.45703
phi2_conv300,7413,69017743000.0,83743249448.45703
phi2_conv300,7414,69017743000.0,83748280661.45703
phi2_conv300,7415,69017743000.0,83753311874.45703
phi2_conv300,7416,69017743000.0,83758324143.45703
phi2_conv300,7417,69017743000.0,83763541724.45703
phi2_conv300,7418,69017743000.0,83768588297.45703
phi2_conv300,7419,69017743000.0,83773635382.45703
phi2_conv300,7420,69017743000.0,83778682467.45703
phi2_conv300,7421,69017743000.0,83783729552.45703
phi2_conv300,7422,69017743000.0,83788776637.45703
phi2_conv300,7423,69017743000.0,83793830378.45703
phi2_conv300,7424,69017743000.0,83798884119.45703
phi2_conv300,7425,69017743000.0,83803937860.45703
phi2_conv300,7426,69017743000.0,83809087345.45703
phi2_conv300,7427,69017743000.0,83814236830.45703
phi2_conv300,7428,69017743000.0,83819386315.45703
phi2_conv300,7429,69017743000.0,83824494328.45703
phi2_conv300,7430,69017743000.0,83829602341.45703
phi2_conv300,7431,69017743000.0,83834710354.45703
phi2_conv300,7432,69017743000.0,83839561855.45703
phi2_conv300,7433,69017743000.0,83844691884.45703
phi2_conv300,7434,69017743000.0,83849704153.45703
phi2_conv300,7435,69017743000.0,83854854150.45703
phi2_conv300,7436,69017743000.0,83860004147.45703
phi2_conv300,7437,69017743000.0,83865154144.45703
phi2_conv300,7438,69017743000.0,83870304141.45703
phi2_conv300,7439,69017743000.0,83875264186.45703
phi2_conv300,7440,69017743000.0,83880224231.45703
phi2_conv300,7441,69017743000.0,83885184276.45703
phi2_conv300,7442,69017743000.0,83890238017.45703
phi2_conv300,7443,69017743000.0,83895291758.45703
phi2_conv300,7444,69017743000.0,83900345499.45703
phi2_conv300,7445,70095865000.0,83986500110.77132
phi2_conv300,7446,70095865000.0,84071240684.71417
phi2_conv300,7447,70095865000.0,84076496756.71417
phi2_conv300,7448,70095865000.0,84081887996.71417
phi2_conv300,7449,70095865000.0,84087204996.71417
phi2_conv300,7450,70095865000.0,84092515852.71417
phi2_conv300,7451,70095865000.0,84097703316.71417
phi2_conv300,7452,70095865000.0,84102890780.71417
phi2_conv300,7453,70095865000.0,84108078244.71417
phi2_conv300,7454,70095865000.0,84113265708.71417
phi2_conv300,7455,70095865000.0,84118760884.71417
phi2_conv300,7456,70095865000.0,84124298556.71417
phi2_conv300,7457,70095865000.0,84129836228.71417
phi2_conv300,7458,70095865000.0,84135260748.71417
phi2_conv300,7459,70095865000.0,84140685268.71417
phi2_conv300,7460,70095865000.0,84146109788.71417
phi2_conv300,7461,70095865000.0,84151346916.71417
phi2_conv300,7462,70095865000.0,84156584044.71417
phi2_conv300,7463,70095865000.0,84161821172.71417
phi2_conv300,7464,70095865000.0,84167257980.71417
phi2_conv300,7465,70287471000.0,84253440910.02846
phi2_conv300,7466,70287471000.0,84342244767.34274
phi2_conv300,7467,70287471000.0,84433949104.65703
phi2_conv300,7468,70287471000.0,84527742677.17131
phi2_conv300,7469,70287471000.0,84568995663.22845
phi2_conv300,7470,70287471000.0,84574791155.22845
phi2_conv300,7471,70287471000.0,84580422523.22845
phi2_conv300,7472,70287471000.0,84586205443.22845
phi2_conv300,7473,70287471000.0,84591988363.22845
phi2_conv300,7474,70287471000.0,84597445139.22845
phi2_conv300,7475,70287471000.0,84602901915.22845
phi2_conv300,7476,70287471000.0,84608358691.22845
phi2_conv300,7477,70457950000.0,84673139183.22845
phi2_conv300,7478,70457950000.0,84678880403.22845
phi2_conv300,7479,70457950000.0,84684621623.22845
phi2_conv300,7480,70457950000.0,84689989595.22845
phi2_conv300,7481,70457950000.0,84695549567.22845
phi2_conv300,7482,70457950000.0,84700992803.22845
phi2_conv300,7483,70457950000.0,84706557383.22845
phi2_conv300,7484,70457950000.0,84712121963.22845
phi2_conv300,7485,70457950000.0,84717522191.22845
phi2_conv300,7486,70457950000.0,84722922419.22845
phi2_conv300,7487,70457950000.0,84728503383.22845
phi2_conv300,7488,70457950000.0,84734200571.22845
phi2_conv300,7489,70457950000.0,84739897759.22845
phi2_conv300,7490,70457950000.0,84745541187.22845
phi2_conv300,7491,70457950000.0,84750678896.22845
phi2_conv300,7492,70457950000.0,84755816605.22845
phi2_conv300,7493,70457950000.0,84760954314.22845
phi2_conv300,7494,70457950000.0,84766092023.22845
phi2_conv300,7495,70457950000.0,84771229732.22845
phi2_conv300,7496,70457950000.0,84776217425.22845
phi2_conv300,7497,70457950000.0,84781205118.22845
phi2_conv300,7498,70457950000.0,84786192811.22845
phi2_conv300,7499,70457950000.0,84791285976.22845
phi2_conv300,7500,70457950000.0,84796379141.22845
phi2_conv300,7501,70457950000.0,84801316146.22845
phi2_conv300,7502,70457950000.0,84806253151.22845
phi2_conv300,7503,70457950000.0,84811309964.22845
phi2_conv300,7504,70457950000.0,84816131678.22845
phi2_conv300,7505,70457950000.0,84820953392.22845
phi2_conv300,7506,70457950000.0,84825760258.22845
phi2_conv300,7507,70457950000.0,84830567124.22845
phi2_conv300,7508,70457950000.0,84835373990.22845
phi2_conv300,7509,70457950000.0,84840180856.22845
phi2_conv300,7510,70457950000.0,84844987722.22845
phi2_conv300,7511,70457950000.0,84849794588.22845
phi2_conv300,7512,70457950000.0,84854670062.22845
phi2_conv300,7513,70457950000.0,84859545536.22845
phi2_conv300,7514,70457950000.0,84864538259.22845
phi2_conv300,7515,70457950000.0,84869356902.22845
phi2_conv300,7516,70457950000.0,84874175545.22845
phi2_conv300,7517,70457950000.0,84878889228.22845
phi2_conv300,7518,70457950000.0,84883602911.22845
phi2_conv300,7519,70457950000.0,84888598194.22845
phi2_conv300,7520,70457950000.0,84893372293.22845
phi2_conv300,7521,70457950000.0,84898146392.22845
phi2_conv300,7522,70457950000.0,84902759723.22845
phi2_conv300,7523,70457950000.0,84907373054.22845
phi2_conv300,7524,70457950000.0,84911986385.22845
phi2_conv300,7525,70457950000.0,84916599716.22845
phi2_conv300,7526,70457950000.0,84921213047.22845
phi2_conv300,7527,70457950000.0,84925826378.22845
phi2_conv300,7528,70457950000.0,84930439709.22845
phi2_conv300,7529,70913521000.0,85016116982.54274
phi2_conv300,7530,70913521000.0,85104250223.85703
phi2_conv300,7531,70913521000.0,85109211906.85703
phi2_conv300,7532,70913521000.0,85114167765.85703
phi2_conv300,7533,70977717000.0,85137685287.85703
phi2_conv300,7534,70977717000.0,85142565881.85703
phi2_conv300,7535,70977717000.0,85147667147.85703
phi2_conv300,7536,70977717000.0,85152794525.85703
phi2_conv300,7537,70977717000.0,85157921903.85703
phi2_conv300,7538,70977717000.0,85162848065.85703
phi2_conv300,7539,70977717000.0,85167774227.85703
phi2_conv300,7540,70977717000.0,85172700389.85703
phi2_conv300,7541,70977717000.0,85177444792.85703
phi2_conv300,7542,70977717000.0,85182189195.85703
phi2_conv300,7543,70977717000.0,85186933598.85703
phi2_conv300,7544,70977717000.0,85191678001.85703
phi2_conv300,7545,70977717000.0,85196422404.85703
phi2_conv300,7546,70977717000.0,85201166807.85703
phi2_conv300,7547,70977717000.0,85205913258.85703
phi2_conv300,7548,70977717000.0,85210659709.85703
phi2_conv300,7549,70977717000.0,85215277136.85703
phi2_conv300,7550,70977717000.0,85219894563.85703
phi2_conv300,7551,70977717000.0,85224416246.85703
phi2_conv300,7552,70977717000.0,85229059273.85703
phi2_conv300,7553,70977717000.0,85233702300.85703
phi2_conv300,7554,70977717000.0,85238345327.85703
phi2_conv300,7555,70977717000.0,85242988354.85703
phi2_conv300,7556,70977717000.0,85247190994.85703
phi2_conv300,7557,70977717000.0,85251393634.85703
phi2_conv300,7558,70977717000.0,85255596274.85703
phi2_conv300,7559,70977717000.0,85259798914.85703
phi2_conv300,7560,70977717000.0,85264001554.85703
phi2_conv300,7561,70977717000.0,85268204194.85703
phi2_conv300,7562,70977717000.0,85272406834.85703
phi2_conv300,7563,70977717000.0,85276637634.85703
phi2_conv300,7564,70977717000.0,85280868434.85703
phi2_conv300,7565,70977717000.0,85285099234.85703
phi2_conv300,7566,70977717000.0,85289330034.85703
phi2_conv300,7567,70977717000.0,85293591042.85703
phi2_conv300,7568,70977717000.0,85297745042.85703
phi2_conv300,7569,70977717000.0,85301899042.85703
phi2_conv300,7570,70977717000.0,85306053042.85703
phi2_conv300,7571,70977717000.0,85310207042.85703
phi2_conv300,7572,70977717000.0,85314361042.85703
phi2_conv300,7573,70977717000.0,85318515042.85703
phi2_conv300,7574,70977717000.0,85322669042.85703
phi2_conv300,7575,70977717000.0,85326823042.85703
phi2_conv300,7576,70977717000.0,85330977042.85703
phi2_conv300,7577,70977717000.0,85335131042.85703
phi2_conv300,7578,70977717000.0,85339285042.85703
phi2_conv300,7579,70977717000.0,85343693506.85703
phi2_conv300,7580,70977717000.0,85348101970.85703
phi2_conv300,7581,70977717000.0,85352510434.85703
phi2_conv300,7582,70977717000.0,85356918898.85703
phi2_conv300,7583,70977717000.0,85361078018.85703
phi2_conv300,7584,70977717000.0,85365271442.85703
phi2_conv300,7585,70977717000.0,85369464866.85703
phi2_conv300,7586,70977717000.0,85373658290.85703
phi2_conv300,7587,70977717000.0,85377851714.85703
phi2_conv300,7588,70977717000.0,85382045138.85703
phi2_conv300,7589,70977717000.0,85386238562.85703
phi2_conv300,7590,70977717000.0,85390431986.85703
phi2_conv300,7591,70977717000.0,85394625410.85703
phi2_conv300,7592,70977717000.0,85398818834.85703
phi2_conv300,7593,70977717000.0,85403012258.85703
phi2_conv300,7594,70977717000.0,85407205682.85703
phi2_conv300,7595,70977717000.0,85411478978.85703
phi2_conv300,7596,70977717000.0,85415752274.85703
phi2_conv300,7597,70977717000.0,85420025570.85703
phi2_conv300,7598,70977717000.0,85424298866.85703
phi2_conv300,7599,70977717000.0,85428475906.85703
phi2_conv300,7600,70977717000.0,85432966802.85703
phi2_conv300,7601,70977717000.0,85437457698.85703
phi2_conv300,7602,70977717000.0,85441948594.85703
phi2_conv300,7603,70977717000.0,85446439490.85703
phi2_conv300,7604,70977717000.0,85450930386.85703
phi2_conv300,7605,70977717000.0,85455421282.85703
phi2_conv300,7606,70977717000.0,85459912178.85703
phi2_conv300,7607,70977717000.0,85464403074.85703
phi2_conv300,7608,70977717000.0,85468893970.85703
phi2_conv300,7609,70977717000.0,85473384866.85703
phi2_conv300,7610,70977717000.0,85477875762.85703
phi2_conv300,7611,70977717000.0,85482144450.85703
phi2_conv300,7612,70977717000.0,85486413138.85703
phi2_conv300,7613,70977717000.0,85490681826.85703
phi2_conv300,7614,71553215000.0,85576055132.17131
phi2_conv300,7615,71553215000.0,85663751381.4856
phi2_conv300,7616,71553215000.0,85690257324.59988
phi2_conv300,7617,71553215000.0,85694786175.59988
phi2_conv300,7618,71553215000.0,85699315026.59988
phi2_conv300,7619,71553215000.0,85703843877.59988
phi2_conv300,7620,71553215000.0,85708372728.59988
phi2_conv300,7621,71553215000.0,85712775115.59988
phi2_conv300,7622,71553215000.0,85717177502.59988
phi2_conv300,7623,71553215000.0,85721579889.59988
phi2_conv300,7624,71553215000.0,85725982276.59988
phi2_conv300,7625,71553215000.0,85730384663.59988
phi2_conv300,7626,71553215000.0,85734787050.59988
phi2_conv300,7627,71553215000.0,85739237565.59988
phi2_conv300,7628,71553215000.0,85743688080.59988
phi2_conv300,7629,71553215000.0,85748138595.59988
phi2_conv300,7630,71553215000.0,85752589110.59988
phi2_conv300,7631,71553215000.0,85757063177.59988
phi2_conv300,7632,71553215000.0,85761623260.59988
phi2_conv300,7633,71553215000.0,85766183343.59988
phi2_conv300,7634,71553215000.0,85770743426.59988
phi2_conv300,7635,71553215000.0,85775303509.59988
phi2_conv300,7636,71553215000.0,85779863592.59988
phi2_conv300,7637,71553215000.0,85784576763.59988
phi2_conv300,7638,71553215000.0,85789289934.59988
phi2_conv300,7639,71553215000.0,85794003105.59988
phi2_conv300,7640,71553215000.0,85798716276.59988
phi2_conv300,7641,71553215000.0,85802798066.59988
phi2_conv300,7642,71553215000.0,85806879856.59988
phi2_conv300,7643,71553215000.0,85810727662.59988
phi2_conv300,7644,71553215000.0,85814575468.59988
phi2_conv300,7645,71553215000.0,85818423274.59988
phi2_conv300,7646,71553215000.0,85822271080.59988
phi2_conv300,7647,71553215000.0,85826179814.59988
phi2_conv300,7648,71553215000.0,85830124388.59988
phi2_conv300,7649,71553215000.0,85834068962.59988
phi2_conv300,7650,71553215000.0,85838013536.59988
phi2_conv300,7651,71553215000.0,85841958110.59988
phi2_conv300,7652,71553215000.0,85845902684.59988
phi2_conv300,7653,71553215000.0,85849877978.59988
phi2_conv300,7654,71553215000.0,85853853272.59988
phi2_conv300,7655,71553215000.0,85857828566.59988
phi2_conv300,7656,71553215000.0,85861803860.59988
phi2_conv300,7657,71553215000.0,85865779154.59988
phi2_conv300,7658,71553215000.0,85869754448.59988
phi2_conv300,7659,71553215000.0,85873603278.59988
phi2_conv300,7660,71553215000.0,85877452108.59988
phi2_conv300,7661,71553215000.0,85881300938.59988
phi2_conv300,7662,71926622000.0,85966191230.91417
phi2_conv300,7663,71926622000.0,86053452659.22845
phi2_conv300,7664,71926622000.0,86066509283.22845
phi2_conv300,7665,71926622000.0,86070701683.22845
phi2_conv300,7666,71926622000.0,86074894083.22845
phi2_conv300,7667,71926622000.0,86079086483.22845
phi2_conv300,7668,71926622000.0,86083278883.22845
phi2_conv300,7669,71926622000.0,86087513267.22845
phi2_conv300,7670,71926622000.0,86091747651.22845
phi2_conv300,7671,71926622000.0,86095982035.22845
phi2_conv300,7672,71926622000.0,86100216419.22845
phi2_conv300,7673,71926622000.0,86104450803.22845
phi2_conv300,7674,71926622000.0,86108738947.22845
phi2_conv300,7675,71926622000.0,86112880147.22845
phi2_conv300,7676,71926622000.0,86117021347.22845
phi2_conv300,7677,71926622000.0,86121162547.22845
phi2_conv300,7678,71926622000.0,86125303747.22845
phi2_conv300,7679,71926622000.0,86129376851.22845
phi2_conv300,7680,71926622000.0,86133442769.22845
phi2_conv300,7681,71926622000.0,86137508687.22845
phi2_conv300,7682,71926622000.0,86141574605.22845
phi2_conv300,7683,71926622000.0,86145640523.22845
phi2_conv300,7684,71926622000.0,86149706441.22845
phi2_conv300,7685,71926622000.0,86153659719.22845
phi2_conv300,7686,71926622000.0,86157612997.22845
phi2_conv300,7687,71926622000.0,86161566275.22845
phi2_conv300,7688,71926622000.0,86165519553.22845
phi2_conv300,7689,71926622000.0,86169472831.22845
phi2_conv300,7690,71926622000.0,86173285821.22845
phi2_conv300,7691,71926622000.0,86177098811.22845
phi2_conv300,7692,71926622000.0,86180911801.22845
phi2_conv300,7693,71926622000.0,86184724791.22845
phi2_conv300,7694,71926622000.0,86188537781.22845
phi2_conv300,7695,71926622000.0,86192753203.22845
phi2_conv300,7696,71926622000.0,86196841649.22845
phi2_conv300,7697,71926622000.0,86200930095.22845
phi2_conv300,7698,71926622000.0,86205018541.22845
phi2_conv300,7699,71926622000.0,86209106987.22845
phi2_conv300,7700,71926622000.0,86213195433.22845
phi2_conv300,7701,71926622000.0,86217147175.22845
phi2_conv300,7702,71926622000.0,86221098917.22845
phi2_conv300,7703,71926622000.0,86225050659.22845
phi2_conv300,7704,71926622000.0,86229002401.22845
phi2_conv300,7705,71926622000.0,86232954143.22845
phi2_conv300,7706,71926622000.0,86237045149.22845
phi2_conv300,7707,71926622000.0,86241136155.22845
phi2_conv300,7708,71926622000.0,86245227161.22845
phi2_conv300,7709,71926622000.0,86249318167.22845
phi2_conv300,7710,72258986000.0,86334287499.54274
phi2_conv300,7711,72258986000.0,86399543403.3713
phi2_conv300,7712,72258986000.0,86403659515.3713
phi2_conv300,7713,72258986000.0,86407775627.3713
phi2_conv300,7714,72258986000.0,86411891739.3713
phi2_conv300,7715,72258986000.0,86416007851.3713
phi2_conv300,7716,72258986000.0,86420123963.3713
phi2_conv300,7717,72258986000.0,86424128971.3713
phi2_conv300,7718,72258986000.0,86428133979.3713
phi2_conv300,7719,72258986000.0,86432138987.3713
phi2_conv300,7720,72258986000.0,86436143995.3713
phi2_conv300,7721,72258986000.0,86440149003.3713
phi2_conv300,7722,72258986000.0,86444212891.3713
phi2_conv300,7723,72258986000.0,86448276779.3713
phi2_conv300,7724,72258986000.0,86452232635.3713
phi2_conv300,7725,72258986000.0,86456188491.3713
phi2_conv300,7726,72258986000.0,86460144347.3713
phi2_conv300,7727,72258986000.0,86464159595.3713
phi2_conv300,7728,72258986000.0,86468399099.3713
phi2_conv300,7729,72258986000.0,86472638603.3713
phi2_conv300,7730,72258986000.0,86476878107.3713
phi2_conv300,7731,72258986000.0,86481117611.3713
phi2_conv300,7732,72258986000.0,86485357115.3713
phi2_conv300,7733,72258986000.0,86489601739.3713
phi2_conv300,7734,72258986000.0,86493846363.3713
phi2_conv300,7735,72258986000.0,86498090987.3713
phi2_conv300,7736,72258986000.0,86502335611.3713
phi2_conv300,7737,72258986000.0,86506580235.3713
phi2_conv300,7738,72463206000.0,86535758052.3713
phi2_conv300,7739,72463206000.0,86540008820.3713
phi2_conv300,7740,72463206000.0,86544218116.3713
phi2_conv300,7741,72463206000.0,86548427412.3713
phi2_conv300,7742,72463206000.0,86552636708.3713
phi2_conv300,7743,72463206000.0,86556846004.3713
phi2_conv300,7744,72463206000.0,86561039428.3713
phi2_conv300,7745,72463206000.0,86565185236.3713
phi2_conv300,7746,72463206000.0,86569331044.3713
phi2_conv300,7747,72463206000.0,86573476852.3713
phi2_conv300,7748,72463206000.0,86577622660.3713
phi2_conv300,7749,72463206000.0,86581640980.3713
phi2_conv300,7750,72463206000.0,86585659300.3713
phi2_conv300,7751,72463206000.0,86589677620.3713
phi2_conv300,7752,72463206000.0,86593695940.3713
phi2_conv300,7753,72463206000.0,86597714260.3713
phi2_conv300,7754,72463206000.0,86601806820.3713
phi2_conv300,7755,72463206000.0,86605899380.3713
phi2_conv300,7756,72463206000.0,86610044676.3713
phi2_conv300,7757,72463206000.0,86614189972.3713
phi2_conv300,7758,72463206000.0,86618335268.3713
phi2_conv300,7759,72463206000.0,86622480564.3713
phi2_conv300,7760,72463206000.0,86626505540.3713
phi2_conv300,7761,72463206000.0,86630648788.3713
phi2_conv300,7762,72463206000.0,86634792036.3713
phi2_conv300,7763,72463206000.0,86638935284.3713
phi2_conv300,7764,72463206000.0,86643078532.3713
phi2_conv300,7765,72463206000.0,86647200788.3713
phi2_conv300,7766,72463206000.0,86651323044.3713
phi2_conv300,7767,72463206000.0,86655445300.3713
phi2_conv300,7768,72463206000.0,86659567556.3713
phi2_conv300,7769,72463206000.0,86663689812.3713
phi2_conv300,7770,72463206000.0,86667860708.3713
phi2_conv300,7771,72463206000.0,86672031604.3713
phi2_conv300,7772,72686339000.0,86757237549.6856
phi2_conv300,7773,72686339000.0,86844598406.99988
phi2_conv300,7774,72686339000.0,86860932665.99988
phi2_conv300,7775,72686339000.0,86865222924.99988
phi2_conv300,7776,72686339000.0,86869538783.99988
phi2_conv300,7777,72686339000.0,86873931954.99988
phi2_conv300,7778,72686339000.0,86878325125.99988
phi2_conv300,7779,72686339000.0,86882718296.99988
phi2_conv300,7780,72772330000.0,86968121554.31416
phi2_conv300,7781,72772330000.0,87054108960.11417
phi2_conv300,7782,72772330000.0,87058738674.11417
phi2_conv300,7783,72772330000.0,87063368388.11417
phi2_conv300,7784,72772330000.0,87067996566.11417
phi2_conv300,7785,72772330000.0,87072624744.11417
phi2_conv300,7786,72772330000.0,87077194042.11417
phi2_conv300,7787,72772330000.0,87081763340.11417
phi2_conv300,7788,72772330000.0,87086393566.11417
phi2_conv300,7789,72772330000.0,87091023792.11417
phi2_conv300,7790,72772330000.0,87095654018.11417
phi2_conv300,7791,72772330000.0,87100284244.11417
phi2_conv300,7792,72772330000.0,87105020966.11417
phi2_conv300,7793,72772330000.0,87109647608.11417
phi2_conv300,7794,72772330000.0,87114274250.11417
phi2_conv300,7795,72772330000.0,87118900892.11417
phi2_conv300,7796,72772330000.0,87123527534.11417
phi2_conv300,7797,72772330000.0,87128032832.11417
phi2_conv300,7798,72772330000.0,87132538130.11417
phi2_conv300,7799,72772330000.0,87137043428.11417
phi2_conv300,7800,72772330000.0,87141612214.11417
phi2_conv300,7801,72772330000.0,87146181000.11417
phi2_conv300,7802,72772330000.0,87150843482.11417
phi2_conv300,7803,72772330000.0,87155505964.11417
phi2_conv300,7804,72772330000.0,87159988222.11417
phi2_conv300,7805,72772330000.0,87164470480.11417
phi2_conv300,7806,72772330000.0,87168952738.11417
phi2_conv300,7807,72772330000.0,87173434996.11417
phi2_conv300,7808,72772330000.0,87178223430.11417
phi2_conv300,7809,72772330000.0,87182782488.11417
phi2_conv300,7810,72772330000.0,87187341546.11417
phi2_conv300,7811,72772330000.0,87191900604.11417
phi2_conv300,7812,72772330000.0,87196459662.11417
phi2_conv300,7813,72772330000.0,87201033056.11417
phi2_conv300,7814,72772330000.0,87205606450.11417
phi2_conv300,7815,73069107000.0,87272202383.71417
phi2_conv300,7816,73069107000.0,87276855740.71417
phi2_conv300,7817,73069107000.0,87281509097.71417
phi2_conv300,7818,73069107000.0,87286388246.71417
phi2_conv300,7819,73069107000.0,87291267395.71417
phi2_conv300,7820,73069107000.0,87296148080.71417
phi2_conv300,7821,73069107000.0,87301028765.71417
phi2_conv300,7822,73139437000.0,87386611985.02846
phi2_conv300,7823,73139437000.0,87474932388.34274
phi2_conv300,7824,73139437000.0,87565832247.65703
phi2_conv300,7825,73139437000.0,87659479978.97131
phi2_conv300,7826,73139437000.0,87756803870.2856
phi2_conv300,7827,73139437000.0,87854897809.59988
phi2_conv300,7828,73139437000.0,87956425252.91417
phi2_conv300,7829,73139437000.0,88060883864.22845
phi2_conv300,7830,73188991000.0,88147712905.54274
phi2_conv300,7831,73188991000.0,88236361146.85703
phi2_conv300,7832,73284651000.0,88323078185.17131
phi2_conv300,7833,73284651000.0,88412110999.4856
phi2_conv300,7834,73284651000.0,88446940356.17131
phi2_conv300,7835,73284651000.0,88452817347.17131
phi2_conv300,7836,73284651000.0,88458631362.17131
phi2_conv300,7837,73284651000.0,88464445377.17131
phi2_conv300,7838,73284651000.0,88470259392.17131
phi2_conv300,7839,73284651000.0,88476073407.17131
phi2_conv300,7840,73284651000.0,88481685694.17131
phi2_conv300,7841,73284651000.0,88487631293.17131
phi2_conv300,7842,73284651000.0,88493577916.17131
phi2_conv300,7843,73501684000.0,88580190502.4856
phi2_conv300,7844,73501684000.0,88669190192.79988
phi2_conv300,7845,73501684000.0,88686816618.79988
phi2_conv300,7846,73501684000.0,88693188292.79988
phi2_conv300,7847,73501684000.0,88699628574.79988
phi2_conv300,7848,73501684000.0,88705551224.79988
phi2_conv300,7849,73501684000.0,88711473874.79988
phi2_conv300,7850,73501684000.0,88717264940.79988
phi2_conv300,7851,73501684000.0,88723138438.79988
phi2_conv300,7852,73501684000.0,88728951520.79988
phi2_conv300,7853,73501684000.0,88734764602.79988
phi2_conv300,7854,73501684000.0,88740577684.79988
phi2_conv300,7855,73501684000.0,88746390766.79988
phi2_conv300,7856,73501684000.0,88752405064.79988
phi2_conv300,7857,73501684000.0,88758320546.79988
phi2_conv300,7858,73501684000.0,88764465916.79988
phi2_conv300,7859,73501684000.0,88770611286.79988
phi2_conv300,7860,73501684000.0,88776756656.79988
phi2_conv300,7861,73501684000.0,88782748938.79988
phi2_conv300,7862,73501684000.0,88788741220.79988
phi2_conv300,7863,73501684000.0,88795030462.79988
phi2_conv300,7864,73501684000.0,88800946456.79988
phi2_conv300,7865,73501684000.0,88806862450.79988
phi2_conv300,7866,73501684000.0,88812904396.79988
phi2_conv300,7867,73501684000.0,88818899750.79988
phi2_conv300,7868,73501684000.0,88824196133.79988
phi2_conv300,7869,73501684000.0,88829492516.79988
phi2_conv300,7870,73501684000.0,88834788899.79988
phi2_conv300,7871,73501684000.0,88840085282.79988
phi2_conv300,7872,73501684000.0,88845444641.79988
phi2_conv300,7873,73501684000.0,88850815264.79988
phi2_conv300,7874,73501684000.0,88856093727.79988
phi2_conv300,7875,73501684000.0,88861245635.79988
phi2_conv300,7876,73501684000.0,88866397543.79988
phi2_conv300,7877,73501684000.0,88871598091.79988
phi2_conv300,7878,73841563000.0,88957447098.11417
phi2_conv300,7879,73841563000.0,89040931861.71417
phi2_conv300,7880,73841563000.0,89046410516.71417
phi2_conv300,7881,73841563000.0,89051889171.71417
phi2_conv300,7882,73841563000.0,89057089810.71417
phi2_conv300,7883,73841563000.0,89062296081.71417
phi2_conv300,7884,73841563000.0,89067519248.71417
phi2_conv300,7885,73841563000.0,89072742415.71417
phi2_conv300,7886,73841563000.0,89077965582.71417
phi2_conv300,7887,73841563000.0,89083188749.71417
phi2_conv300,7888,73841563000.0,89088519436.71417
phi2_conv300,7889,73841563000.0,89093828107.71417
phi2_conv300,7890,73841563000.0,89099282186.71417
phi2_conv300,7891,73841563000.0,89104736265.71417
phi2_conv300,7892,73841563000.0,89110190344.71417
phi2_conv300,7893,73841563000.0,89115436039.71417
phi2_conv300,7894,73841563000.0,89120681734.71417
phi2_conv300,7895,74006953000.0,89206844913.02846
phi2_conv300,7896,74006953000.0,89295663899.34274
phi2_conv300,7897,74046995000.0,89382813935.65703
phi2_conv300,7898,74046995000.0,89471370403.97131
phi2_conv300,7899,74046995000.0,89489840677.97131
phi2_conv300,7900,74046995000.0,89495472103.97131
phi2_conv300,7901,74046995000.0,89501103529.97131
phi2_conv300,7902,74046995000.0,89506931563.97131
phi2_conv300,7903,74046995000.0,89512759597.97131
phi2_conv300,7904,74046995000.0,89518481647.97131
phi2_conv300,7905,74046995000.0,89524097713.97131
phi2_conv300,7906,74046995000.0,89529715827.97131
phi2_conv300,7907,74046995000.0,89535333941.97131
phi2_conv300,7908,74046995000.0,89540820879.97131
phi2_conv300,7909,74046995000.0,89546365161.97131
phi2_conv300,7910,74046995000.0,89551909443.97131
phi2_conv300,7911,74046995000.0,89557376413.97131
phi2_conv300,7912,74046995000.0,89562983671.97131
phi2_conv300,7913,74046995000.0,89568590929.97131
phi2_conv300,7914,74046995000.0,89574384555.97131
phi2_conv300,7915,74046995000.0,89580162821.97131
phi2_conv300,7916,74046995000.0,89585860191.97131
phi2_conv300,7917,74046995000.0,89591557561.97131
phi2_conv300,7918,74046995000.0,89597124883.97131
phi2_conv300,7919,74046995000.0,89602692205.97131
phi2_conv300,7920,74046995000.0,89608260039.97131
phi2_conv300,7921,74046995000.0,89614066465.97131
phi2_conv300,7922,74046995000.0,89619938939.97131
phi2_conv300,7923,74046995000.0,89625811413.97131
phi2_conv300,7924,74046995000.0,89631683887.97131
phi2_conv300,7925,74046995000.0,89637303945.97131
phi2_conv300,7926,74046995000.0,89642924003.97131
phi2_conv300,7927,74046995000.0,89648603965.97131
phi2_conv300,7928,74046995000.0,89654240919.97131
phi2_conv300,7929,74046995000.0,89659877873.97131
phi2_conv300,7930,74046995000.0,89665531211.97131
phi2_conv300,7931,74046995000.0,89671100581.97131
phi2_conv300,7932,74046995000.0,89676898303.97131
phi2_conv300,7933,74046995000.0,89682696025.97131
phi2_conv300,7934,74046995000.0,89688452275.97131
phi2_conv300,7935,74046995000.0,89694208525.97131
phi2_conv300,7936,74046995000.0,89699800423.97131
phi2_conv300,7937,74046995000.0,89705402561.97131
phi2_conv300,7938,74046995000.0,89711136795.97131
phi2_conv300,7939,74046995000.0,89716871029.97131
phi2_conv300,7940,74046995000.0,89722605263.97131
phi2_conv300,7941,74046995000.0,89728249385.97131
phi2_conv300,7942,74046995000.0,89733893507.97131
phi2_conv300,7943,74046995000.0,89739515613.97131
phi2_conv300,7944,74046995000.0,89745112028.97131
phi2_conv300,7945,74046995000.0,89750708443.97131
phi2_conv300,7946,74046995000.0,89756112346.97131
phi2_conv300,7947,74046995000.0,89761372377.97131
phi2_conv300,7948,74046995000.0,89766729688.97131
phi2_conv300,7949,74046995000.0,89772086999.97131
phi2_conv300,7950,74046995000.0,89777754582.97131
phi2_conv300,7951,74046995000.0,89783422165.97131
phi2_conv300,7952,74046995000.0,89789089748.97131
phi2_conv300,7953,74046995000.0,89794524371.97131
phi2_conv300,7954,74046995000.0,89800009682.97131
phi2_conv300,7955,74046995000.0,89805248118.97131
phi2_conv300,7956,74046995000.0,89810486554.97131
phi2_conv300,7957,74046995000.0,89815810494.97131
phi2_conv300,7958,74046995000.0,89821134434.97131
phi2_conv300,7959,74046995000.0,89826513670.97131
phi2_conv300,7960,74046995000.0,89831868842.97131
phi2_conv300,7961,74046995000.0,89837224014.97131
phi2_conv300,7962,74046995000.0,89842520306.97131
phi2_conv300,7963,74046995000.0,89848061334.97131
phi2_conv300,7964,74046995000.0,89853552186.97131
phi2_conv300,7965,74046995000.0,89859043038.97131
phi2_conv300,7966,74046995000.0,89864748418.97131
phi2_conv300,7967,74046995000.0,89870453798.97131
phi2_conv300,7968,74046995000.0,89876159178.97131
phi2_conv300,7969,74046995000.0,89881864558.97131
phi2_conv300,7970,74046995000.0,89887387666.97131
phi2_conv300,7971,74046995000.0,89892910774.97131
phi2_conv300,7972,74046995000.0,89898433882.97131
phi2_conv300,7973,74046995000.0,89903912446.97131
phi2_conv300,7974,74046995000.0,89909391010.97131
phi2_conv300,7975,74046995000.0,89914956102.97131
phi2_conv300,7976,74046995000.0,89920473066.97131
phi2_conv300,7977,74046995000.0,89925990030.97131
phi2_conv300,7978,74046995000.0,89931460914.97131
phi2_conv300,7979,74046995000.0,89936935894.97131
phi2_conv300,7980,74046995000.0,89942481530.97131
phi2_conv300,7981,74046995000.0,89948027166.97131
phi2_conv300,7982,74046995000.0,89953398722.97131
phi2_conv300,7983,74046995000.0,89958770278.97131
phi2_conv300,7984,74046995000.0,89964141834.97131
phi2_conv300,7985,74046995000.0,89969513390.97131
phi2_conv300,7986,74046995000.0,89974936146.97131
phi2_conv300,7987,74046995000.0,89980358902.97131
phi2_conv300,7988,74046995000.0,89985781658.97131
phi2_conv300,7989,74046995000.0,89991301694.97131
phi2_conv300,7990,74046995000.0,89996821730.97131
phi2_conv300,7991,74046995000.0,90002268038.97131
phi2_conv300,7992,74046995000.0,90007803434.97131
phi2_conv300,7993,74046995000.0,90013338830.97131
phi2_conv300,7994,74046995000.0,90018805618.97131
phi2_conv300,7995,74046995000.0,90024391702.97131
phi2_conv300,7996,74046995000.0,90030006970.97131
phi2_conv300,7997,74046995000.0,90035622238.97131
phi2_conv300,7998,74046995000.0,90041225218.97131
phi2_conv300,7999,74046995000.0,90046828198.97131
phi2_conv300,8000,74046995000.0,90052431178.97131
phi2_conv300,8001,74046995000.0,90058034158.97131
phi2_conv300,8002,74046995000.0,90063660178.97131
phi2_conv300,8003,74046995000.0,90069286198.97131
phi2_conv300,8004,74046995000.0,90074912218.97131
phi2_conv300,8005,74046995000.0,90080461950.97131
phi2_conv300,8006,74046995000.0,90086011682.97131
phi2_conv300,8007,74046995000.0,90091417542.97131
phi2_conv300,8008,74046995000.0,90096998506.97131
phi2_conv300,8009,74046995000.0,90102579470.97131
phi2_conv300,8010,74046995000.0,90108115890.97131
phi2_conv300,8011,74046995000.0,90113434710.97131
phi2_conv300,8012,74046995000.0,90118641630.97131
phi2_conv300,8013,74046995000.0,90123848550.97131
phi2_conv300,8014,74046995000.0,90129202926.97131
phi2_conv300,8015,74046995000.0,90134557302.97131
phi2_conv300,8016,74046995000.0,90139911678.97131
phi2_conv300,8017,74046995000.0,90145266054.97131
phi2_conv300,8018,74046995000.0,90150647566.97131
phi2_conv300,8019,74046995000.0,90156029078.97131
phi2_conv300,8020,74046995000.0,90161410590.97131
phi2_conv300,8021,74046995000.0,90166792102.97131
phi2_conv300,8022,74046995000.0,90172173614.97131
phi2_conv300,8023,74046995000.0,90177605302.97131
phi2_conv300,8024,74046995000.0,90182657086.97131
phi2_conv300,8025,74046995000.0,90187708870.97131
phi2_conv300,8026,74046995000.0,90192973646.97131
phi2_conv300,8027,74046995000.0,90198234326.97131
phi2_conv300,8028,74046995000.0,90203542110.97131
phi2_conv300,8029,74046995000.0,90208849894.97131
phi2_conv300,8030,74046995000.0,90214172014.97131
phi2_conv300,8031,74046995000.0,90219494134.97131
phi2_conv300,8032,74046995000.0,90224816254.97131
phi2_conv300,8033,74046995000.0,90230138374.97131
phi2_conv300,8034,74046995000.0,90235443598.97131
phi2_conv300,8035,74046995000.0,90240748822.97131
phi2_conv300,8036,74046995000.0,90246054046.97131
phi2_conv300,8037,75304583000.0,90332042544.2856
phi2_conv300,8038,75304583000.0,90420905793.59988
phi2_conv300,8039,75304583000.0,90434968549.59988
phi2_conv300,8040,75304583000.0,90440403081.59988
phi2_conv300,8041,75304583000.0,90445837613.59988
phi2_conv300,8042,75304583000.0,90451544529.59988
phi2_conv300,8043,75304583000.0,90457219701.59988
phi2_conv300,8044,75304583000.0,90462865689.59988
phi2_conv300,8045,75304583000.0,90468511677.59988
phi2_conv300,8046,75304583000.0,90474239073.59988
phi2_conv300,8047,75304583000.0,90479966469.59988
phi2_conv300,8048,75304583000.0,90485693865.59988
phi2_conv300,8049,75304583000.0,90491421261.59988
phi2_conv300,8050,75304583000.0,90496835825.59988
phi2_conv300,8051,75304583000.0,90502250389.59988
phi2_conv300,8052,75304583000.0,90507664953.59988
phi2_conv300,8053,75304583000.0,90513079517.59988
phi2_conv300,8054,75304583000.0,90518811009.59988
phi2_conv300,8055,75304583000.0,90524246053.59988
phi2_conv300,8056,75304583000.0,90529869513.59988
phi2_conv300,8057,75304583000.0,90535492973.59988
phi2_conv300,8058,75304583000.0,90541067793.59988
phi2_conv300,8059,75304583000.0,90546493621.59988
phi2_conv300,8060,75304583000.0,90552051033.59988
phi2_conv300,8061,75304583000.0,90557608445.59988
phi2_conv300,8062,75304583000.0,90563252385.59988
phi2_conv300,8063,75304583000.0,90568896325.59988
phi2_conv300,8064,75304583000.0,90574540265.59988
phi2_conv300,8065,75304583000.0,90580184205.59988
phi2_conv300,8066,75304583000.0,90585760049.59988
phi2_conv300,8067,75304583000.0,90591335893.59988
phi2_conv300,8068,75304583000.0,90596911737.59988
phi2_conv300,8069,75304583000.0,90602487581.59988
phi2_conv300,8070,75627209000.0,90689354123.91417
phi2_conv300,8071,75627209000.0,90778154554.22845
phi2_conv300,8072,75627209000.0,90796357497.22845
phi2_conv300,8073,75627209000.0,90802104952.22845
phi2_conv300,8074,75627209000.0,90807749495.22845
phi2_conv300,8075,75627209000.0,90813518966.22845
phi2_conv300,8076,75627209000.0,90819140981.22845
phi2_conv300,8077,75627209000.0,90824762996.22845
phi2_conv300,8078,75726526000.0,90911400798.54274
phi2_conv300,8079,75726526000.0,91000732840.85703
phi2_conv300,8080,75726526000.0,91017930818.85703
phi2_conv300,8081,75726526000.0,91023862684.85703
phi2_conv300,8082,75726526000.0,91029834998.85703
phi2_conv300,8083,75726526000.0,91035807312.85703
phi2_conv300,8084,75726526000.0,91041779626.85703
phi2_conv300,8085,75726526000.0,91047751940.85703
phi2_conv300,8086,75726526000.0,91053943390.85703
phi2_conv300,8087,75833898000.0,91121885351.65703
phi2_conv300,8088,75833898000.0,91127897705.65703
phi2_conv300,8089,75862760000.0,91145883466.65703
phi2_conv300,8090,75862760000.0,91151908235.65703
phi2_conv300,8091,75862760000.0,91158107084.65703
phi2_conv300,8092,75862760000.0,91163868558.65703
phi2_conv300,8093,75862760000.0,91169630032.65703
phi2_conv300,8094,75862760000.0,91175249682.65703
phi2_conv300,8095,75862760000.0,91180869332.65703
phi2_conv300,8096,75862760000.0,91186560150.65703
phi2_conv300,8097,75862760000.0,91192250968.65703
phi2_conv300,8098,75862760000.0,91197937690.65703
phi2_conv300,8099,75862760000.0,91203624412.65703
phi2_conv300,8100,75862760000.0,91209311134.65703
phi2_conv300,8101,75862760000.0,91214997856.65703
phi2_conv300,8102,75862760000.0,91220899618.65703
phi2_conv300,8103,75862760000.0,91226596580.65703
phi2_conv300,8104,75862760000.0,91232277670.65703
phi2_conv300,8105,75862760000.0,91237958760.65703
phi2_conv300,8106,75862760000.0,91243639850.65703
phi2_conv300,8107,75862760000.0,91249286124.65703
phi2_conv300,8108,75862760000.0,91254996910.65703
phi2_conv300,8109,75862760000.0,91260707696.65703
phi2_conv300,8110,75862760000.0,91266492210.65703
phi2_conv300,8111,75862760000.0,91272276724.65703
phi2_conv300,8112,75862760000.0,91278046902.65703
phi2_conv300,8113,75862760000.0,91283817080.65703
phi2_conv300,8114,76099724000.0,91356780245.05702
phi2_conv300,8115,76099724000.0,91362728726.05702
phi2_conv300,8116,76099724000.0,91368677207.05702
phi2_conv300,8117,76099724000.0,91374625688.05702
phi2_conv300,8118,76099724000.0,91380584921.05702
phi2_conv300,8119,76099724000.0,91386779674.05702
phi2_conv300,8120,76099724000.0,91392653403.05702
phi2_conv300,8121,76099724000.0,91398527132.05702
phi2_conv300,8122,76099724000.0,91404400861.05702
phi2_conv300,8123,76099724000.0,91410431774.05702
phi2_conv300,8124,76099724000.0,91416270560.05702
phi2_conv300,8125,76099724000.0,91422109346.05702
phi2_conv300,8126,76099724000.0,91427800676.05702
phi2_conv300,8127,76099724000.0,91433492006.05702
phi2_conv300,8128,76099724000.0,91439352296.05702
phi2_conv300,8129,76099724000.0,91445212586.05702
phi2_conv300,8130,76099724000.0,91451102060.05702
phi2_conv300,8131,76099724000.0,91456991534.05702
phi2_conv300,8132,76286150000.0,91543433251.3713
phi2_conv300,8133,76286150000.0,91632292472.6856
phi2_conv300,8134,76286150000.0,91643020089.6856
phi2_conv300,8135,76286150000.0,91648943482.6856
phi2_conv300,8136,76286150000.0,91654887867.6856
phi2_conv300,8137,76286150000.0,91660832252.6856
phi2_conv300,8138,76286150000.0,91666776637.6856
phi2_conv300,8139,76286150000.0,91672937598.6856
phi2_conv300,8140,76286150000.0,91678866111.6856
phi2_conv300,8141,76286150000.0,91684794624.6856
phi2_conv300,8142,76286150000.0,91690849089.6856
phi2_conv300,8143,76286150000.0,91696903554.6856
phi2_conv300,8144,76286150000.0,91703135683.6856
phi2_conv300,8145,76286150000.0,91709367812.6856
phi2_conv300,8146,76286150000.0,91715359813.6856
phi2_conv300,8147,76286150000.0,91721470598.6856
phi2_conv300,8148,76286150000.0,91727581383.6856
phi2_conv300,8149,76286150000.0,91733692168.6856
phi2_conv300,8150,76286150000.0,91739764553.6856
phi2_conv300,8151,76286150000.0,91745799562.6856
phi2_conv300,8152,76286150000.0,91751722443.6856
phi2_conv300,8153,76286150000.0,91757645324.6856
phi2_conv300,8154,76286150000.0,91763568205.6856
phi2_conv300,8155,76286150000.0,91769757838.6856
phi2_conv300,8156,76286150000.0,91775845583.6856
phi2_conv300,8157,76286150000.0,91781933328.6856
phi2_conv300,8158,76558380000.0,91868820935.99988
phi2_conv300,8159,76558380000.0,91957765247.31416
phi2_conv300,8160,76558380000.0,91989884200.91417
phi2_conv300,8161,76558380000.0,91996034025.91417
phi2_conv300,8162,76558380000.0,92002564266.91417
phi2_conv300,8163,76558380000.0,92008794987.91417
phi2_conv300,8164,76558380000.0,92015025708.91417
phi2_conv300,8165,76558380000.0,92021256429.91417
phi2_conv300,8166,76558380000.0,92027606446.91417
phi2_conv300,8167,76558380000.0,92033673839.91417
phi2_conv300,8168,76558380000.0,92040156464.91417
phi2_conv300,8169,76558380000.0,92046639089.91417
phi2_conv300,8170,76558380000.0,92053121714.91417
phi2_conv300,8171,76558380000.0,92059325811.91417
phi2_conv300,8172,76558380000.0,92065490484.91417
phi2_conv300,8173,76558380000.0,92071655157.91417
phi2_conv300,8174,76749357000.0,92158857788.22845
phi2_conv300,8175,76749357000.0,92248607906.54274
phi2_conv300,8176,76749357000.0,92255252240.54274
phi2_conv300,8177,76749357000.0,92262031230.54274
phi2_conv300,8178,76749357000.0,92268662764.54274
phi2_conv300,8179,76749357000.0,92275326042.54274
phi2_conv300,8180,76749357000.0,92281989320.54274
phi2_conv300,8181,76749357000.0,92288652598.54274
phi2_conv300,8182,76749357000.0,92295177124.54274
phi2_conv300,8183,76749357000.0,92301853202.54274
phi2_conv300,8184,76749357000.0,92308335744.54274
phi2_conv300,8185,76749357000.0,92314640193.54274
phi2_conv300,8186,76749357000.0,92320944642.54274
phi2_conv300,8187,76749357000.0,92327255747.54274
phi2_conv300,8188,76749357000.0,92333731716.54274
phi2_conv300,8189,76749357000.0,92340207685.54274
phi2_conv300,8190,76749357000.0,92346488070.54274
phi2_conv300,8191,76749357000.0,92352768455.54274
phi2_conv300,8192,76749357000.0,92359281800.54274
phi2_conv300,8193,76749357000.0,92365795145.54274
phi2_conv300,8194,76749357000.0,92372191754.54274
phi2_conv300,8195,76749357000.0,92378445515.54274
phi2_conv300,8196,76749357000.0,92384699276.54274
phi2_conv300,8197,76749357000.0,92390953037.54274
phi2_conv300,8198,76749357000.0,92397460750.54274
phi2_conv300,8199,76749357000.0,92404063183.54274
phi2_conv300,8200,76749357000.0,92410482832.54274
phi2_conv300,8201,76749357000.0,92416902481.54274
phi2_conv300,8202,76749357000.0,92423322130.54274
phi2_conv300,8203,76749357000.0,92429498963.54274
phi2_conv300,8204,76749357000.0,92435523732.54274
phi2_conv300,8205,76749357000.0,92441548501.54274
phi2_conv300,8206,76749357000.0,92447747350.54274
phi2_conv300,8207,76749357000.0,92453946199.54274
phi2_conv300,8208,76749357000.0,92459742489.54274
phi2_conv300,8209,76749357000.0,92465538779.54274
phi2_conv300,8210,76749357000.0,92471268509.54274
phi2_conv300,8211,76749357000.0,92477130847.54274
phi2_conv300,8212,76749357000.0,92482993185.54274
phi2_conv300,8213,76749357000.0,92488855523.54274
phi2_conv300,8214,76749357000.0,92494606653.54274
phi2_conv300,8215,76749357000.0,92500355223.54274
phi2_conv300,8216,76749357000.0,92506103793.54274
phi2_conv300,8217,76749357000.0,92511852363.54274
phi2_conv300,8218,76749357000.0,92517600933.54274
phi2_conv300,8219,76749357000.0,92523404287.54274
phi2_conv300,8220,76749357000.0,92528914174.54274
phi2_conv300,8221,76749357000.0,92534424061.54274
phi2_conv300,8222,76749357000.0,92540167420.54274
phi2_conv300,8223,76749357000.0,92545910779.54274
phi2_conv300,8224,76749357000.0,92551554298.54274
phi2_conv300,8225,76749357000.0,92557197817.54274
phi2_conv300,8226,76749357000.0,92562743032.54274
phi2_conv300,8227,76749357000.0,92568514039.54274
phi2_conv300,8228,77310607000.0,92654973761.85703
phi2_conv300,8229,77310607000.0,92717483110.31416
phi2_conv300,8230,77310607000.0,92722930442.31416
phi2_conv300,8231,77310607000.0,92728396718.31416
phi2_conv300,8232,77310607000.0,92733862994.31416
phi2_conv300,8233,77310607000.0,92739329270.31416
phi2_conv300,8234,77310607000.0,92744795546.31416
phi2_conv300,8235,77310607000.0,92750165054.31416
phi2_conv300,8236,77310607000.0,92755534562.31416
phi2_conv300,8237,77310607000.0,92760904070.31416
phi2_conv300,8238,77310607000.0,92766401066.31416
phi2_conv300,8239,77310607000.0,92771898062.31416
phi2_conv300,8240,77310607000.0,92777412978.31416
phi2_conv300,8241,77310607000.0,92782927894.31416
phi2_conv300,8242,77310607000.0,92788442810.31416
phi2_conv300,8243,77310607000.0,92793874782.31416
phi2_conv300,8244,77310607000.0,92799306754.31416
phi2_conv300,8245,77310607000.0,92804738726.31416
phi2_conv300,8246,77310607000.0,92810191178.31416
phi2_conv300,8247,77310607000.0,92815763950.31416
phi2_conv300,8248,77310607000.0,92821336722.31416
phi2_conv300,8249,77310607000.0,92826909494.31416
phi2_conv300,8250,77310607000.0,92832482266.31416
phi2_conv300,8251,77310607000.0,92837920382.31416
phi2_conv300,8252,77310607000.0,92843358498.31416
phi2_conv300,8253,77546989000.0,92929777808.62845
phi2_conv300,8254,77546989000.0,93018425086.94273
phi2_conv300,8255,77546989000.0,93046653711.51416
phi2_conv300,8256,77546989000.0,93051975091.51416
phi2_conv300,8257,77546989000.0,93057296471.51416
phi2_conv300,8258,77546989000.0,93062617851.51416
phi2_conv300,8259,77546989000.0,93067906975.51416
phi2_conv300,8260,77546989000.0,93073196099.51416
phi2_conv300,8261,77546989000.0,93078485223.51416
phi2_conv300,8262,77546989000.0,93083851147.51416
phi2_conv300,8263,77546989000.0,93089216047.51416
phi2_conv300,8264,77546989000.0,93094580947.51416
phi2_conv300,8265,77546989000.0,93099945847.51416
phi2_conv300,8266,77546989000.0,93105310747.51416
phi2_conv300,8267,77546989000.0,93110794431.51416
phi2_conv300,8268,77546989000.0,93116278115.51416
phi2_conv300,8269,77546989000.0,93121761799.51416
phi2_conv300,8270,77546989000.0,93127332011.51416
phi2_conv300,8271,77546989000.0,93132902223.51416
phi2_conv300,8272,77546989000.0,93138416627.51416
phi2_conv300,8273,77546989000.0,93143931031.51416
phi2_conv300,8274,77546989000.0,93149445435.51416
phi2_conv300,8275,77546989000.0,93154884575.51416
phi2_conv300,8276,77546989000.0,93160323715.51416
phi2_conv300,8277,77546989000.0,93165762855.51416
phi2_conv300,8278,77546989000.0,93171286475.51416
phi2_conv300,8279,77546989000.0,93176969327.51416
phi2_conv300,8280,77546989000.0,93182652179.51416
phi2_conv300,8281,77546989000.0,93188335031.51416
phi2_conv300,8282,77546989000.0,93194017883.51416
phi2_conv300,8283,77546989000.0,93199112675.51416
phi2_conv300,8284,77546989000.0,93204207467.51416
phi2_conv300,8285,77546989000.0,93209302259.51416
phi2_conv300,8286,77546989000.0,93214637691.51416
phi2_conv300,8287,77546989000.0,93219973123.51416
phi2_conv300,8288,77546989000.0,93225143691.51416
phi2_conv300,8289,77546989000.0,93230314259.51416
phi2_conv300,8290,77546989000.0,93235484827.51416
phi2_conv300,8291,77546989000.0,93240463816.51416
phi2_conv300,8292,77546989000.0,93245442805.51416
phi2_conv300,8293,77546989000.0,93250421794.51416
phi2_conv300,8294,77546989000.0,93255397199.51416
phi2_conv300,8295,77546989000.0,93260371580.51416
phi2_conv300,8296,77546989000.0,93265345961.51416
phi2_conv300,8297,77546989000.0,93270320342.51416
phi2_conv300,8298,77546989000.0,93275294723.51416
phi2_conv300,8299,77546989000.0,93280314672.51416
phi2_conv300,8300,77546989000.0,93285334621.51416
phi2_conv300,8301,77546989000.0,93290354570.51416
phi2_conv300,8302,77546989000.0,93295215799.51416
phi2_conv300,8303,77546989000.0,93300077028.51416
phi2_conv300,8304,77546989000.0,93304997137.51416
phi2_conv300,8305,77546989000.0,93309917246.51416
phi2_conv300,8306,77546989000.0,93314837355.51416
phi2_conv300,8307,77546989000.0,93319846040.51416
phi2_conv300,8308,77546989000.0,93324854725.51416
phi2_conv300,8309,77546989000.0,93329863410.51416
phi2_conv300,8310,77546989000.0,93334803487.51416
phi2_conv300,8311,77546989000.0,93339856716.51416
phi2_conv300,8312,77546989000.0,93344909945.51416
phi2_conv300,8313,77546989000.0,93349963174.51416
phi2_conv300,8314,77546989000.0,93355016403.51416
phi2_conv300,8315,77546989000.0,93359925248.51416
phi2_conv300,8316,77546989000.0,93364834093.51416
phi2_conv300,8317,77546989000.0,93369742938.51416
phi2_conv300,8318,77546989000.0,93374841223.51416
phi2_conv300,8319,77546989000.0,93379939508.51416
phi2_conv300,8320,77546989000.0,93384921057.51416
phi2_conv300,8321,77546989000.0,93389902606.51416
phi2_conv300,8322,77546989000.0,93394884155.51416
phi2_conv300,8323,77546989000.0,93399872360.51416
phi2_conv300,8324,77546989000.0,93404860565.51416
phi2_conv300,8325,77546989000.0,93409848770.51416
phi2_conv300,8326,77546989000.0,93415085295.51416
phi2_conv300,8327,77546989000.0,93420221468.51416
phi2_conv300,8328,77546989000.0,93425357641.51416
phi2_conv300,8329,77546989000.0,93430493814.51416
phi2_conv300,8330,77546989000.0,93435629987.51416
phi2_conv300,8331,78254342000.0,93521696534.82845
phi2_conv300,8332,78254342000.0,93609970826.14273
phi2_conv300,8333,78254342000.0,93623071122.14273
phi2_conv300,8334,78254342000.0,93628469530.14273
phi2_conv300,8335,78313936000.0,93714613611.45702
phi2_conv300,8336,78313936000.0,93802947452.7713
phi2_conv300,8337,78313936000.0,93867004245.79987
phi2_conv300,8338,78313936000.0,93872434909.79987
phi2_conv300,8339,78313936000.0,93877738085.79987
phi2_conv300,8340,78313936000.0,93883041261.79987
phi2_conv300,8341,78313936000.0,93888344437.79987
phi2_conv300,8342,78313936000.0,93893600509.79987
phi2_conv300,8343,78313936000.0,93898775685.79987
phi2_conv300,8344,78313936000.0,93903950861.79987
phi2_conv300,8345,78313936000.0,93909126037.79987
phi2_conv300,8346,78313936000.0,93914653981.79987
phi2_conv300,8347,78313936000.0,93920221861.79987
phi2_conv300,8348,78313936000.0,93925789741.79987
phi2_conv300,8349,78313936000.0,93931357621.79987
phi2_conv300,8350,78313936000.0,93936878909.79987
phi2_conv300,8351,78313936000.0,93942400197.79987
phi2_conv300,8352,78313936000.0,93947798605.79987
phi2_conv300,8353,78313936000.0,93953197013.79987
phi2_conv300,8354,78313936000.0,93958595421.79987
phi2_conv300,8355,78313936000.0,93963938533.79987
phi2_conv300,8356,78313936000.0,93969281645.79987
phi2_conv300,8357,78313936000.0,93974624757.79987
phi2_conv300,8358,78313936000.0,93979937149.79987
phi2_conv300,8359,78313936000.0,93985207045.79987
phi2_conv300,8360,78313936000.0,93990476941.79987
phi2_conv300,8361,78313936000.0,93995746837.79987
phi2_conv300,8362,78313936000.0,94001251741.79987
phi2_conv300,8363,78313936000.0,94006541093.79987
phi2_conv300,8364,78313936000.0,94011830445.79987
phi2_conv300,8365,78313936000.0,94017119797.79987
phi2_conv300,8366,78313936000.0,94022555581.79987
phi2_conv300,8367,78313936000.0,94027991365.79987
phi2_conv300,8368,78313936000.0,94033398477.79987
phi2_conv300,8369,78313936000.0,94038805589.79987
phi2_conv300,8370,78313936000.0,94044212701.79987
phi2_conv300,8371,78313936000.0,94049791333.79987
phi2_conv300,8372,78313936000.0,94055369965.79987
phi2_conv300,8373,78684997000.0,94086202339.9713
phi2_conv300,8374,78684997000.0,94091645063.9713
phi2_conv300,8375,78707843000.0,94177777686.28558
phi2_conv300,8376,78707843000.0,94266508516.59987
phi2_conv300,8377,78707843000.0,94358781778.91415
phi2_conv300,8378,78741657000.0,94421398764.39987
phi2_conv300,8379,78741657000.0,94427165766.39987
phi2_conv300,8380,78741657000.0,94432932768.39987
phi2_conv300,8381,78741657000.0,94438699770.39987
phi2_conv300,8382,78741657000.0,94444639828.39987
phi2_conv300,8383,78741657000.0,94450579886.39987
phi2_conv300,8384,78741657000.0,94456277768.39987
phi2_conv300,8385,78741657000.0,94461975650.39987
phi2_conv300,8386,78741657000.0,94467654076.39987
phi2_conv300,8387,78741657000.0,94473454870.39987
phi2_conv300,8388,78741657000.0,94479255664.39987
phi2_conv300,8389,78741657000.0,94485056458.39987
phi2_conv300,8390,78741657000.0,94490772260.39987
phi2_conv300,8391,78741657000.0,94496595582.39987
phi2_conv300,8392,78741657000.0,94502418904.39987
phi2_conv300,8393,78741657000.0,94508242226.39987
phi2_conv300,8394,78741657000.0,94514083980.39987
phi2_conv300,8395,78741657000.0,94519869414.39987
phi2_conv300,8396,78741657000.0,94525654848.39987
phi2_conv300,8397,78741657000.0,94531440282.39987
phi2_conv300,8398,78741657000.0,94537362932.39987
phi2_conv300,8399,78741657000.0,94543285582.39987
phi2_conv300,8400,78741657000.0,94548996776.39987
phi2_conv300,8401,78741657000.0,94554707970.39987
phi2_conv300,8402,78741657000.0,94560677212.39987
phi2_conv300,8403,78741657000.0,94566463670.39987
phi2_conv300,8404,78741657000.0,94572250128.39987
phi2_conv300,8405,78741657000.0,94578036586.39987
phi2_conv300,8406,78741657000.0,94583713988.39987
phi2_conv300,8407,78741657000.0,94589629982.39987
phi2_conv300,8408,78741657000.0,94595545976.39987
phi2_conv300,8409,78741657000.0,94601461970.39987
phi2_conv300,8410,78741657000.0,94607369260.39987
phi2_conv300,8411,78741657000.0,94613281158.39987
phi2_conv300,8412,78741657000.0,94619193056.39987
phi2_conv300,8413,78741657000.0,94625104954.39987
phi2_conv300,8414,78741657000.0,94630865300.39987
phi2_conv300,8415,78741657000.0,94636625646.39987
phi2_conv300,8416,78741657000.0,94642475080.39987
phi2_conv300,8417,78741657000.0,94648324514.39987
phi2_conv300,8418,78741657000.0,94654343932.39987
phi2_conv300,8419,78741657000.0,94660115542.39987
phi2_conv300,8420,78741657000.0,94665887152.39987
phi2_conv300,8421,78741657000.0,94671658762.39987
phi2_conv300,8422,78741657000.0,94677731428.39987
phi2_conv300,8423,78741657000.0,94683706814.39987
phi2_conv300,8424,78741657000.0,94689682200.39987
phi2_conv300,8425,78741657000.0,94695657586.39987
phi2_conv300,8426,78741657000.0,94701422028.39987
phi2_conv300,8427,78741657000.0,94707551014.39987
phi2_conv300,8428,78741657000.0,94713054245.39987
phi2_conv300,8429,78741657000.0,94718557476.39987
phi2_conv300,8430,78741657000.0,94724182563.39987
phi2_conv300,8431,79246030000.0,94795745992.39987
phi2_conv300,8432,79246030000.0,94801160135.39987
phi2_conv300,8433,79246030000.0,94806574278.39987
phi2_conv300,8434,79246030000.0,94811848645.39987
phi2_conv300,8435,79246030000.0,94817410244.39987
phi2_conv300,8436,79246030000.0,94822971843.39987
phi2_conv300,8437,79246030000.0,94828533442.39987
phi2_conv300,8438,79316404000.0,94914928556.71416
phi2_conv300,8439,79316404000.0,95003658455.02844
phi2_conv300,8440,79323080000.0,95048270561.82845
phi2_conv300,8441,79323080000.0,95053866659.82845
phi2_conv300,8442,79323080000.0,95059393637.82845
phi2_conv300,8443,79323080000.0,95065026599.82845
phi2_conv300,8444,79323080000.0,95070659561.82845
phi2_conv300,8445,79323080000.0,95076292523.82845
phi2_conv300,8446,79323080000.0,95082093421.82845
phi2_conv300,8447,79431406000.0,95168816515.14273
phi2_conv300,8448,79431406000.0,95257757112.45702
phi2_conv300,8449,79466727000.0,95346295759.7713
phi2_conv300,8450,79466727000.0,95352189584.7713
phi2_conv300,8451,79466727000.0,95358253905.7713
phi2_conv300,8452,79466727000.0,95364318226.7713
phi2_conv300,8453,79466727000.0,95370382547.7713
phi2_conv300,8454,79466727000.0,95376230676.7713
phi2_conv300,8455,79466727000.0,95382078293.7713
phi2_conv300,8456,79466727000.0,95387893142.7713
phi2_conv300,8457,79466727000.0,95393707991.7713
phi2_conv300,8458,79466727000.0,95399470104.7713
phi2_conv300,8459,79466727000.0,95405147225.7713
phi2_conv300,8460,79466727000.0,95410824346.7713
phi2_conv300,8461,79466727000.0,95416592603.7713
phi2_conv300,8462,79466727000.0,95422278428.7713
phi2_conv300,8463,79466727000.0,95427877213.7713
phi2_conv300,8464,79466727000.0,95433563038.7713
phi2_conv300,8465,79466727000.0,95439248863.7713
phi2_conv300,8466,79466727000.0,95444845088.7713
phi2_conv300,8467,79466727000.0,95450469473.7713
phi2_conv300,8468,79466727000.0,95456093858.7713
phi2_conv300,8469,79466727000.0,95461718243.7713
phi2_conv300,8470,79466727000.0,95467475748.7713
phi2_conv300,8471,79466727000.0,95473225573.7713
phi2_conv300,8472,79466727000.0,95479004582.7713
phi2_conv300,8473,79466727000.0,95484783591.7713
phi2_conv300,8474,79466727000.0,95490540072.7713
phi2_conv300,8475,79466727000.0,95496100969.7713
phi2_conv300,8476,79466727000.0,95501661866.7713
phi2_conv300,8477,79466727000.0,95507509995.7713
phi2_conv300,8478,79466727000.0,95513157932.7713
phi2_conv300,8479,79466727000.0,95519020909.7713
phi2_conv300,8480,79466727000.0,95524408111.7713
phi2_conv300,8481,79788963000.0,95555409167.99988
phi2_conv300,8482,79788963000.0,95560754000.99988
phi2_conv300,8483,79788963000.0,95566328721.99988
phi2_conv300,8484,79817387000.0,95652985033.31416
phi2_conv300,8485,79817387000.0,95741503936.62845
phi2_conv300,8486,79817387000.0,95801676984.82845
phi2_conv300,8487,79817387000.0,95807071609.82845
phi2_conv300,8488,79817387000.0,95812744250.82845
phi2_conv300,8489,79817387000.0,95818416891.82845
phi2_conv300,8490,79817387000.0,95824082364.82845
phi2_conv300,8491,79817387000.0,95829821053.82845
phi2_conv300,8492,79817387000.0,95835559742.82845
phi2_conv300,8493,79817387000.0,95840971775.82845
phi2_conv300,8494,79817387000.0,95846475456.82845
phi2_conv300,8495,79817387000.0,95852002177.82845
phi2_conv300,8496,79817387000.0,95857528898.82845
phi2_conv300,8497,79817387000.0,95863055619.82845
phi2_conv300,8498,79817387000.0,95868693956.82845
phi2_conv300,8499,79817387000.0,95874387589.82845
phi2_conv300,8500,79996058000.0,95961174252.14273
phi2_conv300,8501,79996058000.0,96050236274.45702
phi2_conv300,8502,79996058000.0,96066702528.45702
phi2_conv300,8503,79996058000.0,96072794926.45702
phi2_conv300,8504,79996058000.0,96078687644.45702
phi2_conv300,8505,79996058000.0,96084580362.45702
phi2_conv300,8506,79996058000.0,96090481272.45702
phi2_conv300,8507,79996058000.0,96096450278.45702
phi2_conv300,8508,79996058000.0,96102419284.45702
phi2_conv300,8509,79996058000.0,96108336066.45702
phi2_conv300,8510,79996058000.0,96114270768.45702
phi2_conv300,8511,79996058000.0,96120166558.45702
phi2_conv300,8512,79996058000.0,96125923679.45702
phi2_conv300,8513,79996058000.0,96131680800.45702
phi2_conv300,8514,79996058000.0,96137437921.45702
phi2_conv300,8515,79996058000.0,96143172514.45702
phi2_conv300,8516,79996058000.0,96148719203.45702
phi2_conv300,8517,80182683000.0,96235669257.7713
phi2_conv300,8518,80182683000.0,96322722806.28558
phi2_conv300,8519,80182683000.0,96328877668.28558
phi2_conv300,8520,80182683000.0,96335060178.28558
phi2_conv300,8521,80182683000.0,96341242688.28558
phi2_conv300,8522,80182683000.0,96347089921.28558
phi2_conv300,8523,80182683000.0,96352733378.28558
phi2_conv300,8524,80182683000.0,96358376835.28558
phi2_conv300,8525,80182683000.0,96364030020.28558
phi2_conv300,8526,80182683000.0,96369651973.28558
phi2_conv300,8527,80182683000.0,96375648198.28558
phi2_conv300,8528,80182683000.0,96381644423.28558
phi2_conv300,8529,80182683000.0,96387640648.28558
phi2_conv300,8530,80182683000.0,96393636873.28558
phi2_conv300,8531,80182683000.0,96399275722.28558
phi2_conv300,8532,80182683000.0,96404818315.28558
phi2_conv300,8533,80182683000.0,96410360908.28558
phi2_conv300,8534,80182683000.0,96416185101.28558
phi2_conv300,8535,80182683000.0,96421843278.28558
phi2_conv300,8536,80182683000.0,96427501455.28558
phi2_conv300,8537,80396777000.0,96513831076.59987
phi2_conv300,8538,80396777000.0,96602614521.91415
phi2_conv300,8539,80421214000.0,96689666225.22844
phi2_conv300,8540,80421214000.0,96777183592.54272
phi2_conv300,8541,80421214000.0,96831104882.57129
phi2_conv300,8542,80421214000.0,96836900403.57129
phi2_conv300,8543,80421214000.0,96842819316.57129
phi2_conv300,8544,80421214000.0,96848408885.57129
phi2_conv300,8545,80421214000.0,96853998454.57129
phi2_conv300,8546,80421214000.0,96859588023.57129
phi2_conv300,8547,80421214000.0,96865490936.57129
phi2_conv300,8548,80421214000.0,96871211577.57129
phi2_conv300,8549,80421214000.0,96876932218.57129
phi2_conv300,8550,80421214000.0,96882820795.57129
phi2_conv300,8551,80421214000.0,96888709372.57129
phi2_conv300,8552,80421214000.0,96894597949.57129
phi2_conv300,8553,80421214000.0,96900486526.57129
phi2_conv300,8554,80421214000.0,96906253247.57129
phi2_conv300,8555,80421214000.0,96911917056.57129
phi2_conv300,8556,80421214000.0,96917580865.57129
phi2_conv300,8557,80421214000.0,96923255938.57129
phi2_conv300,8558,80421214000.0,96929181379.57129
phi2_conv300,8559,80421214000.0,96934928132.57129
phi2_conv300,8560,80421214000.0,96940674885.57129
phi2_conv300,8561,80421214000.0,96946421638.57129
phi2_conv300,8562,80421214000.0,96952168391.57129
phi2_conv300,8563,80421214000.0,96957722632.57129
phi2_conv300,8564,80421214000.0,96963366473.57129
phi2_conv300,8565,80421214000.0,96969010314.57129
phi2_conv300,8566,80421214000.0,96974819019.57129
phi2_conv300,8567,80421214000.0,96980627724.57129
phi2_conv300,8568,80421214000.0,96986436429.57129
phi2_conv300,8569,80421214000.0,96992245134.57129
phi2_conv300,8570,80421214000.0,96998251471.57129
phi2_conv300,8571,80421214000.0,97004092944.57129
phi2_conv300,8572,80421214000.0,97009934417.57129
phi2_conv300,8573,80421214000.0,97015560850.57129
phi2_conv300,8574,80421214000.0,97021215316.57129
phi2_conv300,8575,80421214000.0,97026798614.57129
phi2_conv300,8576,80421214000.0,97032381912.57129
phi2_conv300,8577,80421214000.0,97037965210.57129
phi2_conv300,8578,80421214000.0,97043612916.57129
phi2_conv300,8579,80421214000.0,97049217614.57129
phi2_conv300,8580,80421214000.0,97054980008.57129
phi2_conv300,8581,80421214000.0,97060742402.57129
phi2_conv300,8582,80421214000.0,97066311260.57129
phi2_conv300,8583,80421214000.0,97071880118.57129
phi2_conv300,8584,80421214000.0,97077448976.57129
phi2_conv300,8585,80895356000.0,97163952260.88557
phi2_conv300,8586,80895356000.0,97244349733.457
phi2_conv300,8587,80895356000.0,97250068607.457
phi2_conv300,8588,80895356000.0,97255787481.457
phi2_conv300,8589,80895356000.0,97261272883.457
phi2_conv300,8590,80895356000.0,97267029133.457
phi2_conv300,8591,80895356000.0,97272714727.457
phi2_conv300,8592,80895356000.0,97278400321.457
phi2_conv300,8593,80895356000.0,97284085915.457
phi2_conv300,8594,80895356000.0,97289771509.457
phi2_conv300,8595,80895356000.0,97295205620.457
phi2_conv300,8596,80895356000.0,97300480499.457
phi2_conv300,8597,80895356000.0,97305755378.457
phi2_conv300,8598,80895356000.0,97311133169.457
phi2_conv300,8599,80895356000.0,97316510960.457
phi2_conv300,8600,80895356000.0,97321888751.457
phi2_conv300,8601,80895356000.0,97327266542.457
phi2_conv300,8602,80895356000.0,97332624365.457
phi2_conv300,8603,80895356000.0,97338032876.457
phi2_conv300,8604,80895356000.0,97343441387.457
phi2_conv300,8605,80895356000.0,97348925674.457
phi2_conv300,8606,80895356000.0,97354404841.457
phi2_conv300,8607,80895356000.0,97359822056.457
phi2_conv300,8608,80895356000.0,97365239271.457
phi2_conv300,8609,80895356000.0,97370656486.457
phi2_conv300,8610,80895356000.0,97376073701.457
phi2_conv300,8611,81144872000.0,97462763727.77129
phi2_conv300,8612,81144872000.0,97551588826.08557
phi2_conv300,8613,81144872000.0,97596217802.14272
phi2_conv300,8614,81144872000.0,97601745188.14272
phi2_conv300,8615,81144872000.0,97607272574.14272
phi2_conv300,8616,81144872000.0,97612799960.14272
phi2_conv300,8617,81144872000.0,97618327346.14272
phi2_conv300,8618,81144872000.0,97623960204.14272
phi2_conv300,8619,81144872000.0,97629886438.14272
phi2_conv300,8620,81144872000.0,97635812672.14272
phi2_conv300,8621,81144872000.0,97641607322.14272
phi2_conv300,8622,81144872000.0,97647156724.14272
phi2_conv300,8623,81144872000.0,97652881230.14272
phi2_conv300,8624,81144872000.0,97658605736.14272
phi2_conv300,8625,81144872000.0,97664330242.14272
phi2_conv300,8626,81144872000.0,97669699841.14272
phi2_conv300,8627,81144872000.0,97675055104.14272
phi2_conv300,8628,81144872000.0,97680482559.14272
phi2_conv300,8629,81144872000.0,97685910014.14272
phi2_conv300,8630,81144872000.0,97691506429.14272
phi2_conv300,8631,81144872000.0,97697102844.14272
phi2_conv300,8632,81144872000.0,97702699259.14272
phi2_conv300,8633,81144872000.0,97708295674.14272
phi2_conv300,8634,81144872000.0,97713641721.14272
phi2_conv300,8635,81144872000.0,97718990328.14272
phi2_conv300,8636,81144872000.0,97724338935.14272
phi2_conv300,8637,81144872000.0,97729848310.14272
phi2_conv300,8638,81144872000.0,97735429877.14272
phi2_conv300,8639,81144872000.0,97740786676.14272
phi2_conv300,8640,81144872000.0,97746143475.14272
phi2_conv300,8641,81144872000.0,97751500274.14272
phi2_conv300,8642,81144872000.0,97756857073.14272
phi2_conv300,8643,81144872000.0,97762241008.14272
phi2_conv300,8644,81144872000.0,97767692015.14272
phi2_conv300,8645,81144872000.0,97773143022.14272
phi2_conv300,8646,81144872000.0,97778719469.14272
phi2_conv300,8647,81144872000.0,97784295916.14272
phi2_conv300,8648,81144872000.0,97789872363.14272
phi2_conv300,8649,81144872000.0,97795448810.14272
phi2_conv300,8650,81144872000.0,97800849641.14272
phi2_conv300,8651,81144872000.0,97806472680.14272
phi2_conv300,8652,81144872000.0,97812095719.14272
phi2_conv300,8653,81144872000.0,97817568230.14272
phi2_conv300,8654,81144872000.0,97823066341.14272
phi2_conv300,8655,81144872000.0,97828473828.14272
phi2_conv300,8656,81144872000.0,97833881315.14272
phi2_conv300,8657,81144872000.0,97839288802.14272
phi2_conv300,8658,81144872000.0,97844696289.14272
phi2_conv300,8659,81144872000.0,97850289632.14272
phi2_conv300,8660,81144872000.0,97855770335.14272
phi2_conv300,8661,81144872000.0,97861251038.14272
phi2_conv300,8662,81144872000.0,97866684637.14272
phi2_conv300,8663,81628783000.0,97953706407.457
phi2_conv300,8664,81628783000.0,98042499793.77129
phi2_conv300,8665,81628783000.0,98101774848.62843
phi2_conv300,8666,81628783000.0,98107534170.62843
phi2_conv300,8667,81628783000.0,98113473204.62843
phi2_conv300,8668,81628783000.0,98119412238.62843
phi2_conv300,8669,81628783000.0,98125285736.62843
phi2_conv300,8670,81628783000.0,98130998978.62843
phi2_conv300,8671,81628783000.0,98136855580.62843
phi2_conv300,8672,81628783000.0,98142712182.62843
phi2_conv300,8673,81628783000.0,98148568784.62843
phi2_conv300,8674,81628783000.0,98154425386.62843
phi2_conv300,8675,81628783000.0,98160185220.62843
phi2_conv300,8676,81628783000.0,98165935838.62843
phi2_conv300,8677,81628783000.0,98171686456.62843
phi2_conv300,8678,81628783000.0,98177356178.62843
phi2_conv300,8679,81628783000.0,98183025900.62843
phi2_conv300,8680,81628783000.0,98188695622.62843
phi2_conv300,8681,81628783000.0,98194469189.62843
phi2_conv300,8682,81628783000.0,98200171076.62843
phi2_conv300,8683,81628783000.0,98205965123.62843
phi2_conv300,8684,81628783000.0,98211759170.62843
phi2_conv300,8685,81628783000.0,98217127654.62843
phi2_conv300,8686,81628783000.0,98222389358.62843
phi2_conv300,8687,81628783000.0,98227894774.62843
phi2_conv300,8688,81628783000.0,98233400190.62843
phi2_conv300,8689,81628783000.0,98238777515.62843
phi2_conv300,8690,81628783000.0,98244154840.62843
phi2_conv300,8691,81628783000.0,98249189637.62843
phi2_conv300,8692,81628783000.0,98254399538.62843
phi2_conv300,8693,81628783000.0,98259609439.62843
phi2_conv300,8694,81628783000.0,98264671372.62843
phi2_conv300,8695,81628783000.0,98269733305.62843
phi2_conv300,8696,81628783000.0,98274795238.62843
phi2_conv300,8697,81628783000.0,98279857171.62843
phi2_conv300,8698,81628783000.0,98284992320.62843
phi2_conv300,8699,81628783000.0,98290127469.62843
phi2_conv300,8700,81628783000.0,98295262618.62843
phi2_conv300,8701,81628783000.0,98300349127.62843
phi2_conv300,8702,81628783000.0,98305435636.62843
phi2_conv300,8703,81628783000.0,98310544673.62843
phi2_conv300,8704,81628783000.0,98315653710.62843
phi2_conv300,8705,81628783000.0,98320762747.62843
phi2_conv300,8706,81628783000.0,98325871784.62843
phi2_conv300,8707,81628783000.0,98330840533.62843
phi2_conv300,8708,81628783000.0,98335995650.62843
phi2_conv300,8709,82066092000.0,98421958453.94272
phi2_conv300,8710,82066092000.0,98510902505.257
phi2_conv300,8711,82109910000.0,98597422554.57129
phi2_conv300,8712,82109910000.0,98682385444.68558
phi2_conv300,8713,82109910000.0,98687741640.68558
phi2_conv300,8714,82109910000.0,98693132652.68558
phi2_conv300,8715,82109910000.0,98698523664.68558
phi2_conv300,8716,82109910000.0,98703914676.68558
phi2_conv300,8717,82109910000.0,98709161304.68558
phi2_conv300,8718,82109910000.0,98714407932.68558
phi2_conv300,8719,82109910000.0,98719712928.68558
phi2_conv300,8720,82109910000.0,98725017924.68558
phi2_conv300,8721,82109910000.0,98730397160.68558
phi2_conv300,8722,82109910000.0,98735776396.68558
phi2_conv300,8723,82109910000.0,98741328176.68558
phi2_conv300,8724,82109910000.0,98746765268.68558
phi2_conv300,8725,82109910000.0,98752202360.68558
phi2_conv300,8726,82109910000.0,98757546268.68558
phi2_conv300,8727,82109910000.0,98762890176.68558
phi2_conv300,8728,82109910000.0,98768563300.68558
phi2_conv300,8729,82109910000.0,98774236424.68558
phi2_conv300,8730,82109910000.0,98779657644.68558
phi2_conv300,8731,82109910000.0,98785078864.68558
phi2_conv300,8732,82109910000.0,98790500084.68558
phi2_conv300,8733,82109910000.0,98796096920.68558
phi2_conv300,8734,82109910000.0,98801693756.68558
phi2_conv300,8735,82109910000.0,98807110880.68558
phi2_conv300,8736,82109910000.0,98812528004.68558
phi2_conv300,8737,82109910000.0,98817956392.68558
phi2_conv300,8738,82109910000.0,98823384780.68558
phi2_conv300,8739,82109910000.0,98828911984.68558
phi2_conv300,8740,82109910000.0,98834463252.68558
phi2_conv300,8741,82109910000.0,98840014520.68558
phi2_conv300,8742,82109910000.0,98845568860.68558
phi2_conv300,8743,82413633000.0,98932164554.99986
phi2_conv300,8744,82413633000.0,99021008985.31415
phi2_conv300,8745,82413633000.0,99046405912.31415
phi2_conv300,8746,82413633000.0,99052051991.31415
phi2_conv300,8747,82413633000.0,99057698070.31415
phi2_conv300,8748,82413633000.0,99063344149.31415
phi2_conv300,8749,82497749000.0,99149868287.62843
phi2_conv300,8750,82497749000.0,99239161449.94272
phi2_conv300,8751,82497749000.0,99260493059.94272
phi2_conv300,8752,82497749000.0,99266310237.94272
phi2_conv300,8753,82497749000.0,99272107447.94272
phi2_conv300,8754,82497749000.0,99277904657.94272
phi2_conv300,8755,82497749000.0,99283684971.94272
phi2_conv300,8756,82497749000.0,99289828293.94272
phi2_conv300,8757,82497749000.0,99295971615.94272
phi2_conv300,8758,82497749000.0,99301928569.94272
phi2_conv300,8759,82497749000.0,99307885523.94272
phi2_conv300,8760,82497749000.0,99313855277.94272
phi2_conv300,8761,82497749000.0,99319825031.94272
phi2_conv300,8762,82497749000.0,99325877217.94272
phi2_conv300,8763,82497749000.0,99331929403.94272
phi2_conv300,8764,82497749000.0,99337981589.94272
phi2_conv300,8765,82497749000.0,99343963119.94272
phi2_conv300,8766,82497749000.0,99349944649.94272
phi2_conv300,8767,82497749000.0,99355824291.94272
phi2_conv300,8768,82497749000.0,99361703933.94272
phi2_conv300,8769,82497749000.0,99367778647.94272
phi2_conv300,8770,82497749000.0,99373853361.94272
phi2_conv300,8771,82497749000.0,99379922955.94272
phi2_conv300,8772,82497749000.0,99385899877.94272
phi2_conv300,8773,82497749000.0,99391876799.94272
phi2_conv300,8774,82497749000.0,99398004761.94272
phi2_conv300,8775,82497749000.0,99404132723.94272
phi2_conv300,8776,82497749000.0,99409985229.94272
phi2_conv300,8777,82497749000.0,99415837735.94272
phi2_conv300,8778,82497749000.0,99421691265.94272
phi2_conv300,8779,82497749000.0,99427544795.94272
phi2_conv300,8780,82497749000.0,99433398325.94272
phi2_conv300,8781,82497749000.0,99439469455.94272
phi2_conv300,8782,82497749000.0,99445540585.94272
phi2_conv300,8783,82497749000.0,99451403331.94272
phi2_conv300,8784,82497749000.0,99457266077.94272
phi2_conv300,8785,82497749000.0,99463455991.94272
phi2_conv300,8786,82497749000.0,99469645905.94272
phi2_conv300,8787,82497749000.0,99475713963.94272
phi2_conv300,8788,82497749000.0,99481790725.94272
phi2_conv300,8789,82497749000.0,99487867487.94272
phi2_conv300,8790,82497749000.0,99494020025.94272
phi2_conv300,8791,82497749000.0,99500172563.94272
phi2_conv300,8792,82919064000.0,99587464360.257
phi2_conv300,8793,82919064000.0,99676726300.57129
phi2_conv300,8794,82919064000.0,99696208414.57129
phi2_conv300,8795,82919064000.0,99702406624.57129
phi2_conv300,8796,82919064000.0,99708604834.57129
phi2_conv300,8797,82919064000.0,99714862436.57129
phi2_conv300,8798,82919064000.0,99721120038.57129
phi2_conv300,8799,82919064000.0,99727272168.57129
phi2_conv300,8800,82919064000.0,99733424298.57129
phi2_conv300,8801,82919064000.0,99739604076.57129
phi2_conv300,8802,82919064000.0,99745783854.57129
phi2_conv300,8803,82919064000.0,99752317936.57129
phi2_conv300,8804,82919064000.0,99758452658.57129
phi2_conv300,8805,82919064000.0,99764587380.57129
phi2_conv300,8806,82919064000.0,99770775350.57129
phi2_conv300,8807,82919064000.0,99776963320.57129
phi2_conv300,8808,82919064000.0,99783136442.57129
phi2_conv300,8809,82919064000.0,99789309564.57129
phi2_conv300,8810,82919064000.0,99795657278.57129
phi2_conv300,8811,82919064000.0,99802004992.57129
phi2_conv300,8812,82919064000.0,99808352706.57129
phi2_conv300,8813,82919064000.0,99814836612.57129
phi2_conv300,8814,82919064000.0,99821320518.57129
phi2_conv300,8815,82919064000.0,99827818760.57129
phi2_conv300,8816,82919064000.0,99834317002.57129
phi2_conv300,8817,82919064000.0,99840432780.57129
phi2_conv300,8818,82919064000.0,99846548558.57129
phi2_conv300,8819,82919064000.0,99852786704.57129
phi2_conv300,8820,82919064000.0,99858849234.57129
phi2_conv300,8821,82919064000.0,99864911764.57129
phi2_conv300,8822,82919064000.0,99871120726.57129
phi2_conv300,8823,82919064000.0,99877329688.57129
phi2_conv300,8824,82919064000.0,99883497178.57129
phi2_conv300,8825,82919064000.0,99889664668.57129
phi2_conv300,8826,82919064000.0,99896060510.57129
phi2_conv300,8827,82919064000.0,99902456352.57129
phi2_conv300,8828,82919064000.0,99908852194.57129
phi2_conv300,8829,82919064000.0,99915306916.57129
phi2_conv300,8830,82919064000.0,99921761638.57129
phi2_conv300,8831,82919064000.0,99928004392.57129
phi2_conv300,8832,82919064000.0,99934247146.57129
phi2_conv300,8833,82919064000.0,99940513452.57129
phi2_conv300,8834,82919064000.0,99946549766.57129
phi2_conv300,8835,82919064000.0,99952733024.57129
phi2_conv300,8836,82919064000.0,99958714554.57129
phi2_conv300,8837,82919064000.0,99964696084.57129
phi2_conv300,8838,82919064000.0,99970906478.57129
phi2_conv300,8839,82919064000.0,99977116872.57129
phi2_conv300,8840,82919064000.0,99983206946.57129
phi2_conv300,8841,82919064000.0,99989297020.57129
phi2_conv300,8842,82919064000.0,99995298006.57129
phi2_conv300,8843,82919064000.0,100001298992.57129
phi2_conv300,8844,82919064000.0,100007299978.57129
phi2_conv300,8845,82919064000.0,100013460196.57129
phi2_conv300,8846,82919064000.0,100019620414.57129
phi2_conv300,8847,82919064000.0,100025580440.57129
phi2_conv300,8848,82919064000.0,100031540466.57129
phi2_conv300,8849,82919064000.0,100037483084.57129
phi2_conv300,8850,82919064000.0,100043425702.57129
phi2_conv300,8851,82919064000.0,100049170597.57129
phi2_conv300,8852,82919064000.0,100055013796.57129
phi2_conv300,8853,82919064000.0,100060856995.57129
phi2_conv300,8854,82919064000.0,100066597282.57129
phi2_conv300,8855,82919064000.0,100072337569.57129
phi2_conv300,8856,82919064000.0,100078084512.57129
phi2_conv300,8857,82919064000.0,100083831455.57129
phi2_conv300,8858,82919064000.0,100089609630.57129
phi2_conv300,8859,82919064000.0,100095387805.57129
phi2_conv300,8860,82919064000.0,100101165980.57129
phi2_conv300,8861,82919064000.0,100107072667.57129
phi2_conv300,8862,82919064000.0,100112979354.57129
phi2_conv300,8863,82919064000.0,100118886041.57129
phi2_conv300,8864,82919064000.0,100124792728.57129
phi2_conv300,8865,82919064000.0,100130492567.57129
phi2_conv300,8866,82919064000.0,100136192406.57129
phi2_conv300,8867,82919064000.0,100142269589.57129
phi2_conv300,8868,82919064000.0,100147979668.57129
phi2_conv300,8869,82919064000.0,100153689747.57129
phi2_conv300,8870,82919064000.0,100159526802.57129
phi2_conv300,8871,82919064000.0,100165363857.57129
phi2_conv300,8872,82919064000.0,100171167120.57129
phi2_conv300,8873,82919064000.0,100176970383.57129
phi2_conv300,8874,83735745000.0,100263921497.88557
phi2_conv300,8875,83735745000.0,100353057988.19986
phi2_conv300,8876,83735745000.0,100370498782.19986
phi2_conv300,8877,83735745000.0,100376578616.19986
phi2_conv300,8878,83797671000.0,100463669068.51414
phi2_conv300,8879,83797671000.0,100552799936.82843
phi2_conv300,8880,83797671000.0,100584019111.14272
phi2_conv300,8881,83797671000.0,100590237289.14272
phi2_conv300,8882,83797671000.0,100596455467.14272
phi2_conv300,8883,83797671000.0,100602901997.14272
phi2_conv300,8884,83797671000.0,100609102767.14272
phi2_conv300,8885,83797671000.0,100615637361.14272
phi2_conv300,8886,83797671000.0,100621850419.14272
phi2_conv300,8887,83797671000.0,100628063477.14272
phi2_conv300,8888,83797671000.0,100634237111.14272
phi2_conv300,8889,83797671000.0,100640410745.14272
phi2_conv300,8890,83797671000.0,100646668347.14272
phi2_conv300,8891,83797671000.0,100652785661.14272
phi2_conv300,8892,83797671000.0,100658902975.14272
phi2_conv300,8893,83797671000.0,100665082241.14272
phi2_conv300,8894,83797671000.0,100671261507.14272
phi2_conv300,8895,83797671000.0,100677440773.14272
phi2_conv300,8896,83797671000.0,100683493983.14272
phi2_conv300,8897,83797671000.0,100689599417.14272
phi2_conv300,8898,84029102000.0,100729235199.057
phi2_conv300,8899,84029102000.0,100735510209.057
phi2_conv300,8900,84029102000.0,100741443715.057
phi2_conv300,8901,84029102000.0,100747944005.057
phi2_conv300,8902,84029102000.0,100754209799.057
phi2_conv300,8903,84029102000.0,100760475593.057
phi2_conv300,8904,84029102000.0,100766557067.057
phi2_conv300,8905,84029102000.0,100772638541.057
phi2_conv300,8906,84029102000.0,100778999055.057
phi2_conv300,8907,84029102000.0,100785149649.057
phi2_conv300,8908,84029102000.0,100791300243.057
phi2_conv300,8909,84029102000.0,100797407829.057
phi2_conv300,8910,84029102000.0,100803649047.057
phi2_conv300,8911,84029102000.0,100809890265.057
phi2_conv300,8912,84029102000.0,100816131483.057
phi2_conv300,8913,84029102000.0,100822334301.057
phi2_conv300,8914,84029102000.0,100828537119.057
phi2_conv300,8915,84029102000.0,100834657505.057
phi2_conv300,8916,84029102000.0,100840797347.057
phi2_conv300,8917,84029102000.0,100847146085.057
phi2_conv300,8918,84029102000.0,100853404199.057
phi2_conv300,8919,84029102000.0,100859662313.057
phi2_conv300,8920,84029102000.0,100865708459.057
phi2_conv300,8921,84029102000.0,100871754605.057
phi2_conv300,8922,84029102000.0,100877933871.057
phi2_conv300,8923,84029102000.0,100884221169.057
phi2_conv300,8924,84029102000.0,100890508467.057
phi2_conv300,8925,84029102000.0,100896790645.057
phi2_conv300,8926,84029102000.0,100903114295.057
phi2_conv300,8927,84029102000.0,100909437945.057
phi2_conv300,8928,84029102000.0,100915761595.057
phi2_conv300,8929,84029102000.0,100921875325.057
phi2_conv300,8930,84029102000.0,100927989055.057
phi2_conv300,8931,84029102000.0,100934158593.057
phi2_conv300,8932,84029102000.0,100940257475.057
phi2_conv300,8933,84029102000.0,100946508933.057
phi2_conv300,8934,84029102000.0,100952774727.057
phi2_conv300,8935,84029102000.0,100959040521.057
phi2_conv300,8936,84029102000.0,100965133259.057
phi2_conv300,8937,84029102000.0,100971225997.057
phi2_conv300,8938,84029102000.0,100977356623.057
phi2_conv300,8939,84029102000.0,100983439529.057
phi2_conv300,8940,84029102000.0,100989522435.057
phi2_conv300,8941,84029102000.0,100995605341.057
phi2_conv300,8942,84029102000.0,101001572023.057
phi2_conv300,8943,84029102000.0,101007538705.057
phi2_conv300,8944,84029102000.0,101013505387.057
phi2_conv300,8945,84029102000.0,101019495109.057
phi2_conv300,8946,84029102000.0,101025484831.057
phi2_conv300,8947,84029102000.0,101031379321.057
phi2_conv300,8948,84029102000.0,101037368531.057
phi2_conv300,8949,84029102000.0,101043315757.057
phi2_conv300,8950,84029102000.0,101049334151.057
phi2_conv300,8951,84029102000.0,101055352545.057
phi2_conv300,8952,84029102000.0,101061282875.057
phi2_conv300,8953,84029102000.0,101067213205.057
phi2_conv300,8954,84029102000.0,101073214191.057
phi2_conv300,8955,84029102000.0,101079036489.057
phi2_conv300,8956,84029102000.0,101084858787.057
phi2_conv300,8957,84029102000.0,101090681085.057
phi2_conv300,8958,84029102000.0,101096995927.057
phi2_conv300,8959,84029102000.0,101103310769.057
phi2_conv300,8960,84029102000.0,101108992176.057
phi2_conv300,8961,84029102000.0,101114825647.057
phi2_conv300,8962,84029102000.0,101120659118.057
phi2_conv300,8963,84029102000.0,101126375341.057
phi2_conv300,8964,84029102000.0,101132159148.057
phi2_conv300,8965,84029102000.0,101138084267.057
phi2_conv300,8966,84029102000.0,101143818922.057
phi2_conv300,8967,84029102000.0,101149553577.057
phi2_conv300,8968,84029102000.0,101155458216.057
phi2_conv300,8969,84029102000.0,101161362855.057
phi2_conv300,8970,84029102000.0,101167199910.057
phi2_conv300,8971,84029102000.0,101172871077.057
phi2_conv300,8972,84029102000.0,101178542244.057
phi2_conv300,8973,84029102000.0,101184213411.057
phi2_conv300,8974,84029102000.0,101190204066.057
phi2_conv300,8975,84029102000.0,101196194721.057
phi2_conv300,8976,84029102000.0,101202185376.057
phi2_conv300,8977,84029102000.0,101208272287.057
phi2_conv300,8978,84029102000.0,101214359198.057
phi2_conv300,8979,84029102000.0,101220145053.057
phi2_conv300,8980,84029102000.0,101225840284.057
phi2_conv300,8981,84029102000.0,101231698331.057
phi2_conv300,8982,84029102000.0,101237233215.057
phi2_conv300,8983,84029102000.0,101242768099.057
phi2_conv300,8984,84029102000.0,101248267655.057
phi2_conv300,8985,84029102000.0,101253767211.057
phi2_conv300,8986,84029102000.0,101259205839.057
phi2_conv300,8987,84029102000.0,101264878451.057
phi2_conv300,8988,84029102000.0,101270551063.057
phi2_conv300,8989,84029102000.0,101276223675.057
phi2_conv300,8990,84029102000.0,101281787743.057
phi2_conv300,8991,84029102000.0,101287351811.057
phi2_conv300,8992,84029102000.0,101292915879.057
phi2_conv300,8993,84029102000.0,101298653515.057
phi2_conv300,8994,84029102000.0,101304391151.057
phi2_conv300,8995,84029102000.0,101310142099.057
phi2_conv300,8996,84029102000.0,101315586359.057
phi2_conv300,8997,84029102000.0,101321070555.057
phi2_conv300,8998,84029102000.0,101326589567.057
phi2_conv300,8999,84029102000.0,101332108579.057
phi2_conv300,9000,84029102000.0,101337656775.057
phi2_conv300,9001,84029102000.0,101343204971.057
phi2_conv300,9002,84029102000.0,101348654351.057
phi2_conv300,9003,84029102000.0,101354186163.057
phi2_conv300,9004,84029102000.0,101359717975.057
phi2_conv300,9005,84029102000.0,101365249787.057
phi2_conv300,9006,84029102000.0,101371109791.057
phi2_conv300,9007,84029102000.0,101376969795.057
phi2_conv300,9008,84029102000.0,101382829799.057
phi2_conv300,9009,84029102000.0,101388558731.057
phi2_conv300,9010,84029102000.0,101394287663.057
phi2_conv300,9011,84029102000.0,101399912659.057
phi2_conv300,9012,84029102000.0,101405535095.057
phi2_conv300,9013,84029102000.0,101411223067.057
phi2_conv300,9014,84029102000.0,101416766883.057
phi2_conv300,9015,84029102000.0,101422310699.057
phi2_conv300,9016,84029102000.0,101427620019.057
phi2_conv300,9017,84029102000.0,101432929339.057
phi2_conv300,9018,84029102000.0,101438170051.057
phi2_conv300,9019,84029102000.0,101443786059.057
phi2_conv300,9020,84029102000.0,101449402067.057
phi2_conv300,9021,84029102000.0,101455018075.057
phi2_conv300,9022,84029102000.0,101460307939.057
phi2_conv300,9023,84029102000.0,101465597803.057
phi2_conv300,9024,84029102000.0,101470887667.057
phi2_conv300,9025,84029102000.0,101476177019.057
phi2_conv300,9026,84029102000.0,101481466371.057
phi2_conv300,9027,84029102000.0,101486905227.057
phi2_conv300,9028,84029102000.0,101492344083.057
phi2_conv300,9029,84029102000.0,101497610907.057
phi2_conv300,9030,84029102000.0,101503035939.057
phi2_conv300,9031,84029102000.0,101508262224.057
phi2_conv300,9032,84029102000.0,101513386109.057
phi2_conv300,9033,84029102000.0,101518509994.057
phi2_conv300,9034,84029102000.0,101523492567.057
phi2_conv300,9035,84029102000.0,101528660996.057
phi2_conv300,9036,84029102000.0,101533829425.057
phi2_conv300,9037,84029102000.0,101538997854.057
phi2_conv300,9038,84029102000.0,101543869835.057
phi2_conv300,9039,84029102000.0,101548741816.057
phi2_conv300,9040,84029102000.0,101553613797.057
phi2_conv300,9041,84029102000.0,101558640402.057
phi2_conv300,9042,84029102000.0,101563667007.057
phi2_conv300,9043,84029102000.0,101568796524.057
phi2_conv300,9044,84029102000.0,101573926041.057
phi2_conv300,9045,84029102000.0,101578955206.057
phi2_conv300,9046,84029102000.0,101584044787.057
phi2_conv300,9047,84029102000.0,101589134368.057
phi2_conv300,9048,84029102000.0,101594075469.057
phi2_conv300,9049,84029102000.0,101599016570.057
phi2_conv300,9050,84029102000.0,101604330407.057
phi2_conv300,9051,84029102000.0,101609361108.057
phi2_conv300,9052,84029102000.0,101614391809.057
phi2_conv300,9053,84029102000.0,101619422510.057
phi2_conv300,9054,84029102000.0,101624608859.057
phi2_conv300,9055,84029102000.0,101629795208.057
phi2_conv300,9056,84029102000.0,101634981557.057
phi2_conv300,9057,84029102000.0,101640119266.057
phi2_conv300,9058,84029102000.0,101645256975.057
phi2_conv300,9059,84029102000.0,101650372156.057
phi2_conv300,9060,84029102000.0,101655487337.057
phi2_conv300,9061,84029102000.0,101660625046.057
phi2_conv300,9062,84029102000.0,101665687491.057
phi2_conv300,9063,84029102000.0,101670749936.057
phi2_conv300,9064,84029102000.0,101675918365.057
phi2_conv300,9065,84029102000.0,101681086794.057
phi2_conv300,9066,84029102000.0,101686282359.057
phi2_conv300,9067,84029102000.0,101691449764.057
phi2_conv300,9068,84029102000.0,101696617169.057
phi2_conv300,9069,84029102000.0,101701784574.057
phi2_conv300,9070,84029102000.0,101706892587.057
phi2_conv300,9071,84029102000.0,101712000600.057
phi2_conv300,9072,84029102000.0,101717108613.057
phi2_conv300,9073,84029102000.0,101722222770.057
phi2_conv300,9074,84029102000.0,101727336927.057
phi2_conv300,9075,84029102000.0,101732733196.057
phi2_conv300,9076,84029102000.0,101738129465.057
phi2_conv300,9077,84029102000.0,101743199590.057
phi2_conv300,9078,84029102000.0,101748583571.057
phi2_conv300,9079,84029102000.0,101753967552.057
phi2_conv300,9080,84029102000.0,101759195373.057
phi2_conv300,9081,83797671000.0,101764115391.057
phi2_conv300,9082,83797671000.0,101769356945.057
phi2_conv300,9083,83797671000.0,101774576995.057
phi2_conv300,9084,83797671000.0,101779797045.057
phi2_conv300,9085,83797671000.0,101785017095.057
phi2_conv300,9086,83797671000.0,101790237145.057
phi2_conv300,9087,83797671000.0,101794985644.057
phi2_conv300,9088,83797671000.0,101799734143.057
phi2_conv300,9089,83797671000.0,101804482642.057
phi2_conv300,9090,83797671000.0,101809231141.057
phi2_conv300,9091,83797671000.0,101814096376.057
phi2_conv300,9092,83797671000.0,101818961611.057
phi2_conv300,9093,83797671000.0,101823724446.057
phi2_conv300,9094,83797671000.0,101828558961.057
phi2_conv300,9095,83797671000.0,101833393476.057
phi2_conv300,9096,83797671000.0,101838235159.057
phi2_conv300,9097,83797671000.0,101843076842.057
phi2_conv300,9098,83797671000.0,101847871421.057
phi2_conv300,9099,83797671000.0,101852728464.057
phi2_conv300,9100,83797671000.0,101857585507.057
phi2_conv300,9101,83797671000.0,101862442550.057
phi2_conv300,9102,83797671000.0,101867299593.057
phi2_conv300,9103,83797671000.0,101872156636.057
phi2_conv300,9104,83797671000.0,101876820076.057
phi2_conv300,9105,83797671000.0,101881483516.057
phi2_conv300,9106,83797671000.0,101886146956.057
phi2_conv300,9107,83797671000.0,101890775068.057
phi2_conv300,9108,83797671000.0,101895403180.057
phi2_conv300,9109,83797671000.0,101899891516.057
phi2_conv300,9110,83797671000.0,101904367052.057
phi2_conv300,9111,83797671000.0,101908842588.057
phi2_conv300,9112,83797671000.0,101913236716.057
phi2_conv300,9113,83797671000.0,101917630844.057
phi2_conv300,9114,83797671000.0,101922024972.057
phi2_conv300,9115,83797671000.0,101926460572.057
phi2_conv300,9116,83797671000.0,101930896172.057
phi2_conv300,9117,83797671000.0,101935331772.057
phi2_conv300,9118,83797671000.0,101939767372.057
phi2_conv300,9119,83797671000.0,101944202972.057
phi2_conv300,9120,83797671000.0,101948638572.057
phi2_conv300,9121,83797671000.0,101953074172.057
phi2_conv300,9122,83797671000.0,101957509772.057
phi2_conv300,9123,83797671000.0,101962165020.057
phi2_conv300,9124,83797671000.0,101966820268.057
phi2_conv300,9125,83797671000.0,101971249724.057
phi2_conv300,9126,83797671000.0,101975768268.057
phi2_conv300,9127,83797671000.0,101980286812.057
phi2_conv300,9128,83797671000.0,101984923116.057
phi2_conv300,9129,83797671000.0,101989559420.057
phi2_conv300,9130,83797671000.0,101994111738.057
phi2_conv300,9131,83797671000.0,101998251896.057
phi2_conv300,9132,83797671000.0,102002392054.057
phi2_conv300,9133,83797671000.0,102006532212.057
phi2_conv300,9134,83797671000.0,102010672370.057
phi2_conv300,9135,83797671000.0,102014812528.057
phi2_conv300,9136,83797671000.0,102018952686.057
phi2_conv300,9137,83797671000.0,102023092844.057
phi2_conv300,9138,83797671000.0,102027233002.057
phi2_conv300,9139,83797671000.0,102031548264.057
phi2_conv300,9140,83797671000.0,102035863526.057
phi2_conv300,9141,83797671000.0,102039991890.057
phi2_conv300,9142,83797671000.0,102044120254.057
phi2_conv300,9143,83797671000.0,102048248618.057
phi2_conv300,9144,83797671000.0,102052206486.057
phi2_conv300,9145,83797671000.0,102056164354.057
phi2_conv300,9146,83797671000.0,102060122222.057
phi2_conv300,9147,83797671000.0,102064064218.057
phi2_conv300,9148,83797671000.0,102068006214.057
phi2_conv300,9149,83797671000.0,102071948210.057
phi2_conv300,9150,83797671000.0,102075890206.057
phi2_conv300,9151,83797671000.0,102079832202.057
phi2_conv300,9152,83797671000.0,102083774198.057
phi2_conv300,9153,83797671000.0,102087716194.057
phi2_conv300,9154,83797671000.0,102091658190.057
phi2_conv300,9155,83797671000.0,102095616058.057
phi2_conv300,9156,83797671000.0,102099573926.057
phi2_conv300,9157,83797671000.0,102103556370.057
phi2_conv300,9158,83797671000.0,102107538814.057
phi2_conv300,9159,83797671000.0,102111521258.057
phi2_conv300,9160,83797671000.0,102115486806.057
phi2_conv300,9161,83797671000.0,102119452354.057
phi2_conv300,9162,83797671000.0,102123417902.057
phi2_conv300,9163,83797671000.0,102127402906.057
phi2_conv300,9164,83797671000.0,102131387910.057
phi2_conv300,9165,83797671000.0,102135372914.057
phi2_conv300,9166,83797671000.0,102139357918.057
phi2_conv300,9167,83797671000.0,102143342922.057
phi2_conv300,9168,83797671000.0,102147327926.057
phi2_conv300,9169,83797671000.0,102151312930.057
phi2_conv300,9170,83797671000.0,102155297934.057
phi2_conv300,9171,83797671000.0,102159162618.057
phi2_conv300,9172,83797671000.0,102163027302.057
phi2_conv300,9173,83797671000.0,102166966738.057
phi2_conv300,9174,83797671000.0,102170906174.057
phi2_conv300,9175,83797671000.0,102174845610.057
phi2_conv300,9176,83797671000.0,102178742038.057
phi2_conv300,9177,83797671000.0,102182638466.057
phi2_conv300,9178,83797671000.0,102186534894.057
phi2_conv300,9179,83797671000.0,102190605402.057
phi2_conv300,9180,83797671000.0,102194675910.057
phi2_conv300,9181,83797671000.0,102198746418.057
phi2_conv300,9182,83797671000.0,102202816926.057
phi2_conv300,9183,83797671000.0,102206887434.057
phi2_conv300,9184,83797671000.0,102210957942.057
phi2_conv300,9185,83797671000.0,102215028450.057
phi2_conv300,9186,83797671000.0,102219098958.057
phi2_conv300,9187,83797671000.0,102223199674.057
phi2_conv300,9188,83797671000.0,102227300390.057
phi2_conv300,9189,83797671000.0,102231328914.057
phi2_conv300,9190,83797671000.0,102235357438.057
phi2_conv300,9191,83797671000.0,102239385962.057
phi2_conv300,9192,83797671000.0,102243476950.057
phi2_conv300,9193,83797671000.0,102247567938.057
phi2_conv300,9194,83797671000.0,102251658926.057
phi2_conv300,9195,83797671000.0,102255749914.057
phi2_conv300,9196,83797671000.0,102259840902.057
phi2_conv300,9197,83797671000.0,102263931890.057
phi2_conv300,9198,83797671000.0,102268022878.057
phi2_conv300,9199,83797671000.0,102272113866.057
phi2_conv300,9200,83797671000.0,102276204854.057
phi2_conv300,9201,83797671000.0,102280295842.057
phi2_conv300,9202,83797671000.0,102284386830.057
phi2_conv300,9203,83797671000.0,102288352890.057
phi2_conv300,9204,83797671000.0,102292318950.057
phi2_conv300,9205,83797671000.0,102296445266.057
phi2_conv300,9206,83797671000.0,102300571582.057
phi2_conv300,9207,83797671000.0,102304697898.057
phi2_conv300,9208,83797671000.0,102308758166.057
phi2_conv300,9209,83797671000.0,102312818434.057
phi2_conv300,9210,83797671000.0,102316878702.057
phi2_conv300,9211,83797671000.0,102320861146.057
phi2_conv300,9212,83797671000.0,102324843590.057
phi2_conv300,9213,83797671000.0,102328781472.057
phi2_conv300,9214,83797671000.0,102332719354.057
phi2_conv300,9215,83797671000.0,102336657236.057
phi2_conv300,9216,83797671000.0,102340595118.057
phi2_conv300,9217,83797671000.0,102344533000.057
phi2_conv300,9218,83797671000.0,102348470882.057
phi2_conv300,9219,83797671000.0,102352408764.057
phi2_conv300,9220,83797671000.0,102356346646.057
phi2_conv300,9221,83797671000.0,102360015216.057
phi2_conv300,9222,83797671000.0,102363683786.057
phi2_conv300,9223,83797671000.0,102367352356.057
phi2_conv300,9224,83797671000.0,102371167870.057
phi2_conv300,9225,83797671000.0,102374983384.057
phi2_conv300,9226,83797671000.0,102378798898.057
phi2_conv300,9227,83797671000.0,102382519692.057
phi2_conv300,9228,83797671000.0,102386240486.057
phi2_conv300,9229,83797671000.0,102389961280.057
phi2_conv300,9230,83797671000.0,102393682074.057
phi2_conv300,9231,83797671000.0,102397143266.057
phi2_conv300,9232,83797671000.0,102400604458.057
phi2_conv300,9233,83797671000.0,102404065650.057
phi2_conv300,9234,83797671000.0,102407526842.057
phi2_conv300,9235,83797671000.0,102410988034.057
phi2_conv300,9236,83797671000.0,102414449226.057
phi2_conv300,9237,83797671000.0,102417910418.057
phi2_conv300,9238,83797671000.0,102421371610.057
phi2_conv300,9239,83797671000.0,102424832802.057
phi2_conv300,9240,83797671000.0,102428293994.057
phi2_conv300,9241,83797671000.0,102431755186.057
phi2_conv300,9242,83797671000.0,102435216378.057
phi2_conv300,9243,83797671000.0,102438636098.057
phi2_conv300,9244,83797671000.0,102442055818.057
phi2_conv300,9245,83797671000.0,102445475538.057
phi2_conv300,9246,83797671000.0,102448895258.057
phi2_conv300,9247,83797671000.0,102452314978.057
phi2_conv300,9248,83797671000.0,102455734698.057
phi2_conv300,9249,83797671000.0,102459154418.057
phi2_conv300,9250,83797671000.0,102462574138.057
phi2_conv300,9251,83797671000.0,102465993858.057
phi2_conv300,9252,83797671000.0,102469413578.057
phi2_conv300,9253,83797671000.0,102472844050.057
phi2_conv300,9254,83797671000.0,102476274522.057
phi2_conv300,9255,83797671000.0,102479704994.057
phi2_conv300,9256,83797671000.0,102483135466.057
phi2_conv300,9257,83797671000.0,102486565938.057
phi2_conv300,9258,83797671000.0,102489996410.057
phi2_conv300,9259,83797671000.0,102493383874.057
phi2_conv300,9260,83797671000.0,102496771338.057
phi2_conv300,9261,83797671000.0,102500158802.057
phi2_conv300,9262,83797671000.0,102503546266.057
phi2_conv300,9263,83797671000.0,102506933730.057
phi2_conv300,9264,83797671000.0,102510321194.057
phi2_conv300,9265,83797671000.0,102513708658.057
phi2_conv300,9266,83797671000.0,102517096122.057
phi2_conv300,9267,83797671000.0,102520483586.057
phi2_conv300,9268,83797671000.0,102523871050.057
phi2_conv300,9269,83797671000.0,102527261074.057
phi2_conv300,9270,83797671000.0,102530651098.057
phi2_conv300,9271,83797671000.0,102534041122.057
phi2_conv300,9272,83797671000.0,102537431146.057
phi2_conv300,9273,83797671000.0,102540821170.057
phi2_conv300,9274,83797671000.0,102544211194.057
phi2_conv300,9275,83797671000.0,102547625794.057
phi2_conv300,9276,83797671000.0,102551040394.057
phi2_conv300,9277,83797671000.0,102554454994.057
phi2_conv300,9278,83797671000.0,102557869594.057
phi2_conv300,9279,83797671000.0,102561284194.057
phi2_conv300,9280,83797671000.0,102564698794.057
phi2_conv300,9281,83797671000.0,102568113394.057
phi2_conv300,9282,83797671000.0,102571527994.057
phi2_conv300,9283,83797671000.0,102574942594.057
phi2_conv300,9284,83797671000.0,102578357194.057
phi2_conv300,9285,83797671000.0,102581771794.057
phi2_conv300,9286,83797671000.0,102585186394.057
phi2_conv300,9287,83797671000.0,102588600994.057
phi2_conv300,9288,83797671000.0,102592015594.057
phi2_conv300,9289,83797671000.0,102595430194.057
phi2_conv300,9290,83797671000.0,102598844794.057
phi2_conv300,9291,83797671000.0,102602268098.057
phi2_conv300,9292,83797671000.0,102605691402.057
phi2_conv300,9293,83735745000.0,102608800526.057
phi2_conv300,9294,83735745000.0,102611909650.057
phi2_conv300,9295,83735745000.0,102615018774.057
