model,batch_id,release_ns,finish_ns
llama3-8b_conv300,0,0.0,310323775.0
llama3-8b_conv300,1,0.0,863051279.0
llama3-8b_conv300,2,0.0,1415778783.0
llama3-8b_conv300,3,0.0,1968506287.0
llama3-8b_conv300,4,0.0,2521233791.0
llama3-8b_conv300,5,0.0,3073961295.0
llama3-8b_conv300,6,0.0,3626688799.0
llama3-8b_conv300,7,0.0,4179416303.0
llama3-8b_conv300,8,0.0,4732143807.0
llama3-8b_conv300,9,0.0,5284871311.0
llama3-8b_conv300,10,0.0,5837631071.0
llama3-8b_conv300,11,0.0,6390390831.0
llama3-8b_conv300,12,0.0,6943150591.0
llama3-8b_conv300,13,0.0,7495910351.0
llama3-8b_conv300,14,0.0,8048670111.0
llama3-8b_conv300,15,0.0,8601429871.0
llama3-8b_conv300,16,0.0,9154189631.0
llama3-8b_conv300,17,0.0,9706949391.0
llama3-8b_conv300,18,0.0,10259709151.0
llama3-8b_conv300,19,0.0,10812468911.0
llama3-8b_conv300,20,0.0,11365228671.0
llama3-8b_conv300,21,0.0,11917988431.0
llama3-8b_conv300,22,0.0,12470748191.0
llama3-8b_conv300,23,0.0,13023507951.0
llama3-8b_conv300,24,0.0,13576267711.0
llama3-8b_conv300,25,0.0,14129027471.0
llama3-8b_conv300,26,0.0,14681787231.0
llama3-8b_conv300,27,0.0,15234546991.0
llama3-8b_conv300,28,0.0,15787306751.0
llama3-8b_conv300,29,0.0,16340066511.0
llama3-8b_conv300,30,0.0,16892826271.0
llama3-8b_conv300,31,0.0,17445586031.0
llama3-8b_conv300,32,0.0,17998345791.0
llama3-8b_conv300,33,0.0,18551105551.0
llama3-8b_conv300,34,0.0,19103865311.0
llama3-8b_conv300,35,0.0,19656625071.0
llama3-8b_conv300,36,0.0,20209384831.0
llama3-8b_conv300,37,0.0,20762144591.0
llama3-8b_conv300,38,0.0,21314904351.0
llama3-8b_conv300,39,0.0,21867664111.0
llama3-8b_conv300,40,0.0,22420423871.0
llama3-8b_conv300,41,0.0,22973183631.0
llama3-8b_conv300,42,0.0,23525943391.0
llama3-8b_conv300,43,0.0,24078703151.0
llama3-8b_conv300,44,4314579000.0,28404554863.0
llama3-8b_conv300,45,4314579000.0,28957314623.0
llama3-8b_conv300,46,4314579000.0,29510074383.0
llama3-8b_conv300,47,4314579000.0,30062834143.0
llama3-8b_conv300,48,4314579000.0,30615593903.0
llama3-8b_conv300,49,4314579000.0,31168353663.0
llama3-8b_conv300,50,4314579000.0,31721113423.0
llama3-8b_conv300,51,4314579000.0,32273873183.0
llama3-8b_conv300,52,4314579000.0,32826632943.0
llama3-8b_conv300,53,4314579000.0,33379392703.0
llama3-8b_conv300,54,4314579000.0,33932152463.0
llama3-8b_conv300,55,4314579000.0,34484912223.0
llama3-8b_conv300,56,4314579000.0,35037671983.0
llama3-8b_conv300,57,4314579000.0,35590431743.0
llama3-8b_conv300,58,4314579000.0,36143191503.0
llama3-8b_conv300,59,4314579000.0,36695951263.0
llama3-8b_conv300,60,4314579000.0,37248711023.0
llama3-8b_conv300,61,4314579000.0,37801470783.0
llama3-8b_conv300,62,4314579000.0,38354230543.0
llama3-8b_conv300,63,4541877000.0,38735904683.0
llama3-8b_conv300,64,4541877000.0,39139036129.0
llama3-8b_conv300,65,4541877000.0,39692744881.0
llama3-8b_conv300,66,4541877000.0,40246453633.0
llama3-8b_conv300,67,4541877000.0,40800162385.0
llama3-8b_conv300,68,4541877000.0,41353871137.0
llama3-8b_conv300,69,4541877000.0,41907579889.0
llama3-8b_conv300,70,4541877000.0,42461288641.0
llama3-8b_conv300,71,4541877000.0,43014997393.0
llama3-8b_conv300,72,4541877000.0,43568706145.0
llama3-8b_conv300,73,4541877000.0,44122414897.0
llama3-8b_conv300,74,4710427000.0,45185549678.0
llama3-8b_conv300,75,4710427000.0,45739725630.0
llama3-8b_conv300,76,4710427000.0,46293901582.0
llama3-8b_conv300,77,4710427000.0,46848077534.0
llama3-8b_conv300,78,4710427000.0,47402253486.0
llama3-8b_conv300,79,4710427000.0,47956429438.0
llama3-8b_conv300,80,4710427000.0,48510605390.0
llama3-8b_conv300,81,4710427000.0,49064813598.0
llama3-8b_conv300,82,4710427000.0,49619021806.0
llama3-8b_conv300,83,4710427000.0,50173230014.0
llama3-8b_conv300,84,4710427000.0,50727438222.0
llama3-8b_conv300,85,4710427000.0,51281646430.0
llama3-8b_conv300,86,4710427000.0,51835854638.0
llama3-8b_conv300,87,4710427000.0,52390062846.0
llama3-8b_conv300,88,4710427000.0,52944271054.0
llama3-8b_conv300,89,4710427000.0,53498479262.0
llama3-8b_conv300,90,4541877000.0,54052220270.0
llama3-8b_conv300,91,4541877000.0,54605961278.0
llama3-8b_conv300,92,4541877000.0,55159702286.0
llama3-8b_conv300,93,4541877000.0,55713443294.0
llama3-8b_conv300,94,4541877000.0,56267184302.0
llama3-8b_conv300,95,4541877000.0,56820925310.0
llama3-8b_conv300,96,4541877000.0,57374666318.0
llama3-8b_conv300,97,4541877000.0,57928407326.0
llama3-8b_conv300,98,4541877000.0,58482148334.0
llama3-8b_conv300,99,4541877000.0,59035889342.0
llama3-8b_conv300,100,4541877000.0,59589630350.0
llama3-8b_conv300,101,4541877000.0,60143371358.0
llama3-8b_conv300,102,4541877000.0,60697112366.0
llama3-8b_conv300,103,4541877000.0,61250853374.0
llama3-8b_conv300,104,4541877000.0,61804594382.0
llama3-8b_conv300,105,4541877000.0,62358335390.0
llama3-8b_conv300,106,4541877000.0,62912076398.0
llama3-8b_conv300,107,4541877000.0,63465817406.0
llama3-8b_conv300,108,4541877000.0,64019558414.0
llama3-8b_conv300,109,4541877000.0,64573299422.0
llama3-8b_conv300,110,4541877000.0,65127040430.0
llama3-8b_conv300,111,4541877000.0,65680781438.0
llama3-8b_conv300,112,4541877000.0,66234522446.0
llama3-8b_conv300,113,4541877000.0,66788263454.0
llama3-8b_conv300,114,4541877000.0,67342004462.0
llama3-8b_conv300,115,4541877000.0,67895745470.0
llama3-8b_conv300,116,4541877000.0,68449486478.0
llama3-8b_conv300,117,4541877000.0,69003227486.0
llama3-8b_conv300,118,4541877000.0,69556968494.0
llama3-8b_conv300,119,4314579000.0,70109728254.0
llama3-8b_conv300,120,4314579000.0,70662488014.0
llama3-8b_conv300,121,4314579000.0,71215247774.0
llama3-8b_conv300,122,4314579000.0,71768007534.0
llama3-8b_conv300,123,4314579000.0,72320767294.0
llama3-8b_conv300,124,4314579000.0,72873527054.0
llama3-8b_conv300,125,4314579000.0,73426286814.0
llama3-8b_conv300,126,4314579000.0,73979046574.0
llama3-8b_conv300,127,4314579000.0,74531806334.0
llama3-8b_conv300,128,4314579000.0,75084566094.0
llama3-8b_conv300,129,4314579000.0,75637325854.0
llama3-8b_conv300,130,4314579000.0,76190085614.0
llama3-8b_conv300,131,4314579000.0,76742845374.0
llama3-8b_conv300,132,4314579000.0,77295605134.0
llama3-8b_conv300,133,4314579000.0,77848364894.0
llama3-8b_conv300,134,4314579000.0,78401124654.0
llama3-8b_conv300,135,4314579000.0,78953884414.0
llama3-8b_conv300,136,4314579000.0,79506644174.0
llama3-8b_conv300,137,4314579000.0,80059403934.0
llama3-8b_conv300,138,4314579000.0,80612163694.0
llama3-8b_conv300,139,4314579000.0,81164923454.0
llama3-8b_conv300,140,4314579000.0,81717683214.0
llama3-8b_conv300,141,4314579000.0,82270442974.0
llama3-8b_conv300,142,4314579000.0,82823202734.0
llama3-8b_conv300,143,4314579000.0,83375962494.0
llama3-8b_conv300,144,4314579000.0,83928722254.0
llama3-8b_conv300,145,4314579000.0,84481482014.0
llama3-8b_conv300,146,4314579000.0,85034241774.0
llama3-8b_conv300,147,4314579000.0,85587001534.0
llama3-8b_conv300,148,4314579000.0,86139761294.0
llama3-8b_conv300,149,4314579000.0,86692521054.0
llama3-8b_conv300,150,4314579000.0,87245280814.0
llama3-8b_conv300,151,4314579000.0,87798040574.0
llama3-8b_conv300,152,4314579000.0,88350800334.0
llama3-8b_conv300,153,5892655000.0,89395217247.0
llama3-8b_conv300,154,5892655000.0,89947850031.0
llama3-8b_conv300,155,5892655000.0,90500482815.0
llama3-8b_conv300,156,5892655000.0,91053115599.0
llama3-8b_conv300,157,5892655000.0,91605748383.0
llama3-8b_conv300,158,5892655000.0,92158381167.0
llama3-8b_conv300,159,5892655000.0,92711013951.0
llama3-8b_conv300,160,5892655000.0,93263646735.0
llama3-8b_conv300,161,5892655000.0,93816279519.0
llama3-8b_conv300,162,5892655000.0,94368912303.0
llama3-8b_conv300,163,5892655000.0,94921545087.0
llama3-8b_conv300,164,5892655000.0,95474177871.0
llama3-8b_conv300,165,5892655000.0,96026810655.0
llama3-8b_conv300,166,5892655000.0,96579443439.0
llama3-8b_conv300,167,5892655000.0,97132076223.0
llama3-8b_conv300,168,5892655000.0,97684709007.0
llama3-8b_conv300,169,6311529000.0,97986656683.0
llama3-8b_conv300,170,6311529000.0,98539384187.0
llama3-8b_conv300,171,6311529000.0,99092111691.0
llama3-8b_conv300,172,6311529000.0,99644871451.0
llama3-8b_conv300,173,6311529000.0,100197631211.0
llama3-8b_conv300,174,6311529000.0,100750390971.0
llama3-8b_conv300,175,6311529000.0,101303150731.0
llama3-8b_conv300,176,6311529000.0,101855910491.0
llama3-8b_conv300,177,6311529000.0,102408670251.0
llama3-8b_conv300,178,6311529000.0,102961430011.0
llama3-8b_conv300,179,6311529000.0,103514189771.0
llama3-8b_conv300,180,6311529000.0,104066949531.0
llama3-8b_conv300,181,6311529000.0,104619709291.0
llama3-8b_conv300,182,6311529000.0,105172469051.0
llama3-8b_conv300,183,6311529000.0,105725228811.0
llama3-8b_conv300,184,6311529000.0,106277988571.0
llama3-8b_conv300,185,6311529000.0,106830748331.0
llama3-8b_conv300,186,6311529000.0,107383508091.0
llama3-8b_conv300,187,6311529000.0,107936267851.0
llama3-8b_conv300,188,6311529000.0,108489027611.0
llama3-8b_conv300,189,6311529000.0,109041787371.0
llama3-8b_conv300,190,6311529000.0,109594547131.0
llama3-8b_conv300,191,6311529000.0,110147306891.0
llama3-8b_conv300,192,6311529000.0,110700066651.0
llama3-8b_conv300,193,6311529000.0,111252826411.0
llama3-8b_conv300,194,6311529000.0,111805586171.0
llama3-8b_conv300,195,6311529000.0,112358345931.0
llama3-8b_conv300,196,6311529000.0,112911105691.0
llama3-8b_conv300,197,6311529000.0,113463865451.0
llama3-8b_conv300,198,6311529000.0,114016625211.0
llama3-8b_conv300,199,6311529000.0,114569384971.0
llama3-8b_conv300,200,6311529000.0,115122144731.0
llama3-8b_conv300,201,6311529000.0,115674904491.0
llama3-8b_conv300,202,6311529000.0,116227664251.0
llama3-8b_conv300,203,6311529000.0,116780424011.0
llama3-8b_conv300,204,6311529000.0,117333183771.0
llama3-8b_conv300,205,6311529000.0,117885943531.0
llama3-8b_conv300,206,6311529000.0,118438703291.0
llama3-8b_conv300,207,6311529000.0,118991463051.0
llama3-8b_conv300,208,6311529000.0,119544222811.0
llama3-8b_conv300,209,6311529000.0,120096982571.0
llama3-8b_conv300,210,6311529000.0,120649742331.0
llama3-8b_conv300,211,6311529000.0,121202502091.0
llama3-8b_conv300,212,6311529000.0,121755261851.0
llama3-8b_conv300,213,6311529000.0,122308021611.0
llama3-8b_conv300,214,6311529000.0,122860781371.0
llama3-8b_conv300,215,6311529000.0,123413541131.0
llama3-8b_conv300,216,6311529000.0,123966300891.0
llama3-8b_conv300,217,6311529000.0,124519060651.0
llama3-8b_conv300,218,6311529000.0,125071820411.0
llama3-8b_conv300,219,6311529000.0,125624580171.0
llama3-8b_conv300,220,6311529000.0,126177339931.0
llama3-8b_conv300,221,6311529000.0,126730099691.0
llama3-8b_conv300,222,6311529000.0,127282859451.0
llama3-8b_conv300,223,6311529000.0,127835619211.0
llama3-8b_conv300,224,6311529000.0,128388378971.0
llama3-8b_conv300,225,6311529000.0,128941138731.0
llama3-8b_conv300,226,6311529000.0,129493898491.0
llama3-8b_conv300,227,6311529000.0,130046658251.0
llama3-8b_conv300,228,6311529000.0,130599418011.0
llama3-8b_conv300,229,6311529000.0,131152177771.0
llama3-8b_conv300,230,6311529000.0,131704937531.0
llama3-8b_conv300,231,6311529000.0,132257697291.0
llama3-8b_conv300,232,6311529000.0,132810457051.0
llama3-8b_conv300,233,6311529000.0,133363216811.0
llama3-8b_conv300,234,6311529000.0,133915976571.0
llama3-8b_conv300,235,6311529000.0,134468736331.0
llama3-8b_conv300,236,6311529000.0,135021496091.0
llama3-8b_conv300,237,6311529000.0,135574255851.0
llama3-8b_conv300,238,6311529000.0,136127015611.0
llama3-8b_conv300,239,6311529000.0,136679775371.0
llama3-8b_conv300,240,6311529000.0,137232535131.0
llama3-8b_conv300,241,6311529000.0,137785294891.0
llama3-8b_conv300,242,6311529000.0,138338054651.0
llama3-8b_conv300,243,6311529000.0,138890814411.0
llama3-8b_conv300,244,6311529000.0,139443574171.0
llama3-8b_conv300,245,6311529000.0,139996333931.0
llama3-8b_conv300,246,6311529000.0,140549093691.0
llama3-8b_conv300,247,6311529000.0,141101853451.0
llama3-8b_conv300,248,6311529000.0,141654613211.0
llama3-8b_conv300,249,6311529000.0,142207372971.0
llama3-8b_conv300,250,6311529000.0,142760132731.0
llama3-8b_conv300,251,6311529000.0,143312892491.0
llama3-8b_conv300,252,6311529000.0,143865652251.0
llama3-8b_conv300,253,7745497000.0,144313718484.0
llama3-8b_conv300,254,7745497000.0,144922741133.0
llama3-8b_conv300,255,7745497000.0,145243339906.0
llama3-8b_conv300,256,7745497000.0,145796325458.0
llama3-8b_conv300,257,7745497000.0,146349311010.0
llama3-8b_conv300,258,7745497000.0,146902296562.0
llama3-8b_conv300,259,7745497000.0,147455282114.0
llama3-8b_conv300,260,7745497000.0,148008267666.0
llama3-8b_conv300,261,7745497000.0,148561253218.0
llama3-8b_conv300,262,7745497000.0,149114238770.0
llama3-8b_conv300,263,7745497000.0,149667224322.0
llama3-8b_conv300,264,7745497000.0,150220209874.0
llama3-8b_conv300,265,7745497000.0,150773195426.0
llama3-8b_conv300,266,7745497000.0,151326180978.0
llama3-8b_conv300,267,7745497000.0,151879166530.0
llama3-8b_conv300,268,7745497000.0,152432152082.0
llama3-8b_conv300,269,7745497000.0,152985137634.0
llama3-8b_conv300,270,7745497000.0,153538123186.0
llama3-8b_conv300,271,7745497000.0,154091108738.0
llama3-8b_conv300,272,7745497000.0,154644094290.0
llama3-8b_conv300,273,7745497000.0,155197079842.0
llama3-8b_conv300,274,7745497000.0,155750065394.0
llama3-8b_conv300,275,7745497000.0,156303050946.0
llama3-8b_conv300,276,7745497000.0,156856036498.0
llama3-8b_conv300,277,7745497000.0,157409022050.0
llama3-8b_conv300,278,7745497000.0,157962007602.0
llama3-8b_conv300,279,7745497000.0,158514993154.0
llama3-8b_conv300,280,7745497000.0,159067978706.0
llama3-8b_conv300,281,7745497000.0,159620964258.0
llama3-8b_conv300,282,7745497000.0,160173949810.0
llama3-8b_conv300,283,7745497000.0,160726935362.0
llama3-8b_conv300,284,7745497000.0,161279920914.0
llama3-8b_conv300,285,7745497000.0,161832906466.0
llama3-8b_conv300,286,7745497000.0,162385892018.0
llama3-8b_conv300,287,7745497000.0,162938877570.0
llama3-8b_conv300,288,7745497000.0,163491863122.0
llama3-8b_conv300,289,7745497000.0,164044848674.0
llama3-8b_conv300,290,7745497000.0,164597834226.0
llama3-8b_conv300,291,7745497000.0,165150819778.0
llama3-8b_conv300,292,8251431000.0,169417635591.0
llama3-8b_conv300,293,8251431000.0,169971473367.0
llama3-8b_conv300,294,8251431000.0,170525311143.0
llama3-8b_conv300,295,8251431000.0,171079148919.0
llama3-8b_conv300,296,8251431000.0,171632986695.0
llama3-8b_conv300,297,8251431000.0,172186824471.0
llama3-8b_conv300,298,8337078999.999999,172360527398.0
llama3-8b_conv300,299,8337078999.999999,172914834422.0
llama3-8b_conv300,300,8337078999.999999,173469141446.0
llama3-8b_conv300,301,8337078999.999999,174023448470.0
llama3-8b_conv300,302,8337078999.999999,174577755494.0
llama3-8b_conv300,303,8337078999.999999,175132062518.0
llama3-8b_conv300,304,8337078999.999999,175686369542.0
llama3-8b_conv300,305,8337078999.999999,176240676566.0
llama3-8b_conv300,306,8337078999.999999,176794983590.0
llama3-8b_conv300,307,8337078999.999999,177349290614.0
llama3-8b_conv300,308,8464985000.0,177509328847.0
llama3-8b_conv300,309,8464985000.0,178063720095.0
llama3-8b_conv300,310,8464985000.0,178618111343.0
llama3-8b_conv300,311,8464985000.0,179172502591.0
llama3-8b_conv300,312,8464985000.0,179726809615.0
llama3-8b_conv300,313,8464985000.0,180281116639.0
llama3-8b_conv300,314,8464985000.0,180835423663.0
llama3-8b_conv300,315,8464985000.0,181389730687.0
llama3-8b_conv300,316,8464985000.0,181944037711.0
llama3-8b_conv300,317,8464985000.0,182498344735.0
llama3-8b_conv300,318,8464985000.0,183052651759.0
llama3-8b_conv300,319,8464985000.0,183606958783.0
llama3-8b_conv300,320,8464985000.0,184161265807.0
llama3-8b_conv300,321,8464985000.0,184715572831.0
llama3-8b_conv300,322,8464985000.0,185269879855.0
llama3-8b_conv300,323,8464985000.0,185824186879.0
llama3-8b_conv300,324,8464985000.0,186378493903.0
llama3-8b_conv300,325,8464985000.0,186932800927.0
llama3-8b_conv300,326,8464985000.0,187487107951.0
llama3-8b_conv300,327,8464985000.0,188041414975.0
llama3-8b_conv300,328,8464985000.0,188595721999.0
llama3-8b_conv300,329,8700213000.0,192931916737.0
llama3-8b_conv300,330,8700213000.0,193486432913.0
llama3-8b_conv300,331,8700213000.0,194040949089.0
llama3-8b_conv300,332,8700213000.0,194595465265.0
llama3-8b_conv300,333,8700213000.0,195149981441.0
llama3-8b_conv300,334,8700213000.0,195704497617.0
llama3-8b_conv300,335,8700213000.0,196259013793.0
llama3-8b_conv300,336,8700213000.0,196813529969.0
llama3-8b_conv300,337,8700213000.0,197368046145.0
llama3-8b_conv300,338,8700213000.0,197922562321.0
llama3-8b_conv300,339,8700213000.0,198477078497.0
llama3-8b_conv300,340,8700213000.0,199031594673.0
llama3-8b_conv300,341,8700213000.0,199586110849.0
llama3-8b_conv300,342,8700213000.0,200140627025.0
llama3-8b_conv300,343,8700213000.0,200695143201.0
llama3-8b_conv300,344,8700213000.0,201249659377.0
llama3-8b_conv300,345,8700213000.0,201804175553.0
llama3-8b_conv300,346,8700213000.0,202358691729.0
llama3-8b_conv300,347,8700213000.0,202913207905.0
llama3-8b_conv300,348,8700213000.0,203467724081.0
llama3-8b_conv300,349,8700213000.0,204022240257.0
llama3-8b_conv300,350,8700213000.0,204576788689.0
llama3-8b_conv300,351,8700213000.0,205131337121.0
llama3-8b_conv300,352,8700213000.0,205685885553.0
llama3-8b_conv300,353,8700213000.0,206240433985.0
llama3-8b_conv300,354,8700213000.0,206794982417.0
llama3-8b_conv300,355,8700213000.0,207349623521.0
llama3-8b_conv300,356,8700213000.0,207904264625.0
llama3-8b_conv300,357,8700213000.0,208458905729.0
llama3-8b_conv300,358,8700213000.0,209013546833.0
llama3-8b_conv300,359,8700213000.0,209568187937.0
llama3-8b_conv300,360,8700213000.0,210122829041.0
llama3-8b_conv300,361,8700213000.0,210677470145.0
llama3-8b_conv300,362,8700213000.0,211232111249.0
llama3-8b_conv300,363,8700213000.0,211786752353.0
llama3-8b_conv300,364,8700213000.0,212341393457.0
llama3-8b_conv300,365,8700213000.0,212896034561.0
llama3-8b_conv300,366,8700213000.0,213450675665.0
llama3-8b_conv300,367,8700213000.0,214005316769.0
llama3-8b_conv300,368,8700213000.0,214559957873.0
llama3-8b_conv300,369,8700213000.0,215114598977.0
llama3-8b_conv300,370,8700213000.0,215669240081.0
llama3-8b_conv300,371,8700213000.0,216223881185.0
llama3-8b_conv300,372,8700213000.0,216778522289.0
llama3-8b_conv300,373,8700213000.0,217333163393.0
llama3-8b_conv300,374,8700213000.0,217887804497.0
llama3-8b_conv300,375,8700213000.0,218442445601.0
llama3-8b_conv300,376,8700213000.0,218996877553.0
llama3-8b_conv300,377,8700213000.0,219551309505.0
llama3-8b_conv300,378,8700213000.0,220105741457.0
llama3-8b_conv300,379,8700213000.0,220660173409.0
llama3-8b_conv300,380,8700213000.0,221214605361.0
llama3-8b_conv300,381,8700213000.0,221769037313.0
llama3-8b_conv300,382,8700213000.0,222323469265.0
llama3-8b_conv300,383,8700213000.0,222877901217.0
llama3-8b_conv300,384,8700213000.0,223432333169.0
llama3-8b_conv300,385,8700213000.0,223986765121.0
llama3-8b_conv300,386,8700213000.0,224541197073.0
llama3-8b_conv300,387,8700213000.0,225095629025.0
llama3-8b_conv300,388,8700213000.0,225650060977.0
llama3-8b_conv300,389,8700213000.0,226204492929.0
llama3-8b_conv300,390,8700213000.0,226758924881.0
llama3-8b_conv300,391,8700213000.0,227313356833.0
llama3-8b_conv300,392,9427468000.0,231649676499.0
llama3-8b_conv300,393,9427468000.0,232204317603.0
llama3-8b_conv300,394,9427468000.0,232758958707.0
llama3-8b_conv300,395,9427468000.0,233313599811.0
llama3-8b_conv300,396,9427468000.0,233868240915.0
llama3-8b_conv300,397,9427468000.0,234422414819.0
llama3-8b_conv300,398,9427468000.0,234976588723.0
llama3-8b_conv300,399,9427468000.0,235530762627.0
llama3-8b_conv300,400,9427468000.0,236084936531.0
llama3-8b_conv300,401,9427468000.0,236639110435.0
llama3-8b_conv300,402,9427468000.0,237193284339.0
llama3-8b_conv300,403,9427468000.0,237747458243.0
llama3-8b_conv300,404,9582558000.0,238129632453.0
llama3-8b_conv300,405,9582558000.0,238605248711.0
llama3-8b_conv300,406,9582558000.0,239027428357.0
llama3-8b_conv300,407,9582558000.0,239582037205.0
llama3-8b_conv300,408,9582558000.0,240136646053.0
llama3-8b_conv300,409,9582558000.0,240691254901.0
llama3-8b_conv300,410,9582558000.0,241245863749.0
llama3-8b_conv300,411,9582558000.0,241800472597.0
llama3-8b_conv300,412,9582558000.0,242355081445.0
llama3-8b_conv300,413,9582558000.0,242909690293.0
llama3-8b_conv300,414,9582558000.0,243464299141.0
llama3-8b_conv300,415,9582558000.0,244018907989.0
llama3-8b_conv300,416,9582558000.0,244573516837.0
llama3-8b_conv300,417,9582558000.0,245128125685.0
llama3-8b_conv300,418,9582558000.0,245682734533.0
llama3-8b_conv300,419,9582558000.0,246237343381.0
llama3-8b_conv300,420,9582558000.0,246791952229.0
llama3-8b_conv300,421,9582558000.0,247346561077.0
llama3-8b_conv300,422,9582558000.0,247901169925.0
llama3-8b_conv300,423,9582558000.0,248455778773.0
llama3-8b_conv300,424,9582558000.0,249010387621.0
llama3-8b_conv300,425,9582558000.0,249564996469.0
llama3-8b_conv300,426,9582558000.0,250119605317.0
llama3-8b_conv300,427,9582558000.0,250674214165.0
llama3-8b_conv300,428,9582558000.0,251228823013.0
llama3-8b_conv300,429,9582558000.0,251783431861.0
llama3-8b_conv300,430,9582558000.0,252338040709.0
llama3-8b_conv300,431,9582558000.0,252892649557.0
llama3-8b_conv300,432,9582558000.0,253447258405.0
llama3-8b_conv300,433,9582558000.0,254001867253.0
llama3-8b_conv300,434,9582558000.0,254556476101.0
llama3-8b_conv300,435,9582558000.0,255111084949.0
llama3-8b_conv300,436,9582558000.0,255665693797.0
llama3-8b_conv300,437,9582558000.0,256220302645.0
llama3-8b_conv300,438,9582558000.0,256774911493.0
llama3-8b_conv300,439,9582558000.0,257329520341.0
llama3-8b_conv300,440,9582558000.0,257884129189.0
llama3-8b_conv300,441,9582558000.0,258438738037.0
llama3-8b_conv300,442,9582558000.0,258993346885.0
llama3-8b_conv300,443,9582558000.0,259547955733.0
llama3-8b_conv300,444,10106379000.0,259947067354.0
llama3-8b_conv300,445,10106379000.0,260455738783.0
llama3-8b_conv300,446,10106379000.0,261050639204.0
llama3-8b_conv300,447,10106379000.0,261714499369.0
llama3-8b_conv300,448,10106379000.0,264048172255.0
llama3-8b_conv300,449,10106379000.0,264603859119.0
llama3-8b_conv300,450,10106379000.0,265159545983.0
llama3-8b_conv300,451,10106379000.0,265714638671.0
llama3-8b_conv300,452,10106379000.0,266269731359.0
llama3-8b_conv300,453,10106379000.0,266824582639.0
llama3-8b_conv300,454,10106379000.0,267379433919.0
llama3-8b_conv300,455,10106379000.0,267934285199.0
llama3-8b_conv300,456,10106379000.0,268489136479.0
llama3-8b_conv300,457,10106379000.0,269043987759.0
llama3-8b_conv300,458,10106379000.0,269598839039.0
llama3-8b_conv300,459,10106379000.0,270153690319.0
llama3-8b_conv300,460,10106379000.0,270707979679.0
llama3-8b_conv300,461,10106379000.0,271262269039.0
llama3-8b_conv300,462,10106379000.0,271816558399.0
llama3-8b_conv300,463,9582558000.0,272369543951.0
llama3-8b_conv300,464,9582558000.0,272922529503.0
llama3-8b_conv300,465,9582558000.0,273475515055.0
llama3-8b_conv300,466,9582558000.0,274028500607.0
llama3-8b_conv300,467,9582558000.0,274581486159.0
llama3-8b_conv300,468,9582558000.0,275134471711.0
llama3-8b_conv300,469,9582558000.0,275687457263.0
llama3-8b_conv300,470,9582558000.0,276240442815.0
llama3-8b_conv300,471,10546126000.0,280515846253.0
llama3-8b_conv300,472,10546126000.0,281069684029.0
llama3-8b_conv300,473,10546126000.0,281623521805.0
llama3-8b_conv300,474,10546126000.0,282177359581.0
llama3-8b_conv300,475,10546126000.0,282731197357.0
llama3-8b_conv300,476,10546126000.0,283285035133.0
llama3-8b_conv300,477,10546126000.0,283838872909.0
llama3-8b_conv300,478,10546126000.0,284392710685.0
llama3-8b_conv300,479,10546126000.0,284946548461.0
llama3-8b_conv300,480,10546126000.0,285500386237.0
llama3-8b_conv300,481,10546126000.0,286054224013.0
llama3-8b_conv300,482,10546126000.0,286608061789.0
llama3-8b_conv300,483,10546126000.0,287161899565.0
llama3-8b_conv300,484,10546126000.0,287715737341.0
llama3-8b_conv300,485,10546126000.0,288269575117.0
llama3-8b_conv300,486,10546126000.0,288823412893.0
llama3-8b_conv300,487,10546126000.0,289377250669.0
llama3-8b_conv300,488,10546126000.0,289931088445.0
llama3-8b_conv300,489,10546126000.0,290484926221.0
llama3-8b_conv300,490,10546126000.0,291038763997.0
llama3-8b_conv300,491,10546126000.0,291592601773.0
llama3-8b_conv300,492,10546126000.0,292146439549.0
llama3-8b_conv300,493,10546126000.0,292700277325.0
llama3-8b_conv300,494,10546126000.0,293254115101.0
llama3-8b_conv300,495,10546126000.0,293807952877.0
llama3-8b_conv300,496,10546126000.0,294361790653.0
llama3-8b_conv300,497,10546126000.0,294915628429.0
llama3-8b_conv300,498,10546126000.0,295469466205.0
llama3-8b_conv300,499,10546126000.0,296023336237.0
llama3-8b_conv300,500,10546126000.0,296577206269.0
llama3-8b_conv300,501,10546126000.0,297131076301.0
llama3-8b_conv300,502,10546126000.0,297684946333.0
llama3-8b_conv300,503,10546126000.0,298238816365.0
llama3-8b_conv300,504,10546126000.0,298792686397.0
llama3-8b_conv300,505,10546126000.0,299346556429.0
llama3-8b_conv300,506,10546126000.0,299900426461.0
llama3-8b_conv300,507,10546126000.0,300454296493.0
llama3-8b_conv300,508,10546126000.0,301008166525.0
llama3-8b_conv300,509,10546126000.0,301562036557.0
llama3-8b_conv300,510,10546126000.0,302115906589.0
llama3-8b_conv300,511,10546126000.0,302669776621.0
llama3-8b_conv300,512,10546126000.0,303223646653.0
llama3-8b_conv300,513,10546126000.0,303777516685.0
llama3-8b_conv300,514,10546126000.0,304331386717.0
llama3-8b_conv300,515,10546126000.0,304885256749.0
llama3-8b_conv300,516,10546126000.0,305439126781.0
llama3-8b_conv300,517,10546126000.0,305992996813.0
llama3-8b_conv300,518,10546126000.0,306546866845.0
llama3-8b_conv300,519,10546126000.0,307100736877.0
llama3-8b_conv300,520,10546126000.0,307654606909.0
llama3-8b_conv300,521,10546126000.0,308208476941.0
llama3-8b_conv300,522,10546126000.0,308762346973.0
llama3-8b_conv300,523,10546126000.0,309316217005.0
llama3-8b_conv300,524,11157911000.0,309634801355.0
llama3-8b_conv300,525,11157911000.0,310189265563.0
llama3-8b_conv300,526,11157911000.0,310743729771.0
llama3-8b_conv300,527,11157911000.0,311298193979.0
llama3-8b_conv300,528,11157911000.0,311852658187.0
llama3-8b_conv300,529,11157911000.0,312407122395.0
llama3-8b_conv300,530,11157911000.0,312961586603.0
llama3-8b_conv300,531,11157911000.0,313516050811.0
llama3-8b_conv300,532,11157911000.0,314070515019.0
llama3-8b_conv300,533,11157911000.0,314624979227.0
llama3-8b_conv300,534,11157911000.0,315179443435.0
llama3-8b_conv300,535,11157911000.0,315733907643.0
llama3-8b_conv300,536,11157911000.0,316288371851.0
llama3-8b_conv300,537,11157911000.0,316842836059.0
llama3-8b_conv300,538,11157911000.0,317397300267.0
llama3-8b_conv300,539,11157911000.0,317951764475.0
llama3-8b_conv300,540,11157911000.0,318506228683.0
llama3-8b_conv300,541,11157911000.0,319060692891.0
llama3-8b_conv300,542,11157911000.0,319615157099.0
llama3-8b_conv300,543,11157911000.0,320169621307.0
llama3-8b_conv300,544,11157911000.0,320724085515.0
llama3-8b_conv300,545,11157911000.0,321278549723.0
llama3-8b_conv300,546,11430904000.0,321399913447.0
llama3-8b_conv300,547,11430904000.0,321954459831.0
llama3-8b_conv300,548,11430904000.0,322509006215.0
llama3-8b_conv300,549,11430904000.0,323063552599.0
llama3-8b_conv300,550,11430904000.0,323618098983.0
llama3-8b_conv300,551,11430904000.0,324172645367.0
llama3-8b_conv300,552,11430904000.0,324727191751.0
llama3-8b_conv300,553,11430904000.0,325281738135.0
llama3-8b_conv300,554,11430904000.0,325836286567.0
llama3-8b_conv300,555,11430904000.0,326390834999.0
llama3-8b_conv300,556,11430904000.0,326945383431.0
llama3-8b_conv300,557,11430904000.0,327499931863.0
llama3-8b_conv300,558,11157911000.0,328054396071.0
llama3-8b_conv300,559,11157911000.0,328608860279.0
llama3-8b_conv300,560,11157911000.0,329163324487.0
llama3-8b_conv300,561,11157911000.0,329717194519.0
llama3-8b_conv300,562,11157911000.0,330271064551.0
llama3-8b_conv300,563,11157911000.0,330824934583.0
llama3-8b_conv300,564,11157911000.0,331378804615.0
llama3-8b_conv300,565,11157911000.0,331932674647.0
llama3-8b_conv300,566,11157911000.0,332486544679.0
llama3-8b_conv300,567,11157911000.0,333040414711.0
llama3-8b_conv300,568,11157911000.0,333594284743.0
llama3-8b_conv300,569,11157911000.0,334148154775.0
llama3-8b_conv300,570,11157911000.0,334702024807.0
llama3-8b_conv300,571,11157911000.0,335255894839.0
llama3-8b_conv300,572,11157911000.0,335809764871.0
llama3-8b_conv300,573,11157911000.0,336363634903.0
llama3-8b_conv300,574,11157911000.0,336917504935.0
llama3-8b_conv300,575,11157911000.0,337471374967.0
llama3-8b_conv300,576,11157911000.0,338025244999.0
llama3-8b_conv300,577,11157911000.0,338579115031.0
llama3-8b_conv300,578,11157911000.0,339132985063.0
llama3-8b_conv300,579,11157911000.0,339686855095.0
llama3-8b_conv300,580,11157911000.0,340239614855.0
llama3-8b_conv300,581,11157911000.0,340792374615.0
llama3-8b_conv300,582,11836633000.0,341068251382.0
llama3-8b_conv300,583,11836633000.0,341621831110.0
llama3-8b_conv300,584,11836633000.0,342175410838.0
llama3-8b_conv300,585,11836633000.0,342728990566.0
llama3-8b_conv300,586,11836633000.0,343282570294.0
llama3-8b_conv300,587,11836633000.0,343836150022.0
llama3-8b_conv300,588,11836633000.0,344389729750.0
llama3-8b_conv300,589,11836633000.0,344943309478.0
llama3-8b_conv300,590,11836633000.0,345496889206.0
llama3-8b_conv300,591,11836633000.0,346050468934.0
llama3-8b_conv300,592,11836633000.0,346604048662.0
llama3-8b_conv300,593,11836633000.0,347157628390.0
llama3-8b_conv300,594,11836633000.0,347711208118.0
llama3-8b_conv300,595,11836633000.0,348264787846.0
llama3-8b_conv300,596,11836633000.0,348818367574.0
llama3-8b_conv300,597,11836633000.0,349371979558.0
llama3-8b_conv300,598,11836633000.0,349925591542.0
llama3-8b_conv300,599,11836633000.0,350479203526.0
llama3-8b_conv300,600,11836633000.0,351032815510.0
llama3-8b_conv300,601,11836633000.0,351586427494.0
llama3-8b_conv300,602,11836633000.0,352140039478.0
llama3-8b_conv300,603,11836633000.0,352693651462.0
llama3-8b_conv300,604,11836633000.0,353247263446.0
llama3-8b_conv300,605,11836633000.0,353800875430.0
llama3-8b_conv300,606,11836633000.0,354354487414.0
llama3-8b_conv300,607,11836633000.0,354908099398.0
llama3-8b_conv300,608,11836633000.0,355461711382.0
llama3-8b_conv300,609,11836633000.0,356015323366.0
llama3-8b_conv300,610,11836633000.0,356568935350.0
llama3-8b_conv300,611,11836633000.0,357122547334.0
llama3-8b_conv300,612,11836633000.0,357676159318.0
llama3-8b_conv300,613,11836633000.0,358229771302.0
llama3-8b_conv300,614,11836633000.0,358783383286.0
llama3-8b_conv300,615,11836633000.0,359336995270.0
llama3-8b_conv300,616,11836633000.0,359890607254.0
llama3-8b_conv300,617,11836633000.0,360444219238.0
llama3-8b_conv300,618,11836633000.0,360997831222.0
llama3-8b_conv300,619,11836633000.0,361551443206.0
llama3-8b_conv300,620,11836633000.0,362105055190.0
llama3-8b_conv300,621,11836633000.0,362658699430.0
llama3-8b_conv300,622,11836633000.0,363212343670.0
llama3-8b_conv300,623,11836633000.0,363765987910.0
llama3-8b_conv300,624,11836633000.0,364319632150.0
llama3-8b_conv300,625,11836633000.0,364873276390.0
llama3-8b_conv300,626,11836633000.0,365426920630.0
llama3-8b_conv300,627,11836633000.0,365980564870.0
llama3-8b_conv300,628,11836633000.0,366534209110.0
llama3-8b_conv300,629,11836633000.0,367087853350.0
llama3-8b_conv300,630,11836633000.0,367640613110.0
llama3-8b_conv300,631,11836633000.0,368193372870.0
llama3-8b_conv300,632,11836633000.0,368746132630.0
llama3-8b_conv300,633,11836633000.0,369298892390.0
llama3-8b_conv300,634,11836633000.0,369851652150.0
llama3-8b_conv300,635,11836633000.0,370404411910.0
llama3-8b_conv300,636,11836633000.0,370957171670.0
llama3-8b_conv300,637,11836633000.0,371509931430.0
llama3-8b_conv300,638,11836633000.0,372062691190.0
llama3-8b_conv300,639,11836633000.0,372615450950.0
llama3-8b_conv300,640,11836633000.0,373168210710.0
llama3-8b_conv300,641,11836633000.0,373720970470.0
llama3-8b_conv300,642,11836633000.0,374273730230.0
llama3-8b_conv300,643,11836633000.0,374826489990.0
llama3-8b_conv300,644,11836633000.0,375379249750.0
llama3-8b_conv300,645,11836633000.0,375932009510.0
llama3-8b_conv300,646,11836633000.0,376484769270.0
llama3-8b_conv300,647,11836633000.0,377037529030.0
llama3-8b_conv300,648,11836633000.0,377590288790.0
llama3-8b_conv300,649,11836633000.0,378143048550.0
llama3-8b_conv300,650,11836633000.0,378695808310.0
llama3-8b_conv300,651,11836633000.0,379248568070.0
llama3-8b_conv300,652,11836633000.0,379801327830.0
llama3-8b_conv300,653,11836633000.0,380354087590.0
llama3-8b_conv300,654,11836633000.0,380906847350.0
llama3-8b_conv300,655,11836633000.0,381459607110.0
llama3-8b_conv300,656,12886545000.0,383689699682.0
llama3-8b_conv300,657,12886545000.0,384242334514.0
llama3-8b_conv300,658,12886545000.0,384794969346.0
llama3-8b_conv300,659,12886545000.0,385347604178.0
llama3-8b_conv300,660,12886545000.0,385900239010.0
llama3-8b_conv300,661,12886545000.0,386452873842.0
llama3-8b_conv300,662,12886545000.0,387005508674.0
llama3-8b_conv300,663,12886545000.0,387558143506.0
llama3-8b_conv300,664,12886545000.0,388110778338.0
llama3-8b_conv300,665,12886545000.0,388663413170.0
llama3-8b_conv300,666,12886545000.0,389216048002.0
llama3-8b_conv300,667,12886545000.0,389768682834.0
llama3-8b_conv300,668,12886545000.0,390321317666.0
llama3-8b_conv300,669,13025088000.0,390702866878.0
llama3-8b_conv300,670,13025088000.0,391178128474.0
llama3-8b_conv300,671,13049843000.0,391634924825.0
llama3-8b_conv300,672,13049843000.0,392334524265.0
llama3-8b_conv300,673,13049843000.0,392888706361.0
llama3-8b_conv300,674,13049843000.0,393442888457.0
llama3-8b_conv300,675,13049843000.0,393997070553.0
llama3-8b_conv300,676,13049843000.0,394551252649.0
llama3-8b_conv300,677,13049843000.0,395105434745.0
llama3-8b_conv300,678,13049843000.0,395659616841.0
llama3-8b_conv300,679,13049843000.0,396213798937.0
llama3-8b_conv300,680,13049843000.0,396767981033.0
llama3-8b_conv300,681,13049843000.0,397322163129.0
llama3-8b_conv300,682,13049843000.0,397876345225.0
llama3-8b_conv300,683,13049843000.0,398430527321.0
llama3-8b_conv300,684,13049843000.0,398984709417.0
llama3-8b_conv300,685,13049843000.0,399538891513.0
llama3-8b_conv300,686,13049843000.0,400093073609.0
llama3-8b_conv300,687,13049843000.0,400647255705.0
llama3-8b_conv300,688,13049843000.0,401201437801.0
llama3-8b_conv300,689,13049843000.0,401755619897.0
llama3-8b_conv300,690,13049843000.0,402309801993.0
llama3-8b_conv300,691,13049843000.0,402863984089.0
llama3-8b_conv300,692,13049843000.0,403418166185.0
llama3-8b_conv300,693,13049843000.0,403972348281.0
llama3-8b_conv300,694,13049843000.0,404526530377.0
llama3-8b_conv300,695,13049843000.0,405080712473.0
llama3-8b_conv300,696,13049843000.0,405634894569.0
llama3-8b_conv300,697,13049843000.0,406189076665.0
llama3-8b_conv300,698,13049843000.0,406743258761.0
llama3-8b_conv300,699,13049843000.0,407297440857.0
llama3-8b_conv300,700,13049843000.0,407851622953.0
llama3-8b_conv300,701,13049843000.0,408405805049.0
llama3-8b_conv300,702,13049843000.0,408959987145.0
llama3-8b_conv300,703,13049843000.0,409514169241.0
llama3-8b_conv300,704,13049843000.0,410068351337.0
llama3-8b_conv300,705,13049843000.0,410622533433.0
llama3-8b_conv300,706,13049843000.0,411176808201.0
llama3-8b_conv300,707,13049843000.0,411731082969.0
llama3-8b_conv300,708,13049843000.0,412285357737.0
llama3-8b_conv300,709,13049843000.0,412839632505.0
llama3-8b_conv300,710,13049843000.0,413393907273.0
llama3-8b_conv300,711,13049843000.0,413948182041.0
llama3-8b_conv300,712,13049843000.0,414502456809.0
llama3-8b_conv300,713,13049843000.0,415056731577.0
llama3-8b_conv300,714,13049843000.0,415611006345.0
llama3-8b_conv300,715,13049843000.0,416165281113.0
llama3-8b_conv300,716,13049843000.0,416719555881.0
llama3-8b_conv300,717,13049843000.0,417273830649.0
llama3-8b_conv300,718,13049843000.0,417828105417.0
llama3-8b_conv300,719,13049843000.0,418382380185.0
llama3-8b_conv300,720,13049843000.0,418936654953.0
llama3-8b_conv300,721,13049843000.0,419490929721.0
llama3-8b_conv300,722,13049843000.0,420045204489.0
llama3-8b_conv300,723,13049843000.0,420599479257.0
llama3-8b_conv300,724,13049843000.0,421153754025.0
llama3-8b_conv300,725,13049843000.0,421708028793.0
llama3-8b_conv300,726,13049843000.0,422262335817.0
llama3-8b_conv300,727,13049843000.0,422816642841.0
llama3-8b_conv300,728,13049843000.0,423370949865.0
llama3-8b_conv300,729,13049843000.0,423925256889.0
llama3-8b_conv300,730,13049843000.0,424479563913.0
llama3-8b_conv300,731,13049843000.0,425033963609.0
llama3-8b_conv300,732,13049843000.0,425588363305.0
llama3-8b_conv300,733,13049843000.0,426142763001.0
llama3-8b_conv300,734,13049843000.0,426697162697.0
llama3-8b_conv300,735,13049843000.0,427251562393.0
llama3-8b_conv300,736,13049843000.0,427805962089.0
llama3-8b_conv300,737,13049843000.0,428360361785.0
llama3-8b_conv300,738,13049843000.0,428914761481.0
llama3-8b_conv300,739,13049843000.0,429469161177.0
llama3-8b_conv300,740,13049843000.0,430023560873.0
llama3-8b_conv300,741,13049843000.0,430577960569.0
llama3-8b_conv300,742,13049843000.0,431132360265.0
llama3-8b_conv300,743,13049843000.0,431686759961.0
llama3-8b_conv300,744,13049843000.0,432241159657.0
llama3-8b_conv300,745,13049843000.0,432795559353.0
llama3-8b_conv300,746,13049843000.0,433349959049.0
llama3-8b_conv300,747,13049843000.0,433904358745.0
llama3-8b_conv300,748,13049843000.0,434458758441.0
llama3-8b_conv300,749,13049843000.0,435013158137.0
llama3-8b_conv300,750,13049843000.0,435567557833.0
llama3-8b_conv300,751,13049843000.0,436121957529.0
llama3-8b_conv300,752,13049843000.0,436676357225.0
llama3-8b_conv300,753,14059550000.0,436824979053.0
llama3-8b_conv300,754,14059550000.0,437379462973.0
llama3-8b_conv300,755,14059550000.0,437933946893.0
llama3-8b_conv300,756,14097780000.0,442227764949.0
llama3-8b_conv300,757,14097780000.0,442782843045.0
llama3-8b_conv300,758,14097780000.0,443337921141.0
llama3-8b_conv300,759,14097780000.0,443892999237.0
llama3-8b_conv300,760,14097780000.0,444448077333.0
llama3-8b_conv300,761,14097780000.0,445003155429.0
llama3-8b_conv300,762,14097780000.0,445558233525.0
llama3-8b_conv300,763,14097780000.0,446113311621.0
llama3-8b_conv300,764,14097780000.0,446668389717.0
llama3-8b_conv300,765,14097780000.0,447223467813.0
llama3-8b_conv300,766,14097780000.0,447778545909.0
llama3-8b_conv300,767,14097780000.0,448333624005.0
llama3-8b_conv300,768,14097780000.0,448888702101.0
llama3-8b_conv300,769,14097780000.0,449443780197.0
llama3-8b_conv300,770,14097780000.0,449998858293.0
llama3-8b_conv300,771,14097780000.0,450553936389.0
llama3-8b_conv300,772,14293309000.0,450937513919.0
llama3-8b_conv300,773,14293309000.0,451468395897.0
llama3-8b_conv300,774,14293309000.0,452056798003.0
llama3-8b_conv300,775,14293309000.0,452828156141.0
llama3-8b_conv300,776,14293309000.0,453692782247.0
llama3-8b_conv300,777,14293309000.0,454579276897.0
llama3-8b_conv300,778,14293309000.0,455636406811.0
llama3-8b_conv300,779,14293309000.0,458774099477.0
llama3-8b_conv300,780,14293309000.0,459331059991.0
llama3-8b_conv300,781,14293309000.0,459888020505.0
llama3-8b_conv300,782,14293309000.0,460444981019.0
llama3-8b_conv300,783,14293309000.0,461001941533.0
llama3-8b_conv300,784,14293309000.0,461558902047.0
llama3-8b_conv300,785,14293309000.0,462115862561.0
llama3-8b_conv300,786,14293309000.0,462672823075.0
llama3-8b_conv300,787,14293309000.0,463229783589.0
llama3-8b_conv300,788,14293309000.0,463786744103.0
llama3-8b_conv300,789,14293309000.0,464343704617.0
llama3-8b_conv300,790,14293309000.0,464900665131.0
llama3-8b_conv300,791,14293309000.0,465457625645.0
llama3-8b_conv300,792,14293309000.0,466014586159.0
llama3-8b_conv300,793,14293309000.0,466571546673.0
llama3-8b_conv300,794,14293309000.0,467128507187.0
llama3-8b_conv300,795,14293309000.0,467685467701.0
llama3-8b_conv300,796,14293309000.0,468242428215.0
llama3-8b_conv300,797,14293309000.0,468799388729.0
llama3-8b_conv300,798,14293309000.0,469356349243.0
llama3-8b_conv300,799,14293309000.0,469913309757.0
llama3-8b_conv300,800,14293309000.0,470470270271.0
llama3-8b_conv300,801,14293309000.0,471027230785.0
llama3-8b_conv300,802,14293309000.0,471584191299.0
llama3-8b_conv300,803,14293309000.0,472141151813.0
llama3-8b_conv300,804,14293309000.0,472698112327.0
llama3-8b_conv300,805,14293309000.0,473255072841.0
llama3-8b_conv300,806,14293309000.0,473812033355.0
llama3-8b_conv300,807,14293309000.0,474368993869.0
llama3-8b_conv300,808,14293309000.0,474925954383.0
llama3-8b_conv300,809,14293309000.0,475482914897.0
llama3-8b_conv300,810,14293309000.0,476038896161.0
llama3-8b_conv300,811,14293309000.0,476594877425.0
llama3-8b_conv300,812,14293309000.0,477150858689.0
llama3-8b_conv300,813,14293309000.0,477705987729.0
llama3-8b_conv300,814,14293309000.0,478261116769.0
llama3-8b_conv300,815,14293309000.0,478816245809.0
llama3-8b_conv300,816,14293309000.0,479371374849.0
llama3-8b_conv300,817,14293309000.0,479926503889.0
llama3-8b_conv300,818,14293309000.0,480481456033.0
llama3-8b_conv300,819,14293309000.0,481036408177.0
llama3-8b_conv300,820,14293309000.0,481591360321.0
llama3-8b_conv300,821,14293309000.0,482146312465.0
llama3-8b_conv300,822,14293309000.0,482701264609.0
llama3-8b_conv300,823,14293309000.0,483256216753.0
llama3-8b_conv300,824,14293309000.0,483810606977.0
llama3-8b_conv300,825,14293309000.0,484364997201.0
llama3-8b_conv300,826,14293309000.0,484919387425.0
llama3-8b_conv300,827,14293309000.0,485473777649.0
llama3-8b_conv300,828,14293309000.0,486028260545.0
llama3-8b_conv300,829,14293309000.0,486582743441.0
llama3-8b_conv300,830,14293309000.0,487137226337.0
llama3-8b_conv300,831,14293309000.0,487691709233.0
llama3-8b_conv300,832,14293309000.0,488246192129.0
llama3-8b_conv300,833,14293309000.0,488800675025.0
llama3-8b_conv300,834,14293309000.0,489355157921.0
llama3-8b_conv300,835,14293309000.0,489909640817.0
llama3-8b_conv300,836,14293309000.0,490464123713.0
llama3-8b_conv300,837,14293309000.0,491018606609.0
llama3-8b_conv300,838,14293309000.0,491573089505.0
llama3-8b_conv300,839,14293309000.0,492127572401.0
llama3-8b_conv300,840,14293309000.0,492682055297.0
llama3-8b_conv300,841,14059550000.0,493234782801.0
llama3-8b_conv300,842,14059550000.0,493787510305.0
llama3-8b_conv300,843,14059550000.0,494340237809.0
llama3-8b_conv300,844,14059550000.0,494892965313.0
llama3-8b_conv300,845,14059550000.0,495445692817.0
llama3-8b_conv300,846,14059550000.0,495998420321.0
llama3-8b_conv300,847,14059550000.0,496551147825.0
llama3-8b_conv300,848,14059550000.0,497103875329.0
llama3-8b_conv300,849,14059550000.0,497656602833.0
llama3-8b_conv300,850,14059550000.0,498209330337.0
llama3-8b_conv300,851,14059550000.0,498762057841.0
llama3-8b_conv300,852,14059550000.0,499314785345.0
llama3-8b_conv300,853,14059550000.0,499867512849.0
llama3-8b_conv300,854,14059550000.0,500420240353.0
llama3-8b_conv300,855,14059550000.0,500972967857.0
llama3-8b_conv300,856,14059550000.0,501525695361.0
llama3-8b_conv300,857,14059550000.0,502078422865.0
llama3-8b_conv300,858,14059550000.0,502631150369.0
llama3-8b_conv300,859,14059550000.0,503183877873.0
llama3-8b_conv300,860,14059550000.0,503736605377.0
llama3-8b_conv300,861,14059550000.0,504289332881.0
llama3-8b_conv300,862,14059550000.0,504842060385.0
llama3-8b_conv300,863,14059550000.0,505394787889.0
llama3-8b_conv300,864,14059550000.0,505947515393.0
llama3-8b_conv300,865,14059550000.0,506500242897.0
llama3-8b_conv300,866,14059550000.0,507052970401.0
llama3-8b_conv300,867,14059550000.0,507605697905.0
llama3-8b_conv300,868,14059550000.0,508158425409.0
llama3-8b_conv300,869,14059550000.0,508711152913.0
llama3-8b_conv300,870,14059550000.0,509263880417.0
llama3-8b_conv300,871,14059550000.0,509816607921.0
llama3-8b_conv300,872,14059550000.0,510369335425.0
llama3-8b_conv300,873,14059550000.0,510922062929.0
llama3-8b_conv300,874,14059550000.0,511474790433.0
llama3-8b_conv300,875,14059550000.0,512027517937.0
llama3-8b_conv300,876,14059550000.0,512580245441.0
llama3-8b_conv300,877,14059550000.0,513132972945.0
llama3-8b_conv300,878,14059550000.0,513685700449.0
llama3-8b_conv300,879,14059550000.0,514238427953.0
llama3-8b_conv300,880,14059550000.0,514791155457.0
llama3-8b_conv300,881,14059550000.0,515343882961.0
llama3-8b_conv300,882,14059550000.0,515896610465.0
llama3-8b_conv300,883,14059550000.0,516449337969.0
llama3-8b_conv300,884,14059550000.0,517002065473.0
llama3-8b_conv300,885,14059550000.0,517554792977.0
llama3-8b_conv300,886,14059550000.0,518107520481.0
llama3-8b_conv300,887,14059550000.0,518660247985.0
llama3-8b_conv300,888,14059550000.0,519212975489.0
llama3-8b_conv300,889,14059550000.0,519765702993.0
llama3-8b_conv300,890,14059550000.0,520318430497.0
llama3-8b_conv300,891,14059550000.0,520871158001.0
llama3-8b_conv300,892,14059550000.0,521423885505.0
llama3-8b_conv300,893,14059550000.0,521976613009.0
llama3-8b_conv300,894,14059550000.0,522529340513.0
llama3-8b_conv300,895,14059550000.0,523082068017.0
llama3-8b_conv300,896,14059550000.0,523634795521.0
llama3-8b_conv300,897,14059550000.0,524187523025.0
llama3-8b_conv300,898,14059550000.0,524740250529.0
llama3-8b_conv300,899,14059550000.0,525292978033.0
llama3-8b_conv300,900,14059550000.0,525845705537.0
llama3-8b_conv300,901,14059550000.0,526398433041.0
llama3-8b_conv300,902,14059550000.0,526951160545.0
llama3-8b_conv300,903,14059550000.0,527503888049.0
llama3-8b_conv300,904,14059550000.0,528056615553.0
llama3-8b_conv300,905,14059550000.0,528609343057.0
llama3-8b_conv300,906,14059550000.0,529162070561.0
llama3-8b_conv300,907,17420918000.0,529610136794.0
llama3-8b_conv300,908,17420918000.0,530219159443.0
llama3-8b_conv300,909,17420918000.0,530812453452.0
llama3-8b_conv300,910,17420918000.0,531474953477.0
llama3-8b_conv300,911,17420918000.0,532408082366.0
llama3-8b_conv300,912,17420918000.0,533131596622.0
llama3-8b_conv300,913,17420918000.0,533684904734.0
llama3-8b_conv300,914,17420918000.0,534238212846.0
llama3-8b_conv300,915,17420918000.0,534791520958.0
llama3-8b_conv300,916,17420918000.0,535344829070.0
llama3-8b_conv300,917,17420918000.0,535898137182.0
llama3-8b_conv300,918,17420918000.0,536451445294.0
llama3-8b_conv300,919,17420918000.0,537004753406.0
llama3-8b_conv300,920,17420918000.0,537558061518.0
llama3-8b_conv300,921,17420918000.0,538111369630.0
llama3-8b_conv300,922,17420918000.0,538664677742.0
llama3-8b_conv300,923,17420918000.0,539217985854.0
llama3-8b_conv300,924,17420918000.0,539771293966.0
llama3-8b_conv300,925,17420918000.0,540324602078.0
llama3-8b_conv300,926,17420918000.0,540877910190.0
llama3-8b_conv300,927,17792938000.0,543092215323.0
llama3-8b_conv300,928,17792938000.0,543646250731.0
llama3-8b_conv300,929,17792938000.0,544200286139.0
llama3-8b_conv300,930,17792938000.0,544754321547.0
llama3-8b_conv300,931,17792938000.0,545308356955.0
llama3-8b_conv300,932,17792938000.0,545862392363.0
llama3-8b_conv300,933,17792938000.0,546416427771.0
llama3-8b_conv300,934,17792938000.0,546970463179.0
llama3-8b_conv300,935,17792938000.0,547524498587.0
llama3-8b_conv300,936,17792938000.0,548078533995.0
llama3-8b_conv300,937,17792938000.0,548632569403.0
llama3-8b_conv300,938,17792938000.0,549186604811.0
llama3-8b_conv300,939,17792938000.0,549740640219.0
llama3-8b_conv300,940,17792938000.0,550294675627.0
llama3-8b_conv300,941,17792938000.0,550848711035.0
llama3-8b_conv300,942,17792938000.0,551402746443.0
llama3-8b_conv300,943,17792938000.0,551956781851.0
llama3-8b_conv300,944,17792938000.0,552510817259.0
llama3-8b_conv300,945,17792938000.0,553064852667.0
llama3-8b_conv300,946,17792938000.0,553618888075.0
llama3-8b_conv300,947,17792938000.0,554172923483.0
llama3-8b_conv300,948,17792938000.0,554726958891.0
llama3-8b_conv300,949,17792938000.0,555280994299.0
llama3-8b_conv300,950,17792938000.0,555835029707.0
llama3-8b_conv300,951,17792938000.0,556389065115.0
llama3-8b_conv300,952,17792938000.0,556943100523.0
llama3-8b_conv300,953,17792938000.0,557497135931.0
llama3-8b_conv300,954,17792938000.0,558051171339.0
llama3-8b_conv300,955,17792938000.0,558605206747.0
llama3-8b_conv300,956,17792938000.0,559159242155.0
llama3-8b_conv300,957,17792938000.0,559713277563.0
llama3-8b_conv300,958,17792938000.0,560267312971.0
llama3-8b_conv300,959,18160513000.0,560390787092.0
llama3-8b_conv300,960,18160513000.0,560945289700.0
llama3-8b_conv300,961,18160513000.0,561499794356.0
llama3-8b_conv300,962,18160513000.0,562054299012.0
llama3-8b_conv300,963,18160513000.0,562608803668.0
llama3-8b_conv300,964,18160513000.0,563163308324.0
llama3-8b_conv300,965,18160513000.0,563717812980.0
llama3-8b_conv300,966,18160513000.0,564272317636.0
llama3-8b_conv300,967,18160513000.0,564826822292.0
llama3-8b_conv300,968,18160513000.0,565381326948.0
llama3-8b_conv300,969,18160513000.0,565935831604.0
llama3-8b_conv300,970,18160513000.0,566490336260.0
llama3-8b_conv300,971,18160513000.0,567044840916.0
llama3-8b_conv300,972,18160513000.0,567599345572.0
llama3-8b_conv300,973,18160513000.0,568153850228.0
llama3-8b_conv300,974,18160513000.0,568708354884.0
llama3-8b_conv300,975,18160513000.0,569262859540.0
llama3-8b_conv300,976,18160513000.0,569817364196.0
llama3-8b_conv300,977,18160513000.0,570371868852.0
llama3-8b_conv300,978,18160513000.0,570926373508.0
llama3-8b_conv300,979,18160513000.0,571480878164.0
llama3-8b_conv300,980,18160513000.0,572035475492.0
llama3-8b_conv300,981,18160513000.0,572590072820.0
llama3-8b_conv300,982,18160513000.0,573144670148.0
llama3-8b_conv300,983,18160513000.0,573699267476.0
llama3-8b_conv300,984,18160513000.0,574253864804.0
llama3-8b_conv300,985,18160513000.0,574808462132.0
llama3-8b_conv300,986,18463892000.0,579102008921.0
llama3-8b_conv300,987,18463892000.0,579656815401.0
llama3-8b_conv300,988,18463892000.0,580211621881.0
llama3-8b_conv300,989,18463892000.0,580766428361.0
llama3-8b_conv300,990,18463892000.0,581321234841.0
llama3-8b_conv300,991,18463892000.0,581876041321.0
llama3-8b_conv300,992,18463892000.0,582430847801.0
llama3-8b_conv300,993,18463892000.0,582985654281.0
llama3-8b_conv300,994,18463892000.0,583540460761.0
llama3-8b_conv300,995,18463892000.0,584095267241.0
llama3-8b_conv300,996,18463892000.0,584650073721.0
llama3-8b_conv300,997,18463892000.0,585204880201.0
llama3-8b_conv300,998,18463892000.0,585759686681.0
llama3-8b_conv300,999,18463892000.0,586314493161.0
llama3-8b_conv300,1000,18463892000.0,586869299641.0
llama3-8b_conv300,1001,18463892000.0,587424106121.0
llama3-8b_conv300,1002,18463892000.0,587978912601.0
llama3-8b_conv300,1003,18463892000.0,588533719081.0
llama3-8b_conv300,1004,18463892000.0,589088525561.0
llama3-8b_conv300,1005,18463892000.0,589643332041.0
llama3-8b_conv300,1006,18463892000.0,590198138521.0
llama3-8b_conv300,1007,18463892000.0,590752945001.0
llama3-8b_conv300,1008,18463892000.0,591307751481.0
llama3-8b_conv300,1009,18463892000.0,591862557961.0
llama3-8b_conv300,1010,18463892000.0,592417364441.0
llama3-8b_conv300,1011,18463892000.0,592972170921.0
llama3-8b_conv300,1012,18463892000.0,593526977401.0
llama3-8b_conv300,1013,18463892000.0,594081783881.0
llama3-8b_conv300,1014,18463892000.0,594636590361.0
llama3-8b_conv300,1015,18463892000.0,595191396841.0
llama3-8b_conv300,1016,18463892000.0,595746235577.0
llama3-8b_conv300,1017,18463892000.0,596301074313.0
llama3-8b_conv300,1018,18463892000.0,596855913049.0
llama3-8b_conv300,1019,18463892000.0,597410751785.0
llama3-8b_conv300,1020,18463892000.0,597965590521.0
llama3-8b_conv300,1021,18463892000.0,598520429257.0
llama3-8b_conv300,1022,18463892000.0,599075267993.0
llama3-8b_conv300,1023,18463892000.0,599630106729.0
llama3-8b_conv300,1024,18463892000.0,600184945465.0
llama3-8b_conv300,1025,18463892000.0,600739784201.0
llama3-8b_conv300,1026,18463892000.0,601294622937.0
llama3-8b_conv300,1027,18463892000.0,601849461673.0
llama3-8b_conv300,1028,18463892000.0,602404300409.0
llama3-8b_conv300,1029,18463892000.0,602959139145.0
llama3-8b_conv300,1030,18979439000.0,603358480654.0
llama3-8b_conv300,1031,18979439000.0,603867381971.0
llama3-8b_conv300,1032,18979439000.0,604462512280.0
llama3-8b_conv300,1033,18979439000.0,605126570077.0
llama3-8b_conv300,1034,18979439000.0,606058094626.0
llama3-8b_conv300,1035,18979439000.0,606626364402.0
llama3-8b_conv300,1036,18979439000.0,607182313410.0
llama3-8b_conv300,1037,18979439000.0,607738262418.0
llama3-8b_conv300,1038,18979439000.0,608294211426.0
llama3-8b_conv300,1039,18979439000.0,608850160434.0
llama3-8b_conv300,1040,18979439000.0,609406109442.0
llama3-8b_conv300,1041,18979439000.0,609962058450.0
llama3-8b_conv300,1042,18979439000.0,610518007458.0
llama3-8b_conv300,1043,18979439000.0,611073956466.0
llama3-8b_conv300,1044,18979439000.0,611629905474.0
llama3-8b_conv300,1045,18979439000.0,612185854482.0
llama3-8b_conv300,1046,18979439000.0,612741803490.0
llama3-8b_conv300,1047,18979439000.0,613297784754.0
llama3-8b_conv300,1048,18979439000.0,613853766018.0
llama3-8b_conv300,1049,18979439000.0,614409747282.0
llama3-8b_conv300,1050,18979439000.0,614965728546.0
llama3-8b_conv300,1051,18979439000.0,615521709810.0
llama3-8b_conv300,1052,18979439000.0,616077691074.0
llama3-8b_conv300,1053,18979439000.0,616633672338.0
llama3-8b_conv300,1054,18979439000.0,617189653602.0
llama3-8b_conv300,1055,18979439000.0,617745634866.0
llama3-8b_conv300,1056,18979439000.0,618301616130.0
llama3-8b_conv300,1057,18979439000.0,618857597394.0
llama3-8b_conv300,1058,18979439000.0,619413578658.0
llama3-8b_conv300,1059,18979439000.0,619969559922.0
llama3-8b_conv300,1060,18979439000.0,620525541186.0
llama3-8b_conv300,1061,18979439000.0,621081522450.0
llama3-8b_conv300,1062,18979439000.0,621637503714.0
llama3-8b_conv300,1063,18979439000.0,622193484978.0
llama3-8b_conv300,1064,18979439000.0,622749466242.0
llama3-8b_conv300,1065,18979439000.0,623305447506.0
llama3-8b_conv300,1066,18979439000.0,623861428770.0
llama3-8b_conv300,1067,18979439000.0,624417410034.0
llama3-8b_conv300,1068,18979439000.0,624973391298.0
llama3-8b_conv300,1069,18979439000.0,625529372562.0
llama3-8b_conv300,1070,18979439000.0,626085353826.0
llama3-8b_conv300,1071,18979439000.0,626641335090.0
llama3-8b_conv300,1072,18979439000.0,627197316354.0
llama3-8b_conv300,1073,18979439000.0,627752703442.0
llama3-8b_conv300,1074,18979439000.0,628307913634.0
llama3-8b_conv300,1075,18979439000.0,628863123826.0
llama3-8b_conv300,1076,18979439000.0,629418334018.0
llama3-8b_conv300,1077,18979439000.0,629973544210.0
llama3-8b_conv300,1078,18979439000.0,630528754402.0
llama3-8b_conv300,1079,18979439000.0,631083964594.0
llama3-8b_conv300,1080,18979439000.0,631639174786.0
llama3-8b_conv300,1081,18979439000.0,632194384978.0
llama3-8b_conv300,1082,18979439000.0,632748420386.0
llama3-8b_conv300,1083,18979439000.0,633302455794.0
llama3-8b_conv300,1084,18979439000.0,633856491202.0
llama3-8b_conv300,1085,18979439000.0,634410526610.0
llama3-8b_conv300,1086,18979439000.0,634964562018.0
llama3-8b_conv300,1087,18979439000.0,635518597426.0
llama3-8b_conv300,1088,18979439000.0,636072632834.0
llama3-8b_conv300,1089,18979439000.0,636626760914.0
llama3-8b_conv300,1090,18979439000.0,637180888994.0
llama3-8b_conv300,1091,18979439000.0,637735017074.0
llama3-8b_conv300,1092,18979439000.0,638289145154.0
llama3-8b_conv300,1093,18979439000.0,638843273234.0
llama3-8b_conv300,1094,18979439000.0,639397401314.0
llama3-8b_conv300,1095,18979439000.0,639951529394.0
llama3-8b_conv300,1096,18979439000.0,640505657474.0
llama3-8b_conv300,1097,18979439000.0,641059785554.0
llama3-8b_conv300,1098,19913927000.0,642123339663.0
llama3-8b_conv300,1099,19913927000.0,642677934943.0
llama3-8b_conv300,1100,19913927000.0,643232530223.0
llama3-8b_conv300,1101,19945197000.0,643615125809.0
llama3-8b_conv300,1102,19945197000.0,644091163443.0
llama3-8b_conv300,1103,19945197000.0,644676044085.0
llama3-8b_conv300,1104,19945197000.0,645362165559.0
llama3-8b_conv300,1105,19945197000.0,646227415353.0
llama3-8b_conv300,1106,19945197000.0,647108119355.0
llama3-8b_conv300,1107,19945197000.0,648242369853.0
llama3-8b_conv300,1108,19945197000.0,650322045577.0
llama3-8b_conv300,1109,19945197000.0,650877753177.0
llama3-8b_conv300,1110,19945197000.0,651433460777.0
llama3-8b_conv300,1111,19945197000.0,651989168377.0
llama3-8b_conv300,1112,19945197000.0,652544875977.0
llama3-8b_conv300,1113,19945197000.0,653100583577.0
llama3-8b_conv300,1114,19945197000.0,653656209001.0
llama3-8b_conv300,1115,19945197000.0,654211834425.0
llama3-8b_conv300,1116,19945197000.0,654767459849.0
llama3-8b_conv300,1117,19945197000.0,655323085273.0
llama3-8b_conv300,1118,19945197000.0,655878710697.0
llama3-8b_conv300,1119,19945197000.0,656434336121.0
llama3-8b_conv300,1120,19945197000.0,656989961545.0
llama3-8b_conv300,1121,19945197000.0,657545586969.0
llama3-8b_conv300,1122,19945197000.0,658101212393.0
llama3-8b_conv300,1123,19945197000.0,658656837817.0
llama3-8b_conv300,1124,20478941000.0,658806685373.0
llama3-8b_conv300,1125,20478941000.0,659362395021.0
llama3-8b_conv300,1126,20478941000.0,659918104669.0
llama3-8b_conv300,1127,20478941000.0,660473814317.0
llama3-8b_conv300,1128,20478941000.0,661029523965.0
llama3-8b_conv300,1129,20478941000.0,661585233613.0
llama3-8b_conv300,1130,20478941000.0,662140943261.0
llama3-8b_conv300,1131,20478941000.0,662696652909.0
llama3-8b_conv300,1132,20478941000.0,663252362557.0
llama3-8b_conv300,1133,20478941000.0,663808072205.0
llama3-8b_conv300,1134,20478941000.0,664363781853.0
llama3-8b_conv300,1135,20478941000.0,664919491501.0
llama3-8b_conv300,1136,20478941000.0,665475201149.0
llama3-8b_conv300,1137,20478941000.0,666030910797.0
llama3-8b_conv300,1138,20478941000.0,666586620445.0
llama3-8b_conv300,1139,20658353000.0,668725465349.0
llama3-8b_conv300,1140,20658353000.0,669281644245.0
llama3-8b_conv300,1141,20658353000.0,669837823141.0
llama3-8b_conv300,1142,20658353000.0,670394002037.0
llama3-8b_conv300,1143,20658353000.0,670950180933.0
llama3-8b_conv300,1144,20658353000.0,671506359829.0
llama3-8b_conv300,1145,20658353000.0,672062538725.0
llama3-8b_conv300,1146,20658353000.0,672618717621.0
llama3-8b_conv300,1147,20658353000.0,673174896517.0
llama3-8b_conv300,1148,20658353000.0,673731075413.0
llama3-8b_conv300,1149,20658353000.0,674287254309.0
llama3-8b_conv300,1150,20658353000.0,674843433205.0
llama3-8b_conv300,1151,20658353000.0,675398469573.0
llama3-8b_conv300,1152,20658353000.0,675953505941.0
llama3-8b_conv300,1153,20658353000.0,676508365413.0
llama3-8b_conv300,1154,20658353000.0,677063224885.0
llama3-8b_conv300,1155,20658353000.0,677618084357.0
llama3-8b_conv300,1156,20658353000.0,678172943829.0
llama3-8b_conv300,1157,20658353000.0,678727803301.0
llama3-8b_conv300,1158,20658353000.0,679282662773.0
llama3-8b_conv300,1159,20658353000.0,679837522245.0
llama3-8b_conv300,1160,20658353000.0,680392381717.0
llama3-8b_conv300,1161,20658353000.0,680947241189.0
llama3-8b_conv300,1162,20658353000.0,681502100661.0
llama3-8b_conv300,1163,20941916000.0,681705540677.0
llama3-8b_conv300,1164,20941916000.0,682260482325.0
llama3-8b_conv300,1165,20941916000.0,682815423973.0
llama3-8b_conv300,1166,20941916000.0,683370365621.0
llama3-8b_conv300,1167,20941916000.0,683925307269.0
llama3-8b_conv300,1168,20941916000.0,684480248917.0
llama3-8b_conv300,1169,20941916000.0,685035190565.0
llama3-8b_conv300,1170,20941916000.0,685590132213.0
llama3-8b_conv300,1171,20941916000.0,686145073861.0
llama3-8b_conv300,1172,20941916000.0,686700015509.0
llama3-8b_conv300,1173,20941916000.0,687254957157.0
llama3-8b_conv300,1174,20941916000.0,687809898805.0
llama3-8b_conv300,1175,20941916000.0,688364840453.0
llama3-8b_conv300,1176,20941916000.0,688919782101.0
llama3-8b_conv300,1177,20941916000.0,689474723749.0
llama3-8b_conv300,1178,20941916000.0,690029665397.0
llama3-8b_conv300,1179,20941916000.0,690584607045.0
llama3-8b_conv300,1180,20941916000.0,691139548693.0
llama3-8b_conv300,1181,20941916000.0,691694490341.0
llama3-8b_conv300,1182,20941916000.0,692248319669.0
llama3-8b_conv300,1183,20941916000.0,692802148997.0
llama3-8b_conv300,1184,20941916000.0,693355978325.0
llama3-8b_conv300,1185,20941916000.0,693909807653.0
llama3-8b_conv300,1186,20941916000.0,694463636981.0
llama3-8b_conv300,1187,20941916000.0,695017466309.0
llama3-8b_conv300,1188,20941916000.0,695571295637.0
llama3-8b_conv300,1189,20941916000.0,696125124965.0
llama3-8b_conv300,1190,20941916000.0,696678954293.0
llama3-8b_conv300,1191,20941916000.0,697232783621.0
llama3-8b_conv300,1192,20941916000.0,697786612949.0
llama3-8b_conv300,1193,20941916000.0,698340442277.0
llama3-8b_conv300,1194,20941916000.0,698894271605.0
llama3-8b_conv300,1195,20941916000.0,699448100933.0
llama3-8b_conv300,1196,20941916000.0,700001930261.0
llama3-8b_conv300,1197,20941916000.0,700555759589.0
llama3-8b_conv300,1198,20941916000.0,701109588917.0
llama3-8b_conv300,1199,20941916000.0,701663510917.0
llama3-8b_conv300,1200,20941916000.0,702217432917.0
llama3-8b_conv300,1201,20941916000.0,702771354917.0
llama3-8b_conv300,1202,21370065000.0,705002805610.0
llama3-8b_conv300,1203,21375087000.0,709382022634.0
llama3-8b_conv300,1204,21375087000.0,709936715706.0
llama3-8b_conv300,1205,21375087000.0,710491408778.0
llama3-8b_conv300,1206,21375087000.0,711046101850.0
llama3-8b_conv300,1207,21375087000.0,711600794922.0
llama3-8b_conv300,1208,21375087000.0,712155487994.0
llama3-8b_conv300,1209,21375087000.0,712710181066.0
llama3-8b_conv300,1210,21375087000.0,713264874138.0
llama3-8b_conv300,1211,21375087000.0,713819567210.0
llama3-8b_conv300,1212,21375087000.0,714374260282.0
llama3-8b_conv300,1213,21375087000.0,714928953354.0
llama3-8b_conv300,1214,21375087000.0,715483646426.0
llama3-8b_conv300,1215,21375087000.0,716038339498.0
llama3-8b_conv300,1216,21375087000.0,716593032570.0
llama3-8b_conv300,1217,21375087000.0,717147725642.0
llama3-8b_conv300,1218,21375087000.0,717702418714.0
llama3-8b_conv300,1219,21375087000.0,718257111786.0
llama3-8b_conv300,1220,21375087000.0,718811804858.0
llama3-8b_conv300,1221,21375087000.0,719366497930.0
llama3-8b_conv300,1222,21375087000.0,719921191002.0
llama3-8b_conv300,1223,21375087000.0,720475884074.0
llama3-8b_conv300,1224,21375087000.0,721030577146.0
llama3-8b_conv300,1225,21375087000.0,721585270218.0
llama3-8b_conv300,1226,21375087000.0,722139963290.0
llama3-8b_conv300,1227,21375087000.0,722694656362.0
llama3-8b_conv300,1228,21375087000.0,723249349434.0
llama3-8b_conv300,1229,21375087000.0,723804042506.0
llama3-8b_conv300,1230,21375087000.0,724358735578.0
llama3-8b_conv300,1231,21375087000.0,724913428650.0
llama3-8b_conv300,1232,21375087000.0,725468121722.0
llama3-8b_conv300,1233,21375087000.0,726022814794.0
llama3-8b_conv300,1234,21375087000.0,726577507866.0
llama3-8b_conv300,1235,21375087000.0,727132200938.0
llama3-8b_conv300,1236,21375087000.0,727686894010.0
llama3-8b_conv300,1237,21375087000.0,728241587082.0
llama3-8b_conv300,1238,21375087000.0,728796280154.0
llama3-8b_conv300,1239,21375087000.0,729350973226.0
llama3-8b_conv300,1240,21375087000.0,729905666298.0
llama3-8b_conv300,1241,21375087000.0,730460359370.0
llama3-8b_conv300,1242,21375087000.0,731015052442.0
llama3-8b_conv300,1243,21375087000.0,731569745514.0
llama3-8b_conv300,1244,21375087000.0,732124438586.0
llama3-8b_conv300,1245,21375087000.0,732679131658.0
llama3-8b_conv300,1246,21375087000.0,733233824730.0
llama3-8b_conv300,1247,21375087000.0,733787955882.0
llama3-8b_conv300,1248,21375087000.0,734342087034.0
llama3-8b_conv300,1249,21375087000.0,734896218186.0
llama3-8b_conv300,1250,21375087000.0,735450349338.0
llama3-8b_conv300,1251,21375087000.0,736004480490.0
llama3-8b_conv300,1252,21375087000.0,736558611642.0
llama3-8b_conv300,1253,21375087000.0,737112742794.0
llama3-8b_conv300,1254,21375087000.0,737666873946.0
llama3-8b_conv300,1255,21375087000.0,738221097770.0
llama3-8b_conv300,1256,21375087000.0,738775321594.0
llama3-8b_conv300,1257,21375087000.0,739329545418.0
llama3-8b_conv300,1258,21375087000.0,739883769242.0
llama3-8b_conv300,1259,21375087000.0,740437993066.0
llama3-8b_conv300,1260,21375087000.0,740992216890.0
llama3-8b_conv300,1261,21375087000.0,741546440714.0
llama3-8b_conv300,1262,21375087000.0,742100664538.0
llama3-8b_conv300,1263,21375087000.0,742654888362.0
llama3-8b_conv300,1264,21375087000.0,743209114234.0
llama3-8b_conv300,1265,21375087000.0,743763340106.0
llama3-8b_conv300,1266,21375087000.0,744317565978.0
llama3-8b_conv300,1267,21375087000.0,744871791850.0
llama3-8b_conv300,1268,21375087000.0,745426017722.0
llama3-8b_conv300,1269,21375087000.0,745980243594.0
llama3-8b_conv300,1270,21375087000.0,746534469466.0
llama3-8b_conv300,1271,21375087000.0,747088695338.0
llama3-8b_conv300,1272,21375087000.0,747642921210.0
llama3-8b_conv300,1273,21375087000.0,748197147082.0
llama3-8b_conv300,1274,21375087000.0,748751372954.0
llama3-8b_conv300,1275,21375087000.0,749305598826.0
llama3-8b_conv300,1276,21375087000.0,749859824698.0
llama3-8b_conv300,1277,21375087000.0,750414050570.0
llama3-8b_conv300,1278,21375087000.0,750968276442.0
llama3-8b_conv300,1279,21375087000.0,751522502314.0
llama3-8b_conv300,1280,21375087000.0,752076728186.0
llama3-8b_conv300,1281,21375087000.0,752630954058.0
llama3-8b_conv300,1282,21375087000.0,753185179930.0
llama3-8b_conv300,1283,21375087000.0,753739405802.0
llama3-8b_conv300,1284,21370065000.0,754293422522.0
llama3-8b_conv300,1285,21370065000.0,754847439242.0
llama3-8b_conv300,1286,21370065000.0,755401455962.0
llama3-8b_conv300,1287,21370065000.0,755955472682.0
llama3-8b_conv300,1288,21370065000.0,756509489402.0
llama3-8b_conv300,1289,21370065000.0,757063506122.0
llama3-8b_conv300,1290,21370065000.0,757617522842.0
llama3-8b_conv300,1291,21370065000.0,758171539562.0
llama3-8b_conv300,1292,21370065000.0,758725556282.0
llama3-8b_conv300,1293,21370065000.0,759279573002.0
llama3-8b_conv300,1294,21370065000.0,759833589722.0
llama3-8b_conv300,1295,21370065000.0,760387606442.0
llama3-8b_conv300,1296,21370065000.0,760941623162.0
llama3-8b_conv300,1297,21370065000.0,761495639882.0
llama3-8b_conv300,1298,21370065000.0,762049656602.0
llama3-8b_conv300,1299,21370065000.0,762603673322.0
llama3-8b_conv300,1300,21370065000.0,763157690042.0
llama3-8b_conv300,1301,21370065000.0,763711706762.0
llama3-8b_conv300,1302,21370065000.0,764265723482.0
llama3-8b_conv300,1303,21370065000.0,764819740202.0
llama3-8b_conv300,1304,21370065000.0,765373756922.0
llama3-8b_conv300,1305,21370065000.0,765927773642.0
llama3-8b_conv300,1306,21370065000.0,766481790362.0
llama3-8b_conv300,1307,21370065000.0,767035807082.0
llama3-8b_conv300,1308,21370065000.0,767589823802.0
llama3-8b_conv300,1309,21370065000.0,768143840522.0
llama3-8b_conv300,1310,21370065000.0,768697857242.0
llama3-8b_conv300,1311,21370065000.0,769251873962.0
llama3-8b_conv300,1312,21370065000.0,769805890682.0
llama3-8b_conv300,1313,21370065000.0,770359907402.0
llama3-8b_conv300,1314,21370065000.0,770913924122.0
llama3-8b_conv300,1315,21370065000.0,771467940842.0
llama3-8b_conv300,1316,21370065000.0,772021957562.0
llama3-8b_conv300,1317,21370065000.0,772575974282.0
llama3-8b_conv300,1318,21370065000.0,773129991002.0
llama3-8b_conv300,1319,21370065000.0,773684007722.0
llama3-8b_conv300,1320,21370065000.0,774238024442.0
llama3-8b_conv300,1321,21370065000.0,774792041162.0
llama3-8b_conv300,1322,21370065000.0,775346057882.0
llama3-8b_conv300,1323,21370065000.0,775900074602.0
llama3-8b_conv300,1324,22712872000.0,776023573113.0
llama3-8b_conv300,1325,22712872000.0,776577672009.0
llama3-8b_conv300,1326,22712872000.0,777131772953.0
llama3-8b_conv300,1327,22712872000.0,777685873897.0
llama3-8b_conv300,1328,22712872000.0,778239974841.0
llama3-8b_conv300,1329,22712872000.0,778794075785.0
llama3-8b_conv300,1330,22712872000.0,779348176729.0
llama3-8b_conv300,1331,22712872000.0,779902277673.0
llama3-8b_conv300,1332,22712872000.0,780456410873.0
llama3-8b_conv300,1333,22712872000.0,781010544073.0
llama3-8b_conv300,1334,22712872000.0,781564677273.0
llama3-8b_conv300,1335,22712872000.0,782118810473.0
llama3-8b_conv300,1336,22712872000.0,782672943673.0
llama3-8b_conv300,1337,22712872000.0,783227076873.0
llama3-8b_conv300,1338,22712872000.0,783781210073.0
llama3-8b_conv300,1339,22712872000.0,784335343273.0
llama3-8b_conv300,1340,22712872000.0,784889476473.0
llama3-8b_conv300,1341,22712872000.0,785443609673.0
llama3-8b_conv300,1342,22712872000.0,785997742873.0
llama3-8b_conv300,1343,22712872000.0,786551876073.0
llama3-8b_conv300,1344,22712872000.0,787106009273.0
llama3-8b_conv300,1345,22712872000.0,787660142473.0
llama3-8b_conv300,1346,22712872000.0,788214191449.0
llama3-8b_conv300,1347,22712872000.0,788768240425.0
llama3-8b_conv300,1348,22712872000.0,789322289401.0
llama3-8b_conv300,1349,22994856000.0,789482069586.0
llama3-8b_conv300,1350,22994856000.0,790036202786.0
llama3-8b_conv300,1351,22994856000.0,790590335986.0
llama3-8b_conv300,1352,22994856000.0,791144469186.0
llama3-8b_conv300,1353,22994856000.0,791698602386.0
llama3-8b_conv300,1354,22994856000.0,792252735586.0
llama3-8b_conv300,1355,22994856000.0,792806868786.0
llama3-8b_conv300,1356,22994856000.0,793360792834.0
llama3-8b_conv300,1357,22994856000.0,793914716882.0
llama3-8b_conv300,1358,22994856000.0,794468640930.0
llama3-8b_conv300,1359,22994856000.0,795022564978.0
llama3-8b_conv300,1360,22994856000.0,795576489026.0
llama3-8b_conv300,1361,22994856000.0,796130413074.0
llama3-8b_conv300,1362,22994856000.0,796684337122.0
llama3-8b_conv300,1363,22994856000.0,797238261170.0
llama3-8b_conv300,1364,22994856000.0,797792185218.0
llama3-8b_conv300,1365,22994856000.0,798346109266.0
llama3-8b_conv300,1366,22994856000.0,798900033314.0
llama3-8b_conv300,1367,22994856000.0,799453957362.0
llama3-8b_conv300,1368,22994856000.0,800007881410.0
llama3-8b_conv300,1369,22994856000.0,800561805458.0
llama3-8b_conv300,1370,22994856000.0,801115729506.0
llama3-8b_conv300,1371,22994856000.0,801669653554.0
llama3-8b_conv300,1372,22994856000.0,802223577602.0
llama3-8b_conv300,1373,22994856000.0,802777501650.0
llama3-8b_conv300,1374,22994856000.0,803331425698.0
llama3-8b_conv300,1375,22994856000.0,803885349746.0
llama3-8b_conv300,1376,22994856000.0,804439273794.0
llama3-8b_conv300,1377,22994856000.0,804993197842.0
llama3-8b_conv300,1378,22994856000.0,805547121890.0
llama3-8b_conv300,1379,22994856000.0,806101045938.0
llama3-8b_conv300,1380,22994856000.0,806654969986.0
llama3-8b_conv300,1381,22994856000.0,807208894034.0
llama3-8b_conv300,1382,22994856000.0,807762818082.0
llama3-8b_conv300,1383,23371403000.0,807922505595.0
llama3-8b_conv300,1384,23371403000.0,808476546123.0
llama3-8b_conv300,1385,23371403000.0,809030586651.0
llama3-8b_conv300,1386,23371403000.0,809584627179.0
llama3-8b_conv300,1387,23371403000.0,810138667707.0
llama3-8b_conv300,1388,23371403000.0,810692708235.0
llama3-8b_conv300,1389,23371403000.0,811246748763.0
llama3-8b_conv300,1390,23371403000.0,811800789291.0
llama3-8b_conv300,1391,23371403000.0,812354829819.0
llama3-8b_conv300,1392,23371403000.0,812908870347.0
llama3-8b_conv300,1393,23371403000.0,813462910875.0
llama3-8b_conv300,1394,23371403000.0,814016951403.0
llama3-8b_conv300,1395,23371403000.0,814570991931.0
llama3-8b_conv300,1396,23371403000.0,815125125131.0
llama3-8b_conv300,1397,23371403000.0,815679258331.0
llama3-8b_conv300,1398,23371403000.0,816233391531.0
llama3-8b_conv300,1399,23371403000.0,816787524731.0
llama3-8b_conv300,1400,23371403000.0,817341657931.0
llama3-8b_conv300,1401,23371403000.0,817895791131.0
llama3-8b_conv300,1402,23371403000.0,818449924331.0
llama3-8b_conv300,1403,23371403000.0,819004057531.0
llama3-8b_conv300,1404,23371403000.0,819558190731.0
llama3-8b_conv300,1405,23371403000.0,820112323931.0
llama3-8b_conv300,1406,23371403000.0,820666457131.0
llama3-8b_conv300,1407,23371403000.0,821220590331.0
llama3-8b_conv300,1408,23371403000.0,821774723531.0
llama3-8b_conv300,1409,23371403000.0,822328856731.0
llama3-8b_conv300,1410,23371403000.0,822882989931.0
llama3-8b_conv300,1411,23371403000.0,823437123131.0
llama3-8b_conv300,1412,23371403000.0,823991256331.0
llama3-8b_conv300,1413,23371403000.0,824545389531.0
llama3-8b_conv300,1414,23371403000.0,825099522731.0
llama3-8b_conv300,1415,23371403000.0,825653655931.0
llama3-8b_conv300,1416,23371403000.0,826207789131.0
llama3-8b_conv300,1417,23371403000.0,826761922331.0
llama3-8b_conv300,1418,23371403000.0,827316055531.0
llama3-8b_conv300,1419,23371403000.0,827869979579.0
llama3-8b_conv300,1420,23371403000.0,828423903627.0
llama3-8b_conv300,1421,23371403000.0,828977827675.0
llama3-8b_conv300,1422,23371403000.0,829531751723.0
llama3-8b_conv300,1423,23371403000.0,830085675771.0
llama3-8b_conv300,1424,23371403000.0,830639599819.0
llama3-8b_conv300,1425,23371403000.0,831193523867.0
llama3-8b_conv300,1426,23371403000.0,831747447915.0
llama3-8b_conv300,1427,23371403000.0,832301371963.0
llama3-8b_conv300,1428,23371403000.0,832855296011.0
llama3-8b_conv300,1429,23371403000.0,833409220059.0
llama3-8b_conv300,1430,23371403000.0,833963236779.0
llama3-8b_conv300,1431,23371403000.0,834517253499.0
llama3-8b_conv300,1432,23371403000.0,835071270219.0
llama3-8b_conv300,1433,23371403000.0,835625286939.0
llama3-8b_conv300,1434,23371403000.0,836179303659.0
llama3-8b_conv300,1435,23371403000.0,836733320379.0
llama3-8b_conv300,1436,23371403000.0,837287337099.0
llama3-8b_conv300,1437,23371403000.0,837841353819.0
llama3-8b_conv300,1438,23371403000.0,838395370539.0
llama3-8b_conv300,1439,23371403000.0,838949387259.0
llama3-8b_conv300,1440,23371403000.0,839503403979.0
llama3-8b_conv300,1441,23371403000.0,840057420699.0
llama3-8b_conv300,1442,23371403000.0,840611437419.0
llama3-8b_conv300,1443,23371403000.0,841165454139.0
llama3-8b_conv300,1444,23371403000.0,841719470859.0
llama3-8b_conv300,1445,23371403000.0,842273487579.0
llama3-8b_conv300,1446,23371403000.0,842827504299.0
llama3-8b_conv300,1447,23371403000.0,843381521019.0
llama3-8b_conv300,1448,23371403000.0,843935537739.0
llama3-8b_conv300,1449,23371403000.0,844489554459.0
llama3-8b_conv300,1450,23371403000.0,845043571179.0
llama3-8b_conv300,1451,23371403000.0,845597587899.0
llama3-8b_conv300,1452,23371403000.0,846151604619.0
llama3-8b_conv300,1453,23371403000.0,846705621339.0
llama3-8b_conv300,1454,24146296000.0,847410244299.0
llama3-8b_conv300,1455,24146296000.0,847964435867.0
llama3-8b_conv300,1456,24146296000.0,848518627435.0
llama3-8b_conv300,1457,24146296000.0,849072819003.0
llama3-8b_conv300,1458,24146296000.0,849627010571.0
llama3-8b_conv300,1459,24146296000.0,850181202139.0
llama3-8b_conv300,1460,24146296000.0,850735393707.0
llama3-8b_conv300,1461,24146296000.0,851289585275.0
llama3-8b_conv300,1462,24146296000.0,851843776843.0
llama3-8b_conv300,1463,24146296000.0,852397968411.0
llama3-8b_conv300,1464,24146296000.0,852952159979.0
llama3-8b_conv300,1465,24146296000.0,853506351547.0
llama3-8b_conv300,1466,24146296000.0,854060543115.0
llama3-8b_conv300,1467,24146296000.0,854614734683.0
llama3-8b_conv300,1468,24146296000.0,855168926251.0
llama3-8b_conv300,1469,24146296000.0,855723117819.0
llama3-8b_conv300,1470,24146296000.0,856277309387.0
llama3-8b_conv300,1471,24146296000.0,856831500955.0
llama3-8b_conv300,1472,24146296000.0,857385692523.0
llama3-8b_conv300,1473,24146296000.0,857939884091.0
llama3-8b_conv300,1474,24146296000.0,858494075659.0
llama3-8b_conv300,1475,24146296000.0,859048267227.0
llama3-8b_conv300,1476,24146296000.0,859602458795.0
llama3-8b_conv300,1477,24146296000.0,860156650363.0
llama3-8b_conv300,1478,24146296000.0,860710841931.0
llama3-8b_conv300,1479,24146296000.0,861265033499.0
llama3-8b_conv300,1480,24146296000.0,861819225067.0
llama3-8b_conv300,1481,24146296000.0,862373416635.0
llama3-8b_conv300,1482,24146296000.0,862927608203.0
llama3-8b_conv300,1483,24146296000.0,863481799771.0
llama3-8b_conv300,1484,24146296000.0,864035991339.0
llama3-8b_conv300,1485,24146296000.0,864590182907.0
llama3-8b_conv300,1486,24146296000.0,865144374475.0
llama3-8b_conv300,1487,24146296000.0,865698566043.0
llama3-8b_conv300,1488,24146296000.0,866252757611.0
llama3-8b_conv300,1489,24146296000.0,866806949179.0
llama3-8b_conv300,1490,24146296000.0,867361140747.0
llama3-8b_conv300,1491,24146296000.0,867915332315.0
llama3-8b_conv300,1492,24146296000.0,868469523883.0
llama3-8b_conv300,1493,24146296000.0,869023715451.0
llama3-8b_conv300,1494,24146296000.0,869577907019.0
llama3-8b_conv300,1495,24146296000.0,870132098587.0
llama3-8b_conv300,1496,24146296000.0,870686113259.0
llama3-8b_conv300,1497,24146296000.0,871240127931.0
llama3-8b_conv300,1498,24146296000.0,871794142603.0
llama3-8b_conv300,1499,24146296000.0,872348157275.0
llama3-8b_conv300,1500,24146296000.0,872902171947.0
llama3-8b_conv300,1501,24146296000.0,873456186619.0
llama3-8b_conv300,1502,24146296000.0,874010201291.0
llama3-8b_conv300,1503,24146296000.0,874564215963.0
llama3-8b_conv300,1504,24146296000.0,875118230635.0
llama3-8b_conv300,1505,24146296000.0,875672245307.0
llama3-8b_conv300,1506,24146296000.0,876226259979.0
llama3-8b_conv300,1507,24146296000.0,876780274651.0
llama3-8b_conv300,1508,24146296000.0,877334289323.0
llama3-8b_conv300,1509,24146296000.0,877888303995.0
llama3-8b_conv300,1510,24146296000.0,878442318667.0
llama3-8b_conv300,1511,24146296000.0,878996333339.0
llama3-8b_conv300,1512,24768385000.0,879325384742.0
llama3-8b_conv300,1513,24768385000.0,879879608566.0
llama3-8b_conv300,1514,24768385000.0,880433832390.0
llama3-8b_conv300,1515,24768385000.0,880988056214.0
llama3-8b_conv300,1516,24768385000.0,881542280038.0
llama3-8b_conv300,1517,24768385000.0,882096503862.0
llama3-8b_conv300,1518,24768385000.0,882650727686.0
llama3-8b_conv300,1519,24768385000.0,883204951510.0
llama3-8b_conv300,1520,24768385000.0,883759175334.0
llama3-8b_conv300,1521,24894961000.0,883908434453.0
llama3-8b_conv300,1522,24894961000.0,884463127525.0
llama3-8b_conv300,1523,24894961000.0,885017820597.0
llama3-8b_conv300,1524,24894961000.0,885572545925.0
llama3-8b_conv300,1525,24894961000.0,886127271253.0
llama3-8b_conv300,1526,24894961000.0,886681996581.0
llama3-8b_conv300,1527,24894961000.0,887236721909.0
llama3-8b_conv300,1528,24894961000.0,887791447237.0
llama3-8b_conv300,1529,24894961000.0,888346172565.0
llama3-8b_conv300,1530,24894961000.0,888900303717.0
llama3-8b_conv300,1531,24894961000.0,889454434869.0
llama3-8b_conv300,1532,24894961000.0,890008566021.0
llama3-8b_conv300,1533,24894961000.0,890562697173.0
llama3-8b_conv300,1534,24894961000.0,891116828325.0
llama3-8b_conv300,1535,24894961000.0,891670959477.0
llama3-8b_conv300,1536,24894961000.0,892225090629.0
llama3-8b_conv300,1537,24894961000.0,892779221781.0
llama3-8b_conv300,1538,25081422000.0,892937302150.0
llama3-8b_conv300,1539,25081422000.0,893491902550.0
llama3-8b_conv300,1540,25081422000.0,894046502950.0
llama3-8b_conv300,1541,25081422000.0,894601103350.0
llama3-8b_conv300,1542,25081422000.0,895155703750.0
llama3-8b_conv300,1543,25081422000.0,895710304150.0
llama3-8b_conv300,1544,25081422000.0,896264904550.0
llama3-8b_conv300,1545,25081422000.0,896819504950.0
llama3-8b_conv300,1546,25081422000.0,897374105350.0
llama3-8b_conv300,1547,25081422000.0,897928705750.0
llama3-8b_conv300,1548,25081422000.0,898483306150.0
llama3-8b_conv300,1549,25081422000.0,899037906550.0
llama3-8b_conv300,1550,25223379000.0,901262205130.0
llama3-8b_conv300,1551,25223379000.0,901817659852.0
llama3-8b_conv300,1552,25249840000.0,902216699301.0
llama3-8b_conv300,1553,25249840000.0,902724766078.0
llama3-8b_conv300,1554,25249840000.0,903320104279.0
llama3-8b_conv300,1555,25249840000.0,903984361776.0
llama3-8b_conv300,1556,25249840000.0,904781335817.0
llama3-8b_conv300,1557,25249840000.0,905682094306.0
llama3-8b_conv300,1558,25249840000.0,906718651067.0
llama3-8b_conv300,1559,25324254000.0,907953133842.0
llama3-8b_conv300,1560,25324254000.0,909542687386.0
llama3-8b_conv300,1561,25324254000.0,910111691859.0
llama3-8b_conv300,1562,25324254000.0,910680696332.0
llama3-8b_conv300,1563,25324254000.0,911249700805.0
llama3-8b_conv300,1564,25324254000.0,911818496035.0
llama3-8b_conv300,1565,25324254000.0,912387291265.0
llama3-8b_conv300,1566,25324254000.0,912956086495.0
llama3-8b_conv300,1567,25324254000.0,913524881725.0
llama3-8b_conv300,1568,25324254000.0,914093676955.0
llama3-8b_conv300,1569,25324254000.0,914662472185.0
llama3-8b_conv300,1570,25324254000.0,915231267415.0
llama3-8b_conv300,1571,25324254000.0,915800062645.0
llama3-8b_conv300,1572,25324254000.0,916368857875.0
llama3-8b_conv300,1573,25324254000.0,916937653105.0
llama3-8b_conv300,1574,25324254000.0,917506448335.0
llama3-8b_conv300,1575,25324254000.0,918075243565.0
llama3-8b_conv300,1576,25249840000.0,918631635759.0
llama3-8b_conv300,1577,25249840000.0,919188027953.0
llama3-8b_conv300,1578,25249840000.0,919744420147.0
llama3-8b_conv300,1579,25249840000.0,920300812341.0
llama3-8b_conv300,1580,25249840000.0,920857204535.0
llama3-8b_conv300,1581,25249840000.0,921413596729.0
llama3-8b_conv300,1582,25249840000.0,921969988923.0
llama3-8b_conv300,1583,25249840000.0,922526381117.0
llama3-8b_conv300,1584,25249840000.0,923082773311.0
llama3-8b_conv300,1585,25249840000.0,923639165505.0
llama3-8b_conv300,1586,25917107000.0,924039142426.0
llama3-8b_conv300,1587,25917107000.0,924548178931.0
llama3-8b_conv300,1588,25917107000.0,926078274001.0
llama3-8b_conv300,1589,25917107000.0,926647389743.0
llama3-8b_conv300,1590,25917107000.0,927216505485.0
llama3-8b_conv300,1591,25917107000.0,927785713899.0
llama3-8b_conv300,1592,25917107000.0,928354922313.0
llama3-8b_conv300,1593,25917107000.0,928924130727.0
llama3-8b_conv300,1594,25917107000.0,929493339141.0
llama3-8b_conv300,1595,25917107000.0,930062547555.0
llama3-8b_conv300,1596,25917107000.0,930631848641.0
llama3-8b_conv300,1597,25917107000.0,931201149727.0
llama3-8b_conv300,1598,25917107000.0,931770450813.0
llama3-8b_conv300,1599,25917107000.0,932339751899.0
llama3-8b_conv300,1600,25917107000.0,932896490717.0
llama3-8b_conv300,1601,25917107000.0,933453229535.0
llama3-8b_conv300,1602,25917107000.0,934009968353.0
llama3-8b_conv300,1603,25917107000.0,934566707171.0
llama3-8b_conv300,1604,25917107000.0,935123445989.0
llama3-8b_conv300,1605,25917107000.0,935680184807.0
llama3-8b_conv300,1606,25917107000.0,936237016297.0
llama3-8b_conv300,1607,25917107000.0,936793847787.0
llama3-8b_conv300,1608,25917107000.0,937350679277.0
llama3-8b_conv300,1609,25917107000.0,937907510767.0
llama3-8b_conv300,1610,26254478000.0,942218171080.0
llama3-8b_conv300,1611,26254478000.0,942787500326.0
llama3-8b_conv300,1612,26254478000.0,943356861828.0
llama3-8b_conv300,1613,26254478000.0,943926223330.0
llama3-8b_conv300,1614,26254478000.0,944495584832.0
llama3-8b_conv300,1615,26254478000.0,945064946334.0
llama3-8b_conv300,1616,26254478000.0,945634307836.0
llama3-8b_conv300,1617,26254478000.0,946190236158.0
llama3-8b_conv300,1618,26254478000.0,946746164480.0
llama3-8b_conv300,1619,26254478000.0,947302092802.0
llama3-8b_conv300,1620,26254478000.0,947858021124.0
llama3-8b_conv300,1621,26407057000.0,948178681284.0
llama3-8b_conv300,1622,26407057000.0,948747139618.0
llama3-8b_conv300,1623,26461144000.0,950937637008.0
llama3-8b_conv300,1624,26461144000.0,951506179657.0
llama3-8b_conv300,1625,26461144000.0,952074545319.0
llama3-8b_conv300,1626,26461144000.0,952642910981.0
llama3-8b_conv300,1627,26461144000.0,953211276643.0
llama3-8b_conv300,1628,26461144000.0,953779642305.0
llama3-8b_conv300,1629,26461144000.0,954335602883.0
llama3-8b_conv300,1630,26461144000.0,954891563461.0
llama3-8b_conv300,1631,26461144000.0,955447524039.0
llama3-8b_conv300,1632,26461144000.0,956003484617.0
llama3-8b_conv300,1633,26461144000.0,956559445195.0
llama3-8b_conv300,1634,26461144000.0,957115405773.0
llama3-8b_conv300,1635,26461144000.0,957671366351.0
llama3-8b_conv300,1636,26461144000.0,958227326929.0
llama3-8b_conv300,1637,26461144000.0,958783287507.0
llama3-8b_conv300,1638,26461144000.0,959339248085.0
llama3-8b_conv300,1639,26461144000.0,959895208663.0
llama3-8b_conv300,1640,26461144000.0,960451169241.0
llama3-8b_conv300,1641,26461144000.0,961007129819.0
llama3-8b_conv300,1642,26461144000.0,961563090397.0
llama3-8b_conv300,1643,26461144000.0,962119050975.0
llama3-8b_conv300,1644,26461144000.0,962675011553.0
llama3-8b_conv300,1645,26461144000.0,963230972131.0
llama3-8b_conv300,1646,26461144000.0,963786932709.0
llama3-8b_conv300,1647,26461144000.0,964342893287.0
llama3-8b_conv300,1648,26461144000.0,964898853865.0
llama3-8b_conv300,1649,26461144000.0,965454814443.0
llama3-8b_conv300,1650,26461144000.0,966010775021.0
llama3-8b_conv300,1651,26461144000.0,966566735599.0
llama3-8b_conv300,1652,26461144000.0,967122696177.0
llama3-8b_conv300,1653,26461144000.0,967678689011.0
llama3-8b_conv300,1654,26461144000.0,968234681845.0
llama3-8b_conv300,1655,26461144000.0,968790674679.0
llama3-8b_conv300,1656,26461144000.0,969346667513.0
llama3-8b_conv300,1657,26461144000.0,969902660347.0
llama3-8b_conv300,1658,26461144000.0,970458653181.0
llama3-8b_conv300,1659,26461144000.0,971014646015.0
llama3-8b_conv300,1660,26461144000.0,971570638849.0
llama3-8b_conv300,1661,26461144000.0,972126631683.0
llama3-8b_conv300,1662,26461144000.0,972682624517.0
llama3-8b_conv300,1663,26461144000.0,973238617351.0
llama3-8b_conv300,1664,26461144000.0,973794610185.0
llama3-8b_conv300,1665,26461144000.0,974350603019.0
llama3-8b_conv300,1666,26461144000.0,974906595853.0
llama3-8b_conv300,1667,26461144000.0,975462588687.0
llama3-8b_conv300,1668,26461144000.0,976018581521.0
llama3-8b_conv300,1669,26461144000.0,976574574355.0
llama3-8b_conv300,1670,26461144000.0,977130567189.0
llama3-8b_conv300,1671,26461144000.0,977686560023.0
llama3-8b_conv300,1672,26461144000.0,978242552857.0
llama3-8b_conv300,1673,26461144000.0,978798545691.0
llama3-8b_conv300,1674,26461144000.0,979353559275.0
llama3-8b_conv300,1675,26461144000.0,979908572859.0
llama3-8b_conv300,1676,26461144000.0,980463024523.0
llama3-8b_conv300,1677,26461144000.0,981017476187.0
llama3-8b_conv300,1678,26461144000.0,981571927851.0
llama3-8b_conv300,1679,26461144000.0,982126379515.0
llama3-8b_conv300,1680,26461144000.0,982680831179.0
llama3-8b_conv300,1681,26461144000.0,983235282843.0
llama3-8b_conv300,1682,26461144000.0,983789734507.0
llama3-8b_conv300,1683,26461144000.0,984344186171.0
llama3-8b_conv300,1684,26461144000.0,984898637835.0
llama3-8b_conv300,1685,26461144000.0,985453182171.0
llama3-8b_conv300,1686,26461144000.0,986007726507.0
llama3-8b_conv300,1687,26461144000.0,986562270843.0
llama3-8b_conv300,1688,26461144000.0,987116815179.0
llama3-8b_conv300,1689,26461144000.0,987671359515.0
llama3-8b_conv300,1690,26461144000.0,988225903851.0
llama3-8b_conv300,1691,26461144000.0,988780448187.0
llama3-8b_conv300,1692,26461144000.0,989334992523.0
llama3-8b_conv300,1693,26461144000.0,989889536859.0
llama3-8b_conv300,1694,26461144000.0,990444081195.0
llama3-8b_conv300,1695,26461144000.0,990998625531.0
llama3-8b_conv300,1696,26461144000.0,991553169867.0
llama3-8b_conv300,1697,26461144000.0,992107714203.0
llama3-8b_conv300,1698,26461144000.0,992662258539.0
llama3-8b_conv300,1699,26461144000.0,993216802875.0
llama3-8b_conv300,1700,26461144000.0,993771347211.0
llama3-8b_conv300,1701,27330266000.0,993929840764.0
llama3-8b_conv300,1702,27330266000.0,994484854348.0
llama3-8b_conv300,1703,27330266000.0,995039867932.0
llama3-8b_conv300,1704,27330266000.0,995594881516.0
llama3-8b_conv300,1705,27330266000.0,996149895100.0
llama3-8b_conv300,1706,27330266000.0,996704908684.0
llama3-8b_conv300,1707,27330266000.0,997259922268.0
llama3-8b_conv300,1708,27330266000.0,997814935852.0
llama3-8b_conv300,1709,27330266000.0,998369949436.0
llama3-8b_conv300,1710,27330266000.0,998924963020.0
llama3-8b_conv300,1711,27330266000.0,999479976604.0
llama3-8b_conv300,1712,27330266000.0,1000034990188.0
llama3-8b_conv300,1713,27330266000.0,1000590003772.0
llama3-8b_conv300,1714,27330266000.0,1001145017356.0
llama3-8b_conv300,1715,27330266000.0,1001700030940.0
llama3-8b_conv300,1716,27330266000.0,1002255044524.0
llama3-8b_conv300,1717,27330266000.0,1002810058108.0
llama3-8b_conv300,1718,27330266000.0,1003365071692.0
llama3-8b_conv300,1719,27330266000.0,1003920085276.0
llama3-8b_conv300,1720,27552529000.0,1006144797040.0
llama3-8b_conv300,1721,27552529000.0,1006700697202.0
llama3-8b_conv300,1722,27552529000.0,1007256597364.0
llama3-8b_conv300,1723,27552529000.0,1007811486020.0
llama3-8b_conv300,1724,27552529000.0,1008366374676.0
llama3-8b_conv300,1725,27552529000.0,1008921263332.0
llama3-8b_conv300,1726,27552529000.0,1009476151988.0
llama3-8b_conv300,1727,27552529000.0,1010030478724.0
llama3-8b_conv300,1728,27552529000.0,1010584805460.0
llama3-8b_conv300,1729,27552529000.0,1011139132196.0
llama3-8b_conv300,1730,27552529000.0,1011693458932.0
llama3-8b_conv300,1731,27552529000.0,1012247785668.0
llama3-8b_conv300,1732,27552529000.0,1012802112404.0
llama3-8b_conv300,1733,27552529000.0,1013356439140.0
llama3-8b_conv300,1734,27552529000.0,1013910765876.0
llama3-8b_conv300,1735,27552529000.0,1014465092612.0
llama3-8b_conv300,1736,27552529000.0,1015019419348.0
llama3-8b_conv300,1737,27552529000.0,1015573746084.0
llama3-8b_conv300,1738,27552529000.0,1016128072820.0
llama3-8b_conv300,1739,27552529000.0,1016682399556.0
llama3-8b_conv300,1740,27552529000.0,1017236726292.0
llama3-8b_conv300,1741,27552529000.0,1017791053028.0
llama3-8b_conv300,1742,27552529000.0,1018345379764.0
llama3-8b_conv300,1743,27552529000.0,1018899706500.0
llama3-8b_conv300,1744,27552529000.0,1019454033236.0
llama3-8b_conv300,1745,27552529000.0,1020008359972.0
llama3-8b_conv300,1746,27552529000.0,1020562686708.0
llama3-8b_conv300,1747,27552529000.0,1021117013444.0
llama3-8b_conv300,1748,27552529000.0,1021671340180.0
llama3-8b_conv300,1749,27552529000.0,1022225666916.0
llama3-8b_conv300,1750,27552529000.0,1022779993652.0
llama3-8b_conv300,1751,27552529000.0,1023334320388.0
llama3-8b_conv300,1752,27552529000.0,1023888647124.0
llama3-8b_conv300,1753,27552529000.0,1024442973860.0
llama3-8b_conv300,1754,27552529000.0,1024997393268.0
llama3-8b_conv300,1755,27552529000.0,1025551812676.0
llama3-8b_conv300,1756,27552529000.0,1026106232084.0
llama3-8b_conv300,1757,27552529000.0,1026660651492.0
llama3-8b_conv300,1758,27552529000.0,1027215070900.0
llama3-8b_conv300,1759,27552529000.0,1027769490308.0
llama3-8b_conv300,1760,27552529000.0,1028323909716.0
llama3-8b_conv300,1761,27552529000.0,1028878329124.0
llama3-8b_conv300,1762,27552529000.0,1029432748532.0
llama3-8b_conv300,1763,27552529000.0,1029987167940.0
llama3-8b_conv300,1764,27552529000.0,1030541587348.0
llama3-8b_conv300,1765,27552529000.0,1031096006756.0
llama3-8b_conv300,1766,27552529000.0,1031650426164.0
llama3-8b_conv300,1767,27552529000.0,1032204845572.0
llama3-8b_conv300,1768,28090234000.0,1032302887092.0
llama3-8b_conv300,1769,28090234000.0,1032857773700.0
llama3-8b_conv300,1770,28090234000.0,1033412660308.0
llama3-8b_conv300,1771,28090234000.0,1033967546916.0
llama3-8b_conv300,1772,28090234000.0,1034522433524.0
llama3-8b_conv300,1773,28090234000.0,1035077320132.0
llama3-8b_conv300,1774,28090234000.0,1035632206740.0
llama3-8b_conv300,1775,28090234000.0,1036187093348.0
llama3-8b_conv300,1776,28090234000.0,1036742072628.0
llama3-8b_conv300,1777,28090234000.0,1037297051908.0
llama3-8b_conv300,1778,28090234000.0,1037852031188.0
llama3-8b_conv300,1779,28090234000.0,1038407010468.0
llama3-8b_conv300,1780,28090234000.0,1038961989748.0
llama3-8b_conv300,1781,28090234000.0,1039517001284.0
llama3-8b_conv300,1782,28090234000.0,1040072012820.0
llama3-8b_conv300,1783,28090234000.0,1040627024356.0
llama3-8b_conv300,1784,28090234000.0,1041182035892.0
llama3-8b_conv300,1785,28090234000.0,1041737047428.0
llama3-8b_conv300,1786,28090234000.0,1042292058964.0
llama3-8b_conv300,1787,28090234000.0,1042847070500.0
llama3-8b_conv300,1788,28090234000.0,1043402082036.0
llama3-8b_conv300,1789,28090234000.0,1043957093572.0
llama3-8b_conv300,1790,28090234000.0,1044512105108.0
llama3-8b_conv300,1791,28353357000.0,1045997534945.0
llama3-8b_conv300,1792,28353357000.0,1046553525731.0
llama3-8b_conv300,1793,28353357000.0,1047109516517.0
llama3-8b_conv300,1794,28353357000.0,1047665507303.0
llama3-8b_conv300,1795,28353357000.0,1048221498089.0
llama3-8b_conv300,1796,28353357000.0,1048777488875.0
llama3-8b_conv300,1797,28353357000.0,1049333479661.0
llama3-8b_conv300,1798,28353357000.0,1049889470447.0
llama3-8b_conv300,1799,28353357000.0,1050445461233.0
llama3-8b_conv300,1800,28353357000.0,1051001452019.0
llama3-8b_conv300,1801,28353357000.0,1051557442805.0
llama3-8b_conv300,1802,28353357000.0,1052113433591.0
llama3-8b_conv300,1803,28353357000.0,1052669424377.0
llama3-8b_conv300,1804,28353357000.0,1053225415163.0
llama3-8b_conv300,1805,28353357000.0,1053781405949.0
llama3-8b_conv300,1806,28353357000.0,1054337396735.0
llama3-8b_conv300,1807,28353357000.0,1054893387521.0
llama3-8b_conv300,1808,28353357000.0,1055449378307.0
llama3-8b_conv300,1809,28578535000.0,1055848953820.0
llama3-8b_conv300,1810,28578535000.0,1056357556661.0
llama3-8b_conv300,1811,28607772000.0,1056867907500.0
llama3-8b_conv300,1812,28607772000.0,1057319017347.0
llama3-8b_conv300,1813,28607772000.0,1057552595871.0
llama3-8b_conv300,1814,28764379000.0,1061827683107.0
llama3-8b_conv300,1815,28764379000.0,1062398747192.0
llama3-8b_conv300,1816,28764379000.0,1062969811277.0
llama3-8b_conv300,1817,28764379000.0,1063540875362.0
llama3-8b_conv300,1818,28764379000.0,1064111939447.0
llama3-8b_conv300,1819,28764379000.0,1064683003532.0
llama3-8b_conv300,1820,28764379000.0,1065254099873.0
llama3-8b_conv300,1821,28764379000.0,1065825196214.0
llama3-8b_conv300,1822,28764379000.0,1066396292555.0
llama3-8b_conv300,1823,28764379000.0,1066967388896.0
llama3-8b_conv300,1824,28764379000.0,1067538485237.0
llama3-8b_conv300,1825,28764379000.0,1068109581578.0
llama3-8b_conv300,1826,28764379000.0,1068680677919.0
llama3-8b_conv300,1827,28764379000.0,1069251774260.0
llama3-8b_conv300,1828,28764379000.0,1069822870601.0
llama3-8b_conv300,1829,28764379000.0,1070393966942.0
llama3-8b_conv300,1830,28764379000.0,1070965063283.0
llama3-8b_conv300,1831,28764379000.0,1071536159624.0
llama3-8b_conv300,1832,28764379000.0,1072107258013.0
llama3-8b_conv300,1833,28764379000.0,1072678356402.0
llama3-8b_conv300,1834,28764379000.0,1073249454791.0
llama3-8b_conv300,1835,28764379000.0,1073820585436.0
llama3-8b_conv300,1836,28764379000.0,1074391716081.0
llama3-8b_conv300,1837,28764379000.0,1074962846726.0
llama3-8b_conv300,1838,28764379000.0,1075533977371.0
llama3-8b_conv300,1839,28764379000.0,1076105108016.0
llama3-8b_conv300,1840,28764379000.0,1076674227177.0
llama3-8b_conv300,1841,28764379000.0,1077243346338.0
llama3-8b_conv300,1842,28764379000.0,1077812465499.0
llama3-8b_conv300,1843,28764379000.0,1078381584660.0
llama3-8b_conv300,1844,28764379000.0,1078950703821.0
llama3-8b_conv300,1845,28764379000.0,1079519855238.0
llama3-8b_conv300,1846,28764379000.0,1080089006655.0
llama3-8b_conv300,1847,28764379000.0,1080658158072.0
llama3-8b_conv300,1848,28764379000.0,1081227309489.0
llama3-8b_conv300,1849,28764379000.0,1081796460906.0
llama3-8b_conv300,1850,28764379000.0,1082365612323.0
llama3-8b_conv300,1851,28764379000.0,1082934763740.0
llama3-8b_conv300,1852,28764379000.0,1083503915157.0
llama3-8b_conv300,1853,28764379000.0,1084073066574.0
llama3-8b_conv300,1854,28764379000.0,1084642217991.0
llama3-8b_conv300,1855,28764379000.0,1085211369408.0
llama3-8b_conv300,1856,28764379000.0,1085780520825.0
llama3-8b_conv300,1857,28764379000.0,1086349672242.0
llama3-8b_conv300,1858,28764379000.0,1086918823659.0
llama3-8b_conv300,1859,28764379000.0,1087487975076.0
llama3-8b_conv300,1860,28764379000.0,1088057126493.0
llama3-8b_conv300,1861,28764379000.0,1088626277910.0
llama3-8b_conv300,1862,29340288000.0,1089745475835.0
llama3-8b_conv300,1863,29340288000.0,1090316511760.0
llama3-8b_conv300,1864,29340288000.0,1090887547685.0
llama3-8b_conv300,1865,29340288000.0,1091458583610.0
llama3-8b_conv300,1866,29340288000.0,1092029619535.0
llama3-8b_conv300,1867,29340288000.0,1092600687716.0
llama3-8b_conv300,1868,29340288000.0,1093171755897.0
llama3-8b_conv300,1869,29340288000.0,1093742824078.0
llama3-8b_conv300,1870,29340288000.0,1094313892259.0
llama3-8b_conv300,1871,29340288000.0,1094884960440.0
llama3-8b_conv300,1872,29340288000.0,1095454017137.0
llama3-8b_conv300,1873,29340288000.0,1096023073834.0
llama3-8b_conv300,1874,29340288000.0,1096592130531.0
llama3-8b_conv300,1875,29340288000.0,1097161187228.0
llama3-8b_conv300,1876,29340288000.0,1097730243925.0
llama3-8b_conv300,1877,29340288000.0,1098299300622.0
llama3-8b_conv300,1878,28607772000.0,1098868275052.0
llama3-8b_conv300,1879,28607772000.0,1099437249482.0
llama3-8b_conv300,1880,28607772000.0,1100006223912.0
llama3-8b_conv300,1881,28607772000.0,1100575198342.0
llama3-8b_conv300,1882,28607772000.0,1101144205028.0
llama3-8b_conv300,1883,28607772000.0,1101713211714.0
llama3-8b_conv300,1884,28607772000.0,1102282218400.0
llama3-8b_conv300,1885,28607772000.0,1102851225086.0
llama3-8b_conv300,1886,28607772000.0,1103420231772.0
llama3-8b_conv300,1887,28607772000.0,1103989238458.0
llama3-8b_conv300,1888,28607772000.0,1104558245144.0
llama3-8b_conv300,1889,28607772000.0,1105127251830.0
llama3-8b_conv300,1890,28607772000.0,1105696258516.0
llama3-8b_conv300,1891,29686078000.0,1106080402859.0
llama3-8b_conv300,1892,29686078000.0,1106557448578.0
llama3-8b_conv300,1893,29686078000.0,1107247457625.0
llama3-8b_conv300,1894,29686078000.0,1107946940720.0
llama3-8b_conv300,1895,29686078000.0,1108810528007.0
llama3-8b_conv300,1896,29686078000.0,1109899399390.0
llama3-8b_conv300,1897,29686078000.0,1111005150389.0
llama3-8b_conv300,1898,29686078000.0,1112112969868.0
llama3-8b_conv300,1899,29686078000.0,1112707730501.0
llama3-8b_conv300,1900,29686078000.0,1113277849598.0
llama3-8b_conv300,1901,29686078000.0,1113847968695.0
llama3-8b_conv300,1902,29686078000.0,1114418087792.0
llama3-8b_conv300,1903,29686078000.0,1114988206889.0
llama3-8b_conv300,1904,29686078000.0,1115558358242.0
llama3-8b_conv300,1905,29686078000.0,1116128509595.0
llama3-8b_conv300,1906,29686078000.0,1116698660948.0
llama3-8b_conv300,1907,29686078000.0,1117268812301.0
llama3-8b_conv300,1908,29686078000.0,1117838963654.0
llama3-8b_conv300,1909,29686078000.0,1118409147263.0
llama3-8b_conv300,1910,30181499000.0,1122750698564.0
llama3-8b_conv300,1911,30181499000.0,1123322893657.0
llama3-8b_conv300,1912,30181499000.0,1123895088750.0
llama3-8b_conv300,1913,30181499000.0,1124467283843.0
llama3-8b_conv300,1914,30181499000.0,1125037435196.0
llama3-8b_conv300,1915,30181499000.0,1125607586549.0
llama3-8b_conv300,1916,30181499000.0,1126177737902.0
llama3-8b_conv300,1917,30181499000.0,1126747889255.0
llama3-8b_conv300,1918,30181499000.0,1127317831365.0
llama3-8b_conv300,1919,30181499000.0,1127887773475.0
llama3-8b_conv300,1920,30181499000.0,1128457715585.0
llama3-8b_conv300,1921,30181499000.0,1129027657695.0
llama3-8b_conv300,1922,30181499000.0,1129597599805.0
llama3-8b_conv300,1923,30181499000.0,1130167541915.0
llama3-8b_conv300,1924,30181499000.0,1130737484025.0
llama3-8b_conv300,1925,30181499000.0,1131307426135.0
llama3-8b_conv300,1926,30181499000.0,1131877368245.0
llama3-8b_conv300,1927,30181499000.0,1132447310355.0
llama3-8b_conv300,1928,30181499000.0,1133017252465.0
llama3-8b_conv300,1929,30181499000.0,1133587194575.0
llama3-8b_conv300,1930,30181499000.0,1134157136685.0
llama3-8b_conv300,1931,30181499000.0,1134727078795.0
llama3-8b_conv300,1932,30181499000.0,1135297020905.0
llama3-8b_conv300,1933,30181499000.0,1135866963015.0
llama3-8b_conv300,1934,30181499000.0,1136436905125.0
llama3-8b_conv300,1935,30181499000.0,1137006847235.0
llama3-8b_conv300,1936,30181499000.0,1137576789345.0
llama3-8b_conv300,1937,30181499000.0,1138134201443.0
llama3-8b_conv300,1938,30181499000.0,1138691613541.0
llama3-8b_conv300,1939,30181499000.0,1139249025639.0
llama3-8b_conv300,1940,30181499000.0,1139806437737.0
llama3-8b_conv300,1941,30181499000.0,1140363849835.0
llama3-8b_conv300,1942,30181499000.0,1140920407611.0
llama3-8b_conv300,1943,30181499000.0,1141476965387.0
llama3-8b_conv300,1944,30181499000.0,1142033523163.0
llama3-8b_conv300,1945,30181499000.0,1142590080939.0
llama3-8b_conv300,1946,30181499000.0,1143146638715.0
llama3-8b_conv300,1947,30181499000.0,1143703196491.0
llama3-8b_conv300,1948,30181499000.0,1144259754267.0
llama3-8b_conv300,1949,30181499000.0,1144814814699.0
llama3-8b_conv300,1950,30181499000.0,1145369875131.0
llama3-8b_conv300,1951,30181499000.0,1145924935563.0
llama3-8b_conv300,1952,30181499000.0,1146479995995.0
llama3-8b_conv300,1953,30181499000.0,1147035056427.0
llama3-8b_conv300,1954,30181499000.0,1147590116859.0
llama3-8b_conv300,1955,30181499000.0,1148145177291.0
llama3-8b_conv300,1956,30181499000.0,1148700237723.0
llama3-8b_conv300,1957,30181499000.0,1149255298155.0
llama3-8b_conv300,1958,30181499000.0,1149810358587.0
llama3-8b_conv300,1959,30181499000.0,1150365419019.0
llama3-8b_conv300,1960,30181499000.0,1150920479451.0
llama3-8b_conv300,1961,30181499000.0,1151475539883.0
llama3-8b_conv300,1962,30181499000.0,1152030600315.0
llama3-8b_conv300,1963,30181499000.0,1152585693003.0
llama3-8b_conv300,1964,30181499000.0,1153140785691.0
llama3-8b_conv300,1965,30181499000.0,1153695878379.0
llama3-8b_conv300,1966,30181499000.0,1154250971067.0
llama3-8b_conv300,1967,30181499000.0,1154806063755.0
llama3-8b_conv300,1968,30181499000.0,1155361156443.0
llama3-8b_conv300,1969,30181499000.0,1155915781931.0
llama3-8b_conv300,1970,30181499000.0,1156470407419.0
llama3-8b_conv300,1971,30181499000.0,1157025032907.0
llama3-8b_conv300,1972,30181499000.0,1157579658395.0
llama3-8b_conv300,1973,30181499000.0,1158134283883.0
llama3-8b_conv300,1974,30181499000.0,1158688909371.0
llama3-8b_conv300,1975,30181499000.0,1159243534859.0
llama3-8b_conv300,1976,30181499000.0,1159798160347.0
llama3-8b_conv300,1977,30181499000.0,1160352785835.0
llama3-8b_conv300,1978,30181499000.0,1160907411323.0
llama3-8b_conv300,1979,30181499000.0,1161462036811.0
llama3-8b_conv300,1980,30181499000.0,1162016662299.0
llama3-8b_conv300,1981,30181499000.0,1162571287787.0
llama3-8b_conv300,1982,30181499000.0,1163125913275.0
llama3-8b_conv300,1983,30181499000.0,1163680538763.0
llama3-8b_conv300,1984,30181499000.0,1164235164251.0
llama3-8b_conv300,1985,30181499000.0,1164789789739.0
llama3-8b_conv300,1986,30181499000.0,1165344415227.0
llama3-8b_conv300,1987,30181499000.0,1165899040715.0
llama3-8b_conv300,1988,30181499000.0,1166453666203.0
llama3-8b_conv300,1989,30181499000.0,1167007439467.0
llama3-8b_conv300,1990,30181499000.0,1167561212731.0
llama3-8b_conv300,1991,30181499000.0,1168114985995.0
llama3-8b_conv300,1992,30181499000.0,1168668759259.0
llama3-8b_conv300,1993,30181499000.0,1169222532523.0
llama3-8b_conv300,1994,30181499000.0,1169776305787.0
llama3-8b_conv300,1995,30181499000.0,1170330079051.0
llama3-8b_conv300,1996,30181499000.0,1170883852315.0
llama3-8b_conv300,1997,30181499000.0,1171437625579.0
llama3-8b_conv300,1998,30181499000.0,1171991398843.0
llama3-8b_conv300,1999,28607772000.0,1172544319883.0
llama3-8b_conv300,2000,28607772000.0,1173097240923.0
llama3-8b_conv300,2001,28607772000.0,1173650161963.0
llama3-8b_conv300,2002,28607772000.0,1174203083003.0
llama3-8b_conv300,2003,28607772000.0,1174756004043.0
llama3-8b_conv300,2004,31269171000.0,1174915885160.0
llama3-8b_conv300,2005,31269171000.0,1175469533496.0
llama3-8b_conv300,2006,31269171000.0,1176023181832.0
llama3-8b_conv300,2007,31269171000.0,1176576830168.0
llama3-8b_conv300,2008,31269171000.0,1177130478504.0
llama3-8b_conv300,2009,31269171000.0,1177684126840.0
llama3-8b_conv300,2010,31269171000.0,1178237775176.0
llama3-8b_conv300,2011,31269171000.0,1178791423512.0
llama3-8b_conv300,2012,31269171000.0,1179345071848.0
llama3-8b_conv300,2013,31269171000.0,1179898720184.0
llama3-8b_conv300,2014,31269171000.0,1180452368520.0
llama3-8b_conv300,2015,31269171000.0,1181006016856.0
llama3-8b_conv300,2016,31269171000.0,1181559665192.0
llama3-8b_conv300,2017,31269171000.0,1182113313528.0
llama3-8b_conv300,2018,31269171000.0,1182666961864.0
llama3-8b_conv300,2019,31269171000.0,1183220610200.0
llama3-8b_conv300,2020,31269171000.0,1183774258536.0
llama3-8b_conv300,2021,31269171000.0,1184327906872.0
llama3-8b_conv300,2022,31269171000.0,1184881555208.0
llama3-8b_conv300,2023,31269171000.0,1185435203544.0
llama3-8b_conv300,2024,31269171000.0,1185988851880.0
llama3-8b_conv300,2025,31269171000.0,1186542500216.0
llama3-8b_conv300,2026,31269171000.0,1187096148552.0
llama3-8b_conv300,2027,31269171000.0,1187649796888.0
llama3-8b_conv300,2028,31269171000.0,1188203445224.0
llama3-8b_conv300,2029,31269171000.0,1188757093560.0
llama3-8b_conv300,2030,31269171000.0,1189310741896.0
llama3-8b_conv300,2031,31269171000.0,1189864390232.0
llama3-8b_conv300,2032,31269171000.0,1190418038568.0
llama3-8b_conv300,2033,31269171000.0,1190971686904.0
llama3-8b_conv300,2034,31269171000.0,1191525335240.0
llama3-8b_conv300,2035,31620490000.0,1191924019495.0
llama3-8b_conv300,2036,31620490000.0,1192454291846.0
llama3-8b_conv300,2037,31620490000.0,1192583298166.0
llama3-8b_conv300,2038,31620490000.0,1193137701958.0
llama3-8b_conv300,2039,31620490000.0,1193692105750.0
llama3-8b_conv300,2040,31620490000.0,1194246509542.0
llama3-8b_conv300,2041,31620490000.0,1194800913334.0
llama3-8b_conv300,2042,31760229000.0,1199249048250.0
llama3-8b_conv300,2043,31760229000.0,1199803661194.0
llama3-8b_conv300,2044,31760229000.0,1200358274138.0
llama3-8b_conv300,2045,31760229000.0,1200912887082.0
llama3-8b_conv300,2046,31760229000.0,1201467500026.0
llama3-8b_conv300,2047,31760229000.0,1202022112970.0
llama3-8b_conv300,2048,31760229000.0,1202576818586.0
llama3-8b_conv300,2049,31760229000.0,1203131524202.0
llama3-8b_conv300,2050,31760229000.0,1203686229818.0
llama3-8b_conv300,2051,31760229000.0,1204240935434.0
llama3-8b_conv300,2052,31760229000.0,1204795641050.0
llama3-8b_conv300,2053,31760229000.0,1205350346666.0
llama3-8b_conv300,2054,31917003000.0,1209713087672.0
llama3-8b_conv300,2055,31917003000.0,1210268387464.0
llama3-8b_conv300,2056,31917003000.0,1210823687256.0
llama3-8b_conv300,2057,31917003000.0,1211378987048.0
llama3-8b_conv300,2058,31917003000.0,1211934286840.0
llama3-8b_conv300,2059,31917003000.0,1212489586632.0
llama3-8b_conv300,2060,31917003000.0,1213044886424.0
llama3-8b_conv300,2061,31917003000.0,1213600186216.0
llama3-8b_conv300,2062,31917003000.0,1214155486008.0
llama3-8b_conv300,2063,31917003000.0,1214710785800.0
llama3-8b_conv300,2064,31917003000.0,1215266085592.0
llama3-8b_conv300,2065,31917003000.0,1215821385384.0
llama3-8b_conv300,2066,31917003000.0,1216376685176.0
llama3-8b_conv300,2067,31917003000.0,1216931984968.0
llama3-8b_conv300,2068,31917003000.0,1217487284760.0
llama3-8b_conv300,2069,31917003000.0,1218042584552.0
llama3-8b_conv300,2070,31917003000.0,1218597884344.0
llama3-8b_conv300,2071,31917003000.0,1219153184136.0
llama3-8b_conv300,2072,31917003000.0,1219708483928.0
llama3-8b_conv300,2073,31917003000.0,1220263783720.0
llama3-8b_conv300,2074,31917003000.0,1220819083512.0
llama3-8b_conv300,2075,31917003000.0,1221374383304.0
llama3-8b_conv300,2076,31917003000.0,1221929683096.0
llama3-8b_conv300,2077,31917003000.0,1222484982888.0
llama3-8b_conv300,2078,31917003000.0,1223040282680.0
llama3-8b_conv300,2079,31917003000.0,1223595582472.0
llama3-8b_conv300,2080,31917003000.0,1224150882264.0
llama3-8b_conv300,2081,31917003000.0,1224706182056.0
llama3-8b_conv300,2082,31917003000.0,1225261481848.0
llama3-8b_conv300,2083,31917003000.0,1225816781640.0
llama3-8b_conv300,2084,31917003000.0,1226372081432.0
llama3-8b_conv300,2085,31917003000.0,1226927381224.0
llama3-8b_conv300,2086,31917003000.0,1227482681016.0
llama3-8b_conv300,2087,31917003000.0,1228037980808.0
llama3-8b_conv300,2088,31917003000.0,1228593280600.0
llama3-8b_conv300,2089,31917003000.0,1229148580392.0
llama3-8b_conv300,2090,31917003000.0,1229703880184.0
llama3-8b_conv300,2091,31917003000.0,1230259212232.0
llama3-8b_conv300,2092,31917003000.0,1230814544280.0
llama3-8b_conv300,2093,31917003000.0,1231369876328.0
llama3-8b_conv300,2094,32388505000.000004,1231753707810.0
llama3-8b_conv300,2095,32388505000.000004,1232284843740.0
llama3-8b_conv300,2096,32388505000.000004,1232986669118.0
llama3-8b_conv300,2097,32388505000.000004,1233543141696.0
llama3-8b_conv300,2098,32388505000.000004,1234099614274.0
llama3-8b_conv300,2099,32388505000.000004,1234656086852.0
llama3-8b_conv300,2100,32388505000.000004,1235212559430.0
llama3-8b_conv300,2101,32388505000.000004,1235769032008.0
llama3-8b_conv300,2102,32388505000.000004,1236325504586.0
llama3-8b_conv300,2103,32388505000.000004,1236881977164.0
llama3-8b_conv300,2104,32388505000.000004,1237438481998.0
llama3-8b_conv300,2105,32388505000.000004,1237994986832.0
llama3-8b_conv300,2106,32388505000.000004,1238551491666.0
llama3-8b_conv300,2107,32388505000.000004,1239107996500.0
llama3-8b_conv300,2108,32388505000.000004,1239664501334.0
llama3-8b_conv300,2109,32388505000.000004,1240221006168.0
llama3-8b_conv300,2110,32388505000.000004,1240777511002.0
llama3-8b_conv300,2111,32388505000.000004,1241334015836.0
llama3-8b_conv300,2112,32388505000.000004,1241890520670.0
llama3-8b_conv300,2113,32388505000.000004,1242447025504.0
llama3-8b_conv300,2114,32388505000.000004,1243003530338.0
llama3-8b_conv300,2115,32388505000.000004,1243560035172.0
llama3-8b_conv300,2116,32388505000.000004,1244116540006.0
llama3-8b_conv300,2117,32388505000.000004,1244673044840.0
llama3-8b_conv300,2118,32388505000.000004,1245229549674.0
llama3-8b_conv300,2119,32388505000.000004,1245786054508.0
llama3-8b_conv300,2120,32388505000.000004,1246342559342.0
llama3-8b_conv300,2121,32388505000.000004,1246899064176.0
llama3-8b_conv300,2122,32388505000.000004,1247455569010.0
llama3-8b_conv300,2123,32388505000.000004,1248012073844.0
llama3-8b_conv300,2124,32388505000.000004,1248568578678.0
llama3-8b_conv300,2125,32388505000.000004,1249125083512.0
llama3-8b_conv300,2126,32388505000.000004,1249681588346.0
llama3-8b_conv300,2127,32388505000.000004,1250238093180.0
llama3-8b_conv300,2128,32388505000.000004,1250794598014.0
llama3-8b_conv300,2129,32388505000.000004,1251351102848.0
llama3-8b_conv300,2130,32388505000.000004,1251907607682.0
llama3-8b_conv300,2131,32388505000.000004,1252464112516.0
llama3-8b_conv300,2132,32388505000.000004,1253020617350.0
llama3-8b_conv300,2133,32388505000.000004,1253577122184.0
llama3-8b_conv300,2134,32388505000.000004,1254133627018.0
llama3-8b_conv300,2135,32388505000.000004,1254690131852.0
llama3-8b_conv300,2136,32388505000.000004,1255245657436.0
llama3-8b_conv300,2137,32388505000.000004,1255801183020.0
llama3-8b_conv300,2138,32388505000.000004,1256356708604.0
llama3-8b_conv300,2139,32388505000.000004,1256912234188.0
llama3-8b_conv300,2140,32388505000.000004,1257467759772.0
llama3-8b_conv300,2141,32388505000.000004,1258023285356.0
llama3-8b_conv300,2142,32388505000.000004,1258578810940.0
llama3-8b_conv300,2143,32388505000.000004,1259134336524.0
llama3-8b_conv300,2144,32388505000.000004,1259689862108.0
llama3-8b_conv300,2145,32388505000.000004,1260245387692.0
llama3-8b_conv300,2146,32388505000.000004,1260800913276.0
llama3-8b_conv300,2147,32388505000.000004,1261356471116.0
llama3-8b_conv300,2148,32388505000.000004,1261912028956.0
llama3-8b_conv300,2149,32388505000.000004,1262467586796.0
llama3-8b_conv300,2150,32388505000.000004,1263023144636.0
llama3-8b_conv300,2151,32388505000.000004,1263578702476.0
llama3-8b_conv300,2152,32388505000.000004,1264134260316.0
llama3-8b_conv300,2153,32388505000.000004,1264689818156.0
llama3-8b_conv300,2154,32388505000.000004,1265245375996.0
llama3-8b_conv300,2155,32388505000.000004,1265800933836.0
llama3-8b_conv300,2156,32388505000.000004,1266356491676.0
llama3-8b_conv300,2157,32388505000.000004,1266912049516.0
llama3-8b_conv300,2158,32388505000.000004,1267467607356.0
llama3-8b_conv300,2159,32388505000.000004,1268023165196.0
llama3-8b_conv300,2160,32388505000.000004,1268578723036.0
llama3-8b_conv300,2161,32388505000.000004,1269134280876.0
llama3-8b_conv300,2162,32388505000.000004,1269689838716.0
llama3-8b_conv300,2163,32388505000.000004,1270245396556.0
llama3-8b_conv300,2164,33235881999.999996,1270629453830.0
llama3-8b_conv300,2165,33235881999.999996,1272203110328.0
llama3-8b_conv300,2166,33235881999.999996,1272759776442.0
llama3-8b_conv300,2167,33235881999.999996,1273316442556.0
llama3-8b_conv300,2168,33235881999.999996,1273873108670.0
llama3-8b_conv300,2169,33235881999.999996,1274429774784.0
llama3-8b_conv300,2170,33235881999.999996,1274986440898.0
llama3-8b_conv300,2171,33235881999.999996,1275543107012.0
llama3-8b_conv300,2172,33235881999.999996,1276099773126.0
llama3-8b_conv300,2173,33235881999.999996,1276655427734.0
llama3-8b_conv300,2174,33235881999.999996,1277211082342.0
llama3-8b_conv300,2175,33413528000.0,1277371499349.0
llama3-8b_conv300,2176,33413528000.0,1277928040535.0
llama3-8b_conv300,2177,33413528000.0,1278484581721.0
llama3-8b_conv300,2178,33413528000.0,1279041122907.0
llama3-8b_conv300,2179,33413528000.0,1279597664093.0
llama3-8b_conv300,2180,33413528000.0,1280154205279.0
llama3-8b_conv300,2181,33491000999.999996,1280554331192.0
llama3-8b_conv300,2182,33526770000.0,1280986770223.0
llama3-8b_conv300,2183,33526770000.0,1281089595432.0
llama3-8b_conv300,2184,33526770000.0,1281658879969.0
llama3-8b_conv300,2185,33526770000.0,1282228164506.0
llama3-8b_conv300,2186,33526770000.0,1282797449043.0
llama3-8b_conv300,2187,33526770000.0,1283366524337.0
llama3-8b_conv300,2188,33526770000.0,1283935599631.0
llama3-8b_conv300,2189,33645713000.0,1284152361711.0
llama3-8b_conv300,2190,33645713000.0,1284721613992.0
llama3-8b_conv300,2191,33645713000.0,1285290866273.0
llama3-8b_conv300,2192,33645713000.0,1285860118554.0
llama3-8b_conv300,2193,33645713000.0,1286429370835.0
llama3-8b_conv300,2194,33645713000.0,1286998623116.0
llama3-8b_conv300,2195,33645713000.0,1287567875397.0
llama3-8b_conv300,2196,33748702000.0,1287969660731.0
llama3-8b_conv300,2197,33748702000.0,1288502223153.0
llama3-8b_conv300,2198,33825000000.000004,1288733165933.0
llama3-8b_conv300,2199,33825000000.000004,1289304673246.0
llama3-8b_conv300,2200,33825000000.000004,1289876180559.0
llama3-8b_conv300,2201,33825000000.000004,1290447687872.0
llama3-8b_conv300,2202,33825000000.000004,1291019197233.0
llama3-8b_conv300,2203,33825000000.000004,1291590706594.0
llama3-8b_conv300,2204,33825000000.000004,1292162215955.0
llama3-8b_conv300,2205,33825000000.000004,1292733725316.0
llama3-8b_conv300,2206,33932529000.000004,1293135432343.0
llama3-8b_conv300,2207,33932529000.000004,1293667870892.0
llama3-8b_conv300,2208,33932529000.000004,1294035178513.0
llama3-8b_conv300,2209,33932529000.000004,1294606945922.0
llama3-8b_conv300,2210,33932529000.000004,1295178713331.0
llama3-8b_conv300,2211,33932529000.000004,1295750480740.0
llama3-8b_conv300,2212,33932529000.000004,1296322248149.0
llama3-8b_conv300,2213,33932529000.000004,1296894015558.0
llama3-8b_conv300,2214,33932529000.000004,1297465782967.0
llama3-8b_conv300,2215,33932529000.000004,1298037550376.0
llama3-8b_conv300,2216,33932529000.000004,1298609317785.0
llama3-8b_conv300,2217,33932529000.000004,1299180682414.0
llama3-8b_conv300,2218,33932529000.000004,1299752047043.0
llama3-8b_conv300,2219,33932529000.000004,1300323443928.0
llama3-8b_conv300,2220,33932529000.000004,1300894840813.0
llama3-8b_conv300,2221,33932529000.000004,1301466237698.0
llama3-8b_conv300,2222,33932529000.000004,1302037634583.0
llama3-8b_conv300,2223,33932529000.000004,1302609031468.0
llama3-8b_conv300,2224,33932529000.000004,1303180428353.0
llama3-8b_conv300,2225,33932529000.000004,1303751825238.0
llama3-8b_conv300,2226,33932529000.000004,1304323222123.0
llama3-8b_conv300,2227,33932529000.000004,1304894651264.0
llama3-8b_conv300,2228,33932529000.000004,1305466173077.0
llama3-8b_conv300,2229,33932529000.000004,1306037694890.0
llama3-8b_conv300,2230,33932529000.000004,1306609216703.0
llama3-8b_conv300,2231,33932529000.000004,1307180770772.0
llama3-8b_conv300,2232,33932529000.000004,1307752357097.0
llama3-8b_conv300,2233,33932529000.000004,1308323943422.0
llama3-8b_conv300,2234,33932529000.000004,1308895529747.0
llama3-8b_conv300,2235,33932529000.000004,1309467116072.0
llama3-8b_conv300,2236,33932529000.000004,1310038702397.0
llama3-8b_conv300,2237,33932529000.000004,1310610288722.0
llama3-8b_conv300,2238,33932529000.000004,1311181875047.0
llama3-8b_conv300,2239,33932529000.000004,1311753461372.0
llama3-8b_conv300,2240,33932529000.000004,1312325047697.0
llama3-8b_conv300,2241,33932529000.000004,1312896634022.0
llama3-8b_conv300,2242,33932529000.000004,1313468220347.0
llama3-8b_conv300,2243,33932529000.000004,1314039806672.0
llama3-8b_conv300,2244,33932529000.000004,1314611392997.0
llama3-8b_conv300,2245,33932529000.000004,1315182979322.0
llama3-8b_conv300,2246,33932529000.000004,1315754565647.0
llama3-8b_conv300,2247,33932529000.000004,1316326151972.0
llama3-8b_conv300,2248,33932529000.000004,1316897738297.0
llama3-8b_conv300,2249,33932529000.000004,1317469324622.0
llama3-8b_conv300,2250,33932529000.000004,1318040910947.0
llama3-8b_conv300,2251,33932529000.000004,1318612497272.0
llama3-8b_conv300,2252,33932529000.000004,1319184083597.0
llama3-8b_conv300,2253,33932529000.000004,1319755669922.0
llama3-8b_conv300,2254,33932529000.000004,1320327256247.0
llama3-8b_conv300,2255,33932529000.000004,1320898842572.0
llama3-8b_conv300,2256,33932529000.000004,1321470428897.0
llama3-8b_conv300,2257,33932529000.000004,1322042015222.0
llama3-8b_conv300,2258,33932529000.000004,1322613694219.0
llama3-8b_conv300,2259,33932529000.000004,1323185373216.0
llama3-8b_conv300,2260,33932529000.000004,1323757052213.0
llama3-8b_conv300,2261,33932529000.000004,1324328731210.0
llama3-8b_conv300,2262,33932529000.000004,1324900410207.0
llama3-8b_conv300,2263,33932529000.000004,1325472089204.0
llama3-8b_conv300,2264,33932529000.000004,1326043768201.0
llama3-8b_conv300,2265,33932529000.000004,1326615447198.0
llama3-8b_conv300,2266,33932529000.000004,1327187126195.0
llama3-8b_conv300,2267,33932529000.000004,1327758805192.0
llama3-8b_conv300,2268,33932529000.000004,1328330484189.0
llama3-8b_conv300,2269,34746446000.0,1328717029874.0
llama3-8b_conv300,2270,34746446000.0,1329196206599.0
llama3-8b_conv300,2271,34746446000.0,1330376255336.0
llama3-8b_conv300,2272,34746446000.0,1330948304857.0
llama3-8b_conv300,2273,34746446000.0,1331520354378.0
llama3-8b_conv300,2274,34746446000.0,1332092403899.0
llama3-8b_conv300,2275,34746446000.0,1332664453420.0
llama3-8b_conv300,2276,34746446000.0,1333236164673.0
llama3-8b_conv300,2277,34746446000.0,1333807875926.0
llama3-8b_conv300,2278,34746446000.0,1334379587179.0
llama3-8b_conv300,2279,34746446000.0,1334951298432.0
llama3-8b_conv300,2280,34746446000.0,1335523009685.0
llama3-8b_conv300,2281,34746446000.0,1336094720938.0
llama3-8b_conv300,2282,34746446000.0,1336666432191.0
llama3-8b_conv300,2283,34746446000.0,1337238143444.0
llama3-8b_conv300,2284,34746446000.0,1337809854697.0
llama3-8b_conv300,2285,34746446000.0,1338381565950.0
llama3-8b_conv300,2286,34746446000.0,1338953277203.0
llama3-8b_conv300,2287,34746446000.0,1339524988456.0
llama3-8b_conv300,2288,34746446000.0,1340096699709.0
llama3-8b_conv300,2289,34746446000.0,1340668410962.0
llama3-8b_conv300,2290,34746446000.0,1341240122215.0
llama3-8b_conv300,2291,34746446000.0,1341811833468.0
llama3-8b_conv300,2292,34746446000.0,1342383544721.0
llama3-8b_conv300,2293,34746446000.0,1342955255974.0
llama3-8b_conv300,2294,34746446000.0,1343526967227.0
llama3-8b_conv300,2295,34746446000.0,1344098678480.0
llama3-8b_conv300,2296,34746446000.0,1344670389733.0
llama3-8b_conv300,2297,34746446000.0,1345242100986.0
llama3-8b_conv300,2298,34746446000.0,1345813812239.0
llama3-8b_conv300,2299,34746446000.0,1346385523492.0
llama3-8b_conv300,2300,34746446000.0,1346957234745.0
llama3-8b_conv300,2301,34746446000.0,1347528945998.0
llama3-8b_conv300,2302,34746446000.0,1348100657251.0
llama3-8b_conv300,2303,34746446000.0,1348672400760.0
llama3-8b_conv300,2304,34746446000.0,1349244144269.0
llama3-8b_conv300,2305,34746446000.0,1349815887778.0
llama3-8b_conv300,2306,34746446000.0,1350387631287.0
llama3-8b_conv300,2307,34746446000.0,1350959374796.0
llama3-8b_conv300,2308,34746446000.0,1351531118305.0
llama3-8b_conv300,2309,34746446000.0,1352102861814.0
llama3-8b_conv300,2310,35294069000.0,1356547224419.0
llama3-8b_conv300,2311,35294069000.0,1357119177172.0
llama3-8b_conv300,2312,35294069000.0,1357691129925.0
llama3-8b_conv300,2313,35294069000.0,1358263082678.0
llama3-8b_conv300,2314,35294069000.0,1358835035431.0
llama3-8b_conv300,2315,35294069000.0,1359406988184.0
llama3-8b_conv300,2316,35294069000.0,1359978940937.0
llama3-8b_conv300,2317,35294069000.0,1360550893690.0
llama3-8b_conv300,2318,35294069000.0,1361122846443.0
llama3-8b_conv300,2319,35294069000.0,1361694799196.0
llama3-8b_conv300,2320,35294069000.0,1362266751949.0
llama3-8b_conv300,2321,35294069000.0,1362838704702.0
llama3-8b_conv300,2322,35294069000.0,1363410657455.0
llama3-8b_conv300,2323,35294069000.0,1363982610208.0
llama3-8b_conv300,2324,35294069000.0,1364554562961.0
llama3-8b_conv300,2325,35294069000.0,1365126515714.0
llama3-8b_conv300,2326,35294069000.0,1365698468467.0
llama3-8b_conv300,2327,35294069000.0,1366270453476.0
llama3-8b_conv300,2328,35294069000.0,1366842438485.0
llama3-8b_conv300,2329,35294069000.0,1367414423494.0
llama3-8b_conv300,2330,35294069000.0,1367986501175.0
llama3-8b_conv300,2331,35294069000.0,1368558578856.0
llama3-8b_conv300,2332,35294069000.0,1369130656537.0
llama3-8b_conv300,2333,35294069000.0,1369702734218.0
llama3-8b_conv300,2334,35294069000.0,1370274811899.0
llama3-8b_conv300,2335,35294069000.0,1370846889580.0
llama3-8b_conv300,2336,35294069000.0,1371418967261.0
llama3-8b_conv300,2337,35294069000.0,1371991044942.0
llama3-8b_conv300,2338,35294069000.0,1372563122623.0
llama3-8b_conv300,2339,35294069000.0,1373135200304.0
llama3-8b_conv300,2340,35294069000.0,1373707277985.0
llama3-8b_conv300,2341,35294069000.0,1374279355666.0
llama3-8b_conv300,2342,35294069000.0,1374851433347.0
llama3-8b_conv300,2343,35294069000.0,1375423511028.0
llama3-8b_conv300,2344,35294069000.0,1375995588709.0
llama3-8b_conv300,2345,35294069000.0,1376567666390.0
llama3-8b_conv300,2346,35294069000.0,1377139744071.0
llama3-8b_conv300,2347,35294069000.0,1377711854008.0
llama3-8b_conv300,2348,35294069000.0,1378283963945.0
llama3-8b_conv300,2349,35294069000.0,1378856073882.0
llama3-8b_conv300,2350,35294069000.0,1379428183819.0
llama3-8b_conv300,2351,35294069000.0,1380000293756.0
llama3-8b_conv300,2352,35294069000.0,1380572403693.0
llama3-8b_conv300,2353,35294069000.0,1381144513630.0
llama3-8b_conv300,2354,35294069000.0,1381716623567.0
llama3-8b_conv300,2355,35294069000.0,1382288588772.0
llama3-8b_conv300,2356,35294069000.0,1382860586233.0
llama3-8b_conv300,2357,35294069000.0,1383432583694.0
llama3-8b_conv300,2358,35294069000.0,1384004581155.0
llama3-8b_conv300,2359,35294069000.0,1384576610872.0
llama3-8b_conv300,2360,35294069000.0,1385148672845.0
llama3-8b_conv300,2361,35294069000.0,1385720734818.0
llama3-8b_conv300,2362,35294069000.0,1386292796791.0
llama3-8b_conv300,2363,35294069000.0,1386864858764.0
llama3-8b_conv300,2364,35294069000.0,1387436920737.0
llama3-8b_conv300,2365,35294069000.0,1388008982710.0
llama3-8b_conv300,2366,35294069000.0,1388581044683.0
llama3-8b_conv300,2367,35294069000.0,1389153106656.0
llama3-8b_conv300,2368,35294069000.0,1389725168629.0
llama3-8b_conv300,2369,35294069000.0,1390297230602.0
llama3-8b_conv300,2370,35294069000.0,1390869292575.0
llama3-8b_conv300,2371,35294069000.0,1391441354548.0
llama3-8b_conv300,2372,35294069000.0,1392013416521.0
llama3-8b_conv300,2373,35294069000.0,1392585478494.0
llama3-8b_conv300,2374,35294069000.0,1393157540467.0
llama3-8b_conv300,2375,35294069000.0,1393729602440.0
llama3-8b_conv300,2376,35294069000.0,1394301664413.0
llama3-8b_conv300,2377,35294069000.0,1394873726386.0
llama3-8b_conv300,2378,35294069000.0,1395445788359.0
llama3-8b_conv300,2379,35294069000.0,1396017850332.0
llama3-8b_conv300,2380,36138512000.0,1396404778993.0
llama3-8b_conv300,2381,36138512000.0,1396884338694.0
llama3-8b_conv300,2382,36138512000.0,1397132002615.0
llama3-8b_conv300,2383,36138512000.0,1397704435112.0
llama3-8b_conv300,2384,36138512000.0,1398276867609.0
llama3-8b_conv300,2385,36138512000.0,1398849300106.0
llama3-8b_conv300,2386,36138512000.0,1399421764859.0
llama3-8b_conv300,2387,36138512000.0,1399993762320.0
llama3-8b_conv300,2388,36138512000.0,1400565759781.0
llama3-8b_conv300,2389,36138512000.0,1401137757242.0
llama3-8b_conv300,2390,36138512000.0,1401709754703.0
llama3-8b_conv300,2391,36138512000.0,1402281752164.0
llama3-8b_conv300,2392,36138512000.0,1402851738141.0
llama3-8b_conv300,2393,36138512000.0,1403421724118.0
llama3-8b_conv300,2394,36138512000.0,1403991710095.0
llama3-8b_conv300,2395,36138512000.0,1404561696072.0
llama3-8b_conv300,2396,36138512000.0,1405131682049.0
llama3-8b_conv300,2397,36138512000.0,1405701668026.0
llama3-8b_conv300,2398,36138512000.0,1406271654003.0
llama3-8b_conv300,2399,36138512000.0,1406841639980.0
llama3-8b_conv300,2400,36138512000.0,1407411625957.0
llama3-8b_conv300,2401,36138512000.0,1407981611934.0
llama3-8b_conv300,2402,36138512000.0,1408551597911.0
llama3-8b_conv300,2403,36138512000.0,1409121583888.0
llama3-8b_conv300,2404,36138512000.0,1409691569865.0
llama3-8b_conv300,2405,36138512000.0,1410261555842.0
llama3-8b_conv300,2406,36138512000.0,1410831541819.0
llama3-8b_conv300,2407,36138512000.0,1411401527796.0
llama3-8b_conv300,2408,36520417000.0,1411566271864.0
llama3-8b_conv300,2409,36520417000.0,1412138144397.0
llama3-8b_conv300,2410,36520417000.0,1412710016930.0
llama3-8b_conv300,2411,36520417000.0,1413281889463.0
llama3-8b_conv300,2412,36520417000.0,1413851750512.0
llama3-8b_conv300,2413,36520417000.0,1414421611561.0
llama3-8b_conv300,2414,36520417000.0,1414991472610.0
llama3-8b_conv300,2415,36520417000.0,1415561333659.0
llama3-8b_conv300,2416,36520417000.0,1416131194708.0
llama3-8b_conv300,2417,36520417000.0,1416701055757.0
llama3-8b_conv300,2418,36520417000.0,1417270916806.0
llama3-8b_conv300,2419,36520417000.0,1417840777855.0
llama3-8b_conv300,2420,36520417000.0,1418410638904.0
llama3-8b_conv300,2421,36520417000.0,1418980499953.0
llama3-8b_conv300,2422,36520417000.0,1419550361002.0
llama3-8b_conv300,2423,36520417000.0,1420120222051.0
llama3-8b_conv300,2424,36520417000.0,1420690083100.0
llama3-8b_conv300,2425,36520417000.0,1421259944149.0
llama3-8b_conv300,2426,36520417000.0,1421829805198.0
llama3-8b_conv300,2427,36520417000.0,1422399666247.0
llama3-8b_conv300,2428,36520417000.0,1422969527296.0
llama3-8b_conv300,2429,36520417000.0,1423539388345.0
llama3-8b_conv300,2430,36520417000.0,1424109249394.0
llama3-8b_conv300,2431,36520417000.0,1424678643152.0
llama3-8b_conv300,2432,36520417000.0,1425248036910.0
llama3-8b_conv300,2433,36520417000.0,1425817430668.0
llama3-8b_conv300,2434,36520417000.0,1426386824426.0
llama3-8b_conv300,2435,36520417000.0,1426956218184.0
llama3-8b_conv300,2436,36520417000.0,1427513081930.0
llama3-8b_conv300,2437,36864739000.0,1427913530403.0
llama3-8b_conv300,2438,36864739000.0,1428423006204.0
llama3-8b_conv300,2439,36864739000.0,1428819639127.0
llama3-8b_conv300,2440,36864739000.0,1429389258677.0
llama3-8b_conv300,2441,36864739000.0,1429958878227.0
llama3-8b_conv300,2442,36864739000.0,1430528497777.0
llama3-8b_conv300,2443,36864739000.0,1431098117327.0
llama3-8b_conv300,2444,36864739000.0,1431667736877.0
llama3-8b_conv300,2445,36864739000.0,1432237356427.0
llama3-8b_conv300,2446,36864739000.0,1432806975977.0
llama3-8b_conv300,2447,36864739000.0,1433376595527.0
llama3-8b_conv300,2448,36864739000.0,1433946215077.0
llama3-8b_conv300,2449,36864739000.0,1434515834627.0
llama3-8b_conv300,2450,36864739000.0,1435085454177.0
llama3-8b_conv300,2451,36864739000.0,1435655073727.0
llama3-8b_conv300,2452,37124806000.0,1436224777592.0
llama3-8b_conv300,2453,37124806000.0,1436794479409.0
llama3-8b_conv300,2454,37124806000.0,1437364181226.0
llama3-8b_conv300,2455,37124806000.0,1437933915299.0
llama3-8b_conv300,2456,37124806000.0,1438503649372.0
llama3-8b_conv300,2457,37124806000.0,1439073383445.0
llama3-8b_conv300,2458,37124806000.0,1439643117518.0
llama3-8b_conv300,2459,37124806000.0,1440212851591.0
llama3-8b_conv300,2460,37124806000.0,1440782585664.0
llama3-8b_conv300,2461,37124806000.0,1441352412409.0
llama3-8b_conv300,2462,37124806000.0,1441922239154.0
llama3-8b_conv300,2463,37124806000.0,1442492065899.0
llama3-8b_conv300,2464,37124806000.0,1443061892644.0
llama3-8b_conv300,2465,37124806000.0,1443631719389.0
llama3-8b_conv300,2466,37124806000.0,1444201546134.0
llama3-8b_conv300,2467,37124806000.0,1444771372879.0
llama3-8b_conv300,2468,37124806000.0,1445341199624.0
llama3-8b_conv300,2469,37124806000.0,1445911026369.0
llama3-8b_conv300,2470,37124806000.0,1446480853114.0
llama3-8b_conv300,2471,37124806000.0,1447050679859.0
llama3-8b_conv300,2472,37124806000.0,1447620506604.0
llama3-8b_conv300,2473,37124806000.0,1448190333349.0
llama3-8b_conv300,2474,37124806000.0,1448760160094.0
llama3-8b_conv300,2475,37124806000.0,1449330019095.0
llama3-8b_conv300,2476,37124806000.0,1449899878096.0
llama3-8b_conv300,2477,37124806000.0,1450469769353.0
llama3-8b_conv300,2478,37124806000.0,1451039660610.0
llama3-8b_conv300,2479,37124806000.0,1451609551867.0
llama3-8b_conv300,2480,37124806000.0,1452179443124.0
llama3-8b_conv300,2481,37124806000.0,1452749334381.0
llama3-8b_conv300,2482,37475965000.0,1453151758691.0
llama3-8b_conv300,2483,37475965000.0,1453684992345.0
llama3-8b_conv300,2484,37475965000.0,1453815295822.0
llama3-8b_conv300,2485,37475965000.0,1454387392099.0
llama3-8b_conv300,2486,37475965000.0,1454959488376.0
llama3-8b_conv300,2487,37475965000.0,1455531616909.0
llama3-8b_conv300,2488,37475965000.0,1456103745442.0
llama3-8b_conv300,2489,37475965000.0,1456675873975.0
llama3-8b_conv300,2490,37475965000.0,1457248002508.0
llama3-8b_conv300,2491,37475965000.0,1457820131041.0
llama3-8b_conv300,2492,37475965000.0,1458392259574.0
llama3-8b_conv300,2493,37475965000.0,1458964388107.0
llama3-8b_conv300,2494,37475965000.0,1459536516640.0
llama3-8b_conv300,2495,37475965000.0,1460106375641.0
llama3-8b_conv300,2496,37475965000.0,1460676234642.0
llama3-8b_conv300,2497,37475965000.0,1461246093643.0
llama3-8b_conv300,2498,37475965000.0,1461815952644.0
llama3-8b_conv300,2499,37475965000.0,1462385811645.0
llama3-8b_conv300,2500,37475965000.0,1462955670646.0
llama3-8b_conv300,2501,37475965000.0,1463525529647.0
llama3-8b_conv300,2502,37475965000.0,1464095388648.0
llama3-8b_conv300,2503,37475965000.0,1464665247649.0
llama3-8b_conv300,2504,37475965000.0,1465235106650.0
llama3-8b_conv300,2505,37475965000.0,1465804965651.0
llama3-8b_conv300,2506,37475965000.0,1466374824652.0
llama3-8b_conv300,2507,37475965000.0,1466944683653.0
llama3-8b_conv300,2508,37475965000.0,1467514542654.0
llama3-8b_conv300,2509,37475965000.0,1468084401655.0
llama3-8b_conv300,2510,37475965000.0,1468654260656.0
llama3-8b_conv300,2511,37475965000.0,1469224119657.0
llama3-8b_conv300,2512,37475965000.0,1469793978658.0
llama3-8b_conv300,2513,37475965000.0,1470363837659.0
llama3-8b_conv300,2514,37475965000.0,1470933696660.0
llama3-8b_conv300,2515,37475965000.0,1471503555661.0
llama3-8b_conv300,2516,37475965000.0,1472073414662.0
llama3-8b_conv300,2517,37475965000.0,1472643273663.0
llama3-8b_conv300,2518,37475965000.0,1473213132664.0
llama3-8b_conv300,2519,37475965000.0,1473782991665.0
llama3-8b_conv300,2520,37475965000.0,1474352850666.0
llama3-8b_conv300,2521,37475965000.0,1474922709667.0
llama3-8b_conv300,2522,37475965000.0,1475492568668.0
llama3-8b_conv300,2523,37475965000.0,1476062427669.0
llama3-8b_conv300,2524,37475965000.0,1476632286670.0
llama3-8b_conv300,2525,37475965000.0,1477202145671.0
llama3-8b_conv300,2526,37475965000.0,1477772004672.0
llama3-8b_conv300,2527,37475965000.0,1478341863673.0
llama3-8b_conv300,2528,37475965000.0,1478911722674.0
llama3-8b_conv300,2529,37475965000.0,1479481581675.0
llama3-8b_conv300,2530,37475965000.0,1480051440676.0
llama3-8b_conv300,2531,37475965000.0,1480621299677.0
llama3-8b_conv300,2532,37475965000.0,1481191158678.0
llama3-8b_conv300,2533,37475965000.0,1481761049935.0
llama3-8b_conv300,2534,37475965000.0,1482330941192.0
llama3-8b_conv300,2535,38154930000.0,1482650642840.0
llama3-8b_conv300,2536,38154930000.0,1483222513325.0
llama3-8b_conv300,2537,38154930000.0,1483794383810.0
llama3-8b_conv300,2538,38154930000.0,1484366254295.0
llama3-8b_conv300,2539,38154930000.0,1484938124780.0
llama3-8b_conv300,2540,38154930000.0,1485509995265.0
llama3-8b_conv300,2541,38154930000.0,1486081865750.0
llama3-8b_conv300,2542,38154930000.0,1486653736235.0
llama3-8b_conv300,2543,38154930000.0,1487225606720.0
llama3-8b_conv300,2544,38154930000.0,1487797477205.0
llama3-8b_conv300,2545,38154930000.0,1488367463182.0
llama3-8b_conv300,2546,38154930000.0,1488937449159.0
llama3-8b_conv300,2547,38154930000.0,1489507467392.0
llama3-8b_conv300,2548,38154930000.0,1490077485625.0
llama3-8b_conv300,2549,38154930000.0,1490647503858.0
llama3-8b_conv300,2550,38154930000.0,1491217522091.0
llama3-8b_conv300,2551,38154930000.0,1491787540324.0
llama3-8b_conv300,2552,38154930000.0,1492357558557.0
llama3-8b_conv300,2553,38154930000.0,1492927576790.0
llama3-8b_conv300,2554,38392642000.0,1493330128076.0
llama3-8b_conv300,2555,38392642000.0,1493863456450.0
llama3-8b_conv300,2556,38392642000.0,1494463860920.0
llama3-8b_conv300,2557,38392642000.0,1495236461230.0
llama3-8b_conv300,2558,38392642000.0,1496167984292.0
llama3-8b_conv300,2559,38392642000.0,1497074833050.0
llama3-8b_conv300,2560,38392642000.0,1498324009104.0
llama3-8b_conv300,2561,38549044000.0,1499546459333.0
llama3-8b_conv300,2562,38549044000.0,1500000703194.0
llama3-8b_conv300,2563,38549044000.0,1500612992239.0
llama3-8b_conv300,2564,38813332000.0,1501027336868.0
llama3-8b_conv300,2565,38813332000.0,1501561311417.0
llama3-8b_conv300,2566,38813332000.0,1501768598989.0
llama3-8b_conv300,2567,38813332000.0,1502341837886.0
llama3-8b_conv300,2568,38813332000.0,1502915076783.0
llama3-8b_conv300,2569,38813332000.0,1503488315680.0
llama3-8b_conv300,2570,38813332000.0,1504061377589.0
llama3-8b_conv300,2571,38813332000.0,1504634471754.0
llama3-8b_conv300,2572,38813332000.0,1505207565919.0
llama3-8b_conv300,2573,38813332000.0,1505780660084.0
llama3-8b_conv300,2574,38813332000.0,1506353754249.0
llama3-8b_conv300,2575,38813332000.0,1506926848414.0
llama3-8b_conv300,2576,38813332000.0,1507499942579.0
llama3-8b_conv300,2577,38813332000.0,1508073036744.0
llama3-8b_conv300,2578,39091915000.0,1508460997597.0
llama3-8b_conv300,2579,39091915000.0,1508941589490.0
llama3-8b_conv300,2580,39091915000.0,1509527133191.0
llama3-8b_conv300,2581,39091915000.0,1510189906972.0
llama3-8b_conv300,2582,39091915000.0,1511055705137.0
llama3-8b_conv300,2583,39091915000.0,1511931591238.0
llama3-8b_conv300,2584,39091915000.0,1512991924315.0
llama3-8b_conv300,2585,39091915000.0,1514022270576.0
llama3-8b_conv300,2586,39220584000.0,1514449690915.0
llama3-8b_conv300,2587,39220584000.0,1514931156790.0
llama3-8b_conv300,2588,39324127000.0,1515356721640.0
llama3-8b_conv300,2589,39324127000.0,1515932304410.0
llama3-8b_conv300,2590,39637764000.0,1516446637929.0
llama3-8b_conv300,2591,39645191000.0,1516804888631.0
llama3-8b_conv300,2592,39645191000.0,1517320909445.0
llama3-8b_conv300,2593,39645191000.0,1521778113626.0
llama3-8b_conv300,2594,39645191000.0,1522378822713.0
llama3-8b_conv300,2595,39645191000.0,1522979354812.0
llama3-8b_conv300,2596,39645191000.0,1523579886911.0
llama3-8b_conv300,2597,39645191000.0,1524180419010.0
llama3-8b_conv300,2598,39645191000.0,1524780951109.0
llama3-8b_conv300,2599,39645191000.0,1525381483208.0
llama3-8b_conv300,2600,39645191000.0,1525982015307.0
llama3-8b_conv300,2601,39645191000.0,1526582547406.0
llama3-8b_conv300,2602,39645191000.0,1527183079505.0
llama3-8b_conv300,2603,39645191000.0,1527783611604.0
llama3-8b_conv300,2604,39645191000.0,1528384143703.0
llama3-8b_conv300,2605,39645191000.0,1528984708058.0
llama3-8b_conv300,2606,39645191000.0,1529585272413.0
llama3-8b_conv300,2607,39645191000.0,1530185836768.0
llama3-8b_conv300,2608,39645191000.0,1530786401123.0
llama3-8b_conv300,2609,39645191000.0,1531386965478.0
llama3-8b_conv300,2610,40041867000.0,1531611524229.0
llama3-8b_conv300,2611,40041867000.0,1532212170852.0
llama3-8b_conv300,2612,40041867000.0,1532812414695.0
llama3-8b_conv300,2613,40041867000.0,1533412658538.0
llama3-8b_conv300,2614,40041867000.0,1534012902381.0
llama3-8b_conv300,2615,40041867000.0,1534613146224.0
llama3-8b_conv300,2616,40041867000.0,1535213390067.0
llama3-8b_conv300,2617,40041867000.0,1535813633910.0
llama3-8b_conv300,2618,40041867000.0,1536413877753.0
llama3-8b_conv300,2619,40041867000.0,1537014121596.0
llama3-8b_conv300,2620,40041867000.0,1537614365439.0
llama3-8b_conv300,2621,40041867000.0,1538214609282.0
llama3-8b_conv300,2622,40041867000.0,1538814853125.0
llama3-8b_conv300,2623,40041867000.0,1539389343021.0
llama3-8b_conv300,2624,40041867000.0,1539963865173.0
llama3-8b_conv300,2625,40041867000.0,1540538387325.0
llama3-8b_conv300,2626,40041867000.0,1541112909477.0
llama3-8b_conv300,2627,40041867000.0,1541687431629.0
llama3-8b_conv300,2628,40041867000.0,1542261953781.0
llama3-8b_conv300,2629,40041867000.0,1542836475933.0
llama3-8b_conv300,2630,40041867000.0,1543410998085.0
llama3-8b_conv300,2631,40041867000.0,1543985520237.0
llama3-8b_conv300,2632,40041867000.0,1544560042389.0
llama3-8b_conv300,2633,40041867000.0,1545134564541.0
llama3-8b_conv300,2634,40041867000.0,1545709086693.0
llama3-8b_conv300,2635,40350634000.0,1546113273396.0
llama3-8b_conv300,2636,40350634000.0,1546624889987.0
llama3-8b_conv300,2637,40350634000.0,1547298790098.0
llama3-8b_conv300,2638,40350634000.0,1547969691937.0
llama3-8b_conv300,2639,40350634000.0,1548899639152.0
llama3-8b_conv300,2640,40479164000.0,1549358245822.0
llama3-8b_conv300,2641,40479164000.0,1549893024780.0
llama3-8b_conv300,2642,40479164000.0,1550205721354.0
llama3-8b_conv300,2643,40479164000.0,1550804965261.0
llama3-8b_conv300,2644,40479164000.0,1551404209168.0
llama3-8b_conv300,2645,40479164000.0,1552003453075.0
llama3-8b_conv300,2646,40479164000.0,1552602696982.0
llama3-8b_conv300,2647,40479164000.0,1553201940889.0
llama3-8b_conv300,2648,40479164000.0,1553801184796.0
llama3-8b_conv300,2649,40479164000.0,1554400428703.0
llama3-8b_conv300,2650,40479164000.0,1554999672610.0
llama3-8b_conv300,2651,40479164000.0,1555598916517.0
llama3-8b_conv300,2652,40479164000.0,1556198160424.0
llama3-8b_conv300,2653,40479164000.0,1556797404331.0
llama3-8b_conv300,2654,40479164000.0,1557371571667.0
llama3-8b_conv300,2655,40479164000.0,1557944763807.0
llama3-8b_conv300,2656,40479164000.0,1558517955947.0
llama3-8b_conv300,2657,40479164000.0,1559091148087.0
llama3-8b_conv300,2658,40479164000.0,1559664340227.0
llama3-8b_conv300,2659,40479164000.0,1560237532367.0
llama3-8b_conv300,2660,40479164000.0,1560810724507.0
llama3-8b_conv300,2661,40479164000.0,1561383916647.0
llama3-8b_conv300,2662,40479164000.0,1561957108787.0
llama3-8b_conv300,2663,40479164000.0,1562530300927.0
llama3-8b_conv300,2664,40479164000.0,1563103493067.0
llama3-8b_conv300,2665,40479164000.0,1563676685207.0
llama3-8b_conv300,2666,40479164000.0,1564249877347.0
llama3-8b_conv300,2667,40479164000.0,1564823069487.0
llama3-8b_conv300,2668,40479164000.0,1565396261627.0
llama3-8b_conv300,2669,40479164000.0,1565969453767.0
llama3-8b_conv300,2670,40479164000.0,1566542645907.0
llama3-8b_conv300,2671,40479164000.0,1567115838047.0
llama3-8b_conv300,2672,40479164000.0,1567689030187.0
llama3-8b_conv300,2673,40479164000.0,1568262222327.0
llama3-8b_conv300,2674,40479164000.0,1568835414467.0
llama3-8b_conv300,2675,40479164000.0,1569408606607.0
llama3-8b_conv300,2676,40479164000.0,1569981798747.0
llama3-8b_conv300,2677,40479164000.0,1570554990887.0
llama3-8b_conv300,2678,41125873000.0,1570689276829.0
llama3-8b_conv300,2679,41125873000.0,1571263059141.0
llama3-8b_conv300,2680,41125873000.0,1571836843501.0
llama3-8b_conv300,2681,41125873000.0,1572410627861.0
llama3-8b_conv300,2682,41125873000.0,1572984412221.0
llama3-8b_conv300,2683,41125873000.0,1573558196581.0
llama3-8b_conv300,2684,41125873000.0,1574131980941.0
llama3-8b_conv300,2685,41125873000.0,1574705765301.0
llama3-8b_conv300,2686,41125873000.0,1575279549661.0
llama3-8b_conv300,2687,41125873000.0,1575853334021.0
llama3-8b_conv300,2688,41125873000.0,1576427118381.0
llama3-8b_conv300,2689,41125873000.0,1577000902741.0
llama3-8b_conv300,2690,41125873000.0,1577573421601.0
llama3-8b_conv300,2691,41125873000.0,1578145940461.0
llama3-8b_conv300,2692,41125873000.0,1578718459321.0
llama3-8b_conv300,2693,41125873000.0,1579290768938.0
llama3-8b_conv300,2694,41125873000.0,1579863078555.0
llama3-8b_conv300,2695,41125873000.0,1580435388172.0
llama3-8b_conv300,2696,41125873000.0,1581007699837.0
llama3-8b_conv300,2697,41357391000.0,1581343104577.0
llama3-8b_conv300,2698,41357391000.0,1581915625485.0
llama3-8b_conv300,2699,41357391000.0,1582488178649.0
llama3-8b_conv300,2700,41357391000.0,1583060731813.0
llama3-8b_conv300,2701,41357391000.0,1583633284977.0
llama3-8b_conv300,2702,41357391000.0,1584205838141.0
llama3-8b_conv300,2703,41357391000.0,1584778391305.0
llama3-8b_conv300,2704,41357391000.0,1585350944469.0
llama3-8b_conv300,2705,41357391000.0,1585923497633.0
llama3-8b_conv300,2706,41357391000.0,1586496050797.0
llama3-8b_conv300,2707,41357391000.0,1587068603961.0
llama3-8b_conv300,2708,41357391000.0,1587641157125.0
llama3-8b_conv300,2709,41357391000.0,1588213710289.0
llama3-8b_conv300,2710,41357391000.0,1588786263453.0
llama3-8b_conv300,2711,41357391000.0,1589358816617.0
llama3-8b_conv300,2712,41357391000.0,1589931369781.0
llama3-8b_conv300,2713,41357391000.0,1590503922945.0
llama3-8b_conv300,2714,41357391000.0,1591076476109.0
llama3-8b_conv300,2715,41357391000.0,1591649029273.0
llama3-8b_conv300,2716,41357391000.0,1592221582437.0
llama3-8b_conv300,2717,41357391000.0,1592794135601.0
llama3-8b_conv300,2718,41357391000.0,1593366688765.0
llama3-8b_conv300,2719,41357391000.0,1593939241929.0
llama3-8b_conv300,2720,41357391000.0,1594511795093.0
llama3-8b_conv300,2721,41357391000.0,1595084348257.0
llama3-8b_conv300,2722,41357391000.0,1595656901421.0
llama3-8b_conv300,2723,41357391000.0,1596229454585.0
llama3-8b_conv300,2724,41357391000.0,1596802007749.0
llama3-8b_conv300,2725,41357391000.0,1597374560913.0
llama3-8b_conv300,2726,41357391000.0,1597947114077.0
llama3-8b_conv300,2727,41357391000.0,1598519667241.0
llama3-8b_conv300,2728,41357391000.0,1599092220405.0
llama3-8b_conv300,2729,41357391000.0,1599664773569.0
llama3-8b_conv300,2730,41357391000.0,1600237326733.0
llama3-8b_conv300,2731,41357391000.0,1600809879897.0
llama3-8b_conv300,2732,41357391000.0,1601382433061.0
llama3-8b_conv300,2733,41357391000.0,1601955018481.0
llama3-8b_conv300,2734,41357391000.0,1602527603901.0
llama3-8b_conv300,2735,41357391000.0,1603100189321.0
llama3-8b_conv300,2736,41357391000.0,1603672774741.0
llama3-8b_conv300,2737,41357391000.0,1604245360161.0
llama3-8b_conv300,2738,41357391000.0,1604817945581.0
llama3-8b_conv300,2739,41357391000.0,1605390531001.0
llama3-8b_conv300,2740,41357391000.0,1605963180933.0
llama3-8b_conv300,2741,41357391000.0,1606535830865.0
llama3-8b_conv300,2742,41357391000.0,1607108480797.0
llama3-8b_conv300,2743,41357391000.0,1607681130729.0
llama3-8b_conv300,2744,41357391000.0,1608253780661.0
llama3-8b_conv300,2745,41357391000.0,1608826430593.0
llama3-8b_conv300,2746,41357391000.0,1609399080525.0
llama3-8b_conv300,2747,41357391000.0,1609971730457.0
llama3-8b_conv300,2748,41357391000.0,1610544380389.0
llama3-8b_conv300,2749,41357391000.0,1611117030321.0
llama3-8b_conv300,2750,41357391000.0,1611689680253.0
llama3-8b_conv300,2751,41357391000.0,1612262330185.0
llama3-8b_conv300,2752,41357391000.0,1612835012373.0
llama3-8b_conv300,2753,41357391000.0,1613407694561.0
llama3-8b_conv300,2754,41357391000.0,1613980376749.0
llama3-8b_conv300,2755,41357391000.0,1614553058937.0
llama3-8b_conv300,2756,41357391000.0,1615125741125.0
llama3-8b_conv300,2757,41357391000.0,1615698423313.0
llama3-8b_conv300,2758,41357391000.0,1616271105501.0
llama3-8b_conv300,2759,41357391000.0,1616843787689.0
llama3-8b_conv300,2760,41357391000.0,1617416469877.0
llama3-8b_conv300,2761,41357391000.0,1617989152065.0
llama3-8b_conv300,2762,41357391000.0,1618561834253.0
llama3-8b_conv300,2763,41357391000.0,1619134516441.0
llama3-8b_conv300,2764,41357391000.0,1619707198629.0
llama3-8b_conv300,2765,41357391000.0,1620279880817.0
llama3-8b_conv300,2766,41357391000.0,1620852563005.0
llama3-8b_conv300,2767,41357391000.0,1621425245193.0
llama3-8b_conv300,2768,41357391000.0,1621997927381.0
llama3-8b_conv300,2769,41357391000.0,1622570609569.0
llama3-8b_conv300,2770,41357391000.0,1623143291757.0
llama3-8b_conv300,2771,41357391000.0,1623716038457.0
llama3-8b_conv300,2772,41357391000.0,1624288785157.0
llama3-8b_conv300,2773,41357391000.0,1624861531857.0
llama3-8b_conv300,2774,41357391000.0,1625434278557.0
llama3-8b_conv300,2775,41357391000.0,1626007025257.0
llama3-8b_conv300,2776,41357391000.0,1626579771957.0
llama3-8b_conv300,2777,42334055000.0,1626982632008.0
llama3-8b_conv300,2778,42334055000.0,1627493486683.0
llama3-8b_conv300,2779,42334055000.0,1627673350104.0
llama3-8b_conv300,2780,42334055000.0,1628246415268.0
llama3-8b_conv300,2781,42334055000.0,1628819238933.0
llama3-8b_conv300,2782,42334055000.0,1629392094854.0
llama3-8b_conv300,2783,42334055000.0,1629964950775.0
llama3-8b_conv300,2784,42334055000.0,1630537806696.0
llama3-8b_conv300,2785,42334055000.0,1631110662617.0
llama3-8b_conv300,2786,42334055000.0,1631683518538.0
llama3-8b_conv300,2787,42530625000.0,1631981924604.0
llama3-8b_conv300,2788,42545263000.0,1632349052939.0
llama3-8b_conv300,2789,42545263000.0,1632882611290.0
llama3-8b_conv300,2790,42563820000.0,1633295874376.0
llama3-8b_conv300,2791,42563820000.0,1633769645974.0
llama3-8b_conv300,2792,42685223000.0,1634166691907.0
llama3-8b_conv300,2793,42691238000.0,1634627468142.0
llama3-8b_conv300,2794,42691238000.0,1635081813529.0
llama3-8b_conv300,2795,42715300000.0,1635502833091.0
llama3-8b_conv300,2796,42715300000.0,1635957724781.0
llama3-8b_conv300,2797,42715300000.0,1636503793431.0
llama3-8b_conv300,2798,42808573000.0,1636905811200.0
llama3-8b_conv300,2799,42999747000.0,1637370896775.0
llama3-8b_conv300,2800,42999747000.0,1637509537240.0
llama3-8b_conv300,2801,42999747000.0,1638220944129.0
llama3-8b_conv300,2802,42999747000.0,1638932351018.0
llama3-8b_conv300,2803,42999747000.0,1639643757907.0
llama3-8b_conv300,2804,42999747000.0,1640355164796.0
llama3-8b_conv300,2805,42999747000.0,1641066571685.0
llama3-8b_conv300,2806,42999747000.0,1641777414035.0
llama3-8b_conv300,2807,43193461000.0,1643960129471.0
llama3-8b_conv300,2808,43193461000.0,1644671246056.0
llama3-8b_conv300,2809,43193461000.0,1645382362641.0
llama3-8b_conv300,2810,43193461000.0,1646093479226.0
llama3-8b_conv300,2811,43193461000.0,1646804595811.0
llama3-8b_conv300,2812,43193461000.0,1647515712396.0
llama3-8b_conv300,2813,43193461000.0,1648226828981.0
llama3-8b_conv300,2814,43193461000.0,1648937945566.0
llama3-8b_conv300,2815,43193461000.0,1649649062151.0
llama3-8b_conv300,2816,43193461000.0,1650360210992.0
llama3-8b_conv300,2817,43193461000.0,1651071359833.0
llama3-8b_conv300,2818,43193461000.0,1651782508674.0
llama3-8b_conv300,2819,43193461000.0,1652493689771.0
llama3-8b_conv300,2820,43193461000.0,1653204870868.0
llama3-8b_conv300,2821,43193461000.0,1653916051965.0
llama3-8b_conv300,2822,43193461000.0,1654627233062.0
llama3-8b_conv300,2823,43193461000.0,1655338414159.0
llama3-8b_conv300,2824,43193461000.0,1656049595256.0
llama3-8b_conv300,2825,43193461000.0,1656760776353.0
llama3-8b_conv300,2826,43193461000.0,1657471989706.0
llama3-8b_conv300,2827,43193461000.0,1658183235315.0
llama3-8b_conv300,2828,43193461000.0,1658894480924.0
llama3-8b_conv300,2829,43193461000.0,1659605726533.0
llama3-8b_conv300,2830,43193461000.0,1660317004398.0
llama3-8b_conv300,2831,43193461000.0,1661028282263.0
llama3-8b_conv300,2832,43193461000.0,1661739560128.0
llama3-8b_conv300,2833,43193461000.0,1662450837993.0
llama3-8b_conv300,2834,43193461000.0,1663162115858.0
llama3-8b_conv300,2835,43193461000.0,1663873393723.0
llama3-8b_conv300,2836,43193461000.0,1664584671588.0
llama3-8b_conv300,2837,43589055000.0,1664923119111.0
llama3-8b_conv300,2838,43609910000.0,1665329199883.0
llama3-8b_conv300,2839,43609910000.0,1665864435727.0
llama3-8b_conv300,2840,43609910000.0,1668137700984.0
llama3-8b_conv300,2841,43609910000.0,1668849685528.0
llama3-8b_conv300,2842,43609910000.0,1669561670072.0
llama3-8b_conv300,2843,43609910000.0,1670273654616.0
llama3-8b_conv300,2844,43609910000.0,1670985639160.0
llama3-8b_conv300,2845,43791124000.0,1671180316602.0
llama3-8b_conv300,2846,43791124000.0,1671892386422.0
llama3-8b_conv300,2847,43791124000.0,1672604456242.0
llama3-8b_conv300,2848,43791124000.0,1673316526062.0
llama3-8b_conv300,2849,43791124000.0,1674028595882.0
llama3-8b_conv300,2850,43791124000.0,1674740665702.0
llama3-8b_conv300,2851,43791124000.0,1675452735522.0
llama3-8b_conv300,2852,43893426000.0,1675858770244.0
llama3-8b_conv300,2853,43893426000.0,1676369572454.0
llama3-8b_conv300,2854,43923071000.0,1676777507558.0
llama3-8b_conv300,2855,43923071000.0,1677317540390.0
llama3-8b_conv300,2856,44040741000.0,1677898981829.0
llama3-8b_conv300,2857,44040741000.0,1678361264932.0
llama3-8b_conv300,2858,44040741000.0,1678914244227.0
llama3-8b_conv300,2859,44061321000.0,1679336137922.0
llama3-8b_conv300,2860,44061321000.0,1679876490273.0
llama3-8b_conv300,2861,44061321000.0,1680178802648.0
llama3-8b_conv300,2862,44061321000.0,1680897482279.0
llama3-8b_conv300,2863,44061321000.0,1681616161910.0
llama3-8b_conv300,2864,44061321000.0,1682334841541.0
llama3-8b_conv300,2865,44061321000.0,1683053521172.0
llama3-8b_conv300,2866,44061321000.0,1683772200803.0
llama3-8b_conv300,2867,44061321000.0,1684490880434.0
llama3-8b_conv300,2868,44061321000.0,1685209624577.0
llama3-8b_conv300,2869,44061321000.0,1685928368720.0
llama3-8b_conv300,2870,44061321000.0,1686647112863.0
llama3-8b_conv300,2871,44061321000.0,1687365857006.0
llama3-8b_conv300,2872,44061321000.0,1688084601149.0
llama3-8b_conv300,2873,44061321000.0,1688803345292.0
llama3-8b_conv300,2874,44061321000.0,1689522089435.0
llama3-8b_conv300,2875,44061321000.0,1690240833578.0
llama3-8b_conv300,2876,44061321000.0,1690959577721.0
llama3-8b_conv300,2877,44061321000.0,1691678321864.0
llama3-8b_conv300,2878,44061321000.0,1692397066007.0
llama3-8b_conv300,2879,44061321000.0,1693115599946.0
llama3-8b_conv300,2880,44061321000.0,1693834166141.0
llama3-8b_conv300,2881,44061321000.0,1694547409781.0
llama3-8b_conv300,2882,44061321000.0,1695260746093.0
llama3-8b_conv300,2883,44061321000.0,1695974082405.0
llama3-8b_conv300,2884,44061321000.0,1696687418717.0
llama3-8b_conv300,2885,44061321000.0,1697400755029.0
llama3-8b_conv300,2886,44061321000.0,1698114155853.0
llama3-8b_conv300,2887,44061321000.0,1698827556677.0
llama3-8b_conv300,2888,44061321000.0,1699540957501.0
llama3-8b_conv300,2889,44061321000.0,1700254358325.0
llama3-8b_conv300,2890,44061321000.0,1700967759149.0
llama3-8b_conv300,2891,44061321000.0,1701681159973.0
llama3-8b_conv300,2892,44061321000.0,1702394560797.0
llama3-8b_conv300,2893,44061321000.0,1703107586009.0
llama3-8b_conv300,2894,44061321000.0,1703820611221.0
llama3-8b_conv300,2895,44061321000.0,1704533636433.0
llama3-8b_conv300,2896,44061321000.0,1705246661645.0
llama3-8b_conv300,2897,44061321000.0,1705959686857.0
llama3-8b_conv300,2898,44061321000.0,1706672712069.0
llama3-8b_conv300,2899,44061321000.0,1707385801793.0
llama3-8b_conv300,2900,44061321000.0,1708098891517.0
llama3-8b_conv300,2901,44828079000.0,1708505946143.0
llama3-8b_conv300,2902,44828079000.0,1709017768257.0
llama3-8b_conv300,2903,44828079000.0,1709248510702.0
llama3-8b_conv300,2904,44828079000.0,1709961971942.0
llama3-8b_conv300,2905,44828079000.0,1710675433182.0
llama3-8b_conv300,2906,44828079000.0,1711388894422.0
llama3-8b_conv300,2907,44828079000.0,1712102387918.0
llama3-8b_conv300,2908,44828079000.0,1712815881414.0
llama3-8b_conv300,2909,45009757000.0,1713214454278.0
llama3-8b_conv300,2910,45009757000.0,1713755571526.0
llama3-8b_conv300,2911,45025513000.0,1714235264261.0
llama3-8b_conv300,2912,45025513000.0,1714718047844.0
llama3-8b_conv300,2913,45104946000.0,1715247943937.0
llama3-8b_conv300,2914,45104946000.0,1715711446654.0
llama3-8b_conv300,2915,45174957000.0,1716174059960.0
llama3-8b_conv300,2916,45174957000.0,1716637415762.0
llama3-8b_conv300,2917,45246852000.0,1717041299306.0
llama3-8b_conv300,2918,45246852000.0,1717505189186.0
llama3-8b_conv300,2919,45246852000.0,1721931611526.0
llama3-8b_conv300,2920,45502752000.0,1722331306333.0
llama3-8b_conv300,2921,45502752000.0,1722871915828.0
llama3-8b_conv300,2922,45530242000.0,1723279114633.0
llama3-8b_conv300,2923,45530242000.0,1723803338622.0
llama3-8b_conv300,2924,45530242000.0,1724186133872.0
llama3-8b_conv300,2925,45530242000.0,1724410424777.0
llama3-8b_conv300,2926,45530242000.0,1724634715682.0
llama3-8b_conv300,2927,45530242000.0,1724859006587.0
llama3-8b_conv300,2928,45530242000.0,1725083297492.0
llama3-8b_conv300,2929,45530242000.0,1725307620653.0
llama3-8b_conv300,2930,45530242000.0,1725531943814.0
llama3-8b_conv300,2931,45530242000.0,1725756266975.0
llama3-8b_conv300,2932,45530242000.0,1725980590136.0
llama3-8b_conv300,2933,45530242000.0,1726204913297.0
llama3-8b_conv300,2934,45530242000.0,1726429236458.0
llama3-8b_conv300,2935,45530242000.0,1726653559619.0
llama3-8b_conv300,2936,45530242000.0,1726877882780.0
llama3-8b_conv300,2937,45530242000.0,1727102205941.0
llama3-8b_conv300,2938,45530242000.0,1727326529102.0
llama3-8b_conv300,2939,45530242000.0,1727550884519.0
llama3-8b_conv300,2940,45530242000.0,1727775239936.0
llama3-8b_conv300,2941,45530242000.0,1727999627609.0
llama3-8b_conv300,2942,45530242000.0,1728224015282.0
llama3-8b_conv300,2943,45530242000.0,1728448402955.0
llama3-8b_conv300,2944,45980822000.0,1728861564928.0
llama3-8b_conv300,2945,45980822000.0,1729377364469.0
llama3-8b_conv300,2946,45980822000.0,1729982432234.0
llama3-8b_conv300,2947,45980822000.0,1730655501279.0
llama3-8b_conv300,2948,45980822000.0,1731453651924.0
llama3-8b_conv300,2949,45980822000.0,1732353391561.0
llama3-8b_conv300,2950,46102321000.0,1732735889181.0
llama3-8b_conv300,2951,46102321000.0,1733220421937.0
llama3-8b_conv300,2952,46102321000.0,1733776130885.0
llama3-8b_conv300,2953,46102321000.0,1734547095897.0
llama3-8b_conv300,2954,46102321000.0,1735405259117.0
llama3-8b_conv300,2955,46102321000.0,1736331518337.0
llama3-8b_conv300,2956,46102321000.0,1737333672341.0
llama3-8b_conv300,2957,46102321000.0,1740410009513.0
llama3-8b_conv300,2958,46190439000.0,1741122993149.0
llama3-8b_conv300,2959,46190439000.0,1741648373777.0
llama3-8b_conv300,2960,46230075000.0,1742152315461.0
llama3-8b_conv300,2961,46230075000.0,1742617502297.0
llama3-8b_conv300,2962,46406559000.0,1743135492108.0
llama3-8b_conv300,2963,46406559000.0,1743537375775.0
llama3-8b_conv300,2964,46626689000.0,1744079055952.0
llama3-8b_conv300,2965,46678144000.0,1744395521760.0
llama3-8b_conv300,2966,46678144000.0,1744920884497.0
llama3-8b_conv300,2967,46678144000.0,1745476062018.0
llama3-8b_conv300,2968,46678144000.0,1746155557235.0
llama3-8b_conv300,2969,46678144000.0,1747015172004.0
llama3-8b_conv300,2970,46678144000.0,1747813965269.0
llama3-8b_conv300,2971,46678144000.0,1748896394246.0
llama3-8b_conv300,2972,46678144000.0,1750062967351.0
llama3-8b_conv300,2973,47209725000.0,1751127990983.0
llama3-8b_conv300,2974,47209725000.0,1751293865472.0
llama3-8b_conv300,2975,47459940000.0,1751679887951.0
llama3-8b_conv300,2976,47459940000.0,1752207902878.0
llama3-8b_conv300,2977,47459940000.0,1753907119452.0
llama3-8b_conv300,2978,47459940000.0,1754904686015.0
llama3-8b_conv300,2979,47459940000.0,1755902252578.0
llama3-8b_conv300,2980,47459940000.0,1756899851397.0
llama3-8b_conv300,2981,47459940000.0,1757895966124.0
llama3-8b_conv300,2982,47459940000.0,1758892080851.0
llama3-8b_conv300,2983,47459940000.0,1759888195578.0
llama3-8b_conv300,2984,47459940000.0,1760884310305.0
llama3-8b_conv300,2985,47459940000.0,1761879311629.0
llama3-8b_conv300,2986,47459940000.0,1762874312953.0
llama3-8b_conv300,2987,47734062000.0,1763272875818.0
llama3-8b_conv300,2988,47734062000.0,1763757745499.0
llama3-8b_conv300,2989,47734062000.0,1764135991208.0
llama3-8b_conv300,2990,47734062000.0,1765131428559.0
llama3-8b_conv300,2991,47734062000.0,1766126898166.0
llama3-8b_conv300,2992,47734062000.0,1767122367773.0
llama3-8b_conv300,2993,47734062000.0,1768117837380.0
llama3-8b_conv300,2994,47925302000.0,1768517747860.0
llama3-8b_conv300,2995,47925302000.0,1769003829988.0
llama3-8b_conv300,2996,47925302000.0,1770122813722.0
llama3-8b_conv300,2997,48032991000.0,1770508062057.0
llama3-8b_conv300,2998,48032991000.0,1771035335096.0
llama3-8b_conv300,2999,48045529000.0,1771499180133.0
llama3-8b_conv300,3000,48045529000.0,1771966070482.0
llama3-8b_conv300,3001,48045529000.0,1772518862143.0
llama3-8b_conv300,3002,48045529000.0,1773258290062.0
llama3-8b_conv300,3003,48045529000.0,1774114390493.0
llama3-8b_conv300,3004,48045529000.0,1775007538732.0
llama3-8b_conv300,3005,48045529000.0,1776007105147.0
llama3-8b_conv300,3006,48045529000.0,1777008420043.0
llama3-8b_conv300,3007,48134608000.0,1777984814714.0
llama3-8b_conv300,3008,48134608000.0,1778388943561.0
llama3-8b_conv300,3009,48134608000.0,1778875445017.0
llama3-8b_conv300,3010,48296375000.0,1779208314523.0
llama3-8b_conv300,3011,48296375000.0,1780205708314.0
llama3-8b_conv300,3012,48709657000.0,1780591516295.0
llama3-8b_conv300,3013,48709657000.0,1781077963508.0
llama3-8b_conv300,3014,48709657000.0,1781472598313.0
llama3-8b_conv300,3015,48709657000.0,1782470460387.0
llama3-8b_conv300,3016,48709657000.0,1783467821922.0
llama3-8b_conv300,3017,48709657000.0,1784465183457.0
llama3-8b_conv300,3018,48709657000.0,1785462544992.0
llama3-8b_conv300,3019,48709657000.0,1786458212231.0
llama3-8b_conv300,3020,48709657000.0,1787453879470.0
llama3-8b_conv300,3021,48709657000.0,1788449578965.0
llama3-8b_conv300,3022,48709657000.0,1789444165057.0
llama3-8b_conv300,3023,48709657000.0,1790438751149.0
llama3-8b_conv300,3024,48709657000.0,1791433219709.0
llama3-8b_conv300,3025,48709657000.0,1792427688269.0
llama3-8b_conv300,3026,48995607000.0,1792825854816.0
llama3-8b_conv300,3027,48995607000.0,1793351554419.0
llama3-8b_conv300,3028,48995607000.0,1794136051487.0
llama3-8b_conv300,3029,48995607000.0,1795130859275.0
llama3-8b_conv300,3030,48995607000.0,1796125669111.0
llama3-8b_conv300,3031,48995607000.0,1797120478947.0
llama3-8b_conv300,3032,48995607000.0,1798115288783.0
llama3-8b_conv300,3033,48995607000.0,1799110191291.0
llama3-8b_conv300,3034,48995607000.0,1800105093799.0
llama3-8b_conv300,3035,48995607000.0,1801100028563.0
llama3-8b_conv300,3036,48995607000.0,1802094963327.0
llama3-8b_conv300,3037,49227038000.0,1802291082351.0
llama3-8b_conv300,3038,49227038000.0,1803286102422.0
llama3-8b_conv300,3039,49227038000.0,1804281122493.0
llama3-8b_conv300,3040,49227038000.0,1805276142564.0
llama3-8b_conv300,3041,49227038000.0,1806271162635.0
llama3-8b_conv300,3042,49227038000.0,1807266182706.0
llama3-8b_conv300,3043,49227038000.0,1808261202777.0
llama3-8b_conv300,3044,49227038000.0,1809256222848.0
llama3-8b_conv300,3045,49227038000.0,1810251189868.0
llama3-8b_conv300,3046,49227038000.0,1811246156888.0
llama3-8b_conv300,3047,49227038000.0,1812241123908.0
llama3-8b_conv300,3048,49227038000.0,1813236183600.0
llama3-8b_conv300,3049,49227038000.0,1814231243292.0
llama3-8b_conv300,3050,49227038000.0,1815226302984.0
llama3-8b_conv300,3051,49227038000.0,1816221394932.0
llama3-8b_conv300,3052,49227038000.0,1817216519136.0
llama3-8b_conv300,3053,49227038000.0,1818211643340.0
llama3-8b_conv300,3054,49227038000.0,1819206767544.0
llama3-8b_conv300,3055,49227038000.0,1820201924004.0
llama3-8b_conv300,3056,49227038000.0,1821197080464.0
llama3-8b_conv300,3057,49227038000.0,1822192269180.0
llama3-8b_conv300,3058,49227038000.0,1823187457896.0
llama3-8b_conv300,3059,49561183000.0,1823371960898.0
llama3-8b_conv300,3060,49587457000.0,1823771675794.0
llama3-8b_conv300,3061,49587457000.0,1824257562338.0
llama3-8b_conv300,3062,49660912000.0,1824677323089.0
llama3-8b_conv300,3063,49660912000.0,1825203976608.0
llama3-8b_conv300,3064,49724480000.0,1825589381069.0
llama3-8b_conv300,3065,49724480000.0,1826075467322.0
llama3-8b_conv300,3066,49742685000.0,1826456308966.0
llama3-8b_conv300,3067,49742685000.0,1826982256979.0
llama3-8b_conv300,3068,49742691000.0,1827415463519.0
llama3-8b_conv300,3069,49742691000.0,1827881486059.0
llama3-8b_conv300,3070,49832434000.0,1828309986037.0
llama3-8b_conv300,3071,49832434000.0,1828776078207.0
llama3-8b_conv300,3072,49878430000.0,1829171099815.0
llama3-8b_conv300,3073,49878430000.0,1829637293903.0
llama3-8b_conv300,3074,50228524000.0,1830188126870.0
llama3-8b_conv300,3075,50228524000.0,1830574344541.0
llama3-8b_conv300,3076,50228524000.0,1831101243940.0
llama3-8b_conv300,3077,50228524000.0,1831342986093.0
llama3-8b_conv300,3078,50228524000.0,1832341199094.0
llama3-8b_conv300,3079,50228524000.0,1833339412095.0
llama3-8b_conv300,3080,50228524000.0,1834337625096.0
llama3-8b_conv300,3081,50228524000.0,1835335838097.0
llama3-8b_conv300,3082,50228524000.0,1836334083354.0
llama3-8b_conv300,3083,50228524000.0,1837332328611.0
llama3-8b_conv300,3084,50486136000.0,1837719033256.0
llama3-8b_conv300,3085,50486136000.0,1838246221997.0
llama3-8b_conv300,3086,50486136000.0,1840473151063.0
llama3-8b_conv300,3087,50486136000.0,1841471488992.0
llama3-8b_conv300,3088,50486136000.0,1842469826921.0
llama3-8b_conv300,3089,50631087000.0,1842671468441.0
llama3-8b_conv300,3090,50657657000.0,1842989796091.0
llama3-8b_conv300,3091,50657657000.0,1843474528285.0
llama3-8b_conv300,3092,50657657000.0,1844025734463.0
llama3-8b_conv300,3093,50741785000.0,1844520837280.0
llama3-8b_conv300,3094,50741785000.0,1845006279649.0
llama3-8b_conv300,3095,50894221000.0,1845415584673.0
llama3-8b_conv300,3096,50894221000.0,1846061331169.0
llama3-8b_conv300,3097,50908333000.0,1846444216959.0
llama3-8b_conv300,3098,50908333000.0,1846834593757.0
llama3-8b_conv300,3099,50995179000.0,1847197856698.0
llama3-8b_conv300,3100,51121242000.0,1847481066390.0
llama3-8b_conv300,3101,51121242000.0,1847871485714.0
llama3-8b_conv300,3102,51121242000.0,1849489255235.0
llama3-8b_conv300,3103,51121242000.0,1850203359337.0
llama3-8b_conv300,3104,51121242000.0,1850917463439.0
llama3-8b_conv300,3105,51121242000.0,1851631599797.0
llama3-8b_conv300,3106,51121242000.0,1852345736155.0
llama3-8b_conv300,3107,51121242000.0,1853059872513.0
llama3-8b_conv300,3108,51365096000.0,1853372656283.0
llama3-8b_conv300,3109,51365096000.0,1853782671413.0
llama3-8b_conv300,3110,51365096000.0,1854015206120.0
llama3-8b_conv300,3111,51479026000.0,1854328351905.0
llama3-8b_conv300,3112,51479026000.0,1855872702991.0
llama3-8b_conv300,3113,51479026000.0,1856587550092.0
llama3-8b_conv300,3114,51479026000.0,1857302397193.0
llama3-8b_conv300,3115,51621416000.0,1857615840448.0
llama3-8b_conv300,3116,51678347000.0,1857995603670.0
llama3-8b_conv300,3117,51678347000.0,1858360224940.0
llama3-8b_conv300,3118,51678347000.0,1858770475138.0
llama3-8b_conv300,3119,51678347000.0,1858890856979.0
llama3-8b_conv300,3120,51678347000.0,1859060246535.0
llama3-8b_conv300,3121,51678347000.0,1859229636091.0
llama3-8b_conv300,3122,51678347000.0,1859399025647.0
llama3-8b_conv300,3123,51678347000.0,1859568415203.0
llama3-8b_conv300,3124,51678347000.0,1859737804759.0
llama3-8b_conv300,3125,51678347000.0,1859907194315.0
llama3-8b_conv300,3126,51940252000.0,1860132264883.0
llama3-8b_conv300,3127,51940252000.0,1860392531139.0
llama3-8b_conv300,3128,51940252000.0,1860652797395.0
llama3-8b_conv300,3129,51940252000.0,1860913128163.0
llama3-8b_conv300,3130,51940252000.0,1861173458931.0
llama3-8b_conv300,3131,51940252000.0,1861433789699.0
llama3-8b_conv300,3132,51940252000.0,1861694152723.0
llama3-8b_conv300,3133,51940252000.0,1861954515747.0
llama3-8b_conv300,3134,51940252000.0,1862215003699.0
llama3-8b_conv300,3135,52120220000.0,1862620292133.0
llama3-8b_conv300,3136,52120220000.0,1863108923546.0
llama3-8b_conv300,3137,52120220000.0,1863369783013.0
llama3-8b_conv300,3138,52227631000.0,1863775401238.0
llama3-8b_conv300,3139,52227631000.0,1864276770631.0
llama3-8b_conv300,3140,52248622000.0,1864854648662.0
llama3-8b_conv300,3141,52248622000.0,1865311690661.0
llama3-8b_conv300,3142,52248622000.0,1865813353460.0
llama3-8b_conv300,3143,52257840000.0,1866214957890.0
llama3-8b_conv300,3144,52257840000.0,1866387275123.0
llama3-8b_conv300,3145,52257840000.0,1866649163893.0
llama3-8b_conv300,3146,52257840000.0,1866911052663.0
llama3-8b_conv300,3147,52257840000.0,1867172941433.0
llama3-8b_conv300,3148,52257840000.0,1867434652160.0
llama3-8b_conv300,3149,52257840000.0,1867696362887.0
llama3-8b_conv300,3150,52257840000.0,1867958073614.0
llama3-8b_conv300,3151,52257840000.0,1868219784341.0
llama3-8b_conv300,3152,52257840000.0,1868481188064.0
llama3-8b_conv300,3153,52257840000.0,1868742624043.0
llama3-8b_conv300,3154,52257840000.0,1869004060022.0
llama3-8b_conv300,3155,52257840000.0,1869265528257.0
llama3-8b_conv300,3156,52257840000.0,1869526996492.0
llama3-8b_conv300,3157,52257840000.0,1869788464727.0
llama3-8b_conv300,3158,52257840000.0,1870049932962.0
llama3-8b_conv300,3159,52257840000.0,1870311401197.0
llama3-8b_conv300,3160,52257840000.0,1870572869432.0
llama3-8b_conv300,3161,52257840000.0,1870834369923.0
llama3-8b_conv300,3162,52257840000.0,1871095870414.0
llama3-8b_conv300,3163,52257840000.0,1871357403161.0
llama3-8b_conv300,3164,52883306000.0,1871763694666.0
llama3-8b_conv300,3165,52883306000.0,1873356419699.0
llama3-8b_conv300,3166,52883306000.0,1873618384378.0
llama3-8b_conv300,3167,52883306000.0,1873880349057.0
llama3-8b_conv300,3168,52883306000.0,1874142313736.0
llama3-8b_conv300,3169,52883306000.0,1874404278415.0
llama3-8b_conv300,3170,52883306000.0,1874666243094.0
llama3-8b_conv300,3171,52883306000.0,1874927836257.0
llama3-8b_conv300,3172,52883306000.0,1875189429420.0
llama3-8b_conv300,3173,52883306000.0,1875451054839.0
llama3-8b_conv300,3174,52883306000.0,1875712680258.0
llama3-8b_conv300,3175,52883306000.0,1875974305677.0
llama3-8b_conv300,3176,53143328000.0,1876738074062.0
llama3-8b_conv300,3177,53172040000.0,1877144658973.0
llama3-8b_conv300,3178,53172040000.0,1877687763564.0
llama3-8b_conv300,3179,53172040000.0,1877950004590.0
llama3-8b_conv300,3180,53172040000.0,1878212276336.0
llama3-8b_conv300,3181,53172040000.0,1878474548082.0
llama3-8b_conv300,3182,53172040000.0,1878736819828.0
llama3-8b_conv300,3183,53172040000.0,1878999123830.0
llama3-8b_conv300,3184,53172040000.0,1879261427832.0
llama3-8b_conv300,3185,53172040000.0,1879523860858.0
llama3-8b_conv300,3186,53172040000.0,1879785825537.0
llama3-8b_conv300,3187,53172040000.0,1880047790216.0
llama3-8b_conv300,3188,53172040000.0,1880309754895.0
llama3-8b_conv300,3189,53172040000.0,1880571509338.0
llama3-8b_conv300,3190,53172040000.0,1880833328293.0
llama3-8b_conv300,3191,53172040000.0,1881094937013.0
llama3-8b_conv300,3192,53172040000.0,1881356545733.0
llama3-8b_conv300,3193,53172040000.0,1881618154453.0
llama3-8b_conv300,3194,53172040000.0,1881879763173.0
llama3-8b_conv300,3195,53563248000.0,1882108050670.0
llama3-8b_conv300,3196,53563248000.0,1882369744697.0
llama3-8b_conv300,3197,53563248000.0,1882631034953.0
llama3-8b_conv300,3198,53563248000.0,1882892325209.0
llama3-8b_conv300,3199,53563248000.0,1883153647721.0
llama3-8b_conv300,3200,53563248000.0,1883323839581.0
llama3-8b_conv300,3201,53563248000.0,1883494031441.0
llama3-8b_conv300,3202,53563248000.0,1883663787273.0
llama3-8b_conv300,3203,53706456000.0,1883978330335.0
llama3-8b_conv300,3204,53706456000.0,1884389318325.0
llama3-8b_conv300,3205,53706456000.0,1884706654289.0
llama3-8b_conv300,3206,53706456000.0,1884876781637.0
llama3-8b_conv300,3207,53706456000.0,1885046908985.0
llama3-8b_conv300,3208,53706456000.0,1885217036333.0
llama3-8b_conv300,3209,53706456000.0,1885387163681.0
llama3-8b_conv300,3210,53706456000.0,1885557291029.0
llama3-8b_conv300,3211,53706456000.0,1885727240397.0
llama3-8b_conv300,3212,53706456000.0,1885897222021.0
llama3-8b_conv300,3213,53706456000.0,1886067268157.0
llama3-8b_conv300,3214,53706456000.0,1886237346549.0
llama3-8b_conv300,3215,53992761000.0,1886368493657.0
llama3-8b_conv300,3216,54022464000.0,1886683008559.0
llama3-8b_conv300,3217,54022464000.0,1887134830566.0
llama3-8b_conv300,3218,54117659000.0,1887570674524.0
llama3-8b_conv300,3219,54117659000.0,1887936037682.0
llama3-8b_conv300,3220,54117659000.0,1888346965256.0
llama3-8b_conv300,3221,54117659000.0,1888396970172.0
llama3-8b_conv300,3222,54117659000.0,1888567069360.0
llama3-8b_conv300,3223,54117659000.0,1888737168548.0
llama3-8b_conv300,3224,54117659000.0,1888907267736.0
llama3-8b_conv300,3225,54117659000.0,1889077366924.0
llama3-8b_conv300,3226,54117659000.0,1889247466112.0
llama3-8b_conv300,3227,54117659000.0,1889417387320.0
llama3-8b_conv300,3228,54117659000.0,1889587308528.0
llama3-8b_conv300,3229,54117659000.0,1889757229736.0
llama3-8b_conv300,3230,54117659000.0,1889927150944.0
llama3-8b_conv300,3231,54117659000.0,1890097072152.0
llama3-8b_conv300,3232,54117659000.0,1890266993360.0
llama3-8b_conv300,3233,54117659000.0,1890436946824.0
llama3-8b_conv300,3234,54117659000.0,1890606900288.0
llama3-8b_conv300,3235,54117659000.0,1890776853752.0
llama3-8b_conv300,3236,54117659000.0,1890946871728.0
llama3-8b_conv300,3237,54117659000.0,1891116889704.0
llama3-8b_conv300,3238,54117659000.0,1891286907680.0
llama3-8b_conv300,3239,54117659000.0,1891456925656.0
llama3-8b_conv300,3240,54117659000.0,1891626943632.0
llama3-8b_conv300,3241,54117659000.0,1891796961608.0
llama3-8b_conv300,3242,54117659000.0,1891967072256.0
llama3-8b_conv300,3243,54117659000.0,1892137182904.0
llama3-8b_conv300,3244,54117659000.0,1892307293552.0
llama3-8b_conv300,3245,54117659000.0,1892477404200.0
llama3-8b_conv300,3246,54117659000.0,1892647611616.0
llama3-8b_conv300,3247,54117659000.0,1892817851288.0
llama3-8b_conv300,3248,54117659000.0,1892988090960.0
llama3-8b_conv300,3249,54117659000.0,1893158330632.0
llama3-8b_conv300,3250,54117659000.0,1893328570304.0
llama3-8b_conv300,3251,54117659000.0,1893498809976.0
llama3-8b_conv300,3252,54117659000.0,1893669049648.0
llama3-8b_conv300,3253,54117659000.0,1893839289320.0
llama3-8b_conv300,3254,54117659000.0,1894555551589.0
llama3-8b_conv300,3255,54117659000.0,1895271410086.0
llama3-8b_conv300,3256,54117659000.0,1895987268583.0
llama3-8b_conv300,3257,54117659000.0,1896703191592.0
llama3-8b_conv300,3258,54117659000.0,1897419114601.0
llama3-8b_conv300,3259,54117659000.0,1898135037610.0
llama3-8b_conv300,3260,54117659000.0,1898850992875.0
llama3-8b_conv300,3261,54117659000.0,1899566948140.0
llama3-8b_conv300,3262,54117659000.0,1900282967917.0
llama3-8b_conv300,3263,54117659000.0,1900999019950.0
llama3-8b_conv300,3264,54117659000.0,1901715071983.0
llama3-8b_conv300,3265,54117659000.0,1902431216688.0
llama3-8b_conv300,3266,54117659000.0,1903146860886.0
llama3-8b_conv300,3267,55083021000.0,1903461152496.0
llama3-8b_conv300,3268,55083021000.0,1903872675466.0
llama3-8b_conv300,3269,55110396000.0,1904199100227.0
llama3-8b_conv300,3270,55110396000.0,1904284666718.0
llama3-8b_conv300,3271,55110396000.0,1905001114331.0
llama3-8b_conv300,3272,55110396000.0,1905717351708.0
llama3-8b_conv300,3273,55110396000.0,1906433589085.0
llama3-8b_conv300,3274,55110396000.0,1907149826462.0
llama3-8b_conv300,3275,55110396000.0,1907866063839.0
llama3-8b_conv300,3276,55339650000.0,1908180906904.0
llama3-8b_conv300,3277,55339650000.0,1908633810257.0
llama3-8b_conv300,3278,55339650000.0,1910751684841.0
llama3-8b_conv300,3279,55339650000.0,1911468293734.0
llama3-8b_conv300,3280,55339650000.0,1912184902627.0
llama3-8b_conv300,3281,55339650000.0,1912901511520.0
llama3-8b_conv300,3282,55339650000.0,1913617652129.0
llama3-8b_conv300,3283,55339650000.0,1914333824994.0
llama3-8b_conv300,3284,55339650000.0,1915049997859.0
llama3-8b_conv300,3285,55339650000.0,1915766170724.0
llama3-8b_conv300,3286,55339650000.0,1916482343589.0
llama3-8b_conv300,3287,55339650000.0,1917198015947.0
llama3-8b_conv300,3288,55339650000.0,1917913688305.0
llama3-8b_conv300,3289,55339650000.0,1918629392919.0
llama3-8b_conv300,3290,55339650000.0,1919345097533.0
llama3-8b_conv300,3291,55339650000.0,1920060802147.0
llama3-8b_conv300,3292,55339650000.0,1920776506761.0
llama3-8b_conv300,3293,55339650000.0,1921491775347.0
llama3-8b_conv300,3294,55339650000.0,1922207076189.0
llama3-8b_conv300,3295,55339650000.0,1922922377031.0
llama3-8b_conv300,3296,55339650000.0,1923637677873.0
llama3-8b_conv300,3297,55339650000.0,1924352978715.0
llama3-8b_conv300,3298,55339650000.0,1925068069321.0
llama3-8b_conv300,3299,55339650000.0,1925783192183.0
llama3-8b_conv300,3300,55339650000.0,1926498315045.0
llama3-8b_conv300,3301,55339650000.0,1927213470163.0
llama3-8b_conv300,3302,55339650000.0,1927928625281.0
llama3-8b_conv300,3303,55339650000.0,1928643780399.0
llama3-8b_conv300,3304,55339650000.0,1929358967773.0
llama3-8b_conv300,3305,55339650000.0,1930074155147.0
llama3-8b_conv300,3306,55339650000.0,1930789374777.0
llama3-8b_conv300,3307,55339650000.0,1931580435148.0
llama3-8b_conv300,3308,55339650000.0,1932371495519.0
llama3-8b_conv300,3309,55339650000.0,1933162555890.0
llama3-8b_conv300,3310,55339650000.0,1934284043849.0
llama3-8b_conv300,3311,55339650000.0,1935405564064.0
llama3-8b_conv300,3312,55339650000.0,1936527084279.0
llama3-8b_conv300,3313,55339650000.0,1937648701262.0
llama3-8b_conv300,3314,55339650000.0,1938648842542.0
llama3-8b_conv300,3315,55339650000.0,1939648983822.0
llama3-8b_conv300,3316,55339650000.0,1940649125102.0
llama3-8b_conv300,3317,55339650000.0,1941648798130.0
llama3-8b_conv300,3318,55339650000.0,1942648535670.0
llama3-8b_conv300,3319,55339650000.0,1943648273210.0
llama3-8b_conv300,3320,55339650000.0,1944647542467.0
llama3-8b_conv300,3321,55339650000.0,1945646811724.0
llama3-8b_conv300,3322,55339650000.0,1946646080981.0
llama3-8b_conv300,3323,55339650000.0,1947645350238.0
llama3-8b_conv300,3324,55339650000.0,1948644619495.0
llama3-8b_conv300,3325,55339650000.0,1949643888752.0
llama3-8b_conv300,3326,55339650000.0,1950643158009.0
llama3-8b_conv300,3327,55339650000.0,1951642459522.0
llama3-8b_conv300,3328,55339650000.0,1952641793291.0
llama3-8b_conv300,3329,55339650000.0,1953641127060.0
llama3-8b_conv300,3330,55339650000.0,1954640460829.0
llama3-8b_conv300,3331,55339650000.0,1955639794598.0
llama3-8b_conv300,3332,55339650000.0,1956639128367.0
llama3-8b_conv300,3333,55339650000.0,1957638494392.0
llama3-8b_conv300,3334,55339650000.0,1958637860417.0
llama3-8b_conv300,3335,55339650000.0,1959637226442.0
llama3-8b_conv300,3336,55339650000.0,1960636592467.0
llama3-8b_conv300,3337,55339650000.0,1961635780512.0
llama3-8b_conv300,3338,55339650000.0,1962634968557.0
llama3-8b_conv300,3339,55339650000.0,1963634188858.0
llama3-8b_conv300,3340,55339650000.0,1964633409159.0
llama3-8b_conv300,3341,55339650000.0,1965632661716.0
llama3-8b_conv300,3342,55339650000.0,1966631914273.0
llama3-8b_conv300,3343,55339650000.0,1967631166830.0
llama3-8b_conv300,3344,55339650000.0,1968630419387.0
llama3-8b_conv300,3345,56587820000.0,1969018048130.0
llama3-8b_conv300,3346,56587820000.0,1969505267529.0
llama3-8b_conv300,3347,56587820000.0,1969719130858.0
llama3-8b_conv300,3348,56587820000.0,1970718286647.0
llama3-8b_conv300,3349,56587820000.0,1971717474692.0
llama3-8b_conv300,3350,56587820000.0,1972716662737.0
llama3-8b_conv300,3351,56587820000.0,1973715414786.0
llama3-8b_conv300,3352,56587820000.0,1974714166835.0
llama3-8b_conv300,3353,56587820000.0,1975712918884.0
llama3-8b_conv300,3354,56587820000.0,1976711670933.0
llama3-8b_conv300,3355,56587820000.0,1977710277259.0
llama3-8b_conv300,3356,56587820000.0,1978708883585.0
llama3-8b_conv300,3357,56587820000.0,1979707489911.0
llama3-8b_conv300,3358,56587820000.0,1980705660209.0
llama3-8b_conv300,3359,56587820000.0,1981703830507.0
llama3-8b_conv300,3360,56587820000.0,1982702000805.0
llama3-8b_conv300,3361,56587820000.0,1983700203359.0
llama3-8b_conv300,3362,56587820000.0,1984698405913.0
llama3-8b_conv300,3363,56587820000.0,1985696608467.0
llama3-8b_conv300,3364,56587820000.0,1986694811021.0
llama3-8b_conv300,3365,56587820000.0,1987693045831.0
llama3-8b_conv300,3366,56965420000.0,1988079685331.0
llama3-8b_conv300,3367,56965420000.0,1988566701919.0
llama3-8b_conv300,3368,56965420000.0,1988952817997.0
llama3-8b_conv300,3369,56965420000.0,1989951456579.0
llama3-8b_conv300,3370,56965420000.0,1990950127417.0
llama3-8b_conv300,3371,56965420000.0,1991947861688.0
llama3-8b_conv300,3372,56965420000.0,1992945595959.0
llama3-8b_conv300,3373,56965420000.0,1993943330230.0
llama3-8b_conv300,3374,56965420000.0,1994940660761.0
llama3-8b_conv300,3375,56965420000.0,1995938023548.0
llama3-8b_conv300,3376,56965420000.0,1996933982312.0
llama3-8b_conv300,3377,57217515000.0,1997333502617.0
llama3-8b_conv300,3378,57217515000.0,1997819329738.0
llama3-8b_conv300,3379,57280079000.0,1998244730842.0
llama3-8b_conv300,3380,57280079000.0,1998731184170.0
llama3-8b_conv300,3381,57280079000.0,1999007013829.0
llama3-8b_conv300,3382,57414624000.0,1999393122836.0
llama3-8b_conv300,3383,57414624000.0,1999921256547.0
llama3-8b_conv300,3384,57452439000.0,2000307253618.0
llama3-8b_conv300,3385,57452439000.0,2000794167233.0
llama3-8b_conv300,3386,57492631000.0,2001180492174.0
llama3-8b_conv300,3387,57492631000.0,2001667473403.0
llama3-8b_conv300,3388,57503945000.0,2002113558663.0
llama3-8b_conv300,3389,57511147000.0,2002500334705.0
llama3-8b_conv300,3390,57577696000.0,2003022111161.0
llama3-8b_conv300,3391,57577696000.0,2003409377889.0
llama3-8b_conv300,3392,57577696000.0,2003896497417.0
llama3-8b_conv300,3393,57780753000.0,2004302547888.0
llama3-8b_conv300,3394,57780753000.0,2004830826103.0
llama3-8b_conv300,3395,57780753000.0,2005387489598.0
llama3-8b_conv300,3396,57780753000.0,2006186669061.0
llama3-8b_conv300,3397,57780753000.0,2006982999725.0
llama3-8b_conv300,3398,57780753000.0,2007842328405.0
llama3-8b_conv300,3399,57780753000.0,2008884768253.0
llama3-8b_conv300,3400,57780753000.0,2009966107813.0
llama3-8b_conv300,3401,58265729000.0,2010744944140.0
llama3-8b_conv300,3402,58265729000.0,2010987612905.0
llama3-8b_conv300,3403,58265729000.0,2011987785330.0
llama3-8b_conv300,3404,58265729000.0,2012987957755.0
llama3-8b_conv300,3405,58464914000.0,2013192795845.0
llama3-8b_conv300,3406,58464914000.0,2014193118089.0
llama3-8b_conv300,3407,58464914000.0,2015193440333.0
llama3-8b_conv300,3408,58464914000.0,2016193762577.0
llama3-8b_conv300,3409,58464914000.0,2017194084821.0
llama3-8b_conv300,3410,58464914000.0,2018193906526.0
llama3-8b_conv300,3411,58464914000.0,2019193760487.0
llama3-8b_conv300,3412,58464914000.0,2020193404212.0
llama3-8b_conv300,3413,58464914000.0,2021193047937.0
llama3-8b_conv300,3414,58464914000.0,2022192691662.0
llama3-8b_conv300,3415,58464914000.0,2023192335387.0
llama3-8b_conv300,3416,58464914000.0,2024192011368.0
llama3-8b_conv300,3417,58464914000.0,2025191719605.0
llama3-8b_conv300,3418,58464914000.0,2026191427842.0
llama3-8b_conv300,3419,58464914000.0,2027191136079.0
llama3-8b_conv300,3420,58464914000.0,2028190844316.0
llama3-8b_conv300,3421,58464914000.0,2029190552553.0
llama3-8b_conv300,3422,58464914000.0,2030190293046.0
llama3-8b_conv300,3423,58464914000.0,2031190033539.0
llama3-8b_conv300,3424,58464914000.0,2032189774032.0
llama3-8b_conv300,3425,58464914000.0,2033189514525.0
llama3-8b_conv300,3426,58464914000.0,2034189255018.0
llama3-8b_conv300,3427,58464914000.0,2035189027767.0
llama3-8b_conv300,3428,58464914000.0,2036188800516.0
llama3-8b_conv300,3429,58464914000.0,2037188573265.0
llama3-8b_conv300,3430,58464914000.0,2038188346014.0
llama3-8b_conv300,3431,58464914000.0,2039188118763.0
llama3-8b_conv300,3432,58464914000.0,2040187891512.0
llama3-8b_conv300,3433,58464914000.0,2041187163753.0
llama3-8b_conv300,3434,58464914000.0,2042186468250.0
llama3-8b_conv300,3435,58464914000.0,2043185772747.0
llama3-8b_conv300,3436,58464914000.0,2044184608961.0
llama3-8b_conv300,3437,58464914000.0,2045183445175.0
llama3-8b_conv300,3438,58464914000.0,2046182281389.0
llama3-8b_conv300,3439,58464914000.0,2047181117603.0
llama3-8b_conv300,3440,58464914000.0,2048179582301.0
llama3-8b_conv300,3441,58464914000.0,2049177643228.0
llama3-8b_conv300,3442,58464914000.0,2050175704155.0
llama3-8b_conv300,3443,58464914000.0,2051173765082.0
llama3-8b_conv300,3444,58464914000.0,2052171390013.0
llama3-8b_conv300,3445,58464914000.0,2053166885732.0
llama3-8b_conv300,3446,58464914000.0,2054162381451.0
llama3-8b_conv300,3447,58464914000.0,2055157877170.0
llama3-8b_conv300,3448,58464914000.0,2056153372889.0
llama3-8b_conv300,3449,58464914000.0,2057148868608.0
llama3-8b_conv300,3450,58464914000.0,2058143896044.0
llama3-8b_conv300,3451,58464914000.0,2059138923480.0
llama3-8b_conv300,3452,58464914000.0,2060134043588.0
llama3-8b_conv300,3453,58464914000.0,2061129163696.0
llama3-8b_conv300,3454,58464914000.0,2062124283804.0
llama3-8b_conv300,3455,58464914000.0,2063119436168.0
llama3-8b_conv300,3456,58464914000.0,2064114620788.0
llama3-8b_conv300,3457,58464914000.0,2065109805408.0
llama3-8b_conv300,3458,58464914000.0,2066104990028.0
llama3-8b_conv300,3459,58464914000.0,2067100174648.0
llama3-8b_conv300,3460,58464914000.0,2068095359268.0
llama3-8b_conv300,3461,58464914000.0,2069090543888.0
llama3-8b_conv300,3462,58464914000.0,2070085728508.0
llama3-8b_conv300,3463,58464914000.0,2071080945384.0
llama3-8b_conv300,3464,58464914000.0,2072076162260.0
llama3-8b_conv300,3465,58464914000.0,2073071411392.0
llama3-8b_conv300,3466,58464914000.0,2074066660524.0
llama3-8b_conv300,3467,58464914000.0,2075061941912.0
llama3-8b_conv300,3468,58464914000.0,2076057223300.0
llama3-8b_conv300,3469,58464914000.0,2077052536944.0
llama3-8b_conv300,3470,58464914000.0,2078047850588.0
llama3-8b_conv300,3471,58464914000.0,2079043164232.0
llama3-8b_conv300,3472,58464914000.0,2080038041880.0
llama3-8b_conv300,3473,58464914000.0,2080765664428.0
llama3-8b_conv300,3474,58464914000.0,2081493286976.0
llama3-8b_conv300,3475,58464914000.0,2082220909524.0
llama3-8b_conv300,3476,58464914000.0,2082948532072.0
llama3-8b_conv300,3477,58464914000.0,2083676154620.0
llama3-8b_conv300,3478,58464914000.0,2084403777168.0
llama3-8b_conv300,3479,58464914000.0,2085131399716.0
llama3-8b_conv300,3480,58464914000.0,2085859022264.0
llama3-8b_conv300,3481,58464914000.0,2086084375569.0
llama3-8b_conv300,3482,58464914000.0,2086308824595.0
llama3-8b_conv300,3483,58464914000.0,2086533305877.0
llama3-8b_conv300,3484,58464914000.0,2086757787159.0
llama3-8b_conv300,3485,58464914000.0,2086982268441.0
llama3-8b_conv300,3486,58464914000.0,2087206749723.0
llama3-8b_conv300,3487,58464914000.0,2087430762721.0
llama3-8b_conv300,3488,58464914000.0,2087654775719.0
llama3-8b_conv300,3489,58464914000.0,2087878788717.0
llama3-8b_conv300,3490,58464914000.0,2088102591479.0
llama3-8b_conv300,3491,58464914000.0,2088326394241.0
llama3-8b_conv300,3492,58464914000.0,2088550197003.0
llama3-8b_conv300,3493,58464914000.0,2088774032021.0
llama3-8b_conv300,3494,58464914000.0,2088997867039.0
llama3-8b_conv300,3495,58464914000.0,2089718151278.0
llama3-8b_conv300,3496,58464914000.0,2090438435517.0
llama3-8b_conv300,3497,58464914000.0,2091158719756.0
llama3-8b_conv300,3498,58464914000.0,2091879003995.0
llama3-8b_conv300,3499,58464914000.0,2092599288234.0
llama3-8b_conv300,3500,58464914000.0,2093319604729.0
llama3-8b_conv300,3501,58464914000.0,2094039711020.0
llama3-8b_conv300,3502,58464914000.0,2094759881823.0
llama3-8b_conv300,3503,58464914000.0,2095480084882.0
llama3-8b_conv300,3504,58464914000.0,2096200287941.0
llama3-8b_conv300,3505,58464914000.0,2096914845885.0
llama3-8b_conv300,3506,58464914000.0,2097628935545.0
llama3-8b_conv300,3507,59993520000.0,2099849339907.0
llama3-8b_conv300,3508,59993520000.0,2100563514875.0
llama3-8b_conv300,3509,59993520000.0,2101277689843.0
llama3-8b_conv300,3510,59993520000.0,2101991864811.0
llama3-8b_conv300,3511,59993520000.0,2102706072035.0
llama3-8b_conv300,3512,59993520000.0,2103420279259.0
llama3-8b_conv300,3513,59993520000.0,2104134486483.0
llama3-8b_conv300,3514,59993520000.0,2104848693707.0
llama3-8b_conv300,3515,59993520000.0,2105562464903.0
llama3-8b_conv300,3516,59993520000.0,2106276236099.0
llama3-8b_conv300,3517,59993520000.0,2106990007295.0
llama3-8b_conv300,3518,59993520000.0,2107703810747.0
llama3-8b_conv300,3519,60172200000.0,2108097353694.0
llama3-8b_conv300,3520,60172200000.0,2108581905665.0
llama3-8b_conv300,3521,60183596000.0,2109006063396.0
llama3-8b_conv300,3522,60183596000.0,2109483690024.0
llama3-8b_conv300,3523,60183596000.0,2109685775519.0
llama3-8b_conv300,3524,60183596000.0,2110398917183.0
llama3-8b_conv300,3525,60183596000.0,2111112058847.0
llama3-8b_conv300,3526,60183596000.0,2111825200511.0
llama3-8b_conv300,3527,60183596000.0,2112538374431.0
llama3-8b_conv300,3528,60426171000.0,2112931756098.0
llama3-8b_conv300,3529,60426171000.0,2113416146789.0
llama3-8b_conv300,3530,60426171000.0,2114003867272.0
llama3-8b_conv300,3531,60426171000.0,2118545810793.0
llama3-8b_conv300,3532,60426171000.0,2119259581989.0
llama3-8b_conv300,3533,60426171000.0,2119973417697.0
llama3-8b_conv300,3534,60426171000.0,2120687253405.0
llama3-8b_conv300,3535,60426171000.0,2121401089113.0
llama3-8b_conv300,3536,60648144000.0,2121732482719.0
llama3-8b_conv300,3537,60648144000.0,2122446528663.0
llama3-8b_conv300,3538,60648144000.0,2123160574607.0
llama3-8b_conv300,3539,60648144000.0,2123874152267.0
llama3-8b_conv300,3540,60648144000.0,2124587729927.0
llama3-8b_conv300,3541,60648144000.0,2125301307587.0
llama3-8b_conv300,3542,60648144000.0,2126014885247.0
llama3-8b_conv300,3543,60778525000.0,2126191927542.0
llama3-8b_conv300,3544,60778525000.0,2126905590510.0
llama3-8b_conv300,3545,60778525000.0,2127618817450.0
llama3-8b_conv300,3546,60778525000.0,2128332044390.0
llama3-8b_conv300,3547,60831569000.0,2128739236232.0
llama3-8b_conv300,3548,60872432000.0,2129278539176.0
llama3-8b_conv300,3549,60872432000.0,2129690947304.0
llama3-8b_conv300,3550,60872432000.0,2130177251368.0
llama3-8b_conv300,3551,60872432000.0,2130287196960.0
llama3-8b_conv300,3552,60872432000.0,2131000698648.0
llama3-8b_conv300,3553,60872432000.0,2131714200336.0
llama3-8b_conv300,3554,60872432000.0,2132427702024.0
llama3-8b_conv300,3555,60872432000.0,2133141235968.0
llama3-8b_conv300,3556,60872432000.0,2133854769912.0
llama3-8b_conv300,3557,60872432000.0,2134568303856.0
llama3-8b_conv300,3558,60872432000.0,2135281837800.0
llama3-8b_conv300,3559,60872432000.0,2135995371744.0
llama3-8b_conv300,3560,60872432000.0,2136708905688.0
llama3-8b_conv300,3561,61145266000.0,2137107519000.0
llama3-8b_conv300,3562,61145266000.0,2137648644440.0
llama3-8b_conv300,3563,61145266000.0,2137792638923.0
llama3-8b_conv300,3564,61145266000.0,2138511688958.0
llama3-8b_conv300,3565,61263537000.0,2138924168797.0
llama3-8b_conv300,3566,61263537000.0,2139440883644.0
llama3-8b_conv300,3567,61285563000.0,2139833804537.0
llama3-8b_conv300,3568,61285563000.0,2140316697206.0
llama3-8b_conv300,3569,61294115000.0,2140769122929.0
llama3-8b_conv300,3570,61294115000.0,2141292742124.0
llama3-8b_conv300,3571,61294115000.0,2141489935109.0
llama3-8b_conv300,3572,61294115000.0,2141713149899.0
llama3-8b_conv300,3573,61294115000.0,2141936364689.0
llama3-8b_conv300,3574,61294115000.0,2142159579479.0
llama3-8b_conv300,3575,61294115000.0,2142382826525.0
llama3-8b_conv300,3576,61294115000.0,2142606105827.0
llama3-8b_conv300,3577,61294115000.0,2142829385129.0
llama3-8b_conv300,3578,61294115000.0,2143052664431.0
llama3-8b_conv300,3579,61294115000.0,2143275943733.0
llama3-8b_conv300,3580,61294115000.0,2143499255291.0
llama3-8b_conv300,3581,61294115000.0,2143722566849.0
llama3-8b_conv300,3582,61294115000.0,2143945971079.0
llama3-8b_conv300,3583,61294115000.0,2144169407565.0
llama3-8b_conv300,3584,61294115000.0,2144392278999.0
llama3-8b_conv300,3585,61294115000.0,2144615150433.0
llama3-8b_conv300,3586,61294115000.0,2144838021867.0
llama3-8b_conv300,3587,61764605000.0,2145250705510.0
llama3-8b_conv300,3588,61764605000.0,2145816866787.0
llama3-8b_conv300,3589,61838028000.0,2146196557949.0
llama3-8b_conv300,3590,61838028000.0,2146660029005.0
llama3-8b_conv300,3591,61928694000.0,2147039222343.0
llama3-8b_conv300,3592,61928694000.0,2147502066145.0
llama3-8b_conv300,3593,61928694000.0,2148052059996.0
llama3-8b_conv300,3594,61928694000.0,2149717660541.0
llama3-8b_conv300,3595,61928694000.0,2149940131395.0
llama3-8b_conv300,3596,61928694000.0,2150162602249.0
llama3-8b_conv300,3597,61928694000.0,2150385105359.0
llama3-8b_conv300,3598,61928694000.0,2150607608469.0
llama3-8b_conv300,3599,61928694000.0,2150830111579.0
llama3-8b_conv300,3600,61928694000.0,2151052614689.0
llama3-8b_conv300,3601,62174486000.0,2151451424187.0
llama3-8b_conv300,3602,62174486000.0,2151940524373.0
llama3-8b_conv300,3603,62174486000.0,2152362382354.0
llama3-8b_conv300,3604,62276484000.0,2152774691306.0
llama3-8b_conv300,3605,62276484000.0,2153290170306.0
llama3-8b_conv300,3606,62276484000.0,2153495469780.0
llama3-8b_conv300,3607,62276484000.0,2153718873073.0
llama3-8b_conv300,3608,62276484000.0,2153942276366.0
llama3-8b_conv300,3609,62276484000.0,2154165679659.0
llama3-8b_conv300,3610,62276484000.0,2154389082952.0
llama3-8b_conv300,3611,62276484000.0,2154612486245.0
llama3-8b_conv300,3612,62276484000.0,2154835889538.0
llama3-8b_conv300,3613,62482331000.0,2155235326297.0
llama3-8b_conv300,3614,62482331000.0,2155775677744.0
llama3-8b_conv300,3615,62482331000.0,2158080836294.0
llama3-8b_conv300,3616,62482331000.0,2158304643359.0
llama3-8b_conv300,3617,62482331000.0,2158528450424.0
llama3-8b_conv300,3618,62482331000.0,2158752257489.0
llama3-8b_conv300,3619,62482331000.0,2158976064554.0
llama3-8b_conv300,3620,62482331000.0,2159199693639.0
llama3-8b_conv300,3621,62482331000.0,2159423354980.0
llama3-8b_conv300,3622,62482331000.0,2159646806118.0
llama3-8b_conv300,3623,62482331000.0,2159870257256.0
llama3-8b_conv300,3624,62482331000.0,2160093708394.0
llama3-8b_conv300,3625,62482331000.0,2160317159532.0
llama3-8b_conv300,3626,62482331000.0,2160540610670.0
llama3-8b_conv300,3627,62482331000.0,2160764061808.0
llama3-8b_conv300,3628,62482331000.0,2160987577458.0
llama3-8b_conv300,3629,62482331000.0,2161211093108.0
llama3-8b_conv300,3630,62482331000.0,2161434641014.0
llama3-8b_conv300,3631,62482331000.0,2161658221176.0
llama3-8b_conv300,3632,62482331000.0,2161881591102.0
llama3-8b_conv300,3633,62843126000.0,2162281299672.0
llama3-8b_conv300,3634,62843126000.0,2162771206258.0
llama3-8b_conv300,3635,62843126000.0,2163763832660.0
llama3-8b_conv300,3636,62843126000.0,2163987606358.0
llama3-8b_conv300,3637,62843126000.0,2164210911772.0
llama3-8b_conv300,3638,62843126000.0,2164434217186.0
llama3-8b_conv300,3639,62843126000.0,2164657522600.0
llama3-8b_conv300,3640,62843126000.0,2164880828014.0
llama3-8b_conv300,3641,62843126000.0,2165104133428.0
llama3-8b_conv300,3642,62843126000.0,2165327438842.0
llama3-8b_conv300,3643,63043028000.0,2165563224060.0
llama3-8b_conv300,3644,63043028000.0,2165786612734.0
llama3-8b_conv300,3645,63043028000.0,2166010003456.0
llama3-8b_conv300,3646,63043028000.0,2166233394178.0
llama3-8b_conv300,3647,63043028000.0,2166456784900.0
llama3-8b_conv300,3648,63112742000.0,2166794643169.0
llama3-8b_conv300,3649,63112742000.0,2167018244094.0
llama3-8b_conv300,3650,63112742000.0,2167241845019.0
llama3-8b_conv300,3651,63112742000.0,2167465445944.0
llama3-8b_conv300,3652,63112742000.0,2167689046869.0
llama3-8b_conv300,3653,63112742000.0,2167912647794.0
llama3-8b_conv300,3654,63112742000.0,2168136248719.0
llama3-8b_conv300,3655,63112742000.0,2168359881900.0
llama3-8b_conv300,3656,63112742000.0,2168583515081.0
llama3-8b_conv300,3657,63112742000.0,2168807148262.0
llama3-8b_conv300,3658,63112742000.0,2169030781443.0
llama3-8b_conv300,3659,63112742000.0,2169254446880.0
llama3-8b_conv300,3660,63112742000.0,2169478112317.0
llama3-8b_conv300,3661,63112742000.0,2169701842266.0
llama3-8b_conv300,3662,63112742000.0,2169925572215.0
llama3-8b_conv300,3663,63112742000.0,2170149302164.0
llama3-8b_conv300,3664,63112742000.0,2170373032113.0
llama3-8b_conv300,3665,63112742000.0,2170596762062.0
llama3-8b_conv300,3666,63112742000.0,2170820023760.0
llama3-8b_conv300,3667,63112742000.0,2171043285458.0
llama3-8b_conv300,3668,63112742000.0,2171266547156.0
llama3-8b_conv300,3669,63112742000.0,2171489808854.0
llama3-8b_conv300,3670,63112742000.0,2171713070552.0
llama3-8b_conv300,3671,63112742000.0,2171936332250.0
llama3-8b_conv300,3672,63112742000.0,2172159593948.0
llama3-8b_conv300,3673,63112742000.0,2172382855646.0
llama3-8b_conv300,3674,63112742000.0,2172606117344.0
llama3-8b_conv300,3675,63112742000.0,2172829411298.0
llama3-8b_conv300,3676,63112742000.0,2173052705252.0
llama3-8b_conv300,3677,63112742000.0,2173275999206.0
llama3-8b_conv300,3678,63112742000.0,2173499325416.0
llama3-8b_conv300,3679,63112742000.0,2173722651626.0
llama3-8b_conv300,3680,63597893000.0,2174135254978.0
llama3-8b_conv300,3681,63597893000.0,2174651060634.0
llama3-8b_conv300,3682,63597893000.0,2174848572595.0
llama3-8b_conv300,3683,63597893000.0,2175072124597.0
llama3-8b_conv300,3684,63597893000.0,2175295676599.0
llama3-8b_conv300,3685,63597893000.0,2175519228601.0
llama3-8b_conv300,3686,63597893000.0,2175742780603.0
llama3-8b_conv300,3687,63597893000.0,2175966332605.0
llama3-8b_conv300,3688,63597893000.0,2176189916863.0
llama3-8b_conv300,3689,63597893000.0,2176413501121.0
llama3-8b_conv300,3690,63597893000.0,2176637085379.0
llama3-8b_conv300,3691,63597893000.0,2176860669637.0
llama3-8b_conv300,3692,63597893000.0,2177084253895.0
llama3-8b_conv300,3693,63597893000.0,2177307870409.0
llama3-8b_conv300,3694,63597893000.0,2177531486923.0
llama3-8b_conv300,3695,63597893000.0,2177755103437.0
llama3-8b_conv300,3696,63597893000.0,2177978719951.0
llama3-8b_conv300,3697,63597893000.0,2178202336465.0
llama3-8b_conv300,3698,63597893000.0,2178425985235.0
llama3-8b_conv300,3699,63597893000.0,2178649634005.0
llama3-8b_conv300,3700,63597893000.0,2178873282775.0
llama3-8b_conv300,3701,63597893000.0,2179096931545.0
llama3-8b_conv300,3702,63597893000.0,2179320580315.0
llama3-8b_conv300,3703,63597893000.0,2179544261341.0
llama3-8b_conv300,3704,63597893000.0,2179767974623.0
llama3-8b_conv300,3705,63597893000.0,2179991687905.0
llama3-8b_conv300,3706,63597893000.0,2180215401187.0
llama3-8b_conv300,3707,63597893000.0,2180439114469.0
llama3-8b_conv300,3708,63597893000.0,2180662827751.0
llama3-8b_conv300,3709,63597893000.0,2180886330797.0
llama3-8b_conv300,3710,63597893000.0,2181109833843.0
llama3-8b_conv300,3711,64095402000.00001,2181882553943.0
llama3-8b_conv300,3712,64095402000.00001,2182106142297.0
llama3-8b_conv300,3713,64095402000.00001,2182329730651.0
llama3-8b_conv300,3714,64095402000.00001,2182553319005.0
llama3-8b_conv300,3715,64095402000.00001,2182776907359.0
llama3-8b_conv300,3716,64095402000.00001,2183000495713.0
llama3-8b_conv300,3717,64186733000.0,2183413361209.0
llama3-8b_conv300,3718,64186733000.0,2183929396753.0
llama3-8b_conv300,3719,64186733000.0,2184152088080.0
llama3-8b_conv300,3720,64186733000.0,2184376080173.0
llama3-8b_conv300,3721,64186733000.0,2184600104522.0
llama3-8b_conv300,3722,64186733000.0,2184824128871.0
llama3-8b_conv300,3723,64186733000.0,2185048153220.0
llama3-8b_conv300,3724,64186733000.0,2185272177569.0
llama3-8b_conv300,3725,64186733000.0,2185496234174.0
llama3-8b_conv300,3726,64186733000.0,2185720290779.0
llama3-8b_conv300,3727,64186733000.0,2185944347384.0
llama3-8b_conv300,3728,64186733000.0,2186168403989.0
llama3-8b_conv300,3729,64186733000.0,2186392460594.0
llama3-8b_conv300,3730,64186733000.0,2186616549455.0
llama3-8b_conv300,3731,64186733000.0,2186840638316.0
llama3-8b_conv300,3732,64186733000.0,2187064727177.0
llama3-8b_conv300,3733,64186733000.0,2187288816038.0
llama3-8b_conv300,3734,64186733000.0,2187512904899.0
llama3-8b_conv300,3735,64186733000.0,2187736993760.0
llama3-8b_conv300,3736,64186733000.0,2187961082621.0
llama3-8b_conv300,3737,64186733000.0,2188185171482.0
llama3-8b_conv300,3738,64186733000.0,2188409260343.0
llama3-8b_conv300,3739,64186733000.0,2188633349204.0
llama3-8b_conv300,3740,64186733000.0,2188857438065.0
llama3-8b_conv300,3741,64186733000.0,2189081526926.0
llama3-8b_conv300,3742,64186733000.0,2189305615787.0
llama3-8b_conv300,3743,64186733000.0,2189529704648.0
llama3-8b_conv300,3744,64186733000.0,2189753825765.0
llama3-8b_conv300,3745,64186733000.0,2189977948930.0
llama3-8b_conv300,3746,64186733000.0,2190202072095.0
llama3-8b_conv300,3747,64186733000.0,2190426195260.0
llama3-8b_conv300,3748,64186733000.0,2190650318425.0
llama3-8b_conv300,3749,64186733000.0,2190874473846.0
llama3-8b_conv300,3750,64186733000.0,2191098629267.0
llama3-8b_conv300,3751,64186733000.0,2191322784688.0
llama3-8b_conv300,3752,64186733000.0,2191546940109.0
llama3-8b_conv300,3753,64186733000.0,2191771095530.0
llama3-8b_conv300,3754,64186733000.0,2191995250951.0
llama3-8b_conv300,3755,64186733000.0,2192219406372.0
llama3-8b_conv300,3756,64186733000.0,2192443190310.0
llama3-8b_conv300,3757,64186733000.0,2192666974248.0
llama3-8b_conv300,3758,64186733000.0,2192890850858.0
llama3-8b_conv300,3759,64186733000.0,2193114759724.0
llama3-8b_conv300,3760,64186733000.0,2193338490610.0
llama3-8b_conv300,3761,64888310000.00001,2193491900009.0
llama3-8b_conv300,3762,64910998000.00001,2193648787068.0
llama3-8b_conv300,3763,64940790000.00001,2194029256851.0
llama3-8b_conv300,3764,64940790000.00001,2194492798570.0
llama3-8b_conv300,3765,64940790000.00001,2195093519425.0
llama3-8b_conv300,3766,64940790000.00001,2195698448409.0
llama3-8b_conv300,3767,64940790000.00001,2196546008049.0
llama3-8b_conv300,3768,64940790000.00001,2197344528329.0
llama3-8b_conv300,3769,64940790000.00001,2198423430049.0
llama3-8b_conv300,3770,64940790000.00001,2199426719609.0
llama3-8b_conv300,3771,64940790000.00001,2200438152017.0
llama3-8b_conv300,3772,64990268000.0,2201054870760.0
llama3-8b_conv300,3773,65064085000.00001,2201436179488.0
llama3-8b_conv300,3774,65064085000.00001,2201926514680.0
llama3-8b_conv300,3775,65064156000.0,2202406813039.0
llama3-8b_conv300,3776,65064156000.0,2202890395463.0
llama3-8b_conv300,3777,65066011000.0,2203316912510.0
llama3-8b_conv300,3778,65066011000.0,2203800101205.0
llama3-8b_conv300,3779,65531595999.99999,2204154551497.0
llama3-8b_conv300,3780,65531595999.99999,2204618619613.0
llama3-8b_conv300,3781,65715096000.0,2205167742224.0
llama3-8b_conv300,3782,65715096000.0,2205568507171.0
llama3-8b_conv300,3783,65715096000.0,2206058826550.0
llama3-8b_conv300,3784,65786250999.99999,2206441606023.0
llama3-8b_conv300,3785,65786250999.99999,2208096531816.0
llama3-8b_conv300,3786,65786250999.99999,2209091197071.0
llama3-8b_conv300,3787,65786250999.99999,2210085862326.0
llama3-8b_conv300,3788,65786250999.99999,2211080527581.0
llama3-8b_conv300,3789,65786250999.99999,2212075107529.0
llama3-8b_conv300,3790,65786250999.99999,2213069687477.0
llama3-8b_conv300,3791,65786250999.99999,2214064267425.0
llama3-8b_conv300,3792,65786250999.99999,2215058847373.0
llama3-8b_conv300,3793,65786250999.99999,2216052991325.0
llama3-8b_conv300,3794,65786250999.99999,2217047135277.0
llama3-8b_conv300,3795,65786250999.99999,2218041279229.0
llama3-8b_conv300,3796,65786250999.99999,2219035423181.0
llama3-8b_conv300,3797,65786250999.99999,2220029567133.0
llama3-8b_conv300,3798,65786250999.99999,2221023711085.0
llama3-8b_conv300,3799,65786250999.99999,2221750438657.0
llama3-8b_conv300,3800,65786250999.99999,2222477166229.0
llama3-8b_conv300,3801,65786250999.99999,2223203893801.0
llama3-8b_conv300,3802,65786250999.99999,2223930621373.0
llama3-8b_conv300,3803,65786250999.99999,2224657381201.0
llama3-8b_conv300,3804,65786250999.99999,2225384141029.0
llama3-8b_conv300,3805,65786250999.99999,2226110900857.0
llama3-8b_conv300,3806,65786250999.99999,2226837692941.0
llama3-8b_conv300,3807,66310171000.0,2227238315553.0
llama3-8b_conv300,3808,66310171000.0,2227728595509.0
llama3-8b_conv300,3809,66310171000.0,2228283923529.0
llama3-8b_conv300,3810,66310171000.0,2229977812573.0
llama3-8b_conv300,3811,66403490000.00001,2230654735536.0
llama3-8b_conv300,3812,66403490000.00001,2231118509252.0
llama3-8b_conv300,3813,66403490000.00001,2231671940312.0
llama3-8b_conv300,3814,66511613000.0,2232086725419.0
llama3-8b_conv300,3815,66511613000.0,2232570098494.0
llama3-8b_conv300,3816,66624229000.0,2232971592175.0
llama3-8b_conv300,3817,66624229000.0,2233615333920.0
llama3-8b_conv300,3818,66655683999.99999,2234134358705.0
llama3-8b_conv300,3819,66693467999.99999,2234494710625.0
llama3-8b_conv300,3820,66693467999.99999,2234960137137.0
llama3-8b_conv300,3821,66711635000.0,2235548627872.0
llama3-8b_conv300,3822,66711635000.0,2237718336057.0
llama3-8b_conv300,3823,66711635000.0,2238714147256.0
llama3-8b_conv300,3824,66711635000.0,2239709990711.0
llama3-8b_conv300,3825,66711635000.0,2240705866422.0
llama3-8b_conv300,3826,66711635000.0,2241701834805.0
llama3-8b_conv300,3827,66711635000.0,2242697803188.0
llama3-8b_conv300,3828,66711635000.0,2243693771571.0
llama3-8b_conv300,3829,66711635000.0,2244689739954.0
llama3-8b_conv300,3830,66711635000.0,2245685740593.0
llama3-8b_conv300,3831,66711635000.0,2246681773488.0
llama3-8b_conv300,3832,66711635000.0,2247677838639.0
llama3-8b_conv300,3833,66711635000.0,2248673903790.0
llama3-8b_conv300,3834,66711635000.0,2249669790993.0
llama3-8b_conv300,3835,66711635000.0,2250665678196.0
llama3-8b_conv300,3836,66711635000.0,2251661565399.0
llama3-8b_conv300,3837,66711635000.0,2252657452602.0
llama3-8b_conv300,3838,67245928000.00001,2252997711277.0
llama3-8b_conv300,3839,67245928000.00001,2253993776428.0
llama3-8b_conv300,3840,67245928000.00001,2254989841579.0
llama3-8b_conv300,3841,67245928000.00001,2255985906730.0
llama3-8b_conv300,3842,67245928000.00001,2256981971881.0
llama3-8b_conv300,3843,67245928000.00001,2257978069288.0
llama3-8b_conv300,3844,67245928000.00001,2258974166695.0
llama3-8b_conv300,3845,67245928000.00001,2259970264102.0
llama3-8b_conv300,3846,67245928000.00001,2260966361509.0
llama3-8b_conv300,3847,67245928000.00001,2261962491172.0
llama3-8b_conv300,3848,67245928000.00001,2262958620835.0
llama3-8b_conv300,3849,67439933000.0,2264037862692.0
llama3-8b_conv300,3850,67439933000.0,2265034107870.0
llama3-8b_conv300,3851,67439933000.0,2266030353048.0
llama3-8b_conv300,3852,67439933000.0,2267026598226.0
llama3-8b_conv300,3853,67439933000.0,2268022875660.0
llama3-8b_conv300,3854,67439933000.0,2269019185350.0
llama3-8b_conv300,3855,67439933000.0,2270015495040.0
llama3-8b_conv300,3856,67439933000.0,2271011594495.0
llama3-8b_conv300,3857,67439933000.0,2272007693950.0
llama3-8b_conv300,3858,67439933000.0,2273003793405.0
llama3-8b_conv300,3859,67439933000.0,2273999925116.0
llama3-8b_conv300,3860,67439933000.0,2274996056827.0
llama3-8b_conv300,3861,67439933000.0,2275992188538.0
llama3-8b_conv300,3862,67439933000.0,2276988320249.0
llama3-8b_conv300,3863,67439933000.0,2277984451960.0
llama3-8b_conv300,3864,67439933000.0,2278980583671.0
llama3-8b_conv300,3865,67439933000.0,2279976715382.0
llama3-8b_conv300,3866,67439933000.0,2280972847093.0
llama3-8b_conv300,3867,67439933000.0,2281968978804.0
llama3-8b_conv300,3868,67439933000.0,2282965110515.0
llama3-8b_conv300,3869,67439933000.0,2283961242226.0
llama3-8b_conv300,3870,67439933000.0,2284957034709.0
llama3-8b_conv300,3871,67439933000.0,2285952827192.0
llama3-8b_conv300,3872,67439933000.0,2286947135583.0
llama3-8b_conv300,3873,67439933000.0,2287941265995.0
llama3-8b_conv300,3874,67439933000.0,2288935396407.0
llama3-8b_conv300,3875,67439933000.0,2289929619491.0
llama3-8b_conv300,3876,67439933000.0,2290923842575.0
llama3-8b_conv300,3877,67439933000.0,2291918065659.0
llama3-8b_conv300,3878,67439933000.0,2292912288743.0
llama3-8b_conv300,3879,67439933000.0,2293906511827.0
llama3-8b_conv300,3880,67439933000.0,2294900734911.0
llama3-8b_conv300,3881,67439933000.0,2295894957995.0
llama3-8b_conv300,3882,67930409000.0,2296292742620.0
llama3-8b_conv300,3883,67930409000.0,2296776411631.0
llama3-8b_conv300,3884,67933052000.0,2297250034304.0
llama3-8b_conv300,3885,67966089999.99999,2297445878726.0
llama3-8b_conv300,3886,67966089999.99999,2298441062441.0
llama3-8b_conv300,3887,67966089999.99999,2299436246156.0
llama3-8b_conv300,3888,67966089999.99999,2300431462127.0
llama3-8b_conv300,3889,67966089999.99999,2301426710354.0
llama3-8b_conv300,3890,67966089999.99999,2302421958581.0
llama3-8b_conv300,3891,67966089999.99999,2303417239064.0
llama3-8b_conv300,3892,67966089999.99999,2304412612219.0
llama3-8b_conv300,3893,67966089999.99999,2305407985374.0
llama3-8b_conv300,3894,67966089999.99999,2306403358529.0
llama3-8b_conv300,3895,67966089999.99999,2307398731684.0
llama3-8b_conv300,3896,67966089999.99999,2308394104839.0
llama3-8b_conv300,3897,67966089999.99999,2309389477994.0
llama3-8b_conv300,3898,67966089999.99999,2310383625105.0
llama3-8b_conv300,3899,67966089999.99999,2311377772216.0
llama3-8b_conv300,3900,67966089999.99999,2312371951583.0
llama3-8b_conv300,3901,67966089999.99999,2313366163206.0
llama3-8b_conv300,3902,67966089999.99999,2314360374829.0
llama3-8b_conv300,3903,67966089999.99999,2315354343961.0
llama3-8b_conv300,3904,67966089999.99999,2316348313093.0
llama3-8b_conv300,3905,67966089999.99999,2317342282225.0
llama3-8b_conv300,3906,67966089999.99999,2318336251357.0
llama3-8b_conv300,3907,67966089999.99999,2319330220489.0
llama3-8b_conv300,3908,67966089999.99999,2320324189621.0
llama3-8b_conv300,3909,67966089999.99999,2321318158753.0
llama3-8b_conv300,3910,67966089999.99999,2322312127885.0
llama3-8b_conv300,3911,67966089999.99999,2323306097017.0
llama3-8b_conv300,3912,67966089999.99999,2324300066149.0
llama3-8b_conv300,3913,67966089999.99999,2325294035281.0
llama3-8b_conv300,3914,67966089999.99999,2326288004413.0
llama3-8b_conv300,3915,67966089999.99999,2327281537549.0
llama3-8b_conv300,3916,67966089999.99999,2328275070685.0
llama3-8b_conv300,3917,67966089999.99999,2329268603821.0
llama3-8b_conv300,3918,67966089999.99999,2330262136957.0
llama3-8b_conv300,3919,67966089999.99999,2331255670093.0
llama3-8b_conv300,3920,67966089999.99999,2332249203229.0
llama3-8b_conv300,3921,67966089999.99999,2333242770669.0
llama3-8b_conv300,3922,67966089999.99999,2334236338109.0
llama3-8b_conv300,3923,67966089999.99999,2335229905549.0
llama3-8b_conv300,3924,67966089999.99999,2336223472989.0
llama3-8b_conv300,3925,67966089999.99999,2337217040429.0
llama3-8b_conv300,3926,67966089999.99999,2338210607869.0
llama3-8b_conv300,3927,68682209000.0,2338607873296.0
llama3-8b_conv300,3928,68682209000.0,2339132671779.0
llama3-8b_conv300,3929,68682209000.0,2339349315065.0
llama3-8b_conv300,3930,68682209000.0,2340343253989.0
llama3-8b_conv300,3931,68682209000.0,2341337225169.0
llama3-8b_conv300,3932,68682209000.0,2342331321277.0
llama3-8b_conv300,3933,68682209000.0,2343325417385.0
llama3-8b_conv300,3934,68682209000.0,2344319545749.0
llama3-8b_conv300,3935,68682209000.0,2345046204713.0
llama3-8b_conv300,3936,68682209000.0,2345772863677.0
llama3-8b_conv300,3937,68682209000.0,2346499554897.0
llama3-8b_conv300,3938,68682209000.0,2347226246117.0
llama3-8b_conv300,3939,68682209000.0,2347952937337.0
llama3-8b_conv300,3940,68682209000.0,2348679628557.0
llama3-8b_conv300,3941,68682209000.0,2349406319777.0
llama3-8b_conv300,3942,68682209000.0,2350133010997.0
llama3-8b_conv300,3943,68682209000.0,2350859734473.0
llama3-8b_conv300,3944,68682209000.0,2351586490205.0
llama3-8b_conv300,3945,68682209000.0,2352313245937.0
llama3-8b_conv300,3946,69017743000.0,2354532470948.0
llama3-8b_conv300,3947,69017743000.0,2355526227828.0
llama3-8b_conv300,3948,69017743000.0,2356519984708.0
llama3-8b_conv300,3949,69017743000.0,2357513773844.0
llama3-8b_conv300,3950,69017743000.0,2358507562980.0
llama3-8b_conv300,3951,69017743000.0,2359233967992.0
llama3-8b_conv300,3952,69017743000.0,2359960405260.0
llama3-8b_conv300,3953,69017743000.0,2360686874784.0
llama3-8b_conv300,3954,69017743000.0,2361413376564.0
llama3-8b_conv300,3955,69017743000.0,2362139878344.0
llama3-8b_conv300,3956,69017743000.0,2362866380124.0
llama3-8b_conv300,3957,69017743000.0,2363090515893.0
llama3-8b_conv300,3958,69017743000.0,2363314683918.0
llama3-8b_conv300,3959,69017743000.0,2363538851943.0
llama3-8b_conv300,3960,69017743000.0,2363763052224.0
llama3-8b_conv300,3961,69017743000.0,2363987252505.0
llama3-8b_conv300,3962,69017743000.0,2364211452786.0
llama3-8b_conv300,3963,69017743000.0,2364435184783.0
llama3-8b_conv300,3964,69017743000.0,2364658916780.0
llama3-8b_conv300,3965,69017743000.0,2364882648777.0
llama3-8b_conv300,3966,69017743000.0,2365106380774.0
llama3-8b_conv300,3967,69017743000.0,2365330112771.0
llama3-8b_conv300,3968,69017743000.0,2365553844768.0
llama3-8b_conv300,3969,69017743000.0,2365777576765.0
llama3-8b_conv300,3970,69017743000.0,2366001308762.0
llama3-8b_conv300,3971,69017743000.0,2366225073015.0
llama3-8b_conv300,3972,69017743000.0,2366448837268.0
llama3-8b_conv300,3973,69017743000.0,2366672197782.0
llama3-8b_conv300,3974,69017743000.0,2366895558296.0
llama3-8b_conv300,3975,69017743000.0,2367118951066.0
llama3-8b_conv300,3976,69017743000.0,2367341843296.0
llama3-8b_conv300,3977,69017743000.0,2367564735526.0
llama3-8b_conv300,3978,69017743000.0,2367787627756.0
llama3-8b_conv300,3979,69017743000.0,2368010519986.0
llama3-8b_conv300,3980,69017743000.0,2368233412216.0
llama3-8b_conv300,3981,69017743000.0,2368456304446.0
llama3-8b_conv300,3982,69017743000.0,2368678986440.0
llama3-8b_conv300,3983,69017743000.0,2368901668434.0
llama3-8b_conv300,3984,69017743000.0,2369124350428.0
llama3-8b_conv300,3985,69017743000.0,2369347032422.0
llama3-8b_conv300,3986,69017743000.0,2369569714416.0
llama3-8b_conv300,3987,69017743000.0,2370288910143.0
llama3-8b_conv300,3988,69017743000.0,2371008105870.0
llama3-8b_conv300,3989,69017743000.0,2371727301597.0
llama3-8b_conv300,3990,69017743000.0,2372446497324.0
llama3-8b_conv300,3991,69017743000.0,2373165693051.0
llama3-8b_conv300,3992,69017743000.0,2373884888778.0
llama3-8b_conv300,3993,69017743000.0,2374604084505.0
llama3-8b_conv300,3994,69017743000.0,2375322811980.0
llama3-8b_conv300,3995,69017743000.0,2376041539455.0
llama3-8b_conv300,3996,69017743000.0,2376754912119.0
llama3-8b_conv300,3997,69017743000.0,2377468284783.0
llama3-8b_conv300,3998,69017743000.0,2378181689703.0
llama3-8b_conv300,3999,69017743000.0,2378895094623.0
llama3-8b_conv300,4000,69017743000.0,2379608531799.0
llama3-8b_conv300,4001,69017743000.0,2380321790995.0
llama3-8b_conv300,4002,69017743000.0,2381035050191.0
llama3-8b_conv300,4003,69017743000.0,2381748309387.0
llama3-8b_conv300,4004,69017743000.0,2382461568583.0
llama3-8b_conv300,4005,69017743000.0,2383174827779.0
llama3-8b_conv300,4006,69017743000.0,2383888086975.0
llama3-8b_conv300,4007,69017743000.0,2384601346171.0
llama3-8b_conv300,4008,69017743000.0,2385314605367.0
llama3-8b_conv300,4009,69017743000.0,2386027396311.0
llama3-8b_conv300,4010,69017743000.0,2386740187255.0
llama3-8b_conv300,4011,69017743000.0,2387452978199.0
llama3-8b_conv300,4012,69017743000.0,2388165801399.0
llama3-8b_conv300,4013,69017743000.0,2388878539292.0
llama3-8b_conv300,4014,69017743000.0,2389591277185.0
llama3-8b_conv300,4015,69017743000.0,2390304015078.0
llama3-8b_conv300,4016,69017743000.0,2391016785227.0
llama3-8b_conv300,4017,69017743000.0,2391729587632.0
llama3-8b_conv300,4018,69017743000.0,2392442390037.0
llama3-8b_conv300,4019,69017743000.0,2393155192442.0
llama3-8b_conv300,4020,69017743000.0,2393867994847.0
llama3-8b_conv300,4021,69017743000.0,2394580797252.0
llama3-8b_conv300,4022,69017743000.0,2395293599657.0
llama3-8b_conv300,4023,69017743000.0,2396006402062.0
llama3-8b_conv300,4024,70095865000.0,2396413704466.0
llama3-8b_conv300,4025,70095865000.0,2396896597861.0
llama3-8b_conv300,4026,70095865000.0,2397609739525.0
llama3-8b_conv300,4027,70095865000.0,2398322881189.0
llama3-8b_conv300,4028,70095865000.0,2399036055109.0
llama3-8b_conv300,4029,70095865000.0,2399749261285.0
llama3-8b_conv300,4030,70095865000.0,2400462467461.0
llama3-8b_conv300,4031,70095865000.0,2401175766309.0
llama3-8b_conv300,4032,70095865000.0,2401888596874.0
llama3-8b_conv300,4033,70095865000.0,2402601427439.0
llama3-8b_conv300,4034,70287471000.0,2403008758003.0
llama3-8b_conv300,4035,70287471000.0,2403545243639.0
llama3-8b_conv300,4036,70287471000.0,2404147183355.0
llama3-8b_conv300,4037,70287471000.0,2404918124031.0
llama3-8b_conv300,4038,70457950000.0,2405491127714.0
llama3-8b_conv300,4039,70457950000.0,2405653904271.0
llama3-8b_conv300,4040,70457950000.0,2406367574603.0
llama3-8b_conv300,4041,70457950000.0,2407081244935.0
llama3-8b_conv300,4042,70457950000.0,2407794915267.0
llama3-8b_conv300,4043,70457950000.0,2408508585599.0
llama3-8b_conv300,4044,70457950000.0,2409222255931.0
llama3-8b_conv300,4045,70457950000.0,2409935926263.0
llama3-8b_conv300,4046,70457950000.0,2410649596595.0
llama3-8b_conv300,4047,70457950000.0,2411362911000.0
llama3-8b_conv300,4048,70457950000.0,2412076225405.0
llama3-8b_conv300,4049,70457950000.0,2412789604322.0
llama3-8b_conv300,4050,70457950000.0,2413502983239.0
llama3-8b_conv300,4051,70457950000.0,2414216362156.0
llama3-8b_conv300,4052,70457950000.0,2414929741073.0
llama3-8b_conv300,4053,70457950000.0,2415643119990.0
llama3-8b_conv300,4054,70457950000.0,2416356498907.0
llama3-8b_conv300,4055,70457950000.0,2417069877824.0
llama3-8b_conv300,4056,70457950000.0,2417783256741.0
llama3-8b_conv300,4057,70457950000.0,2418496635658.0
llama3-8b_conv300,4058,70457950000.0,2419210014575.0
llama3-8b_conv300,4059,70457950000.0,2419923393492.0
llama3-8b_conv300,4060,70457950000.0,2420636804665.0
llama3-8b_conv300,4061,70457950000.0,2421350215838.0
llama3-8b_conv300,4062,70457950000.0,2422063627011.0
llama3-8b_conv300,4063,70457950000.0,2422777038184.0
llama3-8b_conv300,4064,70457950000.0,2423490449357.0
llama3-8b_conv300,4065,70457950000.0,2424203892786.0
llama3-8b_conv300,4066,70457950000.0,2424917336215.0
llama3-8b_conv300,4067,70457950000.0,2425630811900.0
llama3-8b_conv300,4068,70913521000.0,2426038787584.0
llama3-8b_conv300,4069,70913521000.0,2426575918340.0
llama3-8b_conv300,4070,70977717000.0,2426737087662.0
llama3-8b_conv300,4071,70977717000.0,2427451018090.0
llama3-8b_conv300,4072,70977717000.0,2428164482314.0
llama3-8b_conv300,4073,70977717000.0,2428877946538.0
llama3-8b_conv300,4074,70977717000.0,2429591410762.0
llama3-8b_conv300,4075,70977717000.0,2430304907242.0
llama3-8b_conv300,4076,70977717000.0,2431018403722.0
llama3-8b_conv300,4077,70977717000.0,2431731900202.0
llama3-8b_conv300,4078,70977717000.0,2432445396682.0
llama3-8b_conv300,4079,70977717000.0,2433158893162.0
llama3-8b_conv300,4080,70977717000.0,2433872421898.0
llama3-8b_conv300,4081,70977717000.0,2434585514607.0
llama3-8b_conv300,4082,70977717000.0,2435298607316.0
llama3-8b_conv300,4083,70977717000.0,2436011700025.0
llama3-8b_conv300,4084,70977717000.0,2436724792734.0
llama3-8b_conv300,4085,70977717000.0,2437437885443.0
llama3-8b_conv300,4086,70977717000.0,2438151010408.0
llama3-8b_conv300,4087,70977717000.0,2438864135373.0
llama3-8b_conv300,4088,70977717000.0,2439577260338.0
llama3-8b_conv300,4089,70977717000.0,2440290385303.0
llama3-8b_conv300,4090,70977717000.0,2441003510268.0
llama3-8b_conv300,4091,70977717000.0,2441716635233.0
llama3-8b_conv300,4092,70977717000.0,2442429760198.0
llama3-8b_conv300,4093,70977717000.0,2443142110388.0
llama3-8b_conv300,4094,70977717000.0,2443854460578.0
llama3-8b_conv300,4095,70977717000.0,2444566810768.0
llama3-8b_conv300,4096,70977717000.0,2445279160958.0
llama3-8b_conv300,4097,70977717000.0,2445991511148.0
llama3-8b_conv300,4098,70977717000.0,2446703861338.0
llama3-8b_conv300,4099,70977717000.0,2447416211528.0
llama3-8b_conv300,4100,70977717000.0,2448128561718.0
llama3-8b_conv300,4101,70977717000.0,2448840911908.0
llama3-8b_conv300,4102,70977717000.0,2449553262098.0
llama3-8b_conv300,4103,70977717000.0,2450265644544.0
llama3-8b_conv300,4104,70977717000.0,2450978026990.0
llama3-8b_conv300,4105,70977717000.0,2451690409436.0
llama3-8b_conv300,4106,70977717000.0,2452402791882.0
llama3-8b_conv300,4107,70977717000.0,2453115174328.0
llama3-8b_conv300,4108,70977717000.0,2453827556774.0
llama3-8b_conv300,4109,70977717000.0,2454539939220.0
llama3-8b_conv300,4110,70977717000.0,2455252353922.0
llama3-8b_conv300,4111,71553215000.0,2455659900009.0
llama3-8b_conv300,4112,71553215000.0,2456173278544.0
llama3-8b_conv300,4113,71553215000.0,2459371401147.0
llama3-8b_conv300,4114,71553215000.0,2460084283620.0
llama3-8b_conv300,4115,71553215000.0,2460797166093.0
llama3-8b_conv300,4116,71553215000.0,2461510048566.0
llama3-8b_conv300,4117,71553215000.0,2462222931039.0
llama3-8b_conv300,4118,71553215000.0,2462935845768.0
llama3-8b_conv300,4119,71553215000.0,2463648760497.0
llama3-8b_conv300,4120,71553215000.0,2464361675226.0
llama3-8b_conv300,4121,71553215000.0,2465074589955.0
llama3-8b_conv300,4122,71553215000.0,2465787504684.0
llama3-8b_conv300,4123,71553215000.0,2466500419413.0
llama3-8b_conv300,4124,71553215000.0,2467213334142.0
llama3-8b_conv300,4125,71553215000.0,2467922418000.0
llama3-8b_conv300,4126,71553215000.0,2468631534114.0
llama3-8b_conv300,4127,71553215000.0,2469340650228.0
llama3-8b_conv300,4128,71553215000.0,2470049766342.0
llama3-8b_conv300,4129,71553215000.0,2470758704732.0
llama3-8b_conv300,4130,71553215000.0,2471467643122.0
llama3-8b_conv300,4131,71553215000.0,2472176581512.0
llama3-8b_conv300,4132,71553215000.0,2472885519902.0
llama3-8b_conv300,4133,71553215000.0,2473594458292.0
llama3-8b_conv300,4134,71926622000.0,2473999062878.0
llama3-8b_conv300,4135,71926622000.0,2474510032392.0
llama3-8b_conv300,4136,71926622000.0,2475718035451.0
llama3-8b_conv300,4137,71926622000.0,2476427345101.0
llama3-8b_conv300,4138,71926622000.0,2477136654751.0
llama3-8b_conv300,4139,71926622000.0,2477845964401.0
llama3-8b_conv300,4140,71926622000.0,2478555306307.0
llama3-8b_conv300,4141,71926622000.0,2479264648213.0
llama3-8b_conv300,4142,71926622000.0,2479973990119.0
llama3-8b_conv300,4143,71926622000.0,2480683332025.0
llama3-8b_conv300,4144,71926622000.0,2481392673931.0
llama3-8b_conv300,4145,71926622000.0,2482102015837.0
llama3-8b_conv300,4146,71926622000.0,2482810889715.0
llama3-8b_conv300,4147,71926622000.0,2483519763593.0
llama3-8b_conv300,4148,71926622000.0,2484228637471.0
llama3-8b_conv300,4149,71926622000.0,2484937511349.0
llama3-8b_conv300,4150,71926622000.0,2485646385227.0
llama3-8b_conv300,4151,71926622000.0,2486355259105.0
llama3-8b_conv300,4152,71926622000.0,2487064132983.0
llama3-8b_conv300,4153,71926622000.0,2487773006861.0
llama3-8b_conv300,4154,72258986000.0,2488177546935.0
llama3-8b_conv300,4155,72258986000.0,2492644666821.0
llama3-8b_conv300,4156,72258986000.0,2493353879703.0
llama3-8b_conv300,4157,72258986000.0,2494063124841.0
llama3-8b_conv300,4158,72258986000.0,2494772369979.0
llama3-8b_conv300,4159,72258986000.0,2495481615117.0
llama3-8b_conv300,4160,72258986000.0,2496190860255.0
llama3-8b_conv300,4161,72258986000.0,2496900105393.0
llama3-8b_conv300,4162,72258986000.0,2497609350531.0
llama3-8b_conv300,4163,72258986000.0,2498318595669.0
llama3-8b_conv300,4164,72258986000.0,2499027840807.0
llama3-8b_conv300,4165,72463206000.0,2499189430243.0
llama3-8b_conv300,4166,72463206000.0,2499901332945.0
llama3-8b_conv300,4167,72463206000.0,2500613235647.0
llama3-8b_conv300,4168,72463206000.0,2501325170605.0
llama3-8b_conv300,4169,72463206000.0,2502037105563.0
llama3-8b_conv300,4170,72463206000.0,2502749040521.0
llama3-8b_conv300,4171,72463206000.0,2503460975479.0
llama3-8b_conv300,4172,72463206000.0,2504172910437.0
llama3-8b_conv300,4173,72463206000.0,2504881804855.0
llama3-8b_conv300,4174,72463206000.0,2505481465202.0
llama3-8b_conv300,4175,72463206000.0,2506081125549.0
llama3-8b_conv300,4176,72463206000.0,2506680785896.0
llama3-8b_conv300,4177,72463206000.0,2507280478499.0
llama3-8b_conv300,4178,72463206000.0,2507880171102.0
llama3-8b_conv300,4179,72463206000.0,2508479863705.0
llama3-8b_conv300,4180,72463206000.0,2509079556308.0
llama3-8b_conv300,4181,72463206000.0,2509679248911.0
llama3-8b_conv300,4182,72686339000.0,2510068329658.0
llama3-8b_conv300,4183,72686339000.0,2510549230437.0
llama3-8b_conv300,4184,72772330000.0,2510982731855.0
llama3-8b_conv300,4185,72772330000.0,2511463224569.0
llama3-8b_conv300,4186,72772330000.0,2511631793293.0
llama3-8b_conv300,4187,72772330000.0,2512340461919.0
llama3-8b_conv300,4188,72772330000.0,2513049162801.0
llama3-8b_conv300,4189,72772330000.0,2513757863683.0
llama3-8b_conv300,4190,72772330000.0,2514466564565.0
llama3-8b_conv300,4191,72772330000.0,2515175265447.0
llama3-8b_conv300,4192,72772330000.0,2515883966329.0
llama3-8b_conv300,4193,72772330000.0,2516592667211.0
llama3-8b_conv300,4194,72772330000.0,2517301368093.0
llama3-8b_conv300,4195,72772330000.0,2518010101231.0
llama3-8b_conv300,4196,72772330000.0,2518718834369.0
llama3-8b_conv300,4197,72772330000.0,2519427567507.0
llama3-8b_conv300,4198,72772330000.0,2520136300645.0
llama3-8b_conv300,4199,72772330000.0,2520845066039.0
llama3-8b_conv300,4200,72772330000.0,2521553924105.0
llama3-8b_conv300,4201,73069107000.0,2525996448418.0
llama3-8b_conv300,4202,73069107000.0,2526705048436.0
llama3-8b_conv300,4203,73069107000.0,2527413244938.0
llama3-8b_conv300,4204,73069107000.0,2528121441440.0
llama3-8b_conv300,4205,73139437000.0,2528525304138.0
llama3-8b_conv300,4206,73139437000.0,2529035531764.0
llama3-8b_conv300,4207,73139437000.0,2529635084958.0
llama3-8b_conv300,4208,73139437000.0,2530296241992.0
llama3-8b_conv300,4209,73139437000.0,2531222686194.0
llama3-8b_conv300,4210,73139437000.0,2532110250653.0
llama3-8b_conv300,4211,73139437000.0,2535534521160.0
llama3-8b_conv300,4212,73139437000.0,2536677487603.0
llama3-8b_conv300,4213,73188991000.0,2537163980189.0
llama3-8b_conv300,4214,73188991000.0,2537698248263.0
llama3-8b_conv300,4215,73284651000.0,2538091588464.0
llama3-8b_conv300,4216,73284651000.0,2538569170489.0
llama3-8b_conv300,4217,73501684000.0,2539030448512.0
llama3-8b_conv300,4218,73501684000.0,2539507625575.0
llama3-8b_conv300,4219,73501684000.0,2545862592745.0
llama3-8b_conv300,4220,73501684000.0,2546575281682.0
llama3-8b_conv300,4221,73841563000.0,2546968451320.0
llama3-8b_conv300,4222,73841563000.0,2547478048420.0
llama3-8b_conv300,4223,73841563000.0,2548191076617.0
llama3-8b_conv300,4224,73841563000.0,2548904104814.0
llama3-8b_conv300,4225,73841563000.0,2549616664727.0
llama3-8b_conv300,4226,73841563000.0,2550329224640.0
llama3-8b_conv300,4227,73841563000.0,2551041784553.0
llama3-8b_conv300,4228,73841563000.0,2551754344466.0
llama3-8b_conv300,4229,74006953000.0,2552147385080.0
llama3-8b_conv300,4230,74006953000.0,2552631705054.0
llama3-8b_conv300,4231,74046995000.0,2553110562914.0
llama3-8b_conv300,4232,74046995000.0,2553591431014.0
llama3-8b_conv300,4233,74046995000.0,2553766246207.0
llama3-8b_conv300,4234,74046995000.0,2554479549151.0
llama3-8b_conv300,4235,74046995000.0,2555192852095.0
llama3-8b_conv300,4236,74046995000.0,2555906155039.0
llama3-8b_conv300,4237,74046995000.0,2556619457983.0
llama3-8b_conv300,4238,74046995000.0,2557332793183.0
llama3-8b_conv300,4239,74046995000.0,2558046128383.0
llama3-8b_conv300,4240,74046995000.0,2558759463583.0
llama3-8b_conv300,4241,74046995000.0,2559472298244.0
llama3-8b_conv300,4242,74046995000.0,2560185165161.0
llama3-8b_conv300,4243,74046995000.0,2560898032078.0
llama3-8b_conv300,4244,74046995000.0,2561610898995.0
llama3-8b_conv300,4245,74046995000.0,2562323765912.0
llama3-8b_conv300,4246,74046995000.0,2563036665085.0
llama3-8b_conv300,4247,74046995000.0,2563749564258.0
llama3-8b_conv300,4248,74046995000.0,2564462463431.0
llama3-8b_conv300,4249,74046995000.0,2565175362604.0
llama3-8b_conv300,4250,74046995000.0,2565888261777.0
llama3-8b_conv300,4251,74046995000.0,2566600047546.0
llama3-8b_conv300,4252,74046995000.0,2567311925987.0
llama3-8b_conv300,4253,74046995000.0,2568023804428.0
llama3-8b_conv300,4254,74046995000.0,2568735715125.0
llama3-8b_conv300,4255,74046995000.0,2569447625822.0
llama3-8b_conv300,4256,74046995000.0,2570159536519.0
llama3-8b_conv300,4257,74046995000.0,2570871447216.0
llama3-8b_conv300,4258,74046995000.0,2571583357913.0
llama3-8b_conv300,4259,74046995000.0,2572295268610.0
llama3-8b_conv300,4260,74046995000.0,2573007179307.0
llama3-8b_conv300,4261,74046995000.0,2573719090004.0
llama3-8b_conv300,4262,74046995000.0,2574431000701.0
llama3-8b_conv300,4263,74046995000.0,2575142911398.0
llama3-8b_conv300,4264,74046995000.0,2575854822095.0
llama3-8b_conv300,4265,74046995000.0,2576566732792.0
llama3-8b_conv300,4266,74046995000.0,2577278643489.0
llama3-8b_conv300,4267,74046995000.0,2577990554186.0
llama3-8b_conv300,4268,74046995000.0,2578702464883.0
llama3-8b_conv300,4269,74046995000.0,2579414375580.0
llama3-8b_conv300,4270,74046995000.0,2580126286277.0
llama3-8b_conv300,4271,74046995000.0,2580838196974.0
llama3-8b_conv300,4272,74046995000.0,2581550107671.0
llama3-8b_conv300,4273,74046995000.0,2582262018368.0
llama3-8b_conv300,4274,74046995000.0,2582973961321.0
llama3-8b_conv300,4275,74046995000.0,2583685630039.0
llama3-8b_conv300,4276,74046995000.0,2584397298757.0
llama3-8b_conv300,4277,74046995000.0,2585108999731.0
llama3-8b_conv300,4278,74046995000.0,2585820700705.0
llama3-8b_conv300,4279,74046995000.0,2586532401679.0
llama3-8b_conv300,4280,74046995000.0,2587244102653.0
llama3-8b_conv300,4281,74046995000.0,2587955803627.0
llama3-8b_conv300,4282,74046995000.0,2588667536857.0
llama3-8b_conv300,4283,74046995000.0,2589379270087.0
llama3-8b_conv300,4284,74046995000.0,2590091035573.0
llama3-8b_conv300,4285,74046995000.0,2590802801059.0
llama3-8b_conv300,4286,74046995000.0,2591514566545.0
llama3-8b_conv300,4287,74046995000.0,2592226332031.0
llama3-8b_conv300,4288,74046995000.0,2592938097517.0
llama3-8b_conv300,4289,74046995000.0,2593649863003.0
llama3-8b_conv300,4290,74046995000.0,2594361628489.0
llama3-8b_conv300,4291,74046995000.0,2595073393975.0
llama3-8b_conv300,4292,74046995000.0,2595785159461.0
llama3-8b_conv300,4293,74046995000.0,2596496924947.0
llama3-8b_conv300,4294,74046995000.0,2597205407657.0
llama3-8b_conv300,4295,74046995000.0,2597913890367.0
llama3-8b_conv300,4296,74046995000.0,2598622405333.0
llama3-8b_conv300,4297,74046995000.0,2599330920299.0
llama3-8b_conv300,4298,74046995000.0,2600039435265.0
llama3-8b_conv300,4299,74046995000.0,2600747950231.0
llama3-8b_conv300,4300,74046995000.0,2601456465197.0
llama3-8b_conv300,4301,74046995000.0,2602165012419.0
llama3-8b_conv300,4302,74046995000.0,2602873559641.0
llama3-8b_conv300,4303,74046995000.0,2603582106863.0
llama3-8b_conv300,4304,74046995000.0,2604290654085.0
llama3-8b_conv300,4305,74046995000.0,2604999233563.0
llama3-8b_conv300,4306,74046995000.0,2605707813041.0
llama3-8b_conv300,4307,74046995000.0,2606307658732.0
llama3-8b_conv300,4308,74046995000.0,2606907504423.0
llama3-8b_conv300,4309,74046995000.0,2607507350114.0
llama3-8b_conv300,4310,74046995000.0,2608107195805.0
llama3-8b_conv300,4311,74046995000.0,2608707041496.0
llama3-8b_conv300,4312,74046995000.0,2609306887187.0
llama3-8b_conv300,4313,74046995000.0,2609906732878.0
llama3-8b_conv300,4314,74046995000.0,2610506578569.0
llama3-8b_conv300,4315,74046995000.0,2611106424260.0
llama3-8b_conv300,4316,74046995000.0,2611706269951.0
llama3-8b_conv300,4317,74046995000.0,2612306115642.0
llama3-8b_conv300,4318,74046995000.0,2612905961333.0
llama3-8b_conv300,4319,75304583000.0,2613295195168.0
llama3-8b_conv300,4320,75304583000.0,2613776249035.0
llama3-8b_conv300,4321,75304583000.0,2615267049153.0
llama3-8b_conv300,4322,75304583000.0,2615975531863.0
llama3-8b_conv300,4323,75304583000.0,2616684046829.0
llama3-8b_conv300,4324,75304583000.0,2617392561795.0
llama3-8b_conv300,4325,75304583000.0,2618101076761.0
llama3-8b_conv300,4326,75304583000.0,2618809591727.0
llama3-8b_conv300,4327,75304583000.0,2619518106693.0
llama3-8b_conv300,4328,75304583000.0,2620226621659.0
llama3-8b_conv300,4329,75304583000.0,2620935136625.0
llama3-8b_conv300,4330,75304583000.0,2621643651591.0
llama3-8b_conv300,4331,75304583000.0,2622352198813.0
llama3-8b_conv300,4332,75304583000.0,2623060746035.0
llama3-8b_conv300,4333,75304583000.0,2623769293257.0
llama3-8b_conv300,4334,75304583000.0,2624477840479.0
llama3-8b_conv300,4335,75304583000.0,2625186387701.0
llama3-8b_conv300,4336,75304583000.0,2625894934923.0
llama3-8b_conv300,4337,75304583000.0,2626603514401.0
llama3-8b_conv300,4338,75304583000.0,2627312126135.0
llama3-8b_conv300,4339,75627209000.0,2627716404065.0
llama3-8b_conv300,4340,75627209000.0,2628227046923.0
llama3-8b_conv300,4341,75627209000.0,2628617686292.0
llama3-8b_conv300,4342,75726526000.0,2629021835198.0
llama3-8b_conv300,4343,75726526000.0,2629532349032.0
llama3-8b_conv300,4344,75726526000.0,2630679009624.0
llama3-8b_conv300,4345,75833898000.0,2635070003900.0
llama3-8b_conv300,4346,75862760000.0,2636171159171.0
llama3-8b_conv300,4347,75862760000.0,2636882975148.0
llama3-8b_conv300,4348,75862760000.0,2637594791125.0
llama3-8b_conv300,4349,75862760000.0,2638306607102.0
llama3-8b_conv300,4350,75862760000.0,2639018423079.0
llama3-8b_conv300,4351,75862760000.0,2639730239056.0
llama3-8b_conv300,4352,75862760000.0,2640442055033.0
llama3-8b_conv300,4353,75862760000.0,2641153871010.0
llama3-8b_conv300,4354,75862760000.0,2641865686987.0
llama3-8b_conv300,4355,75862760000.0,2642577502964.0
llama3-8b_conv300,4356,75862760000.0,2643289318941.0
llama3-8b_conv300,4357,75862760000.0,2644001134918.0
llama3-8b_conv300,4358,75862760000.0,2644712950895.0
llama3-8b_conv300,4359,75862760000.0,2645424766872.0
llama3-8b_conv300,4360,75862760000.0,2646136582849.0
llama3-8b_conv300,4361,75862760000.0,2646848398826.0
llama3-8b_conv300,4362,75862760000.0,2647560214803.0
llama3-8b_conv300,4363,76099724000.0,2647897361170.0
llama3-8b_conv300,4364,76099724000.0,2648609387383.0
llama3-8b_conv300,4365,76099724000.0,2649321413596.0
llama3-8b_conv300,4366,76099724000.0,2650033439809.0
llama3-8b_conv300,4367,76099724000.0,2650745466022.0
llama3-8b_conv300,4368,76099724000.0,2651457492235.0
llama3-8b_conv300,4369,76099724000.0,2652169518448.0
llama3-8b_conv300,4370,76099724000.0,2652881576917.0
llama3-8b_conv300,4371,76099724000.0,2653593635386.0
llama3-8b_conv300,4372,76099724000.0,2654305693855.0
llama3-8b_conv300,4373,76099724000.0,2655017752324.0
llama3-8b_conv300,4374,76099724000.0,2655729843049.0
llama3-8b_conv300,4375,76099724000.0,2656441933774.0
llama3-8b_conv300,4376,76286150000.0,2656848524498.0
llama3-8b_conv300,4377,76286150000.0,2657384270294.0
llama3-8b_conv300,4378,76286150000.0,2657512144886.0
llama3-8b_conv300,4379,76286150000.0,2658224607126.0
llama3-8b_conv300,4380,76286150000.0,2658937101622.0
llama3-8b_conv300,4381,76286150000.0,2659649596118.0
llama3-8b_conv300,4382,76286150000.0,2660361880379.0
llama3-8b_conv300,4383,76286150000.0,2661074164640.0
llama3-8b_conv300,4384,76286150000.0,2661786448901.0
llama3-8b_conv300,4385,76286150000.0,2662498733162.0
llama3-8b_conv300,4386,76286150000.0,2663211017423.0
llama3-8b_conv300,4387,76286150000.0,2663923301684.0
llama3-8b_conv300,4388,76286150000.0,2664635585945.0
llama3-8b_conv300,4389,76286150000.0,2665347870206.0
llama3-8b_conv300,4390,76286150000.0,2666060154467.0
llama3-8b_conv300,4391,76286150000.0,2666772438728.0
llama3-8b_conv300,4392,76558380000.0,2667179222988.0
llama3-8b_conv300,4393,76558380000.0,2667715162320.0
llama3-8b_conv300,4394,76558380000.0,2667955924995.0
llama3-8b_conv300,4395,76558380000.0,2668668580771.0
llama3-8b_conv300,4396,76558380000.0,2669381238595.0
llama3-8b_conv300,4397,76558380000.0,2670093896419.0
llama3-8b_conv300,4398,76558380000.0,2670806554243.0
llama3-8b_conv300,4399,76558380000.0,2671519212067.0
llama3-8b_conv300,4400,76558380000.0,2672231902147.0
llama3-8b_conv300,4401,76749357000.0,2672624799974.0
llama3-8b_conv300,4402,76749357000.0,2673108739081.0
llama3-8b_conv300,4403,76749357000.0,2674093739781.0
llama3-8b_conv300,4404,76749357000.0,2674806801345.0
llama3-8b_conv300,4405,76749357000.0,2675519895165.0
llama3-8b_conv300,4406,76749357000.0,2676232988985.0
llama3-8b_conv300,4407,76749357000.0,2676946082805.0
llama3-8b_conv300,4408,76749357000.0,2677659176625.0
llama3-8b_conv300,4409,76749357000.0,2678372270445.0
llama3-8b_conv300,4410,76749357000.0,2679085396521.0
llama3-8b_conv300,4411,76749357000.0,2679798554853.0
llama3-8b_conv300,4412,76749357000.0,2680511745441.0
llama3-8b_conv300,4413,76749357000.0,2681224936029.0
llama3-8b_conv300,4414,76749357000.0,2681938126617.0
llama3-8b_conv300,4415,76749357000.0,2682651317205.0
llama3-8b_conv300,4416,76749357000.0,2683364540049.0
llama3-8b_conv300,4417,76749357000.0,2684077762893.0
llama3-8b_conv300,4418,76749357000.0,2684790985737.0
llama3-8b_conv300,4419,76749357000.0,2685504208581.0
llama3-8b_conv300,4420,76749357000.0,2686217431425.0
llama3-8b_conv300,4421,76749357000.0,2686930654269.0
llama3-8b_conv300,4422,76749357000.0,2687643877113.0
llama3-8b_conv300,4423,76749357000.0,2688357099957.0
llama3-8b_conv300,4424,76749357000.0,2689070387313.0
llama3-8b_conv300,4425,76749357000.0,2689783674669.0
llama3-8b_conv300,4426,76749357000.0,2690496962025.0
llama3-8b_conv300,4427,76749357000.0,2691210249381.0
llama3-8b_conv300,4428,76749357000.0,2691923536737.0
llama3-8b_conv300,4429,76749357000.0,2692636856349.0
llama3-8b_conv300,4430,76749357000.0,2693350175961.0
llama3-8b_conv300,4431,76749357000.0,2694063495573.0
llama3-8b_conv300,4432,76749357000.0,2694776815185.0
llama3-8b_conv300,4433,76749357000.0,2695490199309.0
llama3-8b_conv300,4434,76749357000.0,2696203583433.0
llama3-8b_conv300,4435,76749357000.0,2696916967557.0
llama3-8b_conv300,4436,76749357000.0,2697630351681.0
llama3-8b_conv300,4437,76749357000.0,2698343735805.0
llama3-8b_conv300,4438,76749357000.0,2699057119929.0
llama3-8b_conv300,4439,77310607000.0,2699464468955.0
llama3-8b_conv300,4440,77310607000.0,2699865084005.0
llama3-8b_conv300,4441,77310607000.0,2700578775133.0
llama3-8b_conv300,4442,77310607000.0,2701292466261.0
llama3-8b_conv300,4443,77310607000.0,2702005947153.0
llama3-8b_conv300,4444,77310607000.0,2702719428045.0
llama3-8b_conv300,4445,77310607000.0,2703432908937.0
llama3-8b_conv300,4446,77310607000.0,2704146389829.0
llama3-8b_conv300,4447,77310607000.0,2704859870721.0
llama3-8b_conv300,4448,77310607000.0,2705573351613.0
llama3-8b_conv300,4449,77310607000.0,2706286832505.0
llama3-8b_conv300,4450,77310607000.0,2707000313397.0
llama3-8b_conv300,4451,77310607000.0,2707713826545.0
llama3-8b_conv300,4452,77546989000.0,2708121304595.0
llama3-8b_conv300,4453,77546989000.0,2708633550133.0
llama3-8b_conv300,4454,77546989000.0,2708874607103.0
llama3-8b_conv300,4455,77546989000.0,2709588023483.0
llama3-8b_conv300,4456,77546989000.0,2710301439863.0
llama3-8b_conv300,4457,77546989000.0,2711014856243.0
llama3-8b_conv300,4458,77546989000.0,2711728272623.0
llama3-8b_conv300,4459,77546989000.0,2712441721259.0
llama3-8b_conv300,4460,77546989000.0,2713155169895.0
llama3-8b_conv300,4461,77546989000.0,2713868618531.0
llama3-8b_conv300,4462,77546989000.0,2714582067167.0
llama3-8b_conv300,4463,77546989000.0,2715295305599.0
llama3-8b_conv300,4464,77546989000.0,2716008544031.0
llama3-8b_conv300,4465,77546989000.0,2716721814719.0
llama3-8b_conv300,4466,77546989000.0,2717435149919.0
llama3-8b_conv300,4467,77546989000.0,2718148485119.0
llama3-8b_conv300,4468,77546989000.0,2718861820319.0
llama3-8b_conv300,4469,77546989000.0,2719575155519.0
llama3-8b_conv300,4470,77546989000.0,2720288490719.0
llama3-8b_conv300,4471,77546989000.0,2721001825919.0
llama3-8b_conv300,4472,77546989000.0,2721715161119.0
llama3-8b_conv300,4473,77546989000.0,2722428496319.0
llama3-8b_conv300,4474,77546989000.0,2723141831519.0
llama3-8b_conv300,4475,77546989000.0,2723855166719.0
llama3-8b_conv300,4476,77546989000.0,2724568501919.0
llama3-8b_conv300,4477,77546989000.0,2725281837119.0
llama3-8b_conv300,4478,77546989000.0,2725995172319.0
llama3-8b_conv300,4479,77546989000.0,2726708507519.0
llama3-8b_conv300,4480,77546989000.0,2727421842719.0
llama3-8b_conv300,4481,77546989000.0,2728135177919.0
llama3-8b_conv300,4482,77546989000.0,2728848513119.0
llama3-8b_conv300,4483,77546989000.0,2729561380036.0
llama3-8b_conv300,4484,77546989000.0,2730274246953.0
llama3-8b_conv300,4485,77546989000.0,2730987113870.0
llama3-8b_conv300,4486,77546989000.0,2731699980787.0
llama3-8b_conv300,4487,77546989000.0,2732412762396.0
llama3-8b_conv300,4488,77546989000.0,2733125544005.0
llama3-8b_conv300,4489,77546989000.0,2733838325614.0
llama3-8b_conv300,4490,77546989000.0,2734551139479.0
llama3-8b_conv300,4491,77546989000.0,2735263953344.0
llama3-8b_conv300,4492,77546989000.0,2735976767209.0
llama3-8b_conv300,4493,77546989000.0,2736689581074.0
llama3-8b_conv300,4494,77546989000.0,2737402394939.0
llama3-8b_conv300,4495,77546989000.0,2738115208804.0
llama3-8b_conv300,4496,77546989000.0,2738828022669.0
llama3-8b_conv300,4497,77546989000.0,2739540836534.0
llama3-8b_conv300,4498,77546989000.0,2740253682655.0
llama3-8b_conv300,4499,77546989000.0,2740966528776.0
llama3-8b_conv300,4500,78254342000.0,2741359855598.0
llama3-8b_conv300,4501,78254342000.0,2741844461780.0
llama3-8b_conv300,4502,78313936000.0,2742252817368.0
llama3-8b_conv300,4503,78313936000.0,2742789754588.0
llama3-8b_conv300,4504,78313936000.0,2744493671722.0
llama3-8b_conv300,4505,78313936000.0,2745207389898.0
llama3-8b_conv300,4506,78313936000.0,2745921108074.0
llama3-8b_conv300,4507,78313936000.0,2746634826250.0
llama3-8b_conv300,4508,78313936000.0,2747348544426.0
llama3-8b_conv300,4509,78313936000.0,2748061762063.0
llama3-8b_conv300,4510,78313936000.0,2748774979700.0
llama3-8b_conv300,4511,78313936000.0,2749488197337.0
llama3-8b_conv300,4512,78313936000.0,2750201414974.0
llama3-8b_conv300,4513,78313936000.0,2750914632611.0
llama3-8b_conv300,4514,78313936000.0,2751627850248.0
llama3-8b_conv300,4515,78313936000.0,2752341067885.0
llama3-8b_conv300,4516,78313936000.0,2753054285522.0
llama3-8b_conv300,4517,78313936000.0,2753767503159.0
llama3-8b_conv300,4518,78313936000.0,2754480720796.0
llama3-8b_conv300,4519,78313936000.0,2755193938433.0
llama3-8b_conv300,4520,78313936000.0,2755907156070.0
llama3-8b_conv300,4521,78684997000.0,2756070465990.0
llama3-8b_conv300,4522,78707843000.0,2756463976681.0
llama3-8b_conv300,4523,78707843000.0,2756948496396.0
llama3-8b_conv300,4524,78707843000.0,2757536345903.0
llama3-8b_conv300,4525,78741657000.0,2758014160683.0
llama3-8b_conv300,4526,78741657000.0,2758728111907.0
llama3-8b_conv300,4527,78741657000.0,2759442063131.0
llama3-8b_conv300,4528,78741657000.0,2760156046611.0
llama3-8b_conv300,4529,78741657000.0,2760870030091.0
llama3-8b_conv300,4530,78741657000.0,2761584045827.0
llama3-8b_conv300,4531,78741657000.0,2762298061563.0
llama3-8b_conv300,4532,78741657000.0,2763012077299.0
llama3-8b_conv300,4533,78741657000.0,2763726125291.0
llama3-8b_conv300,4534,78741657000.0,2764440173283.0
llama3-8b_conv300,4535,78741657000.0,2765154221275.0
llama3-8b_conv300,4536,78741657000.0,2765868269267.0
llama3-8b_conv300,4537,78741657000.0,2766582317259.0
llama3-8b_conv300,4538,78741657000.0,2767296397507.0
llama3-8b_conv300,4539,78741657000.0,2768010510011.0
llama3-8b_conv300,4540,78741657000.0,2768724654771.0
llama3-8b_conv300,4541,78741657000.0,2769438799531.0
llama3-8b_conv300,4542,78741657000.0,2770152944291.0
llama3-8b_conv300,4543,78741657000.0,2770867089051.0
llama3-8b_conv300,4544,78741657000.0,2771581266067.0
llama3-8b_conv300,4545,78741657000.0,2772295443083.0
llama3-8b_conv300,4546,78741657000.0,2773009620099.0
llama3-8b_conv300,4547,78741657000.0,2773723797115.0
llama3-8b_conv300,4548,78741657000.0,2774437634871.0
llama3-8b_conv300,4549,78741657000.0,2775151472627.0
llama3-8b_conv300,4550,78741657000.0,2775865310383.0
llama3-8b_conv300,4551,78741657000.0,2776579148139.0
llama3-8b_conv300,4552,78741657000.0,2777293050407.0
llama3-8b_conv300,4553,78741657000.0,2778006952675.0
llama3-8b_conv300,4554,79246030000.0,2778345283661.0
llama3-8b_conv300,4555,79246030000.0,2779059396165.0
llama3-8b_conv300,4556,79246030000.0,2779773508669.0
llama3-8b_conv300,4557,79316404000.0,2780172732797.0
llama3-8b_conv300,4558,79316404000.0,2780714501309.0
llama3-8b_conv300,4559,79323080000.0,2780973458536.0
llama3-8b_conv300,4560,79431406000.0,2781372898789.0
llama3-8b_conv300,4561,79431406000.0,2781862871906.0
llama3-8b_conv300,4562,79466727000.0,2782377544701.0
llama3-8b_conv300,4563,79466727000.0,2782613866563.0
llama3-8b_conv300,4564,79466727000.0,2782836845005.0
llama3-8b_conv300,4565,79466727000.0,2783059823447.0
llama3-8b_conv300,4566,79466727000.0,2783282801889.0
llama3-8b_conv300,4567,79466727000.0,2783505780331.0
llama3-8b_conv300,4568,79466727000.0,2784225240250.0
llama3-8b_conv300,4569,79466727000.0,2784944700169.0
llama3-8b_conv300,4570,79466727000.0,2785664160088.0
llama3-8b_conv300,4571,79466727000.0,2786383620007.0
llama3-8b_conv300,4572,79466727000.0,2787103079926.0
llama3-8b_conv300,4573,79466727000.0,2787822539845.0
llama3-8b_conv300,4574,79466727000.0,2788541999764.0
llama3-8b_conv300,4575,79466727000.0,2789260894663.0
llama3-8b_conv300,4576,79466727000.0,2789979789562.0
llama3-8b_conv300,4577,79466727000.0,2790698684461.0
llama3-8b_conv300,4578,79466727000.0,2791417579360.0
llama3-8b_conv300,4579,79788963000.0,2793522305066.0
llama3-8b_conv300,4580,79817387000.0,2793934263205.0
llama3-8b_conv300,4581,79817387000.0,2794474565408.0
llama3-8b_conv300,4582,79817387000.0,2794928267948.0
llama3-8b_conv300,4583,79817387000.0,2795150849906.0
llama3-8b_conv300,4584,79817387000.0,2795373431864.0
llama3-8b_conv300,4585,79817387000.0,2795596013822.0
llama3-8b_conv300,4586,79817387000.0,2795818595780.0
llama3-8b_conv300,4587,79996058000.0,2796217484126.0
llama3-8b_conv300,4588,79996058000.0,2796706570488.0
llama3-8b_conv300,4589,79996058000.0,2797115809468.0
llama3-8b_conv300,4590,79996058000.0,2797338762942.0
llama3-8b_conv300,4591,79996058000.0,2797561716416.0
llama3-8b_conv300,4592,79996058000.0,2797784669890.0
llama3-8b_conv300,4593,79996058000.0,2798007655620.0
llama3-8b_conv300,4594,79996058000.0,2798230673606.0
llama3-8b_conv300,4595,79996058000.0,2798453723848.0
llama3-8b_conv300,4596,80182683000.0,2798866051232.0
llama3-8b_conv300,4597,80182683000.0,2799381548664.0
llama3-8b_conv300,4598,80182683000.0,2800373792821.0
llama3-8b_conv300,4599,80182683000.0,2800597182290.0
llama3-8b_conv300,4600,80182683000.0,2800820571759.0
llama3-8b_conv300,4601,80182683000.0,2801043961228.0
llama3-8b_conv300,4602,80182683000.0,2801267350697.0
llama3-8b_conv300,4603,80182683000.0,2801490271915.0
llama3-8b_conv300,4604,80182683000.0,2801713193133.0
llama3-8b_conv300,4605,80182683000.0,2801936114351.0
llama3-8b_conv300,4606,80182683000.0,2802159035569.0
llama3-8b_conv300,4607,80396777000.0,2802571233929.0
llama3-8b_conv300,4608,80396777000.0,2803086602337.0
llama3-8b_conv300,4609,80421214000.0,2803521743512.0
llama3-8b_conv300,4610,80421214000.0,2803985491567.0
llama3-8b_conv300,4611,80421214000.0,2804405676270.0
llama3-8b_conv300,4612,80421214000.0,2804628997131.0
llama3-8b_conv300,4613,80421214000.0,2804851383505.0
llama3-8b_conv300,4614,80421214000.0,2805073769879.0
llama3-8b_conv300,4615,80421214000.0,2805296156253.0
llama3-8b_conv300,4616,80421214000.0,2805518542627.0
llama3-8b_conv300,4617,80421214000.0,2805740492973.0
llama3-8b_conv300,4618,80421214000.0,2805962443319.0
llama3-8b_conv300,4619,80421214000.0,2806184393665.0
llama3-8b_conv300,4620,80421214000.0,2806406344011.0
llama3-8b_conv300,4621,80421214000.0,2806628294357.0
llama3-8b_conv300,4622,80421214000.0,2806850244703.0
llama3-8b_conv300,4623,80421214000.0,2807072195049.0
llama3-8b_conv300,4624,80421214000.0,2807294145395.0
llama3-8b_conv300,4625,80421214000.0,2808012544962.0
llama3-8b_conv300,4626,80421214000.0,2808730944529.0
llama3-8b_conv300,4627,80421214000.0,2809449344096.0
llama3-8b_conv300,4628,80421214000.0,2810167743663.0
llama3-8b_conv300,4629,80421214000.0,2810886143230.0
llama3-8b_conv300,4630,80421214000.0,2811604074545.0
llama3-8b_conv300,4631,80421214000.0,2812322038116.0
llama3-8b_conv300,4632,80421214000.0,2813040001687.0
llama3-8b_conv300,4633,80895356000.0,2813451395062.0
llama3-8b_conv300,4634,80895356000.0,2813957314809.0
llama3-8b_conv300,4635,80895356000.0,2814675710280.0
llama3-8b_conv300,4636,80895356000.0,2815394105751.0
llama3-8b_conv300,4637,80895356000.0,2816112501222.0
llama3-8b_conv300,4638,80895356000.0,2816830989365.0
llama3-8b_conv300,4639,80895356000.0,2817549477508.0
llama3-8b_conv300,4640,80895356000.0,2818267965651.0
llama3-8b_conv300,4641,80895356000.0,2818986453794.0
llama3-8b_conv300,4642,80895356000.0,2819704941937.0
llama3-8b_conv300,4643,80895356000.0,2820423430080.0
llama3-8b_conv300,4644,80895356000.0,2821141950479.0
llama3-8b_conv300,4645,80895356000.0,2821860470878.0
llama3-8b_conv300,4646,80895356000.0,2822579023533.0
llama3-8b_conv300,4647,81144872000.0,2822977238058.0
llama3-8b_conv300,4648,81144872000.0,2823465920935.0
llama3-8b_conv300,4649,81144872000.0,2823804330866.0
llama3-8b_conv300,4650,81144872000.0,2824026369788.0
llama3-8b_conv300,4651,81144872000.0,2824248408710.0
llama3-8b_conv300,4652,81144872000.0,2824470447632.0
llama3-8b_conv300,4653,81144872000.0,2824692486554.0
llama3-8b_conv300,4654,81144872000.0,2824914525476.0
llama3-8b_conv300,4655,81144872000.0,2825136564398.0
llama3-8b_conv300,4656,81144872000.0,2825358667832.0
llama3-8b_conv300,4657,81144872000.0,2825580771266.0
llama3-8b_conv300,4658,81144872000.0,2826299614225.0
llama3-8b_conv300,4659,81144872000.0,2827018371908.0
llama3-8b_conv300,4660,81144872000.0,2827737129591.0
llama3-8b_conv300,4661,81144872000.0,2828455887274.0
llama3-8b_conv300,4662,81144872000.0,2829174644957.0
llama3-8b_conv300,4663,81144872000.0,2829893402640.0
llama3-8b_conv300,4664,81144872000.0,2830612160323.0
llama3-8b_conv300,4665,81144872000.0,2831330918006.0
llama3-8b_conv300,4666,81144872000.0,2832049675689.0
llama3-8b_conv300,4667,81144872000.0,2832768465628.0
llama3-8b_conv300,4668,81144872000.0,2833487255567.0
llama3-8b_conv300,4669,81144872000.0,2834206045506.0
llama3-8b_conv300,4670,81144872000.0,2834924835445.0
llama3-8b_conv300,4671,81144872000.0,2835643625384.0
llama3-8b_conv300,4672,81144872000.0,2836357344672.0
llama3-8b_conv300,4673,81144872000.0,2837071063960.0
llama3-8b_conv300,4674,81144872000.0,2837784783248.0
llama3-8b_conv300,4675,81144872000.0,2838498502536.0
llama3-8b_conv300,4676,81144872000.0,2839212254080.0
llama3-8b_conv300,4677,81144872000.0,2839926005624.0
llama3-8b_conv300,4678,81628783000.0,2840324836536.0
llama3-8b_conv300,4679,81628783000.0,2840866179576.0
llama3-8b_conv300,4680,81628783000.0,2841282220084.0
llama3-8b_conv300,4681,81628783000.0,2842001584487.0
llama3-8b_conv300,4682,81628783000.0,2842720948890.0
llama3-8b_conv300,4683,81628783000.0,2843440313293.0
llama3-8b_conv300,4684,81628783000.0,2844159677696.0
llama3-8b_conv300,4685,81628783000.0,2844879074355.0
llama3-8b_conv300,4686,81628783000.0,2845598503270.0
llama3-8b_conv300,4687,81628783000.0,2846317932185.0
llama3-8b_conv300,4688,81628783000.0,2847037361100.0
llama3-8b_conv300,4689,81628783000.0,2847756822271.0
llama3-8b_conv300,4690,81628783000.0,2848476283442.0
llama3-8b_conv300,4691,81628783000.0,2849190422058.0
llama3-8b_conv300,4692,81628783000.0,2849904382694.0
llama3-8b_conv300,4693,81628783000.0,2850618343330.0
llama3-8b_conv300,4694,81628783000.0,2851332303966.0
llama3-8b_conv300,4695,81628783000.0,2852046264602.0
llama3-8b_conv300,4696,81628783000.0,2852760257494.0
llama3-8b_conv300,4697,81628783000.0,2853474250386.0
llama3-8b_conv300,4698,81628783000.0,2854188243278.0
llama3-8b_conv300,4699,81628783000.0,2854901767918.0
llama3-8b_conv300,4700,81628783000.0,2855615292558.0
llama3-8b_conv300,4701,81628783000.0,2856328817198.0
llama3-8b_conv300,4702,81628783000.0,2857042341838.0
llama3-8b_conv300,4703,81628783000.0,2857755866478.0
llama3-8b_conv300,4704,82066092000.0,2858163390578.0
llama3-8b_conv300,4705,82066092000.0,2858700069750.0
llama3-8b_conv300,4706,82109910000.0,2859109913593.0
llama3-8b_conv300,4707,82109910000.0,2859629018396.0
llama3-8b_conv300,4708,82109910000.0,2860614839384.0
llama3-8b_conv300,4709,82109910000.0,2861328606484.0
llama3-8b_conv300,4710,82109910000.0,2862042373584.0
llama3-8b_conv300,4711,82109910000.0,2862756140684.0
llama3-8b_conv300,4712,82109910000.0,2863469907784.0
llama3-8b_conv300,4713,82109910000.0,2864183674884.0
llama3-8b_conv300,4714,82109910000.0,2864896973732.0
llama3-8b_conv300,4715,82109910000.0,2865610272580.0
llama3-8b_conv300,4716,82109910000.0,2866323571428.0
llama3-8b_conv300,4717,82109910000.0,2867036902532.0
llama3-8b_conv300,4718,82109910000.0,2867750233636.0
llama3-8b_conv300,4719,82109910000.0,2868463564740.0
llama3-8b_conv300,4720,82109910000.0,2869176895844.0
llama3-8b_conv300,4721,82413633000.0,2869570434695.0
llama3-8b_conv300,4722,82413633000.0,2870055014826.0
llama3-8b_conv300,4723,82497749000.0,2870462885388.0
llama3-8b_conv300,4724,82497749000.0,2870982026542.0
llama3-8b_conv300,4725,82497749000.0,2871311235617.0
llama3-8b_conv300,4726,82497749000.0,2872025374233.0
llama3-8b_conv300,4727,82497749000.0,2872739512849.0
llama3-8b_conv300,4728,82497749000.0,2873453651465.0
llama3-8b_conv300,4729,82497749000.0,2874167790081.0
llama3-8b_conv300,4730,82497749000.0,2874881928697.0
llama3-8b_conv300,4731,82497749000.0,2875596067313.0
llama3-8b_conv300,4732,82497749000.0,2876310205929.0
llama3-8b_conv300,4733,82497749000.0,2877024344545.0
llama3-8b_conv300,4734,82497749000.0,2877738483161.0
llama3-8b_conv300,4735,82497749000.0,2878452621777.0
llama3-8b_conv300,4736,82497749000.0,2879166760393.0
llama3-8b_conv300,4737,82497749000.0,2879880899009.0
llama3-8b_conv300,4738,82497749000.0,2880595037625.0
llama3-8b_conv300,4739,82497749000.0,2881309176241.0
llama3-8b_conv300,4740,82497749000.0,2882023314857.0
llama3-8b_conv300,4741,82497749000.0,2882737453473.0
llama3-8b_conv300,4742,82497749000.0,2883451592089.0
llama3-8b_conv300,4743,82497749000.0,2884165730705.0
llama3-8b_conv300,4744,82497749000.0,2884879401037.0
llama3-8b_conv300,4745,82497749000.0,2885593071369.0
llama3-8b_conv300,4746,82497749000.0,2886306741701.0
llama3-8b_conv300,4747,82497749000.0,2887020412033.0
llama3-8b_conv300,4748,82919064000.0,2887428047267.0
llama3-8b_conv300,4749,82919064000.0,2887940449989.0
llama3-8b_conv300,4750,82919064000.0,2888354511916.0
llama3-8b_conv300,4751,82919064000.0,2889068085480.0
llama3-8b_conv300,4752,82919064000.0,2889781691300.0
llama3-8b_conv300,4753,82919064000.0,2890495297120.0
llama3-8b_conv300,4754,82919064000.0,2891208902940.0
llama3-8b_conv300,4755,82919064000.0,2891922541016.0
llama3-8b_conv300,4756,82919064000.0,2892636179092.0
llama3-8b_conv300,4757,82919064000.0,2893349817168.0
llama3-8b_conv300,4758,82919064000.0,2894063455244.0
llama3-8b_conv300,4759,82919064000.0,2894777125576.0
llama3-8b_conv300,4760,82919064000.0,2895490795908.0
llama3-8b_conv300,4761,82919064000.0,2896204466240.0
llama3-8b_conv300,4762,82919064000.0,2896918168828.0
llama3-8b_conv300,4763,82919064000.0,2897631871416.0
llama3-8b_conv300,4764,82919064000.0,2898345574004.0
llama3-8b_conv300,4765,82919064000.0,2899059276592.0
llama3-8b_conv300,4766,82919064000.0,2899772510928.0
llama3-8b_conv300,4767,82919064000.0,2900485745264.0
llama3-8b_conv300,4768,82919064000.0,2901198979600.0
llama3-8b_conv300,4769,82919064000.0,2901912213936.0
llama3-8b_conv300,4770,82919064000.0,2902625448272.0
llama3-8b_conv300,4771,82919064000.0,2903338714864.0
llama3-8b_conv300,4772,82919064000.0,2904052013712.0
llama3-8b_conv300,4773,82919064000.0,2904765312560.0
llama3-8b_conv300,4774,82919064000.0,2905478643664.0
llama3-8b_conv300,4775,82919064000.0,2906191974768.0
llama3-8b_conv300,4776,82919064000.0,2906905305872.0
llama3-8b_conv300,4777,82919064000.0,2907618636976.0
llama3-8b_conv300,4778,82919064000.0,2908331968080.0
llama3-8b_conv300,4779,82919064000.0,2909045299184.0
llama3-8b_conv300,4780,82919064000.0,2909758630288.0
llama3-8b_conv300,4781,82919064000.0,2910471961392.0
llama3-8b_conv300,4782,82919064000.0,2911185324752.0
llama3-8b_conv300,4783,82919064000.0,2911898688112.0
llama3-8b_conv300,4784,82919064000.0,2912611905749.0
llama3-8b_conv300,4785,82919064000.0,2913324655102.0
llama3-8b_conv300,4786,82919064000.0,2914037436711.0
llama3-8b_conv300,4787,82919064000.0,2914750218320.0
llama3-8b_conv300,4788,82919064000.0,2915462999929.0
llama3-8b_conv300,4789,82919064000.0,2916175781538.0
llama3-8b_conv300,4790,82919064000.0,2916888563147.0
llama3-8b_conv300,4791,82919064000.0,2917601344756.0
llama3-8b_conv300,4792,82919064000.0,2918314126365.0
llama3-8b_conv300,4793,82919064000.0,2919026907974.0
llama3-8b_conv300,4794,82919064000.0,2919739689583.0
llama3-8b_conv300,4795,82919064000.0,2920452471192.0
llama3-8b_conv300,4796,82919064000.0,2921165252801.0
llama3-8b_conv300,4797,82919064000.0,2921877437615.0
llama3-8b_conv300,4798,82919064000.0,2922589622429.0
llama3-8b_conv300,4799,82919064000.0,2923301807243.0
llama3-8b_conv300,4800,82919064000.0,2924011241821.0
llama3-8b_conv300,4801,82919064000.0,2924720676399.0
llama3-8b_conv300,4802,82919064000.0,2925430110977.0
llama3-8b_conv300,4803,82919064000.0,2926139545555.0
llama3-8b_conv300,4804,83735745000.0,2926532402332.0
llama3-8b_conv300,4805,83735745000.0,2927069368677.0
llama3-8b_conv300,4806,83797671000.0,2927480909516.0
llama3-8b_conv300,4807,83797671000.0,2928017844659.0
llama3-8b_conv300,4808,83797671000.0,2928331458190.0
llama3-8b_conv300,4809,83797671000.0,2929044304311.0
llama3-8b_conv300,4810,83797671000.0,2929757150432.0
llama3-8b_conv300,4811,83797671000.0,2930469996553.0
llama3-8b_conv300,4812,83797671000.0,2931182842674.0
llama3-8b_conv300,4813,83797671000.0,2931895753307.0
llama3-8b_conv300,4814,83797671000.0,2932608663940.0
llama3-8b_conv300,4815,84029102000.0,2933361514792.0
llama3-8b_conv300,4816,84029102000.0,2934074510733.0
llama3-8b_conv300,4817,84029102000.0,2934787538930.0
llama3-8b_conv300,4818,84029102000.0,2935500567127.0
llama3-8b_conv300,4819,84029102000.0,2936213595324.0
llama3-8b_conv300,4820,84029102000.0,2936926623521.0
llama3-8b_conv300,4821,84029102000.0,2937639651718.0
llama3-8b_conv300,4822,84029102000.0,2938352211631.0
llama3-8b_conv300,4823,84029102000.0,2939064803800.0
llama3-8b_conv300,4824,84029102000.0,2939777428225.0
llama3-8b_conv300,4825,84029102000.0,2940490052650.0
llama3-8b_conv300,4826,84029102000.0,2941202677075.0
llama3-8b_conv300,4827,84029102000.0,2941915301500.0
llama3-8b_conv300,4828,84029102000.0,2942627925925.0
llama3-8b_conv300,4829,84029102000.0,2943340550350.0
llama3-8b_conv300,4830,84029102000.0,2944053174775.0
llama3-8b_conv300,4831,84029102000.0,2944765799200.0
llama3-8b_conv300,4832,84029102000.0,2945478423625.0
llama3-8b_conv300,4833,84029102000.0,2946191048050.0
llama3-8b_conv300,4834,84029102000.0,2946903672475.0
llama3-8b_conv300,4835,84029102000.0,2947616361412.0
llama3-8b_conv300,4836,84029102000.0,2948329050349.0
llama3-8b_conv300,4837,84029102000.0,2949041739286.0
llama3-8b_conv300,4838,84029102000.0,2949754428223.0
llama3-8b_conv300,4839,84029102000.0,2950467117160.0
llama3-8b_conv300,4840,84029102000.0,2951179806097.0
llama3-8b_conv300,4841,84029102000.0,2951892495034.0
llama3-8b_conv300,4842,84029102000.0,2952605183971.0
llama3-8b_conv300,4843,84029102000.0,2953317872908.0
llama3-8b_conv300,4844,84029102000.0,2954030561845.0
llama3-8b_conv300,4845,84029102000.0,2954743283038.0
llama3-8b_conv300,4846,84029102000.0,2955456004231.0
llama3-8b_conv300,4847,84029102000.0,2956168725424.0
llama3-8b_conv300,4848,84029102000.0,2956881446617.0
llama3-8b_conv300,4849,84029102000.0,2957593603271.0
llama3-8b_conv300,4850,84029102000.0,2958305792181.0
llama3-8b_conv300,4851,84029102000.0,2959018013347.0
llama3-8b_conv300,4852,84029102000.0,2959730234513.0
llama3-8b_conv300,4853,84029102000.0,2960442455679.0
llama3-8b_conv300,4854,84029102000.0,2961154676845.0
llama3-8b_conv300,4855,84029102000.0,2961866898011.0
llama3-8b_conv300,4856,84029102000.0,2962579119177.0
llama3-8b_conv300,4857,84029102000.0,2963291340343.0
llama3-8b_conv300,4858,84029102000.0,2964003561509.0
llama3-8b_conv300,4859,84029102000.0,2964715875347.0
llama3-8b_conv300,4860,84029102000.0,2965425116389.0
llama3-8b_conv300,4861,84029102000.0,2966134357431.0
llama3-8b_conv300,4862,84029102000.0,2966843598473.0
llama3-8b_conv300,4863,84029102000.0,2967552839515.0
llama3-8b_conv300,4864,84029102000.0,2968262080557.0
llama3-8b_conv300,4865,84029102000.0,2968971321599.0
llama3-8b_conv300,4866,84029102000.0,2969680562641.0
llama3-8b_conv300,4867,84029102000.0,2970389803683.0
llama3-8b_conv300,4868,84029102000.0,2971099044725.0
llama3-8b_conv300,4869,84029102000.0,2971808285767.0
llama3-8b_conv300,4870,84029102000.0,2972517526809.0
llama3-8b_conv300,4871,84029102000.0,2973226767851.0
llama3-8b_conv300,4872,84029102000.0,2973936008893.0
llama3-8b_conv300,4873,84029102000.0,2974645249935.0
llama3-8b_conv300,4874,84029102000.0,2975354490977.0
llama3-8b_conv300,4875,84029102000.0,2976063732019.0
llama3-8b_conv300,4876,84029102000.0,2976772973061.0
llama3-8b_conv300,4877,84029102000.0,2977482214103.0
llama3-8b_conv300,4878,84029102000.0,2978191455145.0
llama3-8b_conv300,4879,84029102000.0,2978900696187.0
llama3-8b_conv300,4880,84029102000.0,2979609969485.0
llama3-8b_conv300,4881,84029102000.0,2980319242783.0
llama3-8b_conv300,4882,84029102000.0,2981028516081.0
llama3-8b_conv300,4883,84029102000.0,2981737821635.0
llama3-8b_conv300,4884,84029102000.0,2982446626905.0
llama3-8b_conv300,4885,84029102000.0,2983155464431.0
llama3-8b_conv300,4886,84029102000.0,2983864301957.0
llama3-8b_conv300,4887,84029102000.0,2984573139483.0
llama3-8b_conv300,4888,84029102000.0,2985281977009.0
llama3-8b_conv300,4889,84029102000.0,2985990814535.0
llama3-8b_conv300,4890,84029102000.0,2986699652061.0
llama3-8b_conv300,4891,84029102000.0,2987408489587.0
llama3-8b_conv300,4892,84029102000.0,2988117327113.0
llama3-8b_conv300,4893,84029102000.0,2988826164639.0
llama3-8b_conv300,4894,84029102000.0,2989535002165.0
llama3-8b_conv300,4895,84029102000.0,2990243839691.0
llama3-8b_conv300,4896,84029102000.0,2990952677217.0
llama3-8b_conv300,4897,84029102000.0,2991661514743.0
llama3-8b_conv300,4898,84029102000.0,2992370352269.0
llama3-8b_conv300,4899,84029102000.0,2993079189795.0
llama3-8b_conv300,4900,84029102000.0,2993788059577.0
llama3-8b_conv300,4901,84029102000.0,2994496929359.0
llama3-8b_conv300,4902,84029102000.0,2995205831397.0
llama3-8b_conv300,4903,84029102000.0,2995914733435.0
llama3-8b_conv300,4904,84029102000.0,2996623635473.0
llama3-8b_conv300,4905,84029102000.0,2997332537511.0
llama3-8b_conv300,4906,84029102000.0,2998041439549.0
llama3-8b_conv300,4907,84029102000.0,2998750341587.0
llama3-8b_conv300,4908,84029102000.0,2999459243625.0
llama3-8b_conv300,4909,84029102000.0,3000168145663.0
llama3-8b_conv300,4910,84029102000.0,3000877079957.0
llama3-8b_conv300,4911,84029102000.0,3001586014251.0
llama3-8b_conv300,4912,84029102000.0,3002294948545.0
llama3-8b_conv300,4913,84029102000.0,3003003882839.0
llama3-8b_conv300,4914,84029102000.0,3003712817133.0
llama3-8b_conv300,4915,84029102000.0,3004421751427.0
llama3-8b_conv300,4916,84029102000.0,3005130685721.0
llama3-8b_conv300,4917,84029102000.0,3005839620015.0
llama3-8b_conv300,4918,84029102000.0,3006548554309.0
llama3-8b_conv300,4919,84029102000.0,3007257488603.0
llama3-8b_conv300,4920,84029102000.0,3007966422897.0
llama3-8b_conv300,4921,84029102000.0,3008675357191.0
llama3-8b_conv300,4922,84029102000.0,3009384291485.0
llama3-8b_conv300,4923,84029102000.0,3010093225779.0
llama3-8b_conv300,4924,84029102000.0,3010802160073.0
llama3-8b_conv300,4925,84029102000.0,3011511094367.0
llama3-8b_conv300,4926,84029102000.0,3012220028661.0
llama3-8b_conv300,4927,84029102000.0,3012928962955.0
llama3-8b_conv300,4928,84029102000.0,3013637929505.0
llama3-8b_conv300,4929,84029102000.0,3014346896055.0
llama3-8b_conv300,4930,84029102000.0,3015055862605.0
llama3-8b_conv300,4931,84029102000.0,3015764829155.0
llama3-8b_conv300,4932,84029102000.0,3016473795705.0
llama3-8b_conv300,4933,84029102000.0,3017182762255.0
llama3-8b_conv300,4934,84029102000.0,3017891728805.0
llama3-8b_conv300,4935,84029102000.0,3018600695355.0
llama3-8b_conv300,4936,84029102000.0,3019309661905.0
llama3-8b_conv300,4937,84029102000.0,3020018628455.0
llama3-8b_conv300,4938,84029102000.0,3020727595005.0
llama3-8b_conv300,4939,84029102000.0,3021436561555.0
llama3-8b_conv300,4940,84029102000.0,3022145528105.0
llama3-8b_conv300,4941,84029102000.0,3022854559167.0
llama3-8b_conv300,4942,84029102000.0,3023563590229.0
llama3-8b_conv300,4943,84029102000.0,3024272621291.0
llama3-8b_conv300,4944,84029102000.0,3024981652353.0
llama3-8b_conv300,4945,84029102000.0,3025690683415.0
llama3-8b_conv300,4946,84029102000.0,3026399714477.0
llama3-8b_conv300,4947,84029102000.0,3027108745539.0
llama3-8b_conv300,4948,84029102000.0,3027817776601.0
llama3-8b_conv300,4949,84029102000.0,3028526807663.0
llama3-8b_conv300,4950,84029102000.0,3029235838725.0
llama3-8b_conv300,4951,84029102000.0,3029944902043.0
llama3-8b_conv300,4952,84029102000.0,3030653997617.0
llama3-8b_conv300,4953,84029102000.0,3031363093191.0
llama3-8b_conv300,4954,84029102000.0,3032072188765.0
llama3-8b_conv300,4955,84029102000.0,3032781284339.0
llama3-8b_conv300,4956,84029102000.0,3033490379913.0
llama3-8b_conv300,4957,84029102000.0,3034199475487.0
llama3-8b_conv300,4958,84029102000.0,3034908571061.0
llama3-8b_conv300,4959,84029102000.0,3035617666635.0
llama3-8b_conv300,4960,84029102000.0,3036326762209.0
llama3-8b_conv300,4961,84029102000.0,3037035857783.0
llama3-8b_conv300,4962,84029102000.0,3037744953357.0
llama3-8b_conv300,4963,84029102000.0,3038454113443.0
llama3-8b_conv300,4964,84029102000.0,3039163273529.0
llama3-8b_conv300,4965,84029102000.0,3039872433615.0
llama3-8b_conv300,4966,84029102000.0,3040581593701.0
llama3-8b_conv300,4967,84029102000.0,3041290753787.0
llama3-8b_conv300,4968,84029102000.0,3041999913873.0
llama3-8b_conv300,4969,84029102000.0,3042709073959.0
llama3-8b_conv300,4970,84029102000.0,3043309500258.0
llama3-8b_conv300,4971,84029102000.0,3043909926557.0
llama3-8b_conv300,4972,84029102000.0,3044510352856.0
llama3-8b_conv300,4973,84029102000.0,3045110811411.0
llama3-8b_conv300,4974,84029102000.0,3045711269966.0
llama3-8b_conv300,4975,84029102000.0,3046311728521.0
llama3-8b_conv300,4976,84029102000.0,3046912187076.0
llama3-8b_conv300,4977,84029102000.0,3047512645631.0
llama3-8b_conv300,4978,84029102000.0,3048113104186.0
llama3-8b_conv300,4979,84029102000.0,3048713594997.0
llama3-8b_conv300,4980,84029102000.0,3049314085808.0
llama3-8b_conv300,4981,84029102000.0,3049914576619.0
llama3-8b_conv300,4982,84029102000.0,3050515067430.0
llama3-8b_conv300,4983,84029102000.0,3051115066885.0
llama3-8b_conv300,4984,84029102000.0,3051715066340.0
llama3-8b_conv300,4985,84029102000.0,3052315065795.0
llama3-8b_conv300,4986,84029102000.0,3052915065250.0
llama3-8b_conv300,4987,84029102000.0,3053515096961.0
llama3-8b_conv300,4988,84029102000.0,3054115128672.0
llama3-8b_conv300,4989,84029102000.0,3054715160383.0
llama3-8b_conv300,4990,84029102000.0,3055315192094.0
llama3-8b_conv300,4991,84029102000.0,3055915223805.0
llama3-8b_conv300,4992,84029102000.0,3056515255516.0
llama3-8b_conv300,4993,84029102000.0,3057115287227.0
llama3-8b_conv300,4994,84029102000.0,3057715318938.0
llama3-8b_conv300,4995,84029102000.0,3058315350649.0
llama3-8b_conv300,4996,84029102000.0,3058915382360.0
llama3-8b_conv300,4997,84029102000.0,3059515414071.0
llama3-8b_conv300,4998,83797671000.0,3060115236538.0
llama3-8b_conv300,4999,83797671000.0,3060715059005.0
llama3-8b_conv300,5000,83797671000.0,3061314881472.0
llama3-8b_conv300,5001,83797671000.0,3061914703939.0
llama3-8b_conv300,5002,83797671000.0,3062514526406.0
llama3-8b_conv300,5003,83797671000.0,3063114348873.0
llama3-8b_conv300,5004,83797671000.0,3063714171340.0
llama3-8b_conv300,5005,83797671000.0,3064313993807.0
llama3-8b_conv300,5006,83797671000.0,3064913816274.0
llama3-8b_conv300,5007,83797671000.0,3065513638741.0
llama3-8b_conv300,5008,83797671000.0,3066113493464.0
llama3-8b_conv300,5009,83797671000.0,3066688239360.0
llama3-8b_conv300,5010,83797671000.0,3067262985256.0
llama3-8b_conv300,5011,83797671000.0,3067837763408.0
llama3-8b_conv300,5012,83797671000.0,3068412541560.0
llama3-8b_conv300,5013,83797671000.0,3068987351968.0
llama3-8b_conv300,5014,83797671000.0,3069562162376.0
llama3-8b_conv300,5015,83797671000.0,3070136972784.0
llama3-8b_conv300,5016,83797671000.0,3070711783192.0
llama3-8b_conv300,5017,83797671000.0,3071286593600.0
llama3-8b_conv300,5018,83797671000.0,3071861404008.0
llama3-8b_conv300,5019,83797671000.0,3072436214416.0
llama3-8b_conv300,5020,83797671000.0,3073011024824.0
llama3-8b_conv300,5021,83797671000.0,3073585835232.0
llama3-8b_conv300,5022,83797671000.0,3074160645640.0
llama3-8b_conv300,5023,83797671000.0,3074735456048.0
llama3-8b_conv300,5024,83797671000.0,3075310266456.0
llama3-8b_conv300,5025,83797671000.0,3075885076864.0
llama3-8b_conv300,5026,83797671000.0,3076459887272.0
llama3-8b_conv300,5027,83797671000.0,3077034697680.0
llama3-8b_conv300,5028,83797671000.0,3077609540344.0
llama3-8b_conv300,5029,83797671000.0,3078184383008.0
llama3-8b_conv300,5030,83797671000.0,3078759225672.0
llama3-8b_conv300,5031,83797671000.0,3079334068336.0
llama3-8b_conv300,5032,83797671000.0,3079908911000.0
llama3-8b_conv300,5033,83797671000.0,3080483753664.0
llama3-8b_conv300,5034,83797671000.0,3081058596328.0
llama3-8b_conv300,5035,83797671000.0,3081633438992.0
llama3-8b_conv300,5036,83797671000.0,3082208281656.0
llama3-8b_conv300,5037,83797671000.0,3082783124320.0
llama3-8b_conv300,5038,83797671000.0,3083357999240.0
llama3-8b_conv300,5039,83797671000.0,3083932874160.0
llama3-8b_conv300,5040,83797671000.0,3084506773884.0
llama3-8b_conv300,5041,83797671000.0,3085080673608.0
llama3-8b_conv300,5042,83797671000.0,3085654573332.0
llama3-8b_conv300,5043,83797671000.0,3086228473056.0
llama3-8b_conv300,5044,83797671000.0,3086802372780.0
llama3-8b_conv300,5045,83797671000.0,3087376272504.0
llama3-8b_conv300,5046,83797671000.0,3087950172228.0
llama3-8b_conv300,5047,83797671000.0,3088524071952.0
llama3-8b_conv300,5048,83797671000.0,3089097971676.0
llama3-8b_conv300,5049,83797671000.0,3089671871400.0
llama3-8b_conv300,5050,83797671000.0,3090245271577.0
llama3-8b_conv300,5051,83797671000.0,3090818671754.0
llama3-8b_conv300,5052,83797671000.0,3091392071931.0
llama3-8b_conv300,5053,83797671000.0,3091965472108.0
llama3-8b_conv300,5054,83797671000.0,3092538872285.0
llama3-8b_conv300,5055,83797671000.0,3093112272462.0
llama3-8b_conv300,5056,83797671000.0,3093685704895.0
llama3-8b_conv300,5057,83797671000.0,3094259137328.0
llama3-8b_conv300,5058,83797671000.0,3094832569761.0
llama3-8b_conv300,5059,83797671000.0,3095406002194.0
llama3-8b_conv300,5060,83797671000.0,3095979434627.0
llama3-8b_conv300,5061,83797671000.0,3096552867060.0
llama3-8b_conv300,5062,83797671000.0,3097126299493.0
llama3-8b_conv300,5063,83797671000.0,3097699731926.0
llama3-8b_conv300,5064,83797671000.0,3098273164359.0
llama3-8b_conv300,5065,83797671000.0,3098846596792.0
llama3-8b_conv300,5066,83797671000.0,3099420029225.0
llama3-8b_conv300,5067,83797671000.0,3099993461658.0
llama3-8b_conv300,5068,83797671000.0,3100566894091.0
llama3-8b_conv300,5069,83797671000.0,3101140358780.0
llama3-8b_conv300,5070,83797671000.0,3101713823469.0
llama3-8b_conv300,5071,83797671000.0,3102287288158.0
llama3-8b_conv300,5072,83797671000.0,3102860752847.0
llama3-8b_conv300,5073,83797671000.0,3103434217536.0
llama3-8b_conv300,5074,83797671000.0,3104007682225.0
llama3-8b_conv300,5075,83797671000.0,3104581146914.0
llama3-8b_conv300,5076,83797671000.0,3105154611603.0
llama3-8b_conv300,5077,83797671000.0,3105728076292.0
llama3-8b_conv300,5078,83797671000.0,3106301540981.0
llama3-8b_conv300,5079,83797671000.0,3106874602890.0
llama3-8b_conv300,5080,83797671000.0,3107447664799.0
llama3-8b_conv300,5081,83797671000.0,3108020726708.0
llama3-8b_conv300,5082,83797671000.0,3108593788617.0
llama3-8b_conv300,5083,83797671000.0,3109164645506.0
llama3-8b_conv300,5084,83797671000.0,3109735502395.0
llama3-8b_conv300,5085,83797671000.0,3110306359284.0
llama3-8b_conv300,5086,83797671000.0,3110877216173.0
llama3-8b_conv300,5087,83797671000.0,3111448073062.0
llama3-8b_conv300,5088,83797671000.0,3112018929951.0
llama3-8b_conv300,5089,83797671000.0,3112589786840.0
llama3-8b_conv300,5090,83797671000.0,3113160643729.0
llama3-8b_conv300,5091,83797671000.0,3113731500618.0
llama3-8b_conv300,5092,83797671000.0,3114302357507.0
llama3-8b_conv300,5093,83797671000.0,3114873214396.0
llama3-8b_conv300,5094,83797671000.0,3115444071285.0
llama3-8b_conv300,5095,83797671000.0,3116014928174.0
llama3-8b_conv300,5096,83797671000.0,3116585785063.0
llama3-8b_conv300,5097,83797671000.0,3117156641952.0
llama3-8b_conv300,5098,83797671000.0,3117727498841.0
llama3-8b_conv300,5099,83797671000.0,3118298355730.0
llama3-8b_conv300,5100,83797671000.0,3118869212619.0
llama3-8b_conv300,5101,83797671000.0,3119440069508.0
llama3-8b_conv300,5102,83797671000.0,3120010926397.0
llama3-8b_conv300,5103,83797671000.0,3120581783286.0
llama3-8b_conv300,5104,83797671000.0,3121152172884.0
llama3-8b_conv300,5105,83797671000.0,3121722562482.0
llama3-8b_conv300,5106,83797671000.0,3122292952080.0
llama3-8b_conv300,5107,83797671000.0,3122863373934.0
llama3-8b_conv300,5108,83797671000.0,3123433795788.0
llama3-8b_conv300,5109,83797671000.0,3124004217642.0
llama3-8b_conv300,5110,83797671000.0,3124574639496.0
llama3-8b_conv300,5111,83797671000.0,3125145061350.0
llama3-8b_conv300,5112,83797671000.0,3125715483204.0
llama3-8b_conv300,5113,83797671000.0,3126285905058.0
llama3-8b_conv300,5114,83797671000.0,3126856326912.0
llama3-8b_conv300,5115,83797671000.0,3127426748766.0
llama3-8b_conv300,5116,83797671000.0,3127997170620.0
llama3-8b_conv300,5117,83797671000.0,3128567592474.0
llama3-8b_conv300,5118,83797671000.0,3129138014328.0
llama3-8b_conv300,5119,83797671000.0,3129695648122.0
llama3-8b_conv300,5120,83797671000.0,3130253281916.0
llama3-8b_conv300,5121,83797671000.0,3130810915710.0
llama3-8b_conv300,5122,83797671000.0,3131368549504.0
llama3-8b_conv300,5123,83797671000.0,3131926183298.0
llama3-8b_conv300,5124,83797671000.0,3132483817092.0
llama3-8b_conv300,5125,83797671000.0,3133041450886.0
llama3-8b_conv300,5126,83797671000.0,3133599084680.0
llama3-8b_conv300,5127,83797671000.0,3134156718474.0
llama3-8b_conv300,5128,83797671000.0,3134714352268.0
llama3-8b_conv300,5129,83797671000.0,3135271986062.0
llama3-8b_conv300,5130,83797671000.0,3135829619856.0
llama3-8b_conv300,5131,83797671000.0,3136387253650.0
llama3-8b_conv300,5132,83797671000.0,3136944887444.0
llama3-8b_conv300,5133,83797671000.0,3137502521238.0
llama3-8b_conv300,5134,83797671000.0,3138060155032.0
llama3-8b_conv300,5135,83797671000.0,3138617788826.0
llama3-8b_conv300,5136,83797671000.0,3139175422620.0
llama3-8b_conv300,5137,83797671000.0,3139733056414.0
llama3-8b_conv300,5138,83797671000.0,3140290690208.0
llama3-8b_conv300,5139,83797671000.0,3140848356258.0
llama3-8b_conv300,5140,83797671000.0,3141406022308.0
llama3-8b_conv300,5141,83797671000.0,3141963720614.0
llama3-8b_conv300,5142,83797671000.0,3142521418920.0
llama3-8b_conv300,5143,83797671000.0,3143079117226.0
llama3-8b_conv300,5144,83797671000.0,3143636815532.0
llama3-8b_conv300,5145,83797671000.0,3144194513838.0
llama3-8b_conv300,5146,83797671000.0,3144752212144.0
llama3-8b_conv300,5147,83797671000.0,3145309910450.0
llama3-8b_conv300,5148,83797671000.0,3145867608756.0
llama3-8b_conv300,5149,83797671000.0,3146425307062.0
llama3-8b_conv300,5150,83797671000.0,3146983005368.0
llama3-8b_conv300,5151,83797671000.0,3147539401864.0
llama3-8b_conv300,5152,83797671000.0,3148095798360.0
llama3-8b_conv300,5153,83797671000.0,3148652194856.0
llama3-8b_conv300,5154,83797671000.0,3149208591352.0
llama3-8b_conv300,5155,83797671000.0,3149764987848.0
llama3-8b_conv300,5156,83797671000.0,3150321384344.0
llama3-8b_conv300,5157,83797671000.0,3150877780840.0
llama3-8b_conv300,5158,83797671000.0,3151434177336.0
llama3-8b_conv300,5159,83797671000.0,3151990573832.0
llama3-8b_conv300,5160,83797671000.0,3152546970328.0
llama3-8b_conv300,5161,83797671000.0,3153103366824.0
llama3-8b_conv300,5162,83797671000.0,3153659763320.0
llama3-8b_conv300,5163,83797671000.0,3154216159816.0
llama3-8b_conv300,5164,83797671000.0,3154772556312.0
llama3-8b_conv300,5165,83797671000.0,3155328952808.0
llama3-8b_conv300,5166,83797671000.0,3155885349304.0
llama3-8b_conv300,5167,83797671000.0,3156441745800.0
llama3-8b_conv300,5168,83797671000.0,3156998142296.0
llama3-8b_conv300,5169,83797671000.0,3157553686568.0
llama3-8b_conv300,5170,83797671000.0,3158109230840.0
llama3-8b_conv300,5171,83797671000.0,3158664775112.0
llama3-8b_conv300,5172,83797671000.0,3159220319384.0
llama3-8b_conv300,5173,83797671000.0,3159775863656.0
llama3-8b_conv300,5174,83797671000.0,3160330876216.0
llama3-8b_conv300,5175,83797671000.0,3160885888776.0
llama3-8b_conv300,5176,83797671000.0,3161440901336.0
llama3-8b_conv300,5177,83797671000.0,3161995913896.0
llama3-8b_conv300,5178,83797671000.0,3162550926456.0
llama3-8b_conv300,5179,83797671000.0,3163105939016.0
llama3-8b_conv300,5180,83797671000.0,3163660951576.0
llama3-8b_conv300,5181,83797671000.0,3164215964136.0
llama3-8b_conv300,5182,83797671000.0,3164770976696.0
llama3-8b_conv300,5183,83797671000.0,3165325989256.0
llama3-8b_conv300,5184,83797671000.0,3165881001816.0
llama3-8b_conv300,5185,83797671000.0,3166436014376.0
llama3-8b_conv300,5186,83797671000.0,3166991026936.0
llama3-8b_conv300,5187,83797671000.0,3167546039496.0
llama3-8b_conv300,5188,83797671000.0,3168101052056.0
llama3-8b_conv300,5189,83797671000.0,3168656064616.0
llama3-8b_conv300,5190,83797671000.0,3169211077176.0
llama3-8b_conv300,5191,83797671000.0,3169766089736.0
llama3-8b_conv300,5192,83797671000.0,3170321102296.0
llama3-8b_conv300,5193,83797671000.0,3170876114856.0
llama3-8b_conv300,5194,83797671000.0,3171431127416.0
llama3-8b_conv300,5195,83797671000.0,3171986139976.0
llama3-8b_conv300,5196,83797671000.0,3172541152536.0
llama3-8b_conv300,5197,83797671000.0,3173096197352.0
llama3-8b_conv300,5198,83797671000.0,3173651242168.0
llama3-8b_conv300,5199,83797671000.0,3174206286984.0
llama3-8b_conv300,5200,83797671000.0,3174761331800.0
llama3-8b_conv300,5201,83797671000.0,3175316376616.0
llama3-8b_conv300,5202,83797671000.0,3175871421432.0
llama3-8b_conv300,5203,83797671000.0,3176426466248.0
llama3-8b_conv300,5204,83797671000.0,3176981511064.0
llama3-8b_conv300,5205,83797671000.0,3177536555880.0
llama3-8b_conv300,5206,83797671000.0,3178091600696.0
llama3-8b_conv300,5207,83797671000.0,3178646645512.0
llama3-8b_conv300,5208,83797671000.0,3179201690328.0
llama3-8b_conv300,5209,83797671000.0,3179756735144.0
llama3-8b_conv300,5210,83797671000.0,3180311779960.0
llama3-8b_conv300,5211,83797671000.0,3180866824776.0
llama3-8b_conv300,5212,83797671000.0,3181421869592.0
llama3-8b_conv300,5213,83797671000.0,3181976914408.0
llama3-8b_conv300,5214,83797671000.0,3182531959224.0
llama3-8b_conv300,5215,83797671000.0,3183087004040.0
llama3-8b_conv300,5216,83797671000.0,3183642048856.0
llama3-8b_conv300,5217,83797671000.0,3184197093672.0
llama3-8b_conv300,5218,83797671000.0,3184752138488.0
llama3-8b_conv300,5219,83797671000.0,3185307183304.0
llama3-8b_conv300,5220,83797671000.0,3185862228120.0
llama3-8b_conv300,5221,83735745000.0,3186416388456.0
llama3-8b_conv300,5222,83735745000.0,3186970548792.0
llama3-8b_conv300,5223,83735745000.0,3187524709128.0
llama3-8b_conv300,5224,83735745000.0,3188078869464.0
llama3-8b_conv300,5225,83735745000.0,3188633029800.0
