model,batch_id,release_ns,finish_ns
llama2-7b_conv300,0,0.0,2866102335.0
llama2-7b_conv300,1,0.0,2996297487.0
llama2-7b_conv300,2,0.0,3126492639.0
llama2-7b_conv300,3,0.0,3256687791.0
llama2-7b_conv300,4,0.0,3386882943.0
llama2-7b_conv300,5,0.0,3517078095.0
llama2-7b_conv300,6,0.0,3647273247.0
llama2-7b_conv300,7,0.0,3777468399.0
llama2-7b_conv300,8,0.0,3907663551.0
llama2-7b_conv300,9,0.0,4037778831.0
llama2-7b_conv300,10,0.0,4168236127.0
llama2-7b_conv300,11,0.0,4298693423.0
llama2-7b_conv300,12,0.0,4429150719.0
llama2-7b_conv300,13,0.0,4559608015.0
llama2-7b_conv300,14,0.0,4690065311.0
llama2-7b_conv300,15,0.0,4820522607.0
llama2-7b_conv300,16,0.0,4950979903.0
llama2-7b_conv300,17,0.0,5081437199.0
llama2-7b_conv300,18,0.0,5211894495.0
llama2-7b_conv300,19,0.0,5342351791.0
llama2-7b_conv300,20,0.0,5472809087.0
llama2-7b_conv300,21,0.0,5603266383.0
llama2-7b_conv300,22,0.0,5733723679.0
llama2-7b_conv300,23,0.0,5864180975.0
llama2-7b_conv300,24,0.0,5994638271.0
llama2-7b_conv300,25,0.0,6125095567.0
llama2-7b_conv300,26,0.0,6255552863.0
llama2-7b_conv300,27,0.0,6386010159.0
llama2-7b_conv300,28,0.0,6516467455.0
llama2-7b_conv300,29,0.0,6646924751.0
llama2-7b_conv300,30,0.0,6777382047.0
llama2-7b_conv300,31,0.0,6907839343.0
llama2-7b_conv300,32,0.0,7038296639.0
llama2-7b_conv300,33,0.0,7168753935.0
llama2-7b_conv300,34,0.0,7299211231.0
llama2-7b_conv300,35,0.0,7429668527.0
llama2-7b_conv300,36,0.0,7560125823.0
llama2-7b_conv300,37,0.0,7690583119.0
llama2-7b_conv300,38,0.0,7821040415.0
llama2-7b_conv300,39,0.0,7951497711.0
llama2-7b_conv300,40,0.0,8081955007.0
llama2-7b_conv300,41,0.0,8212412303.0
llama2-7b_conv300,42,0.0,8342869599.0
llama2-7b_conv300,43,0.0,11342085102.794285
llama2-7b_conv300,44,4314579000.0,11344800750.794285
llama2-7b_conv300,45,4314579000.0,11475258046.794285
llama2-7b_conv300,46,4314579000.0,11605715342.794285
llama2-7b_conv300,47,4314579000.0,11736172638.794285
llama2-7b_conv300,48,4314579000.0,11866629934.794285
llama2-7b_conv300,49,4314579000.0,11997087230.794285
llama2-7b_conv300,50,4314579000.0,12127544526.794285
llama2-7b_conv300,51,4314579000.0,12258001822.794285
llama2-7b_conv300,52,4314579000.0,12388459118.794285
llama2-7b_conv300,53,4314579000.0,12518916414.794285
llama2-7b_conv300,54,4314579000.0,12649373710.794285
llama2-7b_conv300,55,4314579000.0,12779831006.794285
llama2-7b_conv300,56,4314579000.0,12910288302.794285
llama2-7b_conv300,57,4314579000.0,13040745598.794285
llama2-7b_conv300,58,4314579000.0,13171202894.794285
llama2-7b_conv300,59,4314579000.0,13301660190.794285
llama2-7b_conv300,60,4314579000.0,13432117486.794285
llama2-7b_conv300,61,4314579000.0,13562574782.794285
llama2-7b_conv300,62,4314579000.0,13693032078.794285
llama2-7b_conv300,63,4314579000.0,13823489374.794285
llama2-7b_conv300,64,4314579000.0,13953946670.794285
llama2-7b_conv300,65,4314579000.0,14084403966.794285
llama2-7b_conv300,66,4541877000.0,16049775724.897142
llama2-7b_conv300,67,4541877000.0,18887259876.725716
llama2-7b_conv300,68,4541877000.0,19020438196.725716
llama2-7b_conv300,69,4541877000.0,19153616516.725716
llama2-7b_conv300,70,4541877000.0,19286794836.725716
llama2-7b_conv300,71,4541877000.0,19419973156.725716
llama2-7b_conv300,72,4541877000.0,19553151476.725716
llama2-7b_conv300,73,4541877000.0,19686329796.725716
llama2-7b_conv300,74,4541877000.0,19819508116.725716
llama2-7b_conv300,75,4541877000.0,19952686436.725716
llama2-7b_conv300,76,4541877000.0,20085864756.725716
llama2-7b_conv300,77,4541877000.0,20219043076.725716
llama2-7b_conv300,78,4541877000.0,20352221396.725716
llama2-7b_conv300,79,4710427000.0,21033326835.920002
llama2-7b_conv300,80,4710427000.0,21167114691.920002
llama2-7b_conv300,81,4710427000.0,21300902547.920002
llama2-7b_conv300,82,4710427000.0,21434690403.920002
llama2-7b_conv300,83,4710427000.0,21568398387.920002
llama2-7b_conv300,84,4710427000.0,21702106371.920002
llama2-7b_conv300,85,4710427000.0,21835814355.920002
llama2-7b_conv300,86,4710427000.0,21969522339.920002
llama2-7b_conv300,87,4710427000.0,22103230323.920002
llama2-7b_conv300,88,4710427000.0,22236938307.920002
llama2-7b_conv300,89,4710427000.0,22370646291.920002
llama2-7b_conv300,90,4710427000.0,22504354275.920002
llama2-7b_conv300,91,4710427000.0,22638062259.920002
llama2-7b_conv300,92,4710427000.0,22771770243.920002
llama2-7b_conv300,93,4710427000.0,22905478227.920002
llama2-7b_conv300,94,4710427000.0,23039186211.920002
llama2-7b_conv300,95,4541877000.0,23172626675.920002
llama2-7b_conv300,96,4541877000.0,23306067139.920002
llama2-7b_conv300,97,4541877000.0,23439507603.920002
llama2-7b_conv300,98,4541877000.0,23572948067.920002
llama2-7b_conv300,99,4541877000.0,23706388531.920002
llama2-7b_conv300,100,4541877000.0,23839828995.920002
llama2-7b_conv300,101,4541877000.0,23973269459.920002
llama2-7b_conv300,102,4541877000.0,24106709923.920002
llama2-7b_conv300,103,4541877000.0,24240150387.920002
llama2-7b_conv300,104,4541877000.0,24373590851.920002
llama2-7b_conv300,105,4541877000.0,24507031315.920002
llama2-7b_conv300,106,4541877000.0,24640471779.920002
llama2-7b_conv300,107,4541877000.0,24773912243.920002
llama2-7b_conv300,108,4541877000.0,24907352707.920002
llama2-7b_conv300,109,4541877000.0,25040793171.920002
llama2-7b_conv300,110,4541877000.0,25174233635.920002
llama2-7b_conv300,111,4541877000.0,25307674099.920002
llama2-7b_conv300,112,4541877000.0,25441114563.920002
llama2-7b_conv300,113,4541877000.0,25574555027.920002
llama2-7b_conv300,114,4541877000.0,25707995491.920002
llama2-7b_conv300,115,4541877000.0,25841435955.920002
llama2-7b_conv300,116,4541877000.0,25974876419.920002
llama2-7b_conv300,117,4541877000.0,26108316883.920002
llama2-7b_conv300,118,4541877000.0,26241757347.920002
llama2-7b_conv300,119,4541877000.0,26375197811.920002
llama2-7b_conv300,120,4541877000.0,26508638275.920002
llama2-7b_conv300,121,4541877000.0,26642078739.920002
llama2-7b_conv300,122,4314579000.0,26772536035.920002
llama2-7b_conv300,123,4314579000.0,26902993331.920002
llama2-7b_conv300,124,4314579000.0,27033450627.920002
llama2-7b_conv300,125,4314579000.0,27163907923.920002
llama2-7b_conv300,126,4314579000.0,27294365219.920002
llama2-7b_conv300,127,4314579000.0,27424822515.920002
llama2-7b_conv300,128,4314579000.0,27555279811.920002
llama2-7b_conv300,129,4314579000.0,27685737107.920002
llama2-7b_conv300,130,4314579000.0,27816194403.920002
llama2-7b_conv300,131,4314579000.0,27946651699.920002
llama2-7b_conv300,132,4314579000.0,28077108995.920002
llama2-7b_conv300,133,4314579000.0,28207566291.920002
llama2-7b_conv300,134,4314579000.0,28338023587.920002
llama2-7b_conv300,135,4314579000.0,28468480883.920002
llama2-7b_conv300,136,4314579000.0,28598938179.920002
llama2-7b_conv300,137,4314579000.0,28729395475.920002
llama2-7b_conv300,138,4314579000.0,28859852771.920002
llama2-7b_conv300,139,4314579000.0,28990310067.920002
llama2-7b_conv300,140,4314579000.0,29120767363.920002
llama2-7b_conv300,141,4314579000.0,29251224659.920002
llama2-7b_conv300,142,4314579000.0,29381681955.920002
llama2-7b_conv300,143,4314579000.0,29512139251.920002
llama2-7b_conv300,144,4314579000.0,29642596547.920002
llama2-7b_conv300,145,4314579000.0,29773053843.920002
llama2-7b_conv300,146,4314579000.0,29903511139.920002
llama2-7b_conv300,147,4314579000.0,30033968435.920002
llama2-7b_conv300,148,4314579000.0,30164425731.920002
llama2-7b_conv300,149,4314579000.0,30294883027.920002
llama2-7b_conv300,150,4314579000.0,30425340323.920002
llama2-7b_conv300,151,4314579000.0,30555797619.920002
llama2-7b_conv300,152,4314579000.0,31339646863.920002
llama2-7b_conv300,153,5892655000.0,31342362511.920002
llama2-7b_conv300,154,5892655000.0,31471494751.920002
llama2-7b_conv300,155,5892655000.0,31600626991.920002
llama2-7b_conv300,156,5892655000.0,31729759231.920002
llama2-7b_conv300,157,5892655000.0,31858891471.920002
llama2-7b_conv300,158,5892655000.0,31988023711.920002
llama2-7b_conv300,159,5892655000.0,32117155951.920002
llama2-7b_conv300,160,5892655000.0,32246288191.920002
llama2-7b_conv300,161,5892655000.0,32375420431.920002
llama2-7b_conv300,162,5892655000.0,32504552671.920002
llama2-7b_conv300,163,5892655000.0,32633684911.920002
llama2-7b_conv300,164,5892655000.0,32762817151.920002
llama2-7b_conv300,165,5892655000.0,32891949391.920002
llama2-7b_conv300,166,5892655000.0,33021081631.920002
llama2-7b_conv300,167,5892655000.0,33150213871.920002
llama2-7b_conv300,168,5892655000.0,34839561383.942856
llama2-7b_conv300,169,6311529000.0,34842277031.942856
llama2-7b_conv300,170,6311529000.0,34972472183.942856
llama2-7b_conv300,171,6311529000.0,35102587463.942856
llama2-7b_conv300,172,6311529000.0,35233044759.942856
llama2-7b_conv300,173,6311529000.0,35363502055.942856
llama2-7b_conv300,174,6311529000.0,35493959351.942856
llama2-7b_conv300,175,6311529000.0,35624416647.942856
llama2-7b_conv300,176,6311529000.0,35754873943.942856
llama2-7b_conv300,177,6311529000.0,35885331239.942856
llama2-7b_conv300,178,6311529000.0,36015788535.942856
llama2-7b_conv300,179,6311529000.0,36146245831.942856
llama2-7b_conv300,180,6311529000.0,36276703127.942856
llama2-7b_conv300,181,6311529000.0,36407160423.942856
llama2-7b_conv300,182,6311529000.0,36537617719.942856
llama2-7b_conv300,183,6311529000.0,36668075015.942856
llama2-7b_conv300,184,6311529000.0,36798532311.942856
llama2-7b_conv300,185,6311529000.0,36928989607.942856
llama2-7b_conv300,186,6311529000.0,37059446903.942856
llama2-7b_conv300,187,6311529000.0,37189904199.942856
llama2-7b_conv300,188,6311529000.0,37320361495.942856
llama2-7b_conv300,189,6311529000.0,37450818791.942856
llama2-7b_conv300,190,6311529000.0,37581276087.942856
llama2-7b_conv300,191,6311529000.0,37711733383.942856
llama2-7b_conv300,192,6311529000.0,37842190679.942856
llama2-7b_conv300,193,6311529000.0,37972647975.942856
llama2-7b_conv300,194,6311529000.0,38103105271.942856
llama2-7b_conv300,195,6311529000.0,38233562567.942856
llama2-7b_conv300,196,6311529000.0,38364019863.942856
llama2-7b_conv300,197,6311529000.0,38494477159.942856
llama2-7b_conv300,198,6311529000.0,38624934455.942856
llama2-7b_conv300,199,6311529000.0,38755391751.942856
llama2-7b_conv300,200,6311529000.0,38885849047.942856
llama2-7b_conv300,201,6311529000.0,39016306343.942856
llama2-7b_conv300,202,6311529000.0,39146763639.942856
llama2-7b_conv300,203,6311529000.0,39277220935.942856
llama2-7b_conv300,204,6311529000.0,39407678231.942856
llama2-7b_conv300,205,6311529000.0,39538135527.942856
llama2-7b_conv300,206,6311529000.0,39668592823.942856
llama2-7b_conv300,207,6311529000.0,39799050119.942856
llama2-7b_conv300,208,6311529000.0,39929507415.942856
llama2-7b_conv300,209,6311529000.0,40059964711.942856
llama2-7b_conv300,210,6311529000.0,40190422007.942856
llama2-7b_conv300,211,6311529000.0,40320879303.942856
llama2-7b_conv300,212,6311529000.0,40451336599.942856
llama2-7b_conv300,213,6311529000.0,40581793895.942856
llama2-7b_conv300,214,6311529000.0,40712251191.942856
llama2-7b_conv300,215,6311529000.0,40842708487.942856
llama2-7b_conv300,216,6311529000.0,40973165783.942856
llama2-7b_conv300,217,6311529000.0,41103623079.942856
llama2-7b_conv300,218,6311529000.0,41234080375.942856
llama2-7b_conv300,219,6311529000.0,41364537671.942856
llama2-7b_conv300,220,6311529000.0,41494994967.942856
llama2-7b_conv300,221,6311529000.0,41625452263.942856
llama2-7b_conv300,222,6311529000.0,41755909559.942856
llama2-7b_conv300,223,6311529000.0,41886366855.942856
llama2-7b_conv300,224,6311529000.0,42016824151.942856
llama2-7b_conv300,225,6311529000.0,42147281447.942856
llama2-7b_conv300,226,6311529000.0,42277738743.942856
llama2-7b_conv300,227,6311529000.0,42408196039.942856
llama2-7b_conv300,228,6311529000.0,42538653335.942856
llama2-7b_conv300,229,6311529000.0,42669110631.942856
llama2-7b_conv300,230,6311529000.0,42799567927.942856
llama2-7b_conv300,231,6311529000.0,42930025223.942856
llama2-7b_conv300,232,6311529000.0,43060482519.942856
llama2-7b_conv300,233,6311529000.0,43190939815.942856
llama2-7b_conv300,234,6311529000.0,43321397111.942856
llama2-7b_conv300,235,6311529000.0,43451854407.942856
llama2-7b_conv300,236,6311529000.0,43582311703.942856
llama2-7b_conv300,237,6311529000.0,43712768999.942856
llama2-7b_conv300,238,6311529000.0,43843226295.942856
llama2-7b_conv300,239,6311529000.0,43973683591.942856
llama2-7b_conv300,240,6311529000.0,44104140887.942856
llama2-7b_conv300,241,6311529000.0,44234598183.942856
llama2-7b_conv300,242,6311529000.0,44365055479.942856
llama2-7b_conv300,243,6311529000.0,44495512775.942856
llama2-7b_conv300,244,6311529000.0,44625970071.942856
llama2-7b_conv300,245,6311529000.0,44756427367.942856
llama2-7b_conv300,246,6311529000.0,44886884663.942856
llama2-7b_conv300,247,6311529000.0,45017341959.942856
llama2-7b_conv300,248,6311529000.0,45147799255.942856
llama2-7b_conv300,249,6311529000.0,45278256551.942856
llama2-7b_conv300,250,6311529000.0,45408713847.942856
llama2-7b_conv300,251,6311529000.0,45539171143.942856
llama2-7b_conv300,252,6311529000.0,47617322048.87981
llama2-7b_conv300,253,7745497000.0,47620037696.87981
llama2-7b_conv300,254,7745497000.0,49586768185.87981
llama2-7b_conv300,255,7745497000.0,51455815246.87981
llama2-7b_conv300,256,7745497000.0,51588107550.87981
llama2-7b_conv300,257,7745497000.0,51720399854.87981
llama2-7b_conv300,258,7745497000.0,51852692158.87981
llama2-7b_conv300,259,7745497000.0,51984984462.87981
llama2-7b_conv300,260,7745497000.0,52117276766.87981
llama2-7b_conv300,261,7745497000.0,52249569070.87981
llama2-7b_conv300,262,7745497000.0,52381861374.87981
llama2-7b_conv300,263,7745497000.0,52514153678.87981
llama2-7b_conv300,264,7745497000.0,52646445982.87981
llama2-7b_conv300,265,7745497000.0,52778738286.87981
llama2-7b_conv300,266,7745497000.0,52911030590.87981
llama2-7b_conv300,267,7745497000.0,53043322894.87981
llama2-7b_conv300,268,7745497000.0,53175615198.87981
llama2-7b_conv300,269,7745497000.0,53307907502.87981
llama2-7b_conv300,270,7745497000.0,53440199806.87981
llama2-7b_conv300,271,7745497000.0,53572492110.87981
llama2-7b_conv300,272,7745497000.0,53704784414.87981
llama2-7b_conv300,273,7745497000.0,53837076718.87981
llama2-7b_conv300,274,7745497000.0,53969369022.87981
llama2-7b_conv300,275,7745497000.0,54101661326.87981
llama2-7b_conv300,276,7745497000.0,54233953630.87981
llama2-7b_conv300,277,7745497000.0,54366245934.87981
llama2-7b_conv300,278,7745497000.0,54498538238.87981
llama2-7b_conv300,279,7745497000.0,54630830542.87981
llama2-7b_conv300,280,7745497000.0,54763122846.87981
llama2-7b_conv300,281,7745497000.0,54895415150.87981
llama2-7b_conv300,282,7745497000.0,55027707454.87981
llama2-7b_conv300,283,7745497000.0,55159999758.87981
llama2-7b_conv300,284,7745497000.0,55292292062.87981
llama2-7b_conv300,285,7745497000.0,55424584366.87981
llama2-7b_conv300,286,7745497000.0,55556876670.87981
llama2-7b_conv300,287,7745497000.0,55689168974.87981
llama2-7b_conv300,288,7745497000.0,55821461278.87981
llama2-7b_conv300,289,7745497000.0,55953753582.87981
llama2-7b_conv300,290,7745497000.0,56086045886.87981
llama2-7b_conv300,291,7745497000.0,56218338190.87981
llama2-7b_conv300,292,7745497000.0,56350630494.87981
llama2-7b_conv300,293,7745497000.0,56482922798.87981
llama2-7b_conv300,294,7745497000.0,56615215102.87981
llama2-7b_conv300,295,7745497000.0,56747507406.87981
llama2-7b_conv300,296,7745497000.0,56879799710.87981
llama2-7b_conv300,297,7745497000.0,57012092014.87981
llama2-7b_conv300,298,8251431000.0,57853528983.53695
llama2-7b_conv300,299,8251431000.0,57987755879.53695
llama2-7b_conv300,300,8251431000.0,58121982775.53695
llama2-7b_conv300,301,8251431000.0,58256209671.53695
llama2-7b_conv300,302,8251431000.0,58390436567.53695
llama2-7b_conv300,303,8251431000.0,58524663463.53695
llama2-7b_conv300,304,8251431000.0,58658890359.53695
llama2-7b_conv300,305,8337078999.999999,59983310956.93695
llama2-7b_conv300,306,8337078999.999999,60118948156.93695
llama2-7b_conv300,307,8337078999.999999,60254585356.93695
llama2-7b_conv300,308,8337078999.999999,60390222556.93695
llama2-7b_conv300,309,8337078999.999999,60525859756.93695
llama2-7b_conv300,310,8337078999.999999,60661496956.93695
llama2-7b_conv300,311,8337078999.999999,60797134156.93695
llama2-7b_conv300,312,8337078999.999999,60932771356.93695
llama2-7b_conv300,313,8337078999.999999,61068408556.93695
llama2-7b_conv300,314,8337078999.999999,61204045756.93695
llama2-7b_conv300,315,8337078999.999999,61339682956.93695
llama2-7b_conv300,316,8464985000.0,62906035164.61124
llama2-7b_conv300,317,8464985000.0,63043082668.61124
llama2-7b_conv300,318,8464985000.0,63180050300.61124
llama2-7b_conv300,319,8464985000.0,63315687500.61124
llama2-7b_conv300,320,8464985000.0,63451324700.61124
llama2-7b_conv300,321,8464985000.0,63586961900.61124
llama2-7b_conv300,322,8464985000.0,63722599100.61124
llama2-7b_conv300,323,8464985000.0,63858236300.61124
llama2-7b_conv300,324,8464985000.0,63993873500.61124
llama2-7b_conv300,325,8464985000.0,64129510700.61124
llama2-7b_conv300,326,8464985000.0,64265147900.61124
llama2-7b_conv300,327,8464985000.0,64400785100.61124
llama2-7b_conv300,328,8464985000.0,64536422300.61124
llama2-7b_conv300,329,8464985000.0,64672059500.61124
llama2-7b_conv300,330,8464985000.0,64807696700.61124
llama2-7b_conv300,331,8464985000.0,64943333900.61124
llama2-7b_conv300,332,8464985000.0,65078971100.61124
llama2-7b_conv300,333,8464985000.0,65214608300.61124
llama2-7b_conv300,334,8464985000.0,65350245500.61124
llama2-7b_conv300,335,8464985000.0,65485882700.61124
llama2-7b_conv300,336,8464985000.0,65621519900.61124
llama2-7b_conv300,337,8464985000.0,65757157100.61124
llama2-7b_conv300,338,8464985000.0,65892794300.61124
llama2-7b_conv300,339,8700213000.0,68787828070.19981
llama2-7b_conv300,340,8700213000.0,68925399862.19981
llama2-7b_conv300,341,8700213000.0,69062971654.19981
llama2-7b_conv300,342,8700213000.0,69200543446.19981
llama2-7b_conv300,343,8700213000.0,69338115238.19981
llama2-7b_conv300,344,8700213000.0,69475687030.19981
llama2-7b_conv300,345,8700213000.0,69613258822.19981
llama2-7b_conv300,346,8700213000.0,69750830614.19981
llama2-7b_conv300,347,8700213000.0,69888402406.19981
llama2-7b_conv300,348,8700213000.0,70025974198.19981
llama2-7b_conv300,349,8700213000.0,70163466118.19981
llama2-7b_conv300,350,8700213000.0,70301300054.19981
llama2-7b_conv300,351,8700213000.0,70439133990.19981
llama2-7b_conv300,352,8700213000.0,70576967926.19981
llama2-7b_conv300,353,8700213000.0,70714801862.19981
llama2-7b_conv300,354,8700213000.0,70852635798.19981
llama2-7b_conv300,355,8700213000.0,70990469734.19981
llama2-7b_conv300,356,8700213000.0,71128303670.19981
llama2-7b_conv300,357,8700213000.0,71266137606.19981
llama2-7b_conv300,358,8700213000.0,71403971542.19981
llama2-7b_conv300,359,8700213000.0,71541805478.19981
llama2-7b_conv300,360,8700213000.0,71679639414.19981
llama2-7b_conv300,361,8700213000.0,71817473350.19981
llama2-7b_conv300,362,8700213000.0,71955227414.19981
llama2-7b_conv300,363,8700213000.0,72093323494.19981
llama2-7b_conv300,364,8700213000.0,72231419574.19981
llama2-7b_conv300,365,8700213000.0,72369515654.19981
llama2-7b_conv300,366,8700213000.0,72507611734.19981
llama2-7b_conv300,367,8700213000.0,72645707814.19981
llama2-7b_conv300,368,8700213000.0,72783803894.19981
llama2-7b_conv300,369,8700213000.0,72921899974.19981
llama2-7b_conv300,370,8700213000.0,73059996054.19981
llama2-7b_conv300,371,8700213000.0,73198092134.19981
llama2-7b_conv300,372,8700213000.0,73336188214.19981
llama2-7b_conv300,373,8700213000.0,73474284294.19981
llama2-7b_conv300,374,8700213000.0,73612380374.19981
llama2-7b_conv300,375,8700213000.0,73750476454.19981
llama2-7b_conv300,376,8700213000.0,73888572534.19981
llama2-7b_conv300,377,8700213000.0,74026668614.19981
llama2-7b_conv300,378,8700213000.0,74164764694.19981
llama2-7b_conv300,379,8700213000.0,74302860774.19981
llama2-7b_conv300,380,8700213000.0,74440956854.19981
llama2-7b_conv300,381,8700213000.0,74579052934.19981
llama2-7b_conv300,382,8700213000.0,74715214422.19981
llama2-7b_conv300,383,8700213000.0,74851375910.19981
llama2-7b_conv300,384,8700213000.0,74987537398.19981
llama2-7b_conv300,385,8700213000.0,75123698886.19981
llama2-7b_conv300,386,8700213000.0,75259860374.19981
llama2-7b_conv300,387,8700213000.0,75396021862.19981
llama2-7b_conv300,388,8700213000.0,75532183350.19981
llama2-7b_conv300,389,8700213000.0,75668344838.19981
llama2-7b_conv300,390,8700213000.0,75804506326.19981
llama2-7b_conv300,391,8700213000.0,75940667814.19981
llama2-7b_conv300,392,8700213000.0,76076829302.19981
llama2-7b_conv300,393,8700213000.0,76212990790.19981
llama2-7b_conv300,394,8700213000.0,76349152278.19981
llama2-7b_conv300,395,8700213000.0,76485313766.19981
llama2-7b_conv300,396,8700213000.0,76621475254.19981
llama2-7b_conv300,397,8700213000.0,76753604998.19981
llama2-7b_conv300,398,8700213000.0,76885734742.19981
llama2-7b_conv300,399,8700213000.0,77017864486.19981
llama2-7b_conv300,400,8700213000.0,77149994230.19981
llama2-7b_conv300,401,8700213000.0,77282123974.19981
llama2-7b_conv300,402,8700213000.0,77414253718.19981
llama2-7b_conv300,403,8700213000.0,77546383462.19981
llama2-7b_conv300,404,8700213000.0,77678513206.19981
llama2-7b_conv300,405,8700213000.0,77810642950.19981
llama2-7b_conv300,406,8700213000.0,77942772694.19981
llama2-7b_conv300,407,8700213000.0,78074902438.19981
llama2-7b_conv300,408,9427468000.0,80960799917.29695
llama2-7b_conv300,409,9427468000.0,81094864253.29695
llama2-7b_conv300,410,9427468000.0,81228928589.29695
llama2-7b_conv300,411,9427468000.0,81362992925.29695
llama2-7b_conv300,412,9427468000.0,81497057261.29695
llama2-7b_conv300,413,9427468000.0,81631121597.29695
llama2-7b_conv300,414,9427468000.0,81765185933.29695
llama2-7b_conv300,415,9427468000.0,81899250269.29695
llama2-7b_conv300,416,9427468000.0,82033314605.29695
llama2-7b_conv300,417,9427468000.0,82167378941.29695
llama2-7b_conv300,418,9427468000.0,82301443277.29695
llama2-7b_conv300,419,9427468000.0,82435507613.29695
llama2-7b_conv300,420,9427468000.0,82569571949.29695
llama2-7b_conv300,421,9582558000.0,84538015713.39981
llama2-7b_conv300,422,9582558000.0,86510653781.50267
llama2-7b_conv300,423,9582558000.0,88894935621.42267
llama2-7b_conv300,424,9582558000.0,89032769557.42267
llama2-7b_conv300,425,9582558000.0,89170603493.42267
llama2-7b_conv300,426,9582558000.0,89308437429.42267
llama2-7b_conv300,427,9582558000.0,89446271365.42267
llama2-7b_conv300,428,9582558000.0,89584105301.42267
llama2-7b_conv300,429,9582558000.0,89721939237.42267
llama2-7b_conv300,430,9582558000.0,89859773173.42267
llama2-7b_conv300,431,9582558000.0,89997607109.42267
llama2-7b_conv300,432,9582558000.0,90135441045.42267
llama2-7b_conv300,433,9582558000.0,90273274981.42267
llama2-7b_conv300,434,9582558000.0,90411108917.42267
llama2-7b_conv300,435,9582558000.0,90548942853.42267
llama2-7b_conv300,436,9582558000.0,90686776789.42267
llama2-7b_conv300,437,9582558000.0,90824610725.42267
llama2-7b_conv300,438,9582558000.0,90962444661.42267
llama2-7b_conv300,439,9582558000.0,91100278597.42267
llama2-7b_conv300,440,9582558000.0,91238112533.42267
llama2-7b_conv300,441,9582558000.0,91375946469.42267
llama2-7b_conv300,442,9582558000.0,91513780405.42267
llama2-7b_conv300,443,9582558000.0,91651614341.42267
llama2-7b_conv300,444,9582558000.0,91789448277.42267
llama2-7b_conv300,445,9582558000.0,91927282213.42267
llama2-7b_conv300,446,9582558000.0,92065116149.42267
llama2-7b_conv300,447,9582558000.0,92202950085.42267
llama2-7b_conv300,448,9582558000.0,92340784021.42267
llama2-7b_conv300,449,9582558000.0,92478617957.42267
llama2-7b_conv300,450,9582558000.0,92616451893.42267
llama2-7b_conv300,451,9582558000.0,92754285829.42267
llama2-7b_conv300,452,9582558000.0,92892119765.42267
llama2-7b_conv300,453,9582558000.0,93029953701.42267
llama2-7b_conv300,454,9582558000.0,93167787637.42267
llama2-7b_conv300,455,9582558000.0,93305621573.42267
llama2-7b_conv300,456,9582558000.0,93443375637.42267
llama2-7b_conv300,457,9582558000.0,93581471717.42267
llama2-7b_conv300,458,9582558000.0,93719567797.42267
llama2-7b_conv300,459,9582558000.0,93857663877.42267
llama2-7b_conv300,460,9582558000.0,93995759957.42267
llama2-7b_conv300,461,9582558000.0,94133856037.42267
llama2-7b_conv300,462,9582558000.0,94271952117.42267
llama2-7b_conv300,463,9582558000.0,94407851461.42267
llama2-7b_conv300,464,9582558000.0,94543750805.42267
llama2-7b_conv300,465,10106379000.0,96514029577.52553
llama2-7b_conv300,466,10106379000.0,98488502653.62839
llama2-7b_conv300,467,10106379000.0,100465502958.73125
llama2-7b_conv300,468,10106379000.0,102445292636.8341
llama2-7b_conv300,469,10106379000.0,103482355580.25696
llama2-7b_conv300,470,10106379000.0,103620252492.25696
llama2-7b_conv300,471,10106379000.0,103758149404.25696
llama2-7b_conv300,472,10106379000.0,103896046316.25696
llama2-7b_conv300,473,10106379000.0,104033943228.25696
llama2-7b_conv300,474,10106379000.0,104171840140.25696
llama2-7b_conv300,475,10106379000.0,104309737052.25696
llama2-7b_conv300,476,10106379000.0,104447633964.25696
llama2-7b_conv300,477,10106379000.0,104585530876.25696
llama2-7b_conv300,478,10106379000.0,104723427788.25696
llama2-7b_conv300,479,10106379000.0,104861324700.25696
llama2-7b_conv300,480,10106379000.0,104999221612.25696
llama2-7b_conv300,481,10106379000.0,105137118524.25696
llama2-7b_conv300,482,10106379000.0,105275015436.25696
llama2-7b_conv300,483,10106379000.0,105412912348.25696
llama2-7b_conv300,484,9582558000.0,105545204652.25696
llama2-7b_conv300,485,9582558000.0,105677496956.25696
llama2-7b_conv300,486,9582558000.0,105809789260.25696
llama2-7b_conv300,487,9582558000.0,105942081564.25696
llama2-7b_conv300,488,9582558000.0,106074373868.25696
llama2-7b_conv300,489,9582558000.0,106206666172.25696
llama2-7b_conv300,490,9582558000.0,106338958476.25696
llama2-7b_conv300,491,9582558000.0,106471250780.25696
llama2-7b_conv300,492,9582558000.0,106603543084.25696
llama2-7b_conv300,493,9582558000.0,106735835388.25696
llama2-7b_conv300,494,9582558000.0,106868127692.25696
llama2-7b_conv300,495,10546126000.0,107711446964.40553
llama2-7b_conv300,496,10546126000.0,107845673860.40553
llama2-7b_conv300,497,10546126000.0,107979900756.40553
llama2-7b_conv300,498,10546126000.0,108114127652.40553
llama2-7b_conv300,499,10546126000.0,108248354548.40553
llama2-7b_conv300,500,10546126000.0,108382581444.40553
llama2-7b_conv300,501,10546126000.0,108516808340.40553
llama2-7b_conv300,502,10546126000.0,108651035236.40553
llama2-7b_conv300,503,10546126000.0,108785262132.40553
llama2-7b_conv300,504,10546126000.0,108919489028.40553
llama2-7b_conv300,505,10546126000.0,109053715924.40553
llama2-7b_conv300,506,10546126000.0,109187942820.40553
llama2-7b_conv300,507,10546126000.0,109322169716.40553
llama2-7b_conv300,508,10546126000.0,109456396612.40553
llama2-7b_conv300,509,10546126000.0,109590623508.40553
llama2-7b_conv300,510,10546126000.0,109724850404.40553
llama2-7b_conv300,511,10546126000.0,109859077300.40553
llama2-7b_conv300,512,10546126000.0,109993304196.40553
llama2-7b_conv300,513,10546126000.0,110127531092.40553
llama2-7b_conv300,514,10546126000.0,110261757988.40553
llama2-7b_conv300,515,10546126000.0,110395905012.40553
llama2-7b_conv300,516,10546126000.0,110530394052.40553
llama2-7b_conv300,517,10546126000.0,110664883092.40553
llama2-7b_conv300,518,10546126000.0,110799372132.40553
llama2-7b_conv300,519,10546126000.0,110933861172.40553
llama2-7b_conv300,520,10546126000.0,111068350212.40553
llama2-7b_conv300,521,10546126000.0,111202839252.40553
llama2-7b_conv300,522,10546126000.0,111337328292.40553
llama2-7b_conv300,523,10546126000.0,111471817332.40553
llama2-7b_conv300,524,10546126000.0,111606306372.40553
llama2-7b_conv300,525,10546126000.0,111740795412.40553
llama2-7b_conv300,526,10546126000.0,111875284452.40553
llama2-7b_conv300,527,10546126000.0,112009773492.40553
llama2-7b_conv300,528,10546126000.0,112144262532.40553
llama2-7b_conv300,529,10546126000.0,112278751572.40553
llama2-7b_conv300,530,10546126000.0,112413240612.40553
llama2-7b_conv300,531,10546126000.0,112547729652.40553
llama2-7b_conv300,532,10546126000.0,112682218692.40553
llama2-7b_conv300,533,10546126000.0,112816707732.40553
llama2-7b_conv300,534,10546126000.0,112951196772.40553
llama2-7b_conv300,535,10546126000.0,113085685812.40553
llama2-7b_conv300,536,10546126000.0,113220174852.40553
llama2-7b_conv300,537,10546126000.0,113354663892.40553
llama2-7b_conv300,538,10546126000.0,113489152932.40553
llama2-7b_conv300,539,10546126000.0,113623641972.40553
llama2-7b_conv300,540,10546126000.0,113758131012.40553
llama2-7b_conv300,541,10546126000.0,113892620052.40553
llama2-7b_conv300,542,10546126000.0,114027109092.40553
llama2-7b_conv300,543,10546126000.0,114161598132.40553
llama2-7b_conv300,544,10546126000.0,114296087172.40553
llama2-7b_conv300,545,10546126000.0,114430576212.40553
llama2-7b_conv300,546,10546126000.0,114565065252.40553
llama2-7b_conv300,547,10546126000.0,114699554292.40553
llama2-7b_conv300,548,10546126000.0,114834043332.40553
llama2-7b_conv300,549,10546126000.0,114968532372.40553
llama2-7b_conv300,550,10546126000.0,115103021412.40553
llama2-7b_conv300,551,10546126000.0,115237510452.40553
llama2-7b_conv300,552,10546126000.0,115371999492.40553
llama2-7b_conv300,553,10546126000.0,115506488532.40553
llama2-7b_conv300,554,11157911000.0,119297899339.82268
llama2-7b_conv300,555,11157911000.0,119434322971.82268
llama2-7b_conv300,556,11157911000.0,119570746603.82268
llama2-7b_conv300,557,11157911000.0,119707170235.82268
llama2-7b_conv300,558,11157911000.0,119843593867.82268
llama2-7b_conv300,559,11157911000.0,119980017499.82268
llama2-7b_conv300,560,11157911000.0,120116441131.82268
llama2-7b_conv300,561,11157911000.0,120252864763.82268
llama2-7b_conv300,562,11157911000.0,120389288395.82268
llama2-7b_conv300,563,11157911000.0,120525712027.82268
llama2-7b_conv300,564,11157911000.0,120662135659.82268
llama2-7b_conv300,565,11157911000.0,120798559291.82268
llama2-7b_conv300,566,11157911000.0,120934982923.82268
llama2-7b_conv300,567,11157911000.0,121071406555.82268
llama2-7b_conv300,568,11157911000.0,121207830187.82268
llama2-7b_conv300,569,11157911000.0,121344253819.82268
llama2-7b_conv300,570,11157911000.0,121480677451.82268
llama2-7b_conv300,571,11157911000.0,121617101083.82268
llama2-7b_conv300,572,11157911000.0,121753524715.82268
llama2-7b_conv300,573,11157911000.0,121889948347.82268
llama2-7b_conv300,574,11157911000.0,122026371979.82268
llama2-7b_conv300,575,11157911000.0,122162795611.82268
llama2-7b_conv300,576,11157911000.0,122299219243.82268
llama2-7b_conv300,577,11157911000.0,122435642875.82268
llama2-7b_conv300,578,11157911000.0,122572066507.82268
llama2-7b_conv300,579,11430904000.0,123213010524.75983
llama2-7b_conv300,580,11430904000.0,123349734444.75983
llama2-7b_conv300,581,11430904000.0,123486458364.75983
llama2-7b_conv300,582,11430904000.0,123623182284.75983
llama2-7b_conv300,583,11430904000.0,123759906204.75983
llama2-7b_conv300,584,11430904000.0,123896630124.75983
llama2-7b_conv300,585,11430904000.0,124031419452.75983
llama2-7b_conv300,586,11430904000.0,124166976780.75983
llama2-7b_conv300,587,11430904000.0,124302876124.75983
llama2-7b_conv300,588,11430904000.0,124438775468.75983
llama2-7b_conv300,589,11430904000.0,124574674812.75983
llama2-7b_conv300,590,11430904000.0,124710574156.75983
llama2-7b_conv300,591,11157911000.0,124845063196.75983
llama2-7b_conv300,592,11157911000.0,124979552236.75983
llama2-7b_conv300,593,11157911000.0,125114041276.75983
llama2-7b_conv300,594,11157911000.0,125248530316.75983
llama2-7b_conv300,595,11157911000.0,125383019356.75983
llama2-7b_conv300,596,11157911000.0,125517508396.75983
llama2-7b_conv300,597,11157911000.0,125647965692.75983
llama2-7b_conv300,598,11157911000.0,125778422988.75983
llama2-7b_conv300,599,11157911000.0,125908880284.75983
llama2-7b_conv300,600,11157911000.0,126039337580.75983
llama2-7b_conv300,601,11157911000.0,126169794876.75983
llama2-7b_conv300,602,11157911000.0,126300252172.75983
llama2-7b_conv300,603,11157911000.0,126430709468.75983
llama2-7b_conv300,604,11157911000.0,126561166764.75983
llama2-7b_conv300,605,11157911000.0,126691624060.75983
llama2-7b_conv300,606,11157911000.0,126822081356.75983
llama2-7b_conv300,607,11157911000.0,126952538652.75983
llama2-7b_conv300,608,11157911000.0,127082995948.75983
llama2-7b_conv300,609,11157911000.0,127213453244.75983
llama2-7b_conv300,610,11157911000.0,127343910540.75983
llama2-7b_conv300,611,11157911000.0,127474367836.75983
llama2-7b_conv300,612,11157911000.0,127604825132.75983
llama2-7b_conv300,613,11157911000.0,127735282428.75983
llama2-7b_conv300,614,11157911000.0,127865739724.75983
llama2-7b_conv300,615,11157911000.0,127996197020.75983
llama2-7b_conv300,616,11157911000.0,128126654316.75983
llama2-7b_conv300,617,11157911000.0,128257111612.75983
llama2-7b_conv300,618,11157911000.0,128387568908.75983
llama2-7b_conv300,619,11157911000.0,128518026204.75983
llama2-7b_conv300,620,11836633000.0,131359022836.07983
llama2-7b_conv300,621,11836633000.0,131491152580.07983
llama2-7b_conv300,622,11836633000.0,131623282324.07983
llama2-7b_conv300,623,11836633000.0,131755412068.07983
llama2-7b_conv300,624,11836633000.0,131887541812.07983
llama2-7b_conv300,625,11836633000.0,132019671556.07983
llama2-7b_conv300,626,11836633000.0,132151801300.07983
llama2-7b_conv300,627,11836633000.0,132283931044.07983
llama2-7b_conv300,628,11836633000.0,132416060788.07983
llama2-7b_conv300,629,11836633000.0,132548190532.07983
llama2-7b_conv300,630,11836633000.0,132680320276.07983
llama2-7b_conv300,631,11836633000.0,132812450020.07983
llama2-7b_conv300,632,11836633000.0,132944579764.07983
llama2-7b_conv300,633,11836633000.0,133076709508.07983
llama2-7b_conv300,634,11836633000.0,133208759380.07983
llama2-7b_conv300,635,11836633000.0,133341151268.07983
llama2-7b_conv300,636,11836633000.0,133473543156.07983
llama2-7b_conv300,637,11836633000.0,133605935044.07983
llama2-7b_conv300,638,11836633000.0,133738326932.07983
llama2-7b_conv300,639,11836633000.0,133870718820.07983
llama2-7b_conv300,640,11836633000.0,134003110708.07983
llama2-7b_conv300,641,11836633000.0,134135502596.07983
llama2-7b_conv300,642,11836633000.0,134267894484.07983
llama2-7b_conv300,643,11836633000.0,134400286372.07983
llama2-7b_conv300,644,11836633000.0,134532678260.07983
llama2-7b_conv300,645,11836633000.0,134665070148.07983
llama2-7b_conv300,646,11836633000.0,134797462036.07983
llama2-7b_conv300,647,11836633000.0,134929853924.07983
llama2-7b_conv300,648,11836633000.0,135062245812.07983
llama2-7b_conv300,649,11836633000.0,135194637700.07983
llama2-7b_conv300,650,11836633000.0,135326949716.07983
llama2-7b_conv300,651,11836633000.0,135459603748.07983
llama2-7b_conv300,652,11836633000.0,135592257780.07983
llama2-7b_conv300,653,11836633000.0,135724911812.07983
llama2-7b_conv300,654,11836633000.0,135857565844.07983
llama2-7b_conv300,655,11836633000.0,135990219876.07983
llama2-7b_conv300,656,11836633000.0,136122873908.07983
llama2-7b_conv300,657,11836633000.0,136255527940.07983
llama2-7b_conv300,658,11836633000.0,136388181972.07983
llama2-7b_conv300,659,11836633000.0,136520836004.07983
llama2-7b_conv300,660,11836633000.0,136651293300.07983
llama2-7b_conv300,661,11836633000.0,136781750596.07983
llama2-7b_conv300,662,11836633000.0,136912207892.07983
llama2-7b_conv300,663,11836633000.0,137042665188.07983
llama2-7b_conv300,664,11836633000.0,137173122484.07983
llama2-7b_conv300,665,11836633000.0,137303579780.07983
llama2-7b_conv300,666,11836633000.0,137434037076.07983
llama2-7b_conv300,667,11836633000.0,137564494372.07983
llama2-7b_conv300,668,11836633000.0,137694951668.07983
llama2-7b_conv300,669,11836633000.0,137825408964.07983
llama2-7b_conv300,670,11836633000.0,137955866260.07983
llama2-7b_conv300,671,11836633000.0,138086323556.07983
llama2-7b_conv300,672,11836633000.0,138216780852.07983
llama2-7b_conv300,673,11836633000.0,138347238148.07983
llama2-7b_conv300,674,11836633000.0,138477695444.07983
llama2-7b_conv300,675,11836633000.0,138608152740.07983
llama2-7b_conv300,676,11836633000.0,138738610036.07983
llama2-7b_conv300,677,11836633000.0,138869067332.07983
llama2-7b_conv300,678,11836633000.0,138999524628.07983
llama2-7b_conv300,679,11836633000.0,139129981924.07983
llama2-7b_conv300,680,11836633000.0,139260439220.07983
llama2-7b_conv300,681,11836633000.0,139390896516.07983
llama2-7b_conv300,682,11836633000.0,139521353812.07983
llama2-7b_conv300,683,11836633000.0,139651811108.07983
llama2-7b_conv300,684,11836633000.0,139782268404.07983
llama2-7b_conv300,685,11836633000.0,139912725700.07983
llama2-7b_conv300,686,11836633000.0,140043182996.07983
llama2-7b_conv300,687,11836633000.0,140173640292.07983
llama2-7b_conv300,688,11836633000.0,140304097588.07983
llama2-7b_conv300,689,11836633000.0,140434554884.07983
llama2-7b_conv300,690,11836633000.0,140565012180.07983
llama2-7b_conv300,691,11836633000.0,140695469476.07983
llama2-7b_conv300,692,11836633000.0,140825926772.07983
llama2-7b_conv300,693,11836633000.0,142470595980.1027
llama2-7b_conv300,694,12886545000.0,142473311628.1027
llama2-7b_conv300,695,12886545000.0,142603244636.1027
llama2-7b_conv300,696,12886545000.0,142733177644.1027
llama2-7b_conv300,697,12886545000.0,142863110652.1027
llama2-7b_conv300,698,12886545000.0,142993043660.1027
llama2-7b_conv300,699,12886545000.0,143122976668.1027
llama2-7b_conv300,700,12886545000.0,143252909676.1027
llama2-7b_conv300,701,12886545000.0,143382842684.1027
llama2-7b_conv300,702,12886545000.0,143512775692.1027
llama2-7b_conv300,703,12886545000.0,143642708700.1027
llama2-7b_conv300,704,12886545000.0,143772641708.1027
llama2-7b_conv300,705,12886545000.0,143902574716.1027
llama2-7b_conv300,706,12886545000.0,144032507724.1027
llama2-7b_conv300,707,12886545000.0,144162440732.1027
llama2-7b_conv300,708,13025088000.0,146127288202.20554
llama2-7b_conv300,709,13025088000.0,148096329976.30838
llama2-7b_conv300,710,13049843000.0,150067300969.41122
llama2-7b_conv300,711,13049843000.0,150219294009.41122
llama2-7b_conv300,712,13049843000.0,150354406921.41122
llama2-7b_conv300,713,13049843000.0,150489519833.41122
llama2-7b_conv300,714,13049843000.0,150624632745.41122
llama2-7b_conv300,715,13049843000.0,150759745657.41122
llama2-7b_conv300,716,13049843000.0,150894858569.41122
llama2-7b_conv300,717,13049843000.0,151029971481.41122
llama2-7b_conv300,718,13049843000.0,151165084393.41122
llama2-7b_conv300,719,13049843000.0,151300197305.41122
llama2-7b_conv300,720,13049843000.0,151435310217.41122
llama2-7b_conv300,721,13049843000.0,151570423129.41122
llama2-7b_conv300,722,13049843000.0,151705536041.41122
llama2-7b_conv300,723,13049843000.0,151840648953.41122
llama2-7b_conv300,724,13049843000.0,151975761865.41122
llama2-7b_conv300,725,13049843000.0,152110874777.41122
llama2-7b_conv300,726,13049843000.0,152245987689.41122
llama2-7b_conv300,727,13049843000.0,152381100601.41122
llama2-7b_conv300,728,13049843000.0,152516213513.41122
llama2-7b_conv300,729,13049843000.0,152651326425.41122
llama2-7b_conv300,730,13049843000.0,152786439337.41122
llama2-7b_conv300,731,13049843000.0,152921552249.41122
llama2-7b_conv300,732,13049843000.0,153056665161.41122
llama2-7b_conv300,733,13049843000.0,153191778073.41122
llama2-7b_conv300,734,13049843000.0,153326890985.41122
llama2-7b_conv300,735,13049843000.0,153462003897.41122
llama2-7b_conv300,736,13049843000.0,153597116809.41122
llama2-7b_conv300,737,13049843000.0,153732229721.41122
llama2-7b_conv300,738,13049843000.0,153867342633.41122
llama2-7b_conv300,739,13049843000.0,154002455545.41122
llama2-7b_conv300,740,13049843000.0,154137568457.41122
llama2-7b_conv300,741,13049843000.0,154272681369.41122
llama2-7b_conv300,742,13049843000.0,154407794281.41122
llama2-7b_conv300,743,13049843000.0,154542827321.41122
llama2-7b_conv300,744,13049843000.0,154678202377.41122
llama2-7b_conv300,745,13049843000.0,154813577433.41122
llama2-7b_conv300,746,13049843000.0,154948952489.41122
llama2-7b_conv300,747,13049843000.0,155084327545.41122
llama2-7b_conv300,748,13049843000.0,155219702601.41122
llama2-7b_conv300,749,13049843000.0,155355077657.41122
llama2-7b_conv300,750,13049843000.0,155490452713.41122
llama2-7b_conv300,751,13049843000.0,155625827769.41122
llama2-7b_conv300,752,13049843000.0,155761202825.41122
llama2-7b_conv300,753,13049843000.0,155896577881.41122
llama2-7b_conv300,754,13049843000.0,156031952937.41122
llama2-7b_conv300,755,13049843000.0,156167327993.41122
llama2-7b_conv300,756,13049843000.0,156302703049.41122
llama2-7b_conv300,757,13049843000.0,156438078105.41122
llama2-7b_conv300,758,13049843000.0,156573453161.41122
llama2-7b_conv300,759,13049843000.0,156708828217.41122
llama2-7b_conv300,760,13049843000.0,156844203273.41122
llama2-7b_conv300,761,13049843000.0,156979578329.41122
llama2-7b_conv300,762,13049843000.0,157114953385.41122
llama2-7b_conv300,763,13049843000.0,157250328441.41122
llama2-7b_conv300,764,13049843000.0,157385623625.41122
llama2-7b_conv300,765,13049843000.0,157521260825.41122
llama2-7b_conv300,766,13049843000.0,157656898025.41122
llama2-7b_conv300,767,13049843000.0,157792535225.41122
llama2-7b_conv300,768,13049843000.0,157928172425.41122
llama2-7b_conv300,769,13049843000.0,158063729753.41122
llama2-7b_conv300,770,13049843000.0,158199629097.41122
llama2-7b_conv300,771,13049843000.0,158335528441.41122
llama2-7b_conv300,772,13049843000.0,158471427785.41122
llama2-7b_conv300,773,13049843000.0,158607327129.41122
llama2-7b_conv300,774,13049843000.0,158743226473.41122
llama2-7b_conv300,775,13049843000.0,158879125817.41122
llama2-7b_conv300,776,13049843000.0,159015025161.41122
llama2-7b_conv300,777,13049843000.0,159150924505.41122
llama2-7b_conv300,778,13049843000.0,159286823849.41122
llama2-7b_conv300,779,13049843000.0,159422723193.41122
llama2-7b_conv300,780,13049843000.0,159558622537.41122
llama2-7b_conv300,781,13049843000.0,159694521881.41122
llama2-7b_conv300,782,13049843000.0,159830421225.41122
llama2-7b_conv300,783,13049843000.0,159966320569.41122
llama2-7b_conv300,784,13049843000.0,160102219913.41122
llama2-7b_conv300,785,13049843000.0,160238119257.41122
llama2-7b_conv300,786,13049843000.0,160374018601.41122
llama2-7b_conv300,787,13049843000.0,160509917945.41122
llama2-7b_conv300,788,13049843000.0,160645817289.41122
llama2-7b_conv300,789,13049843000.0,160781716633.41122
llama2-7b_conv300,790,13049843000.0,160917615977.41122
llama2-7b_conv300,791,13049843000.0,161053515321.41122
llama2-7b_conv300,792,13049843000.0,161189414665.41122
llama2-7b_conv300,793,13049843000.0,161325314009.41122
llama2-7b_conv300,794,13049843000.0,161461213353.41122
llama2-7b_conv300,795,13049843000.0,161597112697.41122
llama2-7b_conv300,796,13049843000.0,161733012041.41122
llama2-7b_conv300,797,13049843000.0,161868911385.41122
llama2-7b_conv300,798,13049843000.0,162004810729.41122
llama2-7b_conv300,799,13049843000.0,162140710073.41122
llama2-7b_conv300,800,13049843000.0,162276609417.41122
llama2-7b_conv300,801,13049843000.0,162412508761.41122
llama2-7b_conv300,802,13049843000.0,162548408105.41122
llama2-7b_conv300,803,13049843000.0,162684307449.41122
llama2-7b_conv300,804,14059550000.0,163720901598.3255
llama2-7b_conv300,805,14059550000.0,163858211246.3255
llama2-7b_conv300,806,14059550000.0,163995520894.3255
llama2-7b_conv300,807,14097780000.0,166862477549.45694
llama2-7b_conv300,808,14097780000.0,167001721789.45694
llama2-7b_conv300,809,14097780000.0,167140966029.45694
llama2-7b_conv300,810,14097780000.0,167280210269.45694
llama2-7b_conv300,811,14097780000.0,167419454509.45694
llama2-7b_conv300,812,14097780000.0,167558698749.45694
llama2-7b_conv300,813,14097780000.0,167697942989.45694
llama2-7b_conv300,814,14097780000.0,167837187229.45694
llama2-7b_conv300,815,14097780000.0,167976431469.45694
llama2-7b_conv300,816,14097780000.0,168115675709.45694
llama2-7b_conv300,817,14097780000.0,168254919949.45694
llama2-7b_conv300,818,14097780000.0,168394164189.45694
llama2-7b_conv300,819,14097780000.0,168533408429.45694
llama2-7b_conv300,820,14097780000.0,168672652669.45694
llama2-7b_conv300,821,14097780000.0,168811896909.45694
llama2-7b_conv300,822,14097780000.0,168951141149.45694
llama2-7b_conv300,823,14097780000.0,169090385389.45694
llama2-7b_conv300,824,14293309000.0,171063474023.55978
llama2-7b_conv300,825,14293309000.0,173040756961.66263
llama2-7b_conv300,826,14293309000.0,175022234203.76547
llama2-7b_conv300,827,14293309000.0,177007905749.86832
llama2-7b_conv300,828,14293309000.0,178997771599.97116
llama2-7b_conv300,829,14293309000.0,180991831754.074
llama2-7b_conv300,830,14293309000.0,182990086212.17685
llama2-7b_conv300,831,14293309000.0,185724549039.4683
llama2-7b_conv300,832,14293309000.0,185873067903.4683
llama2-7b_conv300,833,14293309000.0,186021586767.4683
llama2-7b_conv300,834,14293309000.0,186170105631.4683
llama2-7b_conv300,835,14293309000.0,186318624495.4683
llama2-7b_conv300,836,14293309000.0,186467143359.4683
llama2-7b_conv300,837,14293309000.0,186615662223.4683
llama2-7b_conv300,838,14293309000.0,186764181087.4683
llama2-7b_conv300,839,14293309000.0,186912699951.4683
llama2-7b_conv300,840,14293309000.0,187061218815.4683
llama2-7b_conv300,841,14293309000.0,187209737679.4683
llama2-7b_conv300,842,14293309000.0,187358256543.4683
llama2-7b_conv300,843,14293309000.0,187506775407.4683
llama2-7b_conv300,844,14293309000.0,187655294271.4683
llama2-7b_conv300,845,14293309000.0,187803813135.4683
llama2-7b_conv300,846,14293309000.0,187952331999.4683
llama2-7b_conv300,847,14293309000.0,188100850863.4683
llama2-7b_conv300,848,14293309000.0,188249369727.4683
llama2-7b_conv300,849,14293309000.0,188397888591.4683
llama2-7b_conv300,850,14293309000.0,188546407455.4683
llama2-7b_conv300,851,14293309000.0,188694926319.4683
llama2-7b_conv300,852,14293309000.0,188839413439.4683
llama2-7b_conv300,853,14293309000.0,188983900559.4683
llama2-7b_conv300,854,14293309000.0,189128387679.4683
llama2-7b_conv300,855,14293309000.0,189272874799.4683
llama2-7b_conv300,856,14293309000.0,189415689471.4683
llama2-7b_conv300,857,14293309000.0,189558504143.4683
llama2-7b_conv300,858,14293309000.0,189701318815.4683
llama2-7b_conv300,859,14293309000.0,189844133487.4683
llama2-7b_conv300,860,14293309000.0,189986948159.4683
llama2-7b_conv300,861,14293309000.0,190127828239.4683
llama2-7b_conv300,862,14293309000.0,190268708319.4683
llama2-7b_conv300,863,14293309000.0,190407915951.4683
llama2-7b_conv300,864,14293309000.0,190547123583.4683
llama2-7b_conv300,865,14293309000.0,190686331215.4683
llama2-7b_conv300,866,14293309000.0,190825538847.4683
llama2-7b_conv300,867,14293309000.0,190964746479.4683
llama2-7b_conv300,868,14293309000.0,191103954111.4683
llama2-7b_conv300,869,14293309000.0,191243161743.4683
llama2-7b_conv300,870,14293309000.0,191382369375.4683
llama2-7b_conv300,871,14293309000.0,191521577007.4683
llama2-7b_conv300,872,14293309000.0,191660784639.4683
llama2-7b_conv300,873,14293309000.0,191799992271.4683
llama2-7b_conv300,874,14293309000.0,191939199903.4683
llama2-7b_conv300,875,14293309000.0,192078407535.4683
llama2-7b_conv300,876,14293309000.0,192217615167.4683
llama2-7b_conv300,877,14293309000.0,192356822799.4683
llama2-7b_conv300,878,14293309000.0,192495950559.4683
llama2-7b_conv300,879,14293309000.0,192635420335.4683
llama2-7b_conv300,880,14293309000.0,192774890111.4683
llama2-7b_conv300,881,14293309000.0,192914359887.4683
llama2-7b_conv300,882,14293309000.0,193053829663.4683
llama2-7b_conv300,883,14293309000.0,193193299439.4683
llama2-7b_conv300,884,14293309000.0,193332769215.4683
llama2-7b_conv300,885,14293309000.0,193472238991.4683
llama2-7b_conv300,886,14293309000.0,193611708767.4683
llama2-7b_conv300,887,14293309000.0,193751178543.4683
llama2-7b_conv300,888,14293309000.0,193890648319.4683
llama2-7b_conv300,889,14293309000.0,194030118095.4683
llama2-7b_conv300,890,14293309000.0,194169587871.4683
llama2-7b_conv300,891,14293309000.0,194309057647.4683
llama2-7b_conv300,892,14293309000.0,194448447551.4683
llama2-7b_conv300,893,14059550000.0,194578642703.4683
llama2-7b_conv300,894,14059550000.0,194708837855.4683
llama2-7b_conv300,895,14059550000.0,194839033007.4683
llama2-7b_conv300,896,14059550000.0,194969228159.4683
llama2-7b_conv300,897,14059550000.0,195099423311.4683
llama2-7b_conv300,898,14059550000.0,195229618463.4683
llama2-7b_conv300,899,14059550000.0,195359813615.4683
llama2-7b_conv300,900,14059550000.0,195490008767.4683
llama2-7b_conv300,901,14059550000.0,195620203919.4683
llama2-7b_conv300,902,14059550000.0,195750399071.4683
llama2-7b_conv300,903,14059550000.0,195880594223.4683
llama2-7b_conv300,904,14059550000.0,196010789375.4683
llama2-7b_conv300,905,14059550000.0,196140984527.4683
llama2-7b_conv300,906,14059550000.0,196271179679.4683
llama2-7b_conv300,907,14059550000.0,196401374831.4683
llama2-7b_conv300,908,14059550000.0,196531569983.4683
llama2-7b_conv300,909,14059550000.0,196661765135.4683
llama2-7b_conv300,910,14059550000.0,196791960287.4683
llama2-7b_conv300,911,14059550000.0,196922155439.4683
llama2-7b_conv300,912,14059550000.0,197052350591.4683
llama2-7b_conv300,913,14059550000.0,197182545743.4683
llama2-7b_conv300,914,14059550000.0,197312740895.4683
llama2-7b_conv300,915,14059550000.0,197442936047.4683
llama2-7b_conv300,916,14059550000.0,197573131199.4683
llama2-7b_conv300,917,14059550000.0,197703326351.4683
llama2-7b_conv300,918,14059550000.0,197833521503.4683
llama2-7b_conv300,919,14059550000.0,197963716655.4683
llama2-7b_conv300,920,14059550000.0,198093911807.4683
llama2-7b_conv300,921,14059550000.0,198224106959.4683
llama2-7b_conv300,922,14059550000.0,198354302111.4683
llama2-7b_conv300,923,14059550000.0,198484497263.4683
llama2-7b_conv300,924,14059550000.0,198614692415.4683
llama2-7b_conv300,925,14059550000.0,198744887567.4683
llama2-7b_conv300,926,14059550000.0,198875082719.4683
llama2-7b_conv300,927,14059550000.0,199005277871.4683
llama2-7b_conv300,928,14059550000.0,199135473023.4683
llama2-7b_conv300,929,14059550000.0,199265668175.4683
llama2-7b_conv300,930,14059550000.0,199395863327.4683
llama2-7b_conv300,931,14059550000.0,199526058479.4683
llama2-7b_conv300,932,14059550000.0,199656253631.4683
llama2-7b_conv300,933,14059550000.0,199786448783.4683
llama2-7b_conv300,934,14059550000.0,199916643935.4683
llama2-7b_conv300,935,14059550000.0,200046839087.4683
llama2-7b_conv300,936,14059550000.0,200177034239.4683
llama2-7b_conv300,937,14059550000.0,200307229391.4683
llama2-7b_conv300,938,14059550000.0,200437424543.4683
llama2-7b_conv300,939,14059550000.0,200567619695.4683
llama2-7b_conv300,940,14059550000.0,200697814847.4683
llama2-7b_conv300,941,14059550000.0,200828009999.4683
llama2-7b_conv300,942,14059550000.0,200958205151.4683
llama2-7b_conv300,943,14059550000.0,201088400303.4683
llama2-7b_conv300,944,14059550000.0,201218595455.4683
llama2-7b_conv300,945,14059550000.0,201348790607.4683
llama2-7b_conv300,946,14059550000.0,201478985759.4683
llama2-7b_conv300,947,14059550000.0,201609180911.4683
llama2-7b_conv300,948,14059550000.0,201739376063.4683
llama2-7b_conv300,949,14059550000.0,201869571215.4683
llama2-7b_conv300,950,14059550000.0,201999766367.4683
llama2-7b_conv300,951,14059550000.0,202129961519.4683
llama2-7b_conv300,952,14059550000.0,202260156671.4683
llama2-7b_conv300,953,14059550000.0,202390351823.4683
llama2-7b_conv300,954,14059550000.0,202520546975.4683
llama2-7b_conv300,955,14059550000.0,202650742127.4683
llama2-7b_conv300,956,14059550000.0,202780937279.4683
llama2-7b_conv300,957,14059550000.0,204858826040.40622
llama2-7b_conv300,958,17420918000.0,204861541688.40622
llama2-7b_conv300,959,17420918000.0,206828272177.40622
llama2-7b_conv300,960,17420918000.0,208799196970.40622
llama2-7b_conv300,961,17420918000.0,210774316067.40622
llama2-7b_conv300,962,17420918000.0,212753629468.40622
llama2-7b_conv300,963,17420918000.0,212926874444.40622
llama2-7b_conv300,964,17420918000.0,213061788188.40622
llama2-7b_conv300,965,17420918000.0,213196701932.40622
llama2-7b_conv300,966,17420918000.0,213331615676.40622
llama2-7b_conv300,967,17420918000.0,213466529420.40622
llama2-7b_conv300,968,17420918000.0,213601443164.40622
llama2-7b_conv300,969,17420918000.0,213736356908.40622
llama2-7b_conv300,970,17420918000.0,213871270652.40622
llama2-7b_conv300,971,17420918000.0,214006184396.40622
llama2-7b_conv300,972,17420918000.0,214141098140.40622
llama2-7b_conv300,973,17420918000.0,214276011884.40622
llama2-7b_conv300,974,17420918000.0,214410925628.40622
llama2-7b_conv300,975,17420918000.0,214545839372.40622
llama2-7b_conv300,976,17420918000.0,214680753116.40622
llama2-7b_conv300,977,17420918000.0,214815666860.40622
llama2-7b_conv300,978,17420918000.0,214950580604.40622
llama2-7b_conv300,979,17420918000.0,215085494348.40622
llama2-7b_conv300,980,17792938000.0,216602324220.14908
llama2-7b_conv300,981,17792938000.0,216738648268.14908
llama2-7b_conv300,982,17792938000.0,216874972316.14908
llama2-7b_conv300,983,17792938000.0,217011296364.14908
llama2-7b_conv300,984,17792938000.0,217147620412.14908
llama2-7b_conv300,985,17792938000.0,217283944460.14908
llama2-7b_conv300,986,17792938000.0,217420268508.14908
llama2-7b_conv300,987,17792938000.0,217556592556.14908
llama2-7b_conv300,988,17792938000.0,217692916604.14908
llama2-7b_conv300,989,17792938000.0,217829240652.14908
llama2-7b_conv300,990,17792938000.0,217965564700.14908
llama2-7b_conv300,991,17792938000.0,218101888748.14908
llama2-7b_conv300,992,17792938000.0,218238212796.14908
llama2-7b_conv300,993,17792938000.0,218374536844.14908
llama2-7b_conv300,994,17792938000.0,218510860892.14908
llama2-7b_conv300,995,17792938000.0,218647184940.14908
llama2-7b_conv300,996,17792938000.0,218783508988.14908
llama2-7b_conv300,997,17792938000.0,218919833036.14908
llama2-7b_conv300,998,17792938000.0,219056157084.14908
llama2-7b_conv300,999,17792938000.0,219192481132.14908
llama2-7b_conv300,1000,17792938000.0,219328805180.14908
llama2-7b_conv300,1001,17792938000.0,219465129228.14908
llama2-7b_conv300,1002,17792938000.0,219601453276.14908
llama2-7b_conv300,1003,17792938000.0,219737777324.14908
llama2-7b_conv300,1004,17792938000.0,219874101372.14908
llama2-7b_conv300,1005,17792938000.0,220010425420.14908
llama2-7b_conv300,1006,17792938000.0,220146749468.14908
llama2-7b_conv300,1007,17792938000.0,220283073516.14908
llama2-7b_conv300,1008,17792938000.0,220419397564.14908
llama2-7b_conv300,1009,17792938000.0,220555721612.14908
llama2-7b_conv300,1010,17792938000.0,220692045660.14908
llama2-7b_conv300,1011,17792938000.0,220828369708.14908
llama2-7b_conv300,1012,17792938000.0,220964693756.14908
llama2-7b_conv300,1013,17792938000.0,221101017804.14908
llama2-7b_conv300,1014,17792938000.0,221237341852.14908
llama2-7b_conv300,1015,18160513000.0,221924209722.54337
llama2-7b_conv300,1016,18160513000.0,222061602058.54337
llama2-7b_conv300,1017,18160513000.0,222199336410.54337
llama2-7b_conv300,1018,18160513000.0,222337070762.54337
llama2-7b_conv300,1019,18160513000.0,222474805114.54337
llama2-7b_conv300,1020,18160513000.0,222612539466.54337
llama2-7b_conv300,1021,18160513000.0,222750273818.54337
llama2-7b_conv300,1022,18160513000.0,222888008170.54337
llama2-7b_conv300,1023,18160513000.0,223025742522.54337
llama2-7b_conv300,1024,18160513000.0,223163476874.54337
llama2-7b_conv300,1025,18160513000.0,223301211226.54337
llama2-7b_conv300,1026,18160513000.0,223438945578.54337
llama2-7b_conv300,1027,18160513000.0,223576679930.54337
llama2-7b_conv300,1028,18160513000.0,223714414282.54337
llama2-7b_conv300,1029,18160513000.0,223852148634.54337
llama2-7b_conv300,1030,18160513000.0,223989882986.54337
llama2-7b_conv300,1031,18160513000.0,224127617338.54337
llama2-7b_conv300,1032,18160513000.0,224265271818.54337
llama2-7b_conv300,1033,18160513000.0,224403268314.54337
llama2-7b_conv300,1034,18160513000.0,224541264810.54337
llama2-7b_conv300,1035,18160513000.0,224679261306.54337
llama2-7b_conv300,1036,18160513000.0,224817257802.54337
llama2-7b_conv300,1037,18160513000.0,224955254298.54337
llama2-7b_conv300,1038,18160513000.0,225093250794.54337
llama2-7b_conv300,1039,18160513000.0,225231247290.54337
llama2-7b_conv300,1040,18160513000.0,225369243786.54337
llama2-7b_conv300,1041,18160513000.0,225507240282.54337
llama2-7b_conv300,1042,18160513000.0,225645236778.54337
llama2-7b_conv300,1043,18463892000.0,228513147798.6748
llama2-7b_conv300,1044,18463892000.0,228653078886.6748
llama2-7b_conv300,1045,18463892000.0,228793009974.6748
llama2-7b_conv300,1046,18463892000.0,228932941062.6748
llama2-7b_conv300,1047,18463892000.0,229072872150.6748
llama2-7b_conv300,1048,18463892000.0,229212803238.6748
llama2-7b_conv300,1049,18463892000.0,229352734326.6748
llama2-7b_conv300,1050,18463892000.0,229492665414.6748
llama2-7b_conv300,1051,18463892000.0,229632596502.6748
llama2-7b_conv300,1052,18463892000.0,229772527590.6748
llama2-7b_conv300,1053,18463892000.0,229912458678.6748
llama2-7b_conv300,1054,18463892000.0,230052389766.6748
llama2-7b_conv300,1055,18463892000.0,230192320854.6748
llama2-7b_conv300,1056,18463892000.0,230332251942.6748
llama2-7b_conv300,1057,18463892000.0,230472183030.6748
llama2-7b_conv300,1058,18463892000.0,230612114118.6748
llama2-7b_conv300,1059,18463892000.0,230752045206.6748
llama2-7b_conv300,1060,18463892000.0,230891976294.6748
llama2-7b_conv300,1061,18463892000.0,231031907382.6748
llama2-7b_conv300,1062,18463892000.0,231171838470.6748
llama2-7b_conv300,1063,18463892000.0,231311769558.6748
llama2-7b_conv300,1064,18463892000.0,231451700646.6748
llama2-7b_conv300,1065,18463892000.0,231591631734.6748
llama2-7b_conv300,1066,18463892000.0,231731482950.6748
llama2-7b_conv300,1067,18463892000.0,231871676182.6748
llama2-7b_conv300,1068,18463892000.0,232011869414.6748
llama2-7b_conv300,1069,18463892000.0,232152062646.6748
llama2-7b_conv300,1070,18463892000.0,232292255878.6748
llama2-7b_conv300,1071,18463892000.0,232432449110.6748
llama2-7b_conv300,1072,18463892000.0,232572642342.6748
llama2-7b_conv300,1073,18463892000.0,232712835574.6748
llama2-7b_conv300,1074,18463892000.0,232853028806.6748
llama2-7b_conv300,1075,18463892000.0,232993222038.6748
llama2-7b_conv300,1076,18463892000.0,233133415270.6748
llama2-7b_conv300,1077,18463892000.0,233273608502.6748
llama2-7b_conv300,1078,18463892000.0,233413801734.6748
llama2-7b_conv300,1079,18463892000.0,233553994966.6748
llama2-7b_conv300,1080,18463892000.0,233694188198.6748
llama2-7b_conv300,1081,18463892000.0,233834381430.6748
llama2-7b_conv300,1082,18463892000.0,233974574662.6748
llama2-7b_conv300,1083,18463892000.0,234114767894.6748
llama2-7b_conv300,1084,18463892000.0,234254961126.6748
llama2-7b_conv300,1085,18463892000.0,234395154358.6748
llama2-7b_conv300,1086,18463892000.0,234535347590.6748
llama2-7b_conv300,1087,18463892000.0,234675540822.6748
llama2-7b_conv300,1088,18463892000.0,234815734054.6748
llama2-7b_conv300,1089,18979439000.0,236790039197.77765
llama2-7b_conv300,1090,18979439000.0,238768538644.8805
llama2-7b_conv300,1091,18979439000.0,240751232395.98334
llama2-7b_conv300,1092,18979439000.0,242738120451.08618
llama2-7b_conv300,1093,18979439000.0,244729202810.18903
llama2-7b_conv300,1094,18979439000.0,244877397578.18903
llama2-7b_conv300,1095,18979439000.0,245023719706.18903
llama2-7b_conv300,1096,18979439000.0,245170041834.18903
llama2-7b_conv300,1097,18979439000.0,245316363962.18903
llama2-7b_conv300,1098,18979439000.0,245462686090.18903
llama2-7b_conv300,1099,18979439000.0,245609008218.18903
llama2-7b_conv300,1100,18979439000.0,245755330346.18903
llama2-7b_conv300,1101,18979439000.0,245901652474.18903
llama2-7b_conv300,1102,18979439000.0,246047974602.18903
llama2-7b_conv300,1103,18979439000.0,246194296730.18903
llama2-7b_conv300,1104,18979439000.0,246340618858.18903
llama2-7b_conv300,1105,18979439000.0,246486861114.18903
llama2-7b_conv300,1106,18979439000.0,246633445386.18903
llama2-7b_conv300,1107,18979439000.0,246780029658.18903
llama2-7b_conv300,1108,18979439000.0,246926613930.18903
llama2-7b_conv300,1109,18979439000.0,247073198202.18903
llama2-7b_conv300,1110,18979439000.0,247219782474.18903
llama2-7b_conv300,1111,18979439000.0,247366366746.18903
llama2-7b_conv300,1112,18979439000.0,247512951018.18903
llama2-7b_conv300,1113,18979439000.0,247659535290.18903
llama2-7b_conv300,1114,18979439000.0,247806119562.18903
llama2-7b_conv300,1115,18979439000.0,247952703834.18903
llama2-7b_conv300,1116,18979439000.0,248099288106.18903
llama2-7b_conv300,1117,18979439000.0,248245872378.18903
llama2-7b_conv300,1118,18979439000.0,248392456650.18903
llama2-7b_conv300,1119,18979439000.0,248539040922.18903
llama2-7b_conv300,1120,18979439000.0,248685625194.18903
llama2-7b_conv300,1121,18979439000.0,248832209466.18903
llama2-7b_conv300,1122,18979439000.0,248978793738.18903
llama2-7b_conv300,1123,18979439000.0,249125378010.18903
llama2-7b_conv300,1124,18979439000.0,249271962282.18903
llama2-7b_conv300,1125,18979439000.0,249418546554.18903
llama2-7b_conv300,1126,18979439000.0,249565130826.18903
llama2-7b_conv300,1127,18979439000.0,249710042650.18903
llama2-7b_conv300,1128,18979439000.0,249854954474.18903
llama2-7b_conv300,1129,18979439000.0,249999866298.18903
llama2-7b_conv300,1130,18979439000.0,250142843530.18903
llama2-7b_conv300,1131,18979439000.0,250285820762.18903
llama2-7b_conv300,1132,18979439000.0,250428797994.18903
llama2-7b_conv300,1133,18979439000.0,250565122042.18903
llama2-7b_conv300,1134,18979439000.0,250701446090.18903
llama2-7b_conv300,1135,18979439000.0,250837770138.18903
llama2-7b_conv300,1136,18979439000.0,250974094186.18903
llama2-7b_conv300,1137,18979439000.0,251110418234.18903
llama2-7b_conv300,1138,18979439000.0,251246742282.18903
llama2-7b_conv300,1139,18979439000.0,251383066330.18903
llama2-7b_conv300,1140,18979439000.0,251519390378.18903
llama2-7b_conv300,1141,18979439000.0,251655714426.18903
llama2-7b_conv300,1142,18979439000.0,251792038474.18903
llama2-7b_conv300,1143,18979439000.0,251928362522.18903
llama2-7b_conv300,1144,18979439000.0,252064606698.18903
llama2-7b_conv300,1145,18979439000.0,252201192890.18903
llama2-7b_conv300,1146,18979439000.0,252337779082.18903
llama2-7b_conv300,1147,18979439000.0,252474365274.18903
llama2-7b_conv300,1148,18979439000.0,252610951466.18903
llama2-7b_conv300,1149,18979439000.0,252747537658.18903
llama2-7b_conv300,1150,18979439000.0,252884123850.18903
llama2-7b_conv300,1151,18979439000.0,253020710042.18903
llama2-7b_conv300,1152,18979439000.0,253157296234.18903
llama2-7b_conv300,1153,18979439000.0,253293882426.18903
llama2-7b_conv300,1154,18979439000.0,253430468618.18903
llama2-7b_conv300,1155,18979439000.0,253567054810.18903
llama2-7b_conv300,1156,18979439000.0,253703641002.18903
llama2-7b_conv300,1157,18979439000.0,253840227194.18903
llama2-7b_conv300,1158,18979439000.0,253976813386.18903
llama2-7b_conv300,1159,19913927000.0,254661171049.3833
llama2-7b_conv300,1160,19913927000.0,254798057529.3833
llama2-7b_conv300,1161,19913927000.0,254934944009.3833
llama2-7b_conv300,1162,19945197000.0,256906209917.48615
llama2-7b_conv300,1163,19945197000.0,258881670129.589
llama2-7b_conv300,1164,19945197000.0,260861324645.69183
llama2-7b_conv300,1165,19945197000.0,262845173465.79468
llama2-7b_conv300,1166,19945197000.0,264833216589.89752
llama2-7b_conv300,1167,19945197000.0,266825454018.00037
llama2-7b_conv300,1168,19945197000.0,268821885750.1032
llama2-7b_conv300,1169,19945197000.0,271418843983.63464
llama2-7b_conv300,1170,19945197000.0,271565037855.63464
llama2-7b_conv300,1171,19945197000.0,271711231727.63464
llama2-7b_conv300,1172,19945197000.0,271857425599.63464
llama2-7b_conv300,1173,19945197000.0,272003619471.63464
llama2-7b_conv300,1174,19945197000.0,272149813343.63464
llama2-7b_conv300,1175,19945197000.0,272295674159.63464
llama2-7b_conv300,1176,19945197000.0,272441534975.63464
llama2-7b_conv300,1177,19945197000.0,272587395791.63464
llama2-7b_conv300,1178,19945197000.0,272733256607.63464
llama2-7b_conv300,1179,19945197000.0,272879117423.63464
llama2-7b_conv300,1180,19945197000.0,273024978239.63464
llama2-7b_conv300,1181,19945197000.0,273170839055.63464
llama2-7b_conv300,1182,19945197000.0,273316699871.63464
llama2-7b_conv300,1183,19945197000.0,273462560687.63464
llama2-7b_conv300,1184,19945197000.0,273608421503.63464
llama2-7b_conv300,1185,19945197000.0,273754282319.63464
llama2-7b_conv300,1186,20478941000.0,274800837940.54892
llama2-7b_conv300,1187,20478941000.0,274948109060.54895
llama2-7b_conv300,1188,20478941000.0,275095380180.54895
llama2-7b_conv300,1189,20478941000.0,275242651300.54895
llama2-7b_conv300,1190,20478941000.0,275389922420.54895
llama2-7b_conv300,1191,20478941000.0,275537193540.54895
llama2-7b_conv300,1192,20478941000.0,275684464660.54895
llama2-7b_conv300,1193,20478941000.0,275831735780.54895
llama2-7b_conv300,1194,20478941000.0,275979006900.54895
llama2-7b_conv300,1195,20478941000.0,276126278020.54895
llama2-7b_conv300,1196,20478941000.0,276273549140.54895
llama2-7b_conv300,1197,20478941000.0,276420820260.54895
llama2-7b_conv300,1198,20478941000.0,276568091380.54895
llama2-7b_conv300,1199,20478941000.0,276715362500.54895
llama2-7b_conv300,1200,20478941000.0,276862633620.54895
llama2-7b_conv300,1201,20658353000.0,278335517620.86896
llama2-7b_conv300,1202,20658353000.0,278484199044.86896
llama2-7b_conv300,1203,20658353000.0,278632880468.86896
llama2-7b_conv300,1204,20658353000.0,278781561892.86896
llama2-7b_conv300,1205,20658353000.0,278930243316.86896
llama2-7b_conv300,1206,20658353000.0,279078924740.86896
llama2-7b_conv300,1207,20658353000.0,279227606164.86896
llama2-7b_conv300,1208,20658353000.0,279376287588.86896
llama2-7b_conv300,1209,20658353000.0,279523296564.86896
llama2-7b_conv300,1210,20658353000.0,279663914500.86896
llama2-7b_conv300,1211,20658353000.0,279804532436.86896
llama2-7b_conv300,1212,20658353000.0,279945150372.86896
llama2-7b_conv300,1213,20658353000.0,280085768308.86896
llama2-7b_conv300,1214,20658353000.0,280226386244.86896
llama2-7b_conv300,1215,20658353000.0,280367004180.86896
llama2-7b_conv300,1216,20658353000.0,280507622116.86896
llama2-7b_conv300,1217,20658353000.0,280648240052.86896
llama2-7b_conv300,1218,20658353000.0,280788857988.86896
llama2-7b_conv300,1219,20658353000.0,280929475924.86896
llama2-7b_conv300,1220,20658353000.0,281070093860.86896
llama2-7b_conv300,1221,20658353000.0,281210711796.86896
llama2-7b_conv300,1222,20658353000.0,281351329732.86896
llama2-7b_conv300,1223,20658353000.0,281491947668.86896
llama2-7b_conv300,1224,20658353000.0,281632565604.86896
llama2-7b_conv300,1225,20941916000.0,281837849396.86896
llama2-7b_conv300,1226,20941916000.0,281978734852.86896
llama2-7b_conv300,1227,20941916000.0,282119620308.86896
llama2-7b_conv300,1228,20941916000.0,282260505764.86896
llama2-7b_conv300,1229,20941916000.0,282401391220.86896
llama2-7b_conv300,1230,20941916000.0,282542309444.86896
llama2-7b_conv300,1231,20941916000.0,282683227668.86896
llama2-7b_conv300,1232,20941916000.0,282824145892.86896
llama2-7b_conv300,1233,20941916000.0,282965064116.86896
llama2-7b_conv300,1234,20941916000.0,283106015108.86896
llama2-7b_conv300,1235,20941916000.0,283246966100.86896
llama2-7b_conv300,1236,20941916000.0,283387917092.86896
llama2-7b_conv300,1237,20941916000.0,283528868084.86896
llama2-7b_conv300,1238,20941916000.0,283669819076.86896
llama2-7b_conv300,1239,20941916000.0,283810770068.86896
llama2-7b_conv300,1240,20941916000.0,283951721060.86896
llama2-7b_conv300,1241,20941916000.0,284092672052.86896
llama2-7b_conv300,1242,20941916000.0,284233543172.86896
llama2-7b_conv300,1243,20941916000.0,284365219540.86896
llama2-7b_conv300,1244,20941916000.0,284496895908.86896
llama2-7b_conv300,1245,20941916000.0,284628572276.86896
llama2-7b_conv300,1246,20941916000.0,284760281412.86896
llama2-7b_conv300,1247,20941916000.0,284891990548.86896
llama2-7b_conv300,1248,20941916000.0,285023699684.86896
llama2-7b_conv300,1249,20941916000.0,285155408820.86896
llama2-7b_conv300,1250,20941916000.0,285287361668.86896
llama2-7b_conv300,1251,20941916000.0,285419314516.86896
llama2-7b_conv300,1252,20941916000.0,285551267364.86896
llama2-7b_conv300,1253,20941916000.0,285683220212.86896
llama2-7b_conv300,1254,20941916000.0,285815173060.86896
llama2-7b_conv300,1255,20941916000.0,285947125908.86896
llama2-7b_conv300,1256,20941916000.0,286079078756.86896
llama2-7b_conv300,1257,20941916000.0,286211031604.86896
llama2-7b_conv300,1258,20941916000.0,286342984452.86896
llama2-7b_conv300,1259,20941916000.0,286474937300.86896
llama2-7b_conv300,1260,20941916000.0,286606810276.86896
llama2-7b_conv300,1261,20941916000.0,286739025268.86896
llama2-7b_conv300,1262,20941916000.0,286871240260.86896
llama2-7b_conv300,1263,20941916000.0,287003455252.86896
llama2-7b_conv300,1264,20941916000.0,287135670244.86896
llama2-7b_conv300,1265,20941916000.0,287267805364.86896
llama2-7b_conv300,1266,21370065000.0,288793655113.59467
llama2-7b_conv300,1267,21375087000.0,291715811665.6404
llama2-7b_conv300,1268,21375087000.0,291851291681.6404
llama2-7b_conv300,1269,21375087000.0,291986771697.6404
llama2-7b_conv300,1270,21375087000.0,292122251713.6404
llama2-7b_conv300,1271,21375087000.0,292257731729.6404
llama2-7b_conv300,1272,21375087000.0,292393211745.6404
llama2-7b_conv300,1273,21375087000.0,292528691761.6404
llama2-7b_conv300,1274,21375087000.0,292664171777.6404
llama2-7b_conv300,1275,21375087000.0,292799651793.6404
llama2-7b_conv300,1276,21375087000.0,292935131809.6404
llama2-7b_conv300,1277,21375087000.0,293070611825.6404
llama2-7b_conv300,1278,21375087000.0,293206091841.6404
llama2-7b_conv300,1279,21375087000.0,293341571857.6404
llama2-7b_conv300,1280,21375087000.0,293477051873.6404
llama2-7b_conv300,1281,21375087000.0,293612531889.6404
llama2-7b_conv300,1282,21375087000.0,293748011905.6404
llama2-7b_conv300,1283,21375087000.0,293883491921.6404
llama2-7b_conv300,1284,21375087000.0,294018971937.6404
llama2-7b_conv300,1285,21375087000.0,294154451953.6404
llama2-7b_conv300,1286,21375087000.0,294289931969.6404
llama2-7b_conv300,1287,21375087000.0,294425411985.6404
llama2-7b_conv300,1288,21375087000.0,294560892001.6404
llama2-7b_conv300,1289,21375087000.0,294696372017.6404
llama2-7b_conv300,1290,21375087000.0,294831852033.6404
llama2-7b_conv300,1291,21375087000.0,294967332049.6404
llama2-7b_conv300,1292,21375087000.0,295102812065.6404
llama2-7b_conv300,1293,21375087000.0,295238292081.6404
llama2-7b_conv300,1294,21375087000.0,295373804865.6404
llama2-7b_conv300,1295,21375087000.0,295509317649.6404
llama2-7b_conv300,1296,21375087000.0,295644830433.6404
llama2-7b_conv300,1297,21375087000.0,295780343217.6404
llama2-7b_conv300,1298,21375087000.0,295915856001.6404
llama2-7b_conv300,1299,21375087000.0,296051368785.6404
llama2-7b_conv300,1300,21375087000.0,296186881569.6404
llama2-7b_conv300,1301,21375087000.0,296322394353.6404
llama2-7b_conv300,1302,21375087000.0,296457907137.6404
llama2-7b_conv300,1303,21375087000.0,296593419921.6404
llama2-7b_conv300,1304,21375087000.0,296728932705.6404
llama2-7b_conv300,1305,21375087000.0,296864445489.6404
llama2-7b_conv300,1306,21375087000.0,296999958273.6404
llama2-7b_conv300,1307,21375087000.0,297135471057.6404
llama2-7b_conv300,1308,21375087000.0,297270983841.6404
llama2-7b_conv300,1309,21375087000.0,297404824177.6404
llama2-7b_conv300,1310,21375087000.0,297538664513.6404
llama2-7b_conv300,1311,21375087000.0,297672504849.6404
llama2-7b_conv300,1312,21375087000.0,297806345185.6404
llama2-7b_conv300,1313,21375087000.0,297940185521.6404
llama2-7b_conv300,1314,21375087000.0,298074025857.6404
llama2-7b_conv300,1315,21375087000.0,298207866193.6404
llama2-7b_conv300,1316,21375087000.0,298341706529.6404
llama2-7b_conv300,1317,21375087000.0,298475546865.6404
llama2-7b_conv300,1318,21375087000.0,298609307329.6404
llama2-7b_conv300,1319,21375087000.0,298743409809.6404
llama2-7b_conv300,1320,21375087000.0,298877512289.6404
llama2-7b_conv300,1321,21375087000.0,299011614769.6404
llama2-7b_conv300,1322,21375087000.0,299145717249.6404
llama2-7b_conv300,1323,21375087000.0,299279819729.6404
llama2-7b_conv300,1324,21375087000.0,299413922209.6404
llama2-7b_conv300,1325,21375087000.0,299548792689.6404
llama2-7b_conv300,1326,21375087000.0,299684005185.6404
llama2-7b_conv300,1327,21375087000.0,299819217681.6404
llama2-7b_conv300,1328,21375087000.0,299954430177.6404
llama2-7b_conv300,1329,21375087000.0,300089642673.6404
llama2-7b_conv300,1330,21375087000.0,300224855169.6404
llama2-7b_conv300,1331,21375087000.0,300360067665.6404
llama2-7b_conv300,1332,21375087000.0,300495280161.6404
llama2-7b_conv300,1333,21375087000.0,300630492657.6404
llama2-7b_conv300,1334,21375087000.0,300765705153.6404
llama2-7b_conv300,1335,21375087000.0,300900917649.6404
llama2-7b_conv300,1336,21375087000.0,301036130145.6404
llama2-7b_conv300,1337,21375087000.0,301171342641.6404
llama2-7b_conv300,1338,21375087000.0,301306555137.6404
llama2-7b_conv300,1339,21375087000.0,301441767633.6404
llama2-7b_conv300,1340,21375087000.0,301576980129.6404
llama2-7b_conv300,1341,21375087000.0,301712192625.6404
llama2-7b_conv300,1342,21375087000.0,301847405121.6404
llama2-7b_conv300,1343,21375087000.0,301982617617.6404
llama2-7b_conv300,1344,21375087000.0,302117830113.6404
llama2-7b_conv300,1345,21375087000.0,302253042609.6404
llama2-7b_conv300,1346,21375087000.0,302388255105.6404
llama2-7b_conv300,1347,21375087000.0,302523467601.6404
llama2-7b_conv300,1348,21370065000.0,302656745505.6404
llama2-7b_conv300,1349,21370065000.0,302790023409.6404
llama2-7b_conv300,1350,21370065000.0,302923301313.6404
llama2-7b_conv300,1351,21370065000.0,303056579217.6404
llama2-7b_conv300,1352,21370065000.0,303189857121.6404
llama2-7b_conv300,1353,21370065000.0,303323135025.6404
llama2-7b_conv300,1354,21370065000.0,303456412929.6404
llama2-7b_conv300,1355,21370065000.0,303589690833.6404
llama2-7b_conv300,1356,21370065000.0,303722968737.6404
llama2-7b_conv300,1357,21370065000.0,303856246641.6404
llama2-7b_conv300,1358,21370065000.0,303989524545.6404
llama2-7b_conv300,1359,21370065000.0,304122802449.6404
llama2-7b_conv300,1360,21370065000.0,304256080353.6404
llama2-7b_conv300,1361,21370065000.0,304389358257.6404
llama2-7b_conv300,1362,21370065000.0,304522636161.6404
llama2-7b_conv300,1363,21370065000.0,304655914065.6404
llama2-7b_conv300,1364,21370065000.0,304789191969.6404
llama2-7b_conv300,1365,21370065000.0,304922469873.6404
llama2-7b_conv300,1366,21370065000.0,305055747777.6404
llama2-7b_conv300,1367,21370065000.0,305189025681.6404
llama2-7b_conv300,1368,21370065000.0,305322303585.6404
llama2-7b_conv300,1369,21370065000.0,305455581489.6404
llama2-7b_conv300,1370,21370065000.0,305588859393.6404
llama2-7b_conv300,1371,21370065000.0,305722137297.6404
llama2-7b_conv300,1372,21370065000.0,305855415201.6404
llama2-7b_conv300,1373,21370065000.0,305988693105.6404
llama2-7b_conv300,1374,21370065000.0,306121971009.6404
llama2-7b_conv300,1375,21370065000.0,306255248913.6404
llama2-7b_conv300,1376,21370065000.0,306388526817.6404
llama2-7b_conv300,1377,21370065000.0,306521804721.6404
llama2-7b_conv300,1378,21370065000.0,306655082625.6404
llama2-7b_conv300,1379,21370065000.0,306788360529.6404
llama2-7b_conv300,1380,21370065000.0,306921638433.6404
llama2-7b_conv300,1381,21370065000.0,307054916337.6404
llama2-7b_conv300,1382,21370065000.0,307188194241.6404
llama2-7b_conv300,1383,21370065000.0,307321472145.6404
llama2-7b_conv300,1384,21370065000.0,307454750049.6404
llama2-7b_conv300,1385,21370065000.0,307588027953.6404
llama2-7b_conv300,1386,21370065000.0,307721305857.6404
llama2-7b_conv300,1387,21370065000.0,307854583761.6404
llama2-7b_conv300,1388,21370065000.0,307987861665.6404
llama2-7b_conv300,1389,21370065000.0,308121139569.6404
llama2-7b_conv300,1390,21370065000.0,308254417473.6404
llama2-7b_conv300,1391,21370065000.0,308387695377.6404
llama2-7b_conv300,1392,21370065000.0,308520973281.6404
llama2-7b_conv300,1393,21370065000.0,308654171313.6404
llama2-7b_conv300,1394,21370065000.0,308787711361.6404
llama2-7b_conv300,1395,21370065000.0,308921251409.6404
llama2-7b_conv300,1396,21370065000.0,309054791457.6404
llama2-7b_conv300,1397,21370065000.0,309188331505.6404
llama2-7b_conv300,1398,21370065000.0,309321871553.6404
llama2-7b_conv300,1399,21370065000.0,309455411601.6404
llama2-7b_conv300,1400,21370065000.0,309588951649.6404
llama2-7b_conv300,1401,22712872000.0,310276321500.5261
llama2-7b_conv300,1402,22712872000.0,310410929836.5261
llama2-7b_conv300,1403,22712872000.0,310545880188.5261
llama2-7b_conv300,1404,22712872000.0,310680830540.5261
llama2-7b_conv300,1405,22712872000.0,310815780892.5261
llama2-7b_conv300,1406,22712872000.0,310950731244.5261
llama2-7b_conv300,1407,22712872000.0,311085681596.5261
llama2-7b_conv300,1408,22712872000.0,311219221644.5261
llama2-7b_conv300,1409,22712872000.0,311352761692.5261
llama2-7b_conv300,1410,22712872000.0,311486301740.5261
llama2-7b_conv300,1411,22712872000.0,311619841788.5261
llama2-7b_conv300,1412,22712872000.0,311753381836.5261
llama2-7b_conv300,1413,22712872000.0,311886921884.5261
llama2-7b_conv300,1414,22712872000.0,312020461932.5261
llama2-7b_conv300,1415,22712872000.0,312154001980.5261
llama2-7b_conv300,1416,22712872000.0,312287542028.5261
llama2-7b_conv300,1417,22712872000.0,312421082076.5261
llama2-7b_conv300,1418,22712872000.0,312552687532.5261
llama2-7b_conv300,1419,22712872000.0,312684292988.5261
llama2-7b_conv300,1420,22712872000.0,312815898444.5261
llama2-7b_conv300,1421,22712872000.0,312947503900.5261
llama2-7b_conv300,1422,22712872000.0,313079109356.5261
llama2-7b_conv300,1423,22712872000.0,313210714812.5261
llama2-7b_conv300,1424,22712872000.0,313342320268.5261
llama2-7b_conv300,1425,22712872000.0,313473925724.5261
llama2-7b_conv300,1426,22712872000.0,313605531180.5261
llama2-7b_conv300,1427,22712872000.0,313737136636.5261
llama2-7b_conv300,1428,22712872000.0,313868742092.5261
llama2-7b_conv300,1429,22712872000.0,314000347548.5261
llama2-7b_conv300,1430,22994856000.0,315556768778.709
llama2-7b_conv300,1431,22994856000.0,315689784538.709
llama2-7b_conv300,1432,22994856000.0,315822800298.709
llama2-7b_conv300,1433,22994856000.0,315955816058.709
llama2-7b_conv300,1434,22994856000.0,316088831818.709
llama2-7b_conv300,1435,22994856000.0,316221847578.709
llama2-7b_conv300,1436,22994856000.0,316354863338.709
llama2-7b_conv300,1437,22994856000.0,316487879098.709
llama2-7b_conv300,1438,22994856000.0,316620894858.709
llama2-7b_conv300,1439,22994856000.0,316753910618.709
llama2-7b_conv300,1440,22994856000.0,316886926378.709
llama2-7b_conv300,1441,22994856000.0,317019942138.709
llama2-7b_conv300,1442,22994856000.0,317152957898.709
llama2-7b_conv300,1443,22994856000.0,317285973658.709
llama2-7b_conv300,1444,22994856000.0,317418989418.709
llama2-7b_conv300,1445,22994856000.0,317552005178.709
llama2-7b_conv300,1446,22994856000.0,317684941066.709
llama2-7b_conv300,1447,22994856000.0,317818218970.709
llama2-7b_conv300,1448,22994856000.0,317951496874.709
llama2-7b_conv300,1449,22994856000.0,318084774778.709
llama2-7b_conv300,1450,22994856000.0,318218052682.709
llama2-7b_conv300,1451,22994856000.0,318351330586.709
llama2-7b_conv300,1452,22994856000.0,318484608490.709
llama2-7b_conv300,1453,22994856000.0,318617886394.709
llama2-7b_conv300,1454,22994856000.0,318751164298.709
llama2-7b_conv300,1455,22994856000.0,318884442202.709
llama2-7b_conv300,1456,22994856000.0,319017720106.709
llama2-7b_conv300,1457,22994856000.0,319150998010.709
llama2-7b_conv300,1458,22994856000.0,319284275914.709
llama2-7b_conv300,1459,22994856000.0,319417553818.709
llama2-7b_conv300,1460,22994856000.0,319550831722.709
llama2-7b_conv300,1461,22994856000.0,319684109626.709
llama2-7b_conv300,1462,22994856000.0,319817387530.709
llama2-7b_conv300,1463,22994856000.0,319950665434.709
llama2-7b_conv300,1464,22994856000.0,320083943338.709
llama2-7b_conv300,1465,22994856000.0,320217221242.709
llama2-7b_conv300,1466,22994856000.0,320350499146.709
llama2-7b_conv300,1467,22994856000.0,320483777050.709
llama2-7b_conv300,1468,23371403000.0,322047769962.38324
llama2-7b_conv300,1469,23371403000.0,322182458170.38324
llama2-7b_conv300,1470,23371403000.0,322317146378.38324
llama2-7b_conv300,1471,23371403000.0,322451834586.38324
llama2-7b_conv300,1472,23371403000.0,322586522794.38324
llama2-7b_conv300,1473,23371403000.0,322721211002.38324
llama2-7b_conv300,1474,23371403000.0,322855899210.38324
llama2-7b_conv300,1475,23371403000.0,322990587418.38324
llama2-7b_conv300,1476,23371403000.0,323125195754.38324
llama2-7b_conv300,1477,23371403000.0,323260146106.38324
llama2-7b_conv300,1478,23371403000.0,323395096458.38324
llama2-7b_conv300,1479,23371403000.0,323530046810.38324
llama2-7b_conv300,1480,23371403000.0,323664997162.38324
llama2-7b_conv300,1481,23371403000.0,323799947514.38324
llama2-7b_conv300,1482,23371403000.0,323934897866.38324
llama2-7b_conv300,1483,23371403000.0,324067913626.38324
llama2-7b_conv300,1484,23371403000.0,324200929386.38324
llama2-7b_conv300,1485,23371403000.0,324333945146.38324
llama2-7b_conv300,1486,23371403000.0,324466960906.38324
llama2-7b_conv300,1487,23371403000.0,324599976666.38324
llama2-7b_conv300,1488,23371403000.0,324732992426.38324
llama2-7b_conv300,1489,23371403000.0,324866008186.38324
llama2-7b_conv300,1490,23371403000.0,324999023946.38324
llama2-7b_conv300,1491,23371403000.0,325132039706.38324
llama2-7b_conv300,1492,23371403000.0,325265055466.38324
llama2-7b_conv300,1493,23371403000.0,325398071226.38324
llama2-7b_conv300,1494,23371403000.0,325531086986.38324
llama2-7b_conv300,1495,23371403000.0,325664102746.38324
llama2-7b_conv300,1496,23371403000.0,325797118506.38324
llama2-7b_conv300,1497,23371403000.0,325930134266.38324
llama2-7b_conv300,1498,23371403000.0,326063150026.38324
llama2-7b_conv300,1499,23371403000.0,326196165786.38324
llama2-7b_conv300,1500,23371403000.0,326329181546.38324
llama2-7b_conv300,1501,23371403000.0,326462197306.38324
llama2-7b_conv300,1502,23371403000.0,326595213066.38324
llama2-7b_conv300,1503,23371403000.0,326728228826.38324
llama2-7b_conv300,1504,23371403000.0,326861244586.38324
llama2-7b_conv300,1505,23371403000.0,326994260346.38324
llama2-7b_conv300,1506,23371403000.0,327127276106.38324
llama2-7b_conv300,1507,23371403000.0,327260291866.38324
llama2-7b_conv300,1508,23371403000.0,327393307626.38324
llama2-7b_conv300,1509,23371403000.0,327526323386.38324
llama2-7b_conv300,1510,23371403000.0,327659339146.38324
llama2-7b_conv300,1511,23371403000.0,327792354906.38324
llama2-7b_conv300,1512,23371403000.0,327925370666.38324
llama2-7b_conv300,1513,23371403000.0,328058386426.38324
llama2-7b_conv300,1514,23371403000.0,328191322314.38324
llama2-7b_conv300,1515,23371403000.0,328324600218.38324
llama2-7b_conv300,1516,23371403000.0,328457878122.38324
llama2-7b_conv300,1517,23371403000.0,328591156026.38324
llama2-7b_conv300,1518,23371403000.0,328724433930.38324
llama2-7b_conv300,1519,23371403000.0,328857711834.38324
llama2-7b_conv300,1520,23371403000.0,328990989738.38324
llama2-7b_conv300,1521,23371403000.0,329124267642.38324
llama2-7b_conv300,1522,23371403000.0,329257545546.38324
llama2-7b_conv300,1523,23371403000.0,329390823450.38324
llama2-7b_conv300,1524,23371403000.0,329524101354.38324
llama2-7b_conv300,1525,23371403000.0,329657379258.38324
llama2-7b_conv300,1526,23371403000.0,329790657162.38324
llama2-7b_conv300,1527,23371403000.0,329923935066.38324
llama2-7b_conv300,1528,23371403000.0,330057212970.38324
llama2-7b_conv300,1529,23371403000.0,330190490874.38324
llama2-7b_conv300,1530,23371403000.0,330323688906.38324
llama2-7b_conv300,1531,23371403000.0,330457228954.38324
llama2-7b_conv300,1532,23371403000.0,330590769002.38324
llama2-7b_conv300,1533,23371403000.0,330724309050.38324
llama2-7b_conv300,1534,23371403000.0,330857849098.38324
llama2-7b_conv300,1535,23371403000.0,330991389146.38324
llama2-7b_conv300,1536,23371403000.0,331124929194.38324
llama2-7b_conv300,1537,23371403000.0,331258469242.38324
llama2-7b_conv300,1538,23371403000.0,331392009290.38324
llama2-7b_conv300,1539,23371403000.0,331525549338.38324
llama2-7b_conv300,1540,23371403000.0,331659089386.38324
llama2-7b_conv300,1541,23371403000.0,331792629434.38324
llama2-7b_conv300,1542,23371403000.0,331926169482.38324
llama2-7b_conv300,1543,23371403000.0,332059709530.38324
llama2-7b_conv300,1544,23371403000.0,332193249578.38324
llama2-7b_conv300,1545,23371403000.0,332326789626.38324
llama2-7b_conv300,1546,23371403000.0,332460329674.38324
llama2-7b_conv300,1547,23371403000.0,332593869722.38324
llama2-7b_conv300,1548,24146296000.0,332796560746.38324
llama2-7b_conv300,1549,24146296000.0,332930368314.38324
llama2-7b_conv300,1550,24146296000.0,333064175882.38324
llama2-7b_conv300,1551,24146296000.0,333197983450.38324
llama2-7b_conv300,1552,24146296000.0,333331791018.38324
llama2-7b_conv300,1553,24146296000.0,333465598586.38324
llama2-7b_conv300,1554,24146296000.0,333599406154.38324
llama2-7b_conv300,1555,24146296000.0,333733213722.38324
llama2-7b_conv300,1556,24146296000.0,333867021290.38324
llama2-7b_conv300,1557,24146296000.0,334000828858.38324
llama2-7b_conv300,1558,24146296000.0,334134636426.38324
llama2-7b_conv300,1559,24146296000.0,334268443994.38324
llama2-7b_conv300,1560,24146296000.0,334402251562.38324
llama2-7b_conv300,1561,24146296000.0,334536059130.38324
llama2-7b_conv300,1562,24146296000.0,334669866698.38324
llama2-7b_conv300,1563,24146296000.0,334803674266.38324
llama2-7b_conv300,1564,24146296000.0,334937481834.38324
llama2-7b_conv300,1565,24146296000.0,335071289402.38324
llama2-7b_conv300,1566,24146296000.0,335205096970.38324
llama2-7b_conv300,1567,24146296000.0,335338904538.38324
llama2-7b_conv300,1568,24146296000.0,335472712106.38324
llama2-7b_conv300,1569,24146296000.0,335606519674.38324
llama2-7b_conv300,1570,24146296000.0,335740327242.38324
llama2-7b_conv300,1571,24146296000.0,335874134810.38324
llama2-7b_conv300,1572,24146296000.0,336007942378.38324
llama2-7b_conv300,1573,24146296000.0,336140077498.38324
llama2-7b_conv300,1574,24146296000.0,336272212618.38324
llama2-7b_conv300,1575,24146296000.0,336404347738.38324
llama2-7b_conv300,1576,24146296000.0,336536482858.38324
llama2-7b_conv300,1577,24146296000.0,336668617978.38324
llama2-7b_conv300,1578,24146296000.0,336800753098.38324
llama2-7b_conv300,1579,24146296000.0,336932920986.38324
llama2-7b_conv300,1580,24146296000.0,337065088874.38324
llama2-7b_conv300,1581,24146296000.0,337197256762.38324
llama2-7b_conv300,1582,24146296000.0,337329424650.38324
llama2-7b_conv300,1583,24146296000.0,337461592538.38324
llama2-7b_conv300,1584,24146296000.0,337593760426.38324
llama2-7b_conv300,1585,24146296000.0,337725928314.38324
llama2-7b_conv300,1586,24146296000.0,337858096202.38324
llama2-7b_conv300,1587,24146296000.0,337990264090.38324
llama2-7b_conv300,1588,24146296000.0,338122431978.38324
llama2-7b_conv300,1589,24146296000.0,338254599866.38324
llama2-7b_conv300,1590,24146296000.0,338386767754.38324
llama2-7b_conv300,1591,24146296000.0,338518935642.38324
llama2-7b_conv300,1592,24146296000.0,338651103530.38324
llama2-7b_conv300,1593,24146296000.0,338783271418.38324
llama2-7b_conv300,1594,24146296000.0,338915439306.38324
llama2-7b_conv300,1595,24146296000.0,339047639962.38324
llama2-7b_conv300,1596,24146296000.0,339179840618.38324
llama2-7b_conv300,1597,24146296000.0,339312041274.38324
llama2-7b_conv300,1598,24146296000.0,339444241930.38324
llama2-7b_conv300,1599,24146296000.0,339576442586.38324
llama2-7b_conv300,1600,24146296000.0,339708643242.38324
llama2-7b_conv300,1601,24146296000.0,339840843898.38324
llama2-7b_conv300,1602,24146296000.0,339973044554.38324
llama2-7b_conv300,1603,24146296000.0,340105245210.38324
llama2-7b_conv300,1604,24146296000.0,340237365994.38324
llama2-7b_conv300,1605,24146296000.0,340369828794.38324
llama2-7b_conv300,1606,24146296000.0,340502291594.38324
llama2-7b_conv300,1607,24146296000.0,340634754394.38324
llama2-7b_conv300,1608,24146296000.0,340767217194.38324
llama2-7b_conv300,1609,24146296000.0,340899679994.38324
llama2-7b_conv300,1610,24146296000.0,341032142794.38324
llama2-7b_conv300,1611,24146296000.0,341162769306.38324
llama2-7b_conv300,1612,24768385000.0,343612722273.6118
llama2-7b_conv300,1613,24768385000.0,343745283377.6118
llama2-7b_conv300,1614,24768385000.0,343877844481.6118
llama2-7b_conv300,1615,24768385000.0,344010405585.6118
llama2-7b_conv300,1616,24768385000.0,344142999457.6118
llama2-7b_conv300,1617,24768385000.0,344275593329.6118
llama2-7b_conv300,1618,24768385000.0,344408187201.6118
llama2-7b_conv300,1619,24768385000.0,344540781073.6118
llama2-7b_conv300,1620,24768385000.0,344673374945.6118
llama2-7b_conv300,1621,24768385000.0,344805968817.6118
llama2-7b_conv300,1622,24768385000.0,344938562689.6118
llama2-7b_conv300,1623,24894961000.0,345971851366.5261
llama2-7b_conv300,1624,24894961000.0,346105855542.5261
llama2-7b_conv300,1625,24894961000.0,346239859718.5261
llama2-7b_conv300,1626,24894961000.0,346373863894.5261
llama2-7b_conv300,1627,24894961000.0,346508013478.5261
llama2-7b_conv300,1628,24894961000.0,346642163062.5261
llama2-7b_conv300,1629,24894961000.0,346776312646.5261
llama2-7b_conv300,1630,24894961000.0,346910462230.5261
llama2-7b_conv300,1631,24894961000.0,347044611814.5261
llama2-7b_conv300,1632,24894961000.0,347178761398.5261
llama2-7b_conv300,1633,24894961000.0,347312910982.5261
llama2-7b_conv300,1634,24894961000.0,347447060566.5261
llama2-7b_conv300,1635,24894961000.0,347581210150.5261
llama2-7b_conv300,1636,24894961000.0,347715359734.5261
llama2-7b_conv300,1637,24894961000.0,347849509318.5261
llama2-7b_conv300,1638,24894961000.0,347983658902.5261
llama2-7b_conv300,1639,24894961000.0,348117808486.5261
llama2-7b_conv300,1640,24894961000.0,348251958070.5261
llama2-7b_conv300,1641,25081422000.0,349785721453.7433
llama2-7b_conv300,1642,25081422000.0,349921201469.7433
llama2-7b_conv300,1643,25081422000.0,350056714253.7433
llama2-7b_conv300,1644,25081422000.0,350192227037.7433
llama2-7b_conv300,1645,25081422000.0,350327739821.7433
llama2-7b_conv300,1646,25081422000.0,350463252605.7433
llama2-7b_conv300,1647,25081422000.0,350599533389.7433
llama2-7b_conv300,1648,25081422000.0,350736156189.7433
llama2-7b_conv300,1649,25081422000.0,350870844397.7433
llama2-7b_conv300,1650,25081422000.0,351005532605.7433
llama2-7b_conv300,1651,25081422000.0,351140220813.7433
llama2-7b_conv300,1652,25081422000.0,351274909021.7433
llama2-7b_conv300,1653,25081422000.0,351409597229.7433
llama2-7b_conv300,1654,25081422000.0,351544285437.7433
llama2-7b_conv300,1655,25223379000.0,353060087222.48615
llama2-7b_conv300,1656,25249840000.0,355030030128.589
llama2-7b_conv300,1657,25249840000.0,357004167338.69183
llama2-7b_conv300,1658,25249840000.0,358982498852.7947
llama2-7b_conv300,1659,25249840000.0,360965024670.8975
llama2-7b_conv300,1660,25249840000.0,362951744793.00037
llama2-7b_conv300,1661,25249840000.0,364942659219.1032
llama2-7b_conv300,1662,25249840000.0,366937767949.20605
llama2-7b_conv300,1663,25324254000.0,368937077130.3089
llama2-7b_conv300,1664,25324254000.0,369388528986.3089
llama2-7b_conv300,1665,25324254000.0,369534202410.3089
llama2-7b_conv300,1666,25324254000.0,369679875834.3089
llama2-7b_conv300,1667,25324254000.0,369825549258.3089
llama2-7b_conv300,1668,25324254000.0,369971222682.3089
llama2-7b_conv300,1669,25324254000.0,370116928874.3089
llama2-7b_conv300,1670,25324254000.0,370262635066.3089
llama2-7b_conv300,1671,25324254000.0,370408341258.3089
llama2-7b_conv300,1672,25324254000.0,370554047450.3089
llama2-7b_conv300,1673,25324254000.0,370699786410.3089
llama2-7b_conv300,1674,25324254000.0,370845525370.3089
llama2-7b_conv300,1675,25324254000.0,370991264330.3089
llama2-7b_conv300,1676,25324254000.0,371137003290.3089
llama2-7b_conv300,1677,25324254000.0,371282742250.3089
llama2-7b_conv300,1678,25324254000.0,371428481210.3089
llama2-7b_conv300,1679,25324254000.0,371574220170.3089
llama2-7b_conv300,1680,25249840000.0,371719593306.3089
llama2-7b_conv300,1681,25249840000.0,371864966442.3089
llama2-7b_conv300,1682,25249840000.0,372010339578.3089
llama2-7b_conv300,1683,25249840000.0,372155712714.3089
llama2-7b_conv300,1684,25249840000.0,372301085850.3089
llama2-7b_conv300,1685,25249840000.0,372446458986.3089
llama2-7b_conv300,1686,25249840000.0,372591752250.3089
llama2-7b_conv300,1687,25249840000.0,372737387530.3089
llama2-7b_conv300,1688,25249840000.0,372883022810.3089
llama2-7b_conv300,1689,25249840000.0,373028658090.3089
llama2-7b_conv300,1690,25249840000.0,373174293370.3089
llama2-7b_conv300,1691,25249840000.0,373319928650.3089
llama2-7b_conv300,1692,25249840000.0,373465563930.3089
llama2-7b_conv300,1693,25917107000.0,375444696215.41174
llama2-7b_conv300,1694,25917107000.0,377428364820.5146
llama2-7b_conv300,1695,25917107000.0,377892294148.5146
llama2-7b_conv300,1696,25917107000.0,378041436884.5146
llama2-7b_conv300,1697,25917107000.0,378190499748.5146
llama2-7b_conv300,1698,25917107000.0,378339904628.5146
llama2-7b_conv300,1699,25917107000.0,378489309508.5146
llama2-7b_conv300,1700,25917107000.0,378636517652.5146
llama2-7b_conv300,1701,25917107000.0,378783725796.5146
llama2-7b_conv300,1702,25917107000.0,378930933940.5146
llama2-7b_conv300,1703,25917107000.0,379078142084.5146
llama2-7b_conv300,1704,25917107000.0,379225350228.5146
llama2-7b_conv300,1705,25917107000.0,379372558372.5146
llama2-7b_conv300,1706,25917107000.0,379519766516.5146
llama2-7b_conv300,1707,25917107000.0,379666974660.5146
llama2-7b_conv300,1708,25917107000.0,379814182804.5146
llama2-7b_conv300,1709,25917107000.0,379961390948.5146
llama2-7b_conv300,1710,25917107000.0,380108519220.5146
llama2-7b_conv300,1711,25917107000.0,380255989508.5146
llama2-7b_conv300,1712,25917107000.0,380403459796.5146
llama2-7b_conv300,1713,25917107000.0,380550930084.5146
llama2-7b_conv300,1714,25917107000.0,380698400372.5146
llama2-7b_conv300,1715,25917107000.0,380845870660.5146
llama2-7b_conv300,1716,25917107000.0,380993340948.5146
llama2-7b_conv300,1717,26254478000.0,381844286572.6803
llama2-7b_conv300,1718,26254478000.0,381993349436.6803
llama2-7b_conv300,1719,26254478000.0,382142754316.6803
llama2-7b_conv300,1720,26254478000.0,382292079324.6803
llama2-7b_conv300,1721,26254478000.0,382432209580.6803
llama2-7b_conv300,1722,26254478000.0,382572339836.6803
llama2-7b_conv300,1723,26254478000.0,382711059788.6803
llama2-7b_conv300,1724,26254478000.0,382849779740.6803
llama2-7b_conv300,1725,26254478000.0,382988499692.6803
llama2-7b_conv300,1726,26254478000.0,383127219644.6803
llama2-7b_conv300,1727,26254478000.0,383264267148.6803
llama2-7b_conv300,1728,26254478000.0,383401314652.6803
llama2-7b_conv300,1729,26407057000.0,387187533594.606
llama2-7b_conv300,1730,26407057000.0,387326515690.606
llama2-7b_conv300,1731,26407057000.0,387465497786.606
llama2-7b_conv300,1732,26461144000.0,388954492249.8917
llama2-7b_conv300,1733,26461144000.0,389094884649.8917
llama2-7b_conv300,1734,26461144000.0,389235277049.8917
llama2-7b_conv300,1735,26461144000.0,389375669449.8917
llama2-7b_conv300,1736,26461144000.0,389516061849.8917
llama2-7b_conv300,1737,26461144000.0,389656454249.8917
llama2-7b_conv300,1738,26461144000.0,389796846649.8917
llama2-7b_conv300,1739,26461144000.0,389937239049.8917
llama2-7b_conv300,1740,26461144000.0,390077631449.8917
llama2-7b_conv300,1741,26461144000.0,390218023849.8917
llama2-7b_conv300,1742,26461144000.0,390358416249.8917
llama2-7b_conv300,1743,26461144000.0,390498808649.8917
llama2-7b_conv300,1744,26461144000.0,390639201049.8917
llama2-7b_conv300,1745,26461144000.0,390779593449.8917
llama2-7b_conv300,1746,26461144000.0,390919985849.8917
llama2-7b_conv300,1747,26461144000.0,391060378249.8917
llama2-7b_conv300,1748,26461144000.0,391200770649.8917
llama2-7b_conv300,1749,26461144000.0,391341163049.8917
llama2-7b_conv300,1750,26461144000.0,391481555449.8917
llama2-7b_conv300,1751,26461144000.0,391621947849.8917
llama2-7b_conv300,1752,26461144000.0,391762340249.8917
llama2-7b_conv300,1753,26461144000.0,391902732649.8917
llama2-7b_conv300,1754,26461144000.0,392043125049.8917
llama2-7b_conv300,1755,26461144000.0,392183517449.8917
llama2-7b_conv300,1756,26461144000.0,392323909849.8917
llama2-7b_conv300,1757,26461144000.0,392464302249.8917
llama2-7b_conv300,1758,26461144000.0,392604694649.8917
llama2-7b_conv300,1759,26461144000.0,392745007177.8917
llama2-7b_conv300,1760,26461144000.0,392885661721.8917
llama2-7b_conv300,1761,26461144000.0,393026316265.8917
llama2-7b_conv300,1762,26461144000.0,393166970809.8917
llama2-7b_conv300,1763,26461144000.0,393307625353.8917
llama2-7b_conv300,1764,26461144000.0,393448279897.8917
llama2-7b_conv300,1765,26461144000.0,393588934441.8917
llama2-7b_conv300,1766,26461144000.0,393729588985.8917
llama2-7b_conv300,1767,26461144000.0,393870243529.8917
llama2-7b_conv300,1768,26461144000.0,394010898073.8917
llama2-7b_conv300,1769,26461144000.0,394151552617.8917
llama2-7b_conv300,1770,26461144000.0,394292207161.8917
llama2-7b_conv300,1771,26461144000.0,394432861705.8917
llama2-7b_conv300,1772,26461144000.0,394573516249.8917
llama2-7b_conv300,1773,26461144000.0,394714170793.8917
llama2-7b_conv300,1774,26461144000.0,394854825337.8917
llama2-7b_conv300,1775,26461144000.0,394995479881.8917
llama2-7b_conv300,1776,26461144000.0,395136134425.8917
llama2-7b_conv300,1777,26461144000.0,395276788969.8917
llama2-7b_conv300,1778,26461144000.0,395417443513.8917
llama2-7b_conv300,1779,26461144000.0,395556425609.8917
llama2-7b_conv300,1780,26461144000.0,395695407705.8917
llama2-7b_conv300,1781,26461144000.0,395832455209.8917
llama2-7b_conv300,1782,26461144000.0,395969502713.8917
llama2-7b_conv300,1783,26461144000.0,396106550217.8917
llama2-7b_conv300,1784,26461144000.0,396243597721.8917
llama2-7b_conv300,1785,26461144000.0,396380645225.8917
llama2-7b_conv300,1786,26461144000.0,396517692729.8917
llama2-7b_conv300,1787,26461144000.0,396654740233.8917
llama2-7b_conv300,1788,26461144000.0,396791787737.8917
llama2-7b_conv300,1789,26461144000.0,396928835241.8917
llama2-7b_conv300,1790,26461144000.0,397065882745.8917
llama2-7b_conv300,1791,26461144000.0,397202930249.8917
llama2-7b_conv300,1792,26461144000.0,397339977753.8917
llama2-7b_conv300,1793,26461144000.0,397476945385.8917
llama2-7b_conv300,1794,26461144000.0,397614255033.8917
llama2-7b_conv300,1795,26461144000.0,397751564681.8917
llama2-7b_conv300,1796,26461144000.0,397888874329.8917
llama2-7b_conv300,1797,26461144000.0,398026183977.8917
llama2-7b_conv300,1798,26461144000.0,398163493625.8917
llama2-7b_conv300,1799,26461144000.0,398300803273.8917
llama2-7b_conv300,1800,26461144000.0,398438112921.8917
llama2-7b_conv300,1801,26461144000.0,398575422569.8917
llama2-7b_conv300,1802,26461144000.0,398712732217.8917
llama2-7b_conv300,1803,26461144000.0,398850041865.8917
llama2-7b_conv300,1804,26461144000.0,398987351513.8917
llama2-7b_conv300,1805,26461144000.0,399124661161.8917
llama2-7b_conv300,1806,26461144000.0,399261970809.8917
llama2-7b_conv300,1807,26461144000.0,399399280457.8917
llama2-7b_conv300,1808,26461144000.0,399536590105.8917
llama2-7b_conv300,1809,26461144000.0,399673899753.8917
llama2-7b_conv300,1810,26461144000.0,399811209401.8917
llama2-7b_conv300,1811,26461144000.0,399948519049.8917
llama2-7b_conv300,1812,26461144000.0,400085828697.8917
llama2-7b_conv300,1813,26461144000.0,400223138345.8917
llama2-7b_conv300,1814,26461144000.0,400360447993.8917
llama2-7b_conv300,1815,27330266000.0,401897371441.1089
llama2-7b_conv300,1816,27330266000.0,402036091393.1089
llama2-7b_conv300,1817,27330266000.0,402174811345.1089
llama2-7b_conv300,1818,27330266000.0,402313531297.1089
llama2-7b_conv300,1819,27330266000.0,402452251249.1089
llama2-7b_conv300,1820,27330266000.0,402590971201.1089
llama2-7b_conv300,1821,27330266000.0,402729691153.1089
llama2-7b_conv300,1822,27330266000.0,402868411105.1089
llama2-7b_conv300,1823,27330266000.0,403007131057.1089
llama2-7b_conv300,1824,27330266000.0,403145851009.1089
llama2-7b_conv300,1825,27330266000.0,403284570961.1089
llama2-7b_conv300,1826,27330266000.0,403423290913.1089
llama2-7b_conv300,1827,27330266000.0,403562010865.1089
llama2-7b_conv300,1828,27330266000.0,403700650945.1089
llama2-7b_conv300,1829,27330266000.0,403839633041.1089
llama2-7b_conv300,1830,27330266000.0,403978615137.1089
llama2-7b_conv300,1831,27330266000.0,404115400497.1089
llama2-7b_conv300,1832,27330266000.0,404250513409.1089
llama2-7b_conv300,1833,27330266000.0,404385626321.1089
llama2-7b_conv300,1834,27330266000.0,404520739233.1089
llama2-7b_conv300,1835,27552529000.0,406031066455.3603
llama2-7b_conv300,1836,27552529000.0,406167589671.3603
llama2-7b_conv300,1837,27552529000.0,406304112887.3603
llama2-7b_conv300,1838,27552529000.0,406440636103.3603
llama2-7b_conv300,1839,27552529000.0,406577159319.3603
llama2-7b_conv300,1840,27552529000.0,406713682535.3603
llama2-7b_conv300,1841,27552529000.0,406850205751.3603
llama2-7b_conv300,1842,27552529000.0,406986728967.3603
llama2-7b_conv300,1843,27552529000.0,407123252183.3603
llama2-7b_conv300,1844,27552529000.0,407259775399.3603
llama2-7b_conv300,1845,27552529000.0,407396298615.3603
llama2-7b_conv300,1846,27552529000.0,407532821831.3603
llama2-7b_conv300,1847,27552529000.0,407669345047.3603
llama2-7b_conv300,1848,27552529000.0,407805868263.3603
llama2-7b_conv300,1849,27552529000.0,407942391479.3603
llama2-7b_conv300,1850,27552529000.0,408078914695.3603
llama2-7b_conv300,1851,27552529000.0,408215437911.3603
llama2-7b_conv300,1852,27552529000.0,408351961127.3603
llama2-7b_conv300,1853,27552529000.0,408488484343.3603
llama2-7b_conv300,1854,27552529000.0,408625007559.3603
llama2-7b_conv300,1855,27552529000.0,408761530775.3603
llama2-7b_conv300,1856,27552529000.0,408898053991.3603
llama2-7b_conv300,1857,27552529000.0,409034577207.3603
llama2-7b_conv300,1858,27552529000.0,409171100423.3603
llama2-7b_conv300,1859,27552529000.0,409307623639.3603
llama2-7b_conv300,1860,27552529000.0,409444146855.3603
llama2-7b_conv300,1861,27552529000.0,409580670071.3603
llama2-7b_conv300,1862,27552529000.0,409717193287.3603
llama2-7b_conv300,1863,27552529000.0,409853716503.3603
llama2-7b_conv300,1864,27552529000.0,409990239719.3603
llama2-7b_conv300,1865,27552529000.0,410126762935.3603
llama2-7b_conv300,1866,27552529000.0,410263286151.3603
llama2-7b_conv300,1867,27552529000.0,410399729495.3603
llama2-7b_conv300,1868,27552529000.0,410536514855.3603
llama2-7b_conv300,1869,27552529000.0,410673300215.3603
llama2-7b_conv300,1870,27552529000.0,410810085575.3603
llama2-7b_conv300,1871,27552529000.0,410946870935.3603
llama2-7b_conv300,1872,27552529000.0,411083656295.3603
llama2-7b_conv300,1873,27552529000.0,411220441655.3603
llama2-7b_conv300,1874,27552529000.0,411357227015.3603
llama2-7b_conv300,1875,27552529000.0,411494012375.3603
llama2-7b_conv300,1876,27552529000.0,411630797735.3603
llama2-7b_conv300,1877,27552529000.0,411767583095.3603
llama2-7b_conv300,1878,27552529000.0,411904368455.3603
llama2-7b_conv300,1879,27552529000.0,412041153815.3603
llama2-7b_conv300,1880,27552529000.0,412177939175.3603
llama2-7b_conv300,1881,27552529000.0,412314724535.3603
llama2-7b_conv300,1882,27552529000.0,412451509895.3603
llama2-7b_conv300,1883,27552529000.0,412588295255.3603
llama2-7b_conv300,1884,27552529000.0,412725080615.3603
llama2-7b_conv300,1885,27552529000.0,412861865975.3603
llama2-7b_conv300,1886,27552529000.0,412998651335.3603
llama2-7b_conv300,1887,28090234000.0,413371047415.3603
llama2-7b_conv300,1888,28090234000.0,413508704455.3603
llama2-7b_conv300,1889,28090234000.0,413646361495.3603
llama2-7b_conv300,1890,28090234000.0,413783938663.3603
llama2-7b_conv300,1891,28090234000.0,413921515831.3603
llama2-7b_conv300,1892,28090234000.0,414059092999.3603
llama2-7b_conv300,1893,28090234000.0,414196670167.3603
llama2-7b_conv300,1894,28090234000.0,414334247335.3603
llama2-7b_conv300,1895,28090234000.0,414471824503.3603
llama2-7b_conv300,1896,28090234000.0,414609401671.3603
llama2-7b_conv300,1897,28090234000.0,414746978839.3603
llama2-7b_conv300,1898,28090234000.0,414884556007.3603
llama2-7b_conv300,1899,28090234000.0,415022133175.3603
llama2-7b_conv300,1900,28090234000.0,415159710343.3603
llama2-7b_conv300,1901,28090234000.0,415297287511.3603
llama2-7b_conv300,1902,28090234000.0,415434864679.3603
llama2-7b_conv300,1903,28090234000.0,415572441847.3603
llama2-7b_conv300,1904,28090234000.0,415710019015.3603
llama2-7b_conv300,1905,28090234000.0,415847596183.3603
llama2-7b_conv300,1906,28090234000.0,415985173351.3603
llama2-7b_conv300,1907,28090234000.0,416122750519.3603
llama2-7b_conv300,1908,28090234000.0,416260327687.3603
llama2-7b_conv300,1909,28090234000.0,416397904855.3603
llama2-7b_conv300,1910,28090234000.0,416535482023.3603
llama2-7b_conv300,1911,28090234000.0,416673059191.3603
llama2-7b_conv300,1912,28353357000.0,419245658710.3831
llama2-7b_conv300,1913,28353357000.0,419385170470.3831
llama2-7b_conv300,1914,28353357000.0,419524682230.3831
llama2-7b_conv300,1915,28353357000.0,419664193990.3831
llama2-7b_conv300,1916,28353357000.0,419803705750.3831
llama2-7b_conv300,1917,28353357000.0,419943217510.3831
llama2-7b_conv300,1918,28353357000.0,420082729270.3831
llama2-7b_conv300,1919,28353357000.0,420222273798.3831
llama2-7b_conv300,1920,28353357000.0,420361818326.3831
llama2-7b_conv300,1921,28353357000.0,420501282982.3831
llama2-7b_conv300,1922,28353357000.0,420641089654.3831
llama2-7b_conv300,1923,28353357000.0,420780896326.3831
llama2-7b_conv300,1924,28353357000.0,420920702998.3831
llama2-7b_conv300,1925,28353357000.0,421060509670.3831
llama2-7b_conv300,1926,28353357000.0,421200316342.3831
llama2-7b_conv300,1927,28353357000.0,421340123014.3831
llama2-7b_conv300,1928,28353357000.0,421479929686.3831
llama2-7b_conv300,1929,28353357000.0,421619736358.3831
llama2-7b_conv300,1930,28353357000.0,421759543030.3831
llama2-7b_conv300,1931,28578535000.0,423732926579.48596
llama2-7b_conv300,1932,28578535000.0,425710504432.5888
llama2-7b_conv300,1933,28607772000.0,427690011504.69165
llama2-7b_conv300,1934,28607772000.0,429668994288.7945
llama2-7b_conv300,1935,28607772000.0,431232503469.4859
llama2-7b_conv300,1936,28607772000.0,431378800765.4859
llama2-7b_conv300,1937,28764379000.0,432224273660.66876
llama2-7b_conv300,1938,28764379000.0,432372243404.66876
llama2-7b_conv300,1939,28764379000.0,432520213148.66876
llama2-7b_conv300,1940,28764379000.0,432668182892.66876
llama2-7b_conv300,1941,28764379000.0,432816152636.66876
llama2-7b_conv300,1942,28764379000.0,432964042508.66876
llama2-7b_conv300,1943,28764379000.0,433112274396.66876
llama2-7b_conv300,1944,28764379000.0,433260506284.66876
llama2-7b_conv300,1945,28764379000.0,433408738172.66876
llama2-7b_conv300,1946,28764379000.0,433556970060.66876
llama2-7b_conv300,1947,28764379000.0,433705201948.66876
llama2-7b_conv300,1948,28764379000.0,433853433836.66876
llama2-7b_conv300,1949,28764379000.0,433999731132.66876
llama2-7b_conv300,1950,28764379000.0,434146796428.66876
llama2-7b_conv300,1951,28764379000.0,434294203740.66876
llama2-7b_conv300,1952,28764379000.0,434441611052.66876
llama2-7b_conv300,1953,28764379000.0,434589018364.66876
llama2-7b_conv300,1954,28764379000.0,434736425676.66876
llama2-7b_conv300,1955,28764379000.0,434883832988.66876
llama2-7b_conv300,1956,28764379000.0,435031160428.66876
llama2-7b_conv300,1957,28764379000.0,435178829884.66876
llama2-7b_conv300,1958,28764379000.0,435326499340.66876
llama2-7b_conv300,1959,28764379000.0,435474168796.66876
llama2-7b_conv300,1960,28764379000.0,435621838252.66876
llama2-7b_conv300,1961,28764379000.0,435769507708.66876
llama2-7b_conv300,1962,28764379000.0,435917177164.66876
llama2-7b_conv300,1963,28764379000.0,436064846620.66876
llama2-7b_conv300,1964,28764379000.0,436212516076.66876
llama2-7b_conv300,1965,28764379000.0,436360105660.66876
llama2-7b_conv300,1966,28764379000.0,436508037260.66876
llama2-7b_conv300,1967,28764379000.0,436655968860.66876
llama2-7b_conv300,1968,28764379000.0,436803900460.66876
llama2-7b_conv300,1969,28764379000.0,436951832060.66876
llama2-7b_conv300,1970,28764379000.0,437099763660.66876
llama2-7b_conv300,1971,28764379000.0,437247695260.66876
llama2-7b_conv300,1972,28764379000.0,437395626860.66876
llama2-7b_conv300,1973,28764379000.0,437543558460.66876
llama2-7b_conv300,1974,28764379000.0,437691490060.66876
llama2-7b_conv300,1975,28764379000.0,437839421660.66876
llama2-7b_conv300,1976,28764379000.0,437987353260.66876
llama2-7b_conv300,1977,28764379000.0,438135284860.66876
llama2-7b_conv300,1978,28764379000.0,438283216460.66876
llama2-7b_conv300,1979,28764379000.0,438431148060.66876
llama2-7b_conv300,1980,28764379000.0,438579079660.66876
llama2-7b_conv300,1981,28764379000.0,438727011260.66876
llama2-7b_conv300,1982,28764379000.0,438874942860.66876
llama2-7b_conv300,1983,28764379000.0,439022874460.66876
llama2-7b_conv300,1984,29340288000.0,439752204869.81165
llama2-7b_conv300,1985,29340288000.0,439900436757.81165
llama2-7b_conv300,1986,29340288000.0,440048668645.81165
llama2-7b_conv300,1987,29340288000.0,440196900533.81165
llama2-7b_conv300,1988,29340288000.0,440345052549.81165
llama2-7b_conv300,1989,29340288000.0,440493546581.81165
llama2-7b_conv300,1990,29340288000.0,440642040613.81165
llama2-7b_conv300,1991,29340288000.0,440790534645.81165
llama2-7b_conv300,1992,29340288000.0,440939028677.81165
llama2-7b_conv300,1993,29340288000.0,441087522709.81165
llama2-7b_conv300,1994,29340288000.0,441236016741.81165
llama2-7b_conv300,1995,29340288000.0,441382496309.81165
llama2-7b_conv300,1996,29340288000.0,441529317893.81165
llama2-7b_conv300,1997,29340288000.0,441676139477.81165
llama2-7b_conv300,1998,29340288000.0,441822961061.81165
llama2-7b_conv300,1999,29340288000.0,441969782645.81165
llama2-7b_conv300,2000,28607772000.0,442116303941.81165
llama2-7b_conv300,2001,28607772000.0,442262825237.81165
llama2-7b_conv300,2002,28607772000.0,442409346533.81165
llama2-7b_conv300,2003,28607772000.0,442555867829.81165
llama2-7b_conv300,2004,28607772000.0,442702389125.81165
llama2-7b_conv300,2005,28607772000.0,442848910421.81165
llama2-7b_conv300,2006,28607772000.0,442995431717.81165
llama2-7b_conv300,2007,28607772000.0,443141953013.81165
llama2-7b_conv300,2008,28607772000.0,443288474309.81165
llama2-7b_conv300,2009,28607772000.0,443434995605.81165
llama2-7b_conv300,2010,28607772000.0,443581516901.81165
llama2-7b_conv300,2011,28607772000.0,443728038197.81165
llama2-7b_conv300,2012,28607772000.0,443874559493.81165
llama2-7b_conv300,2013,29686078000.0,445854390149.9145
llama2-7b_conv300,2014,29686078000.0,447838415110.01733
llama2-7b_conv300,2015,29686078000.0,449826554502.1202
llama2-7b_conv300,2016,29686078000.0,451819230214.223
llama2-7b_conv300,2017,29686078000.0,453816100230.32587
llama2-7b_conv300,2018,29686078000.0,455817084678.4287
llama2-7b_conv300,2019,29686078000.0,457822605446.53156
llama2-7b_conv300,2020,29686078000.0,459832320518.6344
llama2-7b_conv300,2021,29686078000.0,459989978326.6344
llama2-7b_conv300,2022,29686078000.0,460146298534.6344
llama2-7b_conv300,2023,29686078000.0,460302618742.6344
llama2-7b_conv300,2024,29686078000.0,460458938950.6344
llama2-7b_conv300,2025,29686078000.0,460615259158.6344
llama2-7b_conv300,2026,29686078000.0,460771579366.6344
llama2-7b_conv300,2027,29686078000.0,460927899574.6344
llama2-7b_conv300,2028,29686078000.0,461084219782.6344
llama2-7b_conv300,2029,29686078000.0,461240539990.6344
llama2-7b_conv300,2030,29686078000.0,461396860198.6344
llama2-7b_conv300,2031,29686078000.0,461553180406.6344
llama2-7b_conv300,2032,30181499000.0,464459996171.73157
llama2-7b_conv300,2033,30181499000.0,464616316379.73157
llama2-7b_conv300,2034,30181499000.0,464772636587.73157
llama2-7b_conv300,2035,30181499000.0,464926760059.73157
llama2-7b_conv300,2036,30181499000.0,465080883531.73157
llama2-7b_conv300,2037,30181499000.0,465235007003.73157
llama2-7b_conv300,2038,30181499000.0,465389130475.73157
llama2-7b_conv300,2039,30181499000.0,465543253947.73157
llama2-7b_conv300,2040,30181499000.0,465697377419.73157
llama2-7b_conv300,2041,30181499000.0,465851500891.73157
llama2-7b_conv300,2042,30181499000.0,466005624363.73157
llama2-7b_conv300,2043,30181499000.0,466159747835.73157
llama2-7b_conv300,2044,30181499000.0,466313871307.73157
llama2-7b_conv300,2045,30181499000.0,466467994779.73157
llama2-7b_conv300,2046,30181499000.0,466622118251.73157
llama2-7b_conv300,2047,30181499000.0,466776241723.73157
llama2-7b_conv300,2048,30181499000.0,466930365195.73157
llama2-7b_conv300,2049,30181499000.0,467084488667.73157
llama2-7b_conv300,2050,30181499000.0,467238612139.73157
llama2-7b_conv300,2051,30181499000.0,467392735611.73157
llama2-7b_conv300,2052,30181499000.0,467544924491.73157
llama2-7b_conv300,2053,30181499000.0,467697113371.73157
llama2-7b_conv300,2054,30181499000.0,467849302251.73157
llama2-7b_conv300,2055,30181499000.0,468001491131.73157
llama2-7b_conv300,2056,30181499000.0,468153680011.73157
llama2-7b_conv300,2057,30181499000.0,468305868891.73157
llama2-7b_conv300,2058,30181499000.0,468458057771.73157
llama2-7b_conv300,2059,30181499000.0,468610246651.73157
llama2-7b_conv300,2060,30181499000.0,468762435531.73157
llama2-7b_conv300,2061,30181499000.0,468913214107.73157
llama2-7b_conv300,2062,30181499000.0,469063992683.73157
llama2-7b_conv300,2063,30181499000.0,469214771259.73157
llama2-7b_conv300,2064,30181499000.0,469365549835.73157
llama2-7b_conv300,2065,30181499000.0,469516328411.73157
llama2-7b_conv300,2066,30181499000.0,469667106987.73157
llama2-7b_conv300,2067,30181499000.0,469817885563.73157
llama2-7b_conv300,2068,30181499000.0,469968664139.73157
llama2-7b_conv300,2069,30181499000.0,470119442715.73157
llama2-7b_conv300,2070,30181499000.0,470270141419.73157
llama2-7b_conv300,2071,30181499000.0,470411645371.73157
llama2-7b_conv300,2072,30181499000.0,470553149323.73157
llama2-7b_conv300,2073,30181499000.0,470694653275.73157
llama2-7b_conv300,2074,30181499000.0,470836157227.73157
llama2-7b_conv300,2075,30181499000.0,470977661179.73157
llama2-7b_conv300,2076,30181499000.0,471119165131.73157
llama2-7b_conv300,2077,30181499000.0,471260669083.73157
llama2-7b_conv300,2078,30181499000.0,471402173035.73157
llama2-7b_conv300,2079,30181499000.0,471543676987.73157
llama2-7b_conv300,2080,30181499000.0,471685180939.73157
llama2-7b_conv300,2081,30181499000.0,471826684891.73157
llama2-7b_conv300,2082,30181499000.0,471968188843.73157
llama2-7b_conv300,2083,30181499000.0,472109692795.73157
llama2-7b_conv300,2084,30181499000.0,472251116875.73157
llama2-7b_conv300,2085,30181499000.0,472392882971.73157
llama2-7b_conv300,2086,30181499000.0,472534649067.73157
llama2-7b_conv300,2087,30181499000.0,472676415163.73157
llama2-7b_conv300,2088,30181499000.0,472818181259.73157
llama2-7b_conv300,2089,30181499000.0,472959947355.73157
llama2-7b_conv300,2090,30181499000.0,473101713451.73157
llama2-7b_conv300,2091,30181499000.0,473239447803.73157
llama2-7b_conv300,2092,30181499000.0,473377182155.73157
llama2-7b_conv300,2093,30181499000.0,473514916507.73157
llama2-7b_conv300,2094,30181499000.0,473652650859.73157
llama2-7b_conv300,2095,30181499000.0,473790385211.73157
llama2-7b_conv300,2096,30181499000.0,473924087819.73157
llama2-7b_conv300,2097,30181499000.0,474057790427.73157
llama2-7b_conv300,2098,30181499000.0,474191493035.73157
llama2-7b_conv300,2099,30181499000.0,474325195643.73157
llama2-7b_conv300,2100,30181499000.0,474458898251.73157
llama2-7b_conv300,2101,30181499000.0,474592600859.73157
llama2-7b_conv300,2102,30181499000.0,474726303467.73157
llama2-7b_conv300,2103,30181499000.0,474860006075.73157
llama2-7b_conv300,2104,30181499000.0,474993708683.73157
llama2-7b_conv300,2105,30181499000.0,475127411291.73157
llama2-7b_conv300,2106,30181499000.0,475261113899.73157
llama2-7b_conv300,2107,30181499000.0,475394816507.73157
llama2-7b_conv300,2108,30181499000.0,475528519115.73157
llama2-7b_conv300,2109,30181499000.0,475662221723.73157
llama2-7b_conv300,2110,30181499000.0,475795924331.73157
llama2-7b_conv300,2111,30181499000.0,475929626939.73157
llama2-7b_conv300,2112,30181499000.0,476063329547.73157
llama2-7b_conv300,2113,30181499000.0,476197032155.73157
llama2-7b_conv300,2114,30181499000.0,476330734763.73157
llama2-7b_conv300,2115,30181499000.0,476464437371.73157
llama2-7b_conv300,2116,30181499000.0,476598139979.73157
llama2-7b_conv300,2117,30181499000.0,476731842587.73157
llama2-7b_conv300,2118,30181499000.0,476865545195.73157
llama2-7b_conv300,2119,30181499000.0,476999247803.73157
llama2-7b_conv300,2120,30181499000.0,477132950411.73157
llama2-7b_conv300,2121,28607772000.0,477264718427.73157
llama2-7b_conv300,2122,28607772000.0,477396486443.73157
llama2-7b_conv300,2123,28607772000.0,477528254459.73157
llama2-7b_conv300,2124,28607772000.0,477660022475.73157
llama2-7b_conv300,2125,31269171000.0,479229207317.8973
llama2-7b_conv300,2126,31269171000.0,479362385637.8973
llama2-7b_conv300,2127,31269171000.0,479495563957.8973
llama2-7b_conv300,2128,31269171000.0,479628742277.8973
llama2-7b_conv300,2129,31269171000.0,479761920597.8973
llama2-7b_conv300,2130,31269171000.0,479895098917.8973
llama2-7b_conv300,2131,31269171000.0,480028277237.8973
llama2-7b_conv300,2132,31269171000.0,480161455557.8973
llama2-7b_conv300,2133,31269171000.0,480294633877.8973
llama2-7b_conv300,2134,31269171000.0,480427812197.8973
llama2-7b_conv300,2135,31269171000.0,480560990517.8973
llama2-7b_conv300,2136,31269171000.0,480694168837.8973
llama2-7b_conv300,2137,31269171000.0,480827347157.8973
llama2-7b_conv300,2138,31269171000.0,480960525477.8973
llama2-7b_conv300,2139,31269171000.0,481093703797.8973
llama2-7b_conv300,2140,31269171000.0,481226882117.8973
llama2-7b_conv300,2141,31269171000.0,481360060437.8973
llama2-7b_conv300,2142,31269171000.0,481493238757.8973
llama2-7b_conv300,2143,31269171000.0,481626417077.8973
llama2-7b_conv300,2144,31269171000.0,481759595397.8973
llama2-7b_conv300,2145,31269171000.0,481892773717.8973
llama2-7b_conv300,2146,31269171000.0,482025952037.8973
llama2-7b_conv300,2147,31269171000.0,482159130357.8973
llama2-7b_conv300,2148,31269171000.0,482292308677.8973
llama2-7b_conv300,2149,31269171000.0,482425486997.8973
llama2-7b_conv300,2150,31269171000.0,482558665317.8973
llama2-7b_conv300,2151,31269171000.0,482691843637.8973
llama2-7b_conv300,2152,31269171000.0,482825021957.8973
llama2-7b_conv300,2153,31269171000.0,482958200277.8973
llama2-7b_conv300,2154,31269171000.0,483091378597.8973
llama2-7b_conv300,2155,31269171000.0,483224556917.8973
llama2-7b_conv300,2156,31269171000.0,483357735237.8973
llama2-7b_conv300,2157,31269171000.0,483490913557.8973
llama2-7b_conv300,2158,31269171000.0,483624091877.8973
llama2-7b_conv300,2159,31269171000.0,483757270197.8973
llama2-7b_conv300,2160,31620490000.0,485725095463.0001
llama2-7b_conv300,2161,31620490000.0,487697115032.10297
llama2-7b_conv300,2162,31620490000.0,488064795080.10297
llama2-7b_conv300,2163,31620490000.0,488201218712.10297
llama2-7b_conv300,2164,31620490000.0,488337642344.10297
llama2-7b_conv300,2165,31620490000.0,488474065976.10297
llama2-7b_conv300,2166,31620490000.0,488610489608.10297
llama2-7b_conv300,2167,31620490000.0,488746913240.10297
llama2-7b_conv300,2168,31760229000.0,492489404056.08014
llama2-7b_conv300,2169,31760229000.0,492628024424.08014
llama2-7b_conv300,2170,31760229000.0,492766644792.08014
llama2-7b_conv300,2171,31760229000.0,492905265160.08014
llama2-7b_conv300,2172,31760229000.0,493043885528.08014
llama2-7b_conv300,2173,31760229000.0,493182505896.08014
llama2-7b_conv300,2174,31760229000.0,493321126264.08014
llama2-7b_conv300,2175,31760229000.0,493459746632.08014
llama2-7b_conv300,2176,31760229000.0,493598367000.08014
llama2-7b_conv300,2177,31760229000.0,493736987368.08014
llama2-7b_conv300,2178,31760229000.0,493875607736.08014
llama2-7b_conv300,2179,31760229000.0,494014228104.08014
llama2-7b_conv300,2180,31917003000.0,496929666737.143
llama2-7b_conv300,2181,31917003000.0,497070221697.143
llama2-7b_conv300,2182,31917003000.0,497210776657.143
llama2-7b_conv300,2183,31917003000.0,497351331617.143
llama2-7b_conv300,2184,31917003000.0,497491886577.143
llama2-7b_conv300,2185,31917003000.0,497632441537.143
llama2-7b_conv300,2186,31917003000.0,497772996497.143
llama2-7b_conv300,2187,31917003000.0,497913551457.143
llama2-7b_conv300,2188,31917003000.0,498054106417.143
llama2-7b_conv300,2189,31917003000.0,498194661377.143
llama2-7b_conv300,2190,31917003000.0,498335216337.143
llama2-7b_conv300,2191,31917003000.0,498475771297.143
llama2-7b_conv300,2192,31917003000.0,498616326257.143
llama2-7b_conv300,2193,31917003000.0,498756881217.143
llama2-7b_conv300,2194,31917003000.0,498897436177.143
llama2-7b_conv300,2195,31917003000.0,499037991137.143
llama2-7b_conv300,2196,31917003000.0,499178546097.143
llama2-7b_conv300,2197,31917003000.0,499319101057.143
llama2-7b_conv300,2198,31917003000.0,499459656017.143
llama2-7b_conv300,2199,31917003000.0,499600210977.143
llama2-7b_conv300,2200,31917003000.0,499740765937.143
llama2-7b_conv300,2201,31917003000.0,499881320897.143
llama2-7b_conv300,2202,31917003000.0,500021875857.143
llama2-7b_conv300,2203,31917003000.0,500162430817.143
llama2-7b_conv300,2204,31917003000.0,500302985777.143
llama2-7b_conv300,2205,31917003000.0,500443540737.143
llama2-7b_conv300,2206,31917003000.0,500584095697.143
llama2-7b_conv300,2207,31917003000.0,500724650657.143
llama2-7b_conv300,2208,31917003000.0,500865205617.143
llama2-7b_conv300,2209,31917003000.0,501005760577.143
llama2-7b_conv300,2210,31917003000.0,501146315537.143
llama2-7b_conv300,2211,31917003000.0,501286870497.143
llama2-7b_conv300,2212,31917003000.0,501427345585.143
llama2-7b_conv300,2213,31917003000.0,501568162689.143
llama2-7b_conv300,2214,31917003000.0,501708979793.143
llama2-7b_conv300,2215,31917003000.0,501849796897.143
llama2-7b_conv300,2216,31917003000.0,501990614001.143
llama2-7b_conv300,2217,31917003000.0,502131431105.143
llama2-7b_conv300,2218,31917003000.0,502272248209.143
llama2-7b_conv300,2219,31917003000.0,502413065313.143
llama2-7b_conv300,2220,31917003000.0,502553882417.143
llama2-7b_conv300,2221,31917003000.0,502694699521.143
llama2-7b_conv300,2222,32388505000.000004,504669361019.24585
llama2-7b_conv300,2223,32388505000.000004,506648216821.3487
llama2-7b_conv300,2224,32388505000.000004,506811325125.3487
llama2-7b_conv300,2225,32388505000.000004,506955387541.3487
llama2-7b_conv300,2226,32388505000.000004,507099449957.3487
llama2-7b_conv300,2227,32388505000.000004,507243512373.3487
llama2-7b_conv300,2228,32388505000.000004,507387494917.3487
llama2-7b_conv300,2229,32388505000.000004,507531819477.3487
llama2-7b_conv300,2230,32388505000.000004,507676144037.3487
llama2-7b_conv300,2231,32388505000.000004,507820468597.3487
llama2-7b_conv300,2232,32388505000.000004,507964793157.3487
llama2-7b_conv300,2233,32388505000.000004,508109117717.3487
llama2-7b_conv300,2234,32388505000.000004,508253442277.3487
llama2-7b_conv300,2235,32388505000.000004,508397766837.3487
llama2-7b_conv300,2236,32388505000.000004,508542091397.3487
llama2-7b_conv300,2237,32388505000.000004,508686415957.3487
llama2-7b_conv300,2238,32388505000.000004,508830740517.3487
llama2-7b_conv300,2239,32388505000.000004,508975065077.3487
llama2-7b_conv300,2240,32388505000.000004,509119389637.3487
llama2-7b_conv300,2241,32388505000.000004,509263714197.3487
llama2-7b_conv300,2242,32388505000.000004,509408038757.3487
llama2-7b_conv300,2243,32388505000.000004,509552363317.3487
llama2-7b_conv300,2244,32388505000.000004,509696687877.3487
llama2-7b_conv300,2245,32388505000.000004,509841012437.3487
llama2-7b_conv300,2246,32388505000.000004,509985336997.3487
llama2-7b_conv300,2247,32388505000.000004,510129661557.3487
llama2-7b_conv300,2248,32388505000.000004,510273986117.3487
llama2-7b_conv300,2249,32388505000.000004,510418310677.3487
llama2-7b_conv300,2250,32388505000.000004,510562635237.3487
llama2-7b_conv300,2251,32388505000.000004,510706959797.3487
llama2-7b_conv300,2252,32388505000.000004,510851284357.3487
llama2-7b_conv300,2253,32388505000.000004,510995608917.3487
llama2-7b_conv300,2254,32388505000.000004,511139933477.3487
llama2-7b_conv300,2255,32388505000.000004,511284258037.3487
llama2-7b_conv300,2256,32388505000.000004,511428582597.3487
llama2-7b_conv300,2257,32388505000.000004,511572907157.3487
llama2-7b_conv300,2258,32388505000.000004,511717231717.3487
llama2-7b_conv300,2259,32388505000.000004,511861556277.3487
llama2-7b_conv300,2260,32388505000.000004,512005880837.3487
llama2-7b_conv300,2261,32388505000.000004,512150205397.3487
llama2-7b_conv300,2262,32388505000.000004,512292595365.3487
llama2-7b_conv300,2263,32388505000.000004,512434985333.3487
llama2-7b_conv300,2264,32388505000.000004,512577375301.3487
llama2-7b_conv300,2265,32388505000.000004,512719765269.3487
llama2-7b_conv300,2266,32388505000.000004,512862155237.3487
llama2-7b_conv300,2267,32388505000.000004,513004545205.3487
llama2-7b_conv300,2268,32388505000.000004,513146935173.3487
llama2-7b_conv300,2269,32388505000.000004,513289325141.3487
llama2-7b_conv300,2270,32388505000.000004,513431715109.3487
llama2-7b_conv300,2271,32388505000.000004,513574105077.3487
llama2-7b_conv300,2272,32388505000.000004,513716415173.3487
llama2-7b_conv300,2273,32388505000.000004,513859067285.3487
llama2-7b_conv300,2274,32388505000.000004,514001719397.3487
llama2-7b_conv300,2275,32388505000.000004,514144371509.3487
llama2-7b_conv300,2276,32388505000.000004,514287023621.3487
llama2-7b_conv300,2277,32388505000.000004,514429675733.3487
llama2-7b_conv300,2278,32388505000.000004,514572327845.3487
llama2-7b_conv300,2279,32388505000.000004,514714979957.3487
llama2-7b_conv300,2280,32388505000.000004,514857632069.3487
llama2-7b_conv300,2281,32388505000.000004,515000284181.3487
llama2-7b_conv300,2282,32388505000.000004,515142936293.3487
llama2-7b_conv300,2283,32388505000.000004,515285588405.3487
llama2-7b_conv300,2284,32388505000.000004,515428240517.3487
llama2-7b_conv300,2285,32388505000.000004,515570892629.3487
llama2-7b_conv300,2286,32388505000.000004,515713544741.3487
llama2-7b_conv300,2287,32388505000.000004,515856196853.3487
llama2-7b_conv300,2288,32388505000.000004,515998848965.3487
llama2-7b_conv300,2289,32388505000.000004,516141501077.3487
llama2-7b_conv300,2290,32388505000.000004,516284153189.3487
llama2-7b_conv300,2291,32388505000.000004,516426805301.3487
llama2-7b_conv300,2292,32388505000.000004,516569457413.3487
llama2-7b_conv300,2293,32388505000.000004,516712109525.3487
llama2-7b_conv300,2294,33235881999.999996,518688606031.45154
llama2-7b_conv300,2295,33235881999.999996,521255937424.0001
llama2-7b_conv300,2296,33235881999.999996,521401492832.0001
llama2-7b_conv300,2297,33235881999.999996,521547390256.0001
llama2-7b_conv300,2298,33235881999.999996,521693287680.0001
llama2-7b_conv300,2299,33235881999.999996,521836988368.0001
llama2-7b_conv300,2300,33235881999.999996,521980689056.0001
llama2-7b_conv300,2301,33235881999.999996,522124389744.0001
llama2-7b_conv300,2302,33235881999.999996,522268090432.0001
llama2-7b_conv300,2303,33235881999.999996,522411791120.0001
llama2-7b_conv300,2304,33235881999.999996,522555491808.0001
llama2-7b_conv300,2305,33413528000.0,524104705561.7087
llama2-7b_conv300,2306,33413528000.0,524249816553.7087
llama2-7b_conv300,2307,33413528000.0,524394927545.7087
llama2-7b_conv300,2308,33413528000.0,524538103945.7087
llama2-7b_conv300,2309,33413528000.0,524681280345.7087
llama2-7b_conv300,2310,33413528000.0,524824456745.7087
llama2-7b_conv300,2311,33491000999.999996,526801477539.8115
llama2-7b_conv300,2312,33526770000.0,528782434592.91437
llama2-7b_conv300,2313,33526770000.0,529199903696.91437
llama2-7b_conv300,2314,33526770000.0,529347473568.91437
llama2-7b_conv300,2315,33526770000.0,529495043440.91437
llama2-7b_conv300,2316,33526770000.0,529642613312.91437
llama2-7b_conv300,2317,33526770000.0,529790183184.91437
llama2-7b_conv300,2318,33526770000.0,529937753056.91437
llama2-7b_conv300,2319,33645713000.0,532507951977.10297
llama2-7b_conv300,2320,33645713000.0,532657194297.10297
llama2-7b_conv300,2321,33645713000.0,532806436617.10297
llama2-7b_conv300,2322,33645713000.0,532955678937.10297
llama2-7b_conv300,2323,33645713000.0,533104921257.10297
llama2-7b_conv300,2324,33645713000.0,533254163577.10297
llama2-7b_conv300,2325,33645713000.0,533403405897.10297
llama2-7b_conv300,2326,33748702000.0,535385690060.2058
llama2-7b_conv300,2327,33748702000.0,537372168527.30865
llama2-7b_conv300,2328,33825000000.000004,538706134650.2172
llama2-7b_conv300,2329,33825000000.000004,538859119178.2172
llama2-7b_conv300,2330,33825000000.000004,539012103706.2172
llama2-7b_conv300,2331,33825000000.000004,539165659626.2172
llama2-7b_conv300,2332,33825000000.000004,539319557562.2172
llama2-7b_conv300,2333,33825000000.000004,539473455498.2172
llama2-7b_conv300,2334,33825000000.000004,539627353434.2172
llama2-7b_conv300,2335,33825000000.000004,539781251370.2172
llama2-7b_conv300,2336,33932529000.000004,541767656115.32007
llama2-7b_conv300,2337,33932529000.000004,543756850233.4229
llama2-7b_conv300,2338,33932529000.000004,546270878509.6972
llama2-7b_conv300,2339,33932529000.000004,546423366141.6972
llama2-7b_conv300,2340,33932529000.000004,546575853773.6972
llama2-7b_conv300,2341,33932529000.000004,546728341405.6972
llama2-7b_conv300,2342,33932529000.000004,546880829037.6972
llama2-7b_conv300,2343,33932529000.000004,547033316669.6972
llama2-7b_conv300,2344,33932529000.000004,547185804301.6972
llama2-7b_conv300,2345,33932529000.000004,547338291933.6972
llama2-7b_conv300,2346,33932529000.000004,547490699693.6972
llama2-7b_conv300,2347,33932529000.000004,547643449469.6972
llama2-7b_conv300,2348,33932529000.000004,547796199245.6972
llama2-7b_conv300,2349,33932529000.000004,547948949021.6972
llama2-7b_conv300,2350,33932529000.000004,548101698797.6972
llama2-7b_conv300,2351,33932529000.000004,548254448573.6972
llama2-7b_conv300,2352,33932529000.000004,548407198349.6972
llama2-7b_conv300,2353,33932529000.000004,548559948125.6972
llama2-7b_conv300,2354,33932529000.000004,548712697901.6972
llama2-7b_conv300,2355,33932529000.000004,548865447677.6972
llama2-7b_conv300,2356,33932529000.000004,549018037709.6972
llama2-7b_conv300,2357,33932529000.000004,549171231901.6972
llama2-7b_conv300,2358,33932529000.000004,549324768109.6972
llama2-7b_conv300,2359,33932529000.000004,549478304317.6972
llama2-7b_conv300,2360,33932529000.000004,549631760653.6972
llama2-7b_conv300,2361,33932529000.000004,549785559005.6973
llama2-7b_conv300,2362,33932529000.000004,549939357357.6973
llama2-7b_conv300,2363,33932529000.000004,550093155709.6973
llama2-7b_conv300,2364,33932529000.000004,550246954061.6973
llama2-7b_conv300,2365,33932529000.000004,550400752413.6973
llama2-7b_conv300,2366,33932529000.000004,550554550765.6973
llama2-7b_conv300,2367,33932529000.000004,550708349117.6973
llama2-7b_conv300,2368,33932529000.000004,550862147469.6973
llama2-7b_conv300,2369,33932529000.000004,551015945821.6973
llama2-7b_conv300,2370,33932529000.000004,551169744173.6973
llama2-7b_conv300,2371,33932529000.000004,551323542525.6973
llama2-7b_conv300,2372,33932529000.000004,551477340877.6973
llama2-7b_conv300,2373,33932529000.000004,551631139229.6973
llama2-7b_conv300,2374,33932529000.000004,551784937581.6973
llama2-7b_conv300,2375,33932529000.000004,551938735933.6973
llama2-7b_conv300,2376,33932529000.000004,552092534285.6973
llama2-7b_conv300,2377,33932529000.000004,552246332637.6973
llama2-7b_conv300,2378,33932529000.000004,552400130989.6973
llama2-7b_conv300,2379,33932529000.000004,552553929341.6973
llama2-7b_conv300,2380,33932529000.000004,552707727693.6973
llama2-7b_conv300,2381,33932529000.000004,552861526045.6973
llama2-7b_conv300,2382,33932529000.000004,553015324397.6973
llama2-7b_conv300,2383,33932529000.000004,553169122749.6973
llama2-7b_conv300,2384,33932529000.000004,553322921101.6973
llama2-7b_conv300,2385,33932529000.000004,553476719453.6973
llama2-7b_conv300,2386,33932529000.000004,553630517805.6973
llama2-7b_conv300,2387,33932529000.000004,553784236285.6973
llama2-7b_conv300,2388,33932529000.000004,553938296781.6973
llama2-7b_conv300,2389,33932529000.000004,554092357277.6973
llama2-7b_conv300,2390,33932529000.000004,554246417773.6973
llama2-7b_conv300,2391,33932529000.000004,554400478269.6973
llama2-7b_conv300,2392,33932529000.000004,554554538765.6973
llama2-7b_conv300,2393,33932529000.000004,554708599261.6973
llama2-7b_conv300,2394,33932529000.000004,554862659757.6973
llama2-7b_conv300,2395,34746446000.0,556849494579.8002
llama2-7b_conv300,2396,34746446000.0,558840523705.9031
llama2-7b_conv300,2397,34746446000.0,559578691235.0459
llama2-7b_conv300,2398,34746446000.0,559735997043.0459
llama2-7b_conv300,2399,34746446000.0,559893302851.0459
llama2-7b_conv300,2400,34746446000.0,560050608659.0459
llama2-7b_conv300,2401,34746446000.0,560207914467.0459
llama2-7b_conv300,2402,34746446000.0,560365220275.0459
llama2-7b_conv300,2403,34746446000.0,560522526083.0459
llama2-7b_conv300,2404,34746446000.0,560679831891.0459
llama2-7b_conv300,2405,34746446000.0,560837137699.0459
llama2-7b_conv300,2406,34746446000.0,560991460339.0459
llama2-7b_conv300,2407,34746446000.0,561145782979.0459
llama2-7b_conv300,2408,34746446000.0,561300105619.0459
llama2-7b_conv300,2409,34746446000.0,561454428259.0459
llama2-7b_conv300,2410,34746446000.0,561608750899.0459
llama2-7b_conv300,2411,34746446000.0,561763073539.0459
llama2-7b_conv300,2412,34746446000.0,561917396179.0459
llama2-7b_conv300,2413,34746446000.0,562071718819.0459
llama2-7b_conv300,2414,34746446000.0,562226041459.0459
llama2-7b_conv300,2415,34746446000.0,562380364099.0459
llama2-7b_conv300,2416,34746446000.0,562534686739.0459
llama2-7b_conv300,2417,34746446000.0,562689009379.0459
llama2-7b_conv300,2418,34746446000.0,562843332019.0459
llama2-7b_conv300,2419,34746446000.0,562997654659.0459
llama2-7b_conv300,2420,34746446000.0,563151977299.0459
llama2-7b_conv300,2421,34746446000.0,563306299939.0459
llama2-7b_conv300,2422,34746446000.0,563460622579.0459
llama2-7b_conv300,2423,34746446000.0,563614945219.0459
llama2-7b_conv300,2424,34746446000.0,563769267859.0459
llama2-7b_conv300,2425,34746446000.0,563923590499.0459
llama2-7b_conv300,2426,34746446000.0,564077913139.0459
llama2-7b_conv300,2427,34746446000.0,564232235779.0459
llama2-7b_conv300,2428,34746446000.0,564386558419.0459
llama2-7b_conv300,2429,34746446000.0,564540881059.0459
llama2-7b_conv300,2430,34746446000.0,564695203699.0459
llama2-7b_conv300,2431,34746446000.0,564849526339.0459
llama2-7b_conv300,2432,34746446000.0,565003769107.0459
llama2-7b_conv300,2433,35294069000.0,568755680484.5316
llama2-7b_conv300,2434,35294069000.0,568912199860.5316
llama2-7b_conv300,2435,35294069000.0,569068719236.5316
llama2-7b_conv300,2436,35294069000.0,569225238612.5316
llama2-7b_conv300,2437,35294069000.0,569381757988.5316
llama2-7b_conv300,2438,35294069000.0,569538277364.5316
llama2-7b_conv300,2439,35294069000.0,569694796740.5316
llama2-7b_conv300,2440,35294069000.0,569851316116.5316
llama2-7b_conv300,2441,35294069000.0,570007835492.5316
llama2-7b_conv300,2442,35294069000.0,570164354868.5316
llama2-7b_conv300,2443,35294069000.0,570320874244.5316
llama2-7b_conv300,2444,35294069000.0,570477393620.5316
llama2-7b_conv300,2445,35294069000.0,570633912996.5316
llama2-7b_conv300,2446,35294069000.0,570790432372.5316
llama2-7b_conv300,2447,35294069000.0,570946951748.5316
llama2-7b_conv300,2448,35294069000.0,571103471124.5316
llama2-7b_conv300,2449,35294069000.0,571259990500.5316
llama2-7b_conv300,2450,35294069000.0,571416509876.5316
llama2-7b_conv300,2451,35294069000.0,571573029252.5316
llama2-7b_conv300,2452,35294069000.0,571729468756.5316
llama2-7b_conv300,2453,35294069000.0,571886250276.5316
llama2-7b_conv300,2454,35294069000.0,572043031796.5316
llama2-7b_conv300,2455,35294069000.0,572199813316.5316
llama2-7b_conv300,2456,35294069000.0,572356594836.5316
llama2-7b_conv300,2457,35294069000.0,572513376356.5316
llama2-7b_conv300,2458,35294069000.0,572670157876.5316
llama2-7b_conv300,2459,35294069000.0,572826859524.5316
llama2-7b_conv300,2460,35294069000.0,572983903188.5316
llama2-7b_conv300,2461,35294069000.0,573140946852.5316
llama2-7b_conv300,2462,35294069000.0,573297990516.5316
llama2-7b_conv300,2463,35294069000.0,573455034180.5316
llama2-7b_conv300,2464,35294069000.0,573612077844.5316
llama2-7b_conv300,2465,35294069000.0,573769121508.5316
llama2-7b_conv300,2466,35294069000.0,573926165172.5316
llama2-7b_conv300,2467,35294069000.0,574083208836.5316
llama2-7b_conv300,2468,35294069000.0,574240252500.5316
llama2-7b_conv300,2469,35294069000.0,574397296164.5316
llama2-7b_conv300,2470,35294069000.0,574554339828.5316
llama2-7b_conv300,2471,35294069000.0,574711383492.5316
llama2-7b_conv300,2472,35294069000.0,574868427156.5316
llama2-7b_conv300,2473,35294069000.0,575025470820.5316
llama2-7b_conv300,2474,35294069000.0,575182434612.5316
llama2-7b_conv300,2475,35294069000.0,575339740420.5316
llama2-7b_conv300,2476,35294069000.0,575497046228.5316
llama2-7b_conv300,2477,35294069000.0,575654352036.5316
llama2-7b_conv300,2478,35294069000.0,575811657844.5316
llama2-7b_conv300,2479,35294069000.0,575968963652.5316
llama2-7b_conv300,2480,35294069000.0,576126269460.5316
llama2-7b_conv300,2481,35294069000.0,576283575268.5316
llama2-7b_conv300,2482,35294069000.0,576440881076.5316
llama2-7b_conv300,2483,35294069000.0,576598186884.5316
llama2-7b_conv300,2484,35294069000.0,576755332948.5316
llama2-7b_conv300,2485,35294069000.0,576911410724.5316
llama2-7b_conv300,2486,35294069000.0,577067830516.5316
llama2-7b_conv300,2487,35294069000.0,577224250308.5316
llama2-7b_conv300,2488,35294069000.0,577380590228.5316
llama2-7b_conv300,2489,35294069000.0,577537272164.5316
llama2-7b_conv300,2490,35294069000.0,577693954100.5316
llama2-7b_conv300,2491,35294069000.0,577850636036.5316
llama2-7b_conv300,2492,35294069000.0,578007317972.5316
llama2-7b_conv300,2493,35294069000.0,578163999908.5316
llama2-7b_conv300,2494,35294069000.0,578320681844.5316
llama2-7b_conv300,2495,35294069000.0,578477363780.5316
llama2-7b_conv300,2496,35294069000.0,578634045716.5316
llama2-7b_conv300,2497,36138512000.0,580623501978.6345
llama2-7b_conv300,2498,36138512000.0,582617152544.7374
llama2-7b_conv300,2499,36138512000.0,582975042352.7374
llama2-7b_conv300,2500,36138512000.0,583134969600.7374
llama2-7b_conv300,2501,36138512000.0,583294896848.7374
llama2-7b_conv300,2502,36138512000.0,583454824096.7374
llama2-7b_conv300,2503,36138512000.0,583614751344.7374
llama2-7b_conv300,2504,36138512000.0,583774678592.7374
llama2-7b_conv300,2505,36138512000.0,583934605840.7374
llama2-7b_conv300,2506,36138512000.0,584094533088.7374
llama2-7b_conv300,2507,36138512000.0,584254460336.7374
llama2-7b_conv300,2508,36138512000.0,584414387584.7374
llama2-7b_conv300,2509,36138512000.0,584574314832.7374
llama2-7b_conv300,2510,36138512000.0,584734242080.7374
llama2-7b_conv300,2511,36138512000.0,584894169328.7374
llama2-7b_conv300,2512,36138512000.0,585054096576.7374
llama2-7b_conv300,2513,36138512000.0,585214023824.7374
llama2-7b_conv300,2514,36138512000.0,585373951072.7374
llama2-7b_conv300,2515,36138512000.0,585533798448.7374
llama2-7b_conv300,2516,36138512000.0,585693987840.7374
llama2-7b_conv300,2517,36138512000.0,585850145488.7374
llama2-7b_conv300,2518,36138512000.0,586006303136.7374
llama2-7b_conv300,2519,36138512000.0,586162460784.7374
llama2-7b_conv300,2520,36138512000.0,586318618432.7374
llama2-7b_conv300,2521,36138512000.0,586474776080.7374
llama2-7b_conv300,2522,36520417000.0,588052209807.9203
llama2-7b_conv300,2523,36520417000.0,588207843167.9203
llama2-7b_conv300,2524,36520417000.0,588363476527.9203
llama2-7b_conv300,2525,36520417000.0,588519109887.9203
llama2-7b_conv300,2526,36520417000.0,588674743247.9203
llama2-7b_conv300,2527,36520417000.0,588830376607.9203
llama2-7b_conv300,2528,36520417000.0,588986009967.9203
llama2-7b_conv300,2529,36520417000.0,589141643327.9203
llama2-7b_conv300,2530,36520417000.0,589297276687.9203
llama2-7b_conv300,2531,36520417000.0,589452910047.9203
llama2-7b_conv300,2532,36520417000.0,589608543407.9203
llama2-7b_conv300,2533,36520417000.0,589764176767.9203
llama2-7b_conv300,2534,36520417000.0,589919810127.9203
llama2-7b_conv300,2535,36520417000.0,590073508895.9203
llama2-7b_conv300,2536,36520417000.0,590227207663.9203
llama2-7b_conv300,2537,36520417000.0,590380906431.9203
llama2-7b_conv300,2538,36520417000.0,590534605199.9203
llama2-7b_conv300,2539,36520417000.0,590688303967.9203
llama2-7b_conv300,2540,36520417000.0,590842002735.9203
llama2-7b_conv300,2541,36520417000.0,590995701503.9203
llama2-7b_conv300,2542,36520417000.0,591149400271.9203
llama2-7b_conv300,2543,36520417000.0,591303099039.9203
llama2-7b_conv300,2544,36520417000.0,591456797807.9203
llama2-7b_conv300,2545,36520417000.0,591610496575.9203
llama2-7b_conv300,2546,36520417000.0,591764195343.9203
llama2-7b_conv300,2547,36864739000.0,593750935955.0232
llama2-7b_conv300,2548,36864739000.0,595741870870.1261
llama2-7b_conv300,2549,36864739000.0,598237665226.9261
llama2-7b_conv300,2550,36864739000.0,598395133594.9261
llama2-7b_conv300,2551,36864739000.0,598552601962.9261
llama2-7b_conv300,2552,36864739000.0,598710070330.9261
llama2-7b_conv300,2553,36864739000.0,598867538698.9261
llama2-7b_conv300,2554,36864739000.0,599025007066.9261
llama2-7b_conv300,2555,36864739000.0,599182475434.9261
llama2-7b_conv300,2556,36864739000.0,599335912058.9261
llama2-7b_conv300,2557,36864739000.0,599489348682.9261
llama2-7b_conv300,2558,36864739000.0,599642785306.9261
llama2-7b_conv300,2559,36864739000.0,599796221930.9261
llama2-7b_conv300,2560,36864739000.0,599949658554.9261
llama2-7b_conv300,2561,36864739000.0,600103095178.9261
llama2-7b_conv300,2562,37124806000.0,600257064794.9261
llama2-7b_conv300,2563,37124806000.0,600410768938.9261
llama2-7b_conv300,2564,37124806000.0,600564473082.9261
llama2-7b_conv300,2565,37124806000.0,600718177226.9261
llama2-7b_conv300,2566,37124806000.0,600869946778.9261
llama2-7b_conv300,2567,37124806000.0,601021716330.9261
llama2-7b_conv300,2568,37124806000.0,601173485882.9261
llama2-7b_conv300,2569,37124806000.0,601325255434.9261
llama2-7b_conv300,2570,37124806000.0,601477024986.9261
llama2-7b_conv300,2571,37124806000.0,601628794538.9261
llama2-7b_conv300,2572,37124806000.0,601780564090.9261
llama2-7b_conv300,2573,37124806000.0,601932333642.9261
llama2-7b_conv300,2574,37124806000.0,602084023322.9261
llama2-7b_conv300,2575,37124806000.0,602236055018.9261
llama2-7b_conv300,2576,37124806000.0,602388086714.9261
llama2-7b_conv300,2577,37124806000.0,602540118410.9261
llama2-7b_conv300,2578,37124806000.0,602692150106.9261
llama2-7b_conv300,2579,37124806000.0,602844181802.9261
llama2-7b_conv300,2580,37124806000.0,602996133626.9261
llama2-7b_conv300,2581,37124806000.0,603148427466.9261
llama2-7b_conv300,2582,37124806000.0,603300721306.9261
llama2-7b_conv300,2583,37124806000.0,603453015146.9261
llama2-7b_conv300,2584,37124806000.0,603605308986.9261
llama2-7b_conv300,2585,37124806000.0,603757602826.9261
llama2-7b_conv300,2586,37124806000.0,603909896666.9261
llama2-7b_conv300,2587,37124806000.0,604062190506.9261
llama2-7b_conv300,2588,37124806000.0,604214484346.9261
llama2-7b_conv300,2589,37475965000.0,606199820030.029
llama2-7b_conv300,2590,37475965000.0,608189350017.132
llama2-7b_conv300,2591,37475965000.0,608565562961.132
llama2-7b_conv300,2592,37475965000.0,608721102113.132
llama2-7b_conv300,2593,37475965000.0,608876561393.132
llama2-7b_conv300,2594,37475965000.0,609032362689.132
llama2-7b_conv300,2595,37475965000.0,609188196753.132
llama2-7b_conv300,2596,37475965000.0,609344030817.132
llama2-7b_conv300,2597,37475965000.0,609499864881.132
llama2-7b_conv300,2598,37475965000.0,609655698945.132
llama2-7b_conv300,2599,37475965000.0,609811533009.132
llama2-7b_conv300,2600,37475965000.0,609967367073.132
llama2-7b_conv300,2601,37475965000.0,610123201137.132
llama2-7b_conv300,2602,37475965000.0,610278955329.132
llama2-7b_conv300,2603,37475965000.0,610435051537.132
llama2-7b_conv300,2604,37475965000.0,610591147745.132
llama2-7b_conv300,2605,37475965000.0,610747243953.132
llama2-7b_conv300,2606,37475965000.0,610903340161.132
llama2-7b_conv300,2607,37475965000.0,611059436369.132
llama2-7b_conv300,2608,37475965000.0,611215532577.132
llama2-7b_conv300,2609,37475965000.0,611371628785.132
llama2-7b_conv300,2610,37475965000.0,611527724993.132
llama2-7b_conv300,2611,37475965000.0,611683886737.132
llama2-7b_conv300,2612,37475965000.0,611839968609.132
llama2-7b_conv300,2613,37475965000.0,611996392497.132
llama2-7b_conv300,2614,37475965000.0,612152816385.132
llama2-7b_conv300,2615,37475965000.0,612309240273.132
llama2-7b_conv300,2616,37475965000.0,612465584289.132
llama2-7b_conv300,2617,37475965000.0,612622270321.132
llama2-7b_conv300,2618,37475965000.0,612778956353.132
llama2-7b_conv300,2619,37475965000.0,612935642385.132
llama2-7b_conv300,2620,37475965000.0,613092328417.132
llama2-7b_conv300,2621,37475965000.0,613249014449.132
llama2-7b_conv300,2622,37475965000.0,613405700481.132
llama2-7b_conv300,2623,37475965000.0,613558354769.132
llama2-7b_conv300,2624,37475965000.0,613711041825.132
llama2-7b_conv300,2625,37475965000.0,613863728881.132
llama2-7b_conv300,2626,37475965000.0,614016415937.132
llama2-7b_conv300,2627,37475965000.0,614169313937.132
llama2-7b_conv300,2628,37475965000.0,614322211937.132
llama2-7b_conv300,2629,37475965000.0,614475109937.132
llama2-7b_conv300,2630,37475965000.0,614628007937.132
llama2-7b_conv300,2631,37475965000.0,614780905937.132
llama2-7b_conv300,2632,37475965000.0,614933803937.132
llama2-7b_conv300,2633,37475965000.0,615086701937.132
llama2-7b_conv300,2634,37475965000.0,615239599937.132
llama2-7b_conv300,2635,37475965000.0,615392497937.132
llama2-7b_conv300,2636,38154930000.0,618320645301.3662
llama2-7b_conv300,2637,38154930000.0,618475215749.3662
llama2-7b_conv300,2638,38154930000.0,618629786197.3662
llama2-7b_conv300,2639,38154930000.0,618784356645.3662
llama2-7b_conv300,2640,38154930000.0,618938927093.3662
llama2-7b_conv300,2641,38154930000.0,619093497541.3662
llama2-7b_conv300,2642,38154930000.0,619247988117.3662
llama2-7b_conv300,2643,38154930000.0,619402478693.3662
llama2-7b_conv300,2644,38154930000.0,619556969269.3662
llama2-7b_conv300,2645,38154930000.0,619711459845.3662
llama2-7b_conv300,2646,38154930000.0,619865950421.3662
llama2-7b_conv300,2647,38154930000.0,620020361125.3662
llama2-7b_conv300,2648,38154930000.0,620175113845.3662
llama2-7b_conv300,2649,38154930000.0,620329866565.3662
llama2-7b_conv300,2650,38154930000.0,620484619285.3662
llama2-7b_conv300,2651,38154930000.0,620639372005.3662
llama2-7b_conv300,2652,38154930000.0,620794124725.3662
llama2-7b_conv300,2653,38154930000.0,620948877445.3662
llama2-7b_conv300,2654,38392642000.0,622936404491.4691
llama2-7b_conv300,2655,38392642000.0,624928125838.572
llama2-7b_conv300,2656,38392642000.0,626924041489.6749
llama2-7b_conv300,2657,38392642000.0,628924151444.7778
llama2-7b_conv300,2658,38392642000.0,630928455703.8807
llama2-7b_conv300,2659,38392642000.0,632936954266.9836
llama2-7b_conv300,2660,38392642000.0,634949647134.0865
llama2-7b_conv300,2661,38549044000.0,636966542500.1895
llama2-7b_conv300,2662,38549044000.0,638964125226.2924
llama2-7b_conv300,2663,38549044000.0,640964853680.3953
llama2-7b_conv300,2664,38813332000.0,642964365625.4982
llama2-7b_conv300,2665,38813332000.0,644968071874.6011
llama2-7b_conv300,2666,38813332000.0,645924930541.2125
llama2-7b_conv300,2667,38813332000.0,646095180989.2125
llama2-7b_conv300,2668,38813332000.0,646265431437.2125
llama2-7b_conv300,2669,38813332000.0,646435681885.2125
llama2-7b_conv300,2670,38813332000.0,646605932333.2125
llama2-7b_conv300,2671,38813332000.0,646776182781.2125
llama2-7b_conv300,2672,38813332000.0,646946433229.2125
llama2-7b_conv300,2673,38813332000.0,647116683677.2125
llama2-7b_conv300,2674,38813332000.0,647286934125.2125
llama2-7b_conv300,2675,38813332000.0,647457184573.2125
llama2-7b_conv300,2676,38813332000.0,647627435021.2125
llama2-7b_conv300,2677,39091915000.0,649629844889.3154
llama2-7b_conv300,2678,39091915000.0,651636791077.4183
llama2-7b_conv300,2679,39091915000.0,653647931569.5212
llama2-7b_conv300,2680,39091915000.0,655663266365.6241
llama2-7b_conv300,2681,39091915000.0,657682795465.727
llama2-7b_conv300,2682,39091915000.0,659706518869.83
llama2-7b_conv300,2683,39091915000.0,661734436577.9329
llama2-7b_conv300,2684,39091915000.0,663765143659.0358
llama2-7b_conv300,2685,39220584000.0,665775497719.1387
llama2-7b_conv300,2686,39220584000.0,667790046083.2416
llama2-7b_conv300,2687,39324127000.0,669805737233.3445
llama2-7b_conv300,2688,39324127000.0,671821428383.4474
llama2-7b_conv300,2689,39637764000.0,673840461872.5503
llama2-7b_conv300,2690,39645191000.0,675856865732.6532
llama2-7b_conv300,2691,39645191000.0,677876939608.7561
llama2-7b_conv300,2692,39645191000.0,681736864625.1561
llama2-7b_conv300,2693,39645191000.0,681926570049.1561
llama2-7b_conv300,2694,39645191000.0,682112847889.1561
llama2-7b_conv300,2695,39645191000.0,682299125729.1561
llama2-7b_conv300,2696,39645191000.0,682483468977.1561
llama2-7b_conv300,2697,39645191000.0,682667812225.1561
llama2-7b_conv300,2698,39645191000.0,682852155473.1561
llama2-7b_conv300,2699,39645191000.0,683036498721.1561
llama2-7b_conv300,2700,39645191000.0,683220841969.1561
llama2-7b_conv300,2701,39645191000.0,683405185217.1561
llama2-7b_conv300,2702,39645191000.0,683589528465.1561
llama2-7b_conv300,2703,39645191000.0,683773871713.1561
llama2-7b_conv300,2704,39645191000.0,683958214961.1561
llama2-7b_conv300,2705,39645191000.0,684142558209.1561
llama2-7b_conv300,2706,40041867000.0,684501382289.1561
llama2-7b_conv300,2707,40041867000.0,684686335073.1561
llama2-7b_conv300,2708,40041867000.0,684871207985.1561
llama2-7b_conv300,2709,40041867000.0,685056422913.1561
llama2-7b_conv300,2710,40041867000.0,685241557969.1561
llama2-7b_conv300,2711,40041867000.0,685426613153.1561
llama2-7b_conv300,2712,40041867000.0,685612010353.1561
llama2-7b_conv300,2713,40041867000.0,685797407553.1561
llama2-7b_conv300,2714,40041867000.0,685982804753.1561
llama2-7b_conv300,2715,40041867000.0,686168201953.1561
llama2-7b_conv300,2716,40041867000.0,686353599153.1561
llama2-7b_conv300,2717,40041867000.0,686538996353.1561
llama2-7b_conv300,2718,40041867000.0,686724393553.1561
llama2-7b_conv300,2719,40041867000.0,686909790753.1561
llama2-7b_conv300,2720,40041867000.0,687095187953.1561
llama2-7b_conv300,2721,40041867000.0,687280425409.1561
llama2-7b_conv300,2722,40041867000.0,687456730257.1561
llama2-7b_conv300,2723,40041867000.0,687633377121.1561
llama2-7b_conv300,2724,40350634000.0,689641728242.259
llama2-7b_conv300,2725,40350634000.0,691654273667.3619
llama2-7b_conv300,2726,40350634000.0,693671013396.4648
llama2-7b_conv300,2727,40350634000.0,695691947429.5677
llama2-7b_conv300,2728,40350634000.0,697717075766.6707
llama2-7b_conv300,2729,40479164000.0,699731550410.7736
llama2-7b_conv300,2730,40479164000.0,701750219358.8765
llama2-7b_conv300,2731,40479164000.0,703308098354.2079
llama2-7b_conv300,2732,40479164000.0,703494381570.2079
llama2-7b_conv300,2733,40479164000.0,703680664786.2079
llama2-7b_conv300,2734,40479164000.0,703866948002.2079
llama2-7b_conv300,2735,40479164000.0,704053231218.2079
llama2-7b_conv300,2736,40479164000.0,704239514434.2079
llama2-7b_conv300,2737,40479164000.0,704425797650.2079
llama2-7b_conv300,2738,40479164000.0,704612080866.2079
llama2-7b_conv300,2739,40479164000.0,704798364082.2079
llama2-7b_conv300,2740,40479164000.0,704984647298.2079
llama2-7b_conv300,2741,40479164000.0,705170850642.2079
llama2-7b_conv300,2742,40479164000.0,705353124642.2079
llama2-7b_conv300,2743,40479164000.0,705526887922.2079
llama2-7b_conv300,2744,40479164000.0,705700683970.2079
llama2-7b_conv300,2745,40479164000.0,705874480018.2079
llama2-7b_conv300,2746,40479164000.0,706048276066.2079
llama2-7b_conv300,2747,40479164000.0,706222072114.2079
llama2-7b_conv300,2748,40479164000.0,706395868162.2079
llama2-7b_conv300,2749,40479164000.0,706569664210.2079
llama2-7b_conv300,2750,40479164000.0,706743460258.2079
llama2-7b_conv300,2751,40479164000.0,706917256306.2079
llama2-7b_conv300,2752,40479164000.0,707091052354.2079
llama2-7b_conv300,2753,40479164000.0,707264848402.2079
llama2-7b_conv300,2754,40479164000.0,707438644450.2079
llama2-7b_conv300,2755,40479164000.0,707612440498.2079
llama2-7b_conv300,2756,40479164000.0,707786236546.2079
llama2-7b_conv300,2757,40479164000.0,707960032594.2079
llama2-7b_conv300,2758,40479164000.0,708133828642.2079
llama2-7b_conv300,2759,40479164000.0,708307624690.2079
llama2-7b_conv300,2760,41125873000.0,709077916137.0079
llama2-7b_conv300,2761,41125873000.0,709252780473.0079
llama2-7b_conv300,2762,41125873000.0,709427986825.0079
llama2-7b_conv300,2763,41125873000.0,709603193177.0079
llama2-7b_conv300,2764,41125873000.0,709778399529.0079
llama2-7b_conv300,2765,41125873000.0,709949574137.0079
llama2-7b_conv300,2766,41125873000.0,710120748745.0079
llama2-7b_conv300,2767,41125873000.0,710291923353.0079
llama2-7b_conv300,2768,41125873000.0,710463097961.0079
llama2-7b_conv300,2769,41125873000.0,710634272569.0079
llama2-7b_conv300,2770,41125873000.0,710805447177.0079
llama2-7b_conv300,2771,41125873000.0,710976621785.0079
llama2-7b_conv300,2772,41125873000.0,711147796393.0079
llama2-7b_conv300,2773,41125873000.0,711318971001.0079
llama2-7b_conv300,2774,41125873000.0,711490145609.0079
llama2-7b_conv300,2775,41357391000.0,714001965676.6936
llama2-7b_conv300,2776,41357391000.0,714175107644.6936
llama2-7b_conv300,2777,41357391000.0,714348249612.6936
llama2-7b_conv300,2778,41357391000.0,714521391580.6936
llama2-7b_conv300,2779,41357391000.0,714688142508.6936
llama2-7b_conv300,2780,41357391000.0,714850861692.6936
llama2-7b_conv300,2781,41357391000.0,715013580876.6936
llama2-7b_conv300,2782,41357391000.0,715176300060.6936
llama2-7b_conv300,2783,41357391000.0,715339019244.6936
llama2-7b_conv300,2784,41357391000.0,715501738428.6936
llama2-7b_conv300,2785,41357391000.0,715664457612.6936
llama2-7b_conv300,2786,41357391000.0,715827176796.6936
llama2-7b_conv300,2787,41357391000.0,715989895980.6936
llama2-7b_conv300,2788,41357391000.0,716152615164.6936
llama2-7b_conv300,2789,41357391000.0,716315334348.6936
llama2-7b_conv300,2790,41357391000.0,716478053532.6936
llama2-7b_conv300,2791,41357391000.0,716641507948.6936
llama2-7b_conv300,2792,41357391000.0,716803369788.6936
llama2-7b_conv300,2793,41357391000.0,716965231628.6936
llama2-7b_conv300,2794,41357391000.0,717127093468.6936
llama2-7b_conv300,2795,41357391000.0,717288955308.6936
llama2-7b_conv300,2796,41357391000.0,717450817148.6936
llama2-7b_conv300,2797,41357391000.0,717612678988.6936
llama2-7b_conv300,2798,41357391000.0,717774540828.6936
llama2-7b_conv300,2799,41357391000.0,717936402668.6936
llama2-7b_conv300,2800,41357391000.0,718098264508.6936
llama2-7b_conv300,2801,41357391000.0,718260126348.6936
llama2-7b_conv300,2802,41357391000.0,718421988188.6936
llama2-7b_conv300,2803,41357391000.0,718583850028.6936
llama2-7b_conv300,2804,41357391000.0,718745711868.6936
llama2-7b_conv300,2805,41357391000.0,718907493836.6936
llama2-7b_conv300,2806,41357391000.0,719069617820.6936
llama2-7b_conv300,2807,41357391000.0,719231741804.6936
llama2-7b_conv300,2808,41357391000.0,719393865788.6936
llama2-7b_conv300,2809,41357391000.0,719555989772.6936
llama2-7b_conv300,2810,41357391000.0,719718113756.6936
llama2-7b_conv300,2811,41357391000.0,719880237740.6936
llama2-7b_conv300,2812,41357391000.0,720042361724.6936
llama2-7b_conv300,2813,41357391000.0,720204485708.6936
llama2-7b_conv300,2814,41357391000.0,720366609692.6936
llama2-7b_conv300,2815,41357391000.0,720528733676.6936
llama2-7b_conv300,2816,41357391000.0,720690857660.6936
llama2-7b_conv300,2817,41357391000.0,720852981644.6936
llama2-7b_conv300,2818,41357391000.0,721015105628.6936
llama2-7b_conv300,2819,41357391000.0,721177229612.6936
llama2-7b_conv300,2820,41357391000.0,721339353596.6936
llama2-7b_conv300,2821,41357391000.0,721501477580.6936
llama2-7b_conv300,2822,41357391000.0,721663601564.6936
llama2-7b_conv300,2823,41357391000.0,721825725548.6936
llama2-7b_conv300,2824,41357391000.0,721987849532.6936
llama2-7b_conv300,2825,41357391000.0,722149973516.6936
llama2-7b_conv300,2826,41357391000.0,722312097500.6936
llama2-7b_conv300,2827,41357391000.0,722474221484.6936
llama2-7b_conv300,2828,41357391000.0,722636345468.6936
llama2-7b_conv300,2829,41357391000.0,722798469452.6936
llama2-7b_conv300,2830,41357391000.0,722960593436.6936
llama2-7b_conv300,2831,41357391000.0,723122717420.6936
llama2-7b_conv300,2832,41357391000.0,723284841404.6936
llama2-7b_conv300,2833,41357391000.0,723446965388.6936
llama2-7b_conv300,2834,41357391000.0,723609089372.6936
llama2-7b_conv300,2835,41357391000.0,723771213356.6936
llama2-7b_conv300,2836,41357391000.0,723933337340.6936
llama2-7b_conv300,2837,41357391000.0,724095461324.6936
llama2-7b_conv300,2838,41357391000.0,724257505436.6936
llama2-7b_conv300,2839,41357391000.0,724419811692.6936
llama2-7b_conv300,2840,41357391000.0,724582459964.6936
llama2-7b_conv300,2841,41357391000.0,724745108236.6936
llama2-7b_conv300,2842,41357391000.0,724907756508.6936
llama2-7b_conv300,2843,41357391000.0,725070404780.6936
llama2-7b_conv300,2844,41357391000.0,725233053052.6936
llama2-7b_conv300,2845,41357391000.0,725395701324.6936
llama2-7b_conv300,2846,42334055000.0,727390588888.7965
llama2-7b_conv300,2847,42334055000.0,729389670756.8994
llama2-7b_conv300,2848,42334055000.0,730062164946.328
llama2-7b_conv300,2849,42334055000.0,730227978658.328
llama2-7b_conv300,2850,42334055000.0,730394054514.328
llama2-7b_conv300,2851,42334055000.0,730560472386.328
llama2-7b_conv300,2852,42334055000.0,730726890258.328
llama2-7b_conv300,2853,42334055000.0,730893308130.328
llama2-7b_conv300,2854,42334055000.0,731059726002.328
llama2-7b_conv300,2855,42334055000.0,731226064002.328
llama2-7b_conv300,2856,42530625000.0,733224547859.4309
llama2-7b_conv300,2857,42545263000.0,735226009511.5338
llama2-7b_conv300,2858,42545263000.0,737230616891.6367
llama2-7b_conv300,2859,42563820000.0,739233651407.7396
llama2-7b_conv300,2860,42563820000.0,741238258787.8425
llama2-7b_conv300,2861,42685223000.0,743243222522.9454
llama2-7b_conv300,2862,42691238000.0,745251501973.0483
llama2-7b_conv300,2863,42691238000.0,747260094767.1512
llama2-7b_conv300,2864,42715300000.0,749270743756.2542
llama2-7b_conv300,2865,42715300000.0,751281917033.357
llama2-7b_conv300,2866,42715300000.0,753297284614.46
llama2-7b_conv300,2867,42808573000.0,755310776230.5629
llama2-7b_conv300,2868,42999747000.0,757328572745.6658
llama2-7b_conv300,2869,42999747000.0,757719059380.3458
llama2-7b_conv300,2870,42999747000.0,757922369924.3458
llama2-7b_conv300,2871,42999747000.0,758126364500.3458
llama2-7b_conv300,2872,42999747000.0,758330359076.3458
llama2-7b_conv300,2873,42999747000.0,758530115572.3458
llama2-7b_conv300,2874,42999747000.0,758729872068.3458
llama2-7b_conv300,2875,43193461000.0,760269589612.1229
llama2-7b_conv300,2876,43193461000.0,760473584188.1229
llama2-7b_conv300,2877,43193461000.0,760677578764.1229
llama2-7b_conv300,2878,43193461000.0,760881573340.1229
llama2-7b_conv300,2879,43193461000.0,761085567916.1229
llama2-7b_conv300,2880,43193461000.0,761289562492.1229
llama2-7b_conv300,2881,43193461000.0,761493557068.1229
llama2-7b_conv300,2882,43193461000.0,761697551644.1229
llama2-7b_conv300,2883,43193461000.0,761901546220.1229
llama2-7b_conv300,2884,43193461000.0,762105460924.1229
llama2-7b_conv300,2885,43193461000.0,762309717644.1229
llama2-7b_conv300,2886,43193461000.0,762513974364.1229
llama2-7b_conv300,2887,43193461000.0,762718151212.1229
llama2-7b_conv300,2888,43193461000.0,762922670076.1229
llama2-7b_conv300,2889,43193461000.0,763127109068.1229
llama2-7b_conv300,2890,43193461000.0,763331890076.1229
llama2-7b_conv300,2891,43193461000.0,763536671084.1229
llama2-7b_conv300,2892,43193461000.0,763741452092.1229
llama2-7b_conv300,2893,43193461000.0,763946233100.1229
llama2-7b_conv300,2894,43193461000.0,764150934236.1229
llama2-7b_conv300,2895,43193461000.0,764355977388.1229
llama2-7b_conv300,2896,43193461000.0,764561020540.1229
llama2-7b_conv300,2897,43193461000.0,764766063692.1229
llama2-7b_conv300,2898,43193461000.0,764971026972.1229
llama2-7b_conv300,2899,43589055000.0,768269830298.8772
llama2-7b_conv300,2900,43609910000.0,770291587666.9801
llama2-7b_conv300,2901,43609910000.0,772317539339.083
llama2-7b_conv300,2902,43609910000.0,773878159109.843
llama2-7b_conv300,2903,43609910000.0,774097598788.843
llama2-7b_conv300,2904,43609910000.0,774317038467.843
llama2-7b_conv300,2905,43609910000.0,774536398274.843
llama2-7b_conv300,2906,43791124000.0,776192661898.563
llama2-7b_conv300,2907,43791124000.0,776418120673.563
llama2-7b_conv300,2908,43791124000.0,776643579448.563
llama2-7b_conv300,2909,43791124000.0,776869038223.563
llama2-7b_conv300,2910,43791124000.0,777094496998.563
llama2-7b_conv300,2911,43893426000.0,779121153235.6659
llama2-7b_conv300,2912,43893426000.0,781152003776.7688
llama2-7b_conv300,2913,43923071000.0,783181764808.8717
llama2-7b_conv300,2914,43923071000.0,785215720144.9746
llama2-7b_conv300,2915,44040741000.0,787252991219.0775
llama2-7b_conv300,2916,44040741000.0,789287429909.1804
llama2-7b_conv300,2917,44040741000.0,791326062903.2833
llama2-7b_conv300,2918,44061321000.0,793362477938.3862
llama2-7b_conv300,2919,44061321000.0,795402380717.4891
llama2-7b_conv300,2920,44061321000.0,797029454633.2777
llama2-7b_conv300,2921,44061321000.0,797280048550.2777
llama2-7b_conv300,2922,44061321000.0,797530642467.2777
llama2-7b_conv300,2923,44061321000.0,797772857993.2777
llama2-7b_conv300,2924,44061321000.0,798015073519.2777
llama2-7b_conv300,2925,44061321000.0,798257289045.2777
llama2-7b_conv300,2926,44061321000.0,798499504571.2777
llama2-7b_conv300,2927,44061321000.0,798741720097.2777
llama2-7b_conv300,2928,44061321000.0,798983935623.2777
llama2-7b_conv300,2929,44061321000.0,799226151149.2777
llama2-7b_conv300,2930,44061321000.0,799468366675.2777
llama2-7b_conv300,2931,44061321000.0,799710582201.2777
llama2-7b_conv300,2932,44061321000.0,799952797727.2777
llama2-7b_conv300,2933,44061321000.0,800194933381.2777
llama2-7b_conv300,2934,44061321000.0,800437411051.2777
llama2-7b_conv300,2935,44061321000.0,800679888721.2777
llama2-7b_conv300,2936,44061321000.0,800922366391.2777
llama2-7b_conv300,2937,44061321000.0,801164844061.2777
llama2-7b_conv300,2938,44061321000.0,801407321731.2777
llama2-7b_conv300,2939,44061321000.0,801649799401.2777
llama2-7b_conv300,2940,44061321000.0,801892277071.2777
llama2-7b_conv300,2941,44061321000.0,802134754741.2777
llama2-7b_conv300,2942,44061321000.0,802377232411.2777
llama2-7b_conv300,2943,44061321000.0,802619710081.2777
llama2-7b_conv300,2944,44061321000.0,802862107879.2777
llama2-7b_conv300,2945,44061321000.0,803104847693.2777
llama2-7b_conv300,2946,44061321000.0,803347587507.2777
llama2-7b_conv300,2947,44061321000.0,803590327321.2777
llama2-7b_conv300,2948,44061321000.0,803826785927.2777
llama2-7b_conv300,2949,44828079000.0,805859874959.3806
llama2-7b_conv300,2950,44828079000.0,807897500311.4835
llama2-7b_conv300,2951,44828079000.0,808893125791.5864
llama2-7b_conv300,2952,44828079000.0,809137438469.5864
llama2-7b_conv300,2953,44828079000.0,809381751147.5864
llama2-7b_conv300,2954,44828079000.0,809625983953.5864
llama2-7b_conv300,2955,45009757000.0,811662781939.6893
llama2-7b_conv300,2956,45009757000.0,813703774229.7922
llama2-7b_conv300,2957,45025513000.0,815741227600.8951
llama2-7b_conv300,2958,45025513000.0,817784276107.998
llama2-7b_conv300,2959,45104946000.0,819831613154.101
llama2-7b_conv300,2960,45104946000.0,821876193592.2039
llama2-7b_conv300,2961,45174957000.0,823920673731.3068
llama2-7b_conv300,2962,45174957000.0,825968565838.4097
llama2-7b_conv300,2963,45246852000.0,828016982233.5126
llama2-7b_conv300,2964,45246852000.0,830066971492.6155
llama2-7b_conv300,2965,45246852000.0,833903251129.5754
llama2-7b_conv300,2966,45502752000.0,835954430302.6783
llama2-7b_conv300,2967,45502752000.0,838010065923.7812
llama2-7b_conv300,2968,45530242000.0,840065922755.8842
llama2-7b_conv300,2969,45530242000.0,842124138883.987
llama2-7b_conv300,2970,45530242000.0,844846488355.5813
llama2-7b_conv300,2971,45530242000.0,845143850445.5813
llama2-7b_conv300,2972,45530242000.0,845441132663.5813
llama2-7b_conv300,2973,45530242000.0,845738756897.5813
llama2-7b_conv300,2974,45530242000.0,846036381131.5813
llama2-7b_conv300,2975,45530242000.0,846334005365.5813
llama2-7b_conv300,2976,45530242000.0,846631629599.5813
llama2-7b_conv300,2977,45530242000.0,846929253833.5813
llama2-7b_conv300,2978,45530242000.0,847226798195.5813
llama2-7b_conv300,2979,45530242000.0,847524684573.5813
llama2-7b_conv300,2980,45530242000.0,847822570951.5813
llama2-7b_conv300,2981,45530242000.0,848120457329.5813
llama2-7b_conv300,2982,45530242000.0,848418343707.5813
llama2-7b_conv300,2983,45980822000.0,850477043189.6842
llama2-7b_conv300,2984,45980822000.0,852539857103.7871
llama2-7b_conv300,2985,45980822000.0,854607207337.89
llama2-7b_conv300,2986,45980822000.0,856676408963.9929
llama2-7b_conv300,2987,45980822000.0,858749305156.0958
llama2-7b_conv300,2988,45980822000.0,860826315780.1987
llama2-7b_conv300,2989,46102321000.0,862890520286.3016
llama2-7b_conv300,2990,46102321000.0,864958919096.4045
llama2-7b_conv300,2991,46102321000.0,867031512210.5074
llama2-7b_conv300,2992,46102321000.0,869107171180.6104
llama2-7b_conv300,2993,46102321000.0,871187366470.7133
llama2-7b_conv300,2994,46102321000.0,873271756064.8162
llama2-7b_conv300,2995,46102321000.0,875360339962.9191
llama2-7b_conv300,2996,46102321000.0,877452069589.022
llama2-7b_conv300,2997,46190439000.0,879530139081.1249
llama2-7b_conv300,2998,46190439000.0,881606201533.2278
llama2-7b_conv300,2999,46230075000.0,883686482892.3307
llama2-7b_conv300,3000,46230075000.0,885761394368.4336
llama2-7b_conv300,3001,46406559000.0,887839537615.5365
llama2-7b_conv300,3002,46406559000.0,889916505310.6394
llama2-7b_conv300,3003,46406559000.0,891997667309.7423
llama2-7b_conv300,3004,46678144000.0,894075511601.8452
llama2-7b_conv300,3005,46678144000.0,896158688885.9481
llama2-7b_conv300,3006,46678144000.0,898246060474.051
llama2-7b_conv300,3007,46678144000.0,900337626366.1539
llama2-7b_conv300,3008,46678144000.0,902432337986.2568
llama2-7b_conv300,3009,46678144000.0,904531243910.3597
llama2-7b_conv300,3010,46678144000.0,906634344138.4626
llama2-7b_conv300,3011,46678144000.0,908740590094.5656
llama2-7b_conv300,3012,47209725000.0,910851100012.6685
llama2-7b_conv300,3013,47459940000.0,912941535460.7714
llama2-7b_conv300,3014,47459940000.0,915035378780.8743
llama2-7b_conv300,3015,47459940000.0,917133336532.9772
llama2-7b_conv300,3016,47459940000.0,918276987519.9258
llama2-7b_conv300,3017,47734062000.0,920372657682.0287
llama2-7b_conv300,3018,47734062000.0,922472442276.1316
llama2-7b_conv300,3019,47734062000.0,925030034029.4916
llama2-7b_conv300,3020,47734062000.0,925404417394.4916
llama2-7b_conv300,3021,47734062000.0,925778800759.4916
llama2-7b_conv300,3022,47925302000.0,927878020131.5945
llama2-7b_conv300,3023,47925302000.0,929981616079.6974
llama2-7b_conv300,3024,48032991000.0,932075148155.8003
llama2-7b_conv300,3025,48032991000.0,934171746087.9032
llama2-7b_conv300,3026,48045529000.0,936270924527.0061
llama2-7b_conv300,3027,48045529000.0,938369396406.109
llama2-7b_conv300,3028,48045529000.0,940471982717.2119
llama2-7b_conv300,3029,48045529000.0,942579025476.3148
llama2-7b_conv300,3030,48045529000.0,944689555979.4177
llama2-7b_conv300,3031,48045529000.0,946804200914.5206
llama2-7b_conv300,3032,48045529000.0,948923382169.6235
llama2-7b_conv300,3033,48045529000.0,951044353376.7264
llama2-7b_conv300,3034,48045529000.0,953171136807.8293
llama2-7b_conv300,3035,48134608000.0,955274499310.9323
llama2-7b_conv300,3036,48134608000.0,957383456950.0352
llama2-7b_conv300,3037,48296375000.0,959493866647.1381
llama2-7b_conv300,3038,48709657000.0,961604315282.241
llama2-7b_conv300,3039,48709657000.0,963718958221.3439
llama2-7b_conv300,3040,48709657000.0,966570713344.3439
llama2-7b_conv300,3041,48709657000.0,966977561634.3439
llama2-7b_conv300,3042,48709657000.0,967384409924.3439
llama2-7b_conv300,3043,48995607000.0,969498225498.4468
llama2-7b_conv300,3044,48995607000.0,971616188272.5497
llama2-7b_conv300,3045,48995607000.0,972223389162.5497
llama2-7b_conv300,3046,48995607000.0,972638124324.5497
llama2-7b_conv300,3047,48995607000.0,973052859486.5497
llama2-7b_conv300,3048,48995607000.0,973456070528.5497
llama2-7b_conv300,3049,49227038000.0,975111353268.3726
llama2-7b_conv300,3050,49227038000.0,975520354030.3726
llama2-7b_conv300,3051,49227038000.0,975929274920.3726
llama2-7b_conv300,3052,49227038000.0,976331208010.3726
llama2-7b_conv300,3053,49227038000.0,976733061228.3726
llama2-7b_conv300,3054,49227038000.0,977135256462.3726
llama2-7b_conv300,3055,49227038000.0,977537451696.3726
llama2-7b_conv300,3056,49227038000.0,977939646930.3726
llama2-7b_conv300,3057,49227038000.0,978341842164.3726
llama2-7b_conv300,3058,49227038000.0,978735659039.3726
llama2-7b_conv300,3059,49227038000.0,979120835379.3726
llama2-7b_conv300,3060,49227038000.0,979505931847.3726
llama2-7b_conv300,3061,49227038000.0,979869108556.3726
llama2-7b_conv300,3062,49561183000.0,981201215118.4697
llama2-7b_conv300,3063,49587457000.0,983290839637.5726
llama2-7b_conv300,3064,49587457000.0,985384658460.6755
llama2-7b_conv300,3065,49660912000.0,987474049533.7784
llama2-7b_conv300,3066,49660912000.0,989570055646.8813
llama2-7b_conv300,3067,49724480000.0,991665496537.9843
llama2-7b_conv300,3068,49724480000.0,993765131733.0872
llama2-7b_conv300,3069,49742685000.0,995864201707.1901
llama2-7b_conv300,3070,49742685000.0,997964844545.293
llama2-7b_conv300,3071,49742691000.0,1000067988017.3959
llama2-7b_conv300,3072,49742691000.0,1002170869345.4988
llama2-7b_conv300,3073,49832434000.0,1004274819756.6017
llama2-7b_conv300,3074,49832434000.0,1006380805879.7046
llama2-7b_conv300,3075,49878430000.0,1008490361692.8075
llama2-7b_conv300,3076,49878430000.0,1010601125825.9104
llama2-7b_conv300,3077,49878430000.0,1012711433229.0133
llama2-7b_conv300,3078,50228524000.0,1014818437234.1162
llama2-7b_conv300,3079,50228524000.0,1016931036375.2191
llama2-7b_conv300,3080,50486136000.0,1019043594582.322
llama2-7b_conv300,3081,50486136000.0,1021155145147.4249
llama2-7b_conv300,3082,50486136000.0,1024057256177.3563
llama2-7b_conv300,3083,50657657000.0,1026166930853.4592
llama2-7b_conv300,3084,50657657000.0,1028282210905.5621
llama2-7b_conv300,3085,50657657000.0,1030400978701.665
llama2-7b_conv300,3086,50741785000.0,1032521802716.768
llama2-7b_conv300,3087,50741785000.0,1034639100048.8708
llama2-7b_conv300,3088,50894221000.0,1036759844191.9738
llama2-7b_conv300,3089,50894221000.0,1038880850479.0767
llama2-7b_conv300,3090,50894221000.0,1041006313214.1796
llama2-7b_conv300,3091,50908333000.0,1043128710093.2825
llama2-7b_conv300,3092,50908333000.0,1045255301276.3854
llama2-7b_conv300,3093,50995179000.0,1047376137579.4883
llama2-7b_conv300,3094,51121242000.0,1049501821524.5912
llama2-7b_conv300,3095,51121242000.0,1051621517091.6941
llama2-7b_conv300,3096,51121242000.0,1053458273180.277
llama2-7b_conv300,3097,51365096000.0,1055578531973.3799
llama2-7b_conv300,3098,51365096000.0,1057702985070.4828
llama2-7b_conv300,3099,51479026000.0,1059824947824.5857
llama2-7b_conv300,3100,51479026000.0,1061950408562.6886
llama2-7b_conv300,3101,51479026000.0,1063397940030.6486
llama2-7b_conv300,3102,51621416000.0,1065524146267.7515
llama2-7b_conv300,3103,51678347000.0,1067650917778.8544
llama2-7b_conv300,3104,51678347000.0,1069780753097.9573
llama2-7b_conv300,3105,51678347000.0,1071913734145.0602
llama2-7b_conv300,3106,51678347000.0,1072413613120.7573
llama2-7b_conv300,3107,51678347000.0,1072892827611.7573
llama2-7b_conv300,3108,51678347000.0,1073364005759.7573
llama2-7b_conv300,3109,51940252000.0,1075102320527.5116
llama2-7b_conv300,3110,51940252000.0,1075579255594.5116
llama2-7b_conv300,3111,51940252000.0,1076056190661.5116
llama2-7b_conv300,3112,51940252000.0,1076533125728.5116
llama2-7b_conv300,3113,51940252000.0,1077010060795.5116
llama2-7b_conv300,3114,51940252000.0,1077486995862.5116
llama2-7b_conv300,3115,52120220000.0,1079612899021.6145
llama2-7b_conv300,3116,52120220000.0,1082506159856.8545
llama2-7b_conv300,3117,52227631000.0,1084635087938.9574
llama2-7b_conv300,3118,52227631000.0,1086768552341.0603
llama2-7b_conv300,3119,52248622000.0,1088905137921.1632
llama2-7b_conv300,3120,52248622000.0,1091038139501.2661
llama2-7b_conv300,3121,52248622000.0,1093176019417.369
llama2-7b_conv300,3122,52257840000.0,1095313334112.4719
llama2-7b_conv300,3123,52257840000.0,1096225489784.2548
llama2-7b_conv300,3124,52257840000.0,1096724153274.2548
llama2-7b_conv300,3125,52257840000.0,1097222736892.2548
llama2-7b_conv300,3126,52257840000.0,1097721662526.2548
llama2-7b_conv300,3127,52257840000.0,1098220588160.2548
llama2-7b_conv300,3128,52257840000.0,1098719513794.2548
llama2-7b_conv300,3129,52257840000.0,1099218359556.2548
llama2-7b_conv300,3130,52257840000.0,1099717547334.255
llama2-7b_conv300,3131,52257840000.0,1100216575368.255
llama2-7b_conv300,3132,52257840000.0,1100707828690.255
llama2-7b_conv300,3133,52257840000.0,1101199424028.255
llama2-7b_conv300,3134,52883306000.0,1103335165859.3577
llama2-7b_conv300,3135,52883306000.0,1106089688843.8547
llama2-7b_conv300,3136,52883306000.0,1106588454733.8547
llama2-7b_conv300,3137,52883306000.0,1107087904655.8547
llama2-7b_conv300,3138,52883306000.0,1107587354577.8547
llama2-7b_conv300,3139,52883306000.0,1108079736347.8547
llama2-7b_conv300,3140,52883306000.0,1108572038245.8547
llama2-7b_conv300,3141,53143328000.0,1109972305566.9175
llama2-7b_conv300,3142,53172040000.0,1112110365760.0203
llama2-7b_conv300,3143,53172040000.0,1114252540385.123
llama2-7b_conv300,3144,53172040000.0,1114790375322.123
llama2-7b_conv300,3145,53172040000.0,1115297131059.123
llama2-7b_conv300,3146,53172040000.0,1115803806924.123
llama2-7b_conv300,3147,53172040000.0,1116304305422.123
llama2-7b_conv300,3148,53172040000.0,1116804724048.123
llama2-7b_conv300,3149,53172040000.0,1117305484690.123
llama2-7b_conv300,3150,53172040000.0,1117806165460.123
llama2-7b_conv300,3151,53172040000.0,1118307108374.123
llama2-7b_conv300,3152,53172040000.0,1118808393304.123
llama2-7b_conv300,3153,53563248000.0,1120596146380.3174
llama2-7b_conv300,3154,53563248000.0,1121103870821.3174
llama2-7b_conv300,3155,53563248000.0,1121611937278.3174
llama2-7b_conv300,3156,53563248000.0,1122119923863.3174
llama2-7b_conv300,3157,53563248000.0,1122628172592.3174
llama2-7b_conv300,3158,53706456000.0,1124771354859.4202
llama2-7b_conv300,3159,53706456000.0,1126918993574.523
llama2-7b_conv300,3160,53706456000.0,1127825698995.8315
llama2-7b_conv300,3161,53706456000.0,1128342145411.8315
llama2-7b_conv300,3162,53706456000.0,1128858591827.8315
llama2-7b_conv300,3163,53706456000.0,1129375038243.8315
llama2-7b_conv300,3164,53706456000.0,1129891404787.8315
llama2-7b_conv300,3165,53706456000.0,1130408033475.8315
llama2-7b_conv300,3166,53992761000.0,1132164714866.586
llama2-7b_conv300,3167,54022464000.0,1134313138018.6887
llama2-7b_conv300,3168,54022464000.0,1136465675602.7915
llama2-7b_conv300,3169,54117659000.0,1138621795165.8943
llama2-7b_conv300,3170,54117659000.0,1140774109544.997
llama2-7b_conv300,3171,54117659000.0,1142930618228.0999
llama2-7b_conv300,3172,54117659000.0,1143773666969.0027
llama2-7b_conv300,3173,54117659000.0,1144312289808.0027
llama2-7b_conv300,3174,54117659000.0,1144851174791.0027
llama2-7b_conv300,3175,54117659000.0,1145390401790.0027
llama2-7b_conv300,3176,54117659000.0,1145929628789.0027
llama2-7b_conv300,3177,54117659000.0,1146468775916.0027
llama2-7b_conv300,3178,54117659000.0,1147008265059.0027
llama2-7b_conv300,3179,54117659000.0,1147547674330.0027
llama2-7b_conv300,3180,54117659000.0,1148087425617.0027
llama2-7b_conv300,3181,54117659000.0,1148627176904.0027
llama2-7b_conv300,3182,54117659000.0,1149166928191.0027
llama2-7b_conv300,3183,54117659000.0,1149700396670.0027
llama2-7b_conv300,3184,54117659000.0,1150233865149.0027
llama2-7b_conv300,3185,54117659000.0,1150767333628.0027
llama2-7b_conv300,3186,54117659000.0,1151300802107.0027
llama2-7b_conv300,3187,54117659000.0,1151828090211.0027
llama2-7b_conv300,3188,54117659000.0,1152356062347.0027
llama2-7b_conv300,3189,54117659000.0,1152884034483.0027
llama2-7b_conv300,3190,54117659000.0,1153405723779.0027
llama2-7b_conv300,3191,54117659000.0,1153927413075.0027
llama2-7b_conv300,3192,54117659000.0,1154449102371.0027
llama2-7b_conv300,3193,54117659000.0,1154970791667.0027
llama2-7b_conv300,3194,54117659000.0,1155492480963.0027
llama2-7b_conv300,3195,54117659000.0,1156014170259.0027
llama2-7b_conv300,3196,54117659000.0,1156535779683.0027
llama2-7b_conv300,3197,55083021000.0,1158687913785.1055
llama2-7b_conv300,3198,55083021000.0,1160844242191.2083
llama2-7b_conv300,3199,55110396000.0,1162999845631.311
llama2-7b_conv300,3200,55110396000.0,1164261675610.1567
llama2-7b_conv300,3201,55110396000.0,1164798209945.1567
llama2-7b_conv300,3202,55339650000.0,1166956211620.2595
llama2-7b_conv300,3203,55339650000.0,1169118589871.3623
llama2-7b_conv300,3204,55339650000.0,1170568833672.8823
llama2-7b_conv300,3205,55339650000.0,1171114089983.8823
llama2-7b_conv300,3206,55339650000.0,1171659346294.8823
llama2-7b_conv300,3207,55339650000.0,1172204602605.8823
llama2-7b_conv300,3208,55339650000.0,1172749858916.8823
llama2-7b_conv300,3209,55339650000.0,1173295115227.8823
llama2-7b_conv300,3210,55339650000.0,1173840291666.8823
llama2-7b_conv300,3211,55339650000.0,1174385810121.8823
llama2-7b_conv300,3212,55339650000.0,1174931248704.8823
llama2-7b_conv300,3213,55339650000.0,1175477029303.8823
llama2-7b_conv300,3214,55339650000.0,1176022730030.8823
llama2-7b_conv300,3215,55339650000.0,1176568613029.8823
llama2-7b_conv300,3216,55339650000.0,1177115100188.8823
llama2-7b_conv300,3217,55339650000.0,1177661929363.8823
llama2-7b_conv300,3218,55339650000.0,1178208678666.8823
llama2-7b_conv300,3219,55339650000.0,1178755769985.8823
llama2-7b_conv300,3220,55339650000.0,1179302861304.8823
llama2-7b_conv300,3221,55339650000.0,1179849713007.8823
llama2-7b_conv300,3222,55339650000.0,1180397590758.8823
llama2-7b_conv300,3223,55339650000.0,1180945388637.8823
llama2-7b_conv300,3224,55339650000.0,1181493448660.8823
llama2-7b_conv300,3225,55339650000.0,1182041850699.8823
llama2-7b_conv300,3226,55339650000.0,1182590252738.8823
llama2-7b_conv300,3227,55339650000.0,1183138654777.8823
llama2-7b_conv300,3228,55339650000.0,1183687056816.8823
llama2-7b_conv300,3229,55339650000.0,1184235299111.8823
llama2-7b_conv300,3230,55339650000.0,1184777942630.8823
llama2-7b_conv300,3231,55339650000.0,1185320586149.8823
llama2-7b_conv300,3232,55339650000.0,1185863229668.8823
llama2-7b_conv300,3233,55339650000.0,1186405873187.8823
llama2-7b_conv300,3234,55339650000.0,1186948436834.8823
llama2-7b_conv300,3235,55339650000.0,1187491262625.8823
llama2-7b_conv300,3236,55339650000.0,1188034430432.8823
llama2-7b_conv300,3237,55339650000.0,1188577598239.8823
llama2-7b_conv300,3238,55339650000.0,1189120766046.8823
llama2-7b_conv300,3239,55339650000.0,1189663933853.8823
llama2-7b_conv300,3240,56587820000.0,1191824939917.985
llama2-7b_conv300,3241,56587820000.0,1193990060414.088
llama2-7b_conv300,3242,56587820000.0,1195664999827.882
llama2-7b_conv300,3243,56587820000.0,1196208167634.882
llama2-7b_conv300,3244,56587820000.0,1196751255569.882
llama2-7b_conv300,3245,56587820000.0,1197294605648.882
llama2-7b_conv300,3246,56587820000.0,1197838297743.882
llama2-7b_conv300,3247,56587820000.0,1198381909966.882
llama2-7b_conv300,3248,56587820000.0,1198925704461.882
llama2-7b_conv300,3249,56587820000.0,1199470182988.882
llama2-7b_conv300,3250,56965420000.0,1201635866711.9849
llama2-7b_conv300,3251,56965420000.0,1203805744739.0876
llama2-7b_conv300,3252,56965420000.0,1207731821082.082
llama2-7b_conv300,3253,56965420000.0,1208283995537.082
llama2-7b_conv300,3254,56965420000.0,1208836854024.082
llama2-7b_conv300,3255,57217515000.0,1211000743672.1848
llama2-7b_conv300,3256,57217515000.0,1213168827624.2876
llama2-7b_conv300,3257,57280079000.0,1215334341363.3904
llama2-7b_conv300,3258,57280079000.0,1217503695102.4932
llama2-7b_conv300,3259,57414624000.0,1219673698083.596
llama2-7b_conv300,3260,57414624000.0,1221845028168.6987
llama2-7b_conv300,3261,57452439000.0,1224019966855.8015
llama2-7b_conv300,3262,57452439000.0,1226193433030.9043
llama2-7b_conv300,3263,57452439000.0,1228370933766.007
llama2-7b_conv300,3264,57492631000.0,1230547687007.1099
llama2-7b_conv300,3265,57492631000.0,1232727927992.2126
llama2-7b_conv300,3266,57503945000.0,1234901355229.3154
llama2-7b_conv300,3267,57511147000.0,1237073944860.4182
llama2-7b_conv300,3268,57511147000.0,1239252049755.521
llama2-7b_conv300,3269,57577696000.0,1241423590810.6238
llama2-7b_conv300,3270,57577696000.0,1243600727001.7266
llama2-7b_conv300,3271,57780753000.0,1245772268056.8293
llama2-7b_conv300,3272,57780753000.0,1247947489367.9321
llama2-7b_conv300,3273,57780753000.0,1250126198423.035
llama2-7b_conv300,3274,57780753000.0,1252309021910.1377
llama2-7b_conv300,3275,57780753000.0,1254495333141.2405
llama2-7b_conv300,3276,57780753000.0,1256685678932.3433
llama2-7b_conv300,3277,57780753000.0,1258879854483.446
llama2-7b_conv300,3278,57780753000.0,1261078224338.5488
llama2-7b_conv300,3279,57780753000.0,1263279660049.6516
llama2-7b_conv300,3280,58265729000.0,1265476860522.7544
llama2-7b_conv300,3281,58464914000.0,1268391788239.046
llama2-7b_conv300,3282,58464914000.0,1268980104003.046
llama2-7b_conv300,3283,58464914000.0,1269569103799.046
llama2-7b_conv300,3284,58464914000.0,1270149905940.046
llama2-7b_conv300,3285,58464914000.0,1270730970225.046
llama2-7b_conv300,3286,58464914000.0,1271295274559.046
llama2-7b_conv300,3287,58464914000.0,1271859841037.046
llama2-7b_conv300,3288,58464914000.0,1272424669659.046
llama2-7b_conv300,3289,58464914000.0,1272989840297.046
llama2-7b_conv300,3290,58464914000.0,1273554931063.046
llama2-7b_conv300,3291,58464914000.0,1274114081006.046
llama2-7b_conv300,3292,58464914000.0,1274673071205.046
llama2-7b_conv300,3293,58464914000.0,1275232665564.046
llama2-7b_conv300,3294,58464914000.0,1275792601939.046
llama2-7b_conv300,3295,58464914000.0,1276352538314.046
llama2-7b_conv300,3296,58464914000.0,1276912394817.046
llama2-7b_conv300,3297,58464914000.0,1277472593336.046
llama2-7b_conv300,3298,58464914000.0,1278032791855.046
llama2-7b_conv300,3299,58464914000.0,1278584610414.046
llama2-7b_conv300,3300,58464914000.0,1279136349101.046
llama2-7b_conv300,3301,58464914000.0,1279688349932.046
llama2-7b_conv300,3302,58464914000.0,1280240612907.046
llama2-7b_conv300,3303,58464914000.0,1280793217898.046
llama2-7b_conv300,3304,58464914000.0,1281345822889.046
llama2-7b_conv300,3305,58464914000.0,1281898427880.046
llama2-7b_conv300,3306,58464914000.0,1282444750096.046
llama2-7b_conv300,3307,58464914000.0,1282990992440.046
llama2-7b_conv300,3308,58464914000.0,1283537576800.046
llama2-7b_conv300,3309,58464914000.0,1284084161160.046
llama2-7b_conv300,3310,58464914000.0,1284630745520.046
llama2-7b_conv300,3311,58464914000.0,1285177329880.046
llama2-7b_conv300,3312,58464914000.0,1285723914240.046
llama2-7b_conv300,3313,58464914000.0,1286270498600.046
llama2-7b_conv300,3314,58464914000.0,1286808702968.046
llama2-7b_conv300,3315,58464914000.0,1287346747592.046
llama2-7b_conv300,3316,59993520000.0,1288861514148.4631
llama2-7b_conv300,3317,59993520000.0,1289398407796.4631
llama2-7b_conv300,3318,59993520000.0,1289935301444.4631
llama2-7b_conv300,3319,59993520000.0,1290472195092.4631
llama2-7b_conv300,3320,59993520000.0,1290996286550.4631
llama2-7b_conv300,3321,59993520000.0,1291520378008.4631
llama2-7b_conv300,3322,60172200000.0,1293684128313.566
llama2-7b_conv300,3323,60172200000.0,1295851993050.6687
llama2-7b_conv300,3324,60183596000.0,1298008233339.7715
llama2-7b_conv300,3325,60183596000.0,1300164422402.8743
llama2-7b_conv300,3326,60426171000.0,1302322405539.977
llama2-7b_conv300,3327,60426171000.0,1304478697003.0798
llama2-7b_conv300,3328,60426171000.0,1306635633559.1826
llama2-7b_conv300,3329,60426171000.0,1308797026563.2854
llama2-7b_conv300,3330,60648144000.0,1310958640778.3882
llama2-7b_conv300,3331,60648144000.0,1313524468621.308
llama2-7b_conv300,3332,60648144000.0,1314044103631.308
llama2-7b_conv300,3333,60778525000.0,1315786238923.6052
llama2-7b_conv300,3334,60831569000.0,1317946802566.708
llama2-7b_conv300,3335,60831569000.0,1320111560513.8108
llama2-7b_conv300,3336,60872432000.0,1322272517399.9136
llama2-7b_conv300,3337,60872432000.0,1324439069422.0164
llama2-7b_conv300,3338,60872432000.0,1326156554721.3306
llama2-7b_conv300,3339,60872432000.0,1326697371913.3306
llama2-7b_conv300,3340,61145266000.0,1328863803129.4333
llama2-7b_conv300,3341,61145266000.0,1331030879439.5361
llama2-7b_conv300,3342,61263537000.0,1333194416831.639
llama2-7b_conv300,3343,61263537000.0,1335363389615.7417
llama2-7b_conv300,3344,61285563000.0,1337532393146.8445
llama2-7b_conv300,3345,61285563000.0,1339703319749.9473
llama2-7b_conv300,3346,61285563000.0,1341873158838.05
llama2-7b_conv300,3347,61294115000.0,1344042250433.1528
llama2-7b_conv300,3348,61294115000.0,1346214487756.2556
llama2-7b_conv300,3349,61294115000.0,1347052098705.5186
llama2-7b_conv300,3350,61294115000.0,1347607316488.5186
llama2-7b_conv300,3351,61294115000.0,1348155202887.5186
llama2-7b_conv300,3352,61764605000.0,1350324134738.6213
llama2-7b_conv300,3353,61764605000.0,1352494053698.724
llama2-7b_conv300,3354,61838028000.0,1354660544359.827
llama2-7b_conv300,3355,61838028000.0,1356831466892.9297
llama2-7b_conv300,3356,61906835000.0,1358996794290.0325
llama2-7b_conv300,3357,61928694000.0,1361163676145.1353
llama2-7b_conv300,3358,61928694000.0,1363337179184.238
llama2-7b_conv300,3359,62174486000.0,1365512214153.3408
llama2-7b_conv300,3360,62174486000.0,1367676099732.4436
llama2-7b_conv300,3361,62174486000.0,1369844179615.5464
llama2-7b_conv300,3362,62276484000.0,1372013220036.6492
llama2-7b_conv300,3363,62276484000.0,1374180949737.752
llama2-7b_conv300,3364,62276484000.0,1376353215758.8547
llama2-7b_conv300,3365,62482331000.0,1378519630643.9575
llama2-7b_conv300,3366,62482331000.0,1380689191257.0603
llama2-7b_conv300,3367,62482331000.0,1383346716879.8774
llama2-7b_conv300,3368,62482331000.0,1383897726022.8774
llama2-7b_conv300,3369,62482331000.0,1384448655293.8774
llama2-7b_conv300,3370,62482331000.0,1384993563900.8774
llama2-7b_conv300,3371,62482331000.0,1385538814523.8774
llama2-7b_conv300,3372,62843126000.0,1387705270342.9802
llama2-7b_conv300,3373,62843126000.0,1389875840594.083
llama2-7b_conv300,3374,62843126000.0,1390398522570.8486
llama2-7b_conv300,3375,62843126000.0,1390951286849.8486
llama2-7b_conv300,3376,63043028000.0,1391816484489.5686
llama2-7b_conv300,3377,63043028000.0,1392374308951.5686
llama2-7b_conv300,3378,63112742000.0,1395087873986.6943
llama2-7b_conv300,3379,63112742000.0,1395652585415.6943
llama2-7b_conv300,3380,63112742000.0,1396211276181.6943
llama2-7b_conv300,3381,63112742000.0,1396769887075.6943
llama2-7b_conv300,3382,63112742000.0,1397328872753.6943
llama2-7b_conv300,3383,63112742000.0,1397878692008.6943
llama2-7b_conv300,3384,63112742000.0,1398428431391.6943
llama2-7b_conv300,3385,63112742000.0,1398978432918.6943
llama2-7b_conv300,3386,63112742000.0,1399528776461.6943
llama2-7b_conv300,3387,63112742000.0,1400079040132.6943
llama2-7b_conv300,3388,63112742000.0,1400629678587.6943
llama2-7b_conv300,3389,63112742000.0,1401180317042.6943
llama2-7b_conv300,3390,63112742000.0,1401722757809.6943
llama2-7b_conv300,3391,63112742000.0,1402265380848.6943
llama2-7b_conv300,3392,63112742000.0,1402808608047.6943
llama2-7b_conv300,3393,63597893000.0,1404973382458.797
llama2-7b_conv300,3394,63597893000.0,1407138150698.9
llama2-7b_conv300,3395,63597893000.0,1408624362979.8599
llama2-7b_conv300,3396,63597893000.0,1409167178530.8599
llama2-7b_conv300,3397,63597893000.0,1409709914209.8599
llama2-7b_conv300,3398,63597893000.0,1410244906889.8599
llama2-7b_conv300,3399,63597893000.0,1410771781721.8599
llama2-7b_conv300,3400,63597893000.0,1411298496809.8599
llama2-7b_conv300,3401,63597893000.0,1411825895929.8599
llama2-7b_conv300,3402,63597893000.0,1412353295049.8599
llama2-7b_conv300,3403,63597893000.0,1412880694169.8599
llama2-7b_conv300,3404,63597893000.0,1413408177257.8599
llama2-7b_conv300,3405,63597893000.0,1413936344377.8599
llama2-7b_conv300,3406,63597893000.0,1414464511497.8599
llama2-7b_conv300,3407,64095402000.00001,1416280424945.037
llama2-7b_conv300,3408,64095402000.00001,1416814270745.037
llama2-7b_conv300,3409,64095402000.00001,1417349226561.037
llama2-7b_conv300,3410,64186733000.0,1419505985047.14
llama2-7b_conv300,3411,64186733000.0,1421667279853.2427
llama2-7b_conv300,3412,64186733000.0,1423421566461.5227
llama2-7b_conv300,3413,64186733000.0,1423956077861.5227
llama2-7b_conv300,3414,64186733000.0,1424490589261.5227
llama2-7b_conv300,3415,64186733000.0,1425025100661.5227
llama2-7b_conv300,3416,64186733000.0,1425559532189.5227
llama2-7b_conv300,3417,64186733000.0,1426094305733.5227
llama2-7b_conv300,3418,64186733000.0,1426628999405.5227
llama2-7b_conv300,3419,64186733000.0,1427163955221.5227
llama2-7b_conv300,3420,64186733000.0,1427698831165.5227
llama2-7b_conv300,3421,64186733000.0,1428234049125.5227
llama2-7b_conv300,3422,64186733000.0,1428769267085.5227
llama2-7b_conv300,3423,64186733000.0,1429295580765.5227
llama2-7b_conv300,3424,64186733000.0,1429813172470.5227
llama2-7b_conv300,3425,64186733000.0,1430331106191.5227
llama2-7b_conv300,3426,64186733000.0,1430849039912.5227
llama2-7b_conv300,3427,64186733000.0,1431360192106.5227
llama2-7b_conv300,3428,64186733000.0,1431871344300.5227
llama2-7b_conv300,3429,64186733000.0,1432376476918.5227
llama2-7b_conv300,3430,64888310000.00001,1433561116690.4885
llama2-7b_conv300,3431,64910998000.00001,1434779853506.8943
llama2-7b_conv300,3432,64940790000.00001,1436930644120.997
llama2-7b_conv300,3433,64940790000.00001,1439083525743.0999
llama2-7b_conv300,3434,64940790000.00001,1441240943685.2026
llama2-7b_conv300,3435,64940790000.00001,1443401507355.3054
llama2-7b_conv300,3436,64940790000.00001,1445566265329.4082
llama2-7b_conv300,3437,64940790000.00001,1447734740423.511
llama2-7b_conv300,3438,64940790000.00001,1449907751837.6138
llama2-7b_conv300,3439,64940790000.00001,1452082114904.7166
llama2-7b_conv300,3440,64940790000.00001,1454256518905.8193
llama2-7b_conv300,3441,64990268000.0,1456434238644.922
llama2-7b_conv300,3442,65064085000.00001,1458588588656.025
llama2-7b_conv300,3443,65064085000.00001,1460747325483.1277
llama2-7b_conv300,3444,65064085000.00001,1462906000844.2305
llama2-7b_conv300,3445,65064156000.0,1465063586695.3333
llama2-7b_conv300,3446,65064156000.0,1467224351042.436
llama2-7b_conv300,3447,65066011000.0,1469383673624.5388
llama2-7b_conv300,3448,65066011000.0,1471544700115.6416
llama2-7b_conv300,3449,65531595999.99999,1473704454851.7444
llama2-7b_conv300,3450,65531595999.99999,1475867234483.8472
llama2-7b_conv300,3451,65531595999.99999,1478034208419.95
llama2-7b_conv300,3452,65715096000.0,1480200537263.0527
llama2-7b_conv300,3453,65715096000.0,1482364809887.1555
llama2-7b_conv300,3454,65786250999.99999,1484528507050.2583
llama2-7b_conv300,3455,65786250999.99999,1486695884469.361
llama2-7b_conv300,3456,66310171000.0,1488862082266.4639
llama2-7b_conv300,3457,66310171000.0,1491032564479.5667
llama2-7b_conv300,3458,66310171000.0,1493206454564.6694
llama2-7b_conv300,3459,66310171000.0,1495380647727.7722
llama2-7b_conv300,3460,66310171000.0,1497558328634.875
llama2-7b_conv300,3461,66403490000.00001,1499731553093.9778
llama2-7b_conv300,3462,66403490000.00001,1501899534673.0806
llama2-7b_conv300,3463,66403490000.00001,1504067739457.1833
llama2-7b_conv300,3464,66511613000.0,1506231539020.2861
llama2-7b_conv300,3465,66511613000.0,1508401617751.389
llama2-7b_conv300,3466,66624229000.0,1510570174844.4917
llama2-7b_conv300,3467,66624229000.0,1512742571937.5945
llama2-7b_conv300,3468,66624229000.0,1514918114758.6973
llama2-7b_conv300,3469,66693467999.99999,1517091648543.8
llama2-7b_conv300,3470,66693467999.99999,1519266687608.9028
llama2-7b_conv300,3471,66693467999.99999,1521446525138.0056
llama2-7b_conv300,3472,67245928000.00001,1523624245088.1084
llama2-7b_conv300,3473,67245928000.00001,1527631907731.017
llama2-7b_conv300,3474,67439933000.0,1528493329846.937
llama2-7b_conv300,3475,67439933000.0,1529078313058.937
llama2-7b_conv300,3476,67439933000.0,1529663296270.937
llama2-7b_conv300,3477,67439933000.0,1530248967610.937
llama2-7b_conv300,3478,67439933000.0,1530826601006.937
llama2-7b_conv300,3479,67439933000.0,1531404234402.937
llama2-7b_conv300,3480,67439933000.0,1531981708054.937
llama2-7b_conv300,3481,67439933000.0,1532537600795.937
llama2-7b_conv300,3482,67439933000.0,1533093493536.937
llama2-7b_conv300,3483,67439933000.0,1533649386277.937
llama2-7b_conv300,3484,67439933000.0,1534205199146.937
llama2-7b_conv300,3485,67439933000.0,1534752996600.937
llama2-7b_conv300,3486,67439933000.0,1535301820102.937
llama2-7b_conv300,3487,67439933000.0,1535850563732.937
llama2-7b_conv300,3488,67930409000.0,1538011877076.0398
llama2-7b_conv300,3489,67930409000.0,1540176336147.1426
llama2-7b_conv300,3490,67933052000.0,1542340717420.2454
llama2-7b_conv300,3491,67966089999.99999,1545393945926.5483
llama2-7b_conv300,3492,67966089999.99999,1545962666426.5483
llama2-7b_conv300,3493,67966089999.99999,1546531386926.5483
llama2-7b_conv300,3494,67966089999.99999,1547100027554.5483
llama2-7b_conv300,3495,67966089999.99999,1547660550399.5483
llama2-7b_conv300,3496,67966089999.99999,1548221415260.5483
llama2-7b_conv300,3497,67966089999.99999,1548782120377.5483
llama2-7b_conv300,3498,67966089999.99999,1549328766855.5483
llama2-7b_conv300,3499,67966089999.99999,1549875675477.5483
llama2-7b_conv300,3500,67966089999.99999,1550422926115.5483
llama2-7b_conv300,3501,67966089999.99999,1550970176753.5483
llama2-7b_conv300,3502,67966089999.99999,1551517427391.5483
llama2-7b_conv300,3503,67966089999.99999,1552064678029.5483
llama2-7b_conv300,3504,67966089999.99999,1552603651076.5483
llama2-7b_conv300,3505,67966089999.99999,1553143148411.5483
llama2-7b_conv300,3506,67966089999.99999,1553683329778.5483
llama2-7b_conv300,3507,67966089999.99999,1554223431273.5483
llama2-7b_conv300,3508,67966089999.99999,1554763794912.5483
llama2-7b_conv300,3509,68682209000.0,1556916983787.6511
llama2-7b_conv300,3510,68682209000.0,1559074741750.754
llama2-7b_conv300,3511,68682209000.0,1560606905347.1196
llama2-7b_conv300,3512,68682209000.0,1561146777466.1196
llama2-7b_conv300,3513,68682209000.0,1561678611641.1196
llama2-7b_conv300,3514,68682209000.0,1562210445816.1196
llama2-7b_conv300,3515,68682209000.0,1562733900064.1196
llama2-7b_conv300,3516,68682209000.0,1563257354312.1196
llama2-7b_conv300,3517,68682209000.0,1563780808560.1196
llama2-7b_conv300,3518,69017743000.0,1565223462899.6226
llama2-7b_conv300,3519,69017743000.0,1565744215835.6226
llama2-7b_conv300,3520,69017743000.0,1566265310787.6226
llama2-7b_conv300,3521,69017743000.0,1566786405739.6226
llama2-7b_conv300,3522,69017743000.0,1567301662267.6226
llama2-7b_conv300,3523,69017743000.0,1567817260811.6226
llama2-7b_conv300,3524,69017743000.0,1568332779483.6226
llama2-7b_conv300,3525,69017743000.0,1568833660957.6226
llama2-7b_conv300,3526,69017743000.0,1569334884447.6226
llama2-7b_conv300,3527,69017743000.0,1569836028065.6226
llama2-7b_conv300,3528,69017743000.0,1570337433827.6226
llama2-7b_conv300,3529,69017743000.0,1570839181605.6226
llama2-7b_conv300,3530,69017743000.0,1571340929383.6226
llama2-7b_conv300,3531,69017743000.0,1571842677161.6226
llama2-7b_conv300,3532,69017743000.0,1572327587228.6226
llama2-7b_conv300,3533,69017743000.0,1572802625847.6226
llama2-7b_conv300,3534,69017743000.0,1573277664466.6226
llama2-7b_conv300,3535,69017743000.0,1573752703085.6226
llama2-7b_conv300,3536,69017743000.0,1574227661832.6226
llama2-7b_conv300,3537,69017743000.0,1574702722979.6226
llama2-7b_conv300,3538,69017743000.0,1575178730302.6226
llama2-7b_conv300,3539,69017743000.0,1575655079641.6226
llama2-7b_conv300,3540,69017743000.0,1576124019325.6226
llama2-7b_conv300,3541,69017743000.0,1576593301025.6226
llama2-7b_conv300,3542,69017743000.0,1577062615493.6226
llama2-7b_conv300,3543,69017743000.0,1577531929961.6226
llama2-7b_conv300,3544,69017743000.0,1577993048309.6226
llama2-7b_conv300,3545,69017743000.0,1578455243905.6226
llama2-7b_conv300,3546,69017743000.0,1578917701645.6226
llama2-7b_conv300,3547,69017743000.0,1579380421529.6226
llama2-7b_conv300,3548,69017743000.0,1579837202222.6226
llama2-7b_conv300,3549,69017743000.0,1580293982915.6226
llama2-7b_conv300,3550,69017743000.0,1580744402497.6226
llama2-7b_conv300,3551,69017743000.0,1581195164095.6226
llama2-7b_conv300,3552,69017743000.0,1581645845821.6226
llama2-7b_conv300,3553,69017743000.0,1582096789691.6226
llama2-7b_conv300,3554,69017743000.0,1582548075577.6226
llama2-7b_conv300,3555,69017743000.0,1582999361463.6226
llama2-7b_conv300,3556,69017743000.0,1583450647349.6226
llama2-7b_conv300,3557,70095865000.0,1585573003294.7253
llama2-7b_conv300,3558,70095865000.0,1587695924461.8281
llama2-7b_conv300,3559,70095865000.0,1588437500533.3596
llama2-7b_conv300,3560,70095865000.0,1588879803899.3596
llama2-7b_conv300,3561,70095865000.0,1589322369409.3596
llama2-7b_conv300,3562,70287471000.0,1591440834128.4624
llama2-7b_conv300,3563,70287471000.0,1593563493151.5652
llama2-7b_conv300,3564,70287471000.0,1595689297902.668
llama2-7b_conv300,3565,70287471000.0,1597819296957.7708
llama2-7b_conv300,3566,70457950000.0,1599946977702.8735
llama2-7b_conv300,3567,70457950000.0,1602673542710.045
llama2-7b_conv300,3568,70457950000.0,1603132420555.045
llama2-7b_conv300,3569,70457950000.0,1603585279305.045
llama2-7b_conv300,3570,70457950000.0,1604030021839.045
llama2-7b_conv300,3571,70457950000.0,1604474684501.045
llama2-7b_conv300,3572,70457950000.0,1604913145796.045
llama2-7b_conv300,3573,70457950000.0,1605351607091.045
llama2-7b_conv300,3574,70457950000.0,1605790068386.045
llama2-7b_conv300,3575,70457950000.0,1606228529681.045
llama2-7b_conv300,3576,70457950000.0,1606666911104.045
llama2-7b_conv300,3577,70457950000.0,1607105634543.045
llama2-7b_conv300,3578,70457950000.0,1607544357982.045
llama2-7b_conv300,3579,70457950000.0,1607983001549.045
llama2-7b_conv300,3580,70913521000.0,1610101951617.1477
llama2-7b_conv300,3581,70913521000.0,1612225438005.2505
llama2-7b_conv300,3582,70977717000.0,1614008278292.919
llama2-7b_conv300,3583,70977717000.0,1614460270738.919
llama2-7b_conv300,3584,70977717000.0,1614912605200.919
llama2-7b_conv300,3585,70977717000.0,1615364859790.919
llama2-7b_conv300,3586,70977717000.0,1615817376524.919
llama2-7b_conv300,3587,70977717000.0,1616270235274.919
llama2-7b_conv300,3588,70977717000.0,1616714715664.919
llama2-7b_conv300,3589,70977717000.0,1617159196054.919
llama2-7b_conv300,3590,70977717000.0,1617603676444.919
llama2-7b_conv300,3591,70977717000.0,1618039436427.919
llama2-7b_conv300,3592,70977717000.0,1618475378682.919
llama2-7b_conv300,3593,70977717000.0,1618912004969.919
llama2-7b_conv300,3594,70977717000.0,1619348551384.919
llama2-7b_conv300,3595,70977717000.0,1619785439815.919
llama2-7b_conv300,3596,70977717000.0,1620213949854.919
llama2-7b_conv300,3597,70977717000.0,1620642459893.919
llama2-7b_conv300,3598,70977717000.0,1621070890060.919
llama2-7b_conv300,3599,70977717000.0,1621493643180.919
llama2-7b_conv300,3600,70977717000.0,1621916236556.919
llama2-7b_conv300,3601,71553215000.0,1624028532620.0217
llama2-7b_conv300,3602,71553215000.0,1626144863243.1245
llama2-7b_conv300,3603,71553215000.0,1627902905469.8274
llama2-7b_conv300,3604,71553215000.0,1628328280029.8274
llama2-7b_conv300,3605,71553215000.0,1628753574717.8274
llama2-7b_conv300,3606,71553215000.0,1629179211421.8274
llama2-7b_conv300,3607,71553215000.0,1629604768253.8274
llama2-7b_conv300,3608,71553215000.0,1630030587229.8274
llama2-7b_conv300,3609,71553215000.0,1630456748221.8274
llama2-7b_conv300,3610,71553215000.0,1630882909213.8274
llama2-7b_conv300,3611,71553215000.0,1631309070205.8274
llama2-7b_conv300,3612,71553215000.0,1631735151325.8274
llama2-7b_conv300,3613,71926622000.0,1633850433372.9302
llama2-7b_conv300,3614,71926622000.0,1635970593756.033
llama2-7b_conv300,3615,71926622000.0,1637600231040.8271
llama2-7b_conv300,3616,71926622000.0,1638034770391.8271
llama2-7b_conv300,3617,71926622000.0,1638462766391.8271
llama2-7b_conv300,3618,71926622000.0,1638890762391.8271
llama2-7b_conv300,3619,71926622000.0,1639318758391.8271
llama2-7b_conv300,3620,71926622000.0,1639746754391.8271
llama2-7b_conv300,3621,71926622000.0,1640167789216.8271
llama2-7b_conv300,3622,71926622000.0,1640588744169.8271
llama2-7b_conv300,3623,72258986000.0,1642704147022.93
llama2-7b_conv300,3624,72258986000.0,1645433907093.9355
llama2-7b_conv300,3625,72258986000.0,1645863133941.9355
llama2-7b_conv300,3626,72258986000.0,1646292622933.9355
llama2-7b_conv300,3627,72258986000.0,1646722374069.9355
llama2-7b_conv300,3628,72258986000.0,1647152467221.9355
llama2-7b_conv300,3629,72463206000.0,1648898748301.067
llama2-7b_conv300,3630,72463206000.0,1649334598372.067
llama2-7b_conv300,3631,72463206000.0,1649770448443.067
llama2-7b_conv300,3632,72463206000.0,1650206218642.067
llama2-7b_conv300,3633,72463206000.0,1650642171113.067
llama2-7b_conv300,3634,72463206000.0,1651070691401.067
llama2-7b_conv300,3635,72463206000.0,1651499131817.067
llama2-7b_conv300,3636,72463206000.0,1651927754505.067
llama2-7b_conv300,3637,72686339000.0,1654046079880.1697
llama2-7b_conv300,3638,72686339000.0,1656167329773.2725
llama2-7b_conv300,3639,72772330000.0,1658288014444.3752
llama2-7b_conv300,3640,72772330000.0,1660410192107.478
llama2-7b_conv300,3641,72772330000.0,1662262155063.5352
llama2-7b_conv300,3642,72772330000.0,1662692510359.5352
llama2-7b_conv300,3643,72772330000.0,1663122865655.5352
llama2-7b_conv300,3644,72772330000.0,1663553220951.5352
llama2-7b_conv300,3645,72772330000.0,1663983576247.5352
llama2-7b_conv300,3646,73069107000.0,1666587629707.7637
llama2-7b_conv300,3647,73069107000.0,1667024266210.7637
llama2-7b_conv300,3648,73139437000.0,1669145434236.8665
llama2-7b_conv300,3649,73139437000.0,1671270796566.9692
llama2-7b_conv300,3650,73139437000.0,1673395151254.072
llama2-7b_conv300,3651,73139437000.0,1675522168315.1748
llama2-7b_conv300,3652,73139437000.0,1677653379680.2776
llama2-7b_conv300,3653,73139437000.0,1679778449014.3804
llama2-7b_conv300,3654,73139437000.0,1681904163441.4832
llama2-7b_conv300,3655,73139437000.0,1684034072172.586
llama2-7b_conv300,3656,73188991000.0,1686159403650.6887
llama2-7b_conv300,3657,73188991000.0,1688272494232.7915
llama2-7b_conv300,3658,73188991000.0,1690389779118.8943
llama2-7b_conv300,3659,73284651000.0,1692504925918.997
llama2-7b_conv300,3660,73284651000.0,1694624187151.0999
llama2-7b_conv300,3661,73501684000.0,1696743225178.2026
llama2-7b_conv300,3662,73501684000.0,1698864884645.3054
llama2-7b_conv300,3663,73841563000.0,1700988676106.4082
llama2-7b_conv300,3664,73841563000.0,1703113333871.511
llama2-7b_conv300,3665,74006953000.0,1705239705838.6138
llama2-7b_conv300,3666,74006953000.0,1707364625747.7166
llama2-7b_conv300,3667,74006953000.0,1709493739960.8193
llama2-7b_conv300,3668,74046995000.0,1711620716087.922
llama2-7b_conv300,3669,74046995000.0,1713751886519.025
llama2-7b_conv300,3670,74046995000.0,1714547227091.4707
llama2-7b_conv300,3671,74046995000.0,1714992514346.4707
llama2-7b_conv300,3672,74046995000.0,1715437801601.4707
llama2-7b_conv300,3673,74046995000.0,1715883088856.4707
llama2-7b_conv300,3674,74046995000.0,1716328296239.4707
llama2-7b_conv300,3675,74046995000.0,1716773765766.4707
llama2-7b_conv300,3676,74046995000.0,1717219577309.4707
llama2-7b_conv300,3677,74046995000.0,1717665388852.4707
llama2-7b_conv300,3678,74046995000.0,1718111120523.4707
llama2-7b_conv300,3679,74046995000.0,1718557194210.4707
llama2-7b_conv300,3680,74046995000.0,1719003267897.4707
llama2-7b_conv300,3681,74046995000.0,1719449261712.4707
llama2-7b_conv300,3682,74046995000.0,1719895597543.4707
llama2-7b_conv300,3683,74046995000.0,1720341933374.4707
llama2-7b_conv300,3684,74046995000.0,1720788269205.4707
llama2-7b_conv300,3685,74046995000.0,1721234605036.4707
llama2-7b_conv300,3686,74046995000.0,1721680940867.4707
llama2-7b_conv300,3687,74046995000.0,1722127276698.4707
llama2-7b_conv300,3688,74046995000.0,1722565154298.4707
llama2-7b_conv300,3689,74046995000.0,1723003294042.4707
llama2-7b_conv300,3690,74046995000.0,1723441775802.4707
llama2-7b_conv300,3691,74046995000.0,1723880257562.4707
llama2-7b_conv300,3692,74046995000.0,1724318739322.4707
llama2-7b_conv300,3693,74046995000.0,1724757141210.4707
llama2-7b_conv300,3694,74046995000.0,1725181321763.4707
llama2-7b_conv300,3695,74046995000.0,1725605502316.4707
llama2-7b_conv300,3696,74046995000.0,1726021224637.4707
llama2-7b_conv300,3697,74046995000.0,1726437288974.4707
llama2-7b_conv300,3698,74046995000.0,1726853353311.4707
llama2-7b_conv300,3699,74046995000.0,1727269417648.4707
llama2-7b_conv300,3700,74046995000.0,1727685481985.4707
llama2-7b_conv300,3701,74046995000.0,1728095527227.4707
llama2-7b_conv300,3702,74046995000.0,1728505572469.4707
llama2-7b_conv300,3703,75304583000.0,1730618097829.5735
llama2-7b_conv300,3704,75304583000.0,1732734817493.6763
llama2-7b_conv300,3705,75304583000.0,1733836789282.7278
llama2-7b_conv300,3706,75304583000.0,1734254426483.7278
llama2-7b_conv300,3707,75304583000.0,1734671983812.7278
llama2-7b_conv300,3708,75304583000.0,1735089883157.7278
llama2-7b_conv300,3709,75304583000.0,1735507782502.7278
llama2-7b_conv300,3710,75304583000.0,1735925681847.7278
llama2-7b_conv300,3711,75304583000.0,1736343501320.7278
llama2-7b_conv300,3712,75304583000.0,1736761662809.7278
llama2-7b_conv300,3713,75627209000.0,1738877657508.8306
llama2-7b_conv300,3714,75627209000.0,1740998450671.9333
llama2-7b_conv300,3715,75726526000.0,1743119620693.0361
llama2-7b_conv300,3716,75726526000.0,1745243674298.139
llama2-7b_conv300,3717,75833898000.0,1747369601849.2417
llama2-7b_conv300,3718,75862760000.0,1750138705241.853
llama2-7b_conv300,3719,75862760000.0,1750576740528.853
llama2-7b_conv300,3720,75862760000.0,1751014878215.853
llama2-7b_conv300,3721,75862760000.0,1751454041950.853
llama2-7b_conv300,3722,75862760000.0,1751893125813.853
llama2-7b_conv300,3723,75862760000.0,1752332551692.853
llama2-7b_conv300,3724,75862760000.0,1752771977571.853
llama2-7b_conv300,3725,76099724000.0,1755487341507.893
llama2-7b_conv300,3726,76099724000.0,1755933230898.893
llama2-7b_conv300,3727,76099724000.0,1756379462305.893
llama2-7b_conv300,3728,76099724000.0,1756825533968.893
llama2-7b_conv300,3729,76099724000.0,1757272289663.893
llama2-7b_conv300,3730,76286150000.0,1759395118617.9958
llama2-7b_conv300,3731,76286150000.0,1761522483892.0986
llama2-7b_conv300,3732,76286150000.0,1762015028599.3044
llama2-7b_conv300,3733,76286150000.0,1762461260006.3044
llama2-7b_conv300,3734,76286150000.0,1762907491413.3044
llama2-7b_conv300,3735,76286150000.0,1763353642948.3044
llama2-7b_conv300,3736,76286150000.0,1763800089395.3044
llama2-7b_conv300,3737,76286150000.0,1764246877858.3044
llama2-7b_conv300,3738,76558380000.0,1766369819452.4072
llama2-7b_conv300,3739,76558380000.0,1768495161275.51
llama2-7b_conv300,3740,76558380000.0,1770261450798.213
llama2-7b_conv300,3741,76558380000.0,1770693055374.213
llama2-7b_conv300,3742,76749357000.0,1772813678605.3157
llama2-7b_conv300,3743,76749357000.0,1774938496140.4185
llama2-7b_conv300,3744,76749357000.0,1775690829125.9329
llama2-7b_conv300,3745,76749357000.0,1776121829541.9329
llama2-7b_conv300,3746,76749357000.0,1776553171973.9329
llama2-7b_conv300,3747,76749357000.0,1776984514405.9329
llama2-7b_conv300,3748,76749357000.0,1777415776965.9329
llama2-7b_conv300,3749,76749357000.0,1777847381541.9329
llama2-7b_conv300,3750,76749357000.0,1778278906245.9329
llama2-7b_conv300,3751,76749357000.0,1778702238926.9329
llama2-7b_conv300,3752,76749357000.0,1779125571607.9329
llama2-7b_conv300,3753,76749357000.0,1779532329809.9329
llama2-7b_conv300,3754,76749357000.0,1779930789491.9329
llama2-7b_conv300,3755,76749357000.0,1780329169301.9329
llama2-7b_conv300,3756,76749357000.0,1780727891127.9329
llama2-7b_conv300,3757,76749357000.0,1781126612953.9329
llama2-7b_conv300,3758,76749357000.0,1781525334779.9329
llama2-7b_conv300,3759,76749357000.0,1781924056605.9329
llama2-7b_conv300,3760,76749357000.0,1782322698559.9329
llama2-7b_conv300,3761,77310607000.0,1784424758587.0356
llama2-7b_conv300,3762,77310607000.0,1788371435705.927
llama2-7b_conv300,3763,77310607000.0,1788769108955.927
llama2-7b_conv300,3764,77310607000.0,1789166622461.927
llama2-7b_conv300,3765,77310607000.0,1789564819999.927
llama2-7b_conv300,3766,77310607000.0,1789963017537.927
llama2-7b_conv300,3767,77310607000.0,1790361983075.927
llama2-7b_conv300,3768,77546989000.0,1792468257914.0298
llama2-7b_conv300,3769,77546989000.0,1794578727056.1326
llama2-7b_conv300,3770,77546989000.0,1796063601832.4983
llama2-7b_conv300,3771,77546989000.0,1796470501346.4983
llama2-7b_conv300,3772,77546989000.0,1796877400860.4983
llama2-7b_conv300,3773,77546989000.0,1797284220502.4983
llama2-7b_conv300,3774,77546989000.0,1797691382160.4983
llama2-7b_conv300,3775,77546989000.0,1798098543818.4983
llama2-7b_conv300,3776,77546989000.0,1798505705476.4983
llama2-7b_conv300,3777,77546989000.0,1798912867134.4983
llama2-7b_conv300,3778,77546989000.0,1799320028792.4983
llama2-7b_conv300,3779,77546989000.0,1799727190450.4983
llama2-7b_conv300,3780,77546989000.0,1800134352108.4983
llama2-7b_conv300,3781,77546989000.0,1800532975630.4983
llama2-7b_conv300,3782,77546989000.0,1800932283184.4983
llama2-7b_conv300,3783,77546989000.0,1801331590738.4983
llama2-7b_conv300,3784,77546989000.0,1801730818420.4983
llama2-7b_conv300,3785,77546989000.0,1802130388118.4983
llama2-7b_conv300,3786,77546989000.0,1802529957816.4983
llama2-7b_conv300,3787,77546989000.0,1802923508451.4983
llama2-7b_conv300,3788,77546989000.0,1803317059086.4983
llama2-7b_conv300,3789,77546989000.0,1803710609721.4983
llama2-7b_conv300,3790,77546989000.0,1804104160356.4983
llama2-7b_conv300,3791,77546989000.0,1804489252728.4983
llama2-7b_conv300,3792,77546989000.0,1804874687116.4983
llama2-7b_conv300,3793,78254342000.0,1806975983213.601
llama2-7b_conv300,3794,78254342000.0,1809081815630.7039
llama2-7b_conv300,3795,78313936000.0,1811184109129.8066
llama2-7b_conv300,3796,78313936000.0,1813291917892.9094
llama2-7b_conv300,3797,78313936000.0,1815404262976.0122
llama2-7b_conv300,3798,78313936000.0,1816303948263.0864
llama2-7b_conv300,3799,78313936000.0,1816696894738.0864
llama2-7b_conv300,3800,78313936000.0,1817090183229.0864
llama2-7b_conv300,3801,78313936000.0,1817483471720.0864
llama2-7b_conv300,3802,78313936000.0,1817876760211.0864
llama2-7b_conv300,3803,78313936000.0,1818269968830.0864
llama2-7b_conv300,3804,78313936000.0,1818663519465.0864
llama2-7b_conv300,3805,78684997000.0,1820352526625.7778
llama2-7b_conv300,3806,78707843000.0,1822454830364.8806
llama2-7b_conv300,3807,78707843000.0,1824561670423.9834
llama2-7b_conv300,3808,78707843000.0,1826671656211.0862
llama2-7b_conv300,3809,78741657000.0,1829409404073.5662
llama2-7b_conv300,3810,78741657000.0,1829814636515.5662
llama2-7b_conv300,3811,78741657000.0,1830211410693.5662
llama2-7b_conv300,3812,78741657000.0,1830608526887.5662
llama2-7b_conv300,3813,78741657000.0,1831005643081.5662
llama2-7b_conv300,3814,78741657000.0,1831402759275.5662
llama2-7b_conv300,3815,78741657000.0,1831799875469.5662
llama2-7b_conv300,3816,78741657000.0,1832190630584.5662
llama2-7b_conv300,3817,78741657000.0,1832573349324.5662
llama2-7b_conv300,3818,78741657000.0,1832956068064.5662
llama2-7b_conv300,3819,78741657000.0,1833338786804.5662
llama2-7b_conv300,3820,78741657000.0,1833721505544.5662
llama2-7b_conv300,3821,78741657000.0,1834104224284.5662
llama2-7b_conv300,3822,79246030000.0,1836736021932.709
llama2-7b_conv300,3823,79246030000.0,1837125021911.709
llama2-7b_conv300,3824,79316404000.0,1839225316562.8118
llama2-7b_conv300,3825,79316404000.0,1841328433331.9146
llama2-7b_conv300,3826,79431406000.0,1843428494538.0173
llama2-7b_conv300,3827,79431406000.0,1845532840160.12
llama2-7b_conv300,3828,79431406000.0,1847641380086.223
llama2-7b_conv300,3829,79466727000.0,1850236954906.9429
llama2-7b_conv300,3830,79466727000.0,1850647157867.9429
llama2-7b_conv300,3831,79466727000.0,1851057360828.9429
llama2-7b_conv300,3832,79466727000.0,1851467563789.9429
llama2-7b_conv300,3833,79466727000.0,1851877766750.9429
llama2-7b_conv300,3834,79466727000.0,1852287969711.9429
llama2-7b_conv300,3835,79466727000.0,1852698092800.9429
llama2-7b_conv300,3836,79788963000.0,1854397565538.1257
llama2-7b_conv300,3837,79817387000.0,1856508100321.2285
llama2-7b_conv300,3838,79817387000.0,1858622829408.3313
llama2-7b_conv300,3839,79817387000.0,1862007210777.1028
llama2-7b_conv300,3840,79996058000.0,1864121374643.2056
llama2-7b_conv300,3841,79996058000.0,1866239652941.3083
llama2-7b_conv300,3842,79996058000.0,1867399745402.7654
llama2-7b_conv300,3843,79996058000.0,1867829035729.7654
llama2-7b_conv300,3844,79996058000.0,1868250209841.7654
llama2-7b_conv300,3845,80182683000.0,1870360744624.8682
llama2-7b_conv300,3846,80182683000.0,1872469108475.971
llama2-7b_conv300,3847,80182683000.0,1873294908208.6567
llama2-7b_conv300,3848,80182683000.0,1873708516985.6567
llama2-7b_conv300,3849,80182683000.0,1874122842562.6567
llama2-7b_conv300,3850,80182683000.0,1874537168139.6567
llama2-7b_conv300,3851,80396777000.0,1876645599600.7595
llama2-7b_conv300,3852,80396777000.0,1878753996219.8623
llama2-7b_conv300,3853,80421214000.0,1880864262688.965
llama2-7b_conv300,3854,80421214000.0,1882974871174.0679
llama2-7b_conv300,3855,80421214000.0,1885665574354.6335
llama2-7b_conv300,3856,80421214000.0,1886088012082.6335
llama2-7b_conv300,3857,80421214000.0,1886511133842.6335
llama2-7b_conv300,3858,80421214000.0,1886934255602.6335
llama2-7b_conv300,3859,80421214000.0,1887341808451.6335
llama2-7b_conv300,3860,80421214000.0,1887740982909.6335
llama2-7b_conv300,3861,80421214000.0,1888140157367.6335
llama2-7b_conv300,3862,80421214000.0,1888539430129.6335
llama2-7b_conv300,3863,80421214000.0,1888938623019.6335
llama2-7b_conv300,3864,80421214000.0,1889338157925.6335
llama2-7b_conv300,3865,80895356000.0,1891440205717.7363
llama2-7b_conv300,3866,80895356000.0,1893546447813.839
llama2-7b_conv300,3867,80895356000.0,1894017002271.839
llama2-7b_conv300,3868,80895356000.0,1894415179353.839
llama2-7b_conv300,3869,80895356000.0,1894813698451.839
llama2-7b_conv300,3870,80895356000.0,1895204887733.839
llama2-7b_conv300,3871,80895356000.0,1895596077015.839
llama2-7b_conv300,3872,80895356000.0,1895987186425.839
llama2-7b_conv300,3873,81144872000.0,1898085525263.942
llama2-7b_conv300,3874,81144872000.0,1900184771339.0447
llama2-7b_conv300,3875,81144872000.0,1902954546917.1304
llama2-7b_conv300,3876,81144872000.0,1903345918471.1304
llama2-7b_conv300,3877,81144872000.0,1903737632041.1304
llama2-7b_conv300,3878,81144872000.0,1904129491019.1304
llama2-7b_conv300,3879,81144872000.0,1904521349997.1304
llama2-7b_conv300,3880,81144872000.0,1904913208975.1304
llama2-7b_conv300,3881,81144872000.0,1905305020849.1304
llama2-7b_conv300,3882,81144872000.0,1905697174739.1304
llama2-7b_conv300,3883,81144872000.0,1906089328629.1304
llama2-7b_conv300,3884,81144872000.0,1906481482519.1304
llama2-7b_conv300,3885,81144872000.0,1906873636409.1304
llama2-7b_conv300,3886,81144872000.0,1907265790299.1304
llama2-7b_conv300,3887,81144872000.0,1907657864317.1304
llama2-7b_conv300,3888,81144872000.0,1908050200479.1304
llama2-7b_conv300,3889,81628783000.0,1910145954714.2332
llama2-7b_conv300,3890,81628783000.0,1912241749883.336
llama2-7b_conv300,3891,81628783000.0,1916181113568.2273
llama2-7b_conv300,3892,81628783000.0,1916556088820.2273
llama2-7b_conv300,3893,81628783000.0,1916931668232.2273
llama2-7b_conv300,3894,81628783000.0,1917307280412.2273
llama2-7b_conv300,3895,81628783000.0,1917674514232.2273
llama2-7b_conv300,3896,81628783000.0,1918042516052.2273
llama2-7b_conv300,3897,81628783000.0,1918410925424.2273
llama2-7b_conv300,3898,81628783000.0,1918779367564.2273
llama2-7b_conv300,3899,81628783000.0,1919147809704.2273
llama2-7b_conv300,3900,81628783000.0,1919507531437.2273
llama2-7b_conv300,3901,81628783000.0,1919867515314.2273
llama2-7b_conv300,3902,81628783000.0,1920227841207.2273
llama2-7b_conv300,3903,81628783000.0,1920588087228.2273
llama2-7b_conv300,3904,82066092000.0,1922673591144.33
llama2-7b_conv300,3905,82066092000.0,1924763289364.4329
llama2-7b_conv300,3906,82109910000.0,1926852422363.5356
llama2-7b_conv300,3907,82109910000.0,1928944176802.6384
llama2-7b_conv300,3908,82109910000.0,1929390365559.8955
llama2-7b_conv300,3909,82109910000.0,1929765533323.8955
llama2-7b_conv300,3910,82109910000.0,1930141043103.8955
llama2-7b_conv300,3911,82109910000.0,1930516552883.8955
llama2-7b_conv300,3912,82109910000.0,1930891902919.8955
llama2-7b_conv300,3913,82109910000.0,1931268147931.8955
llama2-7b_conv300,3914,82413633000.0,1933360334524.9983
llama2-7b_conv300,3915,82413633000.0,1935456635550.101
llama2-7b_conv300,3916,82497749000.0,1937552633497.2039
llama2-7b_conv300,3917,82497749000.0,1939650546324.3066
llama2-7b_conv300,3918,82497749000.0,1941354990159.5237
llama2-7b_conv300,3919,82497749000.0,1941746863473.5237
llama2-7b_conv300,3920,82497749000.0,1942139078803.5237
llama2-7b_conv300,3921,82497749000.0,1942531214261.5237
llama2-7b_conv300,3922,82497749000.0,1942923611863.5237
llama2-7b_conv300,3923,82497749000.0,1943316351481.5237
llama2-7b_conv300,3924,82497749000.0,1943709011227.5237
llama2-7b_conv300,3925,82497749000.0,1944102012989.5237
llama2-7b_conv300,3926,82497749000.0,1944488733544.5237
llama2-7b_conv300,3927,82497749000.0,1944875374227.5237
llama2-7b_conv300,3928,82497749000.0,1945262277054.5237
llama2-7b_conv300,3929,82919064000.0,1947360507295.6265
llama2-7b_conv300,3930,82919064000.0,1949462931840.7292
llama2-7b_conv300,3931,82919064000.0,1950616604053.1692
llama2-7b_conv300,3932,82919064000.0,1951006404800.1692
llama2-7b_conv300,3933,82919064000.0,1951396547563.1692
llama2-7b_conv300,3934,82919064000.0,1951786690326.1692
llama2-7b_conv300,3935,82919064000.0,1952176833089.1692
llama2-7b_conv300,3936,82919064000.0,1952566975852.1692
llama2-7b_conv300,3937,82919064000.0,1952957038743.1692
llama2-7b_conv300,3938,82919064000.0,1953347443650.1692
llama2-7b_conv300,3939,82919064000.0,1953737768685.1692
llama2-7b_conv300,3940,82919064000.0,1954128435736.1692
llama2-7b_conv300,3941,82919064000.0,1954519102787.1692
llama2-7b_conv300,3942,82919064000.0,1954909769838.1692
llama2-7b_conv300,3943,82919064000.0,1955294679938.1692
llama2-7b_conv300,3944,82919064000.0,1955679430294.1692
llama2-7b_conv300,3945,82919064000.0,1956064864682.1692
llama2-7b_conv300,3946,82919064000.0,1956450299070.1692
llama2-7b_conv300,3947,82919064000.0,1956835733458.1692
llama2-7b_conv300,3948,82919064000.0,1957221167846.1692
llama2-7b_conv300,3949,82919064000.0,1957606602234.1692
llama2-7b_conv300,3950,82919064000.0,1957991956750.1692
llama2-7b_conv300,3951,82919064000.0,1958377653282.1692
llama2-7b_conv300,3952,82919064000.0,1958763269942.1692
llama2-7b_conv300,3953,82919064000.0,1959149228618.1692
llama2-7b_conv300,3954,82919064000.0,1959535107422.1692
llama2-7b_conv300,3955,82919064000.0,1959921328242.1692
llama2-7b_conv300,3956,82919064000.0,1960307549062.1692
llama2-7b_conv300,3957,82919064000.0,1960687750818.1692
llama2-7b_conv300,3958,82919064000.0,1961067952574.1692
llama2-7b_conv300,3959,83735745000.0,1963168583045.272
llama2-7b_conv300,3960,83735745000.0,1965273407820.3748
llama2-7b_conv300,3961,83797671000.0,1967377667373.4775
llama2-7b_conv300,3962,83797671000.0,1969484548366.5803
llama2-7b_conv300,3963,83797671000.0,1972528551473.3232
llama2-7b_conv300,3964,83797671000.0,1972923937116.3232
llama2-7b_conv300,3965,84029102000.0,1974586523508.129
llama2-7b_conv300,3966,84029102000.0,1974979287711.129
llama2-7b_conv300,3967,84029102000.0,1975371972042.129
llama2-7b_conv300,3968,84029102000.0,1975764998389.129
llama2-7b_conv300,3969,84029102000.0,1976157944864.129
llama2-7b_conv300,3970,84029102000.0,1976551153483.129
llama2-7b_conv300,3971,84029102000.0,1976944704118.129
llama2-7b_conv300,3972,84029102000.0,1977338174881.129
llama2-7b_conv300,3973,84029102000.0,1977731987660.129
llama2-7b_conv300,3974,84029102000.0,1978125720567.129
llama2-7b_conv300,3975,84029102000.0,1978519795490.129
llama2-7b_conv300,3976,84029102000.0,1978907771446.129
llama2-7b_conv300,3977,84029102000.0,1979296089418.129
llama2-7b_conv300,3978,84029102000.0,1979684407390.129
llama2-7b_conv300,3979,84029102000.0,1980072645490.129
llama2-7b_conv300,3980,84029102000.0,1980461225606.129
llama2-7b_conv300,3981,84029102000.0,1980849645978.129
llama2-7b_conv300,3982,84029102000.0,1981238750382.129
llama2-7b_conv300,3983,84029102000.0,1981627854786.129
llama2-7b_conv300,3984,84029102000.0,1982016799446.129
llama2-7b_conv300,3985,84029102000.0,1982406428138.129
llama2-7b_conv300,3986,84029102000.0,1982796056830.129
llama2-7b_conv300,3987,84029102000.0,1983185685522.129
llama2-7b_conv300,3988,84029102000.0,1983566935854.129
llama2-7b_conv300,3989,84029102000.0,1983948186186.129
llama2-7b_conv300,3990,84029102000.0,1984329436518.129
llama2-7b_conv300,3991,84029102000.0,1984710606978.129
llama2-7b_conv300,3992,84029102000.0,1985083478919.129
llama2-7b_conv300,3993,84029102000.0,1985456350860.129
llama2-7b_conv300,3994,84029102000.0,1985829222801.129
llama2-7b_conv300,3995,84029102000.0,1986193716350.129
llama2-7b_conv300,3996,84029102000.0,1986558209899.129
llama2-7b_conv300,3997,84029102000.0,1986922703448.129
llama2-7b_conv300,3998,84029102000.0,1987278556494.129
llama2-7b_conv300,3999,84029102000.0,1987625769005.129
llama2-7b_conv300,4000,84029102000.0,1987972901644.129
llama2-7b_conv300,4001,84029102000.0,1988320296427.129
llama2-7b_conv300,4002,84029102000.0,1988668033226.129
llama2-7b_conv300,4003,84029102000.0,1989015690153.129
llama2-7b_conv300,4004,84029102000.0,1989363609224.129
llama2-7b_conv300,4005,84029102000.0,1989711870311.129
llama2-7b_conv300,4006,84029102000.0,1990060131398.129
llama2-7b_conv300,4007,84029102000.0,1990408392485.129
llama2-7b_conv300,4008,84029102000.0,1990756573700.129
llama2-7b_conv300,4009,84029102000.0,1991105096931.129
llama2-7b_conv300,4010,84029102000.0,1991453620162.129
llama2-7b_conv300,4011,84029102000.0,1991802143393.129
llama2-7b_conv300,4012,84029102000.0,1992150666624.129
llama2-7b_conv300,4013,84029102000.0,1992499189855.129
llama2-7b_conv300,4014,84029102000.0,1992847713086.129
llama2-7b_conv300,4015,84029102000.0,1993196156445.129
llama2-7b_conv300,4016,84029102000.0,1993544941820.129
llama2-7b_conv300,4017,84029102000.0,1993893727195.129
llama2-7b_conv300,4018,84029102000.0,1994242512570.129
llama2-7b_conv300,4019,84029102000.0,1994591297945.129
llama2-7b_conv300,4020,84029102000.0,1994939923576.129
llama2-7b_conv300,4021,84029102000.0,1995289233239.129
llama2-7b_conv300,4022,84029102000.0,1995638542902.129
llama2-7b_conv300,4023,84029102000.0,1995987852565.129
llama2-7b_conv300,4024,84029102000.0,1996337162228.129
llama2-7b_conv300,4025,84029102000.0,1996686471891.129
llama2-7b_conv300,4026,84029102000.0,1997035781554.129
llama2-7b_conv300,4027,84029102000.0,1997385091217.129
llama2-7b_conv300,4028,84029102000.0,1997734321008.129
llama2-7b_conv300,4029,84029102000.0,1998083812943.129
llama2-7b_conv300,4030,84029102000.0,1998433646894.129
llama2-7b_conv300,4031,84029102000.0,1998783480845.129
llama2-7b_conv300,4032,84029102000.0,1999133314796.129
llama2-7b_conv300,4033,84029102000.0,1999483148747.129
llama2-7b_conv300,4034,84029102000.0,1999832982698.129
llama2-7b_conv300,4035,84029102000.0,2000182816649.129
llama2-7b_conv300,4036,84029102000.0,2000532650600.129
llama2-7b_conv300,4037,84029102000.0,2000874288463.129
llama2-7b_conv300,4038,84029102000.0,2001216268342.129
llama2-7b_conv300,4039,84029102000.0,2001558168349.129
llama2-7b_conv300,4040,84029102000.0,2001900250628.129
llama2-7b_conv300,4041,84029102000.0,2002236997844.129
llama2-7b_conv300,4042,84029102000.0,2002565366700.129
llama2-7b_conv300,4043,84029102000.0,2002885277293.129
llama2-7b_conv300,4044,84029102000.0,2003205450030.129
llama2-7b_conv300,4045,84029102000.0,2003525964783.129
llama2-7b_conv300,4046,84029102000.0,2003846479536.129
llama2-7b_conv300,4047,84029102000.0,2004158536026.129
llama2-7b_conv300,4048,84029102000.0,2004470934532.129
llama2-7b_conv300,4049,84029102000.0,2004783253166.129
llama2-7b_conv300,4050,84029102000.0,2005095913816.129
llama2-7b_conv300,4051,84029102000.0,2005408574466.129
llama2-7b_conv300,4052,84029102000.0,2005721155244.129
llama2-7b_conv300,4053,84029102000.0,2006034078038.129
llama2-7b_conv300,4054,84029102000.0,2006338884616.129
llama2-7b_conv300,4055,84029102000.0,2006643611322.129
llama2-7b_conv300,4056,84029102000.0,2006940301653.129
llama2-7b_conv300,4057,84029102000.0,2007236991984.129
llama2-7b_conv300,4058,84029102000.0,2007533682315.129
llama2-7b_conv300,4059,84029102000.0,2007830372646.129
llama2-7b_conv300,4060,84029102000.0,2008118684617.129
llama2-7b_conv300,4061,84029102000.0,2008406996588.129
llama2-7b_conv300,4062,84029102000.0,2008686930168.129
llama2-7b_conv300,4063,84029102000.0,2008966863748.129
llama2-7b_conv300,4064,84029102000.0,2009246797328.129
llama2-7b_conv300,4065,84029102000.0,2009526651036.129
llama2-7b_conv300,4066,84029102000.0,2009806846760.129
llama2-7b_conv300,4067,84029102000.0,2010080681372.129
llama2-7b_conv300,4068,84029102000.0,2010338101250.129
llama2-7b_conv300,4069,84029102000.0,2010595521128.129
llama2-7b_conv300,4070,84029102000.0,2010852941006.129
llama2-7b_conv300,4071,84029102000.0,2011110360884.129
llama2-7b_conv300,4072,84029102000.0,2011367700890.129
llama2-7b_conv300,4073,84029102000.0,2011625382912.129
llama2-7b_conv300,4074,84029102000.0,2011874686574.129
llama2-7b_conv300,4075,84029102000.0,2012123990236.129
llama2-7b_conv300,4076,84029102000.0,2012373293898.129
llama2-7b_conv300,4077,84029102000.0,2012622597560.129
llama2-7b_conv300,4078,84029102000.0,2012871821350.129
llama2-7b_conv300,4079,84029102000.0,2013121387156.129
llama2-7b_conv300,4080,84029102000.0,2013370952962.129
llama2-7b_conv300,4081,84029102000.0,2013620518768.129
llama2-7b_conv300,4082,84029102000.0,2013870004702.129
llama2-7b_conv300,4083,84029102000.0,2014119832652.129
llama2-7b_conv300,4084,84029102000.0,2014369660602.129
llama2-7b_conv300,4085,84029102000.0,2014619488552.129
llama2-7b_conv300,4086,84029102000.0,2014869316502.129
llama2-7b_conv300,4087,84029102000.0,2015119144452.129
llama2-7b_conv300,4088,84029102000.0,2015368972402.129
llama2-7b_conv300,4089,84029102000.0,2015618800352.129
llama2-7b_conv300,4090,84029102000.0,2015868628302.129
llama2-7b_conv300,4091,84029102000.0,2016118456252.129
llama2-7b_conv300,4092,84029102000.0,2016368284202.129
llama2-7b_conv300,4093,84029102000.0,2016618112152.129
llama2-7b_conv300,4094,84029102000.0,2016867940102.129
llama2-7b_conv300,4095,84029102000.0,2017117688180.129
llama2-7b_conv300,4096,84029102000.0,2017367778274.129
llama2-7b_conv300,4097,84029102000.0,2017617868368.129
llama2-7b_conv300,4098,84029102000.0,2017859580071.129
llama2-7b_conv300,4099,84029102000.0,2018101291774.129
llama2-7b_conv300,4100,84029102000.0,2018342923605.129
llama2-7b_conv300,4101,84029102000.0,2018584897452.129
llama2-7b_conv300,4102,84029102000.0,2018826791427.129
llama2-7b_conv300,4103,84029102000.0,2019069027418.129
llama2-7b_conv300,4104,84029102000.0,2019311263409.129
llama2-7b_conv300,4105,84029102000.0,2019553499400.129
llama2-7b_conv300,4106,84029102000.0,2019795735391.129
llama2-7b_conv300,4107,84029102000.0,2020037971382.129
llama2-7b_conv300,4108,84029102000.0,2020280207373.129
llama2-7b_conv300,4109,84029102000.0,2020522443364.129
llama2-7b_conv300,4110,84029102000.0,2020764679355.129
llama2-7b_conv300,4111,84029102000.0,2021006915346.129
llama2-7b_conv300,4112,84029102000.0,2021249071465.129
llama2-7b_conv300,4113,84029102000.0,2021491569600.129
llama2-7b_conv300,4114,84029102000.0,2021734067735.129
llama2-7b_conv300,4115,84029102000.0,2021976565870.129
llama2-7b_conv300,4116,84029102000.0,2022219064005.129
llama2-7b_conv300,4117,84029102000.0,2022453183748.129
llama2-7b_conv300,4118,84029102000.0,2022687303491.129
llama2-7b_conv300,4119,84029102000.0,2022921423234.129
llama2-7b_conv300,4120,84029102000.0,2023147164754.129
llama2-7b_conv300,4121,84029102000.0,2023372906274.129
llama2-7b_conv300,4122,84029102000.0,2023598647794.129
llama2-7b_conv300,4123,84029102000.0,2023824389314.129
llama2-7b_conv300,4124,84029102000.0,2024041753234.129
llama2-7b_conv300,4125,84029102000.0,2024259117154.129
llama2-7b_conv300,4126,84029102000.0,2024476481074.129
llama2-7b_conv300,4127,84029102000.0,2024693844994.129
llama2-7b_conv300,4128,84029102000.0,2024911208914.129
llama2-7b_conv300,4129,84029102000.0,2025128492962.129
llama2-7b_conv300,4130,84029102000.0,2025346119026.129
llama2-7b_conv300,4131,84029102000.0,2025563665218.129
llama2-7b_conv300,4132,84029102000.0,2025781553426.129
llama2-7b_conv300,4133,84029102000.0,2025999441634.129
llama2-7b_conv300,4134,84029102000.0,2026217329842.129
llama2-7b_conv300,4135,84029102000.0,2026435218050.129
llama2-7b_conv300,4136,84029102000.0,2026653026386.129
llama2-7b_conv300,4137,84029102000.0,2026871176738.129
llama2-7b_conv300,4138,84029102000.0,2027089327090.129
llama2-7b_conv300,4139,84029102000.0,2027307477442.129
llama2-7b_conv300,4140,84029102000.0,2027525627794.129
llama2-7b_conv300,4141,84029102000.0,2027743778146.129
llama2-7b_conv300,4142,84029102000.0,2027961928498.129
llama2-7b_conv300,4143,84029102000.0,2028179998978.129
llama2-7b_conv300,4144,84029102000.0,2028398411474.129
llama2-7b_conv300,4145,84029102000.0,2028616823970.129
llama2-7b_conv300,4146,84029102000.0,2028835236466.129
llama2-7b_conv300,4147,84029102000.0,2029053648962.129
llama2-7b_conv300,4148,83797671000.0,2029267219218.129
llama2-7b_conv300,4149,83797671000.0,2029481131490.129
llama2-7b_conv300,4150,83797671000.0,2029695043762.129
llama2-7b_conv300,4151,83797671000.0,2029908956034.129
llama2-7b_conv300,4152,83797671000.0,2030122868306.129
llama2-7b_conv300,4153,83797671000.0,2030336780578.129
llama2-7b_conv300,4154,83797671000.0,2030550692850.129
llama2-7b_conv300,4155,83797671000.0,2030764605122.129
llama2-7b_conv300,4156,83797671000.0,2030978517394.129
llama2-7b_conv300,4157,83797671000.0,2031192349794.129
llama2-7b_conv300,4158,83797671000.0,2031406524210.129
llama2-7b_conv300,4159,83797671000.0,2031620698626.129
llama2-7b_conv300,4160,83797671000.0,2031834873042.129
llama2-7b_conv300,4161,83797671000.0,2032049047458.129
llama2-7b_conv300,4162,83797671000.0,2032263221874.129
llama2-7b_conv300,4163,83797671000.0,2032469037634.129
llama2-7b_conv300,4164,83797671000.0,2032674853394.129
llama2-7b_conv300,4165,83797671000.0,2032880589282.129
llama2-7b_conv300,4166,83797671000.0,2033086667186.129
llama2-7b_conv300,4167,83797671000.0,2033292665218.129
llama2-7b_conv300,4168,83797671000.0,2033498925394.129
llama2-7b_conv300,4169,83797671000.0,2033705527586.129
llama2-7b_conv300,4170,83797671000.0,2033912129778.129
llama2-7b_conv300,4171,83797671000.0,2034118652098.129
llama2-7b_conv300,4172,83797671000.0,2034325436562.129
llama2-7b_conv300,4173,83797671000.0,2034532563042.129
llama2-7b_conv300,4174,83797671000.0,2034739689522.129
llama2-7b_conv300,4175,83797671000.0,2034946816002.129
llama2-7b_conv300,4176,83797671000.0,2035153942482.129
llama2-7b_conv300,4177,83797671000.0,2035360989090.129
llama2-7b_conv300,4178,83797671000.0,2035568377714.129
llama2-7b_conv300,4179,83797671000.0,2035775766338.129
llama2-7b_conv300,4180,83797671000.0,2035983154962.129
llama2-7b_conv300,4181,83797671000.0,2036190543586.129
llama2-7b_conv300,4182,83797671000.0,2036397932210.129
llama2-7b_conv300,4183,83797671000.0,2036605320834.129
llama2-7b_conv300,4184,83797671000.0,2036812709458.129
llama2-7b_conv300,4185,83797671000.0,2037020098082.129
llama2-7b_conv300,4186,83797671000.0,2037227486706.129
llama2-7b_conv300,4187,83797671000.0,2037434875330.129
llama2-7b_conv300,4188,83797671000.0,2037642263954.129
llama2-7b_conv300,4189,83797671000.0,2037849652578.129
llama2-7b_conv300,4190,83797671000.0,2038057041202.129
llama2-7b_conv300,4191,83797671000.0,2038264429826.129
llama2-7b_conv300,4192,83797671000.0,2038471818450.129
llama2-7b_conv300,4193,83797671000.0,2038679127202.129
llama2-7b_conv300,4194,83797671000.0,2038886777970.129
llama2-7b_conv300,4195,83797671000.0,2039094348866.129
llama2-7b_conv300,4196,83797671000.0,2039302261778.129
llama2-7b_conv300,4197,83797671000.0,2039510174690.129
llama2-7b_conv300,4198,83797671000.0,2039718087602.129
llama2-7b_conv300,4199,83797671000.0,2039926000514.129
llama2-7b_conv300,4200,83797671000.0,2040125212754.129
llama2-7b_conv300,4201,83797671000.0,2040324767010.129
llama2-7b_conv300,4202,83797671000.0,2040524321266.129
llama2-7b_conv300,4203,83797671000.0,2040723875522.129
llama2-7b_conv300,4204,83797671000.0,2040923429778.129
llama2-7b_conv300,4205,83797671000.0,2041122984034.129
llama2-7b_conv300,4206,83797671000.0,2041313837618.129
llama2-7b_conv300,4207,83797671000.0,2041505033218.129
llama2-7b_conv300,4208,83797671000.0,2041696228818.129
llama2-7b_conv300,4209,83797671000.0,2041887424418.129
llama2-7b_conv300,4210,83797671000.0,2042078540146.129
llama2-7b_conv300,4211,83797671000.0,2042269997890.129
llama2-7b_conv300,4212,83797671000.0,2042461455634.129
llama2-7b_conv300,4213,83797671000.0,2042652913378.129
llama2-7b_conv300,4214,83797671000.0,2042844371122.129
llama2-7b_conv300,4215,83797671000.0,2043035828866.129
llama2-7b_conv300,4216,83797671000.0,2043227286610.129
llama2-7b_conv300,4217,83797671000.0,2043418744354.129
llama2-7b_conv300,4218,83797671000.0,2043610202098.129
llama2-7b_conv300,4219,83797671000.0,2043801659842.129
llama2-7b_conv300,4220,83797671000.0,2043993117586.129
llama2-7b_conv300,4221,83797671000.0,2044184575330.129
llama2-7b_conv300,4222,83797671000.0,2044376033074.129
llama2-7b_conv300,4223,83797671000.0,2044567410946.129
llama2-7b_conv300,4224,83797671000.0,2044759130834.129
llama2-7b_conv300,4225,83797671000.0,2044950850722.129
llama2-7b_conv300,4226,83797671000.0,2045142570610.129
llama2-7b_conv300,4227,83797671000.0,2045334290498.129
llama2-7b_conv300,4228,83797671000.0,2045525930514.129
llama2-7b_conv300,4229,83797671000.0,2045717912546.129
llama2-7b_conv300,4230,83797671000.0,2045909814706.129
llama2-7b_conv300,4231,83797671000.0,2046102058882.129
llama2-7b_conv300,4232,83797671000.0,2046294303058.129
llama2-7b_conv300,4233,83797671000.0,2046486547234.129
llama2-7b_conv300,4234,83797671000.0,2046678791410.129
llama2-7b_conv300,4235,83797671000.0,2046871035586.129
llama2-7b_conv300,4236,83797671000.0,2047059248018.129
llama2-7b_conv300,4237,83797671000.0,2047243428706.129
llama2-7b_conv300,4238,83797671000.0,2047427609394.129
llama2-7b_conv300,4239,83797671000.0,2047611790082.129
llama2-7b_conv300,4240,83797671000.0,2047791676882.129
llama2-7b_conv300,4241,83797671000.0,2047971563682.129
llama2-7b_conv300,4242,83797671000.0,2048151450482.129
llama2-7b_conv300,4243,83797671000.0,2048331337282.129
llama2-7b_conv300,4244,83797671000.0,2048511224082.129
llama2-7b_conv300,4245,83797671000.0,2048691110882.129
llama2-7b_conv300,4246,83797671000.0,2048870997682.129
llama2-7b_conv300,4247,83797671000.0,2049050884482.129
llama2-7b_conv300,4248,83797671000.0,2049230771282.129
llama2-7b_conv300,4249,83797671000.0,2049410658082.129
llama2-7b_conv300,4250,83797671000.0,2049590544882.129
llama2-7b_conv300,4251,83797671000.0,2049770431682.129
llama2-7b_conv300,4252,83797671000.0,2049950318482.129
llama2-7b_conv300,4253,83797671000.0,2050126173538.129
llama2-7b_conv300,4254,83797671000.0,2050302028594.129
llama2-7b_conv300,4255,83797671000.0,2050477883650.129
llama2-7b_conv300,4256,83797671000.0,2050653738706.129
llama2-7b_conv300,4257,83797671000.0,2050829593762.129
llama2-7b_conv300,4258,83797671000.0,2051005448818.129
llama2-7b_conv300,4259,83797671000.0,2051181224002.129
llama2-7b_conv300,4260,83797671000.0,2051357341202.129
llama2-7b_conv300,4261,83797671000.0,2051533458402.129
llama2-7b_conv300,4262,83797671000.0,2051709575602.129
llama2-7b_conv300,4263,83797671000.0,2051885692802.129
llama2-7b_conv300,4264,83797671000.0,2052061810002.129
llama2-7b_conv300,4265,83797671000.0,2052237927202.129
llama2-7b_conv300,4266,83797671000.0,2052414044402.129
llama2-7b_conv300,4267,83797671000.0,2052590161602.129
llama2-7b_conv300,4268,83797671000.0,2052766278802.129
llama2-7b_conv300,4269,83797671000.0,2052942396002.129
llama2-7b_conv300,4270,83797671000.0,2053118513202.129
llama2-7b_conv300,4271,83797671000.0,2053294550530.129
llama2-7b_conv300,4272,83797671000.0,2053470929874.129
llama2-7b_conv300,4273,83797671000.0,2053647309218.129
llama2-7b_conv300,4274,83797671000.0,2053823688562.129
llama2-7b_conv300,4275,83797671000.0,2054000067906.129
llama2-7b_conv300,4276,83797671000.0,2054172073490.129
llama2-7b_conv300,4277,83797671000.0,2054344421090.129
llama2-7b_conv300,4278,83797671000.0,2054516768690.129
llama2-7b_conv300,4279,83797671000.0,2054689116290.129
llama2-7b_conv300,4280,83797671000.0,2054861463890.129
llama2-7b_conv300,4281,83797671000.0,2055033811490.129
llama2-7b_conv300,4282,83797671000.0,2055206159090.129
llama2-7b_conv300,4283,83797671000.0,2055374999234.129
llama2-7b_conv300,4284,83797671000.0,2055543839378.129
llama2-7b_conv300,4285,83797671000.0,2055712679522.129
llama2-7b_conv300,4286,83797671000.0,2055881519666.129
llama2-7b_conv300,4287,83797671000.0,2056050359810.129
llama2-7b_conv300,4288,83797671000.0,2056219199954.129
llama2-7b_conv300,4289,83797671000.0,2056384008354.129
llama2-7b_conv300,4290,83797671000.0,2056548816754.129
llama2-7b_conv300,4291,83797671000.0,2056713625154.129
llama2-7b_conv300,4292,83797671000.0,2056878433554.129
llama2-7b_conv300,4293,83797671000.0,2057043241954.129
llama2-7b_conv300,4294,83797671000.0,2057208050354.129
llama2-7b_conv300,4295,83797671000.0,2057372778882.129
llama2-7b_conv300,4296,83797671000.0,2057537849426.129
llama2-7b_conv300,4297,83797671000.0,2057698888226.129
llama2-7b_conv300,4298,83797671000.0,2057859927026.129
llama2-7b_conv300,4299,83797671000.0,2058020885954.129
llama2-7b_conv300,4300,83797671000.0,2058182186898.129
llama2-7b_conv300,4301,83797671000.0,2058343487842.129
llama2-7b_conv300,4302,83797671000.0,2058504788786.129
llama2-7b_conv300,4303,83797671000.0,2058666089730.129
llama2-7b_conv300,4304,83797671000.0,2058827390674.129
llama2-7b_conv300,4305,83797671000.0,2058988691618.129
llama2-7b_conv300,4306,83797671000.0,2059149992562.129
llama2-7b_conv300,4307,83797671000.0,2059311293506.129
llama2-7b_conv300,4308,83797671000.0,2059472594450.129
llama2-7b_conv300,4309,83797671000.0,2059633895394.129
llama2-7b_conv300,4310,83797671000.0,2059795196338.129
llama2-7b_conv300,4311,83797671000.0,2059956497282.129
llama2-7b_conv300,4312,83797671000.0,2060109996882.129
llama2-7b_conv300,4313,83797671000.0,2060263496482.129
llama2-7b_conv300,4314,83797671000.0,2060416996082.129
llama2-7b_conv300,4315,83797671000.0,2060570495682.129
llama2-7b_conv300,4316,83797671000.0,2060723995282.129
llama2-7b_conv300,4317,83797671000.0,2060877494882.129
llama2-7b_conv300,4318,83797671000.0,2061030994482.129
llama2-7b_conv300,4319,83797671000.0,2061184494082.129
llama2-7b_conv300,4320,83797671000.0,2061337993682.129
llama2-7b_conv300,4321,83797671000.0,2061491493282.129
llama2-7b_conv300,4322,83797671000.0,2061644992882.129
llama2-7b_conv300,4323,83797671000.0,2061798492482.129
llama2-7b_conv300,4324,83797671000.0,2061951992082.129
llama2-7b_conv300,4325,83797671000.0,2062105491682.129
llama2-7b_conv300,4326,83797671000.0,2062258991282.129
llama2-7b_conv300,4327,83797671000.0,2062412490882.129
llama2-7b_conv300,4328,83797671000.0,2062565990482.129
llama2-7b_conv300,4329,83797671000.0,2062719490082.129
llama2-7b_conv300,4330,83797671000.0,2062872989682.129
llama2-7b_conv300,4331,83797671000.0,2063026489282.129
llama2-7b_conv300,4332,83797671000.0,2063179988882.129
llama2-7b_conv300,4333,83797671000.0,2063333488482.129
llama2-7b_conv300,4334,83797671000.0,2063486988082.129
llama2-7b_conv300,4335,83797671000.0,2063640487682.129
llama2-7b_conv300,4336,83797671000.0,2063793987282.129
llama2-7b_conv300,4337,83797671000.0,2063947486882.129
llama2-7b_conv300,4338,83797671000.0,2064100906610.129
llama2-7b_conv300,4339,83797671000.0,2064254668354.129
llama2-7b_conv300,4340,83797671000.0,2064408430098.129
llama2-7b_conv300,4341,83797671000.0,2064562191842.129
llama2-7b_conv300,4342,83797671000.0,2064715953586.129
llama2-7b_conv300,4343,83797671000.0,2064869715330.129
llama2-7b_conv300,4344,83797671000.0,2065023477074.129
llama2-7b_conv300,4345,83797671000.0,2065177238818.129
llama2-7b_conv300,4346,83797671000.0,2065331000562.129
llama2-7b_conv300,4347,83797671000.0,2065484762306.129
llama2-7b_conv300,4348,83797671000.0,2065638524050.129
llama2-7b_conv300,4349,83797671000.0,2065792285794.129
llama2-7b_conv300,4350,83797671000.0,2065942015794.129
llama2-7b_conv300,4351,83797671000.0,2066091665922.129
llama2-7b_conv300,4352,83797671000.0,2066241658066.129
llama2-7b_conv300,4353,83797671000.0,2066391650210.129
llama2-7b_conv300,4354,83797671000.0,2066541642354.129
llama2-7b_conv300,4355,83797671000.0,2066691634498.129
llama2-7b_conv300,4356,83797671000.0,2066841626642.129
llama2-7b_conv300,4357,83797671000.0,2066991618786.129
llama2-7b_conv300,4358,83797671000.0,2067141610930.129
llama2-7b_conv300,4359,83797671000.0,2067291603074.129
llama2-7b_conv300,4360,83797671000.0,2067441595218.129
llama2-7b_conv300,4361,83797671000.0,2067591587362.129
llama2-7b_conv300,4362,83797671000.0,2067741579506.129
llama2-7b_conv300,4363,83797671000.0,2067891571650.129
llama2-7b_conv300,4364,83797671000.0,2068041563794.129
llama2-7b_conv300,4365,83797671000.0,2068191555938.129
llama2-7b_conv300,4366,83797671000.0,2068341548082.129
llama2-7b_conv300,4367,83797671000.0,2068491540226.129
llama2-7b_conv300,4368,83797671000.0,2068641532370.129
llama2-7b_conv300,4369,83797671000.0,2068791524514.129
llama2-7b_conv300,4370,83797671000.0,2068941516658.129
llama2-7b_conv300,4371,83797671000.0,2069091508802.129
llama2-7b_conv300,4372,83797671000.0,2069241500946.129
llama2-7b_conv300,4373,83797671000.0,2069391493090.129
llama2-7b_conv300,4374,83797671000.0,2069541485234.129
llama2-7b_conv300,4375,83797671000.0,2069691477378.129
llama2-7b_conv300,4376,83735745000.0,2069837175634.129
llama2-7b_conv300,4377,83735745000.0,2069982873890.129
llama2-7b_conv300,4378,83735745000.0,2070128572146.129
llama2-7b_conv300,4379,83735745000.0,2070274270402.129
llama2-7b_conv300,4380,83735745000.0,2070419968658.129
llama2-7b_conv300,4381,82066092000.0,2070561635170.129
llama2-7b_conv300,4382,82066092000.0,2070703301682.129
llama2-7b_conv300,4383,82066092000.0,2070844968194.129
llama2-7b_conv300,4384,82066092000.0,2070986634706.129
llama2-7b_conv300,4385,82066092000.0,2071128301218.129
llama2-7b_conv300,4386,82066092000.0,2071269967730.129
llama2-7b_conv300,4387,82066092000.0,2071411634242.129
llama2-7b_conv300,4388,82066092000.0,2071553300754.129
llama2-7b_conv300,4389,82066092000.0,2071694967266.129
llama2-7b_conv300,4390,82066092000.0,2071836633778.129
llama2-7b_conv300,4391,82066092000.0,2071978300290.129
llama2-7b_conv300,4392,82066092000.0,2072119966802.129
llama2-7b_conv300,4393,82066092000.0,2072261633314.129
llama2-7b_conv300,4394,82066092000.0,2072403299826.129
llama2-7b_conv300,4395,82066092000.0,2072544966338.129
llama2-7b_conv300,4396,82066092000.0,2072686632850.129
llama2-7b_conv300,4397,82066092000.0,2072828299362.129
llama2-7b_conv300,4398,82066092000.0,2072969965874.129
llama2-7b_conv300,4399,82066092000.0,2073111552514.129
llama2-7b_conv300,4400,82066092000.0,2073253481170.129
llama2-7b_conv300,4401,82066092000.0,2073395409826.129
llama2-7b_conv300,4402,82066092000.0,2073537338482.129
llama2-7b_conv300,4403,82066092000.0,2073679267138.129
llama2-7b_conv300,4404,82066092000.0,2073821195794.129
llama2-7b_conv300,4405,82066092000.0,2073963124450.129
llama2-7b_conv300,4406,82066092000.0,2074105053106.129
llama2-7b_conv300,4407,82066092000.0,2074246981762.129
llama2-7b_conv300,4408,82066092000.0,2074388910418.129
llama2-7b_conv300,4409,82066092000.0,2074530839074.129
llama2-7b_conv300,4410,82066092000.0,2074672767730.129
llama2-7b_conv300,4411,82066092000.0,2074814696386.129
llama2-7b_conv300,4412,82066092000.0,2074956625042.129
llama2-7b_conv300,4413,82066092000.0,2075098553698.129
llama2-7b_conv300,4414,82066092000.0,2075240482354.129
llama2-7b_conv300,4415,82066092000.0,2075382411010.129
llama2-7b_conv300,4416,82066092000.0,2075524339666.129
llama2-7b_conv300,4417,82066092000.0,2075666268322.129
llama2-7b_conv300,4418,82066092000.0,2075803640946.129
llama2-7b_conv300,4419,82066092000.0,2075941013570.129
llama2-7b_conv300,4420,82066092000.0,2076078386194.129
llama2-7b_conv300,4421,82066092000.0,2076215758818.129
llama2-7b_conv300,4422,82066092000.0,2076353131442.129
llama2-7b_conv300,4423,82066092000.0,2076490504066.129
llama2-7b_conv300,4424,82066092000.0,2076627876690.129
llama2-7b_conv300,4425,82066092000.0,2076765249314.129
llama2-7b_conv300,4426,78254342000.0,2076898328050.129
llama2-7b_conv300,4427,78254342000.0,2077031406786.129
llama2-7b_conv300,4428,78254342000.0,2077164485522.129
llama2-7b_conv300,4429,78254342000.0,2077297564258.129
llama2-7b_conv300,4430,78254342000.0,2077430642994.129
llama2-7b_conv300,4431,78254342000.0,2077563721730.129
llama2-7b_conv300,4432,78254342000.0,2077696800466.129
llama2-7b_conv300,4433,78254342000.0,2077829879202.129
llama2-7b_conv300,4434,78254342000.0,2077962957938.129
llama2-7b_conv300,4435,78254342000.0,2078096036674.129
llama2-7b_conv300,4436,78254342000.0,2078229115410.129
llama2-7b_conv300,4437,78254342000.0,2078362194146.129
llama2-7b_conv300,4438,78254342000.0,2078495272882.129
llama2-7b_conv300,4439,78254342000.0,2078628351618.129
llama2-7b_conv300,4440,78254342000.0,2078761430354.129
llama2-7b_conv300,4441,78254342000.0,2078894509090.129
llama2-7b_conv300,4442,78254342000.0,2079027587826.129
llama2-7b_conv300,4443,78254342000.0,2079160666562.129
