model,batch_id,release_ns,finish_ns
llama3-8b_conv300,0,0.0,164878399.0
llama3-8b_conv300,1,0.0,176054799.0
llama3-8b_conv300,2,0.0,187231199.0
llama3-8b_conv300,3,0.0,198407599.0
llama3-8b_conv300,4,0.0,209583999.0
llama3-8b_conv300,5,0.0,220760399.0
llama3-8b_conv300,6,0.0,231936799.0
llama3-8b_conv300,7,0.0,243113199.0
llama3-8b_conv300,8,0.0,254289599.0
llama3-8b_conv300,9,0.0,265465999.0
llama3-8b_conv300,10,0.0,276644447.0
llama3-8b_conv300,11,0.0,287822895.0
llama3-8b_conv300,12,0.0,299001343.0
llama3-8b_conv300,13,0.0,310179791.0
llama3-8b_conv300,14,0.0,321358239.0
llama3-8b_conv300,15,0.0,332536687.0
llama3-8b_conv300,16,0.0,343715135.0
llama3-8b_conv300,17,0.0,354893583.0
llama3-8b_conv300,18,0.0,366072031.0
llama3-8b_conv300,19,0.0,377250479.0
llama3-8b_conv300,20,0.0,388428927.0
llama3-8b_conv300,21,0.0,399607375.0
llama3-8b_conv300,22,0.0,410785823.0
llama3-8b_conv300,23,0.0,421964271.0
llama3-8b_conv300,24,0.0,433142719.0
llama3-8b_conv300,25,0.0,444321167.0
llama3-8b_conv300,26,0.0,455499615.0
llama3-8b_conv300,27,0.0,466678063.0
llama3-8b_conv300,28,0.0,477856511.0
llama3-8b_conv300,29,0.0,489034959.0
llama3-8b_conv300,30,0.0,500213407.0
llama3-8b_conv300,31,0.0,511391855.0
llama3-8b_conv300,32,0.0,522570303.0
llama3-8b_conv300,33,0.0,533748751.0
llama3-8b_conv300,34,0.0,544927199.0
llama3-8b_conv300,35,0.0,556105647.0
llama3-8b_conv300,36,0.0,567284095.0
llama3-8b_conv300,37,0.0,578462543.0
llama3-8b_conv300,38,0.0,589640991.0
llama3-8b_conv300,39,0.0,600819439.0
llama3-8b_conv300,40,0.0,611997887.0
llama3-8b_conv300,41,0.0,623176335.0
llama3-8b_conv300,42,0.0,634354783.0
llama3-8b_conv300,43,0.0,645533231.0
llama3-8b_conv300,44,4314579000.0,4489899640.0
llama3-8b_conv300,45,4314579000.0,4501078088.0
llama3-8b_conv300,46,4314579000.0,4512256536.0
llama3-8b_conv300,47,4314579000.0,4523434984.0
llama3-8b_conv300,48,4314579000.0,4534613432.0
llama3-8b_conv300,49,4314579000.0,4545791880.0
llama3-8b_conv300,50,4314579000.0,4556970328.0
llama3-8b_conv300,51,4314579000.0,4568148776.0
llama3-8b_conv300,52,4314579000.0,4579327224.0
llama3-8b_conv300,53,4314579000.0,4590505672.0
llama3-8b_conv300,54,4314579000.0,4601684120.0
llama3-8b_conv300,55,4314579000.0,4612862568.0
llama3-8b_conv300,56,4314579000.0,4624041016.0
llama3-8b_conv300,57,4314579000.0,4635219464.0
llama3-8b_conv300,58,4314579000.0,4646397912.0
llama3-8b_conv300,59,4314579000.0,4657576360.0
llama3-8b_conv300,60,4314579000.0,4668754808.0
llama3-8b_conv300,61,4314579000.0,4679933256.0
llama3-8b_conv300,62,4314579000.0,4691111704.0
llama3-8b_conv300,63,4541877000.0,4918085876.0
llama3-8b_conv300,64,4541877000.0,5084460650.0
llama3-8b_conv300,65,4541877000.0,5096237690.0
llama3-8b_conv300,66,4541877000.0,5108014730.0
llama3-8b_conv300,67,4541877000.0,5119791770.0
llama3-8b_conv300,68,4541877000.0,5131568810.0
llama3-8b_conv300,69,4541877000.0,5143345850.0
llama3-8b_conv300,70,4541877000.0,5155122890.0
llama3-8b_conv300,71,4541877000.0,5166899930.0
llama3-8b_conv300,72,4541877000.0,5178676970.0
llama3-8b_conv300,73,4541877000.0,5190454010.0
llama3-8b_conv300,74,4710427000.0,5231895479.0
llama3-8b_conv300,75,4710427000.0,5244188167.0
llama3-8b_conv300,76,4710427000.0,5256480855.0
llama3-8b_conv300,77,4710427000.0,5268773543.0
llama3-8b_conv300,78,4710427000.0,5281066231.0
llama3-8b_conv300,79,4710427000.0,5293358919.0
llama3-8b_conv300,80,4710427000.0,5305651607.0
llama3-8b_conv300,81,4710427000.0,5317946343.0
llama3-8b_conv300,82,4710427000.0,5330241079.0
llama3-8b_conv300,83,4710427000.0,5342535815.0
llama3-8b_conv300,84,4710427000.0,5354830551.0
llama3-8b_conv300,85,4710427000.0,5367125287.0
llama3-8b_conv300,86,4710427000.0,5379420023.0
llama3-8b_conv300,87,4710427000.0,5391714759.0
llama3-8b_conv300,88,4710427000.0,5404009495.0
llama3-8b_conv300,89,4710427000.0,5416304231.0
llama3-8b_conv300,90,4541877000.0,5428083319.0
llama3-8b_conv300,91,4541877000.0,5439862407.0
llama3-8b_conv300,92,4541877000.0,5451641495.0
llama3-8b_conv300,93,4541877000.0,5463420583.0
llama3-8b_conv300,94,4541877000.0,5475199671.0
llama3-8b_conv300,95,4541877000.0,5486978759.0
llama3-8b_conv300,96,4541877000.0,5498757847.0
llama3-8b_conv300,97,4541877000.0,5510536935.0
llama3-8b_conv300,98,4541877000.0,5522316023.0
llama3-8b_conv300,99,4541877000.0,5534095111.0
llama3-8b_conv300,100,4541877000.0,5545874199.0
llama3-8b_conv300,101,4541877000.0,5557653287.0
llama3-8b_conv300,102,4541877000.0,5569432375.0
llama3-8b_conv300,103,4541877000.0,5581211463.0
llama3-8b_conv300,104,4541877000.0,5592990551.0
llama3-8b_conv300,105,4541877000.0,5604769639.0
llama3-8b_conv300,106,4541877000.0,5616548727.0
llama3-8b_conv300,107,4541877000.0,5628327815.0
llama3-8b_conv300,108,4541877000.0,5640106903.0
llama3-8b_conv300,109,4541877000.0,5651885991.0
llama3-8b_conv300,110,4541877000.0,5663665079.0
llama3-8b_conv300,111,4541877000.0,5675444167.0
llama3-8b_conv300,112,4541877000.0,5687223255.0
llama3-8b_conv300,113,4541877000.0,5699002343.0
llama3-8b_conv300,114,4541877000.0,5710781431.0
llama3-8b_conv300,115,4541877000.0,5722560519.0
llama3-8b_conv300,116,4541877000.0,5734339607.0
llama3-8b_conv300,117,4541877000.0,5746118695.0
llama3-8b_conv300,118,4541877000.0,5757897783.0
llama3-8b_conv300,119,4314579000.0,5769076231.0
llama3-8b_conv300,120,4314579000.0,5780254679.0
llama3-8b_conv300,121,4314579000.0,5791433127.0
llama3-8b_conv300,122,4314579000.0,5802611575.0
llama3-8b_conv300,123,4314579000.0,5813790023.0
llama3-8b_conv300,124,4314579000.0,5824968471.0
llama3-8b_conv300,125,4314579000.0,5836146919.0
llama3-8b_conv300,126,4314579000.0,5847325367.0
llama3-8b_conv300,127,4314579000.0,5858503815.0
llama3-8b_conv300,128,4314579000.0,5869682263.0
llama3-8b_conv300,129,4314579000.0,5880860711.0
llama3-8b_conv300,130,4314579000.0,5892039159.0
llama3-8b_conv300,131,4314579000.0,5903217607.0
llama3-8b_conv300,132,4314579000.0,5914396055.0
llama3-8b_conv300,133,4314579000.0,5925574503.0
llama3-8b_conv300,134,4314579000.0,5936752951.0
llama3-8b_conv300,135,4314579000.0,5947931399.0
llama3-8b_conv300,136,4314579000.0,5959109847.0
llama3-8b_conv300,137,4314579000.0,5970288295.0
llama3-8b_conv300,138,4314579000.0,5981466743.0
llama3-8b_conv300,139,4314579000.0,5992645191.0
llama3-8b_conv300,140,4314579000.0,6003823639.0
llama3-8b_conv300,141,4314579000.0,6015002087.0
llama3-8b_conv300,142,4314579000.0,6026180535.0
llama3-8b_conv300,143,4314579000.0,6037358983.0
llama3-8b_conv300,144,4314579000.0,6048537431.0
llama3-8b_conv300,145,4314579000.0,6059715879.0
llama3-8b_conv300,146,4314579000.0,6070894327.0
llama3-8b_conv300,147,4314579000.0,6082072775.0
llama3-8b_conv300,148,4314579000.0,6093251223.0
llama3-8b_conv300,149,4314579000.0,6104429671.0
llama3-8b_conv300,150,4314579000.0,6115608119.0
llama3-8b_conv300,151,4314579000.0,6126786567.0
llama3-8b_conv300,152,4314579000.0,6137965015.0
llama3-8b_conv300,153,5892655000.0,6178258280.0
llama3-8b_conv300,154,5892655000.0,6189407032.0
llama3-8b_conv300,155,5892655000.0,6200555784.0
llama3-8b_conv300,156,5892655000.0,6211704536.0
llama3-8b_conv300,157,5892655000.0,6222853288.0
llama3-8b_conv300,158,5892655000.0,6234002040.0
llama3-8b_conv300,159,5892655000.0,6245150792.0
llama3-8b_conv300,160,5892655000.0,6256299544.0
llama3-8b_conv300,161,5892655000.0,6267448296.0
llama3-8b_conv300,162,5892655000.0,6278597048.0
llama3-8b_conv300,163,5892655000.0,6289745800.0
llama3-8b_conv300,164,5892655000.0,6300894552.0
llama3-8b_conv300,165,5892655000.0,6312043304.0
llama3-8b_conv300,166,5892655000.0,6323192056.0
llama3-8b_conv300,167,5892655000.0,6334340808.0
llama3-8b_conv300,168,5892655000.0,6345489560.0
llama3-8b_conv300,169,6311529000.0,6513657268.0
llama3-8b_conv300,170,6311529000.0,6524833668.0
llama3-8b_conv300,171,6311529000.0,6536010068.0
llama3-8b_conv300,172,6311529000.0,6547188516.0
llama3-8b_conv300,173,6311529000.0,6558366964.0
llama3-8b_conv300,174,6311529000.0,6569545412.0
llama3-8b_conv300,175,6311529000.0,6580723860.0
llama3-8b_conv300,176,6311529000.0,6591902308.0
llama3-8b_conv300,177,6311529000.0,6603080756.0
llama3-8b_conv300,178,6311529000.0,6614259204.0
llama3-8b_conv300,179,6311529000.0,6625437652.0
llama3-8b_conv300,180,6311529000.0,6636616100.0
llama3-8b_conv300,181,6311529000.0,6647794548.0
llama3-8b_conv300,182,6311529000.0,6658972996.0
llama3-8b_conv300,183,6311529000.0,6670151444.0
llama3-8b_conv300,184,6311529000.0,6681329892.0
llama3-8b_conv300,185,6311529000.0,6692508340.0
llama3-8b_conv300,186,6311529000.0,6703686788.0
llama3-8b_conv300,187,6311529000.0,6714865236.0
llama3-8b_conv300,188,6311529000.0,6726043684.0
llama3-8b_conv300,189,6311529000.0,6737222132.0
llama3-8b_conv300,190,6311529000.0,6748400580.0
llama3-8b_conv300,191,6311529000.0,6759579028.0
llama3-8b_conv300,192,6311529000.0,6770757476.0
llama3-8b_conv300,193,6311529000.0,6781935924.0
llama3-8b_conv300,194,6311529000.0,6793114372.0
llama3-8b_conv300,195,6311529000.0,6804292820.0
llama3-8b_conv300,196,6311529000.0,6815471268.0
llama3-8b_conv300,197,6311529000.0,6826649716.0
llama3-8b_conv300,198,6311529000.0,6837828164.0
llama3-8b_conv300,199,6311529000.0,6849006612.0
llama3-8b_conv300,200,6311529000.0,6860185060.0
llama3-8b_conv300,201,6311529000.0,6871363508.0
llama3-8b_conv300,202,6311529000.0,6882541956.0
llama3-8b_conv300,203,6311529000.0,6893720404.0
llama3-8b_conv300,204,6311529000.0,6904898852.0
llama3-8b_conv300,205,6311529000.0,6916077300.0
llama3-8b_conv300,206,6311529000.0,6927255748.0
llama3-8b_conv300,207,6311529000.0,6938434196.0
llama3-8b_conv300,208,6311529000.0,6949612644.0
llama3-8b_conv300,209,6311529000.0,6960791092.0
llama3-8b_conv300,210,6311529000.0,6971969540.0
llama3-8b_conv300,211,6311529000.0,6983147988.0
llama3-8b_conv300,212,6311529000.0,6994326436.0
llama3-8b_conv300,213,6311529000.0,7005504884.0
llama3-8b_conv300,214,6311529000.0,7016683332.0
llama3-8b_conv300,215,6311529000.0,7027861780.0
llama3-8b_conv300,216,6311529000.0,7039040228.0
llama3-8b_conv300,217,6311529000.0,7050218676.0
llama3-8b_conv300,218,6311529000.0,7061397124.0
llama3-8b_conv300,219,6311529000.0,7072575572.0
llama3-8b_conv300,220,6311529000.0,7083754020.0
llama3-8b_conv300,221,6311529000.0,7094932468.0
llama3-8b_conv300,222,6311529000.0,7106110916.0
llama3-8b_conv300,223,6311529000.0,7117289364.0
llama3-8b_conv300,224,6311529000.0,7128467812.0
llama3-8b_conv300,225,6311529000.0,7139646260.0
llama3-8b_conv300,226,6311529000.0,7150824708.0
llama3-8b_conv300,227,6311529000.0,7162003156.0
llama3-8b_conv300,228,6311529000.0,7173181604.0
llama3-8b_conv300,229,6311529000.0,7184360052.0
llama3-8b_conv300,230,6311529000.0,7195538500.0
llama3-8b_conv300,231,6311529000.0,7206716948.0
llama3-8b_conv300,232,6311529000.0,7217895396.0
llama3-8b_conv300,233,6311529000.0,7229073844.0
llama3-8b_conv300,234,6311529000.0,7240252292.0
llama3-8b_conv300,235,6311529000.0,7251430740.0
llama3-8b_conv300,236,6311529000.0,7262609188.0
llama3-8b_conv300,237,6311529000.0,7273787636.0
llama3-8b_conv300,238,6311529000.0,7284966084.0
llama3-8b_conv300,239,6311529000.0,7296144532.0
llama3-8b_conv300,240,6311529000.0,7307322980.0
llama3-8b_conv300,241,6311529000.0,7318501428.0
llama3-8b_conv300,242,6311529000.0,7329679876.0
llama3-8b_conv300,243,6311529000.0,7340858324.0
llama3-8b_conv300,244,6311529000.0,7352036772.0
llama3-8b_conv300,245,6311529000.0,7363215220.0
llama3-8b_conv300,246,6311529000.0,7374393668.0
llama3-8b_conv300,247,6311529000.0,7385572116.0
llama3-8b_conv300,248,6311529000.0,7396750564.0
llama3-8b_conv300,249,6311529000.0,7407929012.0
llama3-8b_conv300,250,6311529000.0,7419107460.0
llama3-8b_conv300,251,6311529000.0,7430285908.0
llama3-8b_conv300,252,6311529000.0,7441464356.0
llama3-8b_conv300,253,7745497000.0,7972360289.0
llama3-8b_conv300,254,7745497000.0,8203794714.0
llama3-8b_conv300,255,7745497000.0,8336646159.0
llama3-8b_conv300,256,7745497000.0,8347933151.0
llama3-8b_conv300,257,7745497000.0,8359220143.0
llama3-8b_conv300,258,7745497000.0,8370507135.0
llama3-8b_conv300,259,7745497000.0,8381794127.0
llama3-8b_conv300,260,7745497000.0,8393081119.0
llama3-8b_conv300,261,7745497000.0,8404368111.0
llama3-8b_conv300,262,7745497000.0,8415655103.0
llama3-8b_conv300,263,7745497000.0,8426942095.0
llama3-8b_conv300,264,7745497000.0,8438229087.0
llama3-8b_conv300,265,7745497000.0,8449516079.0
llama3-8b_conv300,266,7745497000.0,8460803071.0
llama3-8b_conv300,267,7745497000.0,8472090063.0
llama3-8b_conv300,268,7745497000.0,8483377055.0
llama3-8b_conv300,269,7745497000.0,8494664047.0
llama3-8b_conv300,270,7745497000.0,8505951039.0
llama3-8b_conv300,271,7745497000.0,8517238031.0
llama3-8b_conv300,272,7745497000.0,8528525023.0
llama3-8b_conv300,273,7745497000.0,8539812015.0
llama3-8b_conv300,274,7745497000.0,8551099007.0
llama3-8b_conv300,275,7745497000.0,8562385999.0
llama3-8b_conv300,276,7745497000.0,8573672991.0
llama3-8b_conv300,277,7745497000.0,8584959983.0
llama3-8b_conv300,278,7745497000.0,8596246975.0
llama3-8b_conv300,279,7745497000.0,8607533967.0
llama3-8b_conv300,280,7745497000.0,8618820959.0
llama3-8b_conv300,281,7745497000.0,8630107951.0
llama3-8b_conv300,282,7745497000.0,8641394943.0
llama3-8b_conv300,283,7745497000.0,8652681935.0
llama3-8b_conv300,284,7745497000.0,8663968927.0
llama3-8b_conv300,285,7745497000.0,8675255919.0
llama3-8b_conv300,286,7745497000.0,8686542911.0
llama3-8b_conv300,287,7745497000.0,8697829903.0
llama3-8b_conv300,288,7745497000.0,8709116895.0
llama3-8b_conv300,289,7745497000.0,8720403887.0
llama3-8b_conv300,290,7745497000.0,8731690879.0
llama3-8b_conv300,291,7745497000.0,8742977871.0
llama3-8b_conv300,292,8251431000.0,8916568532.0
llama3-8b_conv300,293,8251431000.0,8928400868.0
llama3-8b_conv300,294,8251431000.0,8940233204.0
llama3-8b_conv300,295,8251431000.0,8952065540.0
llama3-8b_conv300,296,8251431000.0,8963897876.0
llama3-8b_conv300,297,8251431000.0,8975730212.0
llama3-8b_conv300,298,8337078999.999999,9083540915.0
llama3-8b_conv300,299,8337078999.999999,9095890947.0
llama3-8b_conv300,300,8337078999.999999,9108240979.0
llama3-8b_conv300,301,8337078999.999999,9120591011.0
llama3-8b_conv300,302,8337078999.999999,9132941043.0
llama3-8b_conv300,303,8337078999.999999,9145291075.0
llama3-8b_conv300,304,8337078999.999999,9157641107.0
llama3-8b_conv300,305,8337078999.999999,9169991139.0
llama3-8b_conv300,306,8337078999.999999,9182341171.0
llama3-8b_conv300,307,8337078999.999999,9194691203.0
llama3-8b_conv300,308,8464985000.0,9288442268.0
llama3-8b_conv300,309,8464985000.0,9301309996.0
llama3-8b_conv300,310,8464985000.0,9314177724.0
llama3-8b_conv300,311,8464985000.0,9327045452.0
llama3-8b_conv300,312,8464985000.0,9339395484.0
llama3-8b_conv300,313,8464985000.0,9351745516.0
llama3-8b_conv300,314,8464985000.0,9364095548.0
llama3-8b_conv300,315,8464985000.0,9376445580.0
llama3-8b_conv300,316,8464985000.0,9388795612.0
llama3-8b_conv300,317,8464985000.0,9401145644.0
llama3-8b_conv300,318,8464985000.0,9413495676.0
llama3-8b_conv300,319,8464985000.0,9425845708.0
llama3-8b_conv300,320,8464985000.0,9438195740.0
llama3-8b_conv300,321,8464985000.0,9450545772.0
llama3-8b_conv300,322,8464985000.0,9462895804.0
llama3-8b_conv300,323,8464985000.0,9475245836.0
llama3-8b_conv300,324,8464985000.0,9487595868.0
llama3-8b_conv300,325,8464985000.0,9499945900.0
llama3-8b_conv300,326,8464985000.0,9512295932.0
llama3-8b_conv300,327,8464985000.0,9524645964.0
llama3-8b_conv300,328,8464985000.0,9536995996.0
llama3-8b_conv300,329,8700213000.0,9714249998.0
llama3-8b_conv300,330,8700213000.0,9727145374.0
llama3-8b_conv300,331,8700213000.0,9740040750.0
llama3-8b_conv300,332,8700213000.0,9752936126.0
llama3-8b_conv300,333,8700213000.0,9765831502.0
llama3-8b_conv300,334,8700213000.0,9778726878.0
llama3-8b_conv300,335,8700213000.0,9791622254.0
llama3-8b_conv300,336,8700213000.0,9804517630.0
llama3-8b_conv300,337,8700213000.0,9817413006.0
llama3-8b_conv300,338,8700213000.0,9830308382.0
llama3-8b_conv300,339,8700213000.0,9843203758.0
llama3-8b_conv300,340,8700213000.0,9856099134.0
llama3-8b_conv300,341,8700213000.0,9868994510.0
llama3-8b_conv300,342,8700213000.0,9881889886.0
llama3-8b_conv300,343,8700213000.0,9894785262.0
llama3-8b_conv300,344,8700213000.0,9907680638.0
llama3-8b_conv300,345,8700213000.0,9920576014.0
llama3-8b_conv300,346,8700213000.0,9933471390.0
llama3-8b_conv300,347,8700213000.0,9946366766.0
llama3-8b_conv300,348,8700213000.0,9959262142.0
llama3-8b_conv300,349,8700213000.0,9972157518.0
llama3-8b_conv300,350,8700213000.0,9985054942.0
llama3-8b_conv300,351,8700213000.0,9997952366.0
llama3-8b_conv300,352,8700213000.0,10010849790.0
llama3-8b_conv300,353,8700213000.0,10023747214.0
llama3-8b_conv300,354,8700213000.0,10036644638.0
llama3-8b_conv300,355,8700213000.0,10049567662.0
llama3-8b_conv300,356,8700213000.0,10062490686.0
llama3-8b_conv300,357,8700213000.0,10075413710.0
llama3-8b_conv300,358,8700213000.0,10088336734.0
llama3-8b_conv300,359,8700213000.0,10101259758.0
llama3-8b_conv300,360,8700213000.0,10114182782.0
llama3-8b_conv300,361,8700213000.0,10127105806.0
llama3-8b_conv300,362,8700213000.0,10140028830.0
llama3-8b_conv300,363,8700213000.0,10152951854.0
llama3-8b_conv300,364,8700213000.0,10165874878.0
llama3-8b_conv300,365,8700213000.0,10178797902.0
llama3-8b_conv300,366,8700213000.0,10191720926.0
llama3-8b_conv300,367,8700213000.0,10204643950.0
llama3-8b_conv300,368,8700213000.0,10217566974.0
llama3-8b_conv300,369,8700213000.0,10230489998.0
llama3-8b_conv300,370,8700213000.0,10243413022.0
llama3-8b_conv300,371,8700213000.0,10256336046.0
llama3-8b_conv300,372,8700213000.0,10269259070.0
llama3-8b_conv300,373,8700213000.0,10282182094.0
llama3-8b_conv300,374,8700213000.0,10295105118.0
llama3-8b_conv300,375,8700213000.0,10308028142.0
llama3-8b_conv300,376,8700213000.0,10320405822.0
llama3-8b_conv300,377,8700213000.0,10332783502.0
llama3-8b_conv300,378,8700213000.0,10345161182.0
llama3-8b_conv300,379,8700213000.0,10357538862.0
llama3-8b_conv300,380,8700213000.0,10369916542.0
llama3-8b_conv300,381,8700213000.0,10382294222.0
llama3-8b_conv300,382,8700213000.0,10394671902.0
llama3-8b_conv300,383,8700213000.0,10407049582.0
llama3-8b_conv300,384,8700213000.0,10419427262.0
llama3-8b_conv300,385,8700213000.0,10431804942.0
llama3-8b_conv300,386,8700213000.0,10444182622.0
llama3-8b_conv300,387,8700213000.0,10456560302.0
llama3-8b_conv300,388,8700213000.0,10468937982.0
llama3-8b_conv300,389,8700213000.0,10481315662.0
llama3-8b_conv300,390,8700213000.0,10493693342.0
llama3-8b_conv300,391,8700213000.0,10506071022.0
llama3-8b_conv300,392,9427468000.0,10683352672.0
llama3-8b_conv300,393,9427468000.0,10696275696.0
llama3-8b_conv300,394,9427468000.0,10709198720.0
llama3-8b_conv300,395,9427468000.0,10722121744.0
llama3-8b_conv300,396,9427468000.0,10735044768.0
llama3-8b_conv300,397,9427468000.0,10747311856.0
llama3-8b_conv300,398,9427468000.0,10759578944.0
llama3-8b_conv300,399,9427468000.0,10771846032.0
llama3-8b_conv300,400,9427468000.0,10784113120.0
llama3-8b_conv300,401,9427468000.0,10796380208.0
llama3-8b_conv300,402,9427468000.0,10808647296.0
llama3-8b_conv300,403,9427468000.0,10820914384.0
llama3-8b_conv300,404,9582558000.0,11048108178.0
llama3-8b_conv300,405,9582558000.0,11279848532.0
llama3-8b_conv300,406,9582558000.0,11417653586.0
llama3-8b_conv300,407,9582558000.0,11430574562.0
llama3-8b_conv300,408,9582558000.0,11443495538.0
llama3-8b_conv300,409,9582558000.0,11456416514.0
llama3-8b_conv300,410,9582558000.0,11469337490.0
llama3-8b_conv300,411,9582558000.0,11482258466.0
llama3-8b_conv300,412,9582558000.0,11495179442.0
llama3-8b_conv300,413,9582558000.0,11508100418.0
llama3-8b_conv300,414,9582558000.0,11521021394.0
llama3-8b_conv300,415,9582558000.0,11533942370.0
llama3-8b_conv300,416,9582558000.0,11546863346.0
llama3-8b_conv300,417,9582558000.0,11559784322.0
llama3-8b_conv300,418,9582558000.0,11572705298.0
llama3-8b_conv300,419,9582558000.0,11585626274.0
llama3-8b_conv300,420,9582558000.0,11598547250.0
llama3-8b_conv300,421,9582558000.0,11611468226.0
llama3-8b_conv300,422,9582558000.0,11624389202.0
llama3-8b_conv300,423,9582558000.0,11637310178.0
llama3-8b_conv300,424,9582558000.0,11650231154.0
llama3-8b_conv300,425,9582558000.0,11663152130.0
llama3-8b_conv300,426,9582558000.0,11676073106.0
llama3-8b_conv300,427,9582558000.0,11688994082.0
llama3-8b_conv300,428,9582558000.0,11701915058.0
llama3-8b_conv300,429,9582558000.0,11714836034.0
llama3-8b_conv300,430,9582558000.0,11727757010.0
llama3-8b_conv300,431,9582558000.0,11740677986.0
llama3-8b_conv300,432,9582558000.0,11753598962.0
llama3-8b_conv300,433,9582558000.0,11766519938.0
llama3-8b_conv300,434,9582558000.0,11779440914.0
llama3-8b_conv300,435,9582558000.0,11792361890.0
llama3-8b_conv300,436,9582558000.0,11805282866.0
llama3-8b_conv300,437,9582558000.0,11818203842.0
llama3-8b_conv300,438,9582558000.0,11831124818.0
llama3-8b_conv300,439,9582558000.0,11844045794.0
llama3-8b_conv300,440,9582558000.0,11856966770.0
llama3-8b_conv300,441,9582558000.0,11869887746.0
llama3-8b_conv300,442,9582558000.0,11882808722.0
llama3-8b_conv300,443,9582558000.0,11895729698.0
llama3-8b_conv300,444,10106379000.0,12123142887.0
llama3-8b_conv300,445,10106379000.0,12355094444.0
llama3-8b_conv300,446,10106379000.0,12591490161.0
llama3-8b_conv300,447,10106379000.0,12832638262.0
llama3-8b_conv300,448,10106379000.0,12924883948.0
llama3-8b_conv300,449,10106379000.0,12938569404.0
llama3-8b_conv300,450,10106379000.0,12952254860.0
llama3-8b_conv300,451,10106379000.0,12965394972.0
llama3-8b_conv300,452,10106379000.0,12978535084.0
llama3-8b_conv300,453,10106379000.0,12991104252.0
llama3-8b_conv300,454,10106379000.0,13003673420.0
llama3-8b_conv300,455,10106379000.0,13016242588.0
llama3-8b_conv300,456,10106379000.0,13028811756.0
llama3-8b_conv300,457,10106379000.0,13041380924.0
llama3-8b_conv300,458,10106379000.0,13053950092.0
llama3-8b_conv300,459,10106379000.0,13066519260.0
llama3-8b_conv300,460,10106379000.0,13078545132.0
llama3-8b_conv300,461,10106379000.0,13090571004.0
llama3-8b_conv300,462,10106379000.0,13102596876.0
llama3-8b_conv300,463,9582558000.0,13113883868.0
llama3-8b_conv300,464,9582558000.0,13125170860.0
llama3-8b_conv300,465,9582558000.0,13136457852.0
llama3-8b_conv300,466,9582558000.0,13147744844.0
llama3-8b_conv300,467,9582558000.0,13159031836.0
llama3-8b_conv300,468,9582558000.0,13170318828.0
llama3-8b_conv300,469,9582558000.0,13181605820.0
llama3-8b_conv300,470,9582558000.0,13192892812.0
llama3-8b_conv300,471,10546126000.0,13365835642.0
llama3-8b_conv300,472,10546126000.0,13377667978.0
llama3-8b_conv300,473,10546126000.0,13389500314.0
llama3-8b_conv300,474,10546126000.0,13401332650.0
llama3-8b_conv300,475,10546126000.0,13413164986.0
llama3-8b_conv300,476,10546126000.0,13424997322.0
llama3-8b_conv300,477,10546126000.0,13436829658.0
llama3-8b_conv300,478,10546126000.0,13448661994.0
llama3-8b_conv300,479,10546126000.0,13460494330.0
llama3-8b_conv300,480,10546126000.0,13472326666.0
llama3-8b_conv300,481,10546126000.0,13484159002.0
llama3-8b_conv300,482,10546126000.0,13495991338.0
llama3-8b_conv300,483,10546126000.0,13507823674.0
llama3-8b_conv300,484,10546126000.0,13519656010.0
llama3-8b_conv300,485,10546126000.0,13531488346.0
llama3-8b_conv300,486,10546126000.0,13543320682.0
llama3-8b_conv300,487,10546126000.0,13555153018.0
llama3-8b_conv300,488,10546126000.0,13566985354.0
llama3-8b_conv300,489,10546126000.0,13578817690.0
llama3-8b_conv300,490,10546126000.0,13590650026.0
llama3-8b_conv300,491,10546126000.0,13602482362.0
llama3-8b_conv300,492,10546126000.0,13614314698.0
llama3-8b_conv300,493,10546126000.0,13626147034.0
llama3-8b_conv300,494,10546126000.0,13637979370.0
llama3-8b_conv300,495,10546126000.0,13649811706.0
llama3-8b_conv300,496,10546126000.0,13661644042.0
llama3-8b_conv300,497,10546126000.0,13673476378.0
llama3-8b_conv300,498,10546126000.0,13685308714.0
llama3-8b_conv300,499,10546126000.0,13697143098.0
llama3-8b_conv300,500,10546126000.0,13708977482.0
llama3-8b_conv300,501,10546126000.0,13720811866.0
llama3-8b_conv300,502,10546126000.0,13732646250.0
llama3-8b_conv300,503,10546126000.0,13744480634.0
llama3-8b_conv300,504,10546126000.0,13756315018.0
llama3-8b_conv300,505,10546126000.0,13768149402.0
llama3-8b_conv300,506,10546126000.0,13779983786.0
llama3-8b_conv300,507,10546126000.0,13791818170.0
llama3-8b_conv300,508,10546126000.0,13803652554.0
llama3-8b_conv300,509,10546126000.0,13815486938.0
llama3-8b_conv300,510,10546126000.0,13827321322.0
llama3-8b_conv300,511,10546126000.0,13839155706.0
llama3-8b_conv300,512,10546126000.0,13850990090.0
llama3-8b_conv300,513,10546126000.0,13862824474.0
llama3-8b_conv300,514,10546126000.0,13874658858.0
llama3-8b_conv300,515,10546126000.0,13886493242.0
llama3-8b_conv300,516,10546126000.0,13898327626.0
llama3-8b_conv300,517,10546126000.0,13910162010.0
llama3-8b_conv300,518,10546126000.0,13921996394.0
llama3-8b_conv300,519,10546126000.0,13933830778.0
llama3-8b_conv300,520,10546126000.0,13945665162.0
llama3-8b_conv300,521,10546126000.0,13957499546.0
llama3-8b_conv300,522,10546126000.0,13969333930.0
llama3-8b_conv300,523,10546126000.0,13981168314.0
llama3-8b_conv300,524,11157911000.0,14166284632.0
llama3-8b_conv300,525,11157911000.0,14178664360.0
llama3-8b_conv300,526,11157911000.0,14191044088.0
llama3-8b_conv300,527,11157911000.0,14203423816.0
llama3-8b_conv300,528,11157911000.0,14215803544.0
llama3-8b_conv300,529,11157911000.0,14228183272.0
llama3-8b_conv300,530,11157911000.0,14240563000.0
llama3-8b_conv300,531,11157911000.0,14252942728.0
llama3-8b_conv300,532,11157911000.0,14265322456.0
llama3-8b_conv300,533,11157911000.0,14277702184.0
llama3-8b_conv300,534,11157911000.0,14290081912.0
llama3-8b_conv300,535,11157911000.0,14302461640.0
llama3-8b_conv300,536,11157911000.0,14314841368.0
llama3-8b_conv300,537,11157911000.0,14327221096.0
llama3-8b_conv300,538,11157911000.0,14339600824.0
llama3-8b_conv300,539,11157911000.0,14351980552.0
llama3-8b_conv300,540,11157911000.0,14364360280.0
llama3-8b_conv300,541,11157911000.0,14376740008.0
llama3-8b_conv300,542,11157911000.0,14389119736.0
llama3-8b_conv300,543,11157911000.0,14401499464.0
llama3-8b_conv300,544,11157911000.0,14413879192.0
llama3-8b_conv300,545,11157911000.0,14426258920.0
llama3-8b_conv300,546,11430904000.0,14481009844.0
llama3-8b_conv300,547,11430904000.0,14493905220.0
llama3-8b_conv300,548,11430904000.0,14506800596.0
llama3-8b_conv300,549,11430904000.0,14519695972.0
llama3-8b_conv300,550,11430904000.0,14532591348.0
llama3-8b_conv300,551,11430904000.0,14545486724.0
llama3-8b_conv300,552,11430904000.0,14558382100.0
llama3-8b_conv300,553,11430904000.0,14571277476.0
llama3-8b_conv300,554,11430904000.0,14584174900.0
llama3-8b_conv300,555,11430904000.0,14597072324.0
llama3-8b_conv300,556,11430904000.0,14609969748.0
llama3-8b_conv300,557,11430904000.0,14622867172.0
llama3-8b_conv300,558,11157911000.0,14635246900.0
llama3-8b_conv300,559,11157911000.0,14647626628.0
llama3-8b_conv300,560,11157911000.0,14660006356.0
llama3-8b_conv300,561,11157911000.0,14671840740.0
llama3-8b_conv300,562,11157911000.0,14683675124.0
llama3-8b_conv300,563,11157911000.0,14695509508.0
llama3-8b_conv300,564,11157911000.0,14707343892.0
llama3-8b_conv300,565,11157911000.0,14719178276.0
llama3-8b_conv300,566,11157911000.0,14731012660.0
llama3-8b_conv300,567,11157911000.0,14742847044.0
llama3-8b_conv300,568,11157911000.0,14754681428.0
llama3-8b_conv300,569,11157911000.0,14766515812.0
llama3-8b_conv300,570,11157911000.0,14778350196.0
llama3-8b_conv300,571,11157911000.0,14790184580.0
llama3-8b_conv300,572,11157911000.0,14802018964.0
llama3-8b_conv300,573,11157911000.0,14813853348.0
llama3-8b_conv300,574,11157911000.0,14825687732.0
llama3-8b_conv300,575,11157911000.0,14837522116.0
llama3-8b_conv300,576,11157911000.0,14849356500.0
llama3-8b_conv300,577,11157911000.0,14861190884.0
llama3-8b_conv300,578,11157911000.0,14873025268.0
llama3-8b_conv300,579,11157911000.0,14884859652.0
llama3-8b_conv300,580,11157911000.0,14896038100.0
llama3-8b_conv300,581,11157911000.0,14907216548.0
llama3-8b_conv300,582,11836633000.0,15070422403.0
llama3-8b_conv300,583,11836633000.0,15082144147.0
llama3-8b_conv300,584,11836633000.0,15093865891.0
llama3-8b_conv300,585,11836633000.0,15105587635.0
llama3-8b_conv300,586,11836633000.0,15117309379.0
llama3-8b_conv300,587,11836633000.0,15129031123.0
llama3-8b_conv300,588,11836633000.0,15140752867.0
llama3-8b_conv300,589,11836633000.0,15152474611.0
llama3-8b_conv300,590,11836633000.0,15164196355.0
llama3-8b_conv300,591,11836633000.0,15175918099.0
llama3-8b_conv300,592,11836633000.0,15187639843.0
llama3-8b_conv300,593,11836633000.0,15199361587.0
llama3-8b_conv300,594,11836633000.0,15211083331.0
llama3-8b_conv300,595,11836633000.0,15222805075.0
llama3-8b_conv300,596,11836633000.0,15234526819.0
llama3-8b_conv300,597,11836633000.0,15246250611.0
llama3-8b_conv300,598,11836633000.0,15257974403.0
llama3-8b_conv300,599,11836633000.0,15269698195.0
llama3-8b_conv300,600,11836633000.0,15281421987.0
llama3-8b_conv300,601,11836633000.0,15293145779.0
llama3-8b_conv300,602,11836633000.0,15304869571.0
llama3-8b_conv300,603,11836633000.0,15316593363.0
llama3-8b_conv300,604,11836633000.0,15328317155.0
llama3-8b_conv300,605,11836633000.0,15340040947.0
llama3-8b_conv300,606,11836633000.0,15351764739.0
llama3-8b_conv300,607,11836633000.0,15363488531.0
llama3-8b_conv300,608,11836633000.0,15375212323.0
llama3-8b_conv300,609,11836633000.0,15386936115.0
llama3-8b_conv300,610,11836633000.0,15398659907.0
llama3-8b_conv300,611,11836633000.0,15410383699.0
llama3-8b_conv300,612,11836633000.0,15422107491.0
llama3-8b_conv300,613,11836633000.0,15433831283.0
llama3-8b_conv300,614,11836633000.0,15445555075.0
llama3-8b_conv300,615,11836633000.0,15457278867.0
llama3-8b_conv300,616,11836633000.0,15469002659.0
llama3-8b_conv300,617,11836633000.0,15480726451.0
llama3-8b_conv300,618,11836633000.0,15492450243.0
llama3-8b_conv300,619,11836633000.0,15504174035.0
llama3-8b_conv300,620,11836633000.0,15515897827.0
llama3-8b_conv300,621,11836633000.0,15527647219.0
llama3-8b_conv300,622,11836633000.0,15539396611.0
llama3-8b_conv300,623,11836633000.0,15551146003.0
llama3-8b_conv300,624,11836633000.0,15562895395.0
llama3-8b_conv300,625,11836633000.0,15574644787.0
llama3-8b_conv300,626,11836633000.0,15586394179.0
llama3-8b_conv300,627,11836633000.0,15598143571.0
llama3-8b_conv300,628,11836633000.0,15609892963.0
llama3-8b_conv300,629,11836633000.0,15621642355.0
llama3-8b_conv300,630,11836633000.0,15632820803.0
llama3-8b_conv300,631,11836633000.0,15643999251.0
llama3-8b_conv300,632,11836633000.0,15655177699.0
llama3-8b_conv300,633,11836633000.0,15666356147.0
llama3-8b_conv300,634,11836633000.0,15677534595.0
llama3-8b_conv300,635,11836633000.0,15688713043.0
llama3-8b_conv300,636,11836633000.0,15699891491.0
llama3-8b_conv300,637,11836633000.0,15711069939.0
llama3-8b_conv300,638,11836633000.0,15722248387.0
llama3-8b_conv300,639,11836633000.0,15733426835.0
llama3-8b_conv300,640,11836633000.0,15744605283.0
llama3-8b_conv300,641,11836633000.0,15755783731.0
llama3-8b_conv300,642,11836633000.0,15766962179.0
llama3-8b_conv300,643,11836633000.0,15778140627.0
llama3-8b_conv300,644,11836633000.0,15789319075.0
llama3-8b_conv300,645,11836633000.0,15800497523.0
llama3-8b_conv300,646,11836633000.0,15811675971.0
llama3-8b_conv300,647,11836633000.0,15822854419.0
llama3-8b_conv300,648,11836633000.0,15834032867.0
llama3-8b_conv300,649,11836633000.0,15845211315.0
llama3-8b_conv300,650,11836633000.0,15856389763.0
llama3-8b_conv300,651,11836633000.0,15867568211.0
llama3-8b_conv300,652,11836633000.0,15878746659.0
llama3-8b_conv300,653,11836633000.0,15889925107.0
llama3-8b_conv300,654,11836633000.0,15901103555.0
llama3-8b_conv300,655,11836633000.0,15912282003.0
llama3-8b_conv300,656,12886545000.0,16002894511.0
llama3-8b_conv300,657,12886545000.0,16014045311.0
llama3-8b_conv300,658,12886545000.0,16025196111.0
llama3-8b_conv300,659,12886545000.0,16036346911.0
llama3-8b_conv300,660,12886545000.0,16047497711.0
llama3-8b_conv300,661,12886545000.0,16058648511.0
llama3-8b_conv300,662,12886545000.0,16069799311.0
llama3-8b_conv300,663,12886545000.0,16080950111.0
llama3-8b_conv300,664,12886545000.0,16092100911.0
llama3-8b_conv300,665,12886545000.0,16103251711.0
llama3-8b_conv300,666,12886545000.0,16114402511.0
llama3-8b_conv300,667,12886545000.0,16125553311.0
llama3-8b_conv300,668,12886545000.0,16136704111.0
llama3-8b_conv300,669,13025088000.0,16363650635.0
llama3-8b_conv300,670,13025088000.0,16595160103.0
llama3-8b_conv300,671,13049843000.0,16826311526.0
llama3-8b_conv300,672,13049843000.0,16840991030.0
llama3-8b_conv300,673,13049843000.0,16853313414.0
llama3-8b_conv300,674,13049843000.0,16865635798.0
llama3-8b_conv300,675,13049843000.0,16877958182.0
llama3-8b_conv300,676,13049843000.0,16890280566.0
llama3-8b_conv300,677,13049843000.0,16902602950.0
llama3-8b_conv300,678,13049843000.0,16914925334.0
llama3-8b_conv300,679,13049843000.0,16927247718.0
llama3-8b_conv300,680,13049843000.0,16939570102.0
llama3-8b_conv300,681,13049843000.0,16951892486.0
llama3-8b_conv300,682,13049843000.0,16964214870.0
llama3-8b_conv300,683,13049843000.0,16976537254.0
llama3-8b_conv300,684,13049843000.0,16988859638.0
llama3-8b_conv300,685,13049843000.0,17001182022.0
llama3-8b_conv300,686,13049843000.0,17013504406.0
llama3-8b_conv300,687,13049843000.0,17025826790.0
llama3-8b_conv300,688,13049843000.0,17038149174.0
llama3-8b_conv300,689,13049843000.0,17050471558.0
llama3-8b_conv300,690,13049843000.0,17062793942.0
llama3-8b_conv300,691,13049843000.0,17075116326.0
llama3-8b_conv300,692,13049843000.0,17087438710.0
llama3-8b_conv300,693,13049843000.0,17099761094.0
llama3-8b_conv300,694,13049843000.0,17112083478.0
llama3-8b_conv300,695,13049843000.0,17124405862.0
llama3-8b_conv300,696,13049843000.0,17136728246.0
llama3-8b_conv300,697,13049843000.0,17149050630.0
llama3-8b_conv300,698,13049843000.0,17161373014.0
llama3-8b_conv300,699,13049843000.0,17173695398.0
llama3-8b_conv300,700,13049843000.0,17186017782.0
llama3-8b_conv300,701,13049843000.0,17198340166.0
llama3-8b_conv300,702,13049843000.0,17210662550.0
llama3-8b_conv300,703,13049843000.0,17222984934.0
llama3-8b_conv300,704,13049843000.0,17235307318.0
llama3-8b_conv300,705,13049843000.0,17247629702.0
llama3-8b_conv300,706,13049843000.0,17259977686.0
llama3-8b_conv300,707,13049843000.0,17272325670.0
llama3-8b_conv300,708,13049843000.0,17284673654.0
llama3-8b_conv300,709,13049843000.0,17297021638.0
llama3-8b_conv300,710,13049843000.0,17309369622.0
llama3-8b_conv300,711,13049843000.0,17321717606.0
llama3-8b_conv300,712,13049843000.0,17334065590.0
llama3-8b_conv300,713,13049843000.0,17346413574.0
llama3-8b_conv300,714,13049843000.0,17358761558.0
llama3-8b_conv300,715,13049843000.0,17371109542.0
llama3-8b_conv300,716,13049843000.0,17383457526.0
llama3-8b_conv300,717,13049843000.0,17395805510.0
llama3-8b_conv300,718,13049843000.0,17408153494.0
llama3-8b_conv300,719,13049843000.0,17420501478.0
llama3-8b_conv300,720,13049843000.0,17432849462.0
llama3-8b_conv300,721,13049843000.0,17445197446.0
llama3-8b_conv300,722,13049843000.0,17457545430.0
llama3-8b_conv300,723,13049843000.0,17469893414.0
llama3-8b_conv300,724,13049843000.0,17482241398.0
llama3-8b_conv300,725,13049843000.0,17494589382.0
llama3-8b_conv300,726,13049843000.0,17506939414.0
llama3-8b_conv300,727,13049843000.0,17519289446.0
llama3-8b_conv300,728,13049843000.0,17531639478.0
llama3-8b_conv300,729,13049843000.0,17543989510.0
llama3-8b_conv300,730,13049843000.0,17556339542.0
llama3-8b_conv300,731,13049843000.0,17568715174.0
llama3-8b_conv300,732,13049843000.0,17581090806.0
llama3-8b_conv300,733,13049843000.0,17593466438.0
llama3-8b_conv300,734,13049843000.0,17605842070.0
llama3-8b_conv300,735,13049843000.0,17618217702.0
llama3-8b_conv300,736,13049843000.0,17630593334.0
llama3-8b_conv300,737,13049843000.0,17642968966.0
llama3-8b_conv300,738,13049843000.0,17655344598.0
llama3-8b_conv300,739,13049843000.0,17667720230.0
llama3-8b_conv300,740,13049843000.0,17680095862.0
llama3-8b_conv300,741,13049843000.0,17692471494.0
llama3-8b_conv300,742,13049843000.0,17704847126.0
llama3-8b_conv300,743,13049843000.0,17717222758.0
llama3-8b_conv300,744,13049843000.0,17729598390.0
llama3-8b_conv300,745,13049843000.0,17741974022.0
llama3-8b_conv300,746,13049843000.0,17754349654.0
llama3-8b_conv300,747,13049843000.0,17766725286.0
llama3-8b_conv300,748,13049843000.0,17779100918.0
llama3-8b_conv300,749,13049843000.0,17791476550.0
llama3-8b_conv300,750,13049843000.0,17803852182.0
llama3-8b_conv300,751,13049843000.0,17816227814.0
llama3-8b_conv300,752,13049843000.0,17828603446.0
llama3-8b_conv300,753,14059550000.0,17910139898.0
llama3-8b_conv300,754,14059550000.0,17923033226.0
llama3-8b_conv300,755,14059550000.0,17935926554.0
llama3-8b_conv300,756,14097780000.0,18110046434.0
llama3-8b_conv300,757,14097780000.0,18123485106.0
llama3-8b_conv300,758,14097780000.0,18136923778.0
llama3-8b_conv300,759,14097780000.0,18150362450.0
llama3-8b_conv300,760,14097780000.0,18163801122.0
llama3-8b_conv300,761,14097780000.0,18177239794.0
llama3-8b_conv300,762,14097780000.0,18190678466.0
llama3-8b_conv300,763,14097780000.0,18204117138.0
llama3-8b_conv300,764,14097780000.0,18217555810.0
llama3-8b_conv300,765,14097780000.0,18230994482.0
llama3-8b_conv300,766,14097780000.0,18244433154.0
llama3-8b_conv300,767,14097780000.0,18257871826.0
llama3-8b_conv300,768,14097780000.0,18271310498.0
llama3-8b_conv300,769,14097780000.0,18284749170.0
llama3-8b_conv300,770,14097780000.0,18298187842.0
llama3-8b_conv300,771,14097780000.0,18311626514.0
llama3-8b_conv300,772,14293309000.0,18539099404.0
llama3-8b_conv300,773,14293309000.0,18771078918.0
llama3-8b_conv300,774,14293309000.0,19007565056.0
llama3-8b_conv300,775,14293309000.0,19248652026.0
llama3-8b_conv300,776,14293309000.0,19493962996.0
llama3-8b_conv300,777,14293309000.0,19744063214.0
llama3-8b_conv300,778,14293309000.0,19998670056.0
llama3-8b_conv300,779,14293309000.0,20246676770.0
llama3-8b_conv300,780,14293309000.0,20261047908.0
llama3-8b_conv300,781,14293309000.0,20275419046.0
llama3-8b_conv300,782,14293309000.0,20289790184.0
llama3-8b_conv300,783,14293309000.0,20304161322.0
llama3-8b_conv300,784,14293309000.0,20318532460.0
llama3-8b_conv300,785,14293309000.0,20332903598.0
llama3-8b_conv300,786,14293309000.0,20347274736.0
llama3-8b_conv300,787,14293309000.0,20361645874.0
llama3-8b_conv300,788,14293309000.0,20376017012.0
llama3-8b_conv300,789,14293309000.0,20390388150.0
llama3-8b_conv300,790,14293309000.0,20404759288.0
llama3-8b_conv300,791,14293309000.0,20419130426.0
llama3-8b_conv300,792,14293309000.0,20433501564.0
llama3-8b_conv300,793,14293309000.0,20447872702.0
llama3-8b_conv300,794,14293309000.0,20462243840.0
llama3-8b_conv300,795,14293309000.0,20476614978.0
llama3-8b_conv300,796,14293309000.0,20490986116.0
llama3-8b_conv300,797,14293309000.0,20505357254.0
llama3-8b_conv300,798,14293309000.0,20519728392.0
llama3-8b_conv300,799,14293309000.0,20534099530.0
llama3-8b_conv300,800,14293309000.0,20548470668.0
llama3-8b_conv300,801,14293309000.0,20562841806.0
llama3-8b_conv300,802,14293309000.0,20577212944.0
llama3-8b_conv300,803,14293309000.0,20591584082.0
llama3-8b_conv300,804,14293309000.0,20605955220.0
llama3-8b_conv300,805,14293309000.0,20620326358.0
llama3-8b_conv300,806,14293309000.0,20634697496.0
llama3-8b_conv300,807,14293309000.0,20649068634.0
llama3-8b_conv300,808,14293309000.0,20663439772.0
llama3-8b_conv300,809,14293309000.0,20677810910.0
llama3-8b_conv300,810,14293309000.0,20691636654.0
llama3-8b_conv300,811,14293309000.0,20705462398.0
llama3-8b_conv300,812,14293309000.0,20719288142.0
llama3-8b_conv300,813,14293309000.0,20732457950.0
llama3-8b_conv300,814,14293309000.0,20745627758.0
llama3-8b_conv300,815,14293309000.0,20758797566.0
llama3-8b_conv300,816,14293309000.0,20771967374.0
llama3-8b_conv300,817,14293309000.0,20785137182.0
llama3-8b_conv300,818,14293309000.0,20797763694.0
llama3-8b_conv300,819,14293309000.0,20810390206.0
llama3-8b_conv300,820,14293309000.0,20823016718.0
llama3-8b_conv300,821,14293309000.0,20835643230.0
llama3-8b_conv300,822,14293309000.0,20848269742.0
llama3-8b_conv300,823,14293309000.0,20860896254.0
llama3-8b_conv300,824,14293309000.0,20872979470.0
llama3-8b_conv300,825,14293309000.0,20885062686.0
llama3-8b_conv300,826,14293309000.0,20897145902.0
llama3-8b_conv300,827,14293309000.0,20909229118.0
llama3-8b_conv300,828,14293309000.0,20921337934.0
llama3-8b_conv300,829,14293309000.0,20933446750.0
llama3-8b_conv300,830,14293309000.0,20945555566.0
llama3-8b_conv300,831,14293309000.0,20957664382.0
llama3-8b_conv300,832,14293309000.0,20969773198.0
llama3-8b_conv300,833,14293309000.0,20981882014.0
llama3-8b_conv300,834,14293309000.0,20993990830.0
llama3-8b_conv300,835,14293309000.0,21006099646.0
llama3-8b_conv300,836,14293309000.0,21018208462.0
llama3-8b_conv300,837,14293309000.0,21030317278.0
llama3-8b_conv300,838,14293309000.0,21042426094.0
llama3-8b_conv300,839,14293309000.0,21054534910.0
llama3-8b_conv300,840,14293309000.0,21066643726.0
llama3-8b_conv300,841,14059550000.0,21077820126.0
llama3-8b_conv300,842,14059550000.0,21088996526.0
llama3-8b_conv300,843,14059550000.0,21100172926.0
llama3-8b_conv300,844,14059550000.0,21111349326.0
llama3-8b_conv300,845,14059550000.0,21122525726.0
llama3-8b_conv300,846,14059550000.0,21133702126.0
llama3-8b_conv300,847,14059550000.0,21144878526.0
llama3-8b_conv300,848,14059550000.0,21156054926.0
llama3-8b_conv300,849,14059550000.0,21167231326.0
llama3-8b_conv300,850,14059550000.0,21178407726.0
llama3-8b_conv300,851,14059550000.0,21189584126.0
llama3-8b_conv300,852,14059550000.0,21200760526.0
llama3-8b_conv300,853,14059550000.0,21211936926.0
llama3-8b_conv300,854,14059550000.0,21223113326.0
llama3-8b_conv300,855,14059550000.0,21234289726.0
llama3-8b_conv300,856,14059550000.0,21245466126.0
llama3-8b_conv300,857,14059550000.0,21256642526.0
llama3-8b_conv300,858,14059550000.0,21267818926.0
llama3-8b_conv300,859,14059550000.0,21278995326.0
llama3-8b_conv300,860,14059550000.0,21290171726.0
llama3-8b_conv300,861,14059550000.0,21301348126.0
llama3-8b_conv300,862,14059550000.0,21312524526.0
llama3-8b_conv300,863,14059550000.0,21323700926.0
llama3-8b_conv300,864,14059550000.0,21334877326.0
llama3-8b_conv300,865,14059550000.0,21346053726.0
llama3-8b_conv300,866,14059550000.0,21357230126.0
llama3-8b_conv300,867,14059550000.0,21368406526.0
llama3-8b_conv300,868,14059550000.0,21379582926.0
llama3-8b_conv300,869,14059550000.0,21390759326.0
llama3-8b_conv300,870,14059550000.0,21401935726.0
llama3-8b_conv300,871,14059550000.0,21413112126.0
llama3-8b_conv300,872,14059550000.0,21424288526.0
llama3-8b_conv300,873,14059550000.0,21435464926.0
llama3-8b_conv300,874,14059550000.0,21446641326.0
llama3-8b_conv300,875,14059550000.0,21457817726.0
llama3-8b_conv300,876,14059550000.0,21468994126.0
llama3-8b_conv300,877,14059550000.0,21480170526.0
llama3-8b_conv300,878,14059550000.0,21491346926.0
llama3-8b_conv300,879,14059550000.0,21502523326.0
llama3-8b_conv300,880,14059550000.0,21513699726.0
llama3-8b_conv300,881,14059550000.0,21524876126.0
llama3-8b_conv300,882,14059550000.0,21536052526.0
llama3-8b_conv300,883,14059550000.0,21547228926.0
llama3-8b_conv300,884,14059550000.0,21558405326.0
llama3-8b_conv300,885,14059550000.0,21569581726.0
llama3-8b_conv300,886,14059550000.0,21580758126.0
llama3-8b_conv300,887,14059550000.0,21591934526.0
llama3-8b_conv300,888,14059550000.0,21603110926.0
llama3-8b_conv300,889,14059550000.0,21614287326.0
llama3-8b_conv300,890,14059550000.0,21625463726.0
llama3-8b_conv300,891,14059550000.0,21636640126.0
llama3-8b_conv300,892,14059550000.0,21647816526.0
llama3-8b_conv300,893,14059550000.0,21658992926.0
llama3-8b_conv300,894,14059550000.0,21670169326.0
llama3-8b_conv300,895,14059550000.0,21681345726.0
llama3-8b_conv300,896,14059550000.0,21692522126.0
llama3-8b_conv300,897,14059550000.0,21703698526.0
llama3-8b_conv300,898,14059550000.0,21714874926.0
llama3-8b_conv300,899,14059550000.0,21726051326.0
llama3-8b_conv300,900,14059550000.0,21737227726.0
llama3-8b_conv300,901,14059550000.0,21748404126.0
llama3-8b_conv300,902,14059550000.0,21759580526.0
llama3-8b_conv300,903,14059550000.0,21770756926.0
llama3-8b_conv300,904,14059550000.0,21781933326.0
llama3-8b_conv300,905,14059550000.0,21793109726.0
llama3-8b_conv300,906,14059550000.0,21804286126.0
llama3-8b_conv300,907,17420918000.0,22031149415.0
llama3-8b_conv300,908,17420918000.0,22262583840.0
llama3-8b_conv300,909,17420918000.0,22498589401.0
llama3-8b_conv300,910,17420918000.0,22739260306.0
llama3-8b_conv300,911,17420918000.0,22984125515.0
llama3-8b_conv300,912,17420918000.0,22999536347.0
llama3-8b_conv300,913,17420918000.0,23010961579.0
llama3-8b_conv300,914,17420918000.0,23022386811.0
llama3-8b_conv300,915,17420918000.0,23033812043.0
llama3-8b_conv300,916,17420918000.0,23045237275.0
llama3-8b_conv300,917,17420918000.0,23056662507.0
llama3-8b_conv300,918,17420918000.0,23068087739.0
llama3-8b_conv300,919,17420918000.0,23079512971.0
llama3-8b_conv300,920,17420918000.0,23090938203.0
llama3-8b_conv300,921,17420918000.0,23102363435.0
llama3-8b_conv300,922,17420918000.0,23113788667.0
llama3-8b_conv300,923,17420918000.0,23125213899.0
llama3-8b_conv300,924,17420918000.0,23136639131.0
llama3-8b_conv300,925,17420918000.0,23148064363.0
llama3-8b_conv300,926,17420918000.0,23159489595.0
llama3-8b_conv300,927,17792938000.0,23249598696.0
llama3-8b_conv300,928,17792938000.0,23261541624.0
llama3-8b_conv300,929,17792938000.0,23273484552.0
llama3-8b_conv300,930,17792938000.0,23285427480.0
llama3-8b_conv300,931,17792938000.0,23297370408.0
llama3-8b_conv300,932,17792938000.0,23309313336.0
llama3-8b_conv300,933,17792938000.0,23321256264.0
llama3-8b_conv300,934,17792938000.0,23333199192.0
llama3-8b_conv300,935,17792938000.0,23345142120.0
llama3-8b_conv300,936,17792938000.0,23357085048.0
llama3-8b_conv300,937,17792938000.0,23369027976.0
llama3-8b_conv300,938,17792938000.0,23380970904.0
llama3-8b_conv300,939,17792938000.0,23392913832.0
llama3-8b_conv300,940,17792938000.0,23404856760.0
llama3-8b_conv300,941,17792938000.0,23416799688.0
llama3-8b_conv300,942,17792938000.0,23428742616.0
llama3-8b_conv300,943,17792938000.0,23440685544.0
llama3-8b_conv300,944,17792938000.0,23452628472.0
llama3-8b_conv300,945,17792938000.0,23464571400.0
llama3-8b_conv300,946,17792938000.0,23476514328.0
llama3-8b_conv300,947,17792938000.0,23488457256.0
llama3-8b_conv300,948,17792938000.0,23500400184.0
llama3-8b_conv300,949,17792938000.0,23512343112.0
llama3-8b_conv300,950,17792938000.0,23524286040.0
llama3-8b_conv300,951,17792938000.0,23536228968.0
llama3-8b_conv300,952,17792938000.0,23548171896.0
llama3-8b_conv300,953,17792938000.0,23560114824.0
llama3-8b_conv300,954,17792938000.0,23572057752.0
llama3-8b_conv300,955,17792938000.0,23584000680.0
llama3-8b_conv300,956,17792938000.0,23595943608.0
llama3-8b_conv300,957,17792938000.0,23607886536.0
llama3-8b_conv300,958,17792938000.0,23619829464.0
llama3-8b_conv300,959,18160513000.0,23676723745.0
llama3-8b_conv300,960,18160513000.0,23689182321.0
llama3-8b_conv300,961,18160513000.0,23701642945.0
llama3-8b_conv300,962,18160513000.0,23714103569.0
llama3-8b_conv300,963,18160513000.0,23726564193.0
llama3-8b_conv300,964,18160513000.0,23739024817.0
llama3-8b_conv300,965,18160513000.0,23751485441.0
llama3-8b_conv300,966,18160513000.0,23763946065.0
llama3-8b_conv300,967,18160513000.0,23776406689.0
llama3-8b_conv300,968,18160513000.0,23788867313.0
llama3-8b_conv300,969,18160513000.0,23801327937.0
llama3-8b_conv300,970,18160513000.0,23813788561.0
llama3-8b_conv300,971,18160513000.0,23826249185.0
llama3-8b_conv300,972,18160513000.0,23838709809.0
llama3-8b_conv300,973,18160513000.0,23851170433.0
llama3-8b_conv300,974,18160513000.0,23863631057.0
llama3-8b_conv300,975,18160513000.0,23876091681.0
llama3-8b_conv300,976,18160513000.0,23888552305.0
llama3-8b_conv300,977,18160513000.0,23901012929.0
llama3-8b_conv300,978,18160513000.0,23913473553.0
llama3-8b_conv300,979,18160513000.0,23925934177.0
llama3-8b_conv300,980,18160513000.0,23938420401.0
llama3-8b_conv300,981,18160513000.0,23950906625.0
llama3-8b_conv300,982,18160513000.0,23963392849.0
llama3-8b_conv300,983,18160513000.0,23975879073.0
llama3-8b_conv300,984,18160513000.0,23988365297.0
llama3-8b_conv300,985,18160513000.0,24000851521.0
llama3-8b_conv300,986,18463892000.0,24174997798.0
llama3-8b_conv300,987,18463892000.0,24188029366.0
llama3-8b_conv300,988,18463892000.0,24201060934.0
llama3-8b_conv300,989,18463892000.0,24214092502.0
llama3-8b_conv300,990,18463892000.0,24227124070.0
llama3-8b_conv300,991,18463892000.0,24240155638.0
llama3-8b_conv300,992,18463892000.0,24253187206.0
llama3-8b_conv300,993,18463892000.0,24266218774.0
llama3-8b_conv300,994,18463892000.0,24279250342.0
llama3-8b_conv300,995,18463892000.0,24292281910.0
llama3-8b_conv300,996,18463892000.0,24305313478.0
llama3-8b_conv300,997,18463892000.0,24318345046.0
llama3-8b_conv300,998,18463892000.0,24331376614.0
llama3-8b_conv300,999,18463892000.0,24344408182.0
llama3-8b_conv300,1000,18463892000.0,24357439750.0
llama3-8b_conv300,1001,18463892000.0,24370471318.0
llama3-8b_conv300,1002,18463892000.0,24383502886.0
llama3-8b_conv300,1003,18463892000.0,24396534454.0
llama3-8b_conv300,1004,18463892000.0,24409566022.0
llama3-8b_conv300,1005,18463892000.0,24422597590.0
llama3-8b_conv300,1006,18463892000.0,24435629158.0
llama3-8b_conv300,1007,18463892000.0,24448660726.0
llama3-8b_conv300,1008,18463892000.0,24461692294.0
llama3-8b_conv300,1009,18463892000.0,24474723862.0
llama3-8b_conv300,1010,18463892000.0,24487755430.0
llama3-8b_conv300,1011,18463892000.0,24500786998.0
llama3-8b_conv300,1012,18463892000.0,24513818566.0
llama3-8b_conv300,1013,18463892000.0,24526850134.0
llama3-8b_conv300,1014,18463892000.0,24539881702.0
llama3-8b_conv300,1015,18463892000.0,24552913270.0
llama3-8b_conv300,1016,18463892000.0,24565946886.0
llama3-8b_conv300,1017,18463892000.0,24578980502.0
llama3-8b_conv300,1018,18463892000.0,24592014118.0
llama3-8b_conv300,1019,18463892000.0,24605047734.0
llama3-8b_conv300,1020,18463892000.0,24618081350.0
llama3-8b_conv300,1021,18463892000.0,24631114966.0
llama3-8b_conv300,1022,18463892000.0,24644148582.0
llama3-8b_conv300,1023,18463892000.0,24657182198.0
llama3-8b_conv300,1024,18463892000.0,24670215814.0
llama3-8b_conv300,1025,18463892000.0,24683249430.0
llama3-8b_conv300,1026,18463892000.0,24696283046.0
llama3-8b_conv300,1027,18463892000.0,24709316662.0
llama3-8b_conv300,1028,18463892000.0,24722350278.0
llama3-8b_conv300,1029,18463892000.0,24735383894.0
llama3-8b_conv300,1030,18979439000.0,24962909723.0
llama3-8b_conv300,1031,18979439000.0,25194973920.0
llama3-8b_conv300,1032,18979439000.0,25431482277.0
llama3-8b_conv300,1033,18979439000.0,25672717418.0
llama3-8b_conv300,1034,18979439000.0,25918114095.0
llama3-8b_conv300,1035,18979439000.0,25933431807.0
llama3-8b_conv300,1036,18979439000.0,25947231951.0
llama3-8b_conv300,1037,18979439000.0,25961032095.0
llama3-8b_conv300,1038,18979439000.0,25974832239.0
llama3-8b_conv300,1039,18979439000.0,25988632383.0
llama3-8b_conv300,1040,18979439000.0,26002432527.0
llama3-8b_conv300,1041,18979439000.0,26016232671.0
llama3-8b_conv300,1042,18979439000.0,26030032815.0
llama3-8b_conv300,1043,18979439000.0,26043832959.0
llama3-8b_conv300,1044,18979439000.0,26057633103.0
llama3-8b_conv300,1045,18979439000.0,26071433247.0
llama3-8b_conv300,1046,18979439000.0,26085233391.0
llama3-8b_conv300,1047,18979439000.0,26099059135.0
llama3-8b_conv300,1048,18979439000.0,26112884879.0
llama3-8b_conv300,1049,18979439000.0,26126710623.0
llama3-8b_conv300,1050,18979439000.0,26140536367.0
llama3-8b_conv300,1051,18979439000.0,26154362111.0
llama3-8b_conv300,1052,18979439000.0,26168187855.0
llama3-8b_conv300,1053,18979439000.0,26182013599.0
llama3-8b_conv300,1054,18979439000.0,26195839343.0
llama3-8b_conv300,1055,18979439000.0,26209665087.0
llama3-8b_conv300,1056,18979439000.0,26223490831.0
llama3-8b_conv300,1057,18979439000.0,26237316575.0
llama3-8b_conv300,1058,18979439000.0,26251142319.0
llama3-8b_conv300,1059,18979439000.0,26264968063.0
llama3-8b_conv300,1060,18979439000.0,26278793807.0
llama3-8b_conv300,1061,18979439000.0,26292619551.0
llama3-8b_conv300,1062,18979439000.0,26306445295.0
llama3-8b_conv300,1063,18979439000.0,26320271039.0
llama3-8b_conv300,1064,18979439000.0,26334096783.0
llama3-8b_conv300,1065,18979439000.0,26347922527.0
llama3-8b_conv300,1066,18979439000.0,26361748271.0
llama3-8b_conv300,1067,18979439000.0,26375574015.0
llama3-8b_conv300,1068,18979439000.0,26389399759.0
llama3-8b_conv300,1069,18979439000.0,26403225503.0
llama3-8b_conv300,1070,18979439000.0,26417051247.0
llama3-8b_conv300,1071,18979439000.0,26430876991.0
llama3-8b_conv300,1072,18979439000.0,26444702735.0
llama3-8b_conv300,1073,18979439000.0,26457983135.0
llama3-8b_conv300,1074,18979439000.0,26470720239.0
llama3-8b_conv300,1075,18979439000.0,26483457343.0
llama3-8b_conv300,1076,18979439000.0,26496194447.0
llama3-8b_conv300,1077,18979439000.0,26508931551.0
llama3-8b_conv300,1078,18979439000.0,26521668655.0
llama3-8b_conv300,1079,18979439000.0,26534405759.0
llama3-8b_conv300,1080,18979439000.0,26547142863.0
llama3-8b_conv300,1081,18979439000.0,26559879967.0
llama3-8b_conv300,1082,18979439000.0,26571822895.0
llama3-8b_conv300,1083,18979439000.0,26583765823.0
llama3-8b_conv300,1084,18979439000.0,26595708751.0
llama3-8b_conv300,1085,18979439000.0,26607651679.0
llama3-8b_conv300,1086,18979439000.0,26619594607.0
llama3-8b_conv300,1087,18979439000.0,26631537535.0
llama3-8b_conv300,1088,18979439000.0,26643480463.0
llama3-8b_conv300,1089,18979439000.0,26655448991.0
llama3-8b_conv300,1090,18979439000.0,26667417519.0
llama3-8b_conv300,1091,18979439000.0,26679386047.0
llama3-8b_conv300,1092,18979439000.0,26691354575.0
llama3-8b_conv300,1093,18979439000.0,26703323103.0
llama3-8b_conv300,1094,18979439000.0,26715291631.0
llama3-8b_conv300,1095,18979439000.0,26727260159.0
llama3-8b_conv300,1096,18979439000.0,26739228687.0
llama3-8b_conv300,1097,18979439000.0,26751197215.0
llama3-8b_conv300,1098,19913927000.0,26792830172.0
llama3-8b_conv300,1099,19913927000.0,26805314348.0
llama3-8b_conv300,1100,19913927000.0,26817798524.0
llama3-8b_conv300,1101,19945197000.0,27045209406.0
llama3-8b_conv300,1102,19945197000.0,27277166848.0
llama3-8b_conv300,1103,19945197000.0,27513670850.0
llama3-8b_conv300,1104,19945197000.0,27754815620.0
llama3-8b_conv300,1105,19945197000.0,28000158278.0
llama3-8b_conv300,1106,19945197000.0,28250396168.0
llama3-8b_conv300,1107,19945197000.0,28505086410.0
llama3-8b_conv300,1108,19945197000.0,28738871510.0
llama3-8b_conv300,1109,19945197000.0,28752288102.0
llama3-8b_conv300,1110,19945197000.0,28765704694.0
llama3-8b_conv300,1111,19945197000.0,28779121286.0
llama3-8b_conv300,1112,19945197000.0,28792537878.0
llama3-8b_conv300,1113,19945197000.0,28805954470.0
llama3-8b_conv300,1114,19945197000.0,28818855414.0
llama3-8b_conv300,1115,19945197000.0,28831756358.0
llama3-8b_conv300,1116,19945197000.0,28844657302.0
llama3-8b_conv300,1117,19945197000.0,28857558246.0
llama3-8b_conv300,1118,19945197000.0,28870459190.0
llama3-8b_conv300,1119,19945197000.0,28883360134.0
llama3-8b_conv300,1120,19945197000.0,28896261078.0
llama3-8b_conv300,1121,19945197000.0,28909162022.0
llama3-8b_conv300,1122,19945197000.0,28922062966.0
llama3-8b_conv300,1123,19945197000.0,28934963910.0
llama3-8b_conv300,1124,20478941000.0,29017025674.0
llama3-8b_conv300,1125,20478941000.0,29030444314.0
llama3-8b_conv300,1126,20478941000.0,29043862954.0
llama3-8b_conv300,1127,20478941000.0,29057281594.0
llama3-8b_conv300,1128,20478941000.0,29070700234.0
llama3-8b_conv300,1129,20478941000.0,29084118874.0
llama3-8b_conv300,1130,20478941000.0,29097537514.0
llama3-8b_conv300,1131,20478941000.0,29110956154.0
llama3-8b_conv300,1132,20478941000.0,29124374794.0
llama3-8b_conv300,1133,20478941000.0,29137793434.0
llama3-8b_conv300,1134,20478941000.0,29151212074.0
llama3-8b_conv300,1135,20478941000.0,29164630714.0
llama3-8b_conv300,1136,20478941000.0,29178049354.0
llama3-8b_conv300,1137,20478941000.0,29191467994.0
llama3-8b_conv300,1138,20478941000.0,29204886634.0
llama3-8b_conv300,1139,20658353000.0,29291805266.0
llama3-8b_conv300,1140,20658353000.0,29305741602.0
llama3-8b_conv300,1141,20658353000.0,29319677938.0
llama3-8b_conv300,1142,20658353000.0,29333614274.0
llama3-8b_conv300,1143,20658353000.0,29347550610.0
llama3-8b_conv300,1144,20658353000.0,29361486946.0
llama3-8b_conv300,1145,20658353000.0,29375423282.0
llama3-8b_conv300,1146,20658353000.0,29389359618.0
llama3-8b_conv300,1147,20658353000.0,29403295954.0
llama3-8b_conv300,1148,20658353000.0,29417232290.0
llama3-8b_conv300,1149,20658353000.0,29431168626.0
llama3-8b_conv300,1150,20658353000.0,29445104962.0
llama3-8b_conv300,1151,20658353000.0,29458249170.0
llama3-8b_conv300,1152,20658353000.0,29471393378.0
llama3-8b_conv300,1153,20658353000.0,29483994290.0
llama3-8b_conv300,1154,20658353000.0,29496595202.0
llama3-8b_conv300,1155,20658353000.0,29509196114.0
llama3-8b_conv300,1156,20658353000.0,29521797026.0
llama3-8b_conv300,1157,20658353000.0,29534397938.0
llama3-8b_conv300,1158,20658353000.0,29546998850.0
llama3-8b_conv300,1159,20658353000.0,29559599762.0
llama3-8b_conv300,1160,20658353000.0,29572200674.0
llama3-8b_conv300,1161,20658353000.0,29584801586.0
llama3-8b_conv300,1162,20658353000.0,29597402498.0
llama3-8b_conv300,1163,20941916000.0,29612478162.0
llama3-8b_conv300,1164,20941916000.0,29625594722.0
llama3-8b_conv300,1165,20941916000.0,29638711282.0
llama3-8b_conv300,1166,20941916000.0,29651827842.0
llama3-8b_conv300,1167,20941916000.0,29664944402.0
llama3-8b_conv300,1168,20941916000.0,29678060962.0
llama3-8b_conv300,1169,20941916000.0,29691177522.0
llama3-8b_conv300,1170,20941916000.0,29704294082.0
llama3-8b_conv300,1171,20941916000.0,29717410642.0
llama3-8b_conv300,1172,20941916000.0,29730527202.0
llama3-8b_conv300,1173,20941916000.0,29743643762.0
llama3-8b_conv300,1174,20941916000.0,29756760322.0
llama3-8b_conv300,1175,20941916000.0,29769876882.0
llama3-8b_conv300,1176,20941916000.0,29782993442.0
llama3-8b_conv300,1177,20941916000.0,29796110002.0
llama3-8b_conv300,1178,20941916000.0,29809226562.0
llama3-8b_conv300,1179,20941916000.0,29822343122.0
llama3-8b_conv300,1180,20941916000.0,29835459682.0
llama3-8b_conv300,1181,20941916000.0,29848576242.0
llama3-8b_conv300,1182,20941916000.0,29860760386.0
llama3-8b_conv300,1183,20941916000.0,29872944530.0
llama3-8b_conv300,1184,20941916000.0,29885128674.0
llama3-8b_conv300,1185,20941916000.0,29897312818.0
llama3-8b_conv300,1186,20941916000.0,29909496962.0
llama3-8b_conv300,1187,20941916000.0,29921681106.0
llama3-8b_conv300,1188,20941916000.0,29933865250.0
llama3-8b_conv300,1189,20941916000.0,29946049394.0
llama3-8b_conv300,1190,20941916000.0,29958233538.0
llama3-8b_conv300,1191,20941916000.0,29970417682.0
llama3-8b_conv300,1192,20941916000.0,29982601826.0
llama3-8b_conv300,1193,20941916000.0,29994785970.0
llama3-8b_conv300,1194,20941916000.0,30006970114.0
llama3-8b_conv300,1195,20941916000.0,30019154258.0
llama3-8b_conv300,1196,20941916000.0,30031338402.0
llama3-8b_conv300,1197,20941916000.0,30043522546.0
llama3-8b_conv300,1198,20941916000.0,30055706690.0
llama3-8b_conv300,1199,20941916000.0,30067916434.0
llama3-8b_conv300,1200,20941916000.0,30080126178.0
llama3-8b_conv300,1201,20941916000.0,30092335922.0
llama3-8b_conv300,1202,21370065000.0,30183233847.0
llama3-8b_conv300,1203,21375087000.0,30361530551.0
llama3-8b_conv300,1204,21375087000.0,30374828935.0
llama3-8b_conv300,1205,21375087000.0,30388127319.0
llama3-8b_conv300,1206,21375087000.0,30401425703.0
llama3-8b_conv300,1207,21375087000.0,30414724087.0
llama3-8b_conv300,1208,21375087000.0,30428022471.0
llama3-8b_conv300,1209,21375087000.0,30441320855.0
llama3-8b_conv300,1210,21375087000.0,30454619239.0
llama3-8b_conv300,1211,21375087000.0,30467917623.0
llama3-8b_conv300,1212,21375087000.0,30481216007.0
llama3-8b_conv300,1213,21375087000.0,30494514391.0
llama3-8b_conv300,1214,21375087000.0,30507812775.0
llama3-8b_conv300,1215,21375087000.0,30521111159.0
llama3-8b_conv300,1216,21375087000.0,30534409543.0
llama3-8b_conv300,1217,21375087000.0,30547707927.0
llama3-8b_conv300,1218,21375087000.0,30561006311.0
llama3-8b_conv300,1219,21375087000.0,30574304695.0
llama3-8b_conv300,1220,21375087000.0,30587603079.0
llama3-8b_conv300,1221,21375087000.0,30600901463.0
llama3-8b_conv300,1222,21375087000.0,30614199847.0
llama3-8b_conv300,1223,21375087000.0,30627498231.0
llama3-8b_conv300,1224,21375087000.0,30640796615.0
llama3-8b_conv300,1225,21375087000.0,30654094999.0
llama3-8b_conv300,1226,21375087000.0,30667393383.0
llama3-8b_conv300,1227,21375087000.0,30680691767.0
llama3-8b_conv300,1228,21375087000.0,30693990151.0
llama3-8b_conv300,1229,21375087000.0,30707288535.0
llama3-8b_conv300,1230,21375087000.0,30720586919.0
llama3-8b_conv300,1231,21375087000.0,30733885303.0
llama3-8b_conv300,1232,21375087000.0,30747183687.0
llama3-8b_conv300,1233,21375087000.0,30760482071.0
llama3-8b_conv300,1234,21375087000.0,30773780455.0
llama3-8b_conv300,1235,21375087000.0,30787078839.0
llama3-8b_conv300,1236,21375087000.0,30800377223.0
llama3-8b_conv300,1237,21375087000.0,30813675607.0
llama3-8b_conv300,1238,21375087000.0,30826973991.0
llama3-8b_conv300,1239,21375087000.0,30840272375.0
llama3-8b_conv300,1240,21375087000.0,30853570759.0
llama3-8b_conv300,1241,21375087000.0,30866869143.0
llama3-8b_conv300,1242,21375087000.0,30880167527.0
llama3-8b_conv300,1243,21375087000.0,30893465911.0
llama3-8b_conv300,1244,21375087000.0,30906764295.0
llama3-8b_conv300,1245,21375087000.0,30920062679.0
llama3-8b_conv300,1246,21375087000.0,30933361063.0
llama3-8b_conv300,1247,21375087000.0,30946116151.0
llama3-8b_conv300,1248,21375087000.0,30958871239.0
llama3-8b_conv300,1249,21375087000.0,30971626327.0
llama3-8b_conv300,1250,21375087000.0,30984381415.0
llama3-8b_conv300,1251,21375087000.0,30997136503.0
llama3-8b_conv300,1252,21375087000.0,31009891591.0
llama3-8b_conv300,1253,21375087000.0,31022646679.0
llama3-8b_conv300,1254,21375087000.0,31035401767.0
llama3-8b_conv300,1255,21375087000.0,31048182455.0
llama3-8b_conv300,1256,21375087000.0,31060963143.0
llama3-8b_conv300,1257,21375087000.0,31073743831.0
llama3-8b_conv300,1258,21375087000.0,31086524519.0
llama3-8b_conv300,1259,21375087000.0,31099305207.0
llama3-8b_conv300,1260,21375087000.0,31112085895.0
llama3-8b_conv300,1261,21375087000.0,31124866583.0
llama3-8b_conv300,1262,21375087000.0,31137647271.0
llama3-8b_conv300,1263,21375087000.0,31150427959.0
llama3-8b_conv300,1264,21375087000.0,31163210695.0
llama3-8b_conv300,1265,21375087000.0,31175993431.0
llama3-8b_conv300,1266,21375087000.0,31188776167.0
llama3-8b_conv300,1267,21375087000.0,31201558903.0
llama3-8b_conv300,1268,21375087000.0,31214341639.0
llama3-8b_conv300,1269,21375087000.0,31227124375.0
llama3-8b_conv300,1270,21375087000.0,31239907111.0
llama3-8b_conv300,1271,21375087000.0,31252689847.0
llama3-8b_conv300,1272,21375087000.0,31265472583.0
llama3-8b_conv300,1273,21375087000.0,31278255319.0
llama3-8b_conv300,1274,21375087000.0,31291038055.0
llama3-8b_conv300,1275,21375087000.0,31303820791.0
llama3-8b_conv300,1276,21375087000.0,31316603527.0
llama3-8b_conv300,1277,21375087000.0,31329386263.0
llama3-8b_conv300,1278,21375087000.0,31342168999.0
llama3-8b_conv300,1279,21375087000.0,31354951735.0
llama3-8b_conv300,1280,21375087000.0,31367734471.0
llama3-8b_conv300,1281,21375087000.0,31380517207.0
llama3-8b_conv300,1282,21375087000.0,31393299943.0
llama3-8b_conv300,1283,21375087000.0,31406082679.0
llama3-8b_conv300,1284,21370065000.0,31418320071.0
llama3-8b_conv300,1285,21370065000.0,31430557463.0
llama3-8b_conv300,1286,21370065000.0,31442794855.0
llama3-8b_conv300,1287,21370065000.0,31455032247.0
llama3-8b_conv300,1288,21370065000.0,31467269639.0
llama3-8b_conv300,1289,21370065000.0,31479507031.0
llama3-8b_conv300,1290,21370065000.0,31491744423.0
llama3-8b_conv300,1291,21370065000.0,31503981815.0
llama3-8b_conv300,1292,21370065000.0,31516219207.0
llama3-8b_conv300,1293,21370065000.0,31528456599.0
llama3-8b_conv300,1294,21370065000.0,31540693991.0
llama3-8b_conv300,1295,21370065000.0,31552931383.0
llama3-8b_conv300,1296,21370065000.0,31565168775.0
llama3-8b_conv300,1297,21370065000.0,31577406167.0
llama3-8b_conv300,1298,21370065000.0,31589643559.0
llama3-8b_conv300,1299,21370065000.0,31601880951.0
llama3-8b_conv300,1300,21370065000.0,31614118343.0
llama3-8b_conv300,1301,21370065000.0,31626355735.0
llama3-8b_conv300,1302,21370065000.0,31638593127.0
llama3-8b_conv300,1303,21370065000.0,31650830519.0
llama3-8b_conv300,1304,21370065000.0,31663067911.0
llama3-8b_conv300,1305,21370065000.0,31675305303.0
llama3-8b_conv300,1306,21370065000.0,31687542695.0
llama3-8b_conv300,1307,21370065000.0,31699780087.0
llama3-8b_conv300,1308,21370065000.0,31712017479.0
llama3-8b_conv300,1309,21370065000.0,31724254871.0
llama3-8b_conv300,1310,21370065000.0,31736492263.0
llama3-8b_conv300,1311,21370065000.0,31748729655.0
llama3-8b_conv300,1312,21370065000.0,31760967047.0
llama3-8b_conv300,1313,21370065000.0,31773204439.0
llama3-8b_conv300,1314,21370065000.0,31785441831.0
llama3-8b_conv300,1315,21370065000.0,31797679223.0
llama3-8b_conv300,1316,21370065000.0,31809916615.0
llama3-8b_conv300,1317,21370065000.0,31822154007.0
llama3-8b_conv300,1318,21370065000.0,31834391399.0
llama3-8b_conv300,1319,21370065000.0,31846628791.0
llama3-8b_conv300,1320,21370065000.0,31858866183.0
llama3-8b_conv300,1321,21370065000.0,31871103575.0
llama3-8b_conv300,1322,21370065000.0,31883340967.0
llama3-8b_conv300,1323,21370065000.0,31895578359.0
llama3-8b_conv300,1324,22712872000.0,31952769222.0
llama3-8b_conv300,1325,22712872000.0,31965522262.0
llama3-8b_conv300,1326,22712872000.0,31978277350.0
llama3-8b_conv300,1327,22712872000.0,31991032438.0
llama3-8b_conv300,1328,22712872000.0,32003787526.0
llama3-8b_conv300,1329,22712872000.0,32016542614.0
llama3-8b_conv300,1330,22712872000.0,32029297702.0
llama3-8b_conv300,1331,22712872000.0,32042052790.0
llama3-8b_conv300,1332,22712872000.0,32054809926.0
llama3-8b_conv300,1333,22712872000.0,32067567062.0
llama3-8b_conv300,1334,22712872000.0,32080324198.0
llama3-8b_conv300,1335,22712872000.0,32093081334.0
llama3-8b_conv300,1336,22712872000.0,32105838470.0
llama3-8b_conv300,1337,22712872000.0,32118595606.0
llama3-8b_conv300,1338,22712872000.0,32131352742.0
llama3-8b_conv300,1339,22712872000.0,32144109878.0
llama3-8b_conv300,1340,22712872000.0,32156867014.0
llama3-8b_conv300,1341,22712872000.0,32169624150.0
llama3-8b_conv300,1342,22712872000.0,32182381286.0
llama3-8b_conv300,1343,22712872000.0,32195138422.0
llama3-8b_conv300,1344,22712872000.0,32207895558.0
llama3-8b_conv300,1345,22712872000.0,32220652694.0
llama3-8b_conv300,1346,22712872000.0,32232892134.0
llama3-8b_conv300,1347,22712872000.0,32245131574.0
llama3-8b_conv300,1348,22712872000.0,32257371014.0
llama3-8b_conv300,1349,22994856000.0,32351011487.0
llama3-8b_conv300,1350,22994856000.0,32363768623.0
llama3-8b_conv300,1351,22994856000.0,32376525759.0
llama3-8b_conv300,1352,22994856000.0,32389282895.0
llama3-8b_conv300,1353,22994856000.0,32402040031.0
llama3-8b_conv300,1354,22994856000.0,32414797167.0
llama3-8b_conv300,1355,22994856000.0,32427554303.0
llama3-8b_conv300,1356,22994856000.0,32439766095.0
llama3-8b_conv300,1357,22994856000.0,32451977887.0
llama3-8b_conv300,1358,22994856000.0,32464189679.0
llama3-8b_conv300,1359,22994856000.0,32476401471.0
llama3-8b_conv300,1360,22994856000.0,32488613263.0
llama3-8b_conv300,1361,22994856000.0,32500825055.0
llama3-8b_conv300,1362,22994856000.0,32513036847.0
llama3-8b_conv300,1363,22994856000.0,32525248639.0
llama3-8b_conv300,1364,22994856000.0,32537460431.0
llama3-8b_conv300,1365,22994856000.0,32549672223.0
llama3-8b_conv300,1366,22994856000.0,32561884015.0
llama3-8b_conv300,1367,22994856000.0,32574095807.0
llama3-8b_conv300,1368,22994856000.0,32586307599.0
llama3-8b_conv300,1369,22994856000.0,32598519391.0
llama3-8b_conv300,1370,22994856000.0,32610731183.0
llama3-8b_conv300,1371,22994856000.0,32622942975.0
llama3-8b_conv300,1372,22994856000.0,32635154767.0
llama3-8b_conv300,1373,22994856000.0,32647366559.0
llama3-8b_conv300,1374,22994856000.0,32659578351.0
llama3-8b_conv300,1375,22994856000.0,32671790143.0
llama3-8b_conv300,1376,22994856000.0,32684001935.0
llama3-8b_conv300,1377,22994856000.0,32696213727.0
llama3-8b_conv300,1378,22994856000.0,32708425519.0
llama3-8b_conv300,1379,22994856000.0,32720637311.0
llama3-8b_conv300,1380,22994856000.0,32732849103.0
llama3-8b_conv300,1381,22994856000.0,32745060895.0
llama3-8b_conv300,1382,22994856000.0,32757272687.0
llama3-8b_conv300,1383,23371403000.0,32850887560.0
llama3-8b_conv300,1384,23371403000.0,32863619096.0
llama3-8b_conv300,1385,23371403000.0,32876350632.0
llama3-8b_conv300,1386,23371403000.0,32889082168.0
llama3-8b_conv300,1387,23371403000.0,32901813704.0
llama3-8b_conv300,1388,23371403000.0,32914545240.0
llama3-8b_conv300,1389,23371403000.0,32927276776.0
llama3-8b_conv300,1390,23371403000.0,32940008312.0
llama3-8b_conv300,1391,23371403000.0,32952739848.0
llama3-8b_conv300,1392,23371403000.0,32965471384.0
llama3-8b_conv300,1393,23371403000.0,32978202920.0
llama3-8b_conv300,1394,23371403000.0,32990934456.0
llama3-8b_conv300,1395,23371403000.0,33003665992.0
llama3-8b_conv300,1396,23371403000.0,33016423128.0
llama3-8b_conv300,1397,23371403000.0,33029180264.0
llama3-8b_conv300,1398,23371403000.0,33041937400.0
llama3-8b_conv300,1399,23371403000.0,33054694536.0
llama3-8b_conv300,1400,23371403000.0,33067451672.0
llama3-8b_conv300,1401,23371403000.0,33080208808.0
llama3-8b_conv300,1402,23371403000.0,33092965944.0
llama3-8b_conv300,1403,23371403000.0,33105723080.0
llama3-8b_conv300,1404,23371403000.0,33118480216.0
llama3-8b_conv300,1405,23371403000.0,33131237352.0
llama3-8b_conv300,1406,23371403000.0,33143994488.0
llama3-8b_conv300,1407,23371403000.0,33156751624.0
llama3-8b_conv300,1408,23371403000.0,33169508760.0
llama3-8b_conv300,1409,23371403000.0,33182265896.0
llama3-8b_conv300,1410,23371403000.0,33195023032.0
llama3-8b_conv300,1411,23371403000.0,33207780168.0
llama3-8b_conv300,1412,23371403000.0,33220537304.0
llama3-8b_conv300,1413,23371403000.0,33233294440.0
llama3-8b_conv300,1414,23371403000.0,33246051576.0
llama3-8b_conv300,1415,23371403000.0,33258808712.0
llama3-8b_conv300,1416,23371403000.0,33271565848.0
llama3-8b_conv300,1417,23371403000.0,33284322984.0
llama3-8b_conv300,1418,23371403000.0,33297080120.0
llama3-8b_conv300,1419,23371403000.0,33309291912.0
llama3-8b_conv300,1420,23371403000.0,33321503704.0
llama3-8b_conv300,1421,23371403000.0,33333715496.0
llama3-8b_conv300,1422,23371403000.0,33345927288.0
llama3-8b_conv300,1423,23371403000.0,33358139080.0
llama3-8b_conv300,1424,23371403000.0,33370350872.0
llama3-8b_conv300,1425,23371403000.0,33382562664.0
llama3-8b_conv300,1426,23371403000.0,33394774456.0
llama3-8b_conv300,1427,23371403000.0,33406986248.0
llama3-8b_conv300,1428,23371403000.0,33419198040.0
llama3-8b_conv300,1429,23371403000.0,33431409832.0
llama3-8b_conv300,1430,23371403000.0,33443647224.0
llama3-8b_conv300,1431,23371403000.0,33455884616.0
llama3-8b_conv300,1432,23371403000.0,33468122008.0
llama3-8b_conv300,1433,23371403000.0,33480359400.0
llama3-8b_conv300,1434,23371403000.0,33492596792.0
llama3-8b_conv300,1435,23371403000.0,33504834184.0
llama3-8b_conv300,1436,23371403000.0,33517071576.0
llama3-8b_conv300,1437,23371403000.0,33529308968.0
llama3-8b_conv300,1438,23371403000.0,33541546360.0
llama3-8b_conv300,1439,23371403000.0,33553783752.0
llama3-8b_conv300,1440,23371403000.0,33566021144.0
llama3-8b_conv300,1441,23371403000.0,33578258536.0
llama3-8b_conv300,1442,23371403000.0,33590495928.0
llama3-8b_conv300,1443,23371403000.0,33602733320.0
llama3-8b_conv300,1444,23371403000.0,33614970712.0
llama3-8b_conv300,1445,23371403000.0,33627208104.0
llama3-8b_conv300,1446,23371403000.0,33639445496.0
llama3-8b_conv300,1447,23371403000.0,33651682888.0
llama3-8b_conv300,1448,23371403000.0,33663920280.0
llama3-8b_conv300,1449,23371403000.0,33676157672.0
llama3-8b_conv300,1450,23371403000.0,33688395064.0
llama3-8b_conv300,1451,23371403000.0,33700632456.0
llama3-8b_conv300,1452,23371403000.0,33712869848.0
llama3-8b_conv300,1453,23371403000.0,33725107240.0
llama3-8b_conv300,1454,24146296000.0,33739848024.0
llama3-8b_conv300,1455,24146296000.0,33752626664.0
llama3-8b_conv300,1456,24146296000.0,33765405304.0
llama3-8b_conv300,1457,24146296000.0,33778183944.0
llama3-8b_conv300,1458,24146296000.0,33790962584.0
llama3-8b_conv300,1459,24146296000.0,33803741224.0
llama3-8b_conv300,1460,24146296000.0,33816519864.0
llama3-8b_conv300,1461,24146296000.0,33829298504.0
llama3-8b_conv300,1462,24146296000.0,33842077144.0
llama3-8b_conv300,1463,24146296000.0,33854855784.0
llama3-8b_conv300,1464,24146296000.0,33867634424.0
llama3-8b_conv300,1465,24146296000.0,33880413064.0
llama3-8b_conv300,1466,24146296000.0,33893191704.0
llama3-8b_conv300,1467,24146296000.0,33905970344.0
llama3-8b_conv300,1468,24146296000.0,33918748984.0
llama3-8b_conv300,1469,24146296000.0,33931527624.0
llama3-8b_conv300,1470,24146296000.0,33944306264.0
llama3-8b_conv300,1471,24146296000.0,33957084904.0
llama3-8b_conv300,1472,24146296000.0,33969863544.0
llama3-8b_conv300,1473,24146296000.0,33982642184.0
llama3-8b_conv300,1474,24146296000.0,33995420824.0
llama3-8b_conv300,1475,24146296000.0,34008199464.0
llama3-8b_conv300,1476,24146296000.0,34020978104.0
llama3-8b_conv300,1477,24146296000.0,34033756744.0
llama3-8b_conv300,1478,24146296000.0,34046535384.0
llama3-8b_conv300,1479,24146296000.0,34059314024.0
llama3-8b_conv300,1480,24146296000.0,34072092664.0
llama3-8b_conv300,1481,24146296000.0,34084871304.0
llama3-8b_conv300,1482,24146296000.0,34097649944.0
llama3-8b_conv300,1483,24146296000.0,34110428584.0
llama3-8b_conv300,1484,24146296000.0,34123207224.0
llama3-8b_conv300,1485,24146296000.0,34135985864.0
llama3-8b_conv300,1486,24146296000.0,34148764504.0
llama3-8b_conv300,1487,24146296000.0,34161543144.0
llama3-8b_conv300,1488,24146296000.0,34174321784.0
llama3-8b_conv300,1489,24146296000.0,34187100424.0
llama3-8b_conv300,1490,24146296000.0,34199879064.0
llama3-8b_conv300,1491,24146296000.0,34212657704.0
llama3-8b_conv300,1492,24146296000.0,34225436344.0
llama3-8b_conv300,1493,24146296000.0,34238214984.0
llama3-8b_conv300,1494,24146296000.0,34250993624.0
llama3-8b_conv300,1495,24146296000.0,34263772264.0
llama3-8b_conv300,1496,24146296000.0,34276007608.0
llama3-8b_conv300,1497,24146296000.0,34288242952.0
llama3-8b_conv300,1498,24146296000.0,34300478296.0
llama3-8b_conv300,1499,24146296000.0,34312713640.0
llama3-8b_conv300,1500,24146296000.0,34324948984.0
llama3-8b_conv300,1501,24146296000.0,34337184328.0
llama3-8b_conv300,1502,24146296000.0,34349419672.0
llama3-8b_conv300,1503,24146296000.0,34361655016.0
llama3-8b_conv300,1504,24146296000.0,34373890360.0
llama3-8b_conv300,1505,24146296000.0,34386125704.0
llama3-8b_conv300,1506,24146296000.0,34398361048.0
llama3-8b_conv300,1507,24146296000.0,34410596392.0
llama3-8b_conv300,1508,24146296000.0,34422831736.0
llama3-8b_conv300,1509,24146296000.0,34435067080.0
llama3-8b_conv300,1510,24146296000.0,34447302424.0
llama3-8b_conv300,1511,24146296000.0,34459537768.0
llama3-8b_conv300,1512,24768385000.0,34654544947.0
llama3-8b_conv300,1513,24768385000.0,34667325635.0
llama3-8b_conv300,1514,24768385000.0,34680106323.0
llama3-8b_conv300,1515,24768385000.0,34692887011.0
llama3-8b_conv300,1516,24768385000.0,34705667699.0
llama3-8b_conv300,1517,24768385000.0,34718448387.0
llama3-8b_conv300,1518,24768385000.0,34731229075.0
llama3-8b_conv300,1519,24768385000.0,34744009763.0
llama3-8b_conv300,1520,24768385000.0,34756790451.0
llama3-8b_conv300,1521,24894961000.0,34838734114.0
llama3-8b_conv300,1522,24894961000.0,34852032498.0
llama3-8b_conv300,1523,24894961000.0,34865330882.0
llama3-8b_conv300,1524,24894961000.0,34878631314.0
llama3-8b_conv300,1525,24894961000.0,34891931746.0
llama3-8b_conv300,1526,24894961000.0,34905232178.0
llama3-8b_conv300,1527,24894961000.0,34918532610.0
llama3-8b_conv300,1528,24894961000.0,34931833042.0
llama3-8b_conv300,1529,24894961000.0,34945133474.0
llama3-8b_conv300,1530,24894961000.0,34957888562.0
llama3-8b_conv300,1531,24894961000.0,34970643650.0
llama3-8b_conv300,1532,24894961000.0,34983398738.0
llama3-8b_conv300,1533,24894961000.0,34996153826.0
llama3-8b_conv300,1534,24894961000.0,35008908914.0
llama3-8b_conv300,1535,24894961000.0,35021664002.0
llama3-8b_conv300,1536,24894961000.0,35034419090.0
llama3-8b_conv300,1537,24894961000.0,35047174178.0
llama3-8b_conv300,1538,25081422000.0,35138619539.0
llama3-8b_conv300,1539,25081422000.0,35151892323.0
llama3-8b_conv300,1540,25081422000.0,35165165107.0
llama3-8b_conv300,1541,25081422000.0,35178437891.0
llama3-8b_conv300,1542,25081422000.0,35191710675.0
llama3-8b_conv300,1543,25081422000.0,35204983459.0
llama3-8b_conv300,1544,25081422000.0,35218256243.0
llama3-8b_conv300,1545,25081422000.0,35231529027.0
llama3-8b_conv300,1546,25081422000.0,35244801811.0
llama3-8b_conv300,1547,25081422000.0,35258074595.0
llama3-8b_conv300,1548,25081422000.0,35271347379.0
llama3-8b_conv300,1549,25081422000.0,35284620163.0
llama3-8b_conv300,1550,25223379000.0,35375287831.0
llama3-8b_conv300,1551,25223379000.0,35389078361.0
llama3-8b_conv300,1552,25249840000.0,35616492210.0
llama3-8b_conv300,1553,25249840000.0,35848428043.0
llama3-8b_conv300,1554,25249840000.0,36084793700.0
llama3-8b_conv300,1555,25249840000.0,36325869757.0
llama3-8b_conv300,1556,25249840000.0,36571185174.0
llama3-8b_conv300,1557,25249840000.0,36821116783.0
llama3-8b_conv300,1558,25249840000.0,37075760840.0
llama3-8b_conv300,1559,25324254000.0,37334470623.0
llama3-8b_conv300,1560,25324254000.0,37374568999.0
llama3-8b_conv300,1561,25324254000.0,37389811872.0
llama3-8b_conv300,1562,25324254000.0,37405054745.0
llama3-8b_conv300,1563,25324254000.0,37420297618.0
llama3-8b_conv300,1564,25324254000.0,37434995056.0
llama3-8b_conv300,1565,25324254000.0,37449692494.0
llama3-8b_conv300,1566,25324254000.0,37464389932.0
llama3-8b_conv300,1567,25324254000.0,37479087370.0
llama3-8b_conv300,1568,25324254000.0,37493784808.0
llama3-8b_conv300,1569,25324254000.0,37508482246.0
llama3-8b_conv300,1570,25324254000.0,37523179684.0
llama3-8b_conv300,1571,25324254000.0,37537877122.0
llama3-8b_conv300,1572,25324254000.0,37552574560.0
llama3-8b_conv300,1573,25324254000.0,37567271998.0
llama3-8b_conv300,1574,25324254000.0,37581969436.0
llama3-8b_conv300,1575,25324254000.0,37596666874.0
llama3-8b_conv300,1576,25249840000.0,37610848572.0
llama3-8b_conv300,1577,25249840000.0,37625030270.0
llama3-8b_conv300,1578,25249840000.0,37639211968.0
llama3-8b_conv300,1579,25249840000.0,37653393666.0
llama3-8b_conv300,1580,25249840000.0,37667575364.0
llama3-8b_conv300,1581,25249840000.0,37681757062.0
llama3-8b_conv300,1582,25249840000.0,37695938760.0
llama3-8b_conv300,1583,25249840000.0,37710120458.0
llama3-8b_conv300,1584,25249840000.0,37724302156.0
llama3-8b_conv300,1585,25249840000.0,37738483854.0
llama3-8b_conv300,1586,25917107000.0,37966288871.0
llama3-8b_conv300,1587,25917107000.0,38198641472.0
llama3-8b_conv300,1588,25917107000.0,38236960926.0
llama3-8b_conv300,1589,25917107000.0,38251794556.0
llama3-8b_conv300,1590,25917107000.0,38266628186.0
llama3-8b_conv300,1591,25917107000.0,38281487416.0
llama3-8b_conv300,1592,25917107000.0,38296346646.0
llama3-8b_conv300,1593,25917107000.0,38311205876.0
llama3-8b_conv300,1594,25917107000.0,38326065106.0
llama3-8b_conv300,1595,25917107000.0,38340924336.0
llama3-8b_conv300,1596,25917107000.0,38355809166.0
llama3-8b_conv300,1597,25917107000.0,38370693996.0
llama3-8b_conv300,1598,25917107000.0,38385578826.0
llama3-8b_conv300,1599,25917107000.0,38400463656.0
llama3-8b_conv300,1600,25917107000.0,38414777450.0
llama3-8b_conv300,1601,25917107000.0,38429091244.0
llama3-8b_conv300,1602,25917107000.0,38443405038.0
llama3-8b_conv300,1603,25917107000.0,38457718832.0
llama3-8b_conv300,1604,25917107000.0,38472032626.0
llama3-8b_conv300,1605,25917107000.0,38486346420.0
llama3-8b_conv300,1606,25917107000.0,38500685814.0
llama3-8b_conv300,1607,25917107000.0,38515025208.0
llama3-8b_conv300,1608,25917107000.0,38529364602.0
llama3-8b_conv300,1609,25917107000.0,38543703996.0
llama3-8b_conv300,1610,26254478000.0,38715754517.0
llama3-8b_conv300,1611,26254478000.0,38730637299.0
llama3-8b_conv300,1612,26254478000.0,38745522129.0
llama3-8b_conv300,1613,26254478000.0,38760406959.0
llama3-8b_conv300,1614,26254478000.0,38775291789.0
llama3-8b_conv300,1615,26254478000.0,38790176619.0
llama3-8b_conv300,1616,26254478000.0,38805061449.0
llama3-8b_conv300,1617,26254478000.0,38819013771.0
llama3-8b_conv300,1618,26254478000.0,38832966093.0
llama3-8b_conv300,1619,26254478000.0,38846918415.0
llama3-8b_conv300,1620,26254478000.0,38860870737.0
llama3-8b_conv300,1621,26407057000.0,39046509201.0
llama3-8b_conv300,1622,26407057000.0,39061006959.0
llama3-8b_conv300,1623,26461144000.0,39150308765.0
llama3-8b_conv300,1624,26461144000.0,39165324310.0
llama3-8b_conv300,1625,26461144000.0,39179796468.0
llama3-8b_conv300,1626,26461144000.0,39194268626.0
llama3-8b_conv300,1627,26461144000.0,39208740784.0
llama3-8b_conv300,1628,26461144000.0,39223212942.0
llama3-8b_conv300,1629,26461144000.0,39237167312.0
llama3-8b_conv300,1630,26461144000.0,39251121682.0
llama3-8b_conv300,1631,26461144000.0,39265076052.0
llama3-8b_conv300,1632,26461144000.0,39279030422.0
llama3-8b_conv300,1633,26461144000.0,39292984792.0
llama3-8b_conv300,1634,26461144000.0,39306939162.0
llama3-8b_conv300,1635,26461144000.0,39320893532.0
llama3-8b_conv300,1636,26461144000.0,39334847902.0
llama3-8b_conv300,1637,26461144000.0,39348802272.0
llama3-8b_conv300,1638,26461144000.0,39362756642.0
llama3-8b_conv300,1639,26461144000.0,39376711012.0
llama3-8b_conv300,1640,26461144000.0,39390665382.0
llama3-8b_conv300,1641,26461144000.0,39404619752.0
llama3-8b_conv300,1642,26461144000.0,39418574122.0
llama3-8b_conv300,1643,26461144000.0,39432528492.0
llama3-8b_conv300,1644,26461144000.0,39446482862.0
llama3-8b_conv300,1645,26461144000.0,39460437232.0
llama3-8b_conv300,1646,26461144000.0,39474391602.0
llama3-8b_conv300,1647,26461144000.0,39488345972.0
llama3-8b_conv300,1648,26461144000.0,39502300342.0
llama3-8b_conv300,1649,26461144000.0,39516254712.0
llama3-8b_conv300,1650,26461144000.0,39530209082.0
llama3-8b_conv300,1651,26461144000.0,39544163452.0
llama3-8b_conv300,1652,26461144000.0,39558117822.0
llama3-8b_conv300,1653,26461144000.0,39572074240.0
llama3-8b_conv300,1654,26461144000.0,39586030658.0
llama3-8b_conv300,1655,26461144000.0,39599987076.0
llama3-8b_conv300,1656,26461144000.0,39613943494.0
llama3-8b_conv300,1657,26461144000.0,39627899912.0
llama3-8b_conv300,1658,26461144000.0,39641856330.0
llama3-8b_conv300,1659,26461144000.0,39655812748.0
llama3-8b_conv300,1660,26461144000.0,39669769166.0
llama3-8b_conv300,1661,26461144000.0,39683725584.0
llama3-8b_conv300,1662,26461144000.0,39697682002.0
llama3-8b_conv300,1663,26461144000.0,39711638420.0
llama3-8b_conv300,1664,26461144000.0,39725594838.0
llama3-8b_conv300,1665,26461144000.0,39739551256.0
llama3-8b_conv300,1666,26461144000.0,39753507674.0
llama3-8b_conv300,1667,26461144000.0,39767464092.0
llama3-8b_conv300,1668,26461144000.0,39781420510.0
llama3-8b_conv300,1669,26461144000.0,39795376928.0
llama3-8b_conv300,1670,26461144000.0,39809333346.0
llama3-8b_conv300,1671,26461144000.0,39823289764.0
llama3-8b_conv300,1672,26461144000.0,39837246182.0
llama3-8b_conv300,1673,26461144000.0,39851202600.0
llama3-8b_conv300,1674,26461144000.0,39864613624.0
llama3-8b_conv300,1675,26461144000.0,39878024648.0
llama3-8b_conv300,1676,26461144000.0,39890892376.0
llama3-8b_conv300,1677,26461144000.0,39903760104.0
llama3-8b_conv300,1678,26461144000.0,39916627832.0
llama3-8b_conv300,1679,26461144000.0,39929495560.0
llama3-8b_conv300,1680,26461144000.0,39942363288.0
llama3-8b_conv300,1681,26461144000.0,39955231016.0
llama3-8b_conv300,1682,26461144000.0,39968098744.0
llama3-8b_conv300,1683,26461144000.0,39980966472.0
llama3-8b_conv300,1684,26461144000.0,39993834200.0
llama3-8b_conv300,1685,26461144000.0,40006727528.0
llama3-8b_conv300,1686,26461144000.0,40019620856.0
llama3-8b_conv300,1687,26461144000.0,40032514184.0
llama3-8b_conv300,1688,26461144000.0,40045407512.0
llama3-8b_conv300,1689,26461144000.0,40058300840.0
llama3-8b_conv300,1690,26461144000.0,40071194168.0
llama3-8b_conv300,1691,26461144000.0,40084087496.0
llama3-8b_conv300,1692,26461144000.0,40096980824.0
llama3-8b_conv300,1693,26461144000.0,40109874152.0
llama3-8b_conv300,1694,26461144000.0,40122767480.0
llama3-8b_conv300,1695,26461144000.0,40135660808.0
llama3-8b_conv300,1696,26461144000.0,40148554136.0
llama3-8b_conv300,1697,26461144000.0,40161447464.0
llama3-8b_conv300,1698,26461144000.0,40174340792.0
llama3-8b_conv300,1699,26461144000.0,40187234120.0
llama3-8b_conv300,1700,26461144000.0,40200127448.0
llama3-8b_conv300,1701,27330266000.0,40291711049.0
llama3-8b_conv300,1702,27330266000.0,40305122073.0
llama3-8b_conv300,1703,27330266000.0,40318533097.0
llama3-8b_conv300,1704,27330266000.0,40331944121.0
llama3-8b_conv300,1705,27330266000.0,40345355145.0
llama3-8b_conv300,1706,27330266000.0,40358766169.0
llama3-8b_conv300,1707,27330266000.0,40372177193.0
llama3-8b_conv300,1708,27330266000.0,40385588217.0
llama3-8b_conv300,1709,27330266000.0,40398999241.0
llama3-8b_conv300,1710,27330266000.0,40412410265.0
llama3-8b_conv300,1711,27330266000.0,40425821289.0
llama3-8b_conv300,1712,27330266000.0,40439232313.0
llama3-8b_conv300,1713,27330266000.0,40452643337.0
llama3-8b_conv300,1714,27330266000.0,40466054361.0
llama3-8b_conv300,1715,27330266000.0,40479465385.0
llama3-8b_conv300,1716,27330266000.0,40492876409.0
llama3-8b_conv300,1717,27330266000.0,40506287433.0
llama3-8b_conv300,1718,27330266000.0,40519698457.0
llama3-8b_conv300,1719,27330266000.0,40533109481.0
llama3-8b_conv300,1720,27552529000.0,40623915389.0
llama3-8b_conv300,1721,27552529000.0,40637869759.0
llama3-8b_conv300,1722,27552529000.0,40651824129.0
llama3-8b_conv300,1723,27552529000.0,40665207505.0
llama3-8b_conv300,1724,27552529000.0,40678590881.0
llama3-8b_conv300,1725,27552529000.0,40691974257.0
llama3-8b_conv300,1726,27552529000.0,40705357633.0
llama3-8b_conv300,1727,27552529000.0,40718197713.0
llama3-8b_conv300,1728,27552529000.0,40731037793.0
llama3-8b_conv300,1729,27552529000.0,40743877873.0
llama3-8b_conv300,1730,27552529000.0,40756717953.0
llama3-8b_conv300,1731,27552529000.0,40769558033.0
llama3-8b_conv300,1732,27552529000.0,40782398113.0
llama3-8b_conv300,1733,27552529000.0,40795238193.0
llama3-8b_conv300,1734,27552529000.0,40808078273.0
llama3-8b_conv300,1735,27552529000.0,40820918353.0
llama3-8b_conv300,1736,27552529000.0,40833758433.0
llama3-8b_conv300,1737,27552529000.0,40846598513.0
llama3-8b_conv300,1738,27552529000.0,40859438593.0
llama3-8b_conv300,1739,27552529000.0,40872278673.0
llama3-8b_conv300,1740,27552529000.0,40885118753.0
llama3-8b_conv300,1741,27552529000.0,40897958833.0
llama3-8b_conv300,1742,27552529000.0,40910798913.0
llama3-8b_conv300,1743,27552529000.0,40923638993.0
llama3-8b_conv300,1744,27552529000.0,40936479073.0
llama3-8b_conv300,1745,27552529000.0,40949319153.0
llama3-8b_conv300,1746,27552529000.0,40962159233.0
llama3-8b_conv300,1747,27552529000.0,40974999313.0
llama3-8b_conv300,1748,27552529000.0,40987839393.0
llama3-8b_conv300,1749,27552529000.0,41000679473.0
llama3-8b_conv300,1750,27552529000.0,41013519553.0
llama3-8b_conv300,1751,27552529000.0,41026359633.0
llama3-8b_conv300,1752,27552529000.0,41039199713.0
llama3-8b_conv300,1753,27552529000.0,41052039793.0
llama3-8b_conv300,1754,27552529000.0,41064905473.0
llama3-8b_conv300,1755,27552529000.0,41077771153.0
llama3-8b_conv300,1756,27552529000.0,41090636833.0
llama3-8b_conv300,1757,27552529000.0,41103502513.0
llama3-8b_conv300,1758,27552529000.0,41116368193.0
llama3-8b_conv300,1759,27552529000.0,41129233873.0
llama3-8b_conv300,1760,27552529000.0,41142099553.0
llama3-8b_conv300,1761,27552529000.0,41154965233.0
llama3-8b_conv300,1762,27552529000.0,41167830913.0
llama3-8b_conv300,1763,27552529000.0,41180696593.0
llama3-8b_conv300,1764,27552529000.0,41193562273.0
llama3-8b_conv300,1765,27552529000.0,41206427953.0
llama3-8b_conv300,1766,27552529000.0,41219293633.0
llama3-8b_conv300,1767,27552529000.0,41232159313.0
llama3-8b_conv300,1768,28090234000.0,41263084033.0
llama3-8b_conv300,1769,28090234000.0,41276465361.0
llama3-8b_conv300,1770,28090234000.0,41289846689.0
llama3-8b_conv300,1771,28090234000.0,41303228017.0
llama3-8b_conv300,1772,28090234000.0,41316609345.0
llama3-8b_conv300,1773,28090234000.0,41329990673.0
llama3-8b_conv300,1774,28090234000.0,41343372001.0
llama3-8b_conv300,1775,28090234000.0,41356753329.0
llama3-8b_conv300,1776,28090234000.0,41370160257.0
llama3-8b_conv300,1777,28090234000.0,41383567185.0
llama3-8b_conv300,1778,28090234000.0,41396974113.0
llama3-8b_conv300,1779,28090234000.0,41410381041.0
llama3-8b_conv300,1780,28090234000.0,41423787969.0
llama3-8b_conv300,1781,28090234000.0,41437220497.0
llama3-8b_conv300,1782,28090234000.0,41450653025.0
llama3-8b_conv300,1783,28090234000.0,41464085553.0
llama3-8b_conv300,1784,28090234000.0,41477518081.0
llama3-8b_conv300,1785,28090234000.0,41490950609.0
llama3-8b_conv300,1786,28090234000.0,41504383137.0
llama3-8b_conv300,1787,28090234000.0,41517815665.0
llama3-8b_conv300,1788,28090234000.0,41531248193.0
llama3-8b_conv300,1789,28090234000.0,41544680721.0
llama3-8b_conv300,1790,28090234000.0,41558113249.0
llama3-8b_conv300,1791,28353357000.0,41764150382.0
llama3-8b_conv300,1792,28353357000.0,41778128304.0
llama3-8b_conv300,1793,28353357000.0,41792106226.0
llama3-8b_conv300,1794,28353357000.0,41806084148.0
llama3-8b_conv300,1795,28353357000.0,41820062070.0
llama3-8b_conv300,1796,28353357000.0,41834039992.0
llama3-8b_conv300,1797,28353357000.0,41848017914.0
llama3-8b_conv300,1798,28353357000.0,41861995836.0
llama3-8b_conv300,1799,28353357000.0,41875973758.0
llama3-8b_conv300,1800,28353357000.0,41889951680.0
llama3-8b_conv300,1801,28353357000.0,41903929602.0
llama3-8b_conv300,1802,28353357000.0,41917907524.0
llama3-8b_conv300,1803,28353357000.0,41931885446.0
llama3-8b_conv300,1804,28353357000.0,41945863368.0
llama3-8b_conv300,1805,28353357000.0,41959841290.0
llama3-8b_conv300,1806,28353357000.0,41973819212.0
llama3-8b_conv300,1807,28353357000.0,41987797134.0
llama3-8b_conv300,1808,28353357000.0,42001775056.0
llama3-8b_conv300,1809,28578535000.0,42229376297.0
llama3-8b_conv300,1810,28578535000.0,42461499522.0
llama3-8b_conv300,1811,28607772000.0,42693504313.0
llama3-8b_conv300,1812,28607772000.0,42923393488.0
llama3-8b_conv300,1813,28607772000.0,43018967724.0
llama3-8b_conv300,1814,28764379000.0,43190133304.0
llama3-8b_conv300,1815,28764379000.0,43205615957.0
llama3-8b_conv300,1816,28764379000.0,43221098610.0
llama3-8b_conv300,1817,28764379000.0,43236581263.0
llama3-8b_conv300,1818,28764379000.0,43252063916.0
llama3-8b_conv300,1819,28764379000.0,43267546569.0
llama3-8b_conv300,1820,28764379000.0,43283031270.0
llama3-8b_conv300,1821,28764379000.0,43298515971.0
llama3-8b_conv300,1822,28764379000.0,43314000672.0
llama3-8b_conv300,1823,28764379000.0,43329485373.0
llama3-8b_conv300,1824,28764379000.0,43344970074.0
llama3-8b_conv300,1825,28764379000.0,43360454775.0
llama3-8b_conv300,1826,28764379000.0,43375939476.0
llama3-8b_conv300,1827,28764379000.0,43391424177.0
llama3-8b_conv300,1828,28764379000.0,43406908878.0
llama3-8b_conv300,1829,28764379000.0,43422393579.0
llama3-8b_conv300,1830,28764379000.0,43437878280.0
llama3-8b_conv300,1831,28764379000.0,43453362981.0
llama3-8b_conv300,1832,28764379000.0,43468849730.0
llama3-8b_conv300,1833,28764379000.0,43484336479.0
llama3-8b_conv300,1834,28764379000.0,43499823228.0
llama3-8b_conv300,1835,28764379000.0,43515312025.0
llama3-8b_conv300,1836,28764379000.0,43530800822.0
llama3-8b_conv300,1837,28764379000.0,43546289619.0
llama3-8b_conv300,1838,28764379000.0,43561778416.0
llama3-8b_conv300,1839,28764379000.0,43577267213.0
llama3-8b_conv300,1840,28764379000.0,43592503942.0
llama3-8b_conv300,1841,28764379000.0,43607740671.0
llama3-8b_conv300,1842,28764379000.0,43622977400.0
llama3-8b_conv300,1843,28764379000.0,43638214129.0
llama3-8b_conv300,1844,28764379000.0,43653450858.0
llama3-8b_conv300,1845,28764379000.0,43668713187.0
llama3-8b_conv300,1846,28764379000.0,43683975516.0
llama3-8b_conv300,1847,28764379000.0,43699237845.0
llama3-8b_conv300,1848,28764379000.0,43714500174.0
llama3-8b_conv300,1849,28764379000.0,43729762503.0
llama3-8b_conv300,1850,28764379000.0,43745024832.0
llama3-8b_conv300,1851,28764379000.0,43760287161.0
llama3-8b_conv300,1852,28764379000.0,43775549490.0
llama3-8b_conv300,1853,28764379000.0,43790811819.0
llama3-8b_conv300,1854,28764379000.0,43806074148.0
llama3-8b_conv300,1855,28764379000.0,43821336477.0
llama3-8b_conv300,1856,28764379000.0,43836598806.0
llama3-8b_conv300,1857,28764379000.0,43851861135.0
llama3-8b_conv300,1858,28764379000.0,43867123464.0
llama3-8b_conv300,1859,28764379000.0,43882385793.0
llama3-8b_conv300,1860,28764379000.0,43897648122.0
llama3-8b_conv300,1861,28764379000.0,43912910451.0
llama3-8b_conv300,1862,29340288000.0,43957829472.0
llama3-8b_conv300,1863,29340288000.0,43973314173.0
llama3-8b_conv300,1864,29340288000.0,43988798874.0
llama3-8b_conv300,1865,29340288000.0,44004283575.0
llama3-8b_conv300,1866,29340288000.0,44019768276.0
llama3-8b_conv300,1867,29340288000.0,44035255025.0
llama3-8b_conv300,1868,29340288000.0,44050741774.0
llama3-8b_conv300,1869,29340288000.0,44066228523.0
llama3-8b_conv300,1870,29340288000.0,44081715272.0
llama3-8b_conv300,1871,29340288000.0,44097202021.0
llama3-8b_conv300,1872,29340288000.0,44112436702.0
llama3-8b_conv300,1873,29340288000.0,44127671383.0
llama3-8b_conv300,1874,29340288000.0,44142906064.0
llama3-8b_conv300,1875,29340288000.0,44158140745.0
llama3-8b_conv300,1876,29340288000.0,44173375426.0
llama3-8b_conv300,1877,29340288000.0,44188610107.0
llama3-8b_conv300,1878,28607772000.0,44203329049.0
llama3-8b_conv300,1879,28607772000.0,44218047991.0
llama3-8b_conv300,1880,28607772000.0,44232766933.0
llama3-8b_conv300,1881,28607772000.0,44247485875.0
llama3-8b_conv300,1882,28607772000.0,44262206865.0
llama3-8b_conv300,1883,28607772000.0,44276927855.0
llama3-8b_conv300,1884,28607772000.0,44291648845.0
llama3-8b_conv300,1885,28607772000.0,44306369835.0
llama3-8b_conv300,1886,28607772000.0,44321090825.0
llama3-8b_conv300,1887,28607772000.0,44335811815.0
llama3-8b_conv300,1888,28607772000.0,44350532805.0
llama3-8b_conv300,1889,28607772000.0,44365253795.0
llama3-8b_conv300,1890,28607772000.0,44379974785.0
llama3-8b_conv300,1891,29686078000.0,44607884568.0
llama3-8b_conv300,1892,29686078000.0,44840249263.0
llama3-8b_conv300,1893,29686078000.0,45077163078.0
llama3-8b_conv300,1894,29686078000.0,45318590685.0
llama3-8b_conv300,1895,29686078000.0,45564320116.0
llama3-8b_conv300,1896,29686078000.0,45814845963.0
llama3-8b_conv300,1897,29686078000.0,46069791394.0
llama3-8b_conv300,1898,29686078000.0,46329344825.0
llama3-8b_conv300,1899,29686078000.0,46345275826.0
llama3-8b_conv300,1900,29686078000.0,46360929323.0
llama3-8b_conv300,1901,29686078000.0,46376582820.0
llama3-8b_conv300,1902,29686078000.0,46392236317.0
llama3-8b_conv300,1903,29686078000.0,46407889814.0
llama3-8b_conv300,1904,29686078000.0,46423545359.0
llama3-8b_conv300,1905,29686078000.0,46439200904.0
llama3-8b_conv300,1906,29686078000.0,46454856449.0
llama3-8b_conv300,1907,29686078000.0,46470511994.0
llama3-8b_conv300,1908,29686078000.0,46486167539.0
llama3-8b_conv300,1909,29686078000.0,46501825132.0
llama3-8b_conv300,1910,30181499000.0,46680216377.0
llama3-8b_conv300,1911,30181499000.0,46696126038.0
llama3-8b_conv300,1912,30181499000.0,46712035699.0
llama3-8b_conv300,1913,30181499000.0,46727945360.0
llama3-8b_conv300,1914,30181499000.0,46743577353.0
llama3-8b_conv300,1915,30181499000.0,46759209346.0
llama3-8b_conv300,1916,30181499000.0,46774841339.0
llama3-8b_conv300,1917,30181499000.0,46790473332.0
llama3-8b_conv300,1918,30181499000.0,46805559890.0
llama3-8b_conv300,1919,30181499000.0,46820646448.0
llama3-8b_conv300,1920,30181499000.0,46835733006.0
llama3-8b_conv300,1921,30181499000.0,46850819564.0
llama3-8b_conv300,1922,30181499000.0,46865906122.0
llama3-8b_conv300,1923,30181499000.0,46880992680.0
llama3-8b_conv300,1924,30181499000.0,46896079238.0
llama3-8b_conv300,1925,30181499000.0,46911165796.0
llama3-8b_conv300,1926,30181499000.0,46926252354.0
llama3-8b_conv300,1927,30181499000.0,46941338912.0
llama3-8b_conv300,1928,30181499000.0,46956425470.0
llama3-8b_conv300,1929,30181499000.0,46971512028.0
llama3-8b_conv300,1930,30181499000.0,46986598586.0
llama3-8b_conv300,1931,30181499000.0,47001685144.0
llama3-8b_conv300,1932,30181499000.0,47016771702.0
llama3-8b_conv300,1933,30181499000.0,47031858260.0
llama3-8b_conv300,1934,30181499000.0,47046944818.0
llama3-8b_conv300,1935,30181499000.0,47062031376.0
llama3-8b_conv300,1936,30181499000.0,47077117934.0
llama3-8b_conv300,1937,30181499000.0,47091659056.0
llama3-8b_conv300,1938,30181499000.0,47106200178.0
llama3-8b_conv300,1939,30181499000.0,47120741300.0
llama3-8b_conv300,1940,30181499000.0,47135282422.0
llama3-8b_conv300,1941,30181499000.0,47149823544.0
llama3-8b_conv300,1942,30181499000.0,47163846920.0
llama3-8b_conv300,1943,30181499000.0,47177870296.0
llama3-8b_conv300,1944,30181499000.0,47191893672.0
llama3-8b_conv300,1945,30181499000.0,47205917048.0
llama3-8b_conv300,1946,30181499000.0,47219940424.0
llama3-8b_conv300,1947,30181499000.0,47233963800.0
llama3-8b_conv300,1948,30181499000.0,47247987176.0
llama3-8b_conv300,1949,30181499000.0,47261078136.0
llama3-8b_conv300,1950,30181499000.0,47274169096.0
llama3-8b_conv300,1951,30181499000.0,47287260056.0
llama3-8b_conv300,1952,30181499000.0,47300351016.0
llama3-8b_conv300,1953,30181499000.0,47313441976.0
llama3-8b_conv300,1954,30181499000.0,47326532936.0
llama3-8b_conv300,1955,30181499000.0,47339623896.0
llama3-8b_conv300,1956,30181499000.0,47352714856.0
llama3-8b_conv300,1957,30181499000.0,47365805816.0
llama3-8b_conv300,1958,30181499000.0,47378896776.0
llama3-8b_conv300,1959,30181499000.0,47391987736.0
llama3-8b_conv300,1960,30181499000.0,47405078696.0
llama3-8b_conv300,1961,30181499000.0,47418169656.0
llama3-8b_conv300,1962,30181499000.0,47431260616.0
llama3-8b_conv300,1963,30181499000.0,47444377176.0
llama3-8b_conv300,1964,30181499000.0,47457493736.0
llama3-8b_conv300,1965,30181499000.0,47470610296.0
llama3-8b_conv300,1966,30181499000.0,47483726856.0
llama3-8b_conv300,1967,30181499000.0,47496843416.0
llama3-8b_conv300,1968,30181499000.0,47509959976.0
llama3-8b_conv300,1969,30181499000.0,47522420600.0
llama3-8b_conv300,1970,30181499000.0,47534881224.0
llama3-8b_conv300,1971,30181499000.0,47547341848.0
llama3-8b_conv300,1972,30181499000.0,47559802472.0
llama3-8b_conv300,1973,30181499000.0,47572263096.0
llama3-8b_conv300,1974,30181499000.0,47584723720.0
llama3-8b_conv300,1975,30181499000.0,47597184344.0
llama3-8b_conv300,1976,30181499000.0,47609644968.0
llama3-8b_conv300,1977,30181499000.0,47622105592.0
llama3-8b_conv300,1978,30181499000.0,47634566216.0
llama3-8b_conv300,1979,30181499000.0,47647026840.0
llama3-8b_conv300,1980,30181499000.0,47659487464.0
llama3-8b_conv300,1981,30181499000.0,47671948088.0
llama3-8b_conv300,1982,30181499000.0,47684408712.0
llama3-8b_conv300,1983,30181499000.0,47696869336.0
llama3-8b_conv300,1984,30181499000.0,47709329960.0
llama3-8b_conv300,1985,30181499000.0,47721790584.0
llama3-8b_conv300,1986,30181499000.0,47734251208.0
llama3-8b_conv300,1987,30181499000.0,47746711832.0
llama3-8b_conv300,1988,30181499000.0,47759172456.0
llama3-8b_conv300,1989,30181499000.0,47770977144.0
llama3-8b_conv300,1990,30181499000.0,47782781832.0
llama3-8b_conv300,1991,30181499000.0,47794586520.0
llama3-8b_conv300,1992,30181499000.0,47806391208.0
llama3-8b_conv300,1993,30181499000.0,47818195896.0
llama3-8b_conv300,1994,30181499000.0,47830000584.0
llama3-8b_conv300,1995,30181499000.0,47841805272.0
llama3-8b_conv300,1996,30181499000.0,47853609960.0
llama3-8b_conv300,1997,30181499000.0,47865414648.0
llama3-8b_conv300,1998,30181499000.0,47877219336.0
llama3-8b_conv300,1999,28607772000.0,47888478680.0
llama3-8b_conv300,2000,28607772000.0,47899738024.0
llama3-8b_conv300,2001,28607772000.0,47910997368.0
llama3-8b_conv300,2002,28607772000.0,47922256712.0
llama3-8b_conv300,2003,28607772000.0,47933516056.0
llama3-8b_conv300,2004,31269171000.0,48027469813.0
llama3-8b_conv300,2005,31269171000.0,48039246853.0
llama3-8b_conv300,2006,31269171000.0,48051023893.0
llama3-8b_conv300,2007,31269171000.0,48062800933.0
llama3-8b_conv300,2008,31269171000.0,48074577973.0
llama3-8b_conv300,2009,31269171000.0,48086355013.0
llama3-8b_conv300,2010,31269171000.0,48098132053.0
llama3-8b_conv300,2011,31269171000.0,48109909093.0
llama3-8b_conv300,2012,31269171000.0,48121686133.0
llama3-8b_conv300,2013,31269171000.0,48133463173.0
llama3-8b_conv300,2014,31269171000.0,48145240213.0
llama3-8b_conv300,2015,31269171000.0,48157017253.0
llama3-8b_conv300,2016,31269171000.0,48168794293.0
llama3-8b_conv300,2017,31269171000.0,48180571333.0
llama3-8b_conv300,2018,31269171000.0,48192348373.0
llama3-8b_conv300,2019,31269171000.0,48204125413.0
llama3-8b_conv300,2020,31269171000.0,48215902453.0
llama3-8b_conv300,2021,31269171000.0,48227679493.0
llama3-8b_conv300,2022,31269171000.0,48239456533.0
llama3-8b_conv300,2023,31269171000.0,48251233573.0
llama3-8b_conv300,2024,31269171000.0,48263010613.0
llama3-8b_conv300,2025,31269171000.0,48274787653.0
llama3-8b_conv300,2026,31269171000.0,48286564693.0
llama3-8b_conv300,2027,31269171000.0,48298341733.0
llama3-8b_conv300,2028,31269171000.0,48310118773.0
llama3-8b_conv300,2029,31269171000.0,48321895813.0
llama3-8b_conv300,2030,31269171000.0,48333672853.0
llama3-8b_conv300,2031,31269171000.0,48345449893.0
llama3-8b_conv300,2032,31269171000.0,48357226933.0
llama3-8b_conv300,2033,31269171000.0,48369003973.0
llama3-8b_conv300,2034,31269171000.0,48380781013.0
llama3-8b_conv300,2035,31620490000.0,48607895732.0
llama3-8b_conv300,2036,31620490000.0,48839541651.0
llama3-8b_conv300,2037,31620490000.0,48870987011.0
llama3-8b_conv300,2038,31620490000.0,48883390291.0
llama3-8b_conv300,2039,31620490000.0,48895793571.0
llama3-8b_conv300,2040,31620490000.0,48908196851.0
llama3-8b_conv300,2041,31620490000.0,48920600131.0
llama3-8b_conv300,2042,31760229000.0,49102500103.0
llama3-8b_conv300,2043,31760229000.0,49115448727.0
llama3-8b_conv300,2044,31760229000.0,49128397351.0
llama3-8b_conv300,2045,31760229000.0,49141345975.0
llama3-8b_conv300,2046,31760229000.0,49154294599.0
llama3-8b_conv300,2047,31760229000.0,49167243223.0
llama3-8b_conv300,2048,31760229000.0,49180217447.0
llama3-8b_conv300,2049,31760229000.0,49193191671.0
llama3-8b_conv300,2050,31760229000.0,49206165895.0
llama3-8b_conv300,2051,31760229000.0,49219140119.0
llama3-8b_conv300,2052,31760229000.0,49232114343.0
llama3-8b_conv300,2053,31760229000.0,49245088567.0
llama3-8b_conv300,2054,31917003000.0,49422758725.0
llama3-8b_conv300,2055,31917003000.0,49436278293.0
llama3-8b_conv300,2056,31917003000.0,49449797861.0
llama3-8b_conv300,2057,31917003000.0,49463317429.0
llama3-8b_conv300,2058,31917003000.0,49476836997.0
llama3-8b_conv300,2059,31917003000.0,49490356565.0
llama3-8b_conv300,2060,31917003000.0,49503876133.0
llama3-8b_conv300,2061,31917003000.0,49517395701.0
llama3-8b_conv300,2062,31917003000.0,49530915269.0
llama3-8b_conv300,2063,31917003000.0,49544434837.0
llama3-8b_conv300,2064,31917003000.0,49557954405.0
llama3-8b_conv300,2065,31917003000.0,49571473973.0
llama3-8b_conv300,2066,31917003000.0,49584993541.0
llama3-8b_conv300,2067,31917003000.0,49598513109.0
llama3-8b_conv300,2068,31917003000.0,49612032677.0
llama3-8b_conv300,2069,31917003000.0,49625552245.0
llama3-8b_conv300,2070,31917003000.0,49639071813.0
llama3-8b_conv300,2071,31917003000.0,49652591381.0
llama3-8b_conv300,2072,31917003000.0,49666110949.0
llama3-8b_conv300,2073,31917003000.0,49679630517.0
llama3-8b_conv300,2074,31917003000.0,49693150085.0
llama3-8b_conv300,2075,31917003000.0,49706669653.0
llama3-8b_conv300,2076,31917003000.0,49720189221.0
llama3-8b_conv300,2077,31917003000.0,49733708789.0
llama3-8b_conv300,2078,31917003000.0,49747228357.0
llama3-8b_conv300,2079,31917003000.0,49760747925.0
llama3-8b_conv300,2080,31917003000.0,49774267493.0
llama3-8b_conv300,2081,31917003000.0,49787787061.0
llama3-8b_conv300,2082,31917003000.0,49801306629.0
llama3-8b_conv300,2083,31917003000.0,49814826197.0
llama3-8b_conv300,2084,31917003000.0,49828345765.0
llama3-8b_conv300,2085,31917003000.0,49841865333.0
llama3-8b_conv300,2086,31917003000.0,49855384901.0
llama3-8b_conv300,2087,31917003000.0,49868904469.0
llama3-8b_conv300,2088,31917003000.0,49882424037.0
llama3-8b_conv300,2089,31917003000.0,49895943605.0
llama3-8b_conv300,2090,31917003000.0,49909463173.0
llama3-8b_conv300,2091,31917003000.0,49922984789.0
llama3-8b_conv300,2092,31917003000.0,49936506405.0
llama3-8b_conv300,2093,31917003000.0,49950028021.0
llama3-8b_conv300,2094,32388505000.000004,50177583855.0
llama3-8b_conv300,2095,32388505000.000004,50409646313.0
llama3-8b_conv300,2096,32388505000.000004,50424989067.0
llama3-8b_conv300,2097,32388505000.000004,50439136973.0
llama3-8b_conv300,2098,32388505000.000004,50453284879.0
llama3-8b_conv300,2099,32388505000.000004,50467432785.0
llama3-8b_conv300,2100,32388505000.000004,50481580691.0
llama3-8b_conv300,2101,32388505000.000004,50495728597.0
llama3-8b_conv300,2102,32388505000.000004,50509876503.0
llama3-8b_conv300,2103,32388505000.000004,50524024409.0
llama3-8b_conv300,2104,32388505000.000004,50538174363.0
llama3-8b_conv300,2105,32388505000.000004,50552324317.0
llama3-8b_conv300,2106,32388505000.000004,50566474271.0
llama3-8b_conv300,2107,32388505000.000004,50580624225.0
llama3-8b_conv300,2108,32388505000.000004,50594774179.0
llama3-8b_conv300,2109,32388505000.000004,50608924133.0
llama3-8b_conv300,2110,32388505000.000004,50623074087.0
llama3-8b_conv300,2111,32388505000.000004,50637224041.0
llama3-8b_conv300,2112,32388505000.000004,50651373995.0
llama3-8b_conv300,2113,32388505000.000004,50665523949.0
llama3-8b_conv300,2114,32388505000.000004,50679673903.0
llama3-8b_conv300,2115,32388505000.000004,50693823857.0
llama3-8b_conv300,2116,32388505000.000004,50707973811.0
llama3-8b_conv300,2117,32388505000.000004,50722123765.0
llama3-8b_conv300,2118,32388505000.000004,50736273719.0
llama3-8b_conv300,2119,32388505000.000004,50750423673.0
llama3-8b_conv300,2120,32388505000.000004,50764573627.0
llama3-8b_conv300,2121,32388505000.000004,50778723581.0
llama3-8b_conv300,2122,32388505000.000004,50792873535.0
llama3-8b_conv300,2123,32388505000.000004,50807023489.0
llama3-8b_conv300,2124,32388505000.000004,50821173443.0
llama3-8b_conv300,2125,32388505000.000004,50835323397.0
llama3-8b_conv300,2126,32388505000.000004,50849473351.0
llama3-8b_conv300,2127,32388505000.000004,50863623305.0
llama3-8b_conv300,2128,32388505000.000004,50877773259.0
llama3-8b_conv300,2129,32388505000.000004,50891923213.0
llama3-8b_conv300,2130,32388505000.000004,50906073167.0
llama3-8b_conv300,2131,32388505000.000004,50920223121.0
llama3-8b_conv300,2132,32388505000.000004,50934373075.0
llama3-8b_conv300,2133,32388505000.000004,50948523029.0
llama3-8b_conv300,2134,32388505000.000004,50962672983.0
llama3-8b_conv300,2135,32388505000.000004,50976822937.0
llama3-8b_conv300,2136,32388505000.000004,50990427497.0
llama3-8b_conv300,2137,32388505000.000004,51004032057.0
llama3-8b_conv300,2138,32388505000.000004,51017636617.0
llama3-8b_conv300,2139,32388505000.000004,51031241177.0
llama3-8b_conv300,2140,32388505000.000004,51044845737.0
llama3-8b_conv300,2141,32388505000.000004,51058450297.0
llama3-8b_conv300,2142,32388505000.000004,51072054857.0
llama3-8b_conv300,2143,32388505000.000004,51085659417.0
llama3-8b_conv300,2144,32388505000.000004,51099263977.0
llama3-8b_conv300,2145,32388505000.000004,51112868537.0
llama3-8b_conv300,2146,32388505000.000004,51126473097.0
llama3-8b_conv300,2147,32388505000.000004,51140103257.0
llama3-8b_conv300,2148,32388505000.000004,51153733417.0
llama3-8b_conv300,2149,32388505000.000004,51167363577.0
llama3-8b_conv300,2150,32388505000.000004,51180993737.0
llama3-8b_conv300,2151,32388505000.000004,51194623897.0
llama3-8b_conv300,2152,32388505000.000004,51208254057.0
llama3-8b_conv300,2153,32388505000.000004,51221884217.0
llama3-8b_conv300,2154,32388505000.000004,51235514377.0
llama3-8b_conv300,2155,32388505000.000004,51249144537.0
llama3-8b_conv300,2156,32388505000.000004,51262774697.0
llama3-8b_conv300,2157,32388505000.000004,51276404857.0
llama3-8b_conv300,2158,32388505000.000004,51290035017.0
llama3-8b_conv300,2159,32388505000.000004,51303665177.0
llama3-8b_conv300,2160,32388505000.000004,51317295337.0
llama3-8b_conv300,2161,32388505000.000004,51330925497.0
llama3-8b_conv300,2162,32388505000.000004,51344555657.0
llama3-8b_conv300,2163,32388505000.000004,51358185817.0
llama3-8b_conv300,2164,33235881999.999996,51585850195.0
llama3-8b_conv300,2165,33235881999.999996,51794196293.0
llama3-8b_conv300,2166,33235881999.999996,51808427143.0
llama3-8b_conv300,2167,33235881999.999996,51822657993.0
llama3-8b_conv300,2168,33235881999.999996,51836888843.0
llama3-8b_conv300,2169,33235881999.999996,51851119693.0
llama3-8b_conv300,2170,33235881999.999996,51865350543.0
llama3-8b_conv300,2171,33235881999.999996,51879581393.0
llama3-8b_conv300,2172,33235881999.999996,51893812243.0
llama3-8b_conv300,2173,33235881999.999996,51907472099.0
llama3-8b_conv300,2174,33235881999.999996,51921131955.0
llama3-8b_conv300,2175,33413528000.0,52013484258.0
llama3-8b_conv300,2176,33413528000.0,52027663908.0
llama3-8b_conv300,2177,33413528000.0,52041843558.0
llama3-8b_conv300,2178,33413528000.0,52056023208.0
llama3-8b_conv300,2179,33413528000.0,52070202858.0
llama3-8b_conv300,2180,33413528000.0,52084382508.0
llama3-8b_conv300,2181,33491000999.999996,52312185477.0
llama3-8b_conv300,2182,33526770000.0,52542772284.0
llama3-8b_conv300,2183,33526770000.0,52577054197.0
llama3-8b_conv300,2184,33526770000.0,52592352366.0
llama3-8b_conv300,2185,33526770000.0,52607650535.0
llama3-8b_conv300,2186,33526770000.0,52622948704.0
llama3-8b_conv300,2187,33526770000.0,52637701438.0
llama3-8b_conv300,2188,33526770000.0,52652454172.0
llama3-8b_conv300,2189,33645713000.0,52797682364.0
llama3-8b_conv300,2190,33645713000.0,52812978485.0
llama3-8b_conv300,2191,33645713000.0,52828274606.0
llama3-8b_conv300,2192,33645713000.0,52843570727.0
llama3-8b_conv300,2193,33645713000.0,52858866848.0
llama3-8b_conv300,2194,33645713000.0,52874162969.0
llama3-8b_conv300,2195,33645713000.0,52889459090.0
llama3-8b_conv300,2196,33748702000.0,53117465488.0
llama3-8b_conv300,2197,33748702000.0,53349953934.0
llama3-8b_conv300,2198,33825000000.000004,53459622866.0
llama3-8b_conv300,2199,33825000000.000004,53475309643.0
llama3-8b_conv300,2200,33825000000.000004,53490996420.0
llama3-8b_conv300,2201,33825000000.000004,53506683197.0
llama3-8b_conv300,2202,33825000000.000004,53522372022.0
llama3-8b_conv300,2203,33825000000.000004,53538060847.0
llama3-8b_conv300,2204,33825000000.000004,53553749672.0
llama3-8b_conv300,2205,33825000000.000004,53569438497.0
llama3-8b_conv300,2206,33932529000.000004,53797679420.0
llama3-8b_conv300,2207,33932529000.000004,54030317401.0
llama3-8b_conv300,2208,33932529000.000004,54176950726.0
llama3-8b_conv300,2209,33932529000.000004,54192750143.0
llama3-8b_conv300,2210,33932529000.000004,54208549560.0
llama3-8b_conv300,2211,33932529000.000004,54224348977.0
llama3-8b_conv300,2212,33932529000.000004,54240148394.0
llama3-8b_conv300,2213,33932529000.000004,54255947811.0
llama3-8b_conv300,2214,33932529000.000004,54271747228.0
llama3-8b_conv300,2215,33932529000.000004,54287546645.0
llama3-8b_conv300,2216,33932529000.000004,54303346062.0
llama3-8b_conv300,2217,33932529000.000004,54318975147.0
llama3-8b_conv300,2218,33932529000.000004,54334604232.0
llama3-8b_conv300,2219,33932529000.000004,54350235365.0
llama3-8b_conv300,2220,33932529000.000004,54365866498.0
llama3-8b_conv300,2221,33932529000.000004,54381497631.0
llama3-8b_conv300,2222,33932529000.000004,54397128764.0
llama3-8b_conv300,2223,33932529000.000004,54412759897.0
llama3-8b_conv300,2224,33932529000.000004,54428391030.0
llama3-8b_conv300,2225,33932529000.000004,54444022163.0
llama3-8b_conv300,2226,33932529000.000004,54459653296.0
llama3-8b_conv300,2227,33932529000.000004,54475310029.0
llama3-8b_conv300,2228,33932529000.000004,54490992362.0
llama3-8b_conv300,2229,33932529000.000004,54506674695.0
llama3-8b_conv300,2230,33932529000.000004,54522357028.0
llama3-8b_conv300,2231,33932529000.000004,54538041409.0
llama3-8b_conv300,2232,33932529000.000004,54553751390.0
llama3-8b_conv300,2233,33932529000.000004,54569461371.0
llama3-8b_conv300,2234,33932529000.000004,54585171352.0
llama3-8b_conv300,2235,33932529000.000004,54600881333.0
llama3-8b_conv300,2236,33932529000.000004,54616591314.0
llama3-8b_conv300,2237,33932529000.000004,54632301295.0
llama3-8b_conv300,2238,33932529000.000004,54648011276.0
llama3-8b_conv300,2239,33932529000.000004,54663721257.0
llama3-8b_conv300,2240,33932529000.000004,54679431238.0
llama3-8b_conv300,2241,33932529000.000004,54695141219.0
llama3-8b_conv300,2242,33932529000.000004,54710851200.0
llama3-8b_conv300,2243,33932529000.000004,54726561181.0
llama3-8b_conv300,2244,33932529000.000004,54742271162.0
llama3-8b_conv300,2245,33932529000.000004,54757981143.0
llama3-8b_conv300,2246,33932529000.000004,54773691124.0
llama3-8b_conv300,2247,33932529000.000004,54789401105.0
llama3-8b_conv300,2248,33932529000.000004,54805111086.0
llama3-8b_conv300,2249,33932529000.000004,54820821067.0
llama3-8b_conv300,2250,33932529000.000004,54836531048.0
llama3-8b_conv300,2251,33932529000.000004,54852241029.0
llama3-8b_conv300,2252,33932529000.000004,54867951010.0
llama3-8b_conv300,2253,33932529000.000004,54883660991.0
llama3-8b_conv300,2254,33932529000.000004,54899370972.0
llama3-8b_conv300,2255,33932529000.000004,54915080953.0
llama3-8b_conv300,2256,33932529000.000004,54930790934.0
llama3-8b_conv300,2257,33932529000.000004,54946500915.0
llama3-8b_conv300,2258,33932529000.000004,54962236496.0
llama3-8b_conv300,2259,33932529000.000004,54977972077.0
llama3-8b_conv300,2260,33932529000.000004,54993707658.0
llama3-8b_conv300,2261,33932529000.000004,55009443239.0
llama3-8b_conv300,2262,33932529000.000004,55025178820.0
llama3-8b_conv300,2263,33932529000.000004,55040914401.0
llama3-8b_conv300,2264,33932529000.000004,55056649982.0
llama3-8b_conv300,2265,33932529000.000004,55072385563.0
llama3-8b_conv300,2266,33932529000.000004,55088121144.0
llama3-8b_conv300,2267,33932529000.000004,55103856725.0
llama3-8b_conv300,2268,33932529000.000004,55119592306.0
llama3-8b_conv300,2269,34746446000.0,55347876751.0
llama3-8b_conv300,2270,34746446000.0,55580646828.0
llama3-8b_conv300,2271,34746446000.0,55627452693.0
llama3-8b_conv300,2272,34746446000.0,55643356558.0
llama3-8b_conv300,2273,34746446000.0,55659260423.0
llama3-8b_conv300,2274,34746446000.0,55675164288.0
llama3-8b_conv300,2275,34746446000.0,55691068153.0
llama3-8b_conv300,2276,34746446000.0,55706829334.0
llama3-8b_conv300,2277,34746446000.0,55722590515.0
llama3-8b_conv300,2278,34746446000.0,55738351696.0
llama3-8b_conv300,2279,34746446000.0,55754112877.0
llama3-8b_conv300,2280,34746446000.0,55769874058.0
llama3-8b_conv300,2281,34746446000.0,55785635239.0
llama3-8b_conv300,2282,34746446000.0,55801396420.0
llama3-8b_conv300,2283,34746446000.0,55817157601.0
llama3-8b_conv300,2284,34746446000.0,55832918782.0
llama3-8b_conv300,2285,34746446000.0,55848679963.0
llama3-8b_conv300,2286,34746446000.0,55864441144.0
llama3-8b_conv300,2287,34746446000.0,55880202325.0
llama3-8b_conv300,2288,34746446000.0,55895963506.0
llama3-8b_conv300,2289,34746446000.0,55911724687.0
llama3-8b_conv300,2290,34746446000.0,55927485868.0
llama3-8b_conv300,2291,34746446000.0,55943247049.0
llama3-8b_conv300,2292,34746446000.0,55959008230.0
llama3-8b_conv300,2293,34746446000.0,55974769411.0
llama3-8b_conv300,2294,34746446000.0,55990530592.0
llama3-8b_conv300,2295,34746446000.0,56006291773.0
llama3-8b_conv300,2296,34746446000.0,56022052954.0
llama3-8b_conv300,2297,34746446000.0,56037814135.0
llama3-8b_conv300,2298,34746446000.0,56053575316.0
llama3-8b_conv300,2299,34746446000.0,56069336497.0
llama3-8b_conv300,2300,34746446000.0,56085097678.0
llama3-8b_conv300,2301,34746446000.0,56100858859.0
llama3-8b_conv300,2302,34746446000.0,56116620040.0
llama3-8b_conv300,2303,34746446000.0,56132383269.0
llama3-8b_conv300,2304,34746446000.0,56148146498.0
llama3-8b_conv300,2305,34746446000.0,56163909727.0
llama3-8b_conv300,2306,34746446000.0,56179672956.0
llama3-8b_conv300,2307,34746446000.0,56195436185.0
llama3-8b_conv300,2308,34746446000.0,56211199414.0
llama3-8b_conv300,2309,34746446000.0,56226962643.0
llama3-8b_conv300,2310,35294069000.0,56410503240.0
llama3-8b_conv300,2311,35294069000.0,56426353857.0
llama3-8b_conv300,2312,35294069000.0,56442204474.0
llama3-8b_conv300,2313,35294069000.0,56458055091.0
llama3-8b_conv300,2314,35294069000.0,56473905708.0
llama3-8b_conv300,2315,35294069000.0,56489756325.0
llama3-8b_conv300,2316,35294069000.0,56505606942.0
llama3-8b_conv300,2317,35294069000.0,56521457559.0
llama3-8b_conv300,2318,35294069000.0,56537308176.0
llama3-8b_conv300,2319,35294069000.0,56553158793.0
llama3-8b_conv300,2320,35294069000.0,56569009410.0
llama3-8b_conv300,2321,35294069000.0,56584860027.0
llama3-8b_conv300,2322,35294069000.0,56600710644.0
llama3-8b_conv300,2323,35294069000.0,56616561261.0
llama3-8b_conv300,2324,35294069000.0,56632411878.0
llama3-8b_conv300,2325,35294069000.0,56648262495.0
llama3-8b_conv300,2326,35294069000.0,56664113112.0
llama3-8b_conv300,2327,35294069000.0,56679965777.0
llama3-8b_conv300,2328,35294069000.0,56695818442.0
llama3-8b_conv300,2329,35294069000.0,56711671107.0
llama3-8b_conv300,2330,35294069000.0,56727549372.0
llama3-8b_conv300,2331,35294069000.0,56743427637.0
llama3-8b_conv300,2332,35294069000.0,56759305902.0
llama3-8b_conv300,2333,35294069000.0,56775184167.0
llama3-8b_conv300,2334,35294069000.0,56791062432.0
llama3-8b_conv300,2335,35294069000.0,56806940697.0
llama3-8b_conv300,2336,35294069000.0,56822818962.0
llama3-8b_conv300,2337,35294069000.0,56838697227.0
llama3-8b_conv300,2338,35294069000.0,56854575492.0
llama3-8b_conv300,2339,35294069000.0,56870453757.0
llama3-8b_conv300,2340,35294069000.0,56886332022.0
llama3-8b_conv300,2341,35294069000.0,56902210287.0
llama3-8b_conv300,2342,35294069000.0,56918088552.0
llama3-8b_conv300,2343,35294069000.0,56933966817.0
llama3-8b_conv300,2344,35294069000.0,56949845082.0
llama3-8b_conv300,2345,35294069000.0,56965723347.0
llama3-8b_conv300,2346,35294069000.0,56981601612.0
llama3-8b_conv300,2347,35294069000.0,56997505477.0
llama3-8b_conv300,2348,35294069000.0,57013409342.0
llama3-8b_conv300,2349,35294069000.0,57029313207.0
llama3-8b_conv300,2350,35294069000.0,57045217072.0
llama3-8b_conv300,2351,35294069000.0,57061120937.0
llama3-8b_conv300,2352,35294069000.0,57077024802.0
llama3-8b_conv300,2353,35294069000.0,57092928667.0
llama3-8b_conv300,2354,35294069000.0,57108832532.0
llama3-8b_conv300,2355,35294069000.0,57124653105.0
llama3-8b_conv300,2356,35294069000.0,57140475726.0
llama3-8b_conv300,2357,35294069000.0,57156298347.0
llama3-8b_conv300,2358,35294069000.0,57172120968.0
llama3-8b_conv300,2359,35294069000.0,57187969189.0
llama3-8b_conv300,2360,35294069000.0,57203819458.0
llama3-8b_conv300,2361,35294069000.0,57219669727.0
llama3-8b_conv300,2362,35294069000.0,57235519996.0
llama3-8b_conv300,2363,35294069000.0,57251370265.0
llama3-8b_conv300,2364,35294069000.0,57267220534.0
llama3-8b_conv300,2365,35294069000.0,57283070803.0
llama3-8b_conv300,2366,35294069000.0,57298921072.0
llama3-8b_conv300,2367,35294069000.0,57314771341.0
llama3-8b_conv300,2368,35294069000.0,57330621610.0
llama3-8b_conv300,2369,35294069000.0,57346471879.0
llama3-8b_conv300,2370,35294069000.0,57362322148.0
llama3-8b_conv300,2371,35294069000.0,57378172417.0
llama3-8b_conv300,2372,35294069000.0,57394022686.0
llama3-8b_conv300,2373,35294069000.0,57409872955.0
llama3-8b_conv300,2374,35294069000.0,57425723224.0
llama3-8b_conv300,2375,35294069000.0,57441573493.0
llama3-8b_conv300,2376,35294069000.0,57457423762.0
llama3-8b_conv300,2377,35294069000.0,57473274031.0
llama3-8b_conv300,2378,35294069000.0,57489124300.0
llama3-8b_conv300,2379,35294069000.0,57504974569.0
llama3-8b_conv300,2380,36138512000.0,57733373702.0
llama3-8b_conv300,2381,36138512000.0,57966258467.0
llama3-8b_conv300,2382,36138512000.0,57995726428.0
llama3-8b_conv300,2383,36138512000.0,58011744981.0
llama3-8b_conv300,2384,36138512000.0,58027763534.0
llama3-8b_conv300,2385,36138512000.0,58043782087.0
llama3-8b_conv300,2386,36138512000.0,58059802688.0
llama3-8b_conv300,2387,36138512000.0,58075625309.0
llama3-8b_conv300,2388,36138512000.0,58091447930.0
llama3-8b_conv300,2389,36138512000.0,58107270551.0
llama3-8b_conv300,2390,36138512000.0,58123093172.0
llama3-8b_conv300,2391,36138512000.0,58138915793.0
llama3-8b_conv300,2392,36138512000.0,58154486346.0
llama3-8b_conv300,2393,36138512000.0,58170056899.0
llama3-8b_conv300,2394,36138512000.0,58185627452.0
llama3-8b_conv300,2395,36138512000.0,58201198005.0
llama3-8b_conv300,2396,36138512000.0,58216768558.0
llama3-8b_conv300,2397,36138512000.0,58232339111.0
llama3-8b_conv300,2398,36138512000.0,58247909664.0
llama3-8b_conv300,2399,36138512000.0,58263480217.0
llama3-8b_conv300,2400,36138512000.0,58279050770.0
llama3-8b_conv300,2401,36138512000.0,58294621323.0
llama3-8b_conv300,2402,36138512000.0,58310191876.0
llama3-8b_conv300,2403,36138512000.0,58325762429.0
llama3-8b_conv300,2404,36138512000.0,58341332982.0
llama3-8b_conv300,2405,36138512000.0,58356903535.0
llama3-8b_conv300,2406,36138512000.0,58372474088.0
llama3-8b_conv300,2407,36138512000.0,58388044641.0
llama3-8b_conv300,2408,36520417000.0,58482293485.0
llama3-8b_conv300,2409,36520417000.0,58498088458.0
llama3-8b_conv300,2410,36520417000.0,58513883431.0
llama3-8b_conv300,2411,36520417000.0,58529678404.0
llama3-8b_conv300,2412,36520417000.0,58545221309.0
llama3-8b_conv300,2413,36520417000.0,58560764214.0
llama3-8b_conv300,2414,36520417000.0,58576307119.0
llama3-8b_conv300,2415,36520417000.0,58591850024.0
llama3-8b_conv300,2416,36520417000.0,58607392929.0
llama3-8b_conv300,2417,36520417000.0,58622935834.0
llama3-8b_conv300,2418,36520417000.0,58638478739.0
llama3-8b_conv300,2419,36520417000.0,58654021644.0
llama3-8b_conv300,2420,36520417000.0,58669564549.0
llama3-8b_conv300,2421,36520417000.0,58685107454.0
llama3-8b_conv300,2422,36520417000.0,58700650359.0
llama3-8b_conv300,2423,36520417000.0,58716193264.0
llama3-8b_conv300,2424,36520417000.0,58731736169.0
llama3-8b_conv300,2425,36520417000.0,58747279074.0
llama3-8b_conv300,2426,36520417000.0,58762821979.0
llama3-8b_conv300,2427,36520417000.0,58778364884.0
llama3-8b_conv300,2428,36520417000.0,58793907789.0
llama3-8b_conv300,2429,36520417000.0,58809450694.0
llama3-8b_conv300,2430,36520417000.0,58824993599.0
llama3-8b_conv300,2431,36520417000.0,58839880477.0
llama3-8b_conv300,2432,36520417000.0,58854767355.0
llama3-8b_conv300,2433,36520417000.0,58869654233.0
llama3-8b_conv300,2434,36520417000.0,58884541111.0
llama3-8b_conv300,2435,36520417000.0,58899427989.0
llama3-8b_conv300,2436,36520417000.0,58913769431.0
llama3-8b_conv300,2437,36864739000.0,59141734192.0
llama3-8b_conv300,2438,36864739000.0,59374220937.0
llama3-8b_conv300,2439,36864739000.0,59516773732.0
llama3-8b_conv300,2440,36864739000.0,59531769154.0
llama3-8b_conv300,2441,36864739000.0,59546764576.0
llama3-8b_conv300,2442,36864739000.0,59561759998.0
llama3-8b_conv300,2443,36864739000.0,59576755420.0
llama3-8b_conv300,2444,36864739000.0,59591750842.0
llama3-8b_conv300,2445,36864739000.0,59606746264.0
llama3-8b_conv300,2446,36864739000.0,59621741686.0
llama3-8b_conv300,2447,36864739000.0,59636737108.0
llama3-8b_conv300,2448,36864739000.0,59651732530.0
llama3-8b_conv300,2449,36864739000.0,59666727952.0
llama3-8b_conv300,2450,36864739000.0,59681723374.0
llama3-8b_conv300,2451,36864739000.0,59696718796.0
llama3-8b_conv300,2452,37124806000.0,59712385093.0
llama3-8b_conv300,2453,37124806000.0,59727896254.0
llama3-8b_conv300,2454,37124806000.0,59743407415.0
llama3-8b_conv300,2455,37124806000.0,59758944176.0
llama3-8b_conv300,2456,37124806000.0,59774480937.0
llama3-8b_conv300,2457,37124806000.0,59790017698.0
llama3-8b_conv300,2458,37124806000.0,59805554459.0
llama3-8b_conv300,2459,37124806000.0,59821091220.0
llama3-8b_conv300,2460,37124806000.0,59836627981.0
llama3-8b_conv300,2461,37124806000.0,59852190342.0
llama3-8b_conv300,2462,37124806000.0,59867752703.0
llama3-8b_conv300,2463,37124806000.0,59883315064.0
llama3-8b_conv300,2464,37124806000.0,59898877425.0
llama3-8b_conv300,2465,37124806000.0,59914439786.0
llama3-8b_conv300,2466,37124806000.0,59930002147.0
llama3-8b_conv300,2467,37124806000.0,59945564508.0
llama3-8b_conv300,2468,37124806000.0,59961126869.0
llama3-8b_conv300,2469,37124806000.0,59976689230.0
llama3-8b_conv300,2470,37124806000.0,59992251591.0
llama3-8b_conv300,2471,37124806000.0,60007813952.0
llama3-8b_conv300,2472,37124806000.0,60023376313.0
llama3-8b_conv300,2473,37124806000.0,60038938674.0
llama3-8b_conv300,2474,37124806000.0,60054501035.0
llama3-8b_conv300,2475,37124806000.0,60070065444.0
llama3-8b_conv300,2476,37124806000.0,60085629853.0
llama3-8b_conv300,2477,37124806000.0,60101196310.0
llama3-8b_conv300,2478,37124806000.0,60116762767.0
llama3-8b_conv300,2479,37124806000.0,60132329224.0
llama3-8b_conv300,2480,37124806000.0,60147895681.0
llama3-8b_conv300,2481,37124806000.0,60163462138.0
llama3-8b_conv300,2482,37475965000.0,60391738872.0
llama3-8b_conv300,2483,37475965000.0,60624523254.0
llama3-8b_conv300,2484,37475965000.0,60656169459.0
llama3-8b_conv300,2485,37475965000.0,60672094480.0
llama3-8b_conv300,2486,37475965000.0,60688019501.0
llama3-8b_conv300,2487,37475965000.0,60703946570.0
llama3-8b_conv300,2488,37475965000.0,60719873639.0
llama3-8b_conv300,2489,37475965000.0,60735800708.0
llama3-8b_conv300,2490,37475965000.0,60751727777.0
llama3-8b_conv300,2491,37475965000.0,60767654846.0
llama3-8b_conv300,2492,37475965000.0,60783581915.0
llama3-8b_conv300,2493,37475965000.0,60799508984.0
llama3-8b_conv300,2494,37475965000.0,60815436053.0
llama3-8b_conv300,2495,37475965000.0,60831000462.0
llama3-8b_conv300,2496,37475965000.0,60846564871.0
llama3-8b_conv300,2497,37475965000.0,60862129280.0
llama3-8b_conv300,2498,37475965000.0,60877693689.0
llama3-8b_conv300,2499,37475965000.0,60893258098.0
llama3-8b_conv300,2500,37475965000.0,60908822507.0
llama3-8b_conv300,2501,37475965000.0,60924386916.0
llama3-8b_conv300,2502,37475965000.0,60939951325.0
llama3-8b_conv300,2503,37475965000.0,60955515734.0
llama3-8b_conv300,2504,37475965000.0,60971080143.0
llama3-8b_conv300,2505,37475965000.0,60986644552.0
llama3-8b_conv300,2506,37475965000.0,61002208961.0
llama3-8b_conv300,2507,37475965000.0,61017773370.0
llama3-8b_conv300,2508,37475965000.0,61033337779.0
llama3-8b_conv300,2509,37475965000.0,61048902188.0
llama3-8b_conv300,2510,37475965000.0,61064466597.0
llama3-8b_conv300,2511,37475965000.0,61080031006.0
llama3-8b_conv300,2512,37475965000.0,61095595415.0
llama3-8b_conv300,2513,37475965000.0,61111159824.0
llama3-8b_conv300,2514,37475965000.0,61126724233.0
llama3-8b_conv300,2515,37475965000.0,61142288642.0
llama3-8b_conv300,2516,37475965000.0,61157853051.0
llama3-8b_conv300,2517,37475965000.0,61173417460.0
llama3-8b_conv300,2518,37475965000.0,61188981869.0
llama3-8b_conv300,2519,37475965000.0,61204546278.0
llama3-8b_conv300,2520,37475965000.0,61220110687.0
llama3-8b_conv300,2521,37475965000.0,61235675096.0
llama3-8b_conv300,2522,37475965000.0,61251239505.0
llama3-8b_conv300,2523,37475965000.0,61266803914.0
llama3-8b_conv300,2524,37475965000.0,61282368323.0
llama3-8b_conv300,2525,37475965000.0,61297932732.0
llama3-8b_conv300,2526,37475965000.0,61313497141.0
llama3-8b_conv300,2527,37475965000.0,61329061550.0
llama3-8b_conv300,2528,37475965000.0,61344625959.0
llama3-8b_conv300,2529,37475965000.0,61360190368.0
llama3-8b_conv300,2530,37475965000.0,61375754777.0
llama3-8b_conv300,2531,37475965000.0,61391319186.0
llama3-8b_conv300,2532,37475965000.0,61406883595.0
llama3-8b_conv300,2533,37475965000.0,61422450052.0
llama3-8b_conv300,2534,37475965000.0,61438016509.0
llama3-8b_conv300,2535,38154930000.0,61606908565.0
llama3-8b_conv300,2536,38154930000.0,61622725042.0
llama3-8b_conv300,2537,38154930000.0,61638541519.0
llama3-8b_conv300,2538,38154930000.0,61654357996.0
llama3-8b_conv300,2539,38154930000.0,61670174473.0
llama3-8b_conv300,2540,38154930000.0,61685990950.0
llama3-8b_conv300,2541,38154930000.0,61701807427.0
llama3-8b_conv300,2542,38154930000.0,61717623904.0
llama3-8b_conv300,2543,38154930000.0,61733440381.0
llama3-8b_conv300,2544,38154930000.0,61749256858.0
llama3-8b_conv300,2545,38154930000.0,61764850963.0
llama3-8b_conv300,2546,38154930000.0,61780445068.0
llama3-8b_conv300,2547,38154930000.0,61796041221.0
llama3-8b_conv300,2548,38154930000.0,61811637374.0
llama3-8b_conv300,2549,38154930000.0,61827233527.0
llama3-8b_conv300,2550,38154930000.0,61842829680.0
llama3-8b_conv300,2551,38154930000.0,61858425833.0
llama3-8b_conv300,2552,38154930000.0,61874021986.0
llama3-8b_conv300,2553,38154930000.0,61889618139.0
llama3-8b_conv300,2554,38392642000.0,62117924569.0
llama3-8b_conv300,2555,38392642000.0,62350713047.0
llama3-8b_conv300,2556,38392642000.0,62587960021.0
llama3-8b_conv300,2557,38392642000.0,62829806803.0
llama3-8b_conv300,2558,38392642000.0,63075853009.0
llama3-8b_conv300,2559,38392642000.0,63326616783.0
llama3-8b_conv300,2560,38392642000.0,63581886157.0
llama3-8b_conv300,2561,38549044000.0,63840756490.0
llama3-8b_conv300,2562,38549044000.0,64070570791.0
llama3-8b_conv300,2563,38549044000.0,64303840580.0
llama3-8b_conv300,2564,38813332000.0,64533312257.0
llama3-8b_conv300,2565,38813332000.0,64766554398.0
llama3-8b_conv300,2566,38813332000.0,64840227386.0
llama3-8b_conv300,2567,38813332000.0,64856603315.0
llama3-8b_conv300,2568,38813332000.0,64872979244.0
llama3-8b_conv300,2569,38813332000.0,64889355173.0
llama3-8b_conv300,2570,38813332000.0,64905645762.0
llama3-8b_conv300,2571,38813332000.0,64921938399.0
llama3-8b_conv300,2572,38813332000.0,64938231036.0
llama3-8b_conv300,2573,38813332000.0,64954523673.0
llama3-8b_conv300,2574,38813332000.0,64970816310.0
llama3-8b_conv300,2575,38813332000.0,64987108947.0
llama3-8b_conv300,2576,38813332000.0,65003401584.0
llama3-8b_conv300,2577,38813332000.0,65019694221.0
llama3-8b_conv300,2578,39091915000.0,65248535722.0
llama3-8b_conv300,2579,39091915000.0,65481862855.0
llama3-8b_conv300,2580,39091915000.0,65719675620.0
llama3-8b_conv300,2581,39091915000.0,65962068225.0
llama3-8b_conv300,2582,39091915000.0,66208581406.0
llama3-8b_conv300,2583,39091915000.0,66459947323.0
llama3-8b_conv300,2584,39091915000.0,66715881304.0
llama3-8b_conv300,2585,39091915000.0,66976406901.0
llama3-8b_conv300,2586,39220584000.0,67207431216.0
llama3-8b_conv300,2587,39220584000.0,67441241675.0
llama3-8b_conv300,2588,39324127000.0,67672786693.0
llama3-8b_conv300,2589,39324127000.0,67904463167.0
llama3-8b_conv300,2590,39637764000.0,68137390742.0
llama3-8b_conv300,2591,39645191000.0,68365319020.0
llama3-8b_conv300,2592,39645191000.0,68597223874.0
llama3-8b_conv300,2593,39645191000.0,68779588767.0
llama3-8b_conv300,2594,39645191000.0,68796950150.0
llama3-8b_conv300,2595,39645191000.0,68814226193.0
llama3-8b_conv300,2596,39645191000.0,68831502236.0
llama3-8b_conv300,2597,39645191000.0,68848778279.0
llama3-8b_conv300,2598,39645191000.0,68866054322.0
llama3-8b_conv300,2599,39645191000.0,68883330365.0
llama3-8b_conv300,2600,39645191000.0,68900606408.0
llama3-8b_conv300,2601,39645191000.0,68917882451.0
llama3-8b_conv300,2602,39645191000.0,68935158494.0
llama3-8b_conv300,2603,39645191000.0,68952434537.0
llama3-8b_conv300,2604,39645191000.0,68969710580.0
llama3-8b_conv300,2605,39645191000.0,68987012223.0
llama3-8b_conv300,2606,39645191000.0,69004313866.0
llama3-8b_conv300,2607,39645191000.0,69021615509.0
llama3-8b_conv300,2608,39645191000.0,69038917152.0
llama3-8b_conv300,2609,39645191000.0,69056218795.0
llama3-8b_conv300,2610,40041867000.0,69084041554.0
llama3-8b_conv300,2611,40041867000.0,69101400889.0
llama3-8b_conv300,2612,40041867000.0,69118566340.0
llama3-8b_conv300,2613,40041867000.0,69135731791.0
llama3-8b_conv300,2614,40041867000.0,69152897242.0
llama3-8b_conv300,2615,40041867000.0,69170062693.0
llama3-8b_conv300,2616,40041867000.0,69187228144.0
llama3-8b_conv300,2617,40041867000.0,69204393595.0
llama3-8b_conv300,2618,40041867000.0,69221559046.0
llama3-8b_conv300,2619,40041867000.0,69238724497.0
llama3-8b_conv300,2620,40041867000.0,69255889948.0
llama3-8b_conv300,2621,40041867000.0,69273055399.0
llama3-8b_conv300,2622,40041867000.0,69290220850.0
llama3-8b_conv300,2623,40041867000.0,69306911842.0
llama3-8b_conv300,2624,40041867000.0,69323604882.0
llama3-8b_conv300,2625,40041867000.0,69340297922.0
llama3-8b_conv300,2626,40041867000.0,69356990962.0
llama3-8b_conv300,2627,40041867000.0,69373684002.0
llama3-8b_conv300,2628,40041867000.0,69390377042.0
llama3-8b_conv300,2629,40041867000.0,69407070082.0
llama3-8b_conv300,2630,40041867000.0,69423763122.0
llama3-8b_conv300,2631,40041867000.0,69440456162.0
llama3-8b_conv300,2632,40041867000.0,69457149202.0
llama3-8b_conv300,2633,40041867000.0,69473842242.0
llama3-8b_conv300,2634,40041867000.0,69490535282.0
llama3-8b_conv300,2635,40350634000.0,69719763401.0
llama3-8b_conv300,2636,40350634000.0,69953464352.0
llama3-8b_conv300,2637,40350634000.0,70191543927.0
llama3-8b_conv300,2638,40350634000.0,70434284750.0
llama3-8b_conv300,2639,40350634000.0,70681121573.0
llama3-8b_conv300,2640,40479164000.0,70913667451.0
llama3-8b_conv300,2641,40479164000.0,71147615185.0
llama3-8b_conv300,2642,40479164000.0,71261390039.0
llama3-8b_conv300,2643,40479164000.0,71278138722.0
llama3-8b_conv300,2644,40479164000.0,71294887405.0
llama3-8b_conv300,2645,40479164000.0,71311636088.0
llama3-8b_conv300,2646,40479164000.0,71328384771.0
llama3-8b_conv300,2647,40479164000.0,71345133454.0
llama3-8b_conv300,2648,40479164000.0,71361882137.0
llama3-8b_conv300,2649,40479164000.0,71378630820.0
llama3-8b_conv300,2650,40479164000.0,71395379503.0
llama3-8b_conv300,2651,40479164000.0,71412128186.0
llama3-8b_conv300,2652,40479164000.0,71428876869.0
llama3-8b_conv300,2653,40479164000.0,71445625552.0
llama3-8b_conv300,2654,40479164000.0,71462178304.0
llama3-8b_conv300,2655,40479164000.0,71478533076.0
llama3-8b_conv300,2656,40479164000.0,71494887848.0
llama3-8b_conv300,2657,40479164000.0,71511242620.0
llama3-8b_conv300,2658,40479164000.0,71527597392.0
llama3-8b_conv300,2659,40479164000.0,71543952164.0
llama3-8b_conv300,2660,40479164000.0,71560306936.0
llama3-8b_conv300,2661,40479164000.0,71576661708.0
llama3-8b_conv300,2662,40479164000.0,71593016480.0
llama3-8b_conv300,2663,40479164000.0,71609371252.0
llama3-8b_conv300,2664,40479164000.0,71625726024.0
llama3-8b_conv300,2665,40479164000.0,71642080796.0
llama3-8b_conv300,2666,40479164000.0,71658435568.0
llama3-8b_conv300,2667,40479164000.0,71674790340.0
llama3-8b_conv300,2668,40479164000.0,71691145112.0
llama3-8b_conv300,2669,40479164000.0,71707499884.0
llama3-8b_conv300,2670,40479164000.0,71723854656.0
llama3-8b_conv300,2671,40479164000.0,71740209428.0
llama3-8b_conv300,2672,40479164000.0,71756564200.0
llama3-8b_conv300,2673,40479164000.0,71772918972.0
llama3-8b_conv300,2674,40479164000.0,71789273744.0
llama3-8b_conv300,2675,40479164000.0,71805628516.0
llama3-8b_conv300,2676,40479164000.0,71821983288.0
llama3-8b_conv300,2677,40479164000.0,71838338060.0
llama3-8b_conv300,2678,41125873000.0,71900756106.0
llama3-8b_conv300,2679,41125873000.0,71917168570.0
llama3-8b_conv300,2680,41125873000.0,71933583082.0
llama3-8b_conv300,2681,41125873000.0,71949997594.0
llama3-8b_conv300,2682,41125873000.0,71966412106.0
llama3-8b_conv300,2683,41125873000.0,71982826618.0
llama3-8b_conv300,2684,41125873000.0,71999241130.0
llama3-8b_conv300,2685,41125873000.0,72015655642.0
llama3-8b_conv300,2686,41125873000.0,72032070154.0
llama3-8b_conv300,2687,41125873000.0,72048484666.0
llama3-8b_conv300,2688,41125873000.0,72064899178.0
llama3-8b_conv300,2689,41125873000.0,72081313690.0
llama3-8b_conv300,2690,41125873000.0,72097394030.0
llama3-8b_conv300,2691,41125873000.0,72113474370.0
llama3-8b_conv300,2692,41125873000.0,72129554710.0
llama3-8b_conv300,2693,41125873000.0,72145547663.0
llama3-8b_conv300,2694,41125873000.0,72161540616.0
llama3-8b_conv300,2695,41125873000.0,72177533569.0
llama3-8b_conv300,2696,41125873000.0,72193528570.0
llama3-8b_conv300,2697,41357391000.0,72390757830.0
llama3-8b_conv300,2698,41357391000.0,72406840218.0
llama3-8b_conv300,2699,41357391000.0,72422948206.0
llama3-8b_conv300,2700,41357391000.0,72439056194.0
llama3-8b_conv300,2701,41357391000.0,72455164182.0
llama3-8b_conv300,2702,41357391000.0,72471272170.0
llama3-8b_conv300,2703,41357391000.0,72487380158.0
llama3-8b_conv300,2704,41357391000.0,72503488146.0
llama3-8b_conv300,2705,41357391000.0,72519596134.0
llama3-8b_conv300,2706,41357391000.0,72535704122.0
llama3-8b_conv300,2707,41357391000.0,72551812110.0
llama3-8b_conv300,2708,41357391000.0,72567920098.0
llama3-8b_conv300,2709,41357391000.0,72584028086.0
llama3-8b_conv300,2710,41357391000.0,72600136074.0
llama3-8b_conv300,2711,41357391000.0,72616244062.0
llama3-8b_conv300,2712,41357391000.0,72632352050.0
llama3-8b_conv300,2713,41357391000.0,72648460038.0
llama3-8b_conv300,2714,41357391000.0,72664568026.0
llama3-8b_conv300,2715,41357391000.0,72680676014.0
llama3-8b_conv300,2716,41357391000.0,72696784002.0
llama3-8b_conv300,2717,41357391000.0,72712891990.0
llama3-8b_conv300,2718,41357391000.0,72728999978.0
llama3-8b_conv300,2719,41357391000.0,72745107966.0
llama3-8b_conv300,2720,41357391000.0,72761215954.0
llama3-8b_conv300,2721,41357391000.0,72777323942.0
llama3-8b_conv300,2722,41357391000.0,72793431930.0
llama3-8b_conv300,2723,41357391000.0,72809539918.0
llama3-8b_conv300,2724,41357391000.0,72825647906.0
llama3-8b_conv300,2725,41357391000.0,72841755894.0
llama3-8b_conv300,2726,41357391000.0,72857863882.0
llama3-8b_conv300,2727,41357391000.0,72873971870.0
llama3-8b_conv300,2728,41357391000.0,72890079858.0
llama3-8b_conv300,2729,41357391000.0,72906187846.0
llama3-8b_conv300,2730,41357391000.0,72922295834.0
llama3-8b_conv300,2731,41357391000.0,72938403822.0
llama3-8b_conv300,2732,41357391000.0,72954511810.0
llama3-8b_conv300,2733,41357391000.0,72970621846.0
llama3-8b_conv300,2734,41357391000.0,72986731882.0
llama3-8b_conv300,2735,41357391000.0,73002841918.0
llama3-8b_conv300,2736,41357391000.0,73018951954.0
llama3-8b_conv300,2737,41357391000.0,73035061990.0
llama3-8b_conv300,2738,41357391000.0,73051172026.0
llama3-8b_conv300,2739,41357391000.0,73067282062.0
llama3-8b_conv300,2740,41357391000.0,73083443298.0
llama3-8b_conv300,2741,41357391000.0,73099604534.0
llama3-8b_conv300,2742,41357391000.0,73115765770.0
llama3-8b_conv300,2743,41357391000.0,73131927006.0
llama3-8b_conv300,2744,41357391000.0,73148088242.0
llama3-8b_conv300,2745,41357391000.0,73164249478.0
llama3-8b_conv300,2746,41357391000.0,73180410714.0
llama3-8b_conv300,2747,41357391000.0,73196571950.0
llama3-8b_conv300,2748,41357391000.0,73212733186.0
llama3-8b_conv300,2749,41357391000.0,73228894422.0
llama3-8b_conv300,2750,41357391000.0,73245055658.0
llama3-8b_conv300,2751,41357391000.0,73261216894.0
llama3-8b_conv300,2752,41357391000.0,73277403730.0
llama3-8b_conv300,2753,41357391000.0,73293590566.0
llama3-8b_conv300,2754,41357391000.0,73309777402.0
llama3-8b_conv300,2755,41357391000.0,73325964238.0
llama3-8b_conv300,2756,41357391000.0,73342151074.0
llama3-8b_conv300,2757,41357391000.0,73358337910.0
llama3-8b_conv300,2758,41357391000.0,73374524746.0
llama3-8b_conv300,2759,41357391000.0,73390711582.0
llama3-8b_conv300,2760,41357391000.0,73406898418.0
llama3-8b_conv300,2761,41357391000.0,73423085254.0
llama3-8b_conv300,2762,41357391000.0,73439272090.0
llama3-8b_conv300,2763,41357391000.0,73455458926.0
llama3-8b_conv300,2764,41357391000.0,73471645762.0
llama3-8b_conv300,2765,41357391000.0,73487832598.0
llama3-8b_conv300,2766,41357391000.0,73504019434.0
llama3-8b_conv300,2767,41357391000.0,73520206270.0
llama3-8b_conv300,2768,41357391000.0,73536393106.0
llama3-8b_conv300,2769,41357391000.0,73552579942.0
llama3-8b_conv300,2770,41357391000.0,73568766778.0
llama3-8b_conv300,2771,41357391000.0,73584981262.0
llama3-8b_conv300,2772,41357391000.0,73601195746.0
llama3-8b_conv300,2773,41357391000.0,73617410230.0
llama3-8b_conv300,2774,41357391000.0,73633624714.0
llama3-8b_conv300,2775,41357391000.0,73649839198.0
llama3-8b_conv300,2776,41357391000.0,73666053682.0
llama3-8b_conv300,2777,42334055000.0,73894760525.0
llama3-8b_conv300,2778,42334055000.0,74127982184.0
llama3-8b_conv300,2779,42334055000.0,74185278445.0
llama3-8b_conv300,2780,42334055000.0,74201627073.0
llama3-8b_conv300,2781,42334055000.0,74217862714.0
llama3-8b_conv300,2782,42334055000.0,74234123955.0
llama3-8b_conv300,2783,42334055000.0,74250385196.0
llama3-8b_conv300,2784,42334055000.0,74266646437.0
llama3-8b_conv300,2785,42334055000.0,74282907678.0
llama3-8b_conv300,2786,42334055000.0,74299168919.0
llama3-8b_conv300,2787,42530625000.0,74526332241.0
llama3-8b_conv300,2788,42545263000.0,74755179624.0
llama3-8b_conv300,2789,42545263000.0,74988595903.0
llama3-8b_conv300,2790,42563820000.0,75219428021.0
llama3-8b_conv300,2791,42563820000.0,75451832587.0
llama3-8b_conv300,2792,42685223000.0,75681502144.0
llama3-8b_conv300,2793,42691238000.0,75913399493.0
llama3-8b_conv300,2794,42691238000.0,76143808330.0
llama3-8b_conv300,2795,42715300000.0,76374746830.0
llama3-8b_conv300,2796,42715300000.0,76606266194.0
llama3-8b_conv300,2797,42715300000.0,76841198038.0
llama3-8b_conv300,2798,42808573000.0,77071315353.0
llama3-8b_conv300,2799,42999747000.0,77304674810.0
llama3-8b_conv300,2800,42999747000.0,77367844901.0
llama3-8b_conv300,2801,42999747000.0,77385226792.0
llama3-8b_conv300,2802,42999747000.0,77402608683.0
llama3-8b_conv300,2803,42999747000.0,77419990574.0
llama3-8b_conv300,2804,42999747000.0,77437372465.0
llama3-8b_conv300,2805,42999747000.0,77454754356.0
llama3-8b_conv300,2806,42999747000.0,77471937276.0
llama3-8b_conv300,2807,43193461000.0,77562356482.0
llama3-8b_conv300,2808,43193461000.0,77579625733.0
llama3-8b_conv300,2809,43193461000.0,77596894984.0
llama3-8b_conv300,2810,43193461000.0,77614164235.0
llama3-8b_conv300,2811,43193461000.0,77631433486.0
llama3-8b_conv300,2812,43193461000.0,77648702737.0
llama3-8b_conv300,2813,43193461000.0,77665971988.0
llama3-8b_conv300,2814,43193461000.0,77683241239.0
llama3-8b_conv300,2815,43193461000.0,77700510490.0
llama3-8b_conv300,2816,43193461000.0,77717781789.0
llama3-8b_conv300,2817,43193461000.0,77735053088.0
llama3-8b_conv300,2818,43193461000.0,77752324387.0
llama3-8b_conv300,2819,43193461000.0,77769597734.0
llama3-8b_conv300,2820,43193461000.0,77786871081.0
llama3-8b_conv300,2821,43193461000.0,77804144428.0
llama3-8b_conv300,2822,43193461000.0,77821417775.0
llama3-8b_conv300,2823,43193461000.0,77838691122.0
llama3-8b_conv300,2824,43193461000.0,77855964469.0
llama3-8b_conv300,2825,43193461000.0,77873237816.0
llama3-8b_conv300,2826,43193461000.0,77890513211.0
llama3-8b_conv300,2827,43193461000.0,77907790654.0
llama3-8b_conv300,2828,43193461000.0,77925068097.0
llama3-8b_conv300,2829,43193461000.0,77942345540.0
llama3-8b_conv300,2830,43193461000.0,77959625031.0
llama3-8b_conv300,2831,43193461000.0,77976904522.0
llama3-8b_conv300,2832,43193461000.0,77994184013.0
llama3-8b_conv300,2833,43193461000.0,78011463504.0
llama3-8b_conv300,2834,43193461000.0,78028742995.0
llama3-8b_conv300,2835,43193461000.0,78046022486.0
llama3-8b_conv300,2836,43193461000.0,78063301977.0
llama3-8b_conv300,2837,43589055000.0,78259301334.0
llama3-8b_conv300,2838,43609910000.0,78489128628.0
llama3-8b_conv300,2839,43609910000.0,78723339666.0
llama3-8b_conv300,2840,43609910000.0,78817115093.0
llama3-8b_conv300,2841,43609910000.0,78834679887.0
llama3-8b_conv300,2842,43609910000.0,78852244681.0
llama3-8b_conv300,2843,43609910000.0,78869809475.0
llama3-8b_conv300,2844,43609910000.0,78887374269.0
llama3-8b_conv300,2845,43791124000.0,79006744153.0
llama3-8b_conv300,2846,43791124000.0,79024369647.0
llama3-8b_conv300,2847,43791124000.0,79041995141.0
llama3-8b_conv300,2848,43791124000.0,79059620635.0
llama3-8b_conv300,2849,43791124000.0,79077246129.0
llama3-8b_conv300,2850,43791124000.0,79094871623.0
llama3-8b_conv300,2851,43791124000.0,79112497117.0
llama3-8b_conv300,2852,43893426000.0,79342549209.0
llama3-8b_conv300,2853,43893426000.0,79576980437.0
llama3-8b_conv300,2854,43923071000.0,79807681071.0
llama3-8b_conv300,2855,43923071000.0,80042216777.0
llama3-8b_conv300,2856,44040741000.0,80278567618.0
llama3-8b_conv300,2857,44040741000.0,80509942779.0
llama3-8b_conv300,2858,44040741000.0,80745718068.0
llama3-8b_conv300,2859,44061321000.0,80976849741.0
llama3-8b_conv300,2860,44061321000.0,81211649670.0
llama3-8b_conv300,2861,44061321000.0,81326724631.0
llama3-8b_conv300,2862,44061321000.0,81344994112.0
llama3-8b_conv300,2863,44061321000.0,81363263593.0
llama3-8b_conv300,2864,44061321000.0,81381533074.0
llama3-8b_conv300,2865,44061321000.0,81399802555.0
llama3-8b_conv300,2866,44061321000.0,81418072036.0
llama3-8b_conv300,2867,44061321000.0,81436341517.0
llama3-8b_conv300,2868,44061321000.0,81454615094.0
llama3-8b_conv300,2869,44061321000.0,81472888671.0
llama3-8b_conv300,2870,44061321000.0,81491162248.0
llama3-8b_conv300,2871,44061321000.0,81509435825.0
llama3-8b_conv300,2872,44061321000.0,81527709402.0
llama3-8b_conv300,2873,44061321000.0,81545982979.0
llama3-8b_conv300,2874,44061321000.0,81564256556.0
llama3-8b_conv300,2875,44061321000.0,81582530133.0
llama3-8b_conv300,2876,44061321000.0,81600803710.0
llama3-8b_conv300,2877,44061321000.0,81619077287.0
llama3-8b_conv300,2878,44061321000.0,81637350864.0
llama3-8b_conv300,2879,44061321000.0,81655536093.0
llama3-8b_conv300,2880,44061321000.0,81673723370.0
llama3-8b_conv300,2881,44061321000.0,81691824316.0
llama3-8b_conv300,2882,44061321000.0,81709950862.0
llama3-8b_conv300,2883,44061321000.0,81728077408.0
llama3-8b_conv300,2884,44061321000.0,81746203954.0
llama3-8b_conv300,2885,44061321000.0,81764330500.0
llama3-8b_conv300,2886,44061321000.0,81782484694.0
llama3-8b_conv300,2887,44061321000.0,81800638888.0
llama3-8b_conv300,2888,44061321000.0,81818793082.0
llama3-8b_conv300,2889,44061321000.0,81836947276.0
llama3-8b_conv300,2890,44061321000.0,81855101470.0
llama3-8b_conv300,2891,44061321000.0,81873255664.0
llama3-8b_conv300,2892,44061321000.0,81891409858.0
llama3-8b_conv300,2893,44061321000.0,81909390680.0
llama3-8b_conv300,2894,44061321000.0,81927371502.0
llama3-8b_conv300,2895,44061321000.0,81945352324.0
llama3-8b_conv300,2896,44061321000.0,81963333146.0
llama3-8b_conv300,2897,44061321000.0,81981313968.0
llama3-8b_conv300,2898,44061321000.0,81999294790.0
llama3-8b_conv300,2899,44061321000.0,82017303260.0
llama3-8b_conv300,2900,44061321000.0,82035311730.0
llama3-8b_conv300,2901,44828079000.0,82265746798.0
llama3-8b_conv300,2902,44828079000.0,82500561002.0
llama3-8b_conv300,2903,44828079000.0,82575354353.0
llama3-8b_conv300,2904,44828079000.0,82593532099.0
llama3-8b_conv300,2905,44828079000.0,82611709845.0
llama3-8b_conv300,2906,44828079000.0,82629887591.0
llama3-8b_conv300,2907,44828079000.0,82648067385.0
llama3-8b_conv300,2908,44828079000.0,82666247179.0
llama3-8b_conv300,2909,45009757000.0,82896820517.0
llama3-8b_conv300,2910,45009757000.0,83131743295.0
llama3-8b_conv300,2911,45025513000.0,83362601944.0
llama3-8b_conv300,2912,45025513000.0,83596582673.0
llama3-8b_conv300,2913,45104946000.0,83833709448.0
llama3-8b_conv300,2914,45104946000.0,84065658847.0
llama3-8b_conv300,2915,45174957000.0,84298103539.0
llama3-8b_conv300,2916,45174957000.0,84530240359.0
llama3-8b_conv300,2917,45246852000.0,84762188867.0
llama3-8b_conv300,2918,45246852000.0,84995448543.0
llama3-8b_conv300,2919,45246852000.0,85178011111.0
llama3-8b_conv300,2920,45502752000.0,85409424514.0
llama3-8b_conv300,2921,45502752000.0,85645112605.0
llama3-8b_conv300,2922,45530242000.0,85878298678.0
llama3-8b_conv300,2923,45530242000.0,86113061103.0
llama3-8b_conv300,2924,45530242000.0,86268634533.0
llama3-8b_conv300,2925,45530242000.0,86288008898.0
llama3-8b_conv300,2926,45530242000.0,86307383263.0
llama3-8b_conv300,2927,45530242000.0,86326757628.0
llama3-8b_conv300,2928,45530242000.0,86346131993.0
llama3-8b_conv300,2929,45530242000.0,86365531958.0
llama3-8b_conv300,2930,45530242000.0,86384931923.0
llama3-8b_conv300,2931,45530242000.0,86404331888.0
llama3-8b_conv300,2932,45530242000.0,86423731853.0
llama3-8b_conv300,2933,45530242000.0,86443131818.0
llama3-8b_conv300,2934,45530242000.0,86462531783.0
llama3-8b_conv300,2935,45530242000.0,86481931748.0
llama3-8b_conv300,2936,45530242000.0,86501331713.0
llama3-8b_conv300,2937,45530242000.0,86520731678.0
llama3-8b_conv300,2938,45530242000.0,86540131643.0
llama3-8b_conv300,2939,45530242000.0,86559533656.0
llama3-8b_conv300,2940,45530242000.0,86578935669.0
llama3-8b_conv300,2941,45530242000.0,86598339730.0
llama3-8b_conv300,2942,45530242000.0,86617743791.0
llama3-8b_conv300,2943,45530242000.0,86637147852.0
llama3-8b_conv300,2944,45980822000.0,86868863365.0
llama3-8b_conv300,2945,45980822000.0,87104857150.0
llama3-8b_conv300,2946,45980822000.0,87344846583.0
llama3-8b_conv300,2947,45980822000.0,87589422512.0
llama3-8b_conv300,2948,45980822000.0,87838088297.0
llama3-8b_conv300,2949,45980822000.0,88090749730.0
llama3-8b_conv300,2950,46102321000.0,88323014778.0
llama3-8b_conv300,2951,46102321000.0,88559411346.0
llama3-8b_conv300,2952,46102321000.0,88800219306.0
llama3-8b_conv300,2953,46102321000.0,89044053186.0
llama3-8b_conv300,2954,46102321000.0,89293306074.0
llama3-8b_conv300,2955,46102321000.0,89546550514.0
llama3-8b_conv300,2956,46102321000.0,89804747018.0
llama3-8b_conv300,2957,46102321000.0,90065127714.0
llama3-8b_conv300,2958,46190439000.0,90310644602.0
llama3-8b_conv300,2959,46190439000.0,90545118098.0
llama3-8b_conv300,2960,46230075000.0,90781558730.0
llama3-8b_conv300,2961,46230075000.0,91015038946.0
llama3-8b_conv300,2962,46406559000.0,91251331289.0
llama3-8b_conv300,2963,46406559000.0,91483947568.0
llama3-8b_conv300,2964,46626689000.0,91720875237.0
llama3-8b_conv300,2965,46678144000.0,91952134969.0
llama3-8b_conv300,2966,46678144000.0,92187020782.0
llama3-8b_conv300,2967,46678144000.0,92426026659.0
llama3-8b_conv300,2968,46678144000.0,92669466968.0
llama3-8b_conv300,2969,46678144000.0,92917066765.0
llama3-8b_conv300,2970,46678144000.0,93168654530.0
llama3-8b_conv300,2971,46678144000.0,93425044343.0
llama3-8b_conv300,2972,46678144000.0,93685099052.0
llama3-8b_conv300,2973,47209725000.0,93943358592.0
llama3-8b_conv300,2974,47209725000.0,94021921149.0
llama3-8b_conv300,2975,47459940000.0,94255237840.0
llama3-8b_conv300,2976,47459940000.0,94492791843.0
llama3-8b_conv300,2977,47459940000.0,94709093349.0
llama3-8b_conv300,2978,47459940000.0,94731841548.0
llama3-8b_conv300,2979,47459940000.0,94754589747.0
llama3-8b_conv300,2980,47459940000.0,94777339994.0
llama3-8b_conv300,2981,47459940000.0,94799433221.0
llama3-8b_conv300,2982,47459940000.0,94821526448.0
llama3-8b_conv300,2983,47459940000.0,94843619675.0
llama3-8b_conv300,2984,47459940000.0,94865712902.0
llama3-8b_conv300,2985,47459940000.0,94886872630.0
llama3-8b_conv300,2986,47459940000.0,94908032358.0
llama3-8b_conv300,2987,47734062000.0,95140629531.0
llama3-8b_conv300,2988,47734062000.0,95377480400.0
llama3-8b_conv300,2989,47734062000.0,95515056545.0
llama3-8b_conv300,2990,47734062000.0,95536871244.0
llama3-8b_conv300,2991,47734062000.0,95558687991.0
llama3-8b_conv300,2992,47734062000.0,95580504738.0
llama3-8b_conv300,2993,47734062000.0,95602321485.0
llama3-8b_conv300,2994,47925302000.0,95835140193.0
llama3-8b_conv300,2995,47925302000.0,96072204405.0
llama3-8b_conv300,2996,47925302000.0,96120924271.0
llama3-8b_conv300,2997,48032991000.0,96353909186.0
llama3-8b_conv300,2998,48032991000.0,96591157013.0
llama3-8b_conv300,2999,48045529000.0,96826143238.0
llama3-8b_conv300,3000,48045529000.0,97061322935.0
llama3-8b_conv300,3001,48045529000.0,97300731752.0
llama3-8b_conv300,3002,48045529000.0,97544392379.0
llama3-8b_conv300,3003,48045529000.0,97792231438.0
llama3-8b_conv300,3004,48045529000.0,98044003681.0
llama3-8b_conv300,3005,48045529000.0,98300602036.0
llama3-8b_conv300,3006,48045529000.0,98559121608.0
llama3-8b_conv300,3007,48134608000.0,98820322171.0
llama3-8b_conv300,3008,48134608000.0,99053696206.0
llama3-8b_conv300,3009,48134608000.0,99290928354.0
llama3-8b_conv300,3010,48296375000.0,99462256488.0
llama3-8b_conv300,3011,48296375000.0,99485389291.0
llama3-8b_conv300,3012,48709657000.0,99718653084.0
llama3-8b_conv300,3013,48709657000.0,99956145997.0
llama3-8b_conv300,3014,48709657000.0,100106641350.0
llama3-8b_conv300,3015,48709657000.0,100130431172.0
llama3-8b_conv300,3016,48709657000.0,100153538375.0
llama3-8b_conv300,3017,48709657000.0,100176645578.0
llama3-8b_conv300,3018,48709657000.0,100199752781.0
llama3-8b_conv300,3019,48709657000.0,100221656568.0
llama3-8b_conv300,3020,48709657000.0,100243560355.0
llama3-8b_conv300,3021,48709657000.0,100265466190.0
llama3-8b_conv300,3022,48709657000.0,100286438526.0
llama3-8b_conv300,3023,48709657000.0,100307410862.0
llama3-8b_conv300,3024,48709657000.0,100327862402.0
llama3-8b_conv300,3025,48709657000.0,100348313942.0
llama3-8b_conv300,3026,48995607000.0,100580638381.0
llama3-8b_conv300,3027,48995607000.0,100817224708.0
llama3-8b_conv300,3028,48995607000.0,100844496628.0
llama3-8b_conv300,3029,48995607000.0,100865549860.0
llama3-8b_conv300,3030,48995607000.0,100886605140.0
llama3-8b_conv300,3031,48995607000.0,100907660420.0
llama3-8b_conv300,3032,48995607000.0,100928715700.0
llama3-8b_conv300,3033,48995607000.0,100949796580.0
llama3-8b_conv300,3034,48995607000.0,100970877460.0
llama3-8b_conv300,3035,48995607000.0,100991983940.0
llama3-8b_conv300,3036,48995607000.0,101013090420.0
llama3-8b_conv300,3037,49227038000.0,101125537000.0
llama3-8b_conv300,3038,49227038000.0,101147162259.0
llama3-8b_conv300,3039,49227038000.0,101168787518.0
llama3-8b_conv300,3040,49227038000.0,101190412777.0
llama3-8b_conv300,3041,49227038000.0,101212038036.0
llama3-8b_conv300,3042,49227038000.0,101233663295.0
llama3-8b_conv300,3043,49227038000.0,101255288554.0
llama3-8b_conv300,3044,49227038000.0,101276913813.0
llama3-8b_conv300,3045,49227038000.0,101298045893.0
llama3-8b_conv300,3046,49227038000.0,101319177973.0
llama3-8b_conv300,3047,49227038000.0,101340310053.0
llama3-8b_conv300,3048,49227038000.0,101361467733.0
llama3-8b_conv300,3049,49227038000.0,101382625413.0
llama3-8b_conv300,3050,49227038000.0,101403783093.0
llama3-8b_conv300,3051,49227038000.0,101424966373.0
llama3-8b_conv300,3052,49227038000.0,101446151701.0
llama3-8b_conv300,3053,49227038000.0,101467337029.0
llama3-8b_conv300,3054,49227038000.0,101488522357.0
llama3-8b_conv300,3055,49227038000.0,101509733285.0
llama3-8b_conv300,3056,49227038000.0,101530944213.0
llama3-8b_conv300,3057,49227038000.0,101552157189.0
llama3-8b_conv300,3058,49227038000.0,101573370165.0
llama3-8b_conv300,3059,49561183000.0,101673494675.0
llama3-8b_conv300,3060,49587457000.0,101906228391.0
llama3-8b_conv300,3061,49587457000.0,102143207611.0
llama3-8b_conv300,3062,49660912000.0,102376828462.0
llama3-8b_conv300,3063,49660912000.0,102612959617.0
llama3-8b_conv300,3064,49724480000.0,102846048754.0
llama3-8b_conv300,3065,49724480000.0,103083395235.0
llama3-8b_conv300,3066,49742685000.0,103317633747.0
llama3-8b_conv300,3067,49742685000.0,103553616772.0
llama3-8b_conv300,3068,49742691000.0,103788091924.0
llama3-8b_conv300,3069,49742691000.0,104023089700.0
llama3-8b_conv300,3070,49832434000.0,104258130674.0
llama3-8b_conv300,3071,49832434000.0,104493278784.0
llama3-8b_conv300,3072,49878430000.0,104726928236.0
llama3-8b_conv300,3073,49878430000.0,104962252312.0
llama3-8b_conv300,3074,50228524000.0,105201681059.0
llama3-8b_conv300,3075,50228524000.0,105435240110.0
llama3-8b_conv300,3076,50228524000.0,105672995513.0
llama3-8b_conv300,3077,50228524000.0,105706389318.0
llama3-8b_conv300,3078,50228524000.0,105732257299.0
llama3-8b_conv300,3079,50228524000.0,105758125280.0
llama3-8b_conv300,3080,50228524000.0,105783993261.0
llama3-8b_conv300,3081,50228524000.0,105809861242.0
llama3-8b_conv300,3082,50228524000.0,105835731271.0
llama3-8b_conv300,3083,50228524000.0,105861601300.0
llama3-8b_conv300,3084,50486136000.0,106095368093.0
llama3-8b_conv300,3085,50486136000.0,106333362470.0
llama3-8b_conv300,3086,50486136000.0,106428528148.0
llama3-8b_conv300,3087,50486136000.0,106454423777.0
llama3-8b_conv300,3088,50486136000.0,106480319406.0
llama3-8b_conv300,3089,50631087000.0,106596195938.0
llama3-8b_conv300,3090,50657657000.0,106828568264.0
llama3-8b_conv300,3091,50657657000.0,107064624878.0
llama3-8b_conv300,3092,50657657000.0,107304711956.0
llama3-8b_conv300,3093,50741785000.0,107539259577.0
llama3-8b_conv300,3094,50741785000.0,107776623678.0
llama3-8b_conv300,3095,50894221000.0,108011424642.0
llama3-8b_conv300,3096,50894221000.0,108248948806.0
llama3-8b_conv300,3097,50908333000.0,108484662440.0
llama3-8b_conv300,3098,50908333000.0,108721182410.0
llama3-8b_conv300,3099,50995179000.0,108957502123.0
llama3-8b_conv300,3100,51121242000.0,109191246283.0
llama3-8b_conv300,3101,51121242000.0,109428025483.0
llama3-8b_conv300,3102,51121242000.0,109647817728.0
llama3-8b_conv300,3103,51121242000.0,109678489194.0
llama3-8b_conv300,3104,51121242000.0,109709160660.0
llama3-8b_conv300,3105,51121242000.0,109739834174.0
llama3-8b_conv300,3106,51121242000.0,109770507688.0
llama3-8b_conv300,3107,51121242000.0,109801181202.0
llama3-8b_conv300,3108,51365096000.0,110036267568.0
llama3-8b_conv300,3109,51365096000.0,110275476558.0
llama3-8b_conv300,3110,51365096000.0,110399789445.0
llama3-8b_conv300,3111,51479026000.0,110635067650.0
llama3-8b_conv300,3112,51479026000.0,110858342452.0
llama3-8b_conv300,3113,51479026000.0,110890268533.0
llama3-8b_conv300,3114,51479026000.0,110922194614.0
llama3-8b_conv300,3115,51621416000.0,111157636977.0
llama3-8b_conv300,3116,51678347000.0,111395034571.0
llama3-8b_conv300,3117,51678347000.0,111631583205.0
llama3-8b_conv300,3118,51678347000.0,111871291903.0
llama3-8b_conv300,3119,51678347000.0,111941753300.0
llama3-8b_conv300,3120,51678347000.0,111974910476.0
llama3-8b_conv300,3121,51678347000.0,112008067652.0
llama3-8b_conv300,3122,51678347000.0,112041224828.0
llama3-8b_conv300,3123,51678347000.0,112074382004.0
llama3-8b_conv300,3124,51678347000.0,112107539180.0
llama3-8b_conv300,3125,51678347000.0,112140696356.0
llama3-8b_conv300,3126,51940252000.0,112263991440.0
llama3-8b_conv300,3127,51940252000.0,112297720612.0
llama3-8b_conv300,3128,51940252000.0,112331449784.0
llama3-8b_conv300,3129,51940252000.0,112365206604.0
llama3-8b_conv300,3130,51940252000.0,112398963424.0
llama3-8b_conv300,3131,51940252000.0,112432720244.0
llama3-8b_conv300,3132,51940252000.0,112466479112.0
llama3-8b_conv300,3133,51940252000.0,112500237980.0
llama3-8b_conv300,3134,51940252000.0,112534048048.0
llama3-8b_conv300,3135,52120220000.0,112770101270.0
llama3-8b_conv300,3136,52120220000.0,113002217855.0
llama3-8b_conv300,3137,52120220000.0,113036674750.0
llama3-8b_conv300,3138,52227631000.0,113272894243.0
llama3-8b_conv300,3139,52227631000.0,113513212808.0
llama3-8b_conv300,3140,52248622000.0,113755140363.0
llama3-8b_conv300,3141,52248622000.0,113992540878.0
llama3-8b_conv300,3142,52248622000.0,114233102481.0
llama3-8b_conv300,3143,52257840000.0,114470663315.0
llama3-8b_conv300,3144,52257840000.0,114539695672.0
llama3-8b_conv300,3145,52257840000.0,114575527598.0
llama3-8b_conv300,3146,52257840000.0,114611359524.0
llama3-8b_conv300,3147,52257840000.0,114647191450.0
llama3-8b_conv300,3148,52257840000.0,114682478933.0
llama3-8b_conv300,3149,52257840000.0,114717766416.0
llama3-8b_conv300,3150,52257840000.0,114753053899.0
llama3-8b_conv300,3151,52257840000.0,114788341382.0
llama3-8b_conv300,3152,52257840000.0,114822993861.0
llama3-8b_conv300,3153,52257840000.0,114857648388.0
llama3-8b_conv300,3154,52257840000.0,114892302915.0
llama3-8b_conv300,3155,52257840000.0,114926959490.0
llama3-8b_conv300,3156,52257840000.0,114961616065.0
llama3-8b_conv300,3157,52257840000.0,114996272640.0
llama3-8b_conv300,3158,52257840000.0,115030929215.0
llama3-8b_conv300,3159,52257840000.0,115065585790.0
llama3-8b_conv300,3160,52257840000.0,115100242365.0
llama3-8b_conv300,3161,52257840000.0,115134900988.0
llama3-8b_conv300,3162,52257840000.0,115169559611.0
llama3-8b_conv300,3163,52257840000.0,115204220282.0
llama3-8b_conv300,3164,52883306000.0,115440643551.0
llama3-8b_conv300,3165,52883306000.0,115656429116.0
llama3-8b_conv300,3166,52883306000.0,115691752439.0
llama3-8b_conv300,3167,52883306000.0,115727075762.0
llama3-8b_conv300,3168,52883306000.0,115762399085.0
llama3-8b_conv300,3169,52883306000.0,115797722408.0
llama3-8b_conv300,3170,52883306000.0,115833045731.0
llama3-8b_conv300,3171,52883306000.0,115867729954.0
llama3-8b_conv300,3172,52883306000.0,115902414177.0
llama3-8b_conv300,3173,52883306000.0,115937100448.0
llama3-8b_conv300,3174,52883306000.0,115971786719.0
llama3-8b_conv300,3175,52883306000.0,116006472990.0
llama3-8b_conv300,3176,53143328000.0,116113985939.0
llama3-8b_conv300,3177,53172040000.0,116350533974.0
llama3-8b_conv300,3178,53172040000.0,116591137561.0
llama3-8b_conv300,3179,53172040000.0,116627455375.0
llama3-8b_conv300,3180,53172040000.0,116663354885.0
llama3-8b_conv300,3181,53172040000.0,116699254395.0
llama3-8b_conv300,3182,53172040000.0,116735153905.0
llama3-8b_conv300,3183,53172040000.0,116771055463.0
llama3-8b_conv300,3184,53172040000.0,116806957021.0
llama3-8b_conv300,3185,53172040000.0,116842890323.0
llama3-8b_conv300,3186,53172040000.0,116878166542.0
llama3-8b_conv300,3187,53172040000.0,116913442761.0
llama3-8b_conv300,3188,53172040000.0,116948718980.0
llama3-8b_conv300,3189,53172040000.0,116983413443.0
llama3-8b_conv300,3190,53172040000.0,117018135554.0
llama3-8b_conv300,3191,53172040000.0,117052291734.0
llama3-8b_conv300,3192,53172040000.0,117086447914.0
llama3-8b_conv300,3193,53172040000.0,117120604094.0
llama3-8b_conv300,3194,53172040000.0,117154760274.0
llama3-8b_conv300,3195,53563248000.0,117280358735.0
llama3-8b_conv300,3196,53563248000.0,117315053198.0
llama3-8b_conv300,3197,53563248000.0,117349075234.0
llama3-8b_conv300,3198,53563248000.0,117383097270.0
llama3-8b_conv300,3199,53563248000.0,117417121354.0
llama3-8b_conv300,3200,53563248000.0,117450514050.0
llama3-8b_conv300,3201,53563248000.0,117483906746.0
llama3-8b_conv300,3202,53563248000.0,117516644470.0
llama3-8b_conv300,3203,53706456000.0,117752462992.0
llama3-8b_conv300,3204,53706456000.0,117992379562.0
llama3-8b_conv300,3205,53706456000.0,118052943498.0
llama3-8b_conv300,3206,53706456000.0,118086284994.0
llama3-8b_conv300,3207,53706456000.0,118119626490.0
llama3-8b_conv300,3208,53706456000.0,118152967986.0
llama3-8b_conv300,3209,53706456000.0,118186309482.0
llama3-8b_conv300,3210,53706456000.0,118219650978.0
llama3-8b_conv300,3211,53706456000.0,118252471646.0
llama3-8b_conv300,3212,53706456000.0,118285294362.0
llama3-8b_conv300,3213,53706456000.0,118318144726.0
llama3-8b_conv300,3214,53706456000.0,118351020690.0
llama3-8b_conv300,3215,53992761000.0,118470638842.0
llama3-8b_conv300,3216,54022464000.0,118706459412.0
llama3-8b_conv300,3217,54022464000.0,118946127311.0
llama3-8b_conv300,3218,54117659000.0,119187209097.0
llama3-8b_conv300,3219,54117659000.0,119423946147.0
llama3-8b_conv300,3220,54117659000.0,119663839165.0
llama3-8b_conv300,3221,54117659000.0,119701163957.0
llama3-8b_conv300,3222,54117659000.0,119734483949.0
llama3-8b_conv300,3223,54117659000.0,119767803941.0
llama3-8b_conv300,3224,54117659000.0,119801123933.0
llama3-8b_conv300,3225,54117659000.0,119834443925.0
llama3-8b_conv300,3226,54117659000.0,119867763917.0
llama3-8b_conv300,3227,54117659000.0,119900563081.0
llama3-8b_conv300,3228,54117659000.0,119933362245.0
llama3-8b_conv300,3229,54117659000.0,119966161409.0
llama3-8b_conv300,3230,54117659000.0,119998960573.0
llama3-8b_conv300,3231,54117659000.0,120031759737.0
llama3-8b_conv300,3232,54117659000.0,120064558901.0
llama3-8b_conv300,3233,54117659000.0,120097383665.0
llama3-8b_conv300,3234,54117659000.0,120130208429.0
llama3-8b_conv300,3235,54117659000.0,120163033193.0
llama3-8b_conv300,3236,54117659000.0,120195862053.0
llama3-8b_conv300,3237,54117659000.0,120228690913.0
llama3-8b_conv300,3238,54117659000.0,120261519773.0
llama3-8b_conv300,3239,54117659000.0,120294348633.0
llama3-8b_conv300,3240,54117659000.0,120327177493.0
llama3-8b_conv300,3241,54117659000.0,120360006353.0
llama3-8b_conv300,3242,54117659000.0,120392860813.0
llama3-8b_conv300,3243,54117659000.0,120425715273.0
llama3-8b_conv300,3244,54117659000.0,120458569733.0
llama3-8b_conv300,3245,54117659000.0,120491424193.0
llama3-8b_conv300,3246,54117659000.0,120524355453.0
llama3-8b_conv300,3247,54117659000.0,120557312313.0
llama3-8b_conv300,3248,54117659000.0,120590269173.0
llama3-8b_conv300,3249,54117659000.0,120623226033.0
llama3-8b_conv300,3250,54117659000.0,120656182893.0
llama3-8b_conv300,3251,54117659000.0,120689139753.0
llama3-8b_conv300,3252,54117659000.0,120722096613.0
llama3-8b_conv300,3253,54117659000.0,120755053473.0
llama3-8b_conv300,3254,54117659000.0,120787489506.0
llama3-8b_conv300,3255,54117659000.0,120819272615.0
llama3-8b_conv300,3256,54117659000.0,120851055724.0
llama3-8b_conv300,3257,54117659000.0,120882866481.0
llama3-8b_conv300,3258,54117659000.0,120914677238.0
llama3-8b_conv300,3259,54117659000.0,120946487995.0
llama3-8b_conv300,3260,54117659000.0,120978324352.0
llama3-8b_conv300,3261,54117659000.0,121010160709.0
llama3-8b_conv300,3262,54117659000.0,121042024714.0
llama3-8b_conv300,3263,54117659000.0,121073890767.0
llama3-8b_conv300,3264,54117659000.0,121105756820.0
llama3-8b_conv300,3265,54117659000.0,121137648473.0
llama3-8b_conv300,3266,54117659000.0,121168857539.0
llama3-8b_conv300,3267,55083021000.0,121404455905.0
llama3-8b_conv300,3268,55083021000.0,121644176895.0
llama3-8b_conv300,3269,55110396000.0,121880851068.0
llama3-8b_conv300,3270,55110396000.0,121954318427.0
llama3-8b_conv300,3271,55110396000.0,121986805660.0
llama3-8b_conv300,3272,55110396000.0,122018746465.0
llama3-8b_conv300,3273,55110396000.0,122050687270.0
llama3-8b_conv300,3274,55110396000.0,122082628075.0
llama3-8b_conv300,3275,55110396000.0,122114568880.0
llama3-8b_conv300,3276,55339650000.0,122350461485.0
llama3-8b_conv300,3277,55339650000.0,122590468522.0
llama3-8b_conv300,3278,55339650000.0,122686016262.0
llama3-8b_conv300,3279,55339650000.0,122718584391.0
llama3-8b_conv300,3280,55339650000.0,122751152520.0
llama3-8b_conv300,3281,55339650000.0,122783720649.0
llama3-8b_conv300,3282,55339650000.0,122815631758.0
llama3-8b_conv300,3283,55339650000.0,122847568467.0
llama3-8b_conv300,3284,55339650000.0,122879505176.0
llama3-8b_conv300,3285,55339650000.0,122911441885.0
llama3-8b_conv300,3286,55339650000.0,122943378594.0
llama3-8b_conv300,3287,55339650000.0,122974632716.0
llama3-8b_conv300,3288,55339650000.0,123005886838.0
llama3-8b_conv300,3289,55339650000.0,123037166560.0
llama3-8b_conv300,3290,55339650000.0,123068446282.0
llama3-8b_conv300,3291,55339650000.0,123099726004.0
llama3-8b_conv300,3292,55339650000.0,123131005726.0
llama3-8b_conv300,3293,55339650000.0,123161630476.0
llama3-8b_conv300,3294,55339650000.0,123192280826.0
llama3-8b_conv300,3295,55339650000.0,123222931176.0
llama3-8b_conv300,3296,55339650000.0,123253581526.0
llama3-8b_conv300,3297,55339650000.0,123284231876.0
llama3-8b_conv300,3298,55339650000.0,123314335798.0
llama3-8b_conv300,3299,55339650000.0,123344441768.0
llama3-8b_conv300,3300,55339650000.0,123374547738.0
llama3-8b_conv300,3301,55339650000.0,123404679308.0
llama3-8b_conv300,3302,55339650000.0,123434810878.0
llama3-8b_conv300,3303,55339650000.0,123464942448.0
llama3-8b_conv300,3304,55339650000.0,123495076066.0
llama3-8b_conv300,3305,55339650000.0,123525209684.0
llama3-8b_conv300,3306,55339650000.0,123555368902.0
llama3-8b_conv300,3307,55339650000.0,123584896733.0
llama3-8b_conv300,3308,55339650000.0,123614424564.0
llama3-8b_conv300,3309,55339650000.0,123643952395.0
llama3-8b_conv300,3310,55339650000.0,123672825254.0
llama3-8b_conv300,3311,55339650000.0,123701723713.0
llama3-8b_conv300,3312,55339650000.0,123730622172.0
llama3-8b_conv300,3313,55339650000.0,123759573879.0
llama3-8b_conv300,3314,55339650000.0,123787211547.0
llama3-8b_conv300,3315,55339650000.0,123814849215.0
llama3-8b_conv300,3316,55339650000.0,123842486883.0
llama3-8b_conv300,3317,55339650000.0,123869467563.0
llama3-8b_conv300,3318,55339650000.0,123896475891.0
llama3-8b_conv300,3319,55339650000.0,123923484219.0
llama3-8b_conv300,3320,55339650000.0,123949835528.0
llama3-8b_conv300,3321,55339650000.0,123976186837.0
llama3-8b_conv300,3322,55339650000.0,124002538146.0
llama3-8b_conv300,3323,55339650000.0,124028889455.0
llama3-8b_conv300,3324,55339650000.0,124055240764.0
llama3-8b_conv300,3325,55339650000.0,124081592073.0
llama3-8b_conv300,3326,55339650000.0,124107943382.0
llama3-8b_conv300,3327,55339650000.0,124134320291.0
llama3-8b_conv300,3328,55339650000.0,124160699248.0
llama3-8b_conv300,3329,55339650000.0,124187078205.0
llama3-8b_conv300,3330,55339650000.0,124213457162.0
llama3-8b_conv300,3331,55339650000.0,124239836119.0
llama3-8b_conv300,3332,55339650000.0,124266215076.0
llama3-8b_conv300,3333,55339650000.0,124292619633.0
llama3-8b_conv300,3334,55339650000.0,124319024190.0
llama3-8b_conv300,3335,55339650000.0,124345428747.0
llama3-8b_conv300,3336,55339650000.0,124371833304.0
llama3-8b_conv300,3337,55339650000.0,124397693481.0
llama3-8b_conv300,3338,55339650000.0,124423553658.0
llama3-8b_conv300,3339,55339650000.0,124449415883.0
llama3-8b_conv300,3340,55339650000.0,124475278108.0
llama3-8b_conv300,3341,55339650000.0,124501165933.0
llama3-8b_conv300,3342,55339650000.0,124527053758.0
llama3-8b_conv300,3343,55339650000.0,124552941583.0
llama3-8b_conv300,3344,55339650000.0,124578829408.0
llama3-8b_conv300,3345,56587820000.0,124813035627.0
llama3-8b_conv300,3346,56587820000.0,125051438198.0
llama3-8b_conv300,3347,56587820000.0,125118855515.0
llama3-8b_conv300,3348,56587820000.0,125144713644.0
llama3-8b_conv300,3349,56587820000.0,125170597373.0
llama3-8b_conv300,3350,56587820000.0,125196481102.0
llama3-8b_conv300,3351,56587820000.0,125221639235.0
llama3-8b_conv300,3352,56587820000.0,125246797368.0
llama3-8b_conv300,3353,56587820000.0,125271955501.0
llama3-8b_conv300,3354,56587820000.0,125297113634.0
llama3-8b_conv300,3355,56587820000.0,125321729436.0
llama3-8b_conv300,3356,56587820000.0,125346345238.0
llama3-8b_conv300,3357,56587820000.0,125370961040.0
llama3-8b_conv300,3358,56587820000.0,125394921870.0
llama3-8b_conv300,3359,56587820000.0,125418882700.0
llama3-8b_conv300,3360,56587820000.0,125442843530.0
llama3-8b_conv300,3361,56587820000.0,125466806408.0
llama3-8b_conv300,3362,56587820000.0,125490769286.0
llama3-8b_conv300,3363,56587820000.0,125514732164.0
llama3-8b_conv300,3364,56587820000.0,125538695042.0
llama3-8b_conv300,3365,56587820000.0,125562659968.0
llama3-8b_conv300,3366,56965420000.0,125796320400.0
llama3-8b_conv300,3367,56965420000.0,126034201760.0
llama3-8b_conv300,3368,56965420000.0,126191079442.0
llama3-8b_conv300,3369,56965420000.0,126215673740.0
llama3-8b_conv300,3370,56965420000.0,126240270086.0
llama3-8b_conv300,3371,56965420000.0,126263528841.0
llama3-8b_conv300,3372,56965420000.0,126286787596.0
llama3-8b_conv300,3373,56965420000.0,126310046351.0
llama3-8b_conv300,3374,56965420000.0,126332652214.0
llama3-8b_conv300,3375,56965420000.0,126355260125.0
llama3-8b_conv300,3376,56965420000.0,126376777229.0
llama3-8b_conv300,3377,57217515000.0,126609731778.0
llama3-8b_conv300,3378,57217515000.0,126846940023.0
llama3-8b_conv300,3379,57280079000.0,127081070155.0
llama3-8b_conv300,3380,57280079000.0,127317412447.0
llama3-8b_conv300,3381,57280079000.0,127435469246.0
llama3-8b_conv300,3382,57414624000.0,127668781841.0
llama3-8b_conv300,3383,57414624000.0,127906357348.0
llama3-8b_conv300,3384,57452439000.0,128139856503.0
llama3-8b_conv300,3385,57452439000.0,128377423818.0
llama3-8b_conv300,3386,57492631000.0,128610888667.0
llama3-8b_conv300,3387,57492631000.0,128848566924.0
llama3-8b_conv300,3388,57503945000.0,129083083420.0
llama3-8b_conv300,3389,57511147000.0,129316780362.0
llama3-8b_conv300,3390,57577696000.0,129554447510.0
llama3-8b_conv300,3391,57577696000.0,129788367682.0
llama3-8b_conv300,3392,57577696000.0,130026492398.0
llama3-8b_conv300,3393,57780753000.0,130260901337.0
llama3-8b_conv300,3394,57780753000.0,130499184100.0
llama3-8b_conv300,3395,57780753000.0,130740402159.0
llama3-8b_conv300,3396,57780753000.0,130986028538.0
llama3-8b_conv300,3397,57780753000.0,131236499622.0
llama3-8b_conv300,3398,57780753000.0,131488933714.0
llama3-8b_conv300,3399,57780753000.0,131746021886.0
llama3-8b_conv300,3400,57780753000.0,132007102634.0
llama3-8b_conv300,3401,58265729000.0,132260339541.0
llama3-8b_conv300,3402,58265729000.0,132392952694.0
llama3-8b_conv300,3403,58265729000.0,132419549763.0
llama3-8b_conv300,3404,58265729000.0,132446146832.0
llama3-8b_conv300,3405,58464914000.0,132564073566.0
llama3-8b_conv300,3406,58464914000.0,132591240614.0
llama3-8b_conv300,3407,58464914000.0,132618407662.0
llama3-8b_conv300,3408,58464914000.0,132645574710.0
llama3-8b_conv300,3409,58464914000.0,132672741758.0
llama3-8b_conv300,3410,58464914000.0,132699226187.0
llama3-8b_conv300,3411,58464914000.0,132725712664.0
llama3-8b_conv300,3412,58464914000.0,132751652713.0
llama3-8b_conv300,3413,58464914000.0,132777592762.0
llama3-8b_conv300,3414,58464914000.0,132803532811.0
llama3-8b_conv300,3415,58464914000.0,132829472860.0
llama3-8b_conv300,3416,58464914000.0,132855438509.0
llama3-8b_conv300,3417,58464914000.0,132881406206.0
llama3-8b_conv300,3418,58464914000.0,132907373903.0
llama3-8b_conv300,3419,58464914000.0,132933341600.0
llama3-8b_conv300,3420,58464914000.0,132959309297.0
llama3-8b_conv300,3421,58464914000.0,132985276994.0
llama3-8b_conv300,3422,58464914000.0,133011246739.0
llama3-8b_conv300,3423,58464914000.0,133037216484.0
llama3-8b_conv300,3424,58464914000.0,133063186229.0
llama3-8b_conv300,3425,58464914000.0,133089155974.0
llama3-8b_conv300,3426,58464914000.0,133115125719.0
llama3-8b_conv300,3427,58464914000.0,133141121064.0
llama3-8b_conv300,3428,58464914000.0,133167116409.0
llama3-8b_conv300,3429,58464914000.0,133193111754.0
llama3-8b_conv300,3430,58464914000.0,133219107099.0
llama3-8b_conv300,3431,58464914000.0,133245102444.0
llama3-8b_conv300,3432,58464914000.0,133271097789.0
llama3-8b_conv300,3433,58464914000.0,133296339890.0
llama3-8b_conv300,3434,58464914000.0,133321584039.0
llama3-8b_conv300,3435,58464914000.0,133346828188.0
llama3-8b_conv300,3436,58464914000.0,133371415318.0
llama3-8b_conv300,3437,58464914000.0,133396002448.0
llama3-8b_conv300,3438,58464914000.0,133420589578.0
llama3-8b_conv300,3439,58464914000.0,133445176708.0
llama3-8b_conv300,3440,58464914000.0,133469136514.0
llama3-8b_conv300,3441,58464914000.0,133492443397.0
llama3-8b_conv300,3442,58464914000.0,133515750280.0
llama3-8b_conv300,3443,58464914000.0,133539057163.0
llama3-8b_conv300,3444,58464914000.0,133561709106.0
llama3-8b_conv300,3445,58464914000.0,133583427549.0
llama3-8b_conv300,3446,58464914000.0,133605145992.0
llama3-8b_conv300,3447,58464914000.0,133626864435.0
llama3-8b_conv300,3448,58464914000.0,133648582878.0
llama3-8b_conv300,3449,58464914000.0,133670301321.0
llama3-8b_conv300,3450,58464914000.0,133691362745.0
llama3-8b_conv300,3451,58464914000.0,133712424169.0
llama3-8b_conv300,3452,58464914000.0,133733511193.0
llama3-8b_conv300,3453,58464914000.0,133754598217.0
llama3-8b_conv300,3454,58464914000.0,133775685241.0
llama3-8b_conv300,3455,58464914000.0,133796774313.0
llama3-8b_conv300,3456,58464914000.0,133817888985.0
llama3-8b_conv300,3457,58464914000.0,133839003657.0
llama3-8b_conv300,3458,58464914000.0,133860118329.0
llama3-8b_conv300,3459,58464914000.0,133881233001.0
llama3-8b_conv300,3460,58464914000.0,133902347673.0
llama3-8b_conv300,3461,58464914000.0,133923462345.0
llama3-8b_conv300,3462,58464914000.0,133944577017.0
llama3-8b_conv300,3463,58464914000.0,133965693737.0
llama3-8b_conv300,3464,58464914000.0,133986810457.0
llama3-8b_conv300,3465,58464914000.0,134007952777.0
llama3-8b_conv300,3466,58464914000.0,134029095097.0
llama3-8b_conv300,3467,58464914000.0,134050263017.0
llama3-8b_conv300,3468,58464914000.0,134071430937.0
llama3-8b_conv300,3469,58464914000.0,134092600905.0
llama3-8b_conv300,3470,58464914000.0,134113770873.0
llama3-8b_conv300,3471,58464914000.0,134134940841.0
llama3-8b_conv300,3472,58464914000.0,134155455869.0
llama3-8b_conv300,3473,58464914000.0,134175369173.0
llama3-8b_conv300,3474,58464914000.0,134195282477.0
llama3-8b_conv300,3475,58464914000.0,134215195781.0
llama3-8b_conv300,3476,58464914000.0,134235109085.0
llama3-8b_conv300,3477,58464914000.0,134255022389.0
llama3-8b_conv300,3478,58464914000.0,134274935693.0
llama3-8b_conv300,3479,58464914000.0,134294848997.0
llama3-8b_conv300,3480,58464914000.0,134314762301.0
llama3-8b_conv300,3481,58464914000.0,134334531930.0
llama3-8b_conv300,3482,58464914000.0,134353872438.0
llama3-8b_conv300,3483,58464914000.0,134373238546.0
llama3-8b_conv300,3484,58464914000.0,134392604654.0
llama3-8b_conv300,3485,58464914000.0,134411970762.0
llama3-8b_conv300,3486,58464914000.0,134431336870.0
llama3-8b_conv300,3487,58464914000.0,134450504006.0
llama3-8b_conv300,3488,58464914000.0,134469671142.0
llama3-8b_conv300,3489,58464914000.0,134488838278.0
llama3-8b_conv300,3490,58464914000.0,134507917034.0
llama3-8b_conv300,3491,58464914000.0,134526995790.0
llama3-8b_conv300,3492,58464914000.0,134546074546.0
llama3-8b_conv300,3493,58464914000.0,134565178902.0
llama3-8b_conv300,3494,58464914000.0,134584283258.0
llama3-8b_conv300,3495,58464914000.0,134603188643.0
llama3-8b_conv300,3496,58464914000.0,134622094028.0
llama3-8b_conv300,3497,58464914000.0,134640999413.0
llama3-8b_conv300,3498,58464914000.0,134659904798.0
llama3-8b_conv300,3499,58464914000.0,134678810183.0
llama3-8b_conv300,3500,58464914000.0,134697717616.0
llama3-8b_conv300,3501,58464914000.0,134716536701.0
llama3-8b_conv300,3502,58464914000.0,134735406986.0
llama3-8b_conv300,3503,58464914000.0,134754302871.0
llama3-8b_conv300,3504,58464914000.0,134773198756.0
llama3-8b_conv300,3505,58464914000.0,134791870070.0
llama3-8b_conv300,3506,58464914000.0,134810342412.0
llama3-8b_conv300,3507,59993520000.0,134903759472.0
llama3-8b_conv300,3508,59993520000.0,134922292546.0
llama3-8b_conv300,3509,59993520000.0,134940825620.0
llama3-8b_conv300,3510,59993520000.0,134959358694.0
llama3-8b_conv300,3511,59993520000.0,134977893816.0
llama3-8b_conv300,3512,59993520000.0,134996428938.0
llama3-8b_conv300,3513,59993520000.0,135014964060.0
llama3-8b_conv300,3514,59993520000.0,135033499182.0
llama3-8b_conv300,3515,59993520000.0,135051837380.0
llama3-8b_conv300,3516,59993520000.0,135070175578.0
llama3-8b_conv300,3517,59993520000.0,135088513776.0
llama3-8b_conv300,3518,59993520000.0,135106877574.0
llama3-8b_conv300,3519,60172200000.0,135337478531.0
llama3-8b_conv300,3520,60172200000.0,135572466816.0
llama3-8b_conv300,3521,60183596000.0,135803533437.0
llama3-8b_conv300,3522,60183596000.0,136037163867.0
llama3-8b_conv300,3523,60183596000.0,136106255276.0
llama3-8b_conv300,3524,60183596000.0,136124337190.0
llama3-8b_conv300,3525,60183596000.0,136142419104.0
llama3-8b_conv300,3526,60183596000.0,136160501018.0
llama3-8b_conv300,3527,60183596000.0,136178584980.0
llama3-8b_conv300,3528,60426171000.0,136409105041.0
llama3-8b_conv300,3529,60426171000.0,136644012430.0
llama3-8b_conv300,3530,60426171000.0,136883307147.0
llama3-8b_conv300,3531,60426171000.0,137071582534.0
llama3-8b_conv300,3532,60426171000.0,137089944284.0
llama3-8b_conv300,3533,60426171000.0,137108310130.0
llama3-8b_conv300,3534,60426171000.0,137126675976.0
llama3-8b_conv300,3535,60426171000.0,137145041822.0
llama3-8b_conv300,3536,60648144000.0,137332162494.0
llama3-8b_conv300,3537,60648144000.0,137350616720.0
llama3-8b_conv300,3538,60648144000.0,137369070946.0
llama3-8b_conv300,3539,60648144000.0,137387326200.0
llama3-8b_conv300,3540,60648144000.0,137405581454.0
llama3-8b_conv300,3541,60648144000.0,137423836708.0
llama3-8b_conv300,3542,60648144000.0,137442091962.0
llama3-8b_conv300,3543,60778525000.0,137542365451.0
llama3-8b_conv300,3544,60778525000.0,137560681437.0
llama3-8b_conv300,3545,60778525000.0,137578824051.0
llama3-8b_conv300,3546,60778525000.0,137596966665.0
llama3-8b_conv300,3547,60831569000.0,137827535877.0
llama3-8b_conv300,3548,60872432000.0,138062477311.0
llama3-8b_conv300,3549,60872432000.0,138293157145.0
llama3-8b_conv300,3550,60872432000.0,138528184371.0
llama3-8b_conv300,3551,60872432000.0,138561424133.0
llama3-8b_conv300,3552,60872432000.0,138579682775.0
llama3-8b_conv300,3553,60872432000.0,138597941417.0
llama3-8b_conv300,3554,60872432000.0,138616200059.0
llama3-8b_conv300,3555,60872432000.0,138634460749.0
llama3-8b_conv300,3556,60872432000.0,138652721439.0
llama3-8b_conv300,3557,60872432000.0,138670982129.0
llama3-8b_conv300,3558,60872432000.0,138689242819.0
llama3-8b_conv300,3559,60872432000.0,138707503509.0
llama3-8b_conv300,3560,60872432000.0,138725764199.0
llama3-8b_conv300,3561,61145266000.0,138956418433.0
llama3-8b_conv300,3562,61145266000.0,139191420059.0
llama3-8b_conv300,3563,61145266000.0,139228414696.0
llama3-8b_conv300,3564,61145266000.0,139246844661.0
llama3-8b_conv300,3565,61263537000.0,139477682222.0
llama3-8b_conv300,3566,61263537000.0,139712870759.0
llama3-8b_conv300,3567,61285563000.0,139944749694.0
llama3-8b_conv300,3568,61285563000.0,140179027157.0
llama3-8b_conv300,3569,61294115000.0,140411779754.0
llama3-8b_conv300,3570,61294115000.0,140645106175.0
llama3-8b_conv300,3571,61294115000.0,140715975410.0
llama3-8b_conv300,3572,61294115000.0,140734911122.0
llama3-8b_conv300,3573,61294115000.0,140753846834.0
llama3-8b_conv300,3574,61294115000.0,140772782546.0
llama3-8b_conv300,3575,61294115000.0,140791743858.0
llama3-8b_conv300,3576,61294115000.0,140810707218.0
llama3-8b_conv300,3577,61294115000.0,140829670578.0
llama3-8b_conv300,3578,61294115000.0,140848633938.0
llama3-8b_conv300,3579,61294115000.0,140867597298.0
llama3-8b_conv300,3580,61294115000.0,140886562706.0
llama3-8b_conv300,3581,61294115000.0,140905528114.0
llama3-8b_conv300,3582,61294115000.0,140924519122.0
llama3-8b_conv300,3583,61294115000.0,140943535730.0
llama3-8b_conv300,3584,61294115000.0,140962300118.0
llama3-8b_conv300,3585,61294115000.0,140981064506.0
llama3-8b_conv300,3586,61294115000.0,140999828894.0
llama3-8b_conv300,3587,61764605000.0,141230970099.0
llama3-8b_conv300,3588,61764605000.0,141466256970.0
llama3-8b_conv300,3589,61838028000.0,141696977086.0
llama3-8b_conv300,3590,61838028000.0,141918396008.0
llama3-8b_conv300,3591,61928694000.0,142148770876.0
llama3-8b_conv300,3592,61928694000.0,142380761264.0
llama3-8b_conv300,3593,61928694000.0,142616879109.0
llama3-8b_conv300,3594,61928694000.0,142661984256.0
llama3-8b_conv300,3595,61928694000.0,142680564640.0
llama3-8b_conv300,3596,61928694000.0,142699145024.0
llama3-8b_conv300,3597,61928694000.0,142717751008.0
llama3-8b_conv300,3598,61928694000.0,142736356992.0
llama3-8b_conv300,3599,61928694000.0,142754962976.0
llama3-8b_conv300,3600,61928694000.0,142773568960.0
llama3-8b_conv300,3601,62174486000.0,143004565812.0
llama3-8b_conv300,3602,62174486000.0,143239925416.0
llama3-8b_conv300,3603,62174486000.0,143413217599.0
llama3-8b_conv300,3604,62276484000.0,143644395995.0
llama3-8b_conv300,3605,62276484000.0,143879880823.0
llama3-8b_conv300,3606,62276484000.0,143949375053.0
llama3-8b_conv300,3607,62276484000.0,143968406062.0
llama3-8b_conv300,3608,62276484000.0,143987437071.0
llama3-8b_conv300,3609,62276484000.0,144006468080.0
llama3-8b_conv300,3610,62276484000.0,144025499089.0
llama3-8b_conv300,3611,62276484000.0,144044530098.0
llama3-8b_conv300,3612,62276484000.0,144063561107.0
llama3-8b_conv300,3613,62482331000.0,144294911022.0
llama3-8b_conv300,3614,62482331000.0,144530535625.0
llama3-8b_conv300,3615,62482331000.0,144626703651.0
llama3-8b_conv300,3616,62482331000.0,144645929536.0
llama3-8b_conv300,3617,62482331000.0,144665155421.0
llama3-8b_conv300,3618,62482331000.0,144684381306.0
llama3-8b_conv300,3619,62482331000.0,144703607191.0
llama3-8b_conv300,3620,62482331000.0,144722746744.0
llama3-8b_conv300,3621,62482331000.0,144741888345.0
llama3-8b_conv300,3622,62482331000.0,144760908341.0
llama3-8b_conv300,3623,62482331000.0,144779928337.0
llama3-8b_conv300,3624,62482331000.0,144798948333.0
llama3-8b_conv300,3625,62482331000.0,144817968329.0
llama3-8b_conv300,3626,62482331000.0,144836988325.0
llama3-8b_conv300,3627,62482331000.0,144856008321.0
llama3-8b_conv300,3628,62482331000.0,144875055965.0
llama3-8b_conv300,3629,62482331000.0,144894103609.0
llama3-8b_conv300,3630,62482331000.0,144913153301.0
llama3-8b_conv300,3631,62482331000.0,144932205041.0
llama3-8b_conv300,3632,62482331000.0,144951168401.0
llama3-8b_conv300,3633,62843126000.0,145182524677.0
llama3-8b_conv300,3634,62843126000.0,145418218105.0
llama3-8b_conv300,3635,62843126000.0,145439113525.0
llama3-8b_conv300,3636,62843126000.0,145458224657.0
llama3-8b_conv300,3637,62843126000.0,145477136817.0
llama3-8b_conv300,3638,62843126000.0,145496048977.0
llama3-8b_conv300,3639,62843126000.0,145514961137.0
llama3-8b_conv300,3640,62843126000.0,145533873297.0
llama3-8b_conv300,3641,62843126000.0,145552785457.0
llama3-8b_conv300,3642,62843126000.0,145571697617.0
llama3-8b_conv300,3643,63043028000.0,145600215981.0
llama3-8b_conv300,3644,63043028000.0,145619186825.0
llama3-8b_conv300,3645,63043028000.0,145638159717.0
llama3-8b_conv300,3646,63043028000.0,145657132609.0
llama3-8b_conv300,3647,63043028000.0,145676105501.0
llama3-8b_conv300,3648,63112742000.0,145863803582.0
llama3-8b_conv300,3649,63112742000.0,145882898079.0
llama3-8b_conv300,3650,63112742000.0,145901992576.0
llama3-8b_conv300,3651,63112742000.0,145921087073.0
llama3-8b_conv300,3652,63112742000.0,145940181570.0
llama3-8b_conv300,3653,63112742000.0,145959276067.0
llama3-8b_conv300,3654,63112742000.0,145978370564.0
llama3-8b_conv300,3655,63112742000.0,145997490661.0
llama3-8b_conv300,3656,63112742000.0,146016610758.0
llama3-8b_conv300,3657,63112742000.0,146035730855.0
llama3-8b_conv300,3658,63112742000.0,146054850952.0
llama3-8b_conv300,3659,63112742000.0,146073973097.0
llama3-8b_conv300,3660,63112742000.0,146093095242.0
llama3-8b_conv300,3661,63112742000.0,146112268587.0
llama3-8b_conv300,3662,63112742000.0,146131441932.0
llama3-8b_conv300,3663,63112742000.0,146150615277.0
llama3-8b_conv300,3664,63112742000.0,146169788622.0
llama3-8b_conv300,3665,63112742000.0,146188961967.0
llama3-8b_conv300,3666,63112742000.0,146207903115.0
llama3-8b_conv300,3667,63112742000.0,146226844263.0
llama3-8b_conv300,3668,63112742000.0,146245785411.0
llama3-8b_conv300,3669,63112742000.0,146264726559.0
llama3-8b_conv300,3670,63112742000.0,146283667707.0
llama3-8b_conv300,3671,63112742000.0,146302608855.0
llama3-8b_conv300,3672,63112742000.0,146321550003.0
llama3-8b_conv300,3673,63112742000.0,146340491151.0
llama3-8b_conv300,3674,63112742000.0,146359432299.0
llama3-8b_conv300,3675,63112742000.0,146378375495.0
llama3-8b_conv300,3676,63112742000.0,146397318691.0
llama3-8b_conv300,3677,63112742000.0,146416261887.0
llama3-8b_conv300,3678,63112742000.0,146435207131.0
llama3-8b_conv300,3679,63112742000.0,146454152375.0
llama3-8b_conv300,3680,63597893000.0,146685447507.0
llama3-8b_conv300,3681,63597893000.0,146921074671.0
llama3-8b_conv300,3682,63597893000.0,146986100450.0
llama3-8b_conv300,3683,63597893000.0,147005177790.0
llama3-8b_conv300,3684,63597893000.0,147024255130.0
llama3-8b_conv300,3685,63597893000.0,147043332470.0
llama3-8b_conv300,3686,63597893000.0,147062409810.0
llama3-8b_conv300,3687,63597893000.0,147081487150.0
llama3-8b_conv300,3688,63597893000.0,147100566538.0
llama3-8b_conv300,3689,63597893000.0,147119645926.0
llama3-8b_conv300,3690,63597893000.0,147138725314.0
llama3-8b_conv300,3691,63597893000.0,147157804702.0
llama3-8b_conv300,3692,63597893000.0,147176884090.0
llama3-8b_conv300,3693,63597893000.0,147195965526.0
llama3-8b_conv300,3694,63597893000.0,147215046962.0
llama3-8b_conv300,3695,63597893000.0,147234128398.0
llama3-8b_conv300,3696,63597893000.0,147253209834.0
llama3-8b_conv300,3697,63597893000.0,147272291270.0
llama3-8b_conv300,3698,63597893000.0,147291374754.0
llama3-8b_conv300,3699,63597893000.0,147310458238.0
llama3-8b_conv300,3700,63597893000.0,147329541722.0
llama3-8b_conv300,3701,63597893000.0,147348625206.0
llama3-8b_conv300,3702,63597893000.0,147367708690.0
llama3-8b_conv300,3703,63597893000.0,147386794222.0
llama3-8b_conv300,3704,63597893000.0,147405905354.0
llama3-8b_conv300,3705,63597893000.0,147425016486.0
llama3-8b_conv300,3706,63597893000.0,147444127618.0
llama3-8b_conv300,3707,63597893000.0,147463238750.0
llama3-8b_conv300,3708,63597893000.0,147482349882.0
llama3-8b_conv300,3709,63597893000.0,147501372634.0
llama3-8b_conv300,3710,63597893000.0,147520395386.0
llama3-8b_conv300,3711,64095402000.00001,147628762168.0
llama3-8b_conv300,3712,64095402000.00001,147647845652.0
llama3-8b_conv300,3713,64095402000.00001,147666929136.0
llama3-8b_conv300,3714,64095402000.00001,147686012620.0
llama3-8b_conv300,3715,64095402000.00001,147705096104.0
llama3-8b_conv300,3716,64095402000.00001,147724179588.0
llama3-8b_conv300,3717,64186733000.0,147955612960.0
llama3-8b_conv300,3718,64186733000.0,148191352764.0
llama3-8b_conv300,3719,64186733000.0,148268504703.0
llama3-8b_conv300,3720,64186733000.0,148287792736.0
llama3-8b_conv300,3721,64186733000.0,148307106369.0
llama3-8b_conv300,3722,64186733000.0,148326420002.0
llama3-8b_conv300,3723,64186733000.0,148345733635.0
llama3-8b_conv300,3724,64186733000.0,148365047268.0
llama3-8b_conv300,3725,64186733000.0,148384362949.0
llama3-8b_conv300,3726,64186733000.0,148403678630.0
llama3-8b_conv300,3727,64186733000.0,148422994311.0
llama3-8b_conv300,3728,64186733000.0,148442309992.0
llama3-8b_conv300,3729,64186733000.0,148461625673.0
llama3-8b_conv300,3730,64186733000.0,148480943402.0
llama3-8b_conv300,3731,64186733000.0,148500261131.0
llama3-8b_conv300,3732,64186733000.0,148519578860.0
llama3-8b_conv300,3733,64186733000.0,148538896589.0
llama3-8b_conv300,3734,64186733000.0,148558214318.0
llama3-8b_conv300,3735,64186733000.0,148577532047.0
llama3-8b_conv300,3736,64186733000.0,148596849776.0
llama3-8b_conv300,3737,64186733000.0,148616167505.0
llama3-8b_conv300,3738,64186733000.0,148635485234.0
llama3-8b_conv300,3739,64186733000.0,148654802963.0
llama3-8b_conv300,3740,64186733000.0,148674120692.0
llama3-8b_conv300,3741,64186733000.0,148693438421.0
llama3-8b_conv300,3742,64186733000.0,148712756150.0
llama3-8b_conv300,3743,64186733000.0,148732073879.0
llama3-8b_conv300,3744,64186733000.0,148751393656.0
llama3-8b_conv300,3745,64186733000.0,148770715481.0
llama3-8b_conv300,3746,64186733000.0,148790037306.0
llama3-8b_conv300,3747,64186733000.0,148809359131.0
llama3-8b_conv300,3748,64186733000.0,148828680956.0
llama3-8b_conv300,3749,64186733000.0,148848028381.0
llama3-8b_conv300,3750,64186733000.0,148867375806.0
llama3-8b_conv300,3751,64186733000.0,148886723231.0
llama3-8b_conv300,3752,64186733000.0,148906070656.0
llama3-8b_conv300,3753,64186733000.0,148925418081.0
llama3-8b_conv300,3754,64186733000.0,148944765506.0
llama3-8b_conv300,3755,64186733000.0,148964112931.0
llama3-8b_conv300,3756,64186733000.0,148983257855.0
llama3-8b_conv300,3757,64186733000.0,149002402779.0
llama3-8b_conv300,3758,64186733000.0,149021573303.0
llama3-8b_conv300,3759,64186733000.0,149040769427.0
llama3-8b_conv300,3760,64186733000.0,149059879219.0
llama3-8b_conv300,3761,64888310000.00001,149129493636.0
llama3-8b_conv300,3762,64910998000.00001,149202179931.0
llama3-8b_conv300,3763,64940790000.00001,149433177654.0
llama3-8b_conv300,3764,64940790000.00001,149665688785.0
llama3-8b_conv300,3765,64940790000.00001,149902474604.0
llama3-8b_conv300,3766,64940790000.00001,150142382600.0
llama3-8b_conv300,3767,64940790000.00001,150386691236.0
llama3-8b_conv300,3768,64940790000.00001,150635082560.0
llama3-8b_conv300,3769,64940790000.00001,150888006108.0
llama3-8b_conv300,3770,64940790000.00001,151145294968.0
llama3-8b_conv300,3771,64940790000.00001,151407019796.0
llama3-8b_conv300,3772,64990268000.0,151644918127.0
llama3-8b_conv300,3773,65064085000.00001,151876491115.0
llama3-8b_conv300,3774,65064085000.00001,152112426503.0
llama3-8b_conv300,3775,65064156000.0,152344335938.0
llama3-8b_conv300,3776,65064156000.0,152579156190.0
llama3-8b_conv300,3777,65066011000.0,152812184025.0
llama3-8b_conv300,3778,65066011000.0,153045956724.0
llama3-8b_conv300,3779,65531595999.99999,153276941292.0
llama3-8b_conv300,3780,65531595999.99999,153509959684.0
llama3-8b_conv300,3781,65715096000.0,153747245435.0
llama3-8b_conv300,3782,65715096000.0,153979399890.0
llama3-8b_conv300,3783,65715096000.0,154215818281.0
llama3-8b_conv300,3784,65786250999.99999,154448314110.0
llama3-8b_conv300,3785,65786250999.99999,154664583523.0
llama3-8b_conv300,3786,65786250999.99999,154686068494.0
llama3-8b_conv300,3787,65786250999.99999,154707553465.0
llama3-8b_conv300,3788,65786250999.99999,154729038436.0
llama3-8b_conv300,3789,65786250999.99999,154750004628.0
llama3-8b_conv300,3790,65786250999.99999,154770970820.0
llama3-8b_conv300,3791,65786250999.99999,154791937012.0
llama3-8b_conv300,3792,65786250999.99999,154812903204.0
llama3-8b_conv300,3793,65786250999.99999,154833214456.0
llama3-8b_conv300,3794,65786250999.99999,154853525708.0
llama3-8b_conv300,3795,65786250999.99999,154873836960.0
llama3-8b_conv300,3796,65786250999.99999,154894148212.0
llama3-8b_conv300,3797,65786250999.99999,154914459464.0
llama3-8b_conv300,3798,65786250999.99999,154934770716.0
llama3-8b_conv300,3799,65786250999.99999,154954399348.0
llama3-8b_conv300,3800,65786250999.99999,154974027980.0
llama3-8b_conv300,3801,65786250999.99999,154993656612.0
llama3-8b_conv300,3802,65786250999.99999,155013285244.0
llama3-8b_conv300,3803,65786250999.99999,155032939476.0
llama3-8b_conv300,3804,65786250999.99999,155052593708.0
llama3-8b_conv300,3805,65786250999.99999,155072247940.0
llama3-8b_conv300,3806,65786250999.99999,155091927772.0
llama3-8b_conv300,3807,66310171000.0,155323916020.0
llama3-8b_conv300,3808,66310171000.0,155560174348.0
llama3-8b_conv300,3809,66310171000.0,155800704804.0
llama3-8b_conv300,3810,66310171000.0,156045505340.0
llama3-8b_conv300,3811,66403490000.00001,156288262867.0
llama3-8b_conv300,3812,66403490000.00001,156521117419.0
llama3-8b_conv300,3813,66403490000.00001,156758289155.0
llama3-8b_conv300,3814,66511613000.0,156990896794.0
llama3-8b_conv300,3815,66511613000.0,157226121201.0
llama3-8b_conv300,3816,66624229000.0,157459385638.0
llama3-8b_conv300,3817,66624229000.0,157694844891.0
llama3-8b_conv300,3818,66655683999.99999,157929860848.0
llama3-8b_conv300,3819,66693467999.99999,158161171812.0
llama3-8b_conv300,3820,66693467999.99999,158395470200.0
llama3-8b_conv300,3821,66711635000.0,158632448619.0
llama3-8b_conv300,3822,66711635000.0,158724612104.0
llama3-8b_conv300,3823,66711635000.0,158747124363.0
llama3-8b_conv300,3824,66711635000.0,158769638670.0
llama3-8b_conv300,3825,66711635000.0,158792155025.0
llama3-8b_conv300,3826,66711635000.0,158814696980.0
llama3-8b_conv300,3827,66711635000.0,158837238935.0
llama3-8b_conv300,3828,66711635000.0,158859780890.0
llama3-8b_conv300,3829,66711635000.0,158882322845.0
llama3-8b_conv300,3830,66711635000.0,158904866848.0
llama3-8b_conv300,3831,66711635000.0,158927436451.0
llama3-8b_conv300,3832,66711635000.0,158950008102.0
llama3-8b_conv300,3833,66711635000.0,158972579753.0
llama3-8b_conv300,3834,66711635000.0,158994607056.0
llama3-8b_conv300,3835,66711635000.0,159016634359.0
llama3-8b_conv300,3836,66711635000.0,159038661662.0
llama3-8b_conv300,3837,66711635000.0,159060688965.0
llama3-8b_conv300,3838,67245928000.00001,159248752316.0
llama3-8b_conv300,3839,67245928000.00001,159271323967.0
llama3-8b_conv300,3840,67245928000.00001,159293895618.0
llama3-8b_conv300,3841,67245928000.00001,159316467269.0
llama3-8b_conv300,3842,67245928000.00001,159339038920.0
llama3-8b_conv300,3843,67245928000.00001,159361612619.0
llama3-8b_conv300,3844,67245928000.00001,159384186318.0
llama3-8b_conv300,3845,67245928000.00001,159406760017.0
llama3-8b_conv300,3846,67245928000.00001,159429333716.0
llama3-8b_conv300,3847,67245928000.00001,159451909463.0
llama3-8b_conv300,3848,67245928000.00001,159474485210.0
llama3-8b_conv300,3849,67439933000.0,159521328799.0
llama3-8b_conv300,3850,67439933000.0,159544423325.0
llama3-8b_conv300,3851,67439933000.0,159567517851.0
llama3-8b_conv300,3852,67439933000.0,159590612377.0
llama3-8b_conv300,3853,67439933000.0,159613732503.0
llama3-8b_conv300,3854,67439933000.0,159636854677.0
llama3-8b_conv300,3855,67439933000.0,159659976851.0
llama3-8b_conv300,3856,67439933000.0,159682552598.0
llama3-8b_conv300,3857,67439933000.0,159705128345.0
llama3-8b_conv300,3858,67439933000.0,159727704092.0
llama3-8b_conv300,3859,67439933000.0,159750305439.0
llama3-8b_conv300,3860,67439933000.0,159772906786.0
llama3-8b_conv300,3861,67439933000.0,159795508133.0
llama3-8b_conv300,3862,67439933000.0,159818109480.0
llama3-8b_conv300,3863,67439933000.0,159840710827.0
llama3-8b_conv300,3864,67439933000.0,159863312174.0
llama3-8b_conv300,3865,67439933000.0,159885913521.0
llama3-8b_conv300,3866,67439933000.0,159908514868.0
llama3-8b_conv300,3867,67439933000.0,159931116215.0
llama3-8b_conv300,3868,67439933000.0,159953717562.0
llama3-8b_conv300,3869,67439933000.0,159976318909.0
llama3-8b_conv300,3870,67439933000.0,159998318564.0
llama3-8b_conv300,3871,67439933000.0,160020318219.0
llama3-8b_conv300,3872,67439933000.0,160041660854.0
llama3-8b_conv300,3873,67439933000.0,160062459110.0
llama3-8b_conv300,3874,67439933000.0,160083257366.0
llama3-8b_conv300,3875,67439933000.0,160104081222.0
llama3-8b_conv300,3876,67439933000.0,160124905078.0
llama3-8b_conv300,3877,67439933000.0,160145728934.0
llama3-8b_conv300,3878,67439933000.0,160166552790.0
llama3-8b_conv300,3879,67439933000.0,160187376646.0
llama3-8b_conv300,3880,67439933000.0,160208200502.0
llama3-8b_conv300,3881,67439933000.0,160229024358.0
llama3-8b_conv300,3882,67930409000.0,160461285659.0
llama3-8b_conv300,3883,67930409000.0,160697478770.0
llama3-8b_conv300,3884,67933052000.0,160932094343.0
llama3-8b_conv300,3885,67966089999.99999,161043780753.0
llama3-8b_conv300,3886,67966089999.99999,161065510072.0
llama3-8b_conv300,3887,67966089999.99999,161087239391.0
llama3-8b_conv300,3888,67966089999.99999,161108994310.0
llama3-8b_conv300,3889,67966089999.99999,161130751277.0
llama3-8b_conv300,3890,67966089999.99999,161152508244.0
llama3-8b_conv300,3891,67966089999.99999,161174267259.0
llama3-8b_conv300,3892,67966089999.99999,161196051874.0
llama3-8b_conv300,3893,67966089999.99999,161217836489.0
llama3-8b_conv300,3894,67966089999.99999,161239621104.0
llama3-8b_conv300,3895,67966089999.99999,161261405719.0
llama3-8b_conv300,3896,67966089999.99999,161283190334.0
llama3-8b_conv300,3897,67966089999.99999,161304974949.0
llama3-8b_conv300,3898,67966089999.99999,161326213136.0
llama3-8b_conv300,3899,67966089999.99999,161347451323.0
llama3-8b_conv300,3900,67966089999.99999,161368715110.0
llama3-8b_conv300,3901,67966089999.99999,161389980945.0
llama3-8b_conv300,3902,67966089999.99999,161411246780.0
llama3-8b_conv300,3903,67966089999.99999,161431940588.0
llama3-8b_conv300,3904,67966089999.99999,161452634396.0
llama3-8b_conv300,3905,67966089999.99999,161473328204.0
llama3-8b_conv300,3906,67966089999.99999,161494022012.0
llama3-8b_conv300,3907,67966089999.99999,161514715820.0
llama3-8b_conv300,3908,67966089999.99999,161535409628.0
llama3-8b_conv300,3909,67966089999.99999,161556103436.0
llama3-8b_conv300,3910,67966089999.99999,161576797244.0
llama3-8b_conv300,3911,67966089999.99999,161597491052.0
llama3-8b_conv300,3912,67966089999.99999,161618184860.0
llama3-8b_conv300,3913,67966089999.99999,161638878668.0
llama3-8b_conv300,3914,67966089999.99999,161659572476.0
llama3-8b_conv300,3915,67966089999.99999,161679611344.0
llama3-8b_conv300,3916,67966089999.99999,161699650212.0
llama3-8b_conv300,3917,67966089999.99999,161719689080.0
llama3-8b_conv300,3918,67966089999.99999,161739727948.0
llama3-8b_conv300,3919,67966089999.99999,161759766816.0
llama3-8b_conv300,3920,67966089999.99999,161779805684.0
llama3-8b_conv300,3921,67966089999.99999,161799872200.0
llama3-8b_conv300,3922,67966089999.99999,161819938716.0
llama3-8b_conv300,3923,67966089999.99999,161840005232.0
llama3-8b_conv300,3924,67966089999.99999,161860071748.0
llama3-8b_conv300,3925,67966089999.99999,161880138264.0
llama3-8b_conv300,3926,67966089999.99999,161900204780.0
llama3-8b_conv300,3927,68682209000.0,162132144195.0
llama3-8b_conv300,3928,68682209000.0,162368345498.0
llama3-8b_conv300,3929,68682209000.0,162444027316.0
llama3-8b_conv300,3930,68682209000.0,162464721124.0
llama3-8b_conv300,3931,68682209000.0,162485416980.0
llama3-8b_conv300,3932,68682209000.0,162506164036.0
llama3-8b_conv300,3933,68682209000.0,162526911092.0
llama3-8b_conv300,3934,68682209000.0,162547660196.0
llama3-8b_conv300,3935,68682209000.0,162567233532.0
llama3-8b_conv300,3936,68682209000.0,162586806868.0
llama3-8b_conv300,3937,68682209000.0,162606405804.0
llama3-8b_conv300,3938,68682209000.0,162626004740.0
llama3-8b_conv300,3939,68682209000.0,162645603676.0
llama3-8b_conv300,3940,68682209000.0,162665202612.0
llama3-8b_conv300,3941,68682209000.0,162684801548.0
llama3-8b_conv300,3942,68682209000.0,162704400484.0
llama3-8b_conv300,3943,68682209000.0,162724001468.0
llama3-8b_conv300,3944,68682209000.0,162743604500.0
llama3-8b_conv300,3945,68682209000.0,162763207532.0
llama3-8b_conv300,3946,69017743000.0,162857276707.0
llama3-8b_conv300,3947,69017743000.0,162877398519.0
llama3-8b_conv300,3948,69017743000.0,162897520331.0
llama3-8b_conv300,3949,69017743000.0,162917644191.0
llama3-8b_conv300,3950,69017743000.0,162937768051.0
llama3-8b_conv300,3951,69017743000.0,162957234891.0
llama3-8b_conv300,3952,69017743000.0,162976727331.0
llama3-8b_conv300,3953,69017743000.0,162996245371.0
llama3-8b_conv300,3954,69017743000.0,163015765459.0
llama3-8b_conv300,3955,69017743000.0,163035285547.0
llama3-8b_conv300,3956,69017743000.0,163054805635.0
llama3-8b_conv300,3957,69017743000.0,163074128800.0
llama3-8b_conv300,3958,69017743000.0,163093477565.0
llama3-8b_conv300,3959,69017743000.0,163112826330.0
llama3-8b_conv300,3960,69017743000.0,163132200695.0
llama3-8b_conv300,3961,69017743000.0,163151575060.0
llama3-8b_conv300,3962,69017743000.0,163170949425.0
llama3-8b_conv300,3963,69017743000.0,163190124818.0
llama3-8b_conv300,3964,69017743000.0,163209300211.0
llama3-8b_conv300,3965,69017743000.0,163228475604.0
llama3-8b_conv300,3966,69017743000.0,163247650997.0
llama3-8b_conv300,3967,69017743000.0,163266826390.0
llama3-8b_conv300,3968,69017743000.0,163286001783.0
llama3-8b_conv300,3969,69017743000.0,163305177176.0
llama3-8b_conv300,3970,69017743000.0,163324352569.0
llama3-8b_conv300,3971,69017743000.0,163343553562.0
llama3-8b_conv300,3972,69017743000.0,163362754555.0
llama3-8b_conv300,3973,69017743000.0,163381750999.0
llama3-8b_conv300,3974,69017743000.0,163400747443.0
llama3-8b_conv300,3975,69017743000.0,163419769487.0
llama3-8b_conv300,3976,69017743000.0,163438566959.0
llama3-8b_conv300,3977,69017743000.0,163457364431.0
llama3-8b_conv300,3978,69017743000.0,163476161903.0
llama3-8b_conv300,3979,69017743000.0,163494959375.0
llama3-8b_conv300,3980,69017743000.0,163513756847.0
llama3-8b_conv300,3981,69017743000.0,163532554319.0
llama3-8b_conv300,3982,69017743000.0,163551263411.0
llama3-8b_conv300,3983,69017743000.0,163569972503.0
llama3-8b_conv300,3984,69017743000.0,163588681595.0
llama3-8b_conv300,3985,69017743000.0,163607390687.0
llama3-8b_conv300,3986,69017743000.0,163626099779.0
llama3-8b_conv300,3987,69017743000.0,163644637548.0
llama3-8b_conv300,3988,69017743000.0,163663175317.0
llama3-8b_conv300,3989,69017743000.0,163681713086.0
llama3-8b_conv300,3990,69017743000.0,163700250855.0
llama3-8b_conv300,3991,69017743000.0,163718788624.0
llama3-8b_conv300,3992,69017743000.0,163737326393.0
llama3-8b_conv300,3993,69017743000.0,163755864162.0
llama3-8b_conv300,3994,69017743000.0,163774202991.0
llama3-8b_conv300,3995,69017743000.0,163792541820.0
llama3-8b_conv300,3996,69017743000.0,163810792270.0
llama3-8b_conv300,3997,69017743000.0,163829042720.0
llama3-8b_conv300,3998,69017743000.0,163847295218.0
llama3-8b_conv300,3999,69017743000.0,163865547716.0
llama3-8b_conv300,4000,69017743000.0,163883802262.0
llama3-8b_conv300,4001,69017743000.0,163901970476.0
llama3-8b_conv300,4002,69017743000.0,163920138690.0
llama3-8b_conv300,4003,69017743000.0,163938306904.0
llama3-8b_conv300,4004,69017743000.0,163956475118.0
llama3-8b_conv300,4005,69017743000.0,163974643332.0
llama3-8b_conv300,4006,69017743000.0,163992811546.0
llama3-8b_conv300,4007,69017743000.0,164010979760.0
llama3-8b_conv300,4008,69017743000.0,164029147974.0
llama3-8b_conv300,4009,69017743000.0,164047117248.0
llama3-8b_conv300,4010,69017743000.0,164065086522.0
llama3-8b_conv300,4011,69017743000.0,164083055796.0
llama3-8b_conv300,4012,69017743000.0,164101050670.0
llama3-8b_conv300,4013,69017743000.0,164118984813.0
llama3-8b_conv300,4014,69017743000.0,164136918956.0
llama3-8b_conv300,4015,69017743000.0,164154853099.0
llama3-8b_conv300,4016,69017743000.0,164172789290.0
llama3-8b_conv300,4017,69017743000.0,164190751081.0
llama3-8b_conv300,4018,69017743000.0,164208712872.0
llama3-8b_conv300,4019,69017743000.0,164226674663.0
llama3-8b_conv300,4020,69017743000.0,164244636454.0
llama3-8b_conv300,4021,69017743000.0,164262598245.0
llama3-8b_conv300,4022,69017743000.0,164280560036.0
llama3-8b_conv300,4023,69017743000.0,164298521827.0
llama3-8b_conv300,4024,70095865000.0,164528917441.0
llama3-8b_conv300,4025,70095865000.0,164762548206.0
llama3-8b_conv300,4026,70095865000.0,164780653672.0
llama3-8b_conv300,4027,70095865000.0,164798759138.0
llama3-8b_conv300,4028,70095865000.0,164816866652.0
llama3-8b_conv300,4029,70095865000.0,164834999766.0
llama3-8b_conv300,4030,70095865000.0,164853132880.0
llama3-8b_conv300,4031,70095865000.0,164871291594.0
llama3-8b_conv300,4032,70095865000.0,164889251337.0
llama3-8b_conv300,4033,70095865000.0,164907211080.0
llama3-8b_conv300,4034,70287471000.0,165137604646.0
llama3-8b_conv300,4035,70287471000.0,165372381956.0
llama3-8b_conv300,4036,70287471000.0,165611236834.0
llama3-8b_conv300,4037,70287471000.0,165854875840.0
llama3-8b_conv300,4038,70457950000.0,166091471933.0
llama3-8b_conv300,4039,70457950000.0,166158919684.0
llama3-8b_conv300,4040,70457950000.0,166177247642.0
llama3-8b_conv300,4041,70457950000.0,166195575600.0
llama3-8b_conv300,4042,70457950000.0,166213903558.0
llama3-8b_conv300,4043,70457950000.0,166232231516.0
llama3-8b_conv300,4044,70457950000.0,166250559474.0
llama3-8b_conv300,4045,70457950000.0,166268887432.0
llama3-8b_conv300,4046,70457950000.0,166287215390.0
llama3-8b_conv300,4047,70457950000.0,166305370717.0
llama3-8b_conv300,4048,70457950000.0,166323526044.0
llama3-8b_conv300,4049,70457950000.0,166341685467.0
llama3-8b_conv300,4050,70457950000.0,166359844890.0
llama3-8b_conv300,4051,70457950000.0,166378004313.0
llama3-8b_conv300,4052,70457950000.0,166396163736.0
llama3-8b_conv300,4053,70457950000.0,166414323159.0
llama3-8b_conv300,4054,70457950000.0,166432482582.0
llama3-8b_conv300,4055,70457950000.0,166450642005.0
llama3-8b_conv300,4056,70457950000.0,166468801428.0
llama3-8b_conv300,4057,70457950000.0,166486960851.0
llama3-8b_conv300,4058,70457950000.0,166505120274.0
llama3-8b_conv300,4059,70457950000.0,166523279697.0
llama3-8b_conv300,4060,70457950000.0,166541441168.0
llama3-8b_conv300,4061,70457950000.0,166559602639.0
llama3-8b_conv300,4062,70457950000.0,166577764110.0
llama3-8b_conv300,4063,70457950000.0,166595925581.0
llama3-8b_conv300,4064,70457950000.0,166614087052.0
llama3-8b_conv300,4065,70457950000.0,166632250571.0
llama3-8b_conv300,4066,70457950000.0,166650414090.0
llama3-8b_conv300,4067,70457950000.0,166668603209.0
llama3-8b_conv300,4068,70913521000.0,166899226151.0
llama3-8b_conv300,4069,70913521000.0,167134232837.0
llama3-8b_conv300,4070,70977717000.0,167218117769.0
llama3-8b_conv300,4071,70977717000.0,167236534815.0
llama3-8b_conv300,4072,70977717000.0,167254754969.0
llama3-8b_conv300,4073,70977717000.0,167272975123.0
llama3-8b_conv300,4074,70977717000.0,167291195277.0
llama3-8b_conv300,4075,70977717000.0,167309441031.0
llama3-8b_conv300,4076,70977717000.0,167327686785.0
llama3-8b_conv300,4077,70977717000.0,167345932539.0
llama3-8b_conv300,4078,70977717000.0,167364178293.0
llama3-8b_conv300,4079,70977717000.0,167382424047.0
llama3-8b_conv300,4080,70977717000.0,167400671849.0
llama3-8b_conv300,4081,70977717000.0,167418722728.0
llama3-8b_conv300,4082,70977717000.0,167436773607.0
llama3-8b_conv300,4083,70977717000.0,167454824486.0
llama3-8b_conv300,4084,70977717000.0,167472875365.0
llama3-8b_conv300,4085,70977717000.0,167490926244.0
llama3-8b_conv300,4086,70977717000.0,167508979171.0
llama3-8b_conv300,4087,70977717000.0,167527032098.0
llama3-8b_conv300,4088,70977717000.0,167545085025.0
llama3-8b_conv300,4089,70977717000.0,167563137952.0
llama3-8b_conv300,4090,70977717000.0,167581190879.0
llama3-8b_conv300,4091,70977717000.0,167599243806.0
llama3-8b_conv300,4092,70977717000.0,167617296733.0
llama3-8b_conv300,4093,70977717000.0,167635062309.0
llama3-8b_conv300,4094,70977717000.0,167652827885.0
llama3-8b_conv300,4095,70977717000.0,167670593461.0
llama3-8b_conv300,4096,70977717000.0,167688359037.0
llama3-8b_conv300,4097,70977717000.0,167706124613.0
llama3-8b_conv300,4098,70977717000.0,167723890189.0
llama3-8b_conv300,4099,70977717000.0,167741655765.0
llama3-8b_conv300,4100,70977717000.0,167759421341.0
llama3-8b_conv300,4101,70977717000.0,167777186917.0
llama3-8b_conv300,4102,70977717000.0,167794952493.0
llama3-8b_conv300,4103,70977717000.0,167812720117.0
llama3-8b_conv300,4104,70977717000.0,167830487741.0
llama3-8b_conv300,4105,70977717000.0,167848255365.0
llama3-8b_conv300,4106,70977717000.0,167866022989.0
llama3-8b_conv300,4107,70977717000.0,167883790613.0
llama3-8b_conv300,4108,70977717000.0,167901558237.0
llama3-8b_conv300,4109,70977717000.0,167919325861.0
llama3-8b_conv300,4110,70977717000.0,167937095533.0
llama3-8b_conv300,4111,71553215000.0,168167306286.0
llama3-8b_conv300,4112,71553215000.0,168401905391.0
llama3-8b_conv300,4113,71553215000.0,168485876532.0
llama3-8b_conv300,4114,71553215000.0,168503815479.0
llama3-8b_conv300,4115,71553215000.0,168521754426.0
llama3-8b_conv300,4116,71553215000.0,168539693373.0
llama3-8b_conv300,4117,71553215000.0,168557632320.0
llama3-8b_conv300,4118,71553215000.0,168575573315.0
llama3-8b_conv300,4119,71553215000.0,168593514310.0
llama3-8b_conv300,4120,71553215000.0,168611455305.0
llama3-8b_conv300,4121,71553215000.0,168629396300.0
llama3-8b_conv300,4122,71553215000.0,168647337295.0
llama3-8b_conv300,4123,71553215000.0,168665278290.0
llama3-8b_conv300,4124,71553215000.0,168683219285.0
llama3-8b_conv300,4125,71553215000.0,168700653825.0
llama3-8b_conv300,4126,71553215000.0,168718113965.0
llama3-8b_conv300,4127,71553215000.0,168735574105.0
llama3-8b_conv300,4128,71553215000.0,168753034245.0
llama3-8b_conv300,4129,71553215000.0,168770408309.0
llama3-8b_conv300,4130,71553215000.0,168787782373.0
llama3-8b_conv300,4131,71553215000.0,168805156437.0
llama3-8b_conv300,4132,71553215000.0,168822530501.0
llama3-8b_conv300,4133,71553215000.0,168839904565.0
llama3-8b_conv300,4134,71926622000.0,169069761977.0
llama3-8b_conv300,4135,71926622000.0,169304047677.0
llama3-8b_conv300,4136,71926622000.0,169353754634.0
llama3-8b_conv300,4137,71926622000.0,169371297718.0
llama3-8b_conv300,4138,71926622000.0,169388840802.0
llama3-8b_conv300,4139,71926622000.0,169406383886.0
llama3-8b_conv300,4140,71926622000.0,169423929018.0
llama3-8b_conv300,4141,71926622000.0,169441474150.0
llama3-8b_conv300,4142,71926622000.0,169459019282.0
llama3-8b_conv300,4143,71926622000.0,169476564414.0
llama3-8b_conv300,4144,71926622000.0,169494109546.0
llama3-8b_conv300,4145,71926622000.0,169511654678.0
llama3-8b_conv300,4146,71926622000.0,169529001094.0
llama3-8b_conv300,4147,71926622000.0,169546347510.0
llama3-8b_conv300,4148,71926622000.0,169563693926.0
llama3-8b_conv300,4149,71926622000.0,169581040342.0
llama3-8b_conv300,4150,71926622000.0,169598386758.0
llama3-8b_conv300,4151,71926622000.0,169615733174.0
llama3-8b_conv300,4152,71926622000.0,169633079590.0
llama3-8b_conv300,4153,71926622000.0,169650426006.0
llama3-8b_conv300,4154,72258986000.0,169880255770.0
llama3-8b_conv300,4155,72258986000.0,170065352194.0
llama3-8b_conv300,4156,72258986000.0,170082865582.0
llama3-8b_conv300,4157,72258986000.0,170100381018.0
llama3-8b_conv300,4158,72258986000.0,170117896454.0
llama3-8b_conv300,4159,72258986000.0,170135411890.0
llama3-8b_conv300,4160,72258986000.0,170152927326.0
llama3-8b_conv300,4161,72258986000.0,170170442762.0
llama3-8b_conv300,4162,72258986000.0,170187958198.0
llama3-8b_conv300,4163,72258986000.0,170205473634.0
llama3-8b_conv300,4164,72258986000.0,170222989070.0
llama3-8b_conv300,4165,72463206000.0,170308147108.0
llama3-8b_conv300,4166,72463206000.0,170325723244.0
llama3-8b_conv300,4167,72463206000.0,170343299380.0
llama3-8b_conv300,4168,72463206000.0,170360877564.0
llama3-8b_conv300,4169,72463206000.0,170378455748.0
llama3-8b_conv300,4170,72463206000.0,170396033932.0
llama3-8b_conv300,4171,72463206000.0,170413612116.0
llama3-8b_conv300,4172,72463206000.0,170431190300.0
llama3-8b_conv300,4173,72463206000.0,170448569544.0
llama3-8b_conv300,4174,72463206000.0,170465520651.0
llama3-8b_conv300,4175,72463206000.0,170482471758.0
llama3-8b_conv300,4176,72463206000.0,170499422865.0
llama3-8b_conv300,4177,72463206000.0,170516399572.0
llama3-8b_conv300,4178,72463206000.0,170533376279.0
llama3-8b_conv300,4179,72463206000.0,170550352986.0
llama3-8b_conv300,4180,72463206000.0,170567329693.0
llama3-8b_conv300,4181,72463206000.0,170584306400.0
llama3-8b_conv300,4182,72686339000.0,170813792613.0
llama3-8b_conv300,4183,72686339000.0,171047727082.0
llama3-8b_conv300,4184,72772330000.0,171278291118.0
llama3-8b_conv300,4185,72772330000.0,171511267122.0
llama3-8b_conv300,4186,72772330000.0,171570535072.0
llama3-8b_conv300,4187,72772330000.0,171587829324.0
llama3-8b_conv300,4188,72772330000.0,171605149176.0
llama3-8b_conv300,4189,72772330000.0,171622469028.0
llama3-8b_conv300,4190,72772330000.0,171639788880.0
llama3-8b_conv300,4191,72772330000.0,171657108732.0
llama3-8b_conv300,4192,72772330000.0,171674428584.0
llama3-8b_conv300,4193,72772330000.0,171691748436.0
llama3-8b_conv300,4194,72772330000.0,171709068288.0
llama3-8b_conv300,4195,72772330000.0,171726390188.0
llama3-8b_conv300,4196,72772330000.0,171743712088.0
llama3-8b_conv300,4197,72772330000.0,171761033988.0
llama3-8b_conv300,4198,72772330000.0,171778355888.0
llama3-8b_conv300,4199,72772330000.0,171795679836.0
llama3-8b_conv300,4200,72772330000.0,171813029384.0
llama3-8b_conv300,4201,73069107000.0,171996567675.0
llama3-8b_conv300,4202,73069107000.0,172013806631.0
llama3-8b_conv300,4203,73069107000.0,172030850967.0
llama3-8b_conv300,4204,73069107000.0,172047895303.0
llama3-8b_conv300,4205,73139437000.0,172277422987.0
llama3-8b_conv300,4206,73139437000.0,172511378959.0
llama3-8b_conv300,4207,73139437000.0,172749704339.0
llama3-8b_conv300,4208,73139437000.0,172992611095.0
llama3-8b_conv300,4209,73139437000.0,173239606683.0
llama3-8b_conv300,4210,73139437000.0,173491225632.0
llama3-8b_conv300,4211,73139437000.0,173747387045.0
llama3-8b_conv300,4212,73139437000.0,174008185130.0
llama3-8b_conv300,4213,73188991000.0,174242889390.0
llama3-8b_conv300,4214,73188991000.0,174477149490.0
llama3-8b_conv300,4215,73284651000.0,174708176949.0
llama3-8b_conv300,4216,73284651000.0,174941480664.0
llama3-8b_conv300,4217,73501684000.0,175173163513.0
llama3-8b_conv300,4218,73501684000.0,175405491386.0
llama3-8b_conv300,4219,73501684000.0,175567897366.0
llama3-8b_conv300,4220,73501684000.0,175585753369.0
llama3-8b_conv300,4221,73841563000.0,175816064473.0
llama3-8b_conv300,4222,73841563000.0,176044104543.0
llama3-8b_conv300,4223,73841563000.0,176062104222.0
llama3-8b_conv300,4224,73841563000.0,176080103901.0
llama3-8b_conv300,4225,73841563000.0,176097904608.0
llama3-8b_conv300,4226,73841563000.0,176115705315.0
llama3-8b_conv300,4227,73841563000.0,176133506022.0
llama3-8b_conv300,4228,73841563000.0,176151306729.0
llama3-8b_conv300,4229,74006953000.0,176381562537.0
llama3-8b_conv300,4230,74006953000.0,176616222057.0
llama3-8b_conv300,4231,74046995000.0,176846923207.0
llama3-8b_conv300,4232,74046995000.0,177080622757.0
llama3-8b_conv300,4233,74046995000.0,177142444120.0
llama3-8b_conv300,4234,74046995000.0,177160583378.0
llama3-8b_conv300,4235,74046995000.0,177178722636.0
llama3-8b_conv300,4236,74046995000.0,177196861894.0
llama3-8b_conv300,4237,74046995000.0,177215001152.0
llama3-8b_conv300,4238,74046995000.0,177233166010.0
llama3-8b_conv300,4239,74046995000.0,177251330868.0
llama3-8b_conv300,4240,74046995000.0,177269495726.0
llama3-8b_conv300,4241,74046995000.0,177287436013.0
llama3-8b_conv300,4242,74046995000.0,177305378348.0
llama3-8b_conv300,4243,74046995000.0,177323320683.0
llama3-8b_conv300,4244,74046995000.0,177341263018.0
llama3-8b_conv300,4245,74046995000.0,177359205353.0
llama3-8b_conv300,4246,74046995000.0,177377173288.0
llama3-8b_conv300,4247,74046995000.0,177395141223.0
llama3-8b_conv300,4248,74046995000.0,177413109158.0
llama3-8b_conv300,4249,74046995000.0,177431077093.0
llama3-8b_conv300,4250,74046995000.0,177449045028.0
llama3-8b_conv300,4251,74046995000.0,177466537511.0
llama3-8b_conv300,4252,74046995000.0,177484055594.0
llama3-8b_conv300,4253,74046995000.0,177501573677.0
llama3-8b_conv300,4254,74046995000.0,177519093808.0
llama3-8b_conv300,4255,74046995000.0,177536613939.0
llama3-8b_conv300,4256,74046995000.0,177554134070.0
llama3-8b_conv300,4257,74046995000.0,177571654201.0
llama3-8b_conv300,4258,74046995000.0,177589174332.0
llama3-8b_conv300,4259,74046995000.0,177606694463.0
llama3-8b_conv300,4260,74046995000.0,177624214594.0
llama3-8b_conv300,4261,74046995000.0,177641734725.0
llama3-8b_conv300,4262,74046995000.0,177659254856.0
llama3-8b_conv300,4263,74046995000.0,177676774987.0
llama3-8b_conv300,4264,74046995000.0,177694295118.0
llama3-8b_conv300,4265,74046995000.0,177711815249.0
llama3-8b_conv300,4266,74046995000.0,177729335380.0
llama3-8b_conv300,4267,74046995000.0,177746855511.0
llama3-8b_conv300,4268,74046995000.0,177764375642.0
llama3-8b_conv300,4269,74046995000.0,177781895773.0
llama3-8b_conv300,4270,74046995000.0,177799415904.0
llama3-8b_conv300,4271,74046995000.0,177816936035.0
llama3-8b_conv300,4272,74046995000.0,177834456166.0
llama3-8b_conv300,4273,74046995000.0,177851976297.0
llama3-8b_conv300,4274,74046995000.0,177869522028.0
llama3-8b_conv300,4275,74046995000.0,177886981428.0
llama3-8b_conv300,4276,74046995000.0,177904440828.0
llama3-8b_conv300,4277,74046995000.0,177921925828.0
llama3-8b_conv300,4278,74046995000.0,177939410828.0
llama3-8b_conv300,4279,74046995000.0,177956895828.0
llama3-8b_conv300,4280,74046995000.0,177974380828.0
llama3-8b_conv300,4281,74046995000.0,177991865828.0
llama3-8b_conv300,4282,74046995000.0,178009352876.0
llama3-8b_conv300,4283,74046995000.0,178026839924.0
llama3-8b_conv300,4284,74046995000.0,178044329020.0
llama3-8b_conv300,4285,74046995000.0,178061818116.0
llama3-8b_conv300,4286,74046995000.0,178079307212.0
llama3-8b_conv300,4287,74046995000.0,178096796308.0
llama3-8b_conv300,4288,74046995000.0,178114285404.0
llama3-8b_conv300,4289,74046995000.0,178131774500.0
llama3-8b_conv300,4290,74046995000.0,178149263596.0
llama3-8b_conv300,4291,74046995000.0,178166752692.0
llama3-8b_conv300,4292,74046995000.0,178184241788.0
llama3-8b_conv300,4293,74046995000.0,178201730884.0
llama3-8b_conv300,4294,74046995000.0,178218907316.0
llama3-8b_conv300,4295,74046995000.0,178236083748.0
llama3-8b_conv300,4296,74046995000.0,178253285780.0
llama3-8b_conv300,4297,74046995000.0,178270487812.0
llama3-8b_conv300,4298,74046995000.0,178287689844.0
llama3-8b_conv300,4299,74046995000.0,178304891876.0
llama3-8b_conv300,4300,74046995000.0,178322093908.0
llama3-8b_conv300,4301,74046995000.0,178339297988.0
llama3-8b_conv300,4302,74046995000.0,178356502068.0
llama3-8b_conv300,4303,74046995000.0,178373706148.0
llama3-8b_conv300,4304,74046995000.0,178390910228.0
llama3-8b_conv300,4305,74046995000.0,178408116356.0
llama3-8b_conv300,4306,74046995000.0,178425322484.0
llama3-8b_conv300,4307,74046995000.0,178442324791.0
llama3-8b_conv300,4308,74046995000.0,178459327098.0
llama3-8b_conv300,4309,74046995000.0,178476329405.0
llama3-8b_conv300,4310,74046995000.0,178493331712.0
llama3-8b_conv300,4311,74046995000.0,178510334019.0
llama3-8b_conv300,4312,74046995000.0,178527336326.0
llama3-8b_conv300,4313,74046995000.0,178544338633.0
llama3-8b_conv300,4314,74046995000.0,178561340940.0
llama3-8b_conv300,4315,74046995000.0,178578343247.0
llama3-8b_conv300,4316,74046995000.0,178595345554.0
llama3-8b_conv300,4317,74046995000.0,178612347861.0
llama3-8b_conv300,4318,74046995000.0,178629350168.0
llama3-8b_conv300,4319,75304583000.0,178858861981.0
llama3-8b_conv300,4320,75304583000.0,179092822050.0
llama3-8b_conv300,4321,75304583000.0,179131358706.0
llama3-8b_conv300,4322,75304583000.0,179148535138.0
llama3-8b_conv300,4323,75304583000.0,179165737170.0
llama3-8b_conv300,4324,75304583000.0,179182939202.0
llama3-8b_conv300,4325,75304583000.0,179200141234.0
llama3-8b_conv300,4326,75304583000.0,179217343266.0
llama3-8b_conv300,4327,75304583000.0,179234545298.0
llama3-8b_conv300,4328,75304583000.0,179251747330.0
llama3-8b_conv300,4329,75304583000.0,179268949362.0
llama3-8b_conv300,4330,75304583000.0,179286151394.0
llama3-8b_conv300,4331,75304583000.0,179303379026.0
llama3-8b_conv300,4332,75304583000.0,179320606658.0
llama3-8b_conv300,4333,75304583000.0,179337834290.0
llama3-8b_conv300,4334,75304583000.0,179355061922.0
llama3-8b_conv300,4335,75304583000.0,179372289554.0
llama3-8b_conv300,4336,75304583000.0,179389517186.0
llama3-8b_conv300,4337,75304583000.0,179406746866.0
llama3-8b_conv300,4338,75304583000.0,179424002146.0
llama3-8b_conv300,4339,75627209000.0,179653740774.0
llama3-8b_conv300,4340,75627209000.0,179887907690.0
llama3-8b_conv300,4341,75627209000.0,179938631245.0
llama3-8b_conv300,4342,75726526000.0,180168314577.0
llama3-8b_conv300,4343,75726526000.0,180402426197.0
llama3-8b_conv300,4344,75726526000.0,180449196063.0
llama3-8b_conv300,4345,75833898000.0,180630151517.0
llama3-8b_conv300,4346,75862760000.0,180675779326.0
llama3-8b_conv300,4347,75862760000.0,180693295361.0
llama3-8b_conv300,4348,75862760000.0,180710811396.0
llama3-8b_conv300,4349,75862760000.0,180728327431.0
llama3-8b_conv300,4350,75862760000.0,180745843466.0
llama3-8b_conv300,4351,75862760000.0,180763359501.0
llama3-8b_conv300,4352,75862760000.0,180780875536.0
llama3-8b_conv300,4353,75862760000.0,180798391571.0
llama3-8b_conv300,4354,75862760000.0,180815907606.0
llama3-8b_conv300,4355,75862760000.0,180833423641.0
llama3-8b_conv300,4356,75862760000.0,180850939676.0
llama3-8b_conv300,4357,75862760000.0,180868455711.0
llama3-8b_conv300,4358,75862760000.0,180885971746.0
llama3-8b_conv300,4359,75862760000.0,180903487781.0
llama3-8b_conv300,4360,75862760000.0,180921003816.0
llama3-8b_conv300,4361,75862760000.0,180938519851.0
llama3-8b_conv300,4362,75862760000.0,180956035886.0
llama3-8b_conv300,4363,76099724000.0,181150558471.0
llama3-8b_conv300,4364,76099724000.0,181168162886.0
llama3-8b_conv300,4365,76099724000.0,181185767301.0
llama3-8b_conv300,4366,76099724000.0,181203371716.0
llama3-8b_conv300,4367,76099724000.0,181220976131.0
llama3-8b_conv300,4368,76099724000.0,181238580546.0
llama3-8b_conv300,4369,76099724000.0,181256184961.0
llama3-8b_conv300,4370,76099724000.0,181273814976.0
llama3-8b_conv300,4371,76099724000.0,181291444991.0
llama3-8b_conv300,4372,76099724000.0,181309075006.0
llama3-8b_conv300,4373,76099724000.0,181326705021.0
llama3-8b_conv300,4374,76099724000.0,181344337084.0
llama3-8b_conv300,4375,76099724000.0,181361969147.0
llama3-8b_conv300,4376,76286150000.0,181592035033.0
llama3-8b_conv300,4377,76286150000.0,181826484663.0
llama3-8b_conv300,4378,76286150000.0,181858859953.0
llama3-8b_conv300,4379,76286150000.0,181876661291.0
llama3-8b_conv300,4380,76286150000.0,181894464677.0
llama3-8b_conv300,4381,76286150000.0,181912268063.0
llama3-8b_conv300,4382,76286150000.0,181929983070.0
llama3-8b_conv300,4383,76286150000.0,181947698077.0
llama3-8b_conv300,4384,76286150000.0,181965413084.0
llama3-8b_conv300,4385,76286150000.0,181983128091.0
llama3-8b_conv300,4386,76286150000.0,182000843098.0
llama3-8b_conv300,4387,76286150000.0,182018558105.0
llama3-8b_conv300,4388,76286150000.0,182036273112.0
llama3-8b_conv300,4389,76286150000.0,182053988119.0
llama3-8b_conv300,4390,76286150000.0,182071703126.0
llama3-8b_conv300,4391,76286150000.0,182089418133.0
llama3-8b_conv300,4392,76558380000.0,182319566963.0
llama3-8b_conv300,4393,76558380000.0,182554099537.0
llama3-8b_conv300,4394,76558380000.0,182640234078.0
llama3-8b_conv300,4395,76558380000.0,182658118360.0
llama3-8b_conv300,4396,76558380000.0,182676004690.0
llama3-8b_conv300,4397,76558380000.0,182693891020.0
llama3-8b_conv300,4398,76558380000.0,182711777350.0
llama3-8b_conv300,4399,76558380000.0,182729663680.0
llama3-8b_conv300,4400,76558380000.0,182747552058.0
llama3-8b_conv300,4401,76749357000.0,182977876535.0
llama3-8b_conv300,4402,76749357000.0,183212590388.0
llama3-8b_conv300,4403,76749357000.0,183231638026.0
llama3-8b_conv300,4404,76749357000.0,183249672096.0
llama3-8b_conv300,4405,76749357000.0,183267708214.0
llama3-8b_conv300,4406,76749357000.0,183285744332.0
llama3-8b_conv300,4407,76749357000.0,183303780450.0
llama3-8b_conv300,4408,76749357000.0,183321816568.0
llama3-8b_conv300,4409,76749357000.0,183339852686.0
llama3-8b_conv300,4410,76749357000.0,183357914404.0
llama3-8b_conv300,4411,76749357000.0,183375978170.0
llama3-8b_conv300,4412,76749357000.0,183394067536.0
llama3-8b_conv300,4413,76749357000.0,183412156902.0
llama3-8b_conv300,4414,76749357000.0,183430246268.0
llama3-8b_conv300,4415,76749357000.0,183448335634.0
llama3-8b_conv300,4416,76749357000.0,183466427048.0
llama3-8b_conv300,4417,76749357000.0,183484518462.0
llama3-8b_conv300,4418,76749357000.0,183502609876.0
llama3-8b_conv300,4419,76749357000.0,183520701290.0
llama3-8b_conv300,4420,76749357000.0,183538792704.0
llama3-8b_conv300,4421,76749357000.0,183556884118.0
llama3-8b_conv300,4422,76749357000.0,183574975532.0
llama3-8b_conv300,4423,76749357000.0,183593066946.0
llama3-8b_conv300,4424,76749357000.0,183611162456.0
llama3-8b_conv300,4425,76749357000.0,183629257966.0
llama3-8b_conv300,4426,76749357000.0,183647353476.0
llama3-8b_conv300,4427,76749357000.0,183665448986.0
llama3-8b_conv300,4428,76749357000.0,183683544496.0
llama3-8b_conv300,4429,76749357000.0,183701665606.0
llama3-8b_conv300,4430,76749357000.0,183719786716.0
llama3-8b_conv300,4431,76749357000.0,183737907826.0
llama3-8b_conv300,4432,76749357000.0,183756028936.0
llama3-8b_conv300,4433,76749357000.0,183774201246.0
llama3-8b_conv300,4434,76749357000.0,183792373556.0
llama3-8b_conv300,4435,76749357000.0,183810545866.0
llama3-8b_conv300,4436,76749357000.0,183828718176.0
llama3-8b_conv300,4437,76749357000.0,183846890486.0
llama3-8b_conv300,4438,76749357000.0,183865062796.0
llama3-8b_conv300,4439,77310607000.0,184095661704.0
llama3-8b_conv300,4440,77310607000.0,184269222636.0
llama3-8b_conv300,4441,77310607000.0,184287536574.0
llama3-8b_conv300,4442,77310607000.0,184305850512.0
llama3-8b_conv300,4443,77310607000.0,184324076070.0
llama3-8b_conv300,4444,77310607000.0,184342301628.0
llama3-8b_conv300,4445,77310607000.0,184360527186.0
llama3-8b_conv300,4446,77310607000.0,184378752744.0
llama3-8b_conv300,4447,77310607000.0,184396978302.0
llama3-8b_conv300,4448,77310607000.0,184415203860.0
llama3-8b_conv300,4449,77310607000.0,184433429418.0
llama3-8b_conv300,4450,77310607000.0,184451654976.0
llama3-8b_conv300,4451,77310607000.0,184469882582.0
llama3-8b_conv300,4452,77546989000.0,184700536786.0
llama3-8b_conv300,4453,77546989000.0,184935570126.0
llama3-8b_conv300,4454,77546989000.0,185021551986.0
llama3-8b_conv300,4455,77546989000.0,185039749896.0
llama3-8b_conv300,4456,77546989000.0,185057947806.0
llama3-8b_conv300,4457,77546989000.0,185076145716.0
llama3-8b_conv300,4458,77546989000.0,185094343626.0
llama3-8b_conv300,4459,77546989000.0,185112543584.0
llama3-8b_conv300,4460,77546989000.0,185130743542.0
llama3-8b_conv300,4461,77546989000.0,185148943500.0
llama3-8b_conv300,4462,77546989000.0,185167143458.0
llama3-8b_conv300,4463,77546989000.0,185185255068.0
llama3-8b_conv300,4464,77546989000.0,185203366678.0
llama3-8b_conv300,4465,77546989000.0,185221503888.0
llama3-8b_conv300,4466,77546989000.0,185239645194.0
llama3-8b_conv300,4467,77546989000.0,185257786500.0
llama3-8b_conv300,4468,77546989000.0,185275927806.0
llama3-8b_conv300,4469,77546989000.0,185294069112.0
llama3-8b_conv300,4470,77546989000.0,185312210418.0
llama3-8b_conv300,4471,77546989000.0,185330351724.0
llama3-8b_conv300,4472,77546989000.0,185348493030.0
llama3-8b_conv300,4473,77546989000.0,185366634336.0
llama3-8b_conv300,4474,77546989000.0,185384775642.0
llama3-8b_conv300,4475,77546989000.0,185402916948.0
llama3-8b_conv300,4476,77546989000.0,185421058254.0
llama3-8b_conv300,4477,77546989000.0,185439199560.0
llama3-8b_conv300,4478,77546989000.0,185457340866.0
llama3-8b_conv300,4479,77546989000.0,185475482172.0
llama3-8b_conv300,4480,77546989000.0,185493623478.0
llama3-8b_conv300,4481,77546989000.0,185511764784.0
llama3-8b_conv300,4482,77546989000.0,185529906090.0
llama3-8b_conv300,4483,77546989000.0,185547848425.0
llama3-8b_conv300,4484,77546989000.0,185565790760.0
llama3-8b_conv300,4485,77546989000.0,185583733095.0
llama3-8b_conv300,4486,77546989000.0,185601675430.0
llama3-8b_conv300,4487,77546989000.0,185619557033.0
llama3-8b_conv300,4488,77546989000.0,185637438636.0
llama3-8b_conv300,4489,77546989000.0,185655320239.0
llama3-8b_conv300,4490,77546989000.0,185673203890.0
llama3-8b_conv300,4491,77546989000.0,185691087541.0
llama3-8b_conv300,4492,77546989000.0,185708971192.0
llama3-8b_conv300,4493,77546989000.0,185726854843.0
llama3-8b_conv300,4494,77546989000.0,185744738494.0
llama3-8b_conv300,4495,77546989000.0,185762622145.0
llama3-8b_conv300,4496,77546989000.0,185780505796.0
llama3-8b_conv300,4497,77546989000.0,185798389447.0
llama3-8b_conv300,4498,77546989000.0,185816275146.0
llama3-8b_conv300,4499,77546989000.0,185834160845.0
llama3-8b_conv300,4500,78254342000.0,186064501645.0
llama3-8b_conv300,4501,78254342000.0,186299246157.0
llama3-8b_conv300,4502,78313936000.0,186530416427.0
llama3-8b_conv300,4503,78313936000.0,186765281289.0
llama3-8b_conv300,4504,78313936000.0,186980020785.0
llama3-8b_conv300,4505,78313936000.0,186998300331.0
llama3-8b_conv300,4506,78313936000.0,187016579877.0
llama3-8b_conv300,4507,78313936000.0,187034859423.0
llama3-8b_conv300,4508,78313936000.0,187053138969.0
llama3-8b_conv300,4509,78313936000.0,187071193944.0
llama3-8b_conv300,4510,78313936000.0,187089248919.0
llama3-8b_conv300,4511,78313936000.0,187107303894.0
llama3-8b_conv300,4512,78313936000.0,187125358869.0
llama3-8b_conv300,4513,78313936000.0,187143413844.0
llama3-8b_conv300,4514,78313936000.0,187161468819.0
llama3-8b_conv300,4515,78313936000.0,187179523794.0
llama3-8b_conv300,4516,78313936000.0,187197578769.0
llama3-8b_conv300,4517,78313936000.0,187215633744.0
llama3-8b_conv300,4518,78313936000.0,187233688719.0
llama3-8b_conv300,4519,78313936000.0,187251743694.0
llama3-8b_conv300,4520,78313936000.0,187269798669.0
llama3-8b_conv300,4521,78684997000.0,187355912775.0
llama3-8b_conv300,4522,78707843000.0,187586464580.0
llama3-8b_conv300,4523,78707843000.0,187821403713.0
llama3-8b_conv300,4524,78707843000.0,188060730174.0
llama3-8b_conv300,4525,78741657000.0,188239577876.0
llama3-8b_conv300,4526,78741657000.0,188258004454.0
llama3-8b_conv300,4527,78741657000.0,188276431032.0
llama3-8b_conv300,4528,78741657000.0,188294883210.0
llama3-8b_conv300,4529,78741657000.0,188313335388.0
llama3-8b_conv300,4530,78741657000.0,188331813166.0
llama3-8b_conv300,4531,78741657000.0,188350290944.0
llama3-8b_conv300,4532,78741657000.0,188368768722.0
llama3-8b_conv300,4533,78741657000.0,188387272100.0
llama3-8b_conv300,4534,78741657000.0,188405775478.0
llama3-8b_conv300,4535,78741657000.0,188424278856.0
llama3-8b_conv300,4536,78741657000.0,188442782234.0
llama3-8b_conv300,4537,78741657000.0,188461285612.0
llama3-8b_conv300,4538,78741657000.0,188479791038.0
llama3-8b_conv300,4539,78741657000.0,188498322064.0
llama3-8b_conv300,4540,78741657000.0,188516855138.0
llama3-8b_conv300,4541,78741657000.0,188535388212.0
llama3-8b_conv300,4542,78741657000.0,188553921286.0
llama3-8b_conv300,4543,78741657000.0,188572454360.0
llama3-8b_conv300,4544,78741657000.0,188591013034.0
llama3-8b_conv300,4545,78741657000.0,188609571708.0
llama3-8b_conv300,4546,78741657000.0,188628130382.0
llama3-8b_conv300,4547,78741657000.0,188646689056.0
llama3-8b_conv300,4548,78741657000.0,188665104054.0
llama3-8b_conv300,4549,78741657000.0,188683519052.0
llama3-8b_conv300,4550,78741657000.0,188701934050.0
llama3-8b_conv300,4551,78741657000.0,188720349048.0
llama3-8b_conv300,4552,78741657000.0,188738815246.0
llama3-8b_conv300,4553,78741657000.0,188757281444.0
llama3-8b_conv300,4554,79246030000.0,188951522792.0
llama3-8b_conv300,4555,79246030000.0,188970077370.0
llama3-8b_conv300,4556,79246030000.0,188988631948.0
llama3-8b_conv300,4557,79316404000.0,189219582118.0
llama3-8b_conv300,4558,79316404000.0,189454881728.0
llama3-8b_conv300,4559,79323080000.0,189588144453.0
llama3-8b_conv300,4560,79431406000.0,189819334300.0
llama3-8b_conv300,4561,79431406000.0,190054874099.0
llama3-8b_conv300,4562,79466727000.0,190290527848.0
llama3-8b_conv300,4563,79466727000.0,190322260104.0
llama3-8b_conv300,4564,79466727000.0,190341111532.0
llama3-8b_conv300,4565,79466727000.0,190359962960.0
llama3-8b_conv300,4566,79466727000.0,190378814388.0
llama3-8b_conv300,4567,79466727000.0,190397665816.0
llama3-8b_conv300,4568,79466727000.0,190416320321.0
llama3-8b_conv300,4569,79466727000.0,190434974826.0
llama3-8b_conv300,4570,79466727000.0,190453629331.0
llama3-8b_conv300,4571,79466727000.0,190472283836.0
llama3-8b_conv300,4572,79466727000.0,190490938341.0
llama3-8b_conv300,4573,79466727000.0,190509592846.0
llama3-8b_conv300,4574,79466727000.0,190528247351.0
llama3-8b_conv300,4575,79466727000.0,190546649668.0
llama3-8b_conv300,4576,79466727000.0,190565051985.0
llama3-8b_conv300,4577,79466727000.0,190583454302.0
llama3-8b_conv300,4578,79466727000.0,190601856619.0
llama3-8b_conv300,4579,79788963000.0,190689212687.0
llama3-8b_conv300,4580,79817387000.0,190920111204.0
llama3-8b_conv300,4581,79817387000.0,191155344313.0
llama3-8b_conv300,4582,79817387000.0,191327648543.0
llama3-8b_conv300,4583,79817387000.0,191346367167.0
llama3-8b_conv300,4584,79817387000.0,191365085791.0
llama3-8b_conv300,4585,79817387000.0,191383804415.0
llama3-8b_conv300,4586,79817387000.0,191402523039.0
llama3-8b_conv300,4587,79996058000.0,191633632531.0
llama3-8b_conv300,4588,79996058000.0,191869079175.0
llama3-8b_conv300,4589,79996058000.0,191924817445.0
llama3-8b_conv300,4590,79996058000.0,191943705345.0
llama3-8b_conv300,4591,79996058000.0,191962593245.0
llama3-8b_conv300,4592,79996058000.0,191981481145.0
llama3-8b_conv300,4593,79996058000.0,192000371093.0
llama3-8b_conv300,4594,79996058000.0,192019286641.0
llama3-8b_conv300,4595,79996058000.0,192038204237.0
llama3-8b_conv300,4596,80182683000.0,192269471721.0
llama3-8b_conv300,4597,80182683000.0,192505045637.0
llama3-8b_conv300,4598,80182683000.0,192527207686.0
llama3-8b_conv300,4599,80182683000.0,192546302183.0
llama3-8b_conv300,4600,80182683000.0,192565396680.0
llama3-8b_conv300,4601,80182683000.0,192584491177.0
llama3-8b_conv300,4602,80182683000.0,192603585674.0
llama3-8b_conv300,4603,80182683000.0,192622447974.0
llama3-8b_conv300,4604,80182683000.0,192641310274.0
llama3-8b_conv300,4605,80182683000.0,192660172574.0
llama3-8b_conv300,4606,80182683000.0,192679034874.0
llama3-8b_conv300,4607,80396777000.0,192910247062.0
llama3-8b_conv300,4608,80396777000.0,193145765682.0
llama3-8b_conv300,4609,80421214000.0,193379251757.0
llama3-8b_conv300,4610,80421214000.0,193612641480.0
llama3-8b_conv300,4611,80421214000.0,193783686155.0
llama3-8b_conv300,4612,80421214000.0,193802748908.0
llama3-8b_conv300,4613,80421214000.0,193821382540.0
llama3-8b_conv300,4614,80421214000.0,193840016172.0
llama3-8b_conv300,4615,80421214000.0,193858649804.0
llama3-8b_conv300,4616,80421214000.0,193877283436.0
llama3-8b_conv300,4617,80421214000.0,193895720144.0
llama3-8b_conv300,4618,80421214000.0,193914156852.0
llama3-8b_conv300,4619,80421214000.0,193932593560.0
llama3-8b_conv300,4620,80421214000.0,193951030268.0
llama3-8b_conv300,4621,80421214000.0,193969466976.0
llama3-8b_conv300,4622,80421214000.0,193987903684.0
llama3-8b_conv300,4623,80421214000.0,194006340392.0
llama3-8b_conv300,4624,80421214000.0,194024777100.0
llama3-8b_conv300,4625,80421214000.0,194043014837.0
llama3-8b_conv300,4626,80421214000.0,194061252574.0
llama3-8b_conv300,4627,80421214000.0,194079490311.0
llama3-8b_conv300,4628,80421214000.0,194097728048.0
llama3-8b_conv300,4629,80421214000.0,194115965785.0
llama3-8b_conv300,4630,80421214000.0,194134004582.0
llama3-8b_conv300,4631,80421214000.0,194152068979.0
llama3-8b_conv300,4632,80421214000.0,194170133376.0
llama3-8b_conv300,4633,80895356000.0,194400605369.0
llama3-8b_conv300,4634,80895356000.0,194624263062.0
llama3-8b_conv300,4635,80895356000.0,194642496703.0
llama3-8b_conv300,4636,80895356000.0,194660730344.0
llama3-8b_conv300,4637,80895356000.0,194678963985.0
llama3-8b_conv300,4638,80895356000.0,194697223226.0
llama3-8b_conv300,4639,80895356000.0,194715482467.0
llama3-8b_conv300,4640,80895356000.0,194733741708.0
llama3-8b_conv300,4641,80895356000.0,194752000949.0
llama3-8b_conv300,4642,80895356000.0,194770260190.0
llama3-8b_conv300,4643,80895356000.0,194788519431.0
llama3-8b_conv300,4644,80895356000.0,194806804272.0
llama3-8b_conv300,4645,80895356000.0,194825089113.0
llama3-8b_conv300,4646,80895356000.0,194843376002.0
llama3-8b_conv300,4647,81144872000.0,195074064089.0
llama3-8b_conv300,4648,81144872000.0,195309098032.0
llama3-8b_conv300,4649,81144872000.0,195442556885.0
llama3-8b_conv300,4650,81144872000.0,195461015097.0
llama3-8b_conv300,4651,81144872000.0,195479473309.0
llama3-8b_conv300,4652,81144872000.0,195497931521.0
llama3-8b_conv300,4653,81144872000.0,195516389733.0
llama3-8b_conv300,4654,81144872000.0,195534847945.0
llama3-8b_conv300,4655,81144872000.0,195553306157.0
llama3-8b_conv300,4656,81144872000.0,195571768465.0
llama3-8b_conv300,4657,81144872000.0,195590230773.0
llama3-8b_conv300,4658,81144872000.0,195608606750.0
llama3-8b_conv300,4659,81144872000.0,195626922027.0
llama3-8b_conv300,4660,81144872000.0,195645237304.0
llama3-8b_conv300,4661,81144872000.0,195663552581.0
llama3-8b_conv300,4662,81144872000.0,195681867858.0
llama3-8b_conv300,4663,81144872000.0,195700183135.0
llama3-8b_conv300,4664,81144872000.0,195718498412.0
llama3-8b_conv300,4665,81144872000.0,195736813689.0
llama3-8b_conv300,4666,81144872000.0,195755128966.0
llama3-8b_conv300,4667,81144872000.0,195773446291.0
llama3-8b_conv300,4668,81144872000.0,195791763616.0
llama3-8b_conv300,4669,81144872000.0,195810080941.0
llama3-8b_conv300,4670,81144872000.0,195828398266.0
llama3-8b_conv300,4671,81144872000.0,195846715591.0
llama3-8b_conv300,4672,81144872000.0,195865027481.0
llama3-8b_conv300,4673,81144872000.0,195883339371.0
llama3-8b_conv300,4674,81144872000.0,195901651261.0
llama3-8b_conv300,4675,81144872000.0,195919963151.0
llama3-8b_conv300,4676,81144872000.0,195938277089.0
llama3-8b_conv300,4677,81144872000.0,195956591027.0
llama3-8b_conv300,4678,81628783000.0,196187298509.0
llama3-8b_conv300,4679,81628783000.0,196422353383.0
llama3-8b_conv300,4680,81628783000.0,196591817725.0
llama3-8b_conv300,4681,81628783000.0,196610330634.0
llama3-8b_conv300,4682,81628783000.0,196628843543.0
llama3-8b_conv300,4683,81628783000.0,196647356452.0
llama3-8b_conv300,4684,81628783000.0,196665869361.0
llama3-8b_conv300,4685,81628783000.0,196684384318.0
llama3-8b_conv300,4686,81628783000.0,196702924875.0
llama3-8b_conv300,4687,81628783000.0,196721465432.0
llama3-8b_conv300,4688,81628783000.0,196740005989.0
llama3-8b_conv300,4689,81628783000.0,196758572146.0
llama3-8b_conv300,4690,81628783000.0,196777138303.0
llama3-8b_conv300,4691,81628783000.0,196795618129.0
llama3-8b_conv300,4692,81628783000.0,196814011623.0
llama3-8b_conv300,4693,81628783000.0,196832405117.0
llama3-8b_conv300,4694,81628783000.0,196850798611.0
llama3-8b_conv300,4695,81628783000.0,196869192105.0
llama3-8b_conv300,4696,81628783000.0,196887611199.0
llama3-8b_conv300,4697,81628783000.0,196906030293.0
llama3-8b_conv300,4698,81628783000.0,196924449387.0
llama3-8b_conv300,4699,81628783000.0,196942669541.0
llama3-8b_conv300,4700,81628783000.0,196960889695.0
llama3-8b_conv300,4701,81628783000.0,196979109849.0
llama3-8b_conv300,4702,81628783000.0,196997330003.0
llama3-8b_conv300,4703,81628783000.0,197015550157.0
llama3-8b_conv300,4704,82066092000.0,197245979563.0
llama3-8b_conv300,4705,82066092000.0,197480792713.0
llama3-8b_conv300,4706,82109910000.0,197711681766.0
llama3-8b_conv300,4707,82109910000.0,197945621475.0
llama3-8b_conv300,4708,82109910000.0,197969871609.0
llama3-8b_conv300,4709,82109910000.0,197988205711.0
llama3-8b_conv300,4710,82109910000.0,198006539813.0
llama3-8b_conv300,4711,82109910000.0,198024873915.0
llama3-8b_conv300,4712,82109910000.0,198043208017.0
llama3-8b_conv300,4713,82109910000.0,198061542119.0
llama3-8b_conv300,4714,82109910000.0,198079677281.0
llama3-8b_conv300,4715,82109910000.0,198097812443.0
llama3-8b_conv300,4716,82109910000.0,198115947605.0
llama3-8b_conv300,4717,82109910000.0,198134084815.0
llama3-8b_conv300,4718,82109910000.0,198152222025.0
llama3-8b_conv300,4719,82109910000.0,198170359235.0
llama3-8b_conv300,4720,82109910000.0,198188496445.0
llama3-8b_conv300,4721,82413633000.0,198419069754.0
llama3-8b_conv300,4722,82413633000.0,198654032439.0
llama3-8b_conv300,4723,82497749000.0,198885363315.0
llama3-8b_conv300,4724,82497749000.0,199119358319.0
llama3-8b_conv300,4725,82497749000.0,199249147452.0
llama3-8b_conv300,4726,82497749000.0,199267650830.0
llama3-8b_conv300,4727,82497749000.0,199286154208.0
llama3-8b_conv300,4728,82497749000.0,199304657586.0
llama3-8b_conv300,4729,82497749000.0,199323160964.0
llama3-8b_conv300,4730,82497749000.0,199341664342.0
llama3-8b_conv300,4731,82497749000.0,199360167720.0
llama3-8b_conv300,4732,82497749000.0,199378671098.0
llama3-8b_conv300,4733,82497749000.0,199397174476.0
llama3-8b_conv300,4734,82497749000.0,199415677854.0
llama3-8b_conv300,4735,82497749000.0,199434181232.0
llama3-8b_conv300,4736,82497749000.0,199452684610.0
llama3-8b_conv300,4737,82497749000.0,199471187988.0
llama3-8b_conv300,4738,82497749000.0,199489691366.0
llama3-8b_conv300,4739,82497749000.0,199508194744.0
llama3-8b_conv300,4740,82497749000.0,199526698122.0
llama3-8b_conv300,4741,82497749000.0,199545201500.0
llama3-8b_conv300,4742,82497749000.0,199563704878.0
llama3-8b_conv300,4743,82497749000.0,199582208256.0
llama3-8b_conv300,4744,82497749000.0,199600512662.0
llama3-8b_conv300,4745,82497749000.0,199618817068.0
llama3-8b_conv300,4746,82497749000.0,199637121474.0
llama3-8b_conv300,4747,82497749000.0,199655425880.0
llama3-8b_conv300,4748,82919064000.0,199886156884.0
llama3-8b_conv300,4749,82919064000.0,200121267024.0
llama3-8b_conv300,4750,82919064000.0,200179814033.0
llama3-8b_conv300,4751,82919064000.0,200198088743.0
llama3-8b_conv300,4752,82919064000.0,200216365501.0
llama3-8b_conv300,4753,82919064000.0,200234642259.0
llama3-8b_conv300,4754,82919064000.0,200252919017.0
llama3-8b_conv300,4755,82919064000.0,200271197823.0
llama3-8b_conv300,4756,82919064000.0,200289476629.0
llama3-8b_conv300,4757,82919064000.0,200307755435.0
llama3-8b_conv300,4758,82919064000.0,200326034241.0
llama3-8b_conv300,4759,82919064000.0,200344315095.0
llama3-8b_conv300,4760,82919064000.0,200362595949.0
llama3-8b_conv300,4761,82919064000.0,200380876803.0
llama3-8b_conv300,4762,82919064000.0,200399159705.0
llama3-8b_conv300,4763,82919064000.0,200417442607.0
llama3-8b_conv300,4764,82919064000.0,200435725509.0
llama3-8b_conv300,4765,82919064000.0,200454008411.0
llama3-8b_conv300,4766,82919064000.0,200472092373.0
llama3-8b_conv300,4767,82919064000.0,200490176335.0
llama3-8b_conv300,4768,82919064000.0,200508260297.0
llama3-8b_conv300,4769,82919064000.0,200526344259.0
llama3-8b_conv300,4770,82919064000.0,200544428221.0
llama3-8b_conv300,4771,82919064000.0,200562514231.0
llama3-8b_conv300,4772,82919064000.0,200580602289.0
llama3-8b_conv300,4773,82919064000.0,200598690347.0
llama3-8b_conv300,4774,82919064000.0,200616804005.0
llama3-8b_conv300,4775,82919064000.0,200634917663.0
llama3-8b_conv300,4776,82919064000.0,200653031321.0
llama3-8b_conv300,4777,82919064000.0,200671144979.0
llama3-8b_conv300,4778,82919064000.0,200689258637.0
llama3-8b_conv300,4779,82919064000.0,200707372295.0
llama3-8b_conv300,4780,82919064000.0,200725485953.0
llama3-8b_conv300,4781,82919064000.0,200743599611.0
llama3-8b_conv300,4782,82919064000.0,200761715317.0
llama3-8b_conv300,4783,82919064000.0,200779831023.0
llama3-8b_conv300,4784,82919064000.0,200797885998.0
llama3-8b_conv300,4785,82919064000.0,200815742001.0
llama3-8b_conv300,4786,82919064000.0,200833623604.0
llama3-8b_conv300,4787,82919064000.0,200851505207.0
llama3-8b_conv300,4788,82919064000.0,200869386810.0
llama3-8b_conv300,4789,82919064000.0,200887268413.0
llama3-8b_conv300,4790,82919064000.0,200905150016.0
llama3-8b_conv300,4791,82919064000.0,200923031619.0
llama3-8b_conv300,4792,82919064000.0,200940913222.0
llama3-8b_conv300,4793,82919064000.0,200958794825.0
llama3-8b_conv300,4794,82919064000.0,200976676428.0
llama3-8b_conv300,4795,82919064000.0,200994558031.0
llama3-8b_conv300,4796,82919064000.0,201012439634.0
llama3-8b_conv300,4797,82919064000.0,201030096666.0
llama3-8b_conv300,4798,82919064000.0,201047753698.0
llama3-8b_conv300,4799,82919064000.0,201065410730.0
llama3-8b_conv300,4800,82919064000.0,201082981462.0
llama3-8b_conv300,4801,82919064000.0,201100552194.0
llama3-8b_conv300,4802,82919064000.0,201118122926.0
llama3-8b_conv300,4803,82919064000.0,201135693658.0
llama3-8b_conv300,4804,83735745000.0,201365726717.0
llama3-8b_conv300,4805,83735745000.0,201600168096.0
llama3-8b_conv300,4806,83797671000.0,201831118305.0
llama3-8b_conv300,4807,83797671000.0,202065687714.0
llama3-8b_conv300,4808,83797671000.0,202186988887.0
llama3-8b_conv300,4809,83797671000.0,202204898138.0
llama3-8b_conv300,4810,83797671000.0,202222807389.0
llama3-8b_conv300,4811,83797671000.0,202240716640.0
llama3-8b_conv300,4812,83797671000.0,202258625891.0
llama3-8b_conv300,4813,83797671000.0,202276562790.0
llama3-8b_conv300,4814,83797671000.0,202294499689.0
llama3-8b_conv300,4815,84029102000.0,202399661287.0
llama3-8b_conv300,4816,84029102000.0,202417658918.0
llama3-8b_conv300,4817,84029102000.0,202435658597.0
llama3-8b_conv300,4818,84029102000.0,202453658276.0
llama3-8b_conv300,4819,84029102000.0,202471657955.0
llama3-8b_conv300,4820,84029102000.0,202489657634.0
llama3-8b_conv300,4821,84029102000.0,202507657313.0
llama3-8b_conv300,4822,84029102000.0,202525458020.0
llama3-8b_conv300,4823,84029102000.0,202543260775.0
llama3-8b_conv300,4824,84029102000.0,202561065578.0
llama3-8b_conv300,4825,84029102000.0,202578870381.0
llama3-8b_conv300,4826,84029102000.0,202596675184.0
llama3-8b_conv300,4827,84029102000.0,202614479987.0
llama3-8b_conv300,4828,84029102000.0,202632284790.0
llama3-8b_conv300,4829,84029102000.0,202650089593.0
llama3-8b_conv300,4830,84029102000.0,202667894396.0
llama3-8b_conv300,4831,84029102000.0,202685699199.0
llama3-8b_conv300,4832,84029102000.0,202703504002.0
llama3-8b_conv300,4833,84029102000.0,202721308805.0
llama3-8b_conv300,4834,84029102000.0,202739113608.0
llama3-8b_conv300,4835,84029102000.0,202756946059.0
llama3-8b_conv300,4836,84029102000.0,202774778510.0
llama3-8b_conv300,4837,84029102000.0,202792610961.0
llama3-8b_conv300,4838,84029102000.0,202810443412.0
llama3-8b_conv300,4839,84029102000.0,202828275863.0
llama3-8b_conv300,4840,84029102000.0,202846108314.0
llama3-8b_conv300,4841,84029102000.0,202863940765.0
llama3-8b_conv300,4842,84029102000.0,202881773216.0
llama3-8b_conv300,4843,84029102000.0,202899605667.0
llama3-8b_conv300,4844,84029102000.0,202917438118.0
llama3-8b_conv300,4845,84029102000.0,202935296169.0
llama3-8b_conv300,4846,84029102000.0,202953154220.0
llama3-8b_conv300,4847,84029102000.0,202971012271.0
llama3-8b_conv300,4848,84029102000.0,202988870322.0
llama3-8b_conv300,4849,84029102000.0,203006529402.0
llama3-8b_conv300,4850,84029102000.0,203024214082.0
llama3-8b_conv300,4851,84029102000.0,203041900810.0
llama3-8b_conv300,4852,84029102000.0,203059587538.0
llama3-8b_conv300,4853,84029102000.0,203077274266.0
llama3-8b_conv300,4854,84029102000.0,203094960994.0
llama3-8b_conv300,4855,84029102000.0,203112647722.0
llama3-8b_conv300,4856,84029102000.0,203130334450.0
llama3-8b_conv300,4857,84029102000.0,203148021178.0
llama3-8b_conv300,4858,84029102000.0,203165707906.0
llama3-8b_conv300,4859,84029102000.0,203183420234.0
llama3-8b_conv300,4860,84029102000.0,203200908022.0
llama3-8b_conv300,4861,84029102000.0,203218395810.0
llama3-8b_conv300,4862,84029102000.0,203235883598.0
llama3-8b_conv300,4863,84029102000.0,203253371386.0
llama3-8b_conv300,4864,84029102000.0,203270859174.0
llama3-8b_conv300,4865,84029102000.0,203288346962.0
llama3-8b_conv300,4866,84029102000.0,203305834750.0
llama3-8b_conv300,4867,84029102000.0,203323322538.0
llama3-8b_conv300,4868,84029102000.0,203340810326.0
llama3-8b_conv300,4869,84029102000.0,203358298114.0
llama3-8b_conv300,4870,84029102000.0,203375785902.0
llama3-8b_conv300,4871,84029102000.0,203393273690.0
llama3-8b_conv300,4872,84029102000.0,203410761478.0
llama3-8b_conv300,4873,84029102000.0,203428249266.0
llama3-8b_conv300,4874,84029102000.0,203445737054.0
llama3-8b_conv300,4875,84029102000.0,203463224842.0
llama3-8b_conv300,4876,84029102000.0,203480712630.0
llama3-8b_conv300,4877,84029102000.0,203498200418.0
llama3-8b_conv300,4878,84029102000.0,203515688206.0
llama3-8b_conv300,4879,84029102000.0,203533175994.0
llama3-8b_conv300,4880,84029102000.0,203550689382.0
llama3-8b_conv300,4881,84029102000.0,203568202770.0
llama3-8b_conv300,4882,84029102000.0,203585716158.0
llama3-8b_conv300,4883,84029102000.0,203603255146.0
llama3-8b_conv300,4884,84029102000.0,203620569818.0
llama3-8b_conv300,4885,84029102000.0,203637886538.0
llama3-8b_conv300,4886,84029102000.0,203655203258.0
llama3-8b_conv300,4887,84029102000.0,203672519978.0
llama3-8b_conv300,4888,84029102000.0,203689836698.0
llama3-8b_conv300,4889,84029102000.0,203707153418.0
llama3-8b_conv300,4890,84029102000.0,203724470138.0
llama3-8b_conv300,4891,84029102000.0,203741786858.0
llama3-8b_conv300,4892,84029102000.0,203759103578.0
llama3-8b_conv300,4893,84029102000.0,203776420298.0
llama3-8b_conv300,4894,84029102000.0,203793737018.0
llama3-8b_conv300,4895,84029102000.0,203811053738.0
llama3-8b_conv300,4896,84029102000.0,203828370458.0
llama3-8b_conv300,4897,84029102000.0,203845687178.0
llama3-8b_conv300,4898,84029102000.0,203863003898.0
llama3-8b_conv300,4899,84029102000.0,203880320618.0
llama3-8b_conv300,4900,84029102000.0,203897662938.0
llama3-8b_conv300,4901,84029102000.0,203915005258.0
llama3-8b_conv300,4902,84029102000.0,203932349626.0
llama3-8b_conv300,4903,84029102000.0,203949693994.0
llama3-8b_conv300,4904,84029102000.0,203967038362.0
llama3-8b_conv300,4905,84029102000.0,203984382730.0
llama3-8b_conv300,4906,84029102000.0,204001727098.0
llama3-8b_conv300,4907,84029102000.0,204019071466.0
llama3-8b_conv300,4908,84029102000.0,204036415834.0
llama3-8b_conv300,4909,84029102000.0,204053760202.0
llama3-8b_conv300,4910,84029102000.0,204071130170.0
llama3-8b_conv300,4911,84029102000.0,204088500138.0
llama3-8b_conv300,4912,84029102000.0,204105870106.0
llama3-8b_conv300,4913,84029102000.0,204123240074.0
llama3-8b_conv300,4914,84029102000.0,204140610042.0
llama3-8b_conv300,4915,84029102000.0,204157980010.0
llama3-8b_conv300,4916,84029102000.0,204175349978.0
llama3-8b_conv300,4917,84029102000.0,204192719946.0
llama3-8b_conv300,4918,84029102000.0,204210089914.0
llama3-8b_conv300,4919,84029102000.0,204227459882.0
llama3-8b_conv300,4920,84029102000.0,204244829850.0
llama3-8b_conv300,4921,84029102000.0,204262199818.0
llama3-8b_conv300,4922,84029102000.0,204279569786.0
llama3-8b_conv300,4923,84029102000.0,204296939754.0
llama3-8b_conv300,4924,84029102000.0,204314309722.0
llama3-8b_conv300,4925,84029102000.0,204331679690.0
llama3-8b_conv300,4926,84029102000.0,204349049658.0
llama3-8b_conv300,4927,84029102000.0,204366419626.0
llama3-8b_conv300,4928,84029102000.0,204383815194.0
llama3-8b_conv300,4929,84029102000.0,204401210762.0
llama3-8b_conv300,4930,84029102000.0,204418606330.0
llama3-8b_conv300,4931,84029102000.0,204436001898.0
llama3-8b_conv300,4932,84029102000.0,204453397466.0
llama3-8b_conv300,4933,84029102000.0,204470793034.0
llama3-8b_conv300,4934,84029102000.0,204488188602.0
llama3-8b_conv300,4935,84029102000.0,204505584170.0
llama3-8b_conv300,4936,84029102000.0,204522979738.0
llama3-8b_conv300,4937,84029102000.0,204540375306.0
llama3-8b_conv300,4938,84029102000.0,204557770874.0
llama3-8b_conv300,4939,84029102000.0,204575166442.0
llama3-8b_conv300,4940,84029102000.0,204592562010.0
llama3-8b_conv300,4941,84029102000.0,204609985226.0
llama3-8b_conv300,4942,84029102000.0,204627408442.0
llama3-8b_conv300,4943,84029102000.0,204644831658.0
llama3-8b_conv300,4944,84029102000.0,204662254874.0
llama3-8b_conv300,4945,84029102000.0,204679678090.0
llama3-8b_conv300,4946,84029102000.0,204697101306.0
llama3-8b_conv300,4947,84029102000.0,204714524522.0
llama3-8b_conv300,4948,84029102000.0,204731947738.0
llama3-8b_conv300,4949,84029102000.0,204749370954.0
llama3-8b_conv300,4950,84029102000.0,204766794170.0
llama3-8b_conv300,4951,84029102000.0,204784242986.0
llama3-8b_conv300,4952,84029102000.0,204801717402.0
llama3-8b_conv300,4953,84029102000.0,204819191818.0
llama3-8b_conv300,4954,84029102000.0,204836666234.0
llama3-8b_conv300,4955,84029102000.0,204854140650.0
llama3-8b_conv300,4956,84029102000.0,204871615066.0
llama3-8b_conv300,4957,84029102000.0,204889089482.0
llama3-8b_conv300,4958,84029102000.0,204906563898.0
llama3-8b_conv300,4959,84029102000.0,204924038314.0
llama3-8b_conv300,4960,84029102000.0,204941512730.0
llama3-8b_conv300,4961,84029102000.0,204958987146.0
llama3-8b_conv300,4962,84029102000.0,204976461562.0
llama3-8b_conv300,4963,84029102000.0,204993963626.0
llama3-8b_conv300,4964,84029102000.0,205011465690.0
llama3-8b_conv300,4965,84029102000.0,205028967754.0
llama3-8b_conv300,4966,84029102000.0,205046469818.0
llama3-8b_conv300,4967,84029102000.0,205063971882.0
llama3-8b_conv300,4968,84029102000.0,205081473946.0
llama3-8b_conv300,4969,84029102000.0,205098976010.0
llama3-8b_conv300,4970,84029102000.0,205116274253.0
llama3-8b_conv300,4971,84029102000.0,205133572496.0
llama3-8b_conv300,4972,84029102000.0,205150870739.0
llama3-8b_conv300,4973,84029102000.0,205168171030.0
llama3-8b_conv300,4974,84029102000.0,205185471321.0
llama3-8b_conv300,4975,84029102000.0,205202771612.0
llama3-8b_conv300,4976,84029102000.0,205220071903.0
llama3-8b_conv300,4977,84029102000.0,205237372194.0
llama3-8b_conv300,4978,84029102000.0,205254672485.0
llama3-8b_conv300,4979,84029102000.0,205271998376.0
llama3-8b_conv300,4980,84029102000.0,205289324267.0
llama3-8b_conv300,4981,84029102000.0,205306650158.0
llama3-8b_conv300,4982,84029102000.0,205323976049.0
llama3-8b_conv300,4983,84029102000.0,205341103960.0
llama3-8b_conv300,4984,84029102000.0,205358231871.0
llama3-8b_conv300,4985,84029102000.0,205375359782.0
llama3-8b_conv300,4986,84029102000.0,205392487693.0
llama3-8b_conv300,4987,84029102000.0,205409617652.0
llama3-8b_conv300,4988,84029102000.0,205426747611.0
llama3-8b_conv300,4989,84029102000.0,205443877570.0
llama3-8b_conv300,4990,84029102000.0,205461007529.0
llama3-8b_conv300,4991,84029102000.0,205478137488.0
llama3-8b_conv300,4992,84029102000.0,205495267447.0
llama3-8b_conv300,4993,84029102000.0,205512397406.0
llama3-8b_conv300,4994,84029102000.0,205529527365.0
llama3-8b_conv300,4995,84029102000.0,205546657324.0
llama3-8b_conv300,4996,84029102000.0,205563787283.0
llama3-8b_conv300,4997,84029102000.0,205580917242.0
llama3-8b_conv300,4998,83797671000.0,205597959813.0
llama3-8b_conv300,4999,83797671000.0,205615002384.0
llama3-8b_conv300,5000,83797671000.0,205632044955.0
llama3-8b_conv300,5001,83797671000.0,205649087526.0
llama3-8b_conv300,5002,83797671000.0,205666130097.0
llama3-8b_conv300,5003,83797671000.0,205683172668.0
llama3-8b_conv300,5004,83797671000.0,205700215239.0
llama3-8b_conv300,5005,83797671000.0,205717257810.0
llama3-8b_conv300,5006,83797671000.0,205734300381.0
llama3-8b_conv300,5007,83797671000.0,205751342952.0
llama3-8b_conv300,5008,83797671000.0,205768387571.0
llama3-8b_conv300,5009,83797671000.0,205785234211.0
llama3-8b_conv300,5010,83797671000.0,205802080851.0
llama3-8b_conv300,5011,83797671000.0,205818929539.0
llama3-8b_conv300,5012,83797671000.0,205835778227.0
llama3-8b_conv300,5013,83797671000.0,205852652515.0
llama3-8b_conv300,5014,83797671000.0,205869526803.0
llama3-8b_conv300,5015,83797671000.0,205886401091.0
llama3-8b_conv300,5016,83797671000.0,205903275379.0
llama3-8b_conv300,5017,83797671000.0,205920149667.0
llama3-8b_conv300,5018,83797671000.0,205937023955.0
llama3-8b_conv300,5019,83797671000.0,205953898243.0
llama3-8b_conv300,5020,83797671000.0,205970772531.0
llama3-8b_conv300,5021,83797671000.0,205987646819.0
llama3-8b_conv300,5022,83797671000.0,206004521107.0
llama3-8b_conv300,5023,83797671000.0,206021395395.0
llama3-8b_conv300,5024,83797671000.0,206038269683.0
llama3-8b_conv300,5025,83797671000.0,206055143971.0
llama3-8b_conv300,5026,83797671000.0,206072018259.0
llama3-8b_conv300,5027,83797671000.0,206088892547.0
llama3-8b_conv300,5028,83797671000.0,206105768883.0
llama3-8b_conv300,5029,83797671000.0,206122645219.0
llama3-8b_conv300,5030,83797671000.0,206139521555.0
llama3-8b_conv300,5031,83797671000.0,206156397891.0
llama3-8b_conv300,5032,83797671000.0,206173274227.0
llama3-8b_conv300,5033,83797671000.0,206190150563.0
llama3-8b_conv300,5034,83797671000.0,206207026899.0
llama3-8b_conv300,5035,83797671000.0,206223903235.0
llama3-8b_conv300,5036,83797671000.0,206240779571.0
llama3-8b_conv300,5037,83797671000.0,206257655907.0
llama3-8b_conv300,5038,83797671000.0,206274534291.0
llama3-8b_conv300,5039,83797671000.0,206291412675.0
llama3-8b_conv300,5040,83797671000.0,206308093079.0
llama3-8b_conv300,5041,83797671000.0,206324773483.0
llama3-8b_conv300,5042,83797671000.0,206341453887.0
llama3-8b_conv300,5043,83797671000.0,206358134291.0
llama3-8b_conv300,5044,83797671000.0,206374814695.0
llama3-8b_conv300,5045,83797671000.0,206391495099.0
llama3-8b_conv300,5046,83797671000.0,206408175503.0
llama3-8b_conv300,5047,83797671000.0,206424855907.0
llama3-8b_conv300,5048,83797671000.0,206441536311.0
llama3-8b_conv300,5049,83797671000.0,206458216715.0
llama3-8b_conv300,5050,83797671000.0,206474673540.0
llama3-8b_conv300,5051,83797671000.0,206491130365.0
llama3-8b_conv300,5052,83797671000.0,206507587190.0
llama3-8b_conv300,5053,83797671000.0,206524044015.0
llama3-8b_conv300,5054,83797671000.0,206540500840.0
llama3-8b_conv300,5055,83797671000.0,206556957665.0
llama3-8b_conv300,5056,83797671000.0,206573416538.0
llama3-8b_conv300,5057,83797671000.0,206589875411.0
llama3-8b_conv300,5058,83797671000.0,206606334284.0
llama3-8b_conv300,5059,83797671000.0,206622793157.0
llama3-8b_conv300,5060,83797671000.0,206639252030.0
llama3-8b_conv300,5061,83797671000.0,206655710903.0
llama3-8b_conv300,5062,83797671000.0,206672169776.0
llama3-8b_conv300,5063,83797671000.0,206688628649.0
llama3-8b_conv300,5064,83797671000.0,206705087522.0
llama3-8b_conv300,5065,83797671000.0,206721546395.0
llama3-8b_conv300,5066,83797671000.0,206738005268.0
llama3-8b_conv300,5067,83797671000.0,206754464141.0
llama3-8b_conv300,5068,83797671000.0,206770923014.0
llama3-8b_conv300,5069,83797671000.0,206787383935.0
llama3-8b_conv300,5070,83797671000.0,206803844856.0
llama3-8b_conv300,5071,83797671000.0,206820305777.0
llama3-8b_conv300,5072,83797671000.0,206836766698.0
llama3-8b_conv300,5073,83797671000.0,206853227619.0
llama3-8b_conv300,5074,83797671000.0,206869688540.0
llama3-8b_conv300,5075,83797671000.0,206886149461.0
llama3-8b_conv300,5076,83797671000.0,206902610382.0
llama3-8b_conv300,5077,83797671000.0,206919071303.0
llama3-8b_conv300,5078,83797671000.0,206935532224.0
llama3-8b_conv300,5079,83797671000.0,206951799261.0
llama3-8b_conv300,5080,83797671000.0,206968066298.0
llama3-8b_conv300,5081,83797671000.0,206984333335.0
llama3-8b_conv300,5082,83797671000.0,207000600372.0
llama3-8b_conv300,5083,83797671000.0,207016532397.0
llama3-8b_conv300,5084,83797671000.0,207032464422.0
llama3-8b_conv300,5085,83797671000.0,207048396447.0
llama3-8b_conv300,5086,83797671000.0,207064328472.0
llama3-8b_conv300,5087,83797671000.0,207080260497.0
llama3-8b_conv300,5088,83797671000.0,207096192522.0
llama3-8b_conv300,5089,83797671000.0,207112124547.0
llama3-8b_conv300,5090,83797671000.0,207128056572.0
llama3-8b_conv300,5091,83797671000.0,207143988597.0
llama3-8b_conv300,5092,83797671000.0,207159920622.0
llama3-8b_conv300,5093,83797671000.0,207175852647.0
llama3-8b_conv300,5094,83797671000.0,207191784672.0
llama3-8b_conv300,5095,83797671000.0,207207716697.0
llama3-8b_conv300,5096,83797671000.0,207223648722.0
llama3-8b_conv300,5097,83797671000.0,207239580747.0
llama3-8b_conv300,5098,83797671000.0,207255512772.0
llama3-8b_conv300,5099,83797671000.0,207271444797.0
llama3-8b_conv300,5100,83797671000.0,207287376822.0
llama3-8b_conv300,5101,83797671000.0,207303308847.0
llama3-8b_conv300,5102,83797671000.0,207319240872.0
llama3-8b_conv300,5103,83797671000.0,207335172897.0
llama3-8b_conv300,5104,83797671000.0,207350448895.0
llama3-8b_conv300,5105,83797671000.0,207365724893.0
llama3-8b_conv300,5106,83797671000.0,207381000891.0
llama3-8b_conv300,5107,83797671000.0,207396278937.0
llama3-8b_conv300,5108,83797671000.0,207411556983.0
llama3-8b_conv300,5109,83797671000.0,207426835029.0
llama3-8b_conv300,5110,83797671000.0,207442113075.0
llama3-8b_conv300,5111,83797671000.0,207457391121.0
llama3-8b_conv300,5112,83797671000.0,207472669167.0
llama3-8b_conv300,5113,83797671000.0,207487947213.0
llama3-8b_conv300,5114,83797671000.0,207503225259.0
llama3-8b_conv300,5115,83797671000.0,207518503305.0
llama3-8b_conv300,5116,83797671000.0,207533781351.0
llama3-8b_conv300,5117,83797671000.0,207549059397.0
llama3-8b_conv300,5118,83797671000.0,207564337443.0
llama3-8b_conv300,5119,83797671000.0,207578959461.0
llama3-8b_conv300,5120,83797671000.0,207593581479.0
llama3-8b_conv300,5121,83797671000.0,207608203497.0
llama3-8b_conv300,5122,83797671000.0,207622825515.0
llama3-8b_conv300,5123,83797671000.0,207637447533.0
llama3-8b_conv300,5124,83797671000.0,207652069551.0
llama3-8b_conv300,5125,83797671000.0,207666691569.0
llama3-8b_conv300,5126,83797671000.0,207681313587.0
llama3-8b_conv300,5127,83797671000.0,207695935605.0
llama3-8b_conv300,5128,83797671000.0,207710557623.0
llama3-8b_conv300,5129,83797671000.0,207725179641.0
llama3-8b_conv300,5130,83797671000.0,207739801659.0
llama3-8b_conv300,5131,83797671000.0,207754423677.0
llama3-8b_conv300,5132,83797671000.0,207769045695.0
llama3-8b_conv300,5133,83797671000.0,207783667713.0
llama3-8b_conv300,5134,83797671000.0,207798289731.0
llama3-8b_conv300,5135,83797671000.0,207812911749.0
llama3-8b_conv300,5136,83797671000.0,207827533767.0
llama3-8b_conv300,5137,83797671000.0,207842155785.0
llama3-8b_conv300,5138,83797671000.0,207856777803.0
llama3-8b_conv300,5139,83797671000.0,207871425421.0
llama3-8b_conv300,5140,83797671000.0,207886073039.0
llama3-8b_conv300,5141,83797671000.0,207900722705.0
llama3-8b_conv300,5142,83797671000.0,207915372371.0
llama3-8b_conv300,5143,83797671000.0,207930022037.0
llama3-8b_conv300,5144,83797671000.0,207944671703.0
llama3-8b_conv300,5145,83797671000.0,207959321369.0
llama3-8b_conv300,5146,83797671000.0,207973971035.0
llama3-8b_conv300,5147,83797671000.0,207988620701.0
llama3-8b_conv300,5148,83797671000.0,208003270367.0
llama3-8b_conv300,5149,83797671000.0,208017920033.0
llama3-8b_conv300,5150,83797671000.0,208032569699.0
llama3-8b_conv300,5151,83797671000.0,208046535731.0
llama3-8b_conv300,5152,83797671000.0,208060501763.0
llama3-8b_conv300,5153,83797671000.0,208074467795.0
llama3-8b_conv300,5154,83797671000.0,208088433827.0
llama3-8b_conv300,5155,83797671000.0,208102399859.0
llama3-8b_conv300,5156,83797671000.0,208116365891.0
llama3-8b_conv300,5157,83797671000.0,208130331923.0
llama3-8b_conv300,5158,83797671000.0,208144297955.0
llama3-8b_conv300,5159,83797671000.0,208158263987.0
llama3-8b_conv300,5160,83797671000.0,208172230019.0
llama3-8b_conv300,5161,83797671000.0,208186196051.0
llama3-8b_conv300,5162,83797671000.0,208200162083.0
llama3-8b_conv300,5163,83797671000.0,208214128115.0
llama3-8b_conv300,5164,83797671000.0,208228094147.0
llama3-8b_conv300,5165,83797671000.0,208242060179.0
llama3-8b_conv300,5166,83797671000.0,208256026211.0
llama3-8b_conv300,5167,83797671000.0,208269992243.0
llama3-8b_conv300,5168,83797671000.0,208283958275.0
llama3-8b_conv300,5169,83797671000.0,208297268371.0
llama3-8b_conv300,5170,83797671000.0,208310578467.0
llama3-8b_conv300,5171,83797671000.0,208323888563.0
llama3-8b_conv300,5172,83797671000.0,208337198659.0
llama3-8b_conv300,5173,83797671000.0,208350508755.0
llama3-8b_conv300,5174,83797671000.0,208363135267.0
llama3-8b_conv300,5175,83797671000.0,208375761779.0
llama3-8b_conv300,5176,83797671000.0,208388388291.0
llama3-8b_conv300,5177,83797671000.0,208401014803.0
llama3-8b_conv300,5178,83797671000.0,208413641315.0
llama3-8b_conv300,5179,83797671000.0,208426267827.0
llama3-8b_conv300,5180,83797671000.0,208438894339.0
llama3-8b_conv300,5181,83797671000.0,208451520851.0
llama3-8b_conv300,5182,83797671000.0,208464147363.0
llama3-8b_conv300,5183,83797671000.0,208476773875.0
llama3-8b_conv300,5184,83797671000.0,208489400387.0
llama3-8b_conv300,5185,83797671000.0,208502026899.0
llama3-8b_conv300,5186,83797671000.0,208514653411.0
llama3-8b_conv300,5187,83797671000.0,208527279923.0
llama3-8b_conv300,5188,83797671000.0,208539906435.0
llama3-8b_conv300,5189,83797671000.0,208552532947.0
llama3-8b_conv300,5190,83797671000.0,208565159459.0
llama3-8b_conv300,5191,83797671000.0,208577785971.0
llama3-8b_conv300,5192,83797671000.0,208590412483.0
llama3-8b_conv300,5193,83797671000.0,208603038995.0
llama3-8b_conv300,5194,83797671000.0,208615665507.0
llama3-8b_conv300,5195,83797671000.0,208628292019.0
llama3-8b_conv300,5196,83797671000.0,208640918531.0
llama3-8b_conv300,5197,83797671000.0,208653570643.0
llama3-8b_conv300,5198,83797671000.0,208666222755.0
llama3-8b_conv300,5199,83797671000.0,208678874867.0
llama3-8b_conv300,5200,83797671000.0,208691526979.0
llama3-8b_conv300,5201,83797671000.0,208704179091.0
llama3-8b_conv300,5202,83797671000.0,208716831203.0
llama3-8b_conv300,5203,83797671000.0,208729483315.0
llama3-8b_conv300,5204,83797671000.0,208742135427.0
llama3-8b_conv300,5205,83797671000.0,208754787539.0
llama3-8b_conv300,5206,83797671000.0,208767439651.0
llama3-8b_conv300,5207,83797671000.0,208780091763.0
llama3-8b_conv300,5208,83797671000.0,208792743875.0
llama3-8b_conv300,5209,83797671000.0,208805395987.0
llama3-8b_conv300,5210,83797671000.0,208818048099.0
llama3-8b_conv300,5211,83797671000.0,208830700211.0
llama3-8b_conv300,5212,83797671000.0,208843352323.0
llama3-8b_conv300,5213,83797671000.0,208856004435.0
llama3-8b_conv300,5214,83797671000.0,208868656547.0
llama3-8b_conv300,5215,83797671000.0,208881308659.0
llama3-8b_conv300,5216,83797671000.0,208893960771.0
llama3-8b_conv300,5217,83797671000.0,208906612883.0
llama3-8b_conv300,5218,83797671000.0,208919264995.0
llama3-8b_conv300,5219,83797671000.0,208931917107.0
llama3-8b_conv300,5220,83797671000.0,208944569219.0
llama3-8b_conv300,5221,83735745000.0,208956539795.0
llama3-8b_conv300,5222,83735745000.0,208968510371.0
llama3-8b_conv300,5223,83735745000.0,208980480947.0
llama3-8b_conv300,5224,83735745000.0,208992451523.0
llama3-8b_conv300,5225,83735745000.0,209004422099.0
