batch_id,scheduled_at,completed_at,replica_id,request_id,arrived_at,phase,tokens_this_iter,kv_cache_before
0,0.0,0.036838067679254204,0,0,0.0,prefill,512,0
1,0.036838067679254204,0.0749165833585084,0,0,0.0,prefill,512,512
2,0.0749165833585084,0.11407527681554036,0,0,0.0,prefill,512,1024
3,0.11407527681554036,0.15455904049479455,0,0,0.0,prefill,512,1536
4,0.15455904049479455,0.19602354017404874,0,0,0.0,prefill,512,2048
5,0.19602354017404874,0.23885213585330295,0,0,0.0,prefill,512,2560
6,0.23885213585330295,0.2825055635325571,0,0,0.0,prefill,512,3072
7,0.2825055635325571,0.32747598321181126,0,0,0.0,prefill,502,3584
7,0.2825055635325571,0.32747598321181126,0,1,0.052,prefill,10,0
8,0.32747598321181126,0.36634201889106544,0,0,0.0,decode,1,4087
8,0.32747598321181126,0.36634201889106544,0,1,0.052,prefill,511,10
9,0.36634201889106544,0.4063071905703196,0,0,0.0,decode,1,4088
9,0.36634201889106544,0.4063071905703196,0,1,0.052,prefill,511,521
10,0.4063071905703196,0.4472716113162405,0,0,0.0,decode,1,4089
10,0.4063071905703196,0.4472716113162405,0,1,0.052,prefill,511,1032
11,0.4472716113162405,0.4891658069954947,0,0,0.0,decode,1,4090
11,0.4472716113162405,0.4891658069954947,0,1,0.052,prefill,511,1543
12,0.4891658069954947,0.5321291866747488,0,0,0.0,decode,1,4091
12,0.4891658069954947,0.5321291866747488,0,1,0.052,prefill,511,2054
13,0.5321291866747488,0.5763450463540031,0,0,0.0,decode,1,4092
13,0.5321291866747488,0.5763450463540031,0,1,0.052,prefill,511,2565
14,0.5763450463540031,0.6172265060332572,0,0,0.0,decode,1,4093
14,0.5763450463540031,0.6172265060332572,0,1,0.052,prefill,104,3076
14,0.5763450463540031,0.6172265060332572,0,2,0.098189,prefill,110,0
14,0.5763450463540031,0.6172265060332572,0,3,0.140684,prefill,297,0
15,0.6172265060332572,0.6576540777125115,0,0,0.0,decode,1,4094
15,0.6172265060332572,0.6576540777125115,0,1,0.052,decode,1,3181
15,0.6172265060332572,0.6576540777125115,0,2,0.098189,decode,1,111
15,0.6172265060332572,0.6576540777125115,0,3,0.140684,prefill,509,297
16,0.6576540777125115,0.6990913453917657,0,0,0.0,decode,1,4095
16,0.6576540777125115,0.6990913453917657,0,1,0.052,decode,1,3182
16,0.6576540777125115,0.6990913453917657,0,2,0.098189,decode,1,112
16,0.6576540777125115,0.6990913453917657,0,3,0.140684,prefill,509,806
17,0.6990913453917657,0.7404147890710199,0,1,0.052,decode,1,3183
17,0.6990913453917657,0.7404147890710199,0,2,0.098189,decode,1,113
17,0.6990913453917657,0.7404147890710199,0,3,0.140684,prefill,510,1315
18,0.7404147890710199,0.7831681207502741,0,1,0.052,decode,1,3184
18,0.7404147890710199,0.7831681207502741,0,2,0.098189,decode,1,114
18,0.7404147890710199,0.7831681207502741,0,3,0.140684,prefill,510,1825
19,0.7831681207502741,0.8264691644295283,0,1,0.052,decode,1,3185
19,0.7831681207502741,0.8264691644295283,0,2,0.098189,decode,1,115
19,0.7831681207502741,0.8264691644295283,0,3,0.140684,prefill,510,2335
20,0.8264691644295283,0.8708781761087825,0,1,0.052,decode,1,3186
20,0.8264691644295283,0.8708781761087825,0,2,0.098189,decode,1,116
20,0.8264691644295283,0.8708781761087825,0,3,0.140684,prefill,510,2845
21,0.8708781761087825,0.9162855877880366,0,1,0.052,decode,1,3187
21,0.8708781761087825,0.9162855877880366,0,2,0.098189,decode,1,117
21,0.8708781761087825,0.9162855877880366,0,3,0.140684,prefill,510,3355
22,0.9162855877880366,0.9568937674672908,0,2,0.098189,decode,1,118
22,0.9162855877880366,0.9568937674672908,0,3,0.140684,prefill,217,3865
22,0.9162855877880366,0.9568937674672908,0,4,0.444994,prefill,34,0
22,0.9162855877880366,0.9568937674672908,0,5,0.539187,prefill,260,0
23,0.9568937674672908,0.995923323146545,0,2,0.098189,decode,1,119
23,0.9568937674672908,0.995923323146545,0,3,0.140684,decode,1,4083
23,0.9568937674672908,0.995923323146545,0,4,0.444994,decode,1,35
23,0.9568937674672908,0.995923323146545,0,5,0.539187,prefill,114,260
23,0.9568937674672908,0.995923323146545,0,6,0.698571,prefill,395,0
24,0.995923323146545,1.0361642281591326,0,2,0.098189,decode,1,120
24,0.995923323146545,1.0361642281591326,0,3,0.140684,decode,1,4084
24,0.995923323146545,1.0361642281591326,0,4,0.444994,decode,1,36
24,0.995923323146545,1.0361642281591326,0,5,0.539187,decode,1,375
24,0.995923323146545,1.0361642281591326,0,6,0.698571,prefill,508,395
25,1.0361642281591326,1.07730721317172,0,2,0.098189,decode,1,121
25,1.0361642281591326,1.07730721317172,0,3,0.140684,decode,1,4085
25,1.0361642281591326,1.07730721317172,0,4,0.444994,decode,1,37
25,1.0361642281591326,1.07730721317172,0,5,0.539187,decode,1,376
25,1.0361642281591326,1.07730721317172,0,6,0.698571,prefill,508,903
26,1.07730721317172,1.1195662088509744,0,2,0.098189,decode,1,122
26,1.07730721317172,1.1195662088509744,0,3,0.140684,decode,1,4086
26,1.07730721317172,1.1195662088509744,0,4,0.444994,decode,1,38
26,1.07730721317172,1.1195662088509744,0,5,0.539187,decode,1,377
26,1.07730721317172,1.1195662088509744,0,6,0.698571,prefill,508,1411
27,1.1195662088509744,1.1631350285302284,0,2,0.098189,decode,1,123
27,1.1195662088509744,1.1631350285302284,0,3,0.140684,decode,1,4087
27,1.1195662088509744,1.1631350285302284,0,4,0.444994,decode,1,39
27,1.1195662088509744,1.1631350285302284,0,5,0.539187,decode,1,378
27,1.1195662088509744,1.1631350285302284,0,6,0.698571,prefill,508,1919
28,1.1631350285302284,1.2077503762094826,0,2,0.098189,decode,1,124
28,1.1631350285302284,1.2077503762094826,0,3,0.140684,decode,1,4088
28,1.1631350285302284,1.2077503762094826,0,4,0.444994,decode,1,40
28,1.1631350285302284,1.2077503762094826,0,5,0.539187,decode,1,379
28,1.1631350285302284,1.2077503762094826,0,6,0.698571,prefill,508,2427
29,1.2077503762094826,1.2534192918887368,0,2,0.098189,decode,1,125
29,1.2077503762094826,1.2534192918887368,0,3,0.140684,decode,1,4089
29,1.2077503762094826,1.2534192918887368,0,4,0.444994,decode,1,41
29,1.2077503762094826,1.2534192918887368,0,5,0.539187,decode,1,380
29,1.2077503762094826,1.2534192918887368,0,6,0.698571,prefill,508,2935
30,1.2534192918887368,1.300477903567991,0,2,0.098189,decode,1,126
30,1.2534192918887368,1.300477903567991,0,3,0.140684,decode,1,4090
30,1.2534192918887368,1.300477903567991,0,4,0.444994,decode,1,42
30,1.2534192918887368,1.300477903567991,0,5,0.539187,decode,1,381
30,1.2534192918887368,1.300477903567991,0,6,0.698571,prefill,508,3443
31,1.300477903567991,1.3429623072472452,0,2,0.098189,decode,1,127
31,1.300477903567991,1.3429623072472452,0,3,0.140684,decode,1,4091
31,1.300477903567991,1.3429623072472452,0,4,0.444994,decode,1,43
31,1.300477903567991,1.3429623072472452,0,5,0.539187,decode,1,382
31,1.300477903567991,1.3429623072472452,0,6,0.698571,prefill,136,3951
31,1.300477903567991,1.3429623072472452,0,7,1.016041,prefill,34,0
31,1.300477903567991,1.3429623072472452,0,8,1.299312,prefill,338,0
32,1.3429623072472452,1.3838981669264994,0,2,0.098189,decode,1,128
32,1.3429623072472452,1.3838981669264994,0,3,0.140684,decode,1,4092
32,1.3429623072472452,1.3838981669264994,0,4,0.444994,decode,1,44
32,1.3429623072472452,1.3838981669264994,0,5,0.539187,decode,1,383
32,1.3429623072472452,1.3838981669264994,0,6,0.698571,decode,1,4088
32,1.3429623072472452,1.3838981669264994,0,7,1.016041,decode,1,35
32,1.3429623072472452,1.3838981669264994,0,8,1.299312,prefill,506,338
33,1.3838981669264994,1.4238903210057536,0,2,0.098189,decode,1,129
33,1.3838981669264994,1.4238903210057536,0,3,0.140684,decode,1,4093
33,1.3838981669264994,1.4238903210057536,0,4,0.444994,decode,1,45
33,1.3838981669264994,1.4238903210057536,0,5,0.539187,decode,1,384
33,1.3838981669264994,1.4238903210057536,0,6,0.698571,decode,1,4089
33,1.3838981669264994,1.4238903210057536,0,7,1.016041,decode,1,36
33,1.3838981669264994,1.4238903210057536,0,8,1.299312,prefill,301,844
33,1.3838981669264994,1.4238903210057536,0,9,1.299337,prefill,201,0
34,1.4238903210057536,1.4643571886850077,0,2,0.098189,decode,1,130
34,1.4238903210057536,1.4643571886850077,0,3,0.140684,decode,1,4094
34,1.4238903210057536,1.4643571886850077,0,5,0.539187,decode,1,385
34,1.4238903210057536,1.4643571886850077,0,6,0.698571,decode,1,4090
34,1.4238903210057536,1.4643571886850077,0,7,1.016041,decode,1,37
34,1.4238903210057536,1.4643571886850077,0,8,1.299312,decode,1,1146
34,1.4238903210057536,1.4643571886850077,0,9,1.299337,decode,1,202
34,1.4238903210057536,1.4643571886850077,0,10,1.398922,prefill,137,0
34,1.4238903210057536,1.4643571886850077,0,11,1.399087,prefill,368,0
35,1.4643571886850077,1.506711672364262,0,2,0.098189,decode,1,131
35,1.4643571886850077,1.506711672364262,0,3,0.140684,decode,1,4095
35,1.4643571886850077,1.506711672364262,0,5,0.539187,decode,1,386
35,1.4643571886850077,1.506711672364262,0,6,0.698571,decode,1,4091
35,1.4643571886850077,1.506711672364262,0,7,1.016041,decode,1,38
35,1.4643571886850077,1.506711672364262,0,8,1.299312,decode,1,1147
35,1.4643571886850077,1.506711672364262,0,9,1.299337,decode,1,203
35,1.4643571886850077,1.506711672364262,0,10,1.398922,decode,1,138
35,1.4643571886850077,1.506711672364262,0,11,1.399087,prefill,504,368
36,1.506711672364262,1.5485404813768495,0,2,0.098189,decode,1,132
36,1.506711672364262,1.5485404813768495,0,5,0.539187,decode,1,387
36,1.506711672364262,1.5485404813768495,0,6,0.698571,decode,1,4092
36,1.506711672364262,1.5485404813768495,0,7,1.016041,decode,1,39
36,1.506711672364262,1.5485404813768495,0,8,1.299312,decode,1,1148
36,1.506711672364262,1.5485404813768495,0,9,1.299337,decode,1,204
36,1.506711672364262,1.5485404813768495,0,10,1.398922,decode,1,139
36,1.506711672364262,1.5485404813768495,0,11,1.399087,prefill,505,872
37,1.5485404813768495,1.5908541714561037,0,2,0.098189,decode,1,133
37,1.5485404813768495,1.5908541714561037,0,6,0.698571,decode,1,4093
37,1.5485404813768495,1.5908541714561037,0,7,1.016041,decode,1,40
37,1.5485404813768495,1.5908541714561037,0,8,1.299312,decode,1,1149
37,1.5485404813768495,1.5908541714561037,0,9,1.299337,decode,1,205
37,1.5485404813768495,1.5908541714561037,0,10,1.398922,decode,1,140
37,1.5485404813768495,1.5908541714561037,0,11,1.399087,prefill,506,1377
38,1.5908541714561037,1.6345392599353579,0,2,0.098189,decode,1,134
38,1.5908541714561037,1.6345392599353579,0,6,0.698571,decode,1,4094
38,1.5908541714561037,1.6345392599353579,0,7,1.016041,decode,1,41
38,1.5908541714561037,1.6345392599353579,0,8,1.299312,decode,1,1150
38,1.5908541714561037,1.6345392599353579,0,9,1.299337,decode,1,206
38,1.5908541714561037,1.6345392599353579,0,10,1.398922,decode,1,141
38,1.5908541714561037,1.6345392599353579,0,11,1.399087,prefill,506,1883
39,1.6345392599353579,1.679270876414612,0,2,0.098189,decode,1,135
39,1.6345392599353579,1.679270876414612,0,6,0.698571,decode,1,4095
39,1.6345392599353579,1.679270876414612,0,7,1.016041,decode,1,42
39,1.6345392599353579,1.679270876414612,0,8,1.299312,decode,1,1151
39,1.6345392599353579,1.679270876414612,0,9,1.299337,decode,1,207
39,1.6345392599353579,1.679270876414612,0,10,1.398922,decode,1,142
39,1.6345392599353579,1.679270876414612,0,11,1.399087,prefill,506,2389
40,1.679270876414612,1.7232203680938663,0,2,0.098189,decode,1,136
40,1.679270876414612,1.7232203680938663,0,7,1.016041,decode,1,43
40,1.679270876414612,1.7232203680938663,0,9,1.299337,decode,1,208
40,1.679270876414612,1.7232203680938663,0,10,1.398922,decode,1,143
40,1.679270876414612,1.7232203680938663,0,11,1.399087,prefill,508,2895
41,1.7232203680938663,1.7684373157731204,0,7,1.016041,decode,1,44
41,1.7232203680938663,1.7684373157731204,0,9,1.299337,decode,1,209
41,1.7232203680938663,1.7684373157731204,0,10,1.398922,decode,1,144
41,1.7232203680938663,1.7684373157731204,0,11,1.399087,prefill,509,3403
42,1.7684373157731204,1.7892354085592674,0,7,1.016041,decode,1,45
42,1.7684373157731204,1.7892354085592674,0,9,1.299337,decode,1,210
42,1.7684373157731204,1.7892354085592674,0,10,1.398922,decode,1,145
42,1.7684373157731204,1.7892354085592674,0,11,1.399087,prefill,176,3912
43,1.7892354085592674,1.8000809582611212,0,7,1.016041,decode,1,46
43,1.7892354085592674,1.8000809582611212,0,9,1.299337,decode,1,211
43,1.7892354085592674,1.8000809582611212,0,11,1.399087,decode,1,4089
44,1.8000809582611212,1.810926507962975,0,7,1.016041,decode,1,47
44,1.8000809582611212,1.810926507962975,0,9,1.299337,decode,1,212
44,1.8000809582611212,1.810926507962975,0,11,1.399087,decode,1,4090
45,1.810926507962975,1.8217720576648289,0,7,1.016041,decode,1,48
45,1.810926507962975,1.8217720576648289,0,9,1.299337,decode,1,213
45,1.810926507962975,1.8217720576648289,0,11,1.399087,decode,1,4091
46,1.8217720576648289,1.8326176073666827,0,7,1.016041,decode,1,49
46,1.8217720576648289,1.8326176073666827,0,9,1.299337,decode,1,214
46,1.8217720576648289,1.8326176073666827,0,11,1.399087,decode,1,4092
47,1.8326176073666827,1.8434631570685365,0,7,1.016041,decode,1,50
47,1.8326176073666827,1.8434631570685365,0,9,1.299337,decode,1,215
47,1.8326176073666827,1.8434631570685365,0,11,1.399087,decode,1,4093
48,1.8434631570685365,1.8543087067703903,0,7,1.016041,decode,1,51
48,1.8434631570685365,1.8543087067703903,0,9,1.299337,decode,1,216
48,1.8434631570685365,1.8543087067703903,0,11,1.399087,decode,1,4094
49,1.8543087067703903,1.865154256472244,0,7,1.016041,decode,1,52
49,1.8543087067703903,1.865154256472244,0,9,1.299337,decode,1,217
49,1.8543087067703903,1.865154256472244,0,11,1.399087,decode,1,4095
50,1.865154256472244,1.8745953901740977,0,7,1.016041,decode,1,53
50,1.865154256472244,1.8745953901740977,0,9,1.299337,decode,1,218
51,1.8745953901740977,1.8840365238759513,0,7,1.016041,decode,1,54
51,1.8745953901740977,1.8840365238759513,0,9,1.299337,decode,1,219
52,1.8840365238759513,1.893477657577805,0,7,1.016041,decode,1,55
52,1.8840365238759513,1.893477657577805,0,9,1.299337,decode,1,220
53,1.893477657577805,1.9029187912796586,0,7,1.016041,decode,1,56
53,1.893477657577805,1.9029187912796586,0,9,1.299337,decode,1,221
54,1.9029187912796586,1.9123713169815122,0,9,1.299337,decode,1,222
55,1.9123713169815122,1.9218238426833658,0,9,1.299337,decode,1,223
56,1.9218238426833658,1.9312763683852194,0,9,1.299337,decode,1,224
57,29.479069,29.515907067679255,0,12,29.479069,prefill,512,0
58,29.515907067679255,29.553985583358507,0,12,29.479069,prefill,512,512
59,29.553985583358507,29.59314427681554,0,12,29.479069,prefill,512,1024
60,29.59314427681554,29.633532296494796,0,12,29.479069,prefill,19,1536
60,29.59314427681554,29.633532296494796,0,13,29.580407,prefill,493,0
61,29.633532296494796,29.67240812417405,0,12,29.479069,decode,1,1556
61,29.633532296494796,29.67240812417405,0,13,29.580407,prefill,511,493
62,29.67240812417405,29.712364129631084,0,12,29.479069,decode,1,1557
62,29.67240812417405,29.712364129631084,0,13,29.580407,prefill,511,1004
63,29.712364129631084,29.753645205310338,0,12,29.479069,decode,1,1558
63,29.712364129631084,29.753645205310338,0,13,29.580407,prefill,511,1515
64,29.753645205310338,29.79590701698959,0,12,29.479069,decode,1,1559
64,29.753645205310338,29.79590701698959,0,13,29.580407,prefill,511,2026
65,29.79590701698959,29.839532924668845,0,12,29.479069,decode,1,1560
65,29.79590701698959,29.839532924668845,0,13,29.580407,prefill,511,2537
66,29.839532924668845,29.8839836643481,0,12,29.479069,decode,1,1561
66,29.839532924668845,29.8839836643481,0,13,29.580407,prefill,511,3048
67,29.8839836643481,29.925004900027353,0,12,29.479069,decode,1,1562
67,29.8839836643481,29.925004900027353,0,13,29.580407,prefill,334,3559
67,29.8839836643481,29.925004900027353,0,14,29.610325,prefill,177,0
68,29.925004900027353,29.964680542106606,0,12,29.479069,decode,1,1563
68,29.925004900027353,29.964680542106606,0,13,29.580407,decode,1,3894
68,29.925004900027353,29.964680542106606,0,14,29.610325,prefill,510,177
69,29.964680542106606,30.005316429519194,0,12,29.479069,decode,1,1564
69,29.964680542106606,30.005316429519194,0,13,29.580407,decode,1,3895
69,29.964680542106606,30.005316429519194,0,14,29.610325,prefill,510,687
70,30.005316429519194,30.04699596919845,0,12,29.479069,decode,1,1565
70,30.005316429519194,30.04699596919845,0,13,29.580407,decode,1,3896
70,30.005316429519194,30.04699596919845,0,14,29.610325,prefill,510,1197
71,30.04699596919845,30.089655860877702,0,12,29.479069,decode,1,1566
71,30.04699596919845,30.089655860877702,0,13,29.580407,decode,1,3897
71,30.04699596919845,30.089655860877702,0,14,29.610325,prefill,120,1707
71,30.04699596919845,30.089655860877702,0,15,29.679153,prefill,390,0
72,30.089655860877702,30.13032761389029,0,12,29.479069,decode,1,1567
72,30.089655860877702,30.13032761389029,0,13,29.580407,decode,1,3898
72,30.089655860877702,30.13032761389029,0,14,29.610325,decode,1,1828
72,30.089655860877702,30.13032761389029,0,15,29.679153,prefill,4,390
72,30.089655860877702,30.13032761389029,0,16,29.717488,prefill,505,0
73,30.13032761389029,30.15175871762247,0,12,29.479069,decode,1,1568
73,30.13032761389029,30.15175871762247,0,13,29.580407,decode,1,3899
73,30.13032761389029,30.15175871762247,0,14,29.610325,decode,1,1829
73,30.13032761389029,30.15175871762247,0,15,29.679153,decode,1,395
73,30.13032761389029,30.15175871762247,0,16,29.717488,prefill,170,505
74,30.15175871762247,30.164072171324325,0,12,29.479069,decode,1,1569
74,30.15175871762247,30.164072171324325,0,13,29.580407,decode,1,3900
74,30.15175871762247,30.164072171324325,0,14,29.610325,decode,1,1830
74,30.15175871762247,30.164072171324325,0,15,29.679153,decode,1,396
74,30.15175871762247,30.164072171324325,0,16,29.717488,decode,1,676
75,30.164072171324325,30.176385625026178,0,12,29.479069,decode,1,1570
75,30.164072171324325,30.176385625026178,0,13,29.580407,decode,1,3901
75,30.164072171324325,30.176385625026178,0,14,29.610325,decode,1,1831
75,30.164072171324325,30.176385625026178,0,15,29.679153,decode,1,397
75,30.164072171324325,30.176385625026178,0,16,29.717488,decode,1,677
76,30.176385625026178,30.188699078728032,0,12,29.479069,decode,1,1571
76,30.176385625026178,30.188699078728032,0,13,29.580407,decode,1,3902
76,30.176385625026178,30.188699078728032,0,14,29.610325,decode,1,1832
76,30.176385625026178,30.188699078728032,0,15,29.679153,decode,1,398
76,30.176385625026178,30.188699078728032,0,16,29.717488,decode,1,678
77,30.188699078728032,30.228794618407285,0,12,29.479069,decode,1,1572
77,30.188699078728032,30.228794618407285,0,13,29.580407,decode,1,3903
77,30.188699078728032,30.228794618407285,0,14,29.610325,decode,1,1833
77,30.188699078728032,30.228794618407285,0,15,29.679153,decode,1,399
77,30.188699078728032,30.228794618407285,0,16,29.717488,decode,1,679
77,30.188699078728032,30.228794618407285,0,17,30.177869,prefill,507,0
78,30.228794618407285,30.27013060608654,0,12,29.479069,decode,1,1573
78,30.228794618407285,30.27013060608654,0,13,29.580407,decode,1,3904
78,30.228794618407285,30.27013060608654,0,14,29.610325,decode,1,1834
78,30.228794618407285,30.27013060608654,0,15,29.679153,decode,1,400
78,30.228794618407285,30.27013060608654,0,16,29.717488,decode,1,680
78,30.228794618407285,30.27013060608654,0,17,30.177869,prefill,507,507
79,30.27013060608654,30.311644499543572,0,13,29.580407,decode,1,3905
79,30.27013060608654,30.311644499543572,0,14,29.610325,decode,1,1835
79,30.27013060608654,30.311644499543572,0,15,29.679153,decode,1,401
79,30.27013060608654,30.311644499543572,0,17,30.177869,prefill,509,1014
80,30.311644499543572,30.354483463222827,0,13,29.580407,decode,1,3906
80,30.311644499543572,30.354483463222827,0,14,29.610325,decode,1,1836
80,30.311644499543572,30.354483463222827,0,15,29.679153,decode,1,402
80,30.311644499543572,30.354483463222827,0,17,30.177869,prefill,509,1523
81,30.354483463222827,30.39778322690208,0,13,29.580407,decode,1,3907
81,30.354483463222827,30.39778322690208,0,15,29.679153,decode,1,403
81,30.354483463222827,30.39778322690208,0,17,30.177869,prefill,510,2032
82,30.39778322690208,30.442447086581335,0,13,29.580407,decode,1,3908
82,30.39778322690208,30.442447086581335,0,15,29.679153,decode,1,404
82,30.39778322690208,30.442447086581335,0,17,30.177869,prefill,510,2542
83,30.442447086581335,30.48793577826059,0,13,29.580407,decode,1,3909
83,30.442447086581335,30.48793577826059,0,15,29.679153,decode,1,405
83,30.442447086581335,30.48793577826059,0,17,30.177869,prefill,510,3052
84,30.48793577826059,30.53474146193984,0,13,29.580407,decode,1,3910
84,30.48793577826059,30.53474146193984,0,15,29.679153,decode,1,406
84,30.48793577826059,30.53474146193984,0,17,30.177869,prefill,510,3562
85,30.53474146193984,30.576935433619095,0,13,29.580407,decode,1,3911
85,30.53474146193984,30.576935433619095,0,15,29.679153,decode,1,407
85,30.53474146193984,30.576935433619095,0,17,30.177869,prefill,15,4072
85,30.53474146193984,30.576935433619095,0,18,30.225731,prefill,158,0
85,30.53474146193984,30.576935433619095,0,19,30.482726,prefill,337,0
86,30.576935433619095,30.61667167729835,0,15,29.679153,decode,1,408
86,30.576935433619095,30.61667167729835,0,17,30.177869,decode,1,4088
86,30.576935433619095,30.61667167729835,0,18,30.225731,decode,1,159
86,30.576935433619095,30.61667167729835,0,19,30.482726,prefill,509,337
87,30.61667167729835,30.657376902310936,0,15,29.679153,decode,1,409
87,30.61667167729835,30.657376902310936,0,17,30.177869,decode,1,4089
87,30.61667167729835,30.657376902310936,0,18,30.225731,decode,1,160
87,30.61667167729835,30.657376902310936,0,19,30.482726,prefill,509,846
88,30.657376902310936,30.69939538599019,0,15,29.679153,decode,1,410
88,30.657376902310936,30.69939538599019,0,17,30.177869,decode,1,4090
88,30.657376902310936,30.69939538599019,0,18,30.225731,decode,1,161
88,30.657376902310936,30.69939538599019,0,19,30.482726,prefill,509,1355
89,30.69939538599019,30.742541805669443,0,17,30.177869,decode,1,4091
89,30.69939538599019,30.742541805669443,0,18,30.225731,decode,1,162
89,30.69939538599019,30.742541805669443,0,19,30.482726,prefill,510,1864
90,30.742541805669443,30.786734753348696,0,17,30.177869,decode,1,4092
90,30.742541805669443,30.786734753348696,0,18,30.225731,decode,1,163
90,30.742541805669443,30.786734753348696,0,19,30.482726,prefill,510,2374
91,30.786734753348696,30.83198126902795,0,17,30.177869,decode,1,4093
91,30.786734753348696,30.83198126902795,0,18,30.225731,decode,1,164
91,30.786734753348696,30.83198126902795,0,19,30.482726,prefill,510,2884
92,30.83198126902795,30.878617480707202,0,17,30.177869,decode,1,4094
92,30.83198126902795,30.878617480707202,0,18,30.225731,decode,1,165
92,30.83198126902795,30.878617480707202,0,19,30.482726,prefill,510,3394
93,30.878617480707202,30.920811452386456,0,17,30.177869,decode,1,4095
93,30.878617480707202,30.920811452386456,0,18,30.225731,decode,1,166
93,30.878617480707202,30.920811452386456,0,19,30.482726,prefill,174,3904
93,30.878617480707202,30.920811452386456,0,20,30.503459,prefill,336,0
94,30.920811452386456,30.958212837808677,0,18,30.225731,decode,1,167
94,30.920811452386456,30.958212837808677,0,19,30.482726,decode,1,4079
94,30.920811452386456,30.958212837808677,0,20,30.503459,prefill,427,336
95,30.958212837808677,30.969295059510532,0,18,30.225731,decode,1,168
95,30.958212837808677,30.969295059510532,0,19,30.482726,decode,1,4080
95,30.958212837808677,30.969295059510532,0,20,30.503459,decode,1,764
96,30.969295059510532,30.980377281212387,0,18,30.225731,decode,1,169
96,30.969295059510532,30.980377281212387,0,19,30.482726,decode,1,4081
96,30.969295059510532,30.980377281212387,0,20,30.503459,decode,1,765
97,30.980377281212387,30.991459502914243,0,18,30.225731,decode,1,170
97,30.980377281212387,30.991459502914243,0,19,30.482726,decode,1,4082
97,30.980377281212387,30.991459502914243,0,20,30.503459,decode,1,766
98,30.991459502914243,31.030323810593497,0,18,30.225731,decode,1,171
98,30.991459502914243,31.030323810593497,0,19,30.482726,decode,1,4083
98,30.991459502914243,31.030323810593497,0,20,30.503459,decode,1,767
98,30.991459502914243,31.030323810593497,0,21,30.983655,prefill,509,0
99,31.030323810593497,31.070428566272753,0,18,30.225731,decode,1,172
99,31.030323810593497,31.070428566272753,0,19,30.482726,decode,1,4084
99,31.030323810593497,31.070428566272753,0,20,30.503459,decode,1,768
99,31.030323810593497,31.070428566272753,0,21,30.983655,prefill,509,509
100,31.070428566272753,31.111613499729785,0,18,30.225731,decode,1,173
100,31.070428566272753,31.111613499729785,0,19,30.482726,decode,1,4085
100,31.070428566272753,31.111613499729785,0,20,30.503459,decode,1,769
100,31.070428566272753,31.111613499729785,0,21,30.983655,prefill,509,1018
101,31.111613499729785,31.124501218757956,0,18,30.225731,decode,1,174
101,31.111613499729785,31.124501218757956,0,19,30.482726,decode,1,4086
101,31.111613499729785,31.124501218757956,0,20,30.503459,decode,1,770
101,31.111613499729785,31.124501218757956,0,21,30.983655,prefill,29,1527
102,31.124501218757956,31.13585006445981,0,18,30.225731,decode,1,175
102,31.124501218757956,31.13585006445981,0,19,30.482726,decode,1,4087
102,31.124501218757956,31.13585006445981,0,21,30.983655,decode,1,1557
103,31.13585006445981,31.147198910161663,0,18,30.225731,decode,1,176
103,31.13585006445981,31.147198910161663,0,19,30.482726,decode,1,4088
103,31.13585006445981,31.147198910161663,0,21,30.983655,decode,1,1558
104,31.147198910161663,31.158547755863516,0,18,30.225731,decode,1,177
104,31.147198910161663,31.158547755863516,0,19,30.482726,decode,1,4089
104,31.147198910161663,31.158547755863516,0,21,30.983655,decode,1,1559
105,31.158547755863516,31.16989660156537,0,18,30.225731,decode,1,178
105,31.158547755863516,31.16989660156537,0,19,30.482726,decode,1,4090
105,31.158547755863516,31.16989660156537,0,21,30.983655,decode,1,1560
106,31.16989660156537,31.181245447267223,0,18,30.225731,decode,1,179
106,31.16989660156537,31.181245447267223,0,19,30.482726,decode,1,4091
106,31.16989660156537,31.181245447267223,0,21,30.983655,decode,1,1561
107,31.181245447267223,31.192594292969076,0,18,30.225731,decode,1,180
107,31.181245447267223,31.192594292969076,0,19,30.482726,decode,1,4092
107,31.181245447267223,31.192594292969076,0,21,30.983655,decode,1,1562
108,31.192594292969076,31.20394313867093,0,18,30.225731,decode,1,181
108,31.192594292969076,31.20394313867093,0,19,30.482726,decode,1,4093
108,31.192594292969076,31.20394313867093,0,21,30.983655,decode,1,1563
109,31.20394313867093,31.215291984372783,0,18,30.225731,decode,1,182
109,31.20394313867093,31.215291984372783,0,19,30.482726,decode,1,4094
109,31.20394313867093,31.215291984372783,0,21,30.983655,decode,1,1564
110,31.215291984372783,31.226640830074636,0,18,30.225731,decode,1,183
110,31.215291984372783,31.226640830074636,0,19,30.482726,decode,1,4095
110,31.215291984372783,31.226640830074636,0,21,30.983655,decode,1,1565
111,31.226640830074636,31.23649412377649,0,21,30.983655,decode,1,1566
112,31.23649412377649,31.246347417478347,0,21,30.983655,decode,1,1567
113,31.246347417478347,31.256200711180202,0,21,30.983655,decode,1,1568
114,31.256200711180202,31.266054004882058,0,21,30.983655,decode,1,1569
115,31.266054004882058,31.275907298583913,0,21,30.983655,decode,1,1570
116,31.275907298583913,31.28576059228577,0,21,30.983655,decode,1,1571
117,31.28576059228577,31.323395971965024,0,21,30.983655,decode,1,1572
117,31.28576059228577,31.323395971965024,0,22,31.285416,prefill,511,0
118,31.323395971965024,31.36227179964428,0,21,30.983655,decode,1,1573
118,31.323395971965024,31.36227179964428,0,22,31.285416,prefill,511,511
119,31.36227179964428,31.401430493101312,0,22,31.285416,prefill,512,1022
120,31.401430493101312,31.441914256780567,0,22,31.285416,prefill,512,1534
121,31.441914256780567,31.48337875645982,0,22,31.285416,prefill,512,2046
122,31.48337875645982,31.526207352139075,0,22,31.285416,prefill,512,2558
123,31.526207352139075,31.569860779818328,0,22,31.285416,prefill,512,3070
124,31.569860779818328,31.61483119949758,0,22,31.285416,prefill,502,3582
124,31.569860779818328,31.61483119949758,0,23,31.454687,prefill,10,0
125,31.61483119949758,31.652211475176834,0,22,31.285416,decode,1,4085
125,31.61483119949758,31.652211475176834,0,23,31.454687,prefill,149,10
125,31.61483119949758,31.652211475176834,0,24,31.455017,prefill,362,0
126,31.652211475176834,31.69168429485609,0,22,31.285416,decode,1,4086
126,31.652211475176834,31.69168429485609,0,23,31.454687,decode,1,160
126,31.652211475176834,31.69168429485609,0,24,31.455017,prefill,96,362
126,31.652211475176834,31.69168429485609,0,25,31.640022,prefill,414,0
127,31.69168429485609,31.731554255868677,0,22,31.285416,decode,1,4087
127,31.69168429485609,31.731554255868677,0,23,31.454687,decode,1,161
127,31.69168429485609,31.731554255868677,0,24,31.455017,decode,1,459
127,31.69168429485609,31.731554255868677,0,25,31.640022,prefill,509,414
128,31.731554255868677,31.772326296881264,0,22,31.285416,decode,1,4088
128,31.731554255868677,31.772326296881264,0,23,31.454687,decode,1,162
128,31.731554255868677,31.772326296881264,0,24,31.455017,decode,1,460
128,31.731554255868677,31.772326296881264,0,25,31.640022,prefill,509,923
129,31.772326296881264,31.81421434856052,0,22,31.285416,decode,1,4089
129,31.772326296881264,31.81421434856052,0,23,31.454687,decode,1,163
129,31.772326296881264,31.81421434856052,0,24,31.455017,decode,1,461
129,31.772326296881264,31.81421434856052,0,25,31.640022,prefill,509,1432
130,31.81421434856052,31.857185792239772,0,22,31.285416,decode,1,4090
130,31.81421434856052,31.857185792239772,0,23,31.454687,decode,1,164
130,31.81421434856052,31.857185792239772,0,24,31.455017,decode,1,462
130,31.81421434856052,31.857185792239772,0,25,31.640022,prefill,509,1941
131,31.857185792239772,31.900886323919025,0,22,31.285416,decode,1,4091
131,31.857185792239772,31.900886323919025,0,23,31.454687,decode,1,165
131,31.857185792239772,31.900886323919025,0,24,31.455017,decode,1,463
131,31.857185792239772,31.900886323919025,0,25,31.640022,prefill,14,2450
131,31.857185792239772,31.900886323919025,0,26,31.807122,prefill,495,0
132,31.900886323919025,31.942123367598278,0,22,31.285416,decode,1,4092
132,31.900886323919025,31.942123367598278,0,23,31.454687,decode,1,166
132,31.900886323919025,31.942123367598278,0,24,31.455017,decode,1,464
132,31.900886323919025,31.942123367598278,0,25,31.640022,decode,1,2465
132,31.900886323919025,31.942123367598278,0,26,31.807122,prefill,508,495
133,31.942123367598278,31.98444058905531,0,22,31.285416,decode,1,4093
133,31.942123367598278,31.98444058905531,0,23,31.454687,decode,1,167
133,31.942123367598278,31.98444058905531,0,24,31.455017,decode,1,465
133,31.942123367598278,31.98444058905531,0,25,31.640022,decode,1,2466
133,31.942123367598278,31.98444058905531,0,26,31.807122,prefill,508,1003
134,31.98444058905531,32.028082880734566,0,22,31.285416,decode,1,4094
134,31.98444058905531,32.028082880734566,0,23,31.454687,decode,1,168
134,31.98444058905531,32.028082880734566,0,24,31.455017,decode,1,466
134,31.98444058905531,32.028082880734566,0,25,31.640022,decode,1,2467
134,31.98444058905531,32.028082880734566,0,26,31.807122,prefill,508,1511
135,32.028082880734566,32.07270590841382,0,22,31.285416,decode,1,4095
135,32.028082880734566,32.07270590841382,0,23,31.454687,decode,1,169
135,32.028082880734566,32.07270590841382,0,24,31.455017,decode,1,467
135,32.028082880734566,32.07270590841382,0,25,31.640022,decode,1,2468
135,32.028082880734566,32.07270590841382,0,26,31.807122,prefill,508,2019
136,32.07270590841382,32.11693380649308,0,23,31.454687,decode,1,170
136,32.07270590841382,32.11693380649308,0,24,31.455017,decode,1,468
136,32.07270590841382,32.11693380649308,0,25,31.640022,decode,1,2469
136,32.07270590841382,32.11693380649308,0,26,31.807122,prefill,509,2527
137,32.11693380649308,32.161986536572336,0,23,31.454687,decode,1,171
137,32.11693380649308,32.161986536572336,0,24,31.455017,decode,1,469
137,32.11693380649308,32.161986536572336,0,25,31.640022,decode,1,2470
137,32.11693380649308,32.161986536572336,0,26,31.807122,prefill,509,3036
138,32.161986536572336,32.20550005465488,0,23,31.454687,decode,1,172
138,32.161986536572336,32.20550005465488,0,24,31.455017,decode,1,470
138,32.161986536572336,32.20550005465488,0,25,31.640022,decode,1,2471
138,32.161986536572336,32.20550005465488,0,26,31.807122,prefill,464,3545
139,32.20550005465488,32.21765990835673,0,23,31.454687,decode,1,173
139,32.20550005465488,32.21765990835673,0,24,31.455017,decode,1,471
139,32.20550005465488,32.21765990835673,0,25,31.640022,decode,1,2472
139,32.20550005465488,32.21765990835673,0,26,31.807122,decode,1,4010
140,32.21765990835673,32.22981976205858,0,23,31.454687,decode,1,174
140,32.21765990835673,32.22981976205858,0,24,31.455017,decode,1,472
140,32.21765990835673,32.22981976205858,0,25,31.640022,decode,1,2473
140,32.21765990835673,32.22981976205858,0,26,31.807122,decode,1,4011
141,32.22981976205858,32.241979615760435,0,23,31.454687,decode,1,175
141,32.22981976205858,32.241979615760435,0,24,31.455017,decode,1,473
141,32.22981976205858,32.241979615760435,0,25,31.640022,decode,1,2474
141,32.22981976205858,32.241979615760435,0,26,31.807122,decode,1,4012
142,32.241979615760435,32.25413946946229,0,23,31.454687,decode,1,176
142,32.241979615760435,32.25413946946229,0,24,31.455017,decode,1,474
142,32.241979615760435,32.25413946946229,0,25,31.640022,decode,1,2475
142,32.241979615760435,32.25413946946229,0,26,31.807122,decode,1,4013
143,32.25413946946229,32.26629932316414,0,23,31.454687,decode,1,177
143,32.25413946946229,32.26629932316414,0,24,31.455017,decode,1,475
143,32.25413946946229,32.26629932316414,0,25,31.640022,decode,1,2476
143,32.25413946946229,32.26629932316414,0,26,31.807122,decode,1,4014
144,32.26629932316414,32.278459176865994,0,23,31.454687,decode,1,178
144,32.26629932316414,32.278459176865994,0,24,31.455017,decode,1,476
144,32.26629932316414,32.278459176865994,0,25,31.640022,decode,1,2477
144,32.26629932316414,32.278459176865994,0,26,31.807122,decode,1,4015
145,32.278459176865994,32.290619030567846,0,23,31.454687,decode,1,179
145,32.278459176865994,32.290619030567846,0,24,31.455017,decode,1,477
145,32.278459176865994,32.290619030567846,0,25,31.640022,decode,1,2478
145,32.278459176865994,32.290619030567846,0,26,31.807122,decode,1,4016
146,32.290619030567846,32.3027788842697,0,23,31.454687,decode,1,180
146,32.290619030567846,32.3027788842697,0,24,31.455017,decode,1,478
146,32.290619030567846,32.3027788842697,0,25,31.640022,decode,1,2479
146,32.290619030567846,32.3027788842697,0,26,31.807122,decode,1,4017
147,32.3027788842697,32.31493873797155,0,23,31.454687,decode,1,181
147,32.3027788842697,32.31493873797155,0,24,31.455017,decode,1,479
147,32.3027788842697,32.31493873797155,0,25,31.640022,decode,1,2480
147,32.3027788842697,32.31493873797155,0,26,31.807122,decode,1,4018
148,32.31493873797155,32.327098591673405,0,23,31.454687,decode,1,182
148,32.31493873797155,32.327098591673405,0,24,31.455017,decode,1,480
148,32.31493873797155,32.327098591673405,0,25,31.640022,decode,1,2481
148,32.31493873797155,32.327098591673405,0,26,31.807122,decode,1,4019
149,32.327098591673405,32.33925844537526,0,23,31.454687,decode,1,183
149,32.327098591673405,32.33925844537526,0,24,31.455017,decode,1,481
149,32.327098591673405,32.33925844537526,0,25,31.640022,decode,1,2482
149,32.327098591673405,32.33925844537526,0,26,31.807122,decode,1,4020
150,32.33925844537526,32.35141829907711,0,23,31.454687,decode,1,184
150,32.33925844537526,32.35141829907711,0,24,31.455017,decode,1,482
150,32.33925844537526,32.35141829907711,0,25,31.640022,decode,1,2483
150,32.33925844537526,32.35141829907711,0,26,31.807122,decode,1,4021
151,32.35141829907711,32.363632808778966,0,23,31.454687,decode,1,185
151,32.35141829907711,32.363632808778966,0,24,31.455017,decode,1,483
151,32.35141829907711,32.363632808778966,0,25,31.640022,decode,1,2484
151,32.35141829907711,32.363632808778966,0,26,31.807122,decode,1,4022
152,32.363632808778966,32.37584731848082,0,23,31.454687,decode,1,186
152,32.363632808778966,32.37584731848082,0,24,31.455017,decode,1,484
152,32.363632808778966,32.37584731848082,0,25,31.640022,decode,1,2485
152,32.363632808778966,32.37584731848082,0,26,31.807122,decode,1,4023
153,32.37584731848082,32.38806182818268,0,23,31.454687,decode,1,187
153,32.37584731848082,32.38806182818268,0,24,31.455017,decode,1,485
153,32.37584731848082,32.38806182818268,0,25,31.640022,decode,1,2486
153,32.37584731848082,32.38806182818268,0,26,31.807122,decode,1,4024
154,32.38806182818268,32.400276337884534,0,23,31.454687,decode,1,188
154,32.38806182818268,32.400276337884534,0,24,31.455017,decode,1,486
154,32.38806182818268,32.400276337884534,0,25,31.640022,decode,1,2487
154,32.38806182818268,32.400276337884534,0,26,31.807122,decode,1,4025
155,32.400276337884534,32.41249084758639,0,23,31.454687,decode,1,189
155,32.400276337884534,32.41249084758639,0,24,31.455017,decode,1,487
155,32.400276337884534,32.41249084758639,0,25,31.640022,decode,1,2488
155,32.400276337884534,32.41249084758639,0,26,31.807122,decode,1,4026
156,32.41249084758639,32.424705357288246,0,23,31.454687,decode,1,190
156,32.41249084758639,32.424705357288246,0,24,31.455017,decode,1,488
156,32.41249084758639,32.424705357288246,0,25,31.640022,decode,1,2489
156,32.41249084758639,32.424705357288246,0,26,31.807122,decode,1,4027
157,32.424705357288246,32.4369198669901,0,23,31.454687,decode,1,191
157,32.424705357288246,32.4369198669901,0,24,31.455017,decode,1,489
157,32.424705357288246,32.4369198669901,0,25,31.640022,decode,1,2490
157,32.424705357288246,32.4369198669901,0,26,31.807122,decode,1,4028
158,32.4369198669901,32.44913437669196,0,23,31.454687,decode,1,192
158,32.4369198669901,32.44913437669196,0,24,31.455017,decode,1,490
158,32.4369198669901,32.44913437669196,0,25,31.640022,decode,1,2491
158,32.4369198669901,32.44913437669196,0,26,31.807122,decode,1,4029
159,32.44913437669196,32.461348886393814,0,23,31.454687,decode,1,193
159,32.44913437669196,32.461348886393814,0,24,31.455017,decode,1,491
159,32.44913437669196,32.461348886393814,0,25,31.640022,decode,1,2492
159,32.44913437669196,32.461348886393814,0,26,31.807122,decode,1,4030
160,32.461348886393814,32.47356339609567,0,23,31.454687,decode,1,194
160,32.461348886393814,32.47356339609567,0,24,31.455017,decode,1,492
160,32.461348886393814,32.47356339609567,0,25,31.640022,decode,1,2493
160,32.461348886393814,32.47356339609567,0,26,31.807122,decode,1,4031
161,32.47356339609567,32.48450609779752,0,23,31.454687,decode,1,195
161,32.47356339609567,32.48450609779752,0,24,31.455017,decode,1,493
161,32.47356339609567,32.48450609779752,0,26,31.807122,decode,1,4032
162,32.48450609779752,32.49544879949937,0,23,31.454687,decode,1,196
162,32.48450609779752,32.49544879949937,0,24,31.455017,decode,1,494
162,32.48450609779752,32.49544879949937,0,26,31.807122,decode,1,4033
163,32.49544879949937,32.50639150120122,0,23,31.454687,decode,1,197
163,32.49544879949937,32.50639150120122,0,24,31.455017,decode,1,495
163,32.49544879949937,32.50639150120122,0,26,31.807122,decode,1,4034
164,32.50639150120122,32.51733420290307,0,23,31.454687,decode,1,198
164,32.50639150120122,32.51733420290307,0,24,31.455017,decode,1,496
164,32.50639150120122,32.51733420290307,0,26,31.807122,decode,1,4035
165,32.51733420290307,32.52827690460492,0,23,31.454687,decode,1,199
165,32.51733420290307,32.52827690460492,0,24,31.455017,decode,1,497
165,32.51733420290307,32.52827690460492,0,26,31.807122,decode,1,4036
166,32.52827690460492,32.53921960630677,0,23,31.454687,decode,1,200
166,32.52827690460492,32.53921960630677,0,24,31.455017,decode,1,498
166,32.52827690460492,32.53921960630677,0,26,31.807122,decode,1,4037
167,32.53921960630677,32.55016230800862,0,23,31.454687,decode,1,201
167,32.53921960630677,32.55016230800862,0,24,31.455017,decode,1,499
167,32.53921960630677,32.55016230800862,0,26,31.807122,decode,1,4038
168,32.55016230800862,32.561105009710474,0,23,31.454687,decode,1,202
168,32.55016230800862,32.561105009710474,0,24,31.455017,decode,1,500
168,32.55016230800862,32.561105009710474,0,26,31.807122,decode,1,4039
169,32.561105009710474,32.572047711412324,0,23,31.454687,decode,1,203
169,32.561105009710474,32.572047711412324,0,24,31.455017,decode,1,501
169,32.561105009710474,32.572047711412324,0,26,31.807122,decode,1,4040
170,32.572047711412324,32.582990413114175,0,23,31.454687,decode,1,204
170,32.572047711412324,32.582990413114175,0,24,31.455017,decode,1,502
170,32.572047711412324,32.582990413114175,0,26,31.807122,decode,1,4041
171,32.582990413114175,32.593933114816025,0,23,31.454687,decode,1,205
171,32.582990413114175,32.593933114816025,0,24,31.455017,decode,1,503
171,32.582990413114175,32.593933114816025,0,26,31.807122,decode,1,4042
172,32.593933114816025,32.604875816517875,0,23,31.454687,decode,1,206
172,32.593933114816025,32.604875816517875,0,24,31.455017,decode,1,504
172,32.593933114816025,32.604875816517875,0,26,31.807122,decode,1,4043
173,32.604875816517875,32.615818518219726,0,23,31.454687,decode,1,207
173,32.604875816517875,32.615818518219726,0,24,31.455017,decode,1,505
173,32.604875816517875,32.615818518219726,0,26,31.807122,decode,1,4044
174,32.615818518219726,32.626761219921576,0,23,31.454687,decode,1,208
174,32.615818518219726,32.626761219921576,0,24,31.455017,decode,1,506
174,32.615818518219726,32.626761219921576,0,26,31.807122,decode,1,4045
175,32.626761219921576,32.63770392162343,0,23,31.454687,decode,1,209
175,32.626761219921576,32.63770392162343,0,24,31.455017,decode,1,507
175,32.626761219921576,32.63770392162343,0,26,31.807122,decode,1,4046
176,32.63770392162343,32.676428709302684,0,23,31.454687,decode,1,210
176,32.63770392162343,32.676428709302684,0,24,31.455017,decode,1,508
176,32.63770392162343,32.676428709302684,0,26,31.807122,decode,1,4047
176,32.63770392162343,32.676428709302684,0,27,32.627382,prefill,509,0
177,32.676428709302684,32.71639394498194,0,23,31.454687,decode,1,211
177,32.676428709302684,32.71639394498194,0,24,31.455017,decode,1,509
177,32.676428709302684,32.71639394498194,0,26,31.807122,decode,1,4048
177,32.676428709302684,32.71639394498194,0,27,32.627382,prefill,509,509
178,32.71639394498194,32.75743935843897,0,23,31.454687,decode,1,212
178,32.71639394498194,32.75743935843897,0,24,31.455017,decode,1,510
178,32.71639394498194,32.75743935843897,0,26,31.807122,decode,1,4049
178,32.71639394498194,32.75743935843897,0,27,32.627382,prefill,509,1018
179,32.75743935843897,32.79955153811823,0,23,31.454687,decode,1,213
179,32.75743935843897,32.79955153811823,0,24,31.455017,decode,1,511
179,32.75743935843897,32.79955153811823,0,26,31.807122,decode,1,4050
179,32.75743935843897,32.79955153811823,0,27,32.627382,prefill,105,1527
179,32.75743935843897,32.79955153811823,0,28,32.707961,prefill,404,0
180,32.79955153811823,32.84046277913082,0,23,31.454687,decode,1,214
180,32.79955153811823,32.84046277913082,0,24,31.455017,decode,1,512
180,32.79955153811823,32.84046277913082,0,26,31.807122,decode,1,4051
180,32.79955153811823,32.84046277913082,0,27,32.627382,decode,1,1633
180,32.79955153811823,32.84046277913082,0,28,32.707961,prefill,508,404
181,32.84046277913082,32.88227610014341,0,23,31.454687,decode,1,215
181,32.84046277913082,32.88227610014341,0,24,31.455017,decode,1,513
181,32.84046277913082,32.88227610014341,0,26,31.807122,decode,1,4052
181,32.84046277913082,32.88227610014341,0,27,32.627382,decode,1,1634
181,32.84046277913082,32.88227610014341,0,28,32.707961,prefill,508,912
182,32.88227610014341,32.92520543182266,0,23,31.454687,decode,1,216
182,32.88227610014341,32.92520543182266,0,24,31.455017,decode,1,514
182,32.88227610014341,32.92520543182266,0,26,31.807122,decode,1,4053
182,32.88227610014341,32.92520543182266,0,27,32.627382,decode,1,1635
182,32.88227610014341,32.92520543182266,0,28,32.707961,prefill,508,1420
183,32.92520543182266,32.96921815550191,0,23,31.454687,decode,1,217
183,32.92520543182266,32.96921815550191,0,24,31.455017,decode,1,515
183,32.92520543182266,32.96921815550191,0,26,31.807122,decode,1,4054
183,32.92520543182266,32.96921815550191,0,27,32.627382,decode,1,1636
183,32.92520543182266,32.96921815550191,0,28,32.707961,prefill,508,1928
184,32.96921815550191,32.990933711221395,0,23,31.454687,decode,1,218
184,32.96921815550191,32.990933711221395,0,24,31.455017,decode,1,516
184,32.96921815550191,32.990933711221395,0,26,31.807122,decode,1,4055
184,32.96921815550191,32.990933711221395,0,27,32.627382,decode,1,1637
184,32.96921815550191,32.990933711221395,0,28,32.707961,prefill,131,2436
185,32.990933711221395,33.00348409292325,0,23,31.454687,decode,1,219
185,32.990933711221395,33.00348409292325,0,24,31.455017,decode,1,517
185,32.990933711221395,33.00348409292325,0,26,31.807122,decode,1,4056
185,32.990933711221395,33.00348409292325,0,27,32.627382,decode,1,1638
185,32.990933711221395,33.00348409292325,0,28,32.707961,decode,1,2568
186,33.00348409292325,33.01603447462511,0,23,31.454687,decode,1,220
186,33.00348409292325,33.01603447462511,0,24,31.455017,decode,1,518
186,33.00348409292325,33.01603447462511,0,26,31.807122,decode,1,4057
186,33.00348409292325,33.01603447462511,0,27,32.627382,decode,1,1639
186,33.00348409292325,33.01603447462511,0,28,32.707961,decode,1,2569
187,33.01603447462511,33.028584856326965,0,23,31.454687,decode,1,221
187,33.01603447462511,33.028584856326965,0,24,31.455017,decode,1,519
187,33.01603447462511,33.028584856326965,0,26,31.807122,decode,1,4058
187,33.01603447462511,33.028584856326965,0,27,32.627382,decode,1,1640
187,33.01603447462511,33.028584856326965,0,28,32.707961,decode,1,2570
188,33.028584856326965,33.04079936602882,0,23,31.454687,decode,1,222
188,33.028584856326965,33.04079936602882,0,24,31.455017,decode,1,520
188,33.028584856326965,33.04079936602882,0,26,31.807122,decode,1,4059
188,33.028584856326965,33.04079936602882,0,28,32.707961,decode,1,2571
189,33.04079936602882,33.05137257226401,0,23,31.454687,decode,1,223
189,33.04079936602882,33.05137257226401,0,24,31.455017,decode,1,521
189,33.04079936602882,33.05137257226401,0,28,32.707961,decode,1,2572
190,33.05137257226401,33.061945778499194,0,23,31.454687,decode,1,224
190,33.05137257226401,33.061945778499194,0,24,31.455017,decode,1,522
190,33.05137257226401,33.061945778499194,0,28,32.707961,decode,1,2573
191,33.061945778499194,33.07251898473438,0,23,31.454687,decode,1,225
191,33.061945778499194,33.07251898473438,0,24,31.455017,decode,1,523
191,33.061945778499194,33.07251898473438,0,28,32.707961,decode,1,2574
192,33.07251898473438,33.083092190969566,0,23,31.454687,decode,1,226
192,33.07251898473438,33.083092190969566,0,24,31.455017,decode,1,524
192,33.07251898473438,33.083092190969566,0,28,32.707961,decode,1,2575
193,33.083092190969566,33.12127297864882,0,23,31.454687,decode,1,227
193,33.083092190969566,33.12127297864882,0,28,32.707961,decode,1,2576
193,33.083092190969566,33.12127297864882,0,29,33.079995,prefill,510,0
194,33.12127297864882,33.142878714775804,0,23,31.454687,decode,1,228
194,33.12127297864882,33.142878714775804,0,28,32.707961,decode,1,2577
194,33.12127297864882,33.142878714775804,0,29,33.079995,prefill,220,510
195,33.142878714775804,33.15350284581099,0,23,31.454687,decode,1,229
195,33.142878714775804,33.15350284581099,0,28,32.707961,decode,1,2578
195,33.142878714775804,33.15350284581099,0,29,33.079995,decode,1,731
196,33.15350284581099,33.16412697684618,0,23,31.454687,decode,1,230
196,33.15350284581099,33.16412697684618,0,28,32.707961,decode,1,2579
196,33.15350284581099,33.16412697684618,0,29,33.079995,decode,1,732
197,33.16412697684618,33.17475110788136,0,23,31.454687,decode,1,231
197,33.16412697684618,33.17475110788136,0,28,32.707961,decode,1,2580
197,33.16412697684618,33.17475110788136,0,29,33.079995,decode,1,733
198,33.17475110788136,33.18537523891655,0,23,31.454687,decode,1,232
198,33.17475110788136,33.18537523891655,0,28,32.707961,decode,1,2581
198,33.17475110788136,33.18537523891655,0,29,33.079995,decode,1,734
199,33.18537523891655,33.195999369951736,0,23,31.454687,decode,1,233
199,33.18537523891655,33.195999369951736,0,28,32.707961,decode,1,2582
199,33.18537523891655,33.195999369951736,0,29,33.079995,decode,1,735
200,33.195999369951736,33.20662350098692,0,23,31.454687,decode,1,234
200,33.195999369951736,33.20662350098692,0,28,32.707961,decode,1,2583
200,33.195999369951736,33.20662350098692,0,29,33.079995,decode,1,736
201,33.20662350098692,33.21724763202211,0,23,31.454687,decode,1,235
201,33.20662350098692,33.21724763202211,0,28,32.707961,decode,1,2584
201,33.20662350098692,33.21724763202211,0,29,33.079995,decode,1,737
202,33.21724763202211,33.227871763057294,0,23,31.454687,decode,1,236
202,33.21724763202211,33.227871763057294,0,28,32.707961,decode,1,2585
202,33.21724763202211,33.227871763057294,0,29,33.079995,decode,1,738
203,33.227871763057294,33.23849589409248,0,23,31.454687,decode,1,237
203,33.227871763057294,33.23849589409248,0,28,32.707961,decode,1,2586
203,33.227871763057294,33.23849589409248,0,29,33.079995,decode,1,739
204,33.23849589409248,33.24912002512767,0,23,31.454687,decode,1,238
204,33.23849589409248,33.24912002512767,0,28,32.707961,decode,1,2587
204,33.23849589409248,33.24912002512767,0,29,33.079995,decode,1,740
205,33.24912002512767,33.25974415616285,0,23,31.454687,decode,1,239
205,33.24912002512767,33.25974415616285,0,28,32.707961,decode,1,2588
205,33.24912002512767,33.25974415616285,0,29,33.079995,decode,1,741
206,33.25974415616285,33.27036828719804,0,23,31.454687,decode,1,240
206,33.25974415616285,33.27036828719804,0,28,32.707961,decode,1,2589
206,33.25974415616285,33.27036828719804,0,29,33.079995,decode,1,742
207,33.27036828719804,33.280992418233225,0,23,31.454687,decode,1,241
207,33.27036828719804,33.280992418233225,0,28,32.707961,decode,1,2590
207,33.27036828719804,33.280992418233225,0,29,33.079995,decode,1,743
208,33.280992418233225,33.29161654926841,0,23,31.454687,decode,1,242
208,33.280992418233225,33.29161654926841,0,28,32.707961,decode,1,2591
208,33.280992418233225,33.29161654926841,0,29,33.079995,decode,1,744
209,33.29161654926841,33.3022406803036,0,23,31.454687,decode,1,243
209,33.29161654926841,33.3022406803036,0,28,32.707961,decode,1,2592
209,33.29161654926841,33.3022406803036,0,29,33.079995,decode,1,745
210,33.3022406803036,33.312864811338784,0,23,31.454687,decode,1,244
210,33.3022406803036,33.312864811338784,0,28,32.707961,decode,1,2593
210,33.3022406803036,33.312864811338784,0,29,33.079995,decode,1,746
211,33.312864811338784,33.32348894237397,0,23,31.454687,decode,1,245
211,33.312864811338784,33.32348894237397,0,28,32.707961,decode,1,2594
211,33.312864811338784,33.32348894237397,0,29,33.079995,decode,1,747
212,33.32348894237397,33.334113073409156,0,23,31.454687,decode,1,246
212,33.32348894237397,33.334113073409156,0,28,32.707961,decode,1,2595
212,33.32348894237397,33.334113073409156,0,29,33.079995,decode,1,748
213,33.334113073409156,33.34473720444434,0,23,31.454687,decode,1,247
213,33.334113073409156,33.34473720444434,0,28,32.707961,decode,1,2596
213,33.334113073409156,33.34473720444434,0,29,33.079995,decode,1,749
214,33.34473720444434,33.38314342145693,0,23,31.454687,decode,1,248
214,33.34473720444434,33.38314342145693,0,28,32.707961,decode,1,2597
214,33.34473720444434,33.38314342145693,0,29,33.079995,decode,1,750
214,33.34473720444434,33.38314342145693,0,30,33.340075,prefill,509,0
215,33.38314342145693,33.42279008646952,0,23,31.454687,decode,1,249
215,33.38314342145693,33.42279008646952,0,28,32.707961,decode,1,2598
215,33.38314342145693,33.42279008646952,0,29,33.079995,decode,1,751
215,33.38314342145693,33.42279008646952,0,30,33.340075,prefill,509,509
216,33.42279008646952,33.46351692925988,0,23,31.454687,decode,1,250
216,33.42279008646952,33.46351692925988,0,28,32.707961,decode,1,2599
216,33.42279008646952,33.46351692925988,0,29,33.079995,decode,1,752
216,33.42279008646952,33.46351692925988,0,30,33.340075,prefill,509,1018
217,33.46351692925988,33.50556884227247,0,23,31.454687,decode,1,251
217,33.46351692925988,33.50556884227247,0,28,32.707961,decode,1,2600
217,33.46351692925988,33.50556884227247,0,29,33.079995,decode,1,753
217,33.46351692925988,33.50556884227247,0,30,33.340075,prefill,509,1527
218,33.50556884227247,33.548601491285055,0,23,31.454687,decode,1,252
218,33.50556884227247,33.548601491285055,0,28,32.707961,decode,1,2601
218,33.50556884227247,33.548601491285055,0,29,33.079995,decode,1,754
218,33.50556884227247,33.548601491285055,0,30,33.340075,prefill,509,2036
219,33.548601491285055,33.592998236297646,0,23,31.454687,decode,1,253
219,33.548601491285055,33.592998236297646,0,28,32.707961,decode,1,2602
219,33.548601491285055,33.592998236297646,0,29,33.079995,decode,1,755
219,33.548601491285055,33.592998236297646,0,30,33.340075,prefill,509,2545
220,33.592998236297646,33.638219813310236,0,23,31.454687,decode,1,254
220,33.592998236297646,33.638219813310236,0,28,32.707961,decode,1,2603
220,33.592998236297646,33.638219813310236,0,29,33.079995,decode,1,756
220,33.592998236297646,33.638219813310236,0,30,33.340075,prefill,509,3054
221,33.638219813310236,33.684758382322826,0,23,31.454687,decode,1,255
221,33.638219813310236,33.684758382322826,0,28,32.707961,decode,1,2604
221,33.638219813310236,33.684758382322826,0,29,33.079995,decode,1,757
221,33.638219813310236,33.684758382322826,0,30,33.340075,prefill,509,3563
222,33.684758382322826,33.73113579933541,0,23,31.454687,decode,1,256
222,33.684758382322826,33.73113579933541,0,28,32.707961,decode,1,2605
222,33.684758382322826,33.73113579933541,0,29,33.079995,decode,1,758
222,33.684758382322826,33.73113579933541,0,30,33.340075,prefill,14,4072
222,33.684758382322826,33.73113579933541,0,31,33.534078,prefill,495,0
223,33.73113579933541,33.77256113101467,0,23,31.454687,decode,1,257
223,33.73113579933541,33.77256113101467,0,28,32.707961,decode,1,2606
223,33.73113579933541,33.77256113101467,0,29,33.079995,decode,1,759
223,33.73113579933541,33.77256113101467,0,30,33.340075,decode,1,4087
223,33.73113579933541,33.77256113101467,0,31,33.534078,prefill,508,495
224,33.77256113101467,33.8150666404717,0,23,31.454687,decode,1,258
224,33.77256113101467,33.8150666404717,0,28,32.707961,decode,1,2607
224,33.77256113101467,33.8150666404717,0,29,33.079995,decode,1,760
224,33.77256113101467,33.8150666404717,0,30,33.340075,decode,1,4088
224,33.77256113101467,33.8150666404717,0,31,33.534078,prefill,508,1003
225,33.8150666404717,33.85889722015095,0,23,31.454687,decode,1,259
225,33.8150666404717,33.85889722015095,0,28,32.707961,decode,1,2608
225,33.8150666404717,33.85889722015095,0,29,33.079995,decode,1,761
225,33.8150666404717,33.85889722015095,0,30,33.340075,decode,1,4089
225,33.8150666404717,33.85889722015095,0,31,33.534078,prefill,508,1511
226,33.85889722015095,33.903708535830205,0,23,31.454687,decode,1,260
226,33.85889722015095,33.903708535830205,0,28,32.707961,decode,1,2609
226,33.85889722015095,33.903708535830205,0,29,33.079995,decode,1,762
226,33.85889722015095,33.903708535830205,0,30,33.340075,decode,1,4090
226,33.85889722015095,33.903708535830205,0,31,33.534078,prefill,508,2019
227,33.903708535830205,33.94965290750946,0,23,31.454687,decode,1,261
227,33.903708535830205,33.94965290750946,0,28,32.707961,decode,1,2610
227,33.903708535830205,33.94965290750946,0,29,33.079995,decode,1,763
227,33.903708535830205,33.94965290750946,0,30,33.340075,decode,1,4091
227,33.903708535830205,33.94965290750946,0,31,33.534078,prefill,42,2527
227,33.903708535830205,33.94965290750946,0,32,33.57925,prefill,466,0
228,33.94965290750946,33.991581279188715,0,23,31.454687,decode,1,262
228,33.94965290750946,33.991581279188715,0,28,32.707961,decode,1,2611
228,33.94965290750946,33.991581279188715,0,29,33.079995,decode,1,764
228,33.94965290750946,33.991581279188715,0,30,33.340075,decode,1,4092
228,33.94965290750946,33.991581279188715,0,31,33.534078,decode,1,2570
228,33.94965290750946,33.991581279188715,0,32,33.57925,prefill,507,466
229,33.991581279188715,34.034086788645745,0,23,31.454687,decode,1,263
229,33.991581279188715,34.034086788645745,0,29,33.079995,decode,1,765
229,33.991581279188715,34.034086788645745,0,30,33.340075,decode,1,4093
229,33.991581279188715,34.034086788645745,0,31,33.534078,decode,1,2571
229,33.991581279188715,34.034086788645745,0,32,33.57925,prefill,508,973
230,34.034086788645745,34.074502840324996,0,23,31.454687,decode,1,264
230,34.034086788645745,34.074502840324996,0,30,33.340075,decode,1,4094
230,34.034086788645745,34.074502840324996,0,31,33.534078,decode,1,2572
230,34.034086788645745,34.074502840324996,0,32,33.57925,prefill,351,1481
230,34.034086788645745,34.074502840324996,0,33,33.586648,prefill,158,0
231,34.074502840324996,34.11568414640425,0,23,31.454687,decode,1,265
231,34.074502840324996,34.11568414640425,0,30,33.340075,decode,1,4095
231,34.074502840324996,34.11568414640425,0,31,33.534078,decode,1,2573
231,34.074502840324996,34.11568414640425,0,32,33.57925,decode,1,1833
231,34.074502840324996,34.11568414640425,0,33,33.586648,prefill,508,158
232,34.11568414640425,34.15601488181684,0,23,31.454687,decode,1,266
232,34.11568414640425,34.15601488181684,0,31,33.534078,decode,1,2574
232,34.11568414640425,34.15601488181684,0,32,33.57925,decode,1,1834
232,34.11568414640425,34.15601488181684,0,33,33.586648,prefill,509,666
233,34.15601488181684,34.197352629496095,0,23,31.454687,decode,1,267
233,34.15601488181684,34.197352629496095,0,31,33.534078,decode,1,2575
233,34.15601488181684,34.197352629496095,0,32,33.57925,decode,1,1835
233,34.15601488181684,34.197352629496095,0,33,33.586648,prefill,455,1175
233,34.15601488181684,34.197352629496095,0,34,33.679708,prefill,54,0
234,34.197352629496095,34.23612880917535,0,23,31.454687,decode,1,268
234,34.197352629496095,34.23612880917535,0,32,33.57925,decode,1,1836
234,34.197352629496095,34.23612880917535,0,33,33.586648,decode,1,1631
234,34.197352629496095,34.23612880917535,0,34,33.679708,prefill,509,54
235,34.23612880917535,34.2760041248546,0,23,31.454687,decode,1,269
235,34.23612880917535,34.2760041248546,0,32,33.57925,decode,1,1837
235,34.23612880917535,34.2760041248546,0,33,33.586648,decode,1,1632
235,34.23612880917535,34.2760041248546,0,34,33.679708,prefill,509,563
236,34.2760041248546,34.31687868960052,0,23,31.454687,decode,1,270
236,34.2760041248546,34.31687868960052,0,32,33.57925,decode,1,1838
236,34.2760041248546,34.31687868960052,0,33,33.586648,decode,1,1633
236,34.2760041248546,34.31687868960052,0,34,33.679708,prefill,509,1072
237,34.31687868960052,34.35791810127978,0,23,31.454687,decode,1,271
237,34.31687868960052,34.35791810127978,0,33,33.586648,decode,1,1634
237,34.31687868960052,34.35791810127978,0,34,33.679708,prefill,510,1581
238,34.35791810127978,34.40002669695903,0,23,31.454687,decode,1,272
238,34.35791810127978,34.40002669695903,0,33,33.586648,decode,1,1635
238,34.35791810127978,34.40002669695903,0,34,33.679708,prefill,510,2091
239,34.40002669695903,34.44338777263829,0,23,31.454687,decode,1,273
239,34.40002669695903,34.44338777263829,0,33,33.586648,decode,1,1636
239,34.40002669695903,34.44338777263829,0,34,33.679708,prefill,510,2601
240,34.44338777263829,34.48756412298421,0,23,31.454687,decode,1,274
240,34.44338777263829,34.48756412298421,0,33,33.586648,decode,1,1637
240,34.44338777263829,34.48756412298421,0,34,33.679708,prefill,510,3111
241,34.48756412298421,34.53263412666347,0,23,31.454687,decode,1,275
241,34.48756412298421,34.53263412666347,0,33,33.586648,decode,1,1638
241,34.48756412298421,34.53263412666347,0,34,33.679708,prefill,462,3621
241,34.48756412298421,34.53263412666347,0,35,33.681467,prefill,48,0
242,34.53263412666347,34.57164019434272,0,23,31.454687,decode,1,276
242,34.53263412666347,34.57164019434272,0,34,33.679708,decode,1,4084
242,34.53263412666347,34.57164019434272,0,35,33.681467,prefill,510,48
243,34.57164019434272,34.611745398021974,0,23,31.454687,decode,1,277
243,34.57164019434272,34.611745398021974,0,34,33.679708,decode,1,4085
243,34.57164019434272,34.611745398021974,0,35,33.681467,prefill,510,558
244,34.611745398021974,34.65284985076789,0,23,31.454687,decode,1,278
244,34.611745398021974,34.65284985076789,0,34,33.679708,decode,1,4086
244,34.611745398021974,34.65284985076789,0,35,33.681467,prefill,510,1068
245,34.65284985076789,34.694884078447146,0,23,31.454687,decode,1,279
245,34.65284985076789,34.694884078447146,0,34,33.679708,decode,1,4087
245,34.65284985076789,34.694884078447146,0,35,33.681467,prefill,510,1578
246,34.694884078447146,34.7379874901264,0,23,31.454687,decode,1,280
246,34.694884078447146,34.7379874901264,0,34,33.679708,decode,1,4088
246,34.694884078447146,34.7379874901264,0,35,33.681467,prefill,510,2088
247,34.7379874901264,34.78234338180565,0,23,31.454687,decode,1,281
247,34.7379874901264,34.78234338180565,0,34,33.679708,decode,1,4089
247,34.7379874901264,34.78234338180565,0,35,33.681467,prefill,510,2598
248,34.78234338180565,34.827514548151576,0,23,31.454687,decode,1,282
248,34.78234338180565,34.827514548151576,0,34,33.679708,decode,1,4090
248,34.78234338180565,34.827514548151576,0,35,33.681467,prefill,510,3108
249,34.827514548151576,34.87416944783083,0,23,31.454687,decode,1,283
249,34.827514548151576,34.87416944783083,0,34,33.679708,decode,1,4091
249,34.827514548151576,34.87416944783083,0,35,33.681467,prefill,472,3618
249,34.827514548151576,34.87416944783083,0,36,33.781008,prefill,38,0
250,34.87416944783083,34.914408539510084,0,23,31.454687,decode,1,284
250,34.87416944783083,34.914408539510084,0,34,33.679708,decode,1,4092
250,34.87416944783083,34.914408539510084,0,35,33.681467,decode,1,4091
250,34.87416944783083,34.914408539510084,0,36,33.781008,prefill,509,38
251,34.914408539510084,34.95574676718934,0,23,31.454687,decode,1,285
251,34.914408539510084,34.95574676718934,0,34,33.679708,decode,1,4093
251,34.914408539510084,34.95574676718934,0,35,33.681467,decode,1,4092
251,34.914408539510084,34.95574676718934,0,36,33.781008,prefill,497,547
251,34.914408539510084,34.95574676718934,0,37,33.880063,prefill,12,0
252,34.95574676718934,34.994696194868595,0,34,33.679708,decode,1,4094
252,34.95574676718934,34.994696194868595,0,35,33.681467,decode,1,4093
252,34.95574676718934,34.994696194868595,0,36,33.781008,decode,1,1045
252,34.95574676718934,34.994696194868595,0,37,33.880063,prefill,315,12
252,34.95574676718934,34.994696194868595,0,38,33.983035,prefill,194,0
253,34.994696194868595,35.03615416654785,0,34,33.679708,decode,1,4095
253,34.994696194868595,35.03615416654785,0,35,33.681467,decode,1,4094
253,34.994696194868595,35.03615416654785,0,36,33.781008,decode,1,1046
253,34.994696194868595,35.03615416654785,0,37,33.880063,decode,1,328
253,34.994696194868595,35.03615416654785,0,38,33.983035,prefill,508,194
254,35.03615416654785,35.07675139796044,0,35,33.681467,decode,1,4095
254,35.03615416654785,35.07675139796044,0,36,33.781008,decode,1,1047
254,35.03615416654785,35.07675139796044,0,37,33.880063,decode,1,329
254,35.03615416654785,35.07675139796044,0,38,33.983035,prefill,509,702
255,35.07675139796044,35.1168475456397,0,36,33.781008,decode,1,1048
255,35.07675139796044,35.1168475456397,0,37,33.880063,decode,1,330
255,35.07675139796044,35.1168475456397,0,38,33.983035,prefill,419,1211
255,35.07675139796044,35.1168475456397,0,39,34.284439,prefill,91,0
256,35.1168475456397,35.155555482118956,0,36,33.781008,decode,1,1049
256,35.1168475456397,35.155555482118956,0,37,33.880063,decode,1,331
256,35.1168475456397,35.155555482118956,0,38,33.983035,decode,1,1631
256,35.1168475456397,35.155555482118956,0,39,34.284439,prefill,509,91
257,35.155555482118956,35.19531678286488,0,36,33.781008,decode,1,1050
257,35.155555482118956,35.19531678286488,0,37,33.880063,decode,1,332
257,35.155555482118956,35.19531678286488,0,38,33.983035,decode,1,1632
257,35.155555482118956,35.19531678286488,0,39,34.284439,prefill,509,600
258,35.19531678286488,35.23627590867746,0,36,33.781008,decode,1,1051
258,35.19531678286488,35.23627590867746,0,37,33.880063,decode,1,333
258,35.19531678286488,35.23627590867746,0,38,33.983035,decode,1,1633
258,35.19531678286488,35.23627590867746,0,39,34.284439,prefill,509,1109
259,35.23627590867746,35.278459653156716,0,36,33.781008,decode,1,1052
259,35.23627590867746,35.278459653156716,0,37,33.880063,decode,1,334
259,35.23627590867746,35.278459653156716,0,38,33.983035,decode,1,1634
259,35.23627590867746,35.278459653156716,0,39,34.284439,prefill,509,1618
260,35.278459653156716,35.32173190963597,0,36,33.781008,decode,1,1053
260,35.278459653156716,35.32173190963597,0,37,33.880063,decode,1,335
260,35.278459653156716,35.32173190963597,0,38,33.983035,decode,1,1635
260,35.278459653156716,35.32173190963597,0,39,34.284439,prefill,509,2127
261,35.32173190963597,35.366080326115224,0,36,33.781008,decode,1,1054
261,35.32173190963597,35.366080326115224,0,37,33.880063,decode,1,336
261,35.32173190963597,35.366080326115224,0,38,33.983035,decode,1,1636
261,35.32173190963597,35.366080326115224,0,39,34.284439,prefill,509,2636
262,35.366080326115224,35.40710631059448,0,36,33.781008,decode,1,1055
262,35.366080326115224,35.40710631059448,0,37,33.880063,decode,1,337
262,35.366080326115224,35.40710631059448,0,38,33.983035,decode,1,1637
262,35.366080326115224,35.40710631059448,0,39,34.284439,prefill,206,3145
262,35.366080326115224,35.40710631059448,0,40,34.445908,prefill,303,0
263,35.40710631059448,35.44762028227373,0,36,33.781008,decode,1,1056
263,35.40710631059448,35.44762028227373,0,37,33.880063,decode,1,338
263,35.40710631059448,35.44762028227373,0,38,33.983035,decode,1,1638
263,35.40710631059448,35.44762028227373,0,39,34.284439,decode,1,3352
263,35.40710631059448,35.44762028227373,0,40,34.445908,prefill,508,303
264,35.44762028227373,35.48821799795299,0,36,33.781008,decode,1,1057
264,35.44762028227373,35.48821799795299,0,37,33.880063,decode,1,339
264,35.44762028227373,35.48821799795299,0,39,34.284439,decode,1,3353
264,35.44762028227373,35.48821799795299,0,40,34.445908,prefill,509,811
265,35.48821799795299,35.52762246563224,0,36,33.781008,decode,1,1058
265,35.48821799795299,35.52762246563224,0,37,33.880063,decode,1,340
265,35.48821799795299,35.52762246563224,0,39,34.284439,decode,1,3354
265,35.48821799795299,35.52762246563224,0,40,34.445908,prefill,242,1320
265,35.48821799795299,35.52762246563224,0,41,34.878972,prefill,267,0
266,35.52762246563224,35.568136437311495,0,36,33.781008,decode,1,1059
266,35.52762246563224,35.568136437311495,0,37,33.880063,decode,1,341
266,35.52762246563224,35.568136437311495,0,39,34.284439,decode,1,3355
266,35.52762246563224,35.568136437311495,0,40,34.445908,decode,1,1563
266,35.52762246563224,35.568136437311495,0,41,34.878972,prefill,508,267
267,35.568136437311495,35.60895226499075,0,37,33.880063,decode,1,342
267,35.568136437311495,35.60895226499075,0,39,34.284439,decode,1,3356
267,35.568136437311495,35.60895226499075,0,40,34.445908,decode,1,1564
267,35.568136437311495,35.60895226499075,0,41,34.878972,prefill,509,775
268,35.60895226499075,35.65082841267,0,37,33.880063,decode,1,343
268,35.60895226499075,35.65082841267,0,39,34.284439,decode,1,3357
268,35.60895226499075,35.65082841267,0,40,34.445908,decode,1,1565
268,35.60895226499075,35.65082841267,0,41,34.878972,prefill,509,1284
269,35.65082841267,35.69413444834925,0,37,33.880063,decode,1,344
269,35.65082841267,35.69413444834925,0,39,34.284439,decode,1,3358
269,35.65082841267,35.69413444834925,0,40,34.445908,decode,1,1566
269,35.65082841267,35.69413444834925,0,41,34.878972,prefill,509,1793
270,35.69413444834925,35.738322788028505,0,37,33.880063,decode,1,345
270,35.69413444834925,35.738322788028505,0,39,34.284439,decode,1,3359
270,35.69413444834925,35.738322788028505,0,40,34.445908,decode,1,1567
270,35.69413444834925,35.738322788028505,0,41,34.878972,prefill,509,2302
271,35.738322788028505,35.78255349570776,0,37,33.880063,decode,1,346
271,35.738322788028505,35.78255349570776,0,40,34.445908,decode,1,1568
271,35.738322788028505,35.78255349570776,0,41,34.878972,prefill,510,2811
272,35.78255349570776,35.82695405938701,0,37,33.880063,decode,1,347
272,35.78255349570776,35.82695405938701,0,40,34.445908,decode,1,1569
272,35.78255349570776,35.82695405938701,0,41,34.878972,prefill,403,3321
272,35.78255349570776,35.82695405938701,0,42,34.979189,prefill,107,0
273,35.82695405938701,35.86498252706627,0,37,33.880063,decode,1,348
273,35.82695405938701,35.86498252706627,0,40,34.445908,decode,1,1570
273,35.82695405938701,35.86498252706627,0,41,34.878972,decode,1,3725
273,35.82695405938701,35.86498252706627,0,42,34.979189,prefill,221,107
273,35.82695405938701,35.86498252706627,0,43,35.034123,prefill,288,0
274,35.86498252706627,35.90539781074552,0,37,33.880063,decode,1,349
274,35.86498252706627,35.90539781074552,0,40,34.445908,decode,1,1571
274,35.86498252706627,35.90539781074552,0,41,34.878972,decode,1,3726
274,35.86498252706627,35.90539781074552,0,42,34.979189,decode,1,329
274,35.86498252706627,35.90539781074552,0,43,35.034123,prefill,508,288
275,35.90539781074552,35.94510064642478,0,37,33.880063,decode,1,350
275,35.90539781074552,35.94510064642478,0,40,34.445908,decode,1,1572
275,35.90539781074552,35.94510064642478,0,41,34.878972,decode,1,3727
275,35.90539781074552,35.94510064642478,0,42,34.979189,decode,1,330
275,35.90539781074552,35.94510064642478,0,43,35.034123,prefill,169,796
275,35.90539781074552,35.94510064642478,0,44,35.34715,prefill,339,0
276,35.94510064642478,35.98574671410403,0,37,33.880063,decode,1,351
276,35.94510064642478,35.98574671410403,0,40,34.445908,decode,1,1573
276,35.94510064642478,35.98574671410403,0,41,34.878972,decode,1,3728
276,35.94510064642478,35.98574671410403,0,42,34.979189,decode,1,331
276,35.94510064642478,35.98574671410403,0,43,35.034123,decode,1,966
276,35.94510064642478,35.98574671410403,0,44,35.34715,prefill,507,339
277,35.98574671410403,36.027361763116616,0,37,33.880063,decode,1,352
277,35.98574671410403,36.027361763116616,0,40,34.445908,decode,1,1574
277,35.98574671410403,36.027361763116616,0,41,34.878972,decode,1,3729
277,35.98574671410403,36.027361763116616,0,42,34.979189,decode,1,332
277,35.98574671410403,36.027361763116616,0,43,35.034123,decode,1,967
277,35.98574671410403,36.027361763116616,0,44,35.34715,prefill,507,846
278,36.027361763116616,36.07029007079587,0,37,33.880063,decode,1,353
278,36.027361763116616,36.07029007079587,0,40,34.445908,decode,1,1575
278,36.027361763116616,36.07029007079587,0,41,34.878972,decode,1,3730
278,36.027361763116616,36.07029007079587,0,42,34.979189,decode,1,333
278,36.027361763116616,36.07029007079587,0,43,35.034123,decode,1,968
278,36.027361763116616,36.07029007079587,0,44,35.34715,prefill,507,1353
279,36.07029007079587,36.11439777047512,0,37,33.880063,decode,1,354
279,36.07029007079587,36.11439777047512,0,40,34.445908,decode,1,1576
279,36.07029007079587,36.11439777047512,0,41,34.878972,decode,1,3731
279,36.07029007079587,36.11439777047512,0,42,34.979189,decode,1,334
279,36.07029007079587,36.11439777047512,0,43,35.034123,decode,1,969
279,36.07029007079587,36.11439777047512,0,44,35.34715,prefill,507,1860
280,36.11439777047512,36.15894323015438,0,37,33.880063,decode,1,355
280,36.11439777047512,36.15894323015438,0,40,34.445908,decode,1,1577
280,36.11439777047512,36.15894323015438,0,41,34.878972,decode,1,3732
280,36.11439777047512,36.15894323015438,0,42,34.979189,decode,1,335
280,36.11439777047512,36.15894323015438,0,43,35.034123,decode,1,970
280,36.11439777047512,36.15894323015438,0,44,35.34715,prefill,507,2367
281,36.15894323015438,36.203446193833635,0,37,33.880063,decode,1,356
281,36.15894323015438,36.203446193833635,0,40,34.445908,decode,1,1578
281,36.15894323015438,36.203446193833635,0,42,34.979189,decode,1,336
281,36.15894323015438,36.203446193833635,0,43,35.034123,decode,1,971
281,36.15894323015438,36.203446193833635,0,44,35.34715,prefill,508,2874
282,36.203446193833635,36.24894755751289,0,37,33.880063,decode,1,357
282,36.203446193833635,36.24894755751289,0,40,34.445908,decode,1,1579
282,36.203446193833635,36.24894755751289,0,42,34.979189,decode,1,337
282,36.203446193833635,36.24894755751289,0,43,35.034123,decode,1,972
282,36.203446193833635,36.24894755751289,0,44,35.34715,prefill,508,3382
283,36.24894755751289,36.28995215319215,0,37,33.880063,decode,1,358
283,36.24894755751289,36.28995215319215,0,42,34.979189,decode,1,338
283,36.24894755751289,36.28995215319215,0,44,35.34715,prefill,195,3890
283,36.24894755751289,36.28995215319215,0,45,35.3545,prefill,315,0
284,36.28995215319215,36.329540172871404,0,37,33.880063,decode,1,359
284,36.28995215319215,36.329540172871404,0,42,34.979189,decode,1,339
284,36.28995215319215,36.329540172871404,0,44,35.34715,decode,1,4086
284,36.28995215319215,36.329540172871404,0,45,35.3545,prefill,509,315
285,36.329540172871404,36.37013788855066,0,37,33.880063,decode,1,360
285,36.329540172871404,36.37013788855066,0,42,34.979189,decode,1,340
285,36.329540172871404,36.37013788855066,0,44,35.34715,decode,1,4087
285,36.329540172871404,36.37013788855066,0,45,35.3545,prefill,509,824
286,36.37013788855066,36.411795924229914,0,37,33.880063,decode,1,361
286,36.37013788855066,36.411795924229914,0,42,34.979189,decode,1,341
286,36.37013788855066,36.411795924229914,0,44,35.34715,decode,1,4088
286,36.37013788855066,36.411795924229914,0,45,35.3545,prefill,509,1333
287,36.411795924229914,36.454883847909166,0,37,33.880063,decode,1,362
287,36.411795924229914,36.454883847909166,0,42,34.979189,decode,1,342
287,36.411795924229914,36.454883847909166,0,44,35.34715,decode,1,4089
287,36.411795924229914,36.454883847909166,0,45,35.3545,prefill,509,1842
288,36.454883847909166,36.49540780358842,0,37,33.880063,decode,1,363
288,36.454883847909166,36.49540780358842,0,42,34.979189,decode,1,343
288,36.454883847909166,36.49540780358842,0,44,35.34715,decode,1,4090
288,36.454883847909166,36.49540780358842,0,45,35.3545,prefill,15,2351
288,36.454883847909166,36.49540780358842,0,46,35.799358,prefill,328,0
288,36.454883847909166,36.49540780358842,0,47,35.980991,prefill,166,0
289,36.49540780358842,36.535870261667675,0,37,33.880063,decode,1,364
289,36.49540780358842,36.535870261667675,0,42,34.979189,decode,1,344
289,36.49540780358842,36.535870261667675,0,44,35.34715,decode,1,4091
289,36.49540780358842,36.535870261667675,0,45,35.3545,decode,1,2367
289,36.49540780358842,36.535870261667675,0,46,35.799358,decode,1,329
289,36.49540780358842,36.535870261667675,0,47,35.980991,prefill,507,166
290,36.535870261667675,36.57729296508026,0,37,33.880063,decode,1,365
290,36.535870261667675,36.57729296508026,0,42,34.979189,decode,1,345
290,36.535870261667675,36.57729296508026,0,44,35.34715,decode,1,4092
290,36.535870261667675,36.57729296508026,0,45,35.3545,decode,1,2368
290,36.535870261667675,36.57729296508026,0,46,35.799358,decode,1,330
290,36.535870261667675,36.57729296508026,0,47,35.980991,prefill,507,673
291,36.57729296508026,36.61773538475951,0,37,33.880063,decode,1,366
291,36.57729296508026,36.61773538475951,0,42,34.979189,decode,1,346
291,36.57729296508026,36.61773538475951,0,44,35.34715,decode,1,4093
291,36.57729296508026,36.61773538475951,0,45,35.3545,decode,1,2369
291,36.57729296508026,36.61773538475951,0,46,35.799358,decode,1,331
291,36.57729296508026,36.61773538475951,0,47,35.980991,prefill,333,1180
291,36.57729296508026,36.61773538475951,0,48,36.280487,prefill,174,0
292,36.61773538475951,36.63960865131074,0,37,33.880063,decode,1,367
292,36.61773538475951,36.63960865131074,0,42,34.979189,decode,1,347
292,36.61773538475951,36.63960865131074,0,44,35.34715,decode,1,4094
292,36.61773538475951,36.63960865131074,0,45,35.3545,decode,1,2370
292,36.61773538475951,36.63960865131074,0,46,35.799358,decode,1,332
292,36.61773538475951,36.63960865131074,0,47,35.980991,decode,1,1514
292,36.61773538475951,36.63960865131074,0,48,36.280487,prefill,154,174
293,36.63960865131074,36.65321669701259,0,37,33.880063,decode,1,368
293,36.63960865131074,36.65321669701259,0,42,34.979189,decode,1,348
293,36.63960865131074,36.65321669701259,0,44,35.34715,decode,1,4095
293,36.63960865131074,36.65321669701259,0,45,35.3545,decode,1,2371
293,36.63960865131074,36.65321669701259,0,46,35.799358,decode,1,333
293,36.63960865131074,36.65321669701259,0,47,35.980991,decode,1,1515
293,36.63960865131074,36.65321669701259,0,48,36.280487,decode,1,329
294,36.65321669701259,36.692191020691844,0,37,33.880063,decode,1,369
294,36.65321669701259,36.692191020691844,0,42,34.979189,decode,1,349
294,36.65321669701259,36.692191020691844,0,45,35.3545,decode,1,2372
294,36.65321669701259,36.692191020691844,0,46,35.799358,decode,1,334
294,36.65321669701259,36.692191020691844,0,47,35.980991,decode,1,1516
294,36.65321669701259,36.692191020691844,0,48,36.280487,decode,1,330
294,36.65321669701259,36.692191020691844,0,49,36.649398,prefill,506,0
295,36.692191020691844,36.7318115523711,0,37,33.880063,decode,1,370
295,36.692191020691844,36.7318115523711,0,42,34.979189,decode,1,350
295,36.692191020691844,36.7318115523711,0,46,35.799358,decode,1,335
295,36.692191020691844,36.7318115523711,0,47,35.980991,decode,1,1517
295,36.692191020691844,36.7318115523711,0,48,36.280487,decode,1,331
295,36.692191020691844,36.7318115523711,0,49,36.649398,prefill,507,506
296,36.7318115523711,36.77251226182813,0,37,33.880063,decode,1,371
296,36.7318115523711,36.77251226182813,0,42,34.979189,decode,1,351
296,36.7318115523711,36.77251226182813,0,46,35.799358,decode,1,336
296,36.7318115523711,36.77251226182813,0,47,35.980991,decode,1,1518
296,36.7318115523711,36.77251226182813,0,48,36.280487,decode,1,332
296,36.7318115523711,36.77251226182813,0,49,36.649398,prefill,507,1013
297,36.77251226182813,36.81453804150739,0,37,33.880063,decode,1,372
297,36.77251226182813,36.81453804150739,0,42,34.979189,decode,1,352
297,36.77251226182813,36.81453804150739,0,46,35.799358,decode,1,337
297,36.77251226182813,36.81453804150739,0,47,35.980991,decode,1,1519
297,36.77251226182813,36.81453804150739,0,48,36.280487,decode,1,333
297,36.77251226182813,36.81453804150739,0,49,36.649398,prefill,505,1520
297,36.77251226182813,36.81453804150739,0,50,36.704026,prefill,2,0
298,36.81453804150739,36.85363460518664,0,37,33.880063,decode,1,373
298,36.81453804150739,36.85363460518664,0,42,34.979189,decode,1,353
298,36.81453804150739,36.85363460518664,0,46,35.799358,decode,1,338
298,36.81453804150739,36.85363460518664,0,47,35.980991,decode,1,1520
298,36.81453804150739,36.85363460518664,0,48,36.280487,decode,1,334
298,36.81453804150739,36.85363460518664,0,49,36.649398,decode,1,2026
298,36.81453804150739,36.85363460518664,0,50,36.704026,prefill,506,2
299,36.85363460518664,36.893668960865895,0,37,33.880063,decode,1,374
299,36.85363460518664,36.893668960865895,0,42,34.979189,decode,1,354
299,36.85363460518664,36.893668960865895,0,46,35.799358,decode,1,339
299,36.85363460518664,36.893668960865895,0,47,35.980991,decode,1,1521
299,36.85363460518664,36.893668960865895,0,48,36.280487,decode,1,335
299,36.85363460518664,36.893668960865895,0,49,36.649398,decode,1,2027
299,36.85363460518664,36.893668960865895,0,50,36.704026,prefill,506,508
300,36.893668960865895,36.93478349432293,0,37,33.880063,decode,1,375
300,36.893668960865895,36.93478349432293,0,42,34.979189,decode,1,355
300,36.893668960865895,36.93478349432293,0,46,35.799358,decode,1,340
300,36.893668960865895,36.93478349432293,0,47,35.980991,decode,1,1522
300,36.893668960865895,36.93478349432293,0,48,36.280487,decode,1,336
300,36.893668960865895,36.93478349432293,0,49,36.649398,decode,1,2028
300,36.893668960865895,36.93478349432293,0,50,36.704026,prefill,506,1014
301,36.93478349432293,36.97732729000218,0,37,33.880063,decode,1,376
301,36.93478349432293,36.97732729000218,0,42,34.979189,decode,1,356
301,36.93478349432293,36.97732729000218,0,46,35.799358,decode,1,341
301,36.93478349432293,36.97732729000218,0,47,35.980991,decode,1,1523
301,36.93478349432293,36.97732729000218,0,49,36.649398,decode,1,2029
301,36.93478349432293,36.97732729000218,0,50,36.704026,prefill,507,1520
302,36.97732729000218,37.00046249812917,0,37,33.880063,decode,1,377
302,36.97732729000218,37.00046249812917,0,42,34.979189,decode,1,357
302,36.97732729000218,37.00046249812917,0,46,35.799358,decode,1,342
302,36.97732729000218,37.00046249812917,0,47,35.980991,decode,1,1524
302,36.97732729000218,37.00046249812917,0,49,36.649398,decode,1,2030
302,36.97732729000218,37.00046249812917,0,50,36.704026,prefill,142,2027
302,36.97732729000218,37.00046249812917,0,51,36.779047,prefill,74,0
303,37.00046249812917,37.01289396783102,0,37,33.880063,decode,1,378
303,37.00046249812917,37.01289396783102,0,42,34.979189,decode,1,358
303,37.00046249812917,37.01289396783102,0,46,35.799358,decode,1,343
303,37.00046249812917,37.01289396783102,0,47,35.980991,decode,1,1525
303,37.00046249812917,37.01289396783102,0,49,36.649398,decode,1,2031
303,37.00046249812917,37.01289396783102,0,50,36.704026,decode,1,2170
303,37.00046249812917,37.01289396783102,0,51,36.779047,decode,1,75
304,37.01289396783102,37.02532543753287,0,37,33.880063,decode,1,379
304,37.01289396783102,37.02532543753287,0,42,34.979189,decode,1,359
304,37.01289396783102,37.02532543753287,0,46,35.799358,decode,1,344
304,37.01289396783102,37.02532543753287,0,47,35.980991,decode,1,1526
304,37.01289396783102,37.02532543753287,0,49,36.649398,decode,1,2032
304,37.01289396783102,37.02532543753287,0,50,36.704026,decode,1,2171
304,37.01289396783102,37.02532543753287,0,51,36.779047,decode,1,76
305,37.02532543753287,37.03775690723472,0,37,33.880063,decode,1,380
305,37.02532543753287,37.03775690723472,0,42,34.979189,decode,1,360
305,37.02532543753287,37.03775690723472,0,46,35.799358,decode,1,345
305,37.02532543753287,37.03775690723472,0,47,35.980991,decode,1,1527
305,37.02532543753287,37.03775690723472,0,49,36.649398,decode,1,2033
305,37.02532543753287,37.03775690723472,0,50,36.704026,decode,1,2172
305,37.02532543753287,37.03775690723472,0,51,36.779047,decode,1,77
306,37.03775690723472,37.04876872893658,0,37,33.880063,decode,1,381
306,37.03775690723472,37.04876872893658,0,42,34.979189,decode,1,361
306,37.03775690723472,37.04876872893658,0,46,35.799358,decode,1,346
306,37.03775690723472,37.04876872893658,0,47,35.980991,decode,1,1528
306,37.03775690723472,37.04876872893658,0,50,36.704026,decode,1,2173
306,37.03775690723472,37.04876872893658,0,51,36.779047,decode,1,78
307,37.04876872893658,37.059780550638436,0,37,33.880063,decode,1,382
307,37.04876872893658,37.059780550638436,0,42,34.979189,decode,1,362
307,37.04876872893658,37.059780550638436,0,46,35.799358,decode,1,347
307,37.04876872893658,37.059780550638436,0,47,35.980991,decode,1,1529
307,37.04876872893658,37.059780550638436,0,50,36.704026,decode,1,2174
307,37.04876872893658,37.059780550638436,0,51,36.779047,decode,1,79
308,37.059780550638436,37.07079237234029,0,37,33.880063,decode,1,383
308,37.059780550638436,37.07079237234029,0,42,34.979189,decode,1,363
308,37.059780550638436,37.07079237234029,0,46,35.799358,decode,1,348
308,37.059780550638436,37.07079237234029,0,47,35.980991,decode,1,1530
308,37.059780550638436,37.07079237234029,0,50,36.704026,decode,1,2175
308,37.059780550638436,37.07079237234029,0,51,36.779047,decode,1,80
309,37.07079237234029,37.08180419404215,0,37,33.880063,decode,1,384
309,37.07079237234029,37.08180419404215,0,42,34.979189,decode,1,364
309,37.07079237234029,37.08180419404215,0,46,35.799358,decode,1,349
309,37.07079237234029,37.08180419404215,0,47,35.980991,decode,1,1531
309,37.07079237234029,37.08180419404215,0,50,36.704026,decode,1,2176
309,37.07079237234029,37.08180419404215,0,51,36.779047,decode,1,81
310,37.08180419404215,37.092816015744006,0,37,33.880063,decode,1,385
310,37.08180419404215,37.092816015744006,0,42,34.979189,decode,1,365
310,37.08180419404215,37.092816015744006,0,46,35.799358,decode,1,350
310,37.08180419404215,37.092816015744006,0,47,35.980991,decode,1,1532
310,37.08180419404215,37.092816015744006,0,50,36.704026,decode,1,2177
310,37.08180419404215,37.092816015744006,0,51,36.779047,decode,1,82
311,37.092816015744006,37.10382783744586,0,37,33.880063,decode,1,386
311,37.092816015744006,37.10382783744586,0,42,34.979189,decode,1,366
311,37.092816015744006,37.10382783744586,0,46,35.799358,decode,1,351
311,37.092816015744006,37.10382783744586,0,47,35.980991,decode,1,1533
311,37.092816015744006,37.10382783744586,0,50,36.704026,decode,1,2178
311,37.092816015744006,37.10382783744586,0,51,36.779047,decode,1,83
312,37.10382783744586,37.11483965914772,0,37,33.880063,decode,1,387
312,37.10382783744586,37.11483965914772,0,42,34.979189,decode,1,367
312,37.10382783744586,37.11483965914772,0,46,35.799358,decode,1,352
312,37.10382783744586,37.11483965914772,0,47,35.980991,decode,1,1534
312,37.10382783744586,37.11483965914772,0,50,36.704026,decode,1,2179
312,37.10382783744586,37.11483965914772,0,51,36.779047,decode,1,84
313,37.11483965914772,37.125851480849576,0,37,33.880063,decode,1,388
313,37.11483965914772,37.125851480849576,0,42,34.979189,decode,1,368
313,37.11483965914772,37.125851480849576,0,46,35.799358,decode,1,353
313,37.11483965914772,37.125851480849576,0,47,35.980991,decode,1,1535
313,37.11483965914772,37.125851480849576,0,50,36.704026,decode,1,2180
313,37.11483965914772,37.125851480849576,0,51,36.779047,decode,1,85
314,37.125851480849576,37.13686330255143,0,37,33.880063,decode,1,389
314,37.125851480849576,37.13686330255143,0,42,34.979189,decode,1,369
314,37.125851480849576,37.13686330255143,0,46,35.799358,decode,1,354
314,37.125851480849576,37.13686330255143,0,47,35.980991,decode,1,1536
314,37.125851480849576,37.13686330255143,0,50,36.704026,decode,1,2181
314,37.125851480849576,37.13686330255143,0,51,36.779047,decode,1,86
315,37.13686330255143,37.14727019625329,0,37,33.880063,decode,1,390
315,37.13686330255143,37.14727019625329,0,42,34.979189,decode,1,370
315,37.13686330255143,37.14727019625329,0,46,35.799358,decode,1,355
315,37.13686330255143,37.14727019625329,0,47,35.980991,decode,1,1537
315,37.13686330255143,37.14727019625329,0,51,36.779047,decode,1,87
316,37.14727019625329,37.157330849955144,0,37,33.880063,decode,1,391
316,37.14727019625329,37.157330849955144,0,46,35.799358,decode,1,356
316,37.14727019625329,37.157330849955144,0,47,35.980991,decode,1,1538
317,37.157330849955144,37.167391503657,0,37,33.880063,decode,1,392
317,37.157330849955144,37.167391503657,0,46,35.799358,decode,1,357
317,37.157330849955144,37.167391503657,0,47,35.980991,decode,1,1539
318,37.167391503657,37.17745215735886,0,37,33.880063,decode,1,393
318,37.167391503657,37.17745215735886,0,46,35.799358,decode,1,358
318,37.167391503657,37.17745215735886,0,47,35.980991,decode,1,1540
319,37.17745215735886,37.187512811060714,0,37,33.880063,decode,1,394
319,37.17745215735886,37.187512811060714,0,46,35.799358,decode,1,359
319,37.17745215735886,37.187512811060714,0,47,35.980991,decode,1,1541
320,37.187512811060714,37.19721468076257,0,37,33.880063,decode,1,395
320,37.187512811060714,37.19721468076257,0,46,35.799358,decode,1,360
321,37.19721468076257,37.20691655046443,0,37,33.880063,decode,1,396
321,37.19721468076257,37.20691655046443,0,46,35.799358,decode,1,361
322,37.20691655046443,37.216618420166284,0,37,33.880063,decode,1,397
322,37.20691655046443,37.216618420166284,0,46,35.799358,decode,1,362
323,37.216618420166284,37.22632028986814,0,37,33.880063,decode,1,398
323,37.216618420166284,37.22632028986814,0,46,35.799358,decode,1,363
324,37.22632028986814,37.23602215957,0,37,33.880063,decode,1,399
324,37.22632028986814,37.23602215957,0,46,35.799358,decode,1,364
325,37.23602215957,37.245724029271855,0,37,33.880063,decode,1,400
325,37.23602215957,37.245724029271855,0,46,35.799358,decode,1,365
326,37.245724029271855,37.25542589897371,0,37,33.880063,decode,1,401
326,37.245724029271855,37.25542589897371,0,46,35.799358,decode,1,366
327,37.25542589897371,37.26512776867557,0,37,33.880063,decode,1,402
327,37.25542589897371,37.26512776867557,0,46,35.799358,decode,1,367
328,37.26512776867557,37.274692294377424,0,37,33.880063,decode,1,403
329,37.274692294377424,37.28425682007928,0,37,33.880063,decode,1,404
330,37.28425682007928,37.29382134578113,0,37,33.880063,decode,1,405
331,37.29382134578113,37.30338587148299,0,37,33.880063,decode,1,406
332,37.30338587148299,37.31295039718484,0,37,33.880063,decode,1,407
333,37.31295039718484,37.3225149228867,0,37,33.880063,decode,1,408
334,37.3225149228867,37.33207944858855,0,37,33.880063,decode,1,409
335,37.33207944858855,37.341643974290406,0,37,33.880063,decode,1,410
336,37.341643974290406,37.35120849999226,0,37,33.880063,decode,1,411
337,37.35120849999226,37.360773025694115,0,37,33.880063,decode,1,412
338,37.360773025694115,37.37033755139597,0,37,33.880063,decode,1,413
339,37.37033755139597,37.379902077097825,0,37,33.880063,decode,1,414
340,37.379902077097825,37.41724868877708,0,37,33.880063,decode,1,415
340,37.379902077097825,37.41724868877708,0,52,37.379423,prefill,511,0
341,37.41724868877708,37.44108493541169,0,37,33.880063,decode,1,416
341,37.41724868877708,37.44108493541169,0,52,37.379423,prefill,260,511
342,37.44108493541169,37.45364876487911,0,37,33.880063,decode,1,417
342,37.44108493541169,37.45364876487911,0,52,37.379423,decode,1,772
342,37.44108493541169,37.45364876487911,0,53,37.42317,prefill,76,0
343,37.45364876487911,37.46334116258097,0,37,33.880063,decode,1,418
343,37.45364876487911,37.46334116258097,0,52,37.379423,decode,1,773
343,37.45364876487911,37.46334116258097,0,53,37.42317,decode,1,77
344,37.46334116258097,37.47303356028282,0,37,33.880063,decode,1,419
344,37.46334116258097,37.47303356028282,0,52,37.379423,decode,1,774
344,37.46334116258097,37.47303356028282,0,53,37.42317,decode,1,78
345,37.47303356028282,37.48272595798468,0,37,33.880063,decode,1,420
345,37.47303356028282,37.48272595798468,0,52,37.379423,decode,1,775
345,37.47303356028282,37.48272595798468,0,53,37.42317,decode,1,79
346,37.48272595798468,37.49241835568653,0,37,33.880063,decode,1,421
346,37.48272595798468,37.49241835568653,0,52,37.379423,decode,1,776
346,37.48272595798468,37.49241835568653,0,53,37.42317,decode,1,80
347,37.49241835568653,37.502110753388386,0,37,33.880063,decode,1,422
347,37.49241835568653,37.502110753388386,0,52,37.379423,decode,1,777
347,37.49241835568653,37.502110753388386,0,53,37.42317,decode,1,81
348,37.502110753388386,37.51180315109024,0,37,33.880063,decode,1,423
348,37.502110753388386,37.51180315109024,0,52,37.379423,decode,1,778
348,37.502110753388386,37.51180315109024,0,53,37.42317,decode,1,82
349,37.51180315109024,37.521495548792096,0,37,33.880063,decode,1,424
349,37.51180315109024,37.521495548792096,0,52,37.379423,decode,1,779
349,37.51180315109024,37.521495548792096,0,53,37.42317,decode,1,83
350,37.521495548792096,37.53118794649395,0,37,33.880063,decode,1,425
350,37.521495548792096,37.53118794649395,0,52,37.379423,decode,1,780
350,37.521495548792096,37.53118794649395,0,53,37.42317,decode,1,84
351,37.53118794649395,37.540880344195806,0,37,33.880063,decode,1,426
351,37.53118794649395,37.540880344195806,0,52,37.379423,decode,1,781
351,37.53118794649395,37.540880344195806,0,53,37.42317,decode,1,85
352,37.540880344195806,37.55057274189766,0,37,33.880063,decode,1,427
352,37.540880344195806,37.55057274189766,0,52,37.379423,decode,1,782
352,37.540880344195806,37.55057274189766,0,53,37.42317,decode,1,86
353,37.55057274189766,37.560265139599515,0,37,33.880063,decode,1,428
353,37.55057274189766,37.560265139599515,0,52,37.379423,decode,1,783
353,37.55057274189766,37.560265139599515,0,53,37.42317,decode,1,87
354,37.560265139599515,37.56995753730137,0,37,33.880063,decode,1,429
354,37.560265139599515,37.56995753730137,0,52,37.379423,decode,1,784
354,37.560265139599515,37.56995753730137,0,53,37.42317,decode,1,88
355,37.56995753730137,37.579649935003225,0,37,33.880063,decode,1,430
355,37.56995753730137,37.579649935003225,0,52,37.379423,decode,1,785
355,37.56995753730137,37.579649935003225,0,53,37.42317,decode,1,89
356,37.579649935003225,37.58934233270508,0,37,33.880063,decode,1,431
356,37.579649935003225,37.58934233270508,0,52,37.379423,decode,1,786
356,37.579649935003225,37.58934233270508,0,53,37.42317,decode,1,90
357,37.58934233270508,37.599034730406935,0,37,33.880063,decode,1,432
357,37.58934233270508,37.599034730406935,0,52,37.379423,decode,1,787
357,37.58934233270508,37.599034730406935,0,53,37.42317,decode,1,91
358,37.599034730406935,37.60872712810879,0,37,33.880063,decode,1,433
358,37.599034730406935,37.60872712810879,0,52,37.379423,decode,1,788
358,37.599034730406935,37.60872712810879,0,53,37.42317,decode,1,92
359,37.60872712810879,37.618419525810644,0,37,33.880063,decode,1,434
359,37.60872712810879,37.618419525810644,0,52,37.379423,decode,1,789
359,37.60872712810879,37.618419525810644,0,53,37.42317,decode,1,93
360,37.618419525810644,37.6281477635125,0,37,33.880063,decode,1,435
360,37.618419525810644,37.6281477635125,0,52,37.379423,decode,1,790
361,37.6281477635125,37.63787600121435,0,37,33.880063,decode,1,436
361,37.6281477635125,37.63787600121435,0,52,37.379423,decode,1,791
362,37.63787600121435,37.6476042389162,0,37,33.880063,decode,1,437
362,37.63787600121435,37.6476042389162,0,52,37.379423,decode,1,792
363,37.6476042389162,37.65733247661805,0,37,33.880063,decode,1,438
363,37.6476042389162,37.65733247661805,0,52,37.379423,decode,1,793
364,37.65733247661805,37.6670607143199,0,37,33.880063,decode,1,439
364,37.65733247661805,37.6670607143199,0,52,37.379423,decode,1,794
365,37.6670607143199,37.67678895202175,0,37,33.880063,decode,1,440
365,37.6670607143199,37.67678895202175,0,52,37.379423,decode,1,795
366,37.67678895202175,37.6865171897236,0,37,33.880063,decode,1,441
366,37.67678895202175,37.6865171897236,0,52,37.379423,decode,1,796
367,37.6865171897236,37.69624542742545,0,37,33.880063,decode,1,442
367,37.6865171897236,37.69624542742545,0,52,37.379423,decode,1,797
368,37.69624542742545,37.7059736651273,0,37,33.880063,decode,1,443
368,37.69624542742545,37.7059736651273,0,52,37.379423,decode,1,798
369,37.7059736651273,37.71570190282915,0,37,33.880063,decode,1,444
369,37.7059736651273,37.71570190282915,0,52,37.379423,decode,1,799
370,37.71570190282915,37.725430140531,0,37,33.880063,decode,1,445
370,37.71570190282915,37.725430140531,0,52,37.379423,decode,1,800
371,37.725430140531,37.73515837823285,0,37,33.880063,decode,1,446
371,37.725430140531,37.73515837823285,0,52,37.379423,decode,1,801
372,37.73515837823285,37.7448866159347,0,37,33.880063,decode,1,447
372,37.73515837823285,37.7448866159347,0,52,37.379423,decode,1,802
373,37.7448866159347,37.754614853636554,0,37,33.880063,decode,1,448
373,37.7448866159347,37.754614853636554,0,52,37.379423,decode,1,803
374,37.754614853636554,37.764343091338404,0,37,33.880063,decode,1,449
374,37.754614853636554,37.764343091338404,0,52,37.379423,decode,1,804
375,37.764343091338404,37.774071329040254,0,37,33.880063,decode,1,450
375,37.764343091338404,37.774071329040254,0,52,37.379423,decode,1,805
376,37.774071329040254,37.783695246742106,0,52,37.379423,decode,1,806
377,37.783695246742106,37.79331916444396,0,52,37.379423,decode,1,807
378,37.79331916444396,37.80294308214581,0,52,37.379423,decode,1,808
379,37.80294308214581,37.81256699984766,0,52,37.379423,decode,1,809
380,37.81256699984766,37.82219091754951,0,52,37.379423,decode,1,810
381,37.82219091754951,37.831814835251365,0,52,37.379423,decode,1,811
382,37.831814835251365,37.841438752953216,0,52,37.379423,decode,1,812
383,37.841438752953216,37.85106267065507,0,52,37.379423,decode,1,813
384,37.85106267065507,37.86068658835692,0,52,37.379423,decode,1,814
385,37.86068658835692,37.87031050605877,0,52,37.379423,decode,1,815
386,37.87031050605877,37.87993442376062,0,52,37.379423,decode,1,816
387,37.87993442376062,37.889558341462475,0,52,37.379423,decode,1,817
388,37.889558341462475,37.89918225916433,0,52,37.379423,decode,1,818
389,37.89918225916433,37.911641768631746,0,52,37.379423,decode,1,819
389,37.89918225916433,37.911641768631746,0,54,37.898202,prefill,75,0
390,37.911641768631746,37.9213415903336,0,52,37.379423,decode,1,820
390,37.911641768631746,37.9213415903336,0,54,37.898202,decode,1,76
391,37.9213415903336,37.93103680403545,0,52,37.379423,decode,1,821
391,37.9213415903336,37.93103680403545,0,54,37.898202,decode,1,77
392,37.93103680403545,37.940732017737304,0,52,37.379423,decode,1,822
392,37.93103680403545,37.940732017737304,0,54,37.898202,decode,1,78
393,37.940732017737304,37.95042723143916,0,52,37.379423,decode,1,823
393,37.940732017737304,37.95042723143916,0,54,37.898202,decode,1,79
394,37.95042723143916,37.96012244514101,0,52,37.379423,decode,1,824
394,37.95042723143916,37.96012244514101,0,54,37.898202,decode,1,80
395,37.96012244514101,37.969817658842864,0,52,37.379423,decode,1,825
395,37.96012244514101,37.969817658842864,0,54,37.898202,decode,1,81
396,37.969817658842864,37.97951287254472,0,52,37.379423,decode,1,826
396,37.969817658842864,37.97951287254472,0,54,37.898202,decode,1,82
397,37.97951287254472,37.98920808624657,0,52,37.379423,decode,1,827
397,37.97951287254472,37.98920808624657,0,54,37.898202,decode,1,83
398,37.98920808624657,37.998903299948424,0,52,37.379423,decode,1,828
398,37.98920808624657,37.998903299948424,0,54,37.898202,decode,1,84
399,37.998903299948424,38.00859851365028,0,52,37.379423,decode,1,829
399,37.998903299948424,38.00859851365028,0,54,37.898202,decode,1,85
400,38.00859851365028,38.01829372735213,0,52,37.379423,decode,1,830
400,38.00859851365028,38.01829372735213,0,54,37.898202,decode,1,86
401,38.01829372735213,38.027988941053984,0,52,37.379423,decode,1,831
401,38.01829372735213,38.027988941053984,0,54,37.898202,decode,1,87
402,38.027988941053984,38.03768415475584,0,52,37.379423,decode,1,832
402,38.027988941053984,38.03768415475584,0,54,37.898202,decode,1,88
403,38.03768415475584,38.04737936845769,0,52,37.379423,decode,1,833
403,38.03768415475584,38.04737936845769,0,54,37.898202,decode,1,89
404,38.04737936845769,38.057074582159544,0,52,37.379423,decode,1,834
404,38.04737936845769,38.057074582159544,0,54,37.898202,decode,1,90
405,38.057074582159544,38.0667244838614,0,52,37.379423,decode,1,835
406,38.0667244838614,38.076374385563255,0,52,37.379423,decode,1,836
407,38.076374385563255,38.08602428726511,0,52,37.379423,decode,1,837
408,38.08602428726511,38.12345627494437,0,52,37.379423,decode,1,838
408,38.08602428726511,38.12345627494437,0,55,38.079791,prefill,511,0
409,38.12345627494437,38.134143890779555,0,52,37.379423,decode,1,839
409,38.12345627494437,38.134143890779555,0,55,38.079791,prefill,16,511
410,38.134143890779555,38.14388838448141,0,52,37.379423,decode,1,840
410,38.134143890779555,38.14388838448141,0,55,38.079791,decode,1,528
411,38.14388838448141,38.15363287818326,0,52,37.379423,decode,1,841
411,38.14388838448141,38.15363287818326,0,55,38.079791,decode,1,529
412,38.15363287818326,38.16337737188511,0,52,37.379423,decode,1,842
412,38.15363287818326,38.16337737188511,0,55,38.079791,decode,1,530
413,38.16337737188511,38.173121865586964,0,52,37.379423,decode,1,843
413,38.16337737188511,38.173121865586964,0,55,38.079791,decode,1,531
414,38.173121865586964,38.182866359288816,0,52,37.379423,decode,1,844
414,38.173121865586964,38.182866359288816,0,55,38.079791,decode,1,532
415,38.182866359288816,38.19261085299067,0,52,37.379423,decode,1,845
415,38.182866359288816,38.19261085299067,0,55,38.079791,decode,1,533
416,38.19261085299067,38.20235534669252,0,52,37.379423,decode,1,846
416,38.19261085299067,38.20235534669252,0,55,38.079791,decode,1,534
417,38.20235534669252,38.21209984039437,0,52,37.379423,decode,1,847
417,38.20235534669252,38.21209984039437,0,55,38.079791,decode,1,535
418,38.21209984039437,38.249626420073625,0,52,37.379423,decode,1,848
418,38.21209984039437,38.249626420073625,0,55,38.079791,decode,1,536
418,38.21209984039437,38.249626420073625,0,56,38.211415,prefill,510,0
419,38.249626420073625,38.28839344775288,0,52,37.379423,decode,1,849
419,38.249626420073625,38.28839344775288,0,55,38.079791,decode,1,537
419,38.249626420073625,38.28839344775288,0,56,38.211415,prefill,510,510
420,38.28839344775288,38.32824065320991,0,52,37.379423,decode,1,850
420,38.28839344775288,38.32824065320991,0,55,38.079791,decode,1,538
420,38.28839344775288,38.32824065320991,0,56,38.211415,prefill,510,1020
421,38.32824065320991,38.36790268132091,0,52,37.379423,decode,1,851
421,38.32824065320991,38.36790268132091,0,55,38.079791,decode,1,539
421,38.32824065320991,38.36790268132091,0,56,38.211415,prefill,494,1530
422,38.36790268132091,38.3784758875561,0,52,37.379423,decode,1,852
422,38.36790268132091,38.3784758875561,0,55,38.079791,decode,1,540
422,38.36790268132091,38.3784758875561,0,56,38.211415,decode,1,2025
423,38.3784758875561,38.389049093791286,0,52,37.379423,decode,1,853
423,38.3784758875561,38.389049093791286,0,55,38.079791,decode,1,541
423,38.3784758875561,38.389049093791286,0,56,38.211415,decode,1,2026
424,38.389049093791286,38.39962230002647,0,52,37.379423,decode,1,854
424,38.389049093791286,38.39962230002647,0,55,38.079791,decode,1,542
424,38.389049093791286,38.39962230002647,0,56,38.211415,decode,1,2027
425,38.39962230002647,38.41019550626166,0,52,37.379423,decode,1,855
425,38.39962230002647,38.41019550626166,0,55,38.079791,decode,1,543
425,38.39962230002647,38.41019550626166,0,56,38.211415,decode,1,2028
426,38.41019550626166,38.420768712496844,0,52,37.379423,decode,1,856
426,38.41019550626166,38.420768712496844,0,55,38.079791,decode,1,544
426,38.41019550626166,38.420768712496844,0,56,38.211415,decode,1,2029
427,38.420768712496844,38.43134191873203,0,52,37.379423,decode,1,857
427,38.420768712496844,38.43134191873203,0,55,38.079791,decode,1,545
427,38.420768712496844,38.43134191873203,0,56,38.211415,decode,1,2030
428,38.43134191873203,38.44191512496722,0,52,37.379423,decode,1,858
428,38.43134191873203,38.44191512496722,0,55,38.079791,decode,1,546
428,38.43134191873203,38.44191512496722,0,56,38.211415,decode,1,2031
429,38.44191512496722,38.4524883312024,0,52,37.379423,decode,1,859
429,38.44191512496722,38.4524883312024,0,55,38.079791,decode,1,547
429,38.44191512496722,38.4524883312024,0,56,38.211415,decode,1,2032
430,38.4524883312024,38.46306153743759,0,52,37.379423,decode,1,860
430,38.4524883312024,38.46306153743759,0,55,38.079791,decode,1,548
430,38.4524883312024,38.46306153743759,0,56,38.211415,decode,1,2033
431,38.46306153743759,38.473634743672775,0,52,37.379423,decode,1,861
431,38.46306153743759,38.473634743672775,0,55,38.079791,decode,1,549
431,38.46306153743759,38.473634743672775,0,56,38.211415,decode,1,2034
432,38.473634743672775,38.48420794990796,0,52,37.379423,decode,1,862
432,38.473634743672775,38.48420794990796,0,55,38.079791,decode,1,550
432,38.473634743672775,38.48420794990796,0,56,38.211415,decode,1,2035
433,38.48420794990796,38.49478115614315,0,52,37.379423,decode,1,863
433,38.48420794990796,38.49478115614315,0,55,38.079791,decode,1,551
433,38.48420794990796,38.49478115614315,0,56,38.211415,decode,1,2036
434,38.49478115614315,38.505354362378334,0,52,37.379423,decode,1,864
434,38.49478115614315,38.505354362378334,0,55,38.079791,decode,1,552
434,38.49478115614315,38.505354362378334,0,56,38.211415,decode,1,2037
435,38.505354362378334,38.51592756861352,0,52,37.379423,decode,1,865
435,38.505354362378334,38.51592756861352,0,55,38.079791,decode,1,553
435,38.505354362378334,38.51592756861352,0,56,38.211415,decode,1,2038
436,38.51592756861352,38.526384254315374,0,52,37.379423,decode,1,866
436,38.51592756861352,38.526384254315374,0,56,38.211415,decode,1,2039
437,38.526384254315374,38.53684094001723,0,52,37.379423,decode,1,867
437,38.526384254315374,38.53684094001723,0,56,38.211415,decode,1,2040
438,38.53684094001723,38.54729762571908,0,52,37.379423,decode,1,868
438,38.53684094001723,38.54729762571908,0,56,38.211415,decode,1,2041
439,38.54729762571908,38.557754311420936,0,52,37.379423,decode,1,869
439,38.54729762571908,38.557754311420936,0,56,38.211415,decode,1,2042
440,38.557754311420936,38.56821099712279,0,52,37.379423,decode,1,870
440,38.557754311420936,38.56821099712279,0,56,38.211415,decode,1,2043
441,38.56821099712279,38.578667682824644,0,52,37.379423,decode,1,871
441,38.56821099712279,38.578667682824644,0,56,38.211415,decode,1,2044
442,38.578667682824644,38.5891243685265,0,52,37.379423,decode,1,872
442,38.578667682824644,38.5891243685265,0,56,38.211415,decode,1,2045
443,38.5891243685265,38.59958105422835,0,52,37.379423,decode,1,873
443,38.5891243685265,38.59958105422835,0,56,38.211415,decode,1,2046
444,38.59958105422835,38.610037739930206,0,52,37.379423,decode,1,874
444,38.59958105422835,38.610037739930206,0,56,38.211415,decode,1,2047
445,38.610037739930206,38.62049442563206,0,52,37.379423,decode,1,875
445,38.610037739930206,38.62049442563206,0,56,38.211415,decode,1,2048
446,38.62049442563206,38.630951111333914,0,52,37.379423,decode,1,876
446,38.62049442563206,38.630951111333914,0,56,38.211415,decode,1,2049
447,38.630951111333914,38.64140779703577,0,52,37.379423,decode,1,877
447,38.630951111333914,38.64140779703577,0,56,38.211415,decode,1,2050
448,38.64140779703577,38.65186448273762,0,52,37.379423,decode,1,878
448,38.64140779703577,38.65186448273762,0,56,38.211415,decode,1,2051
449,38.65186448273762,38.662321168439476,0,52,37.379423,decode,1,879
449,38.65186448273762,38.662321168439476,0,56,38.211415,decode,1,2052
450,38.662321168439476,38.67277785414133,0,52,37.379423,decode,1,880
450,38.662321168439476,38.67277785414133,0,56,38.211415,decode,1,2053
451,38.67277785414133,38.683234539843184,0,52,37.379423,decode,1,881
451,38.67277785414133,38.683234539843184,0,56,38.211415,decode,1,2054
452,38.683234539843184,38.702768125773346,0,52,37.379423,decode,1,882
452,38.683234539843184,38.702768125773346,0,56,38.211415,decode,1,2055
452,38.683234539843184,38.702768125773346,0,57,38.680538,prefill,197,0
453,38.702768125773346,38.71678695126945,0,52,37.379423,decode,1,883
453,38.702768125773346,38.71678695126945,0,56,38.211415,decode,1,2056
453,38.702768125773346,38.71678695126945,0,57,38.680538,decode,1,198
453,38.702768125773346,38.71678695126945,0,58,38.691529,prefill,109,0
454,38.71678695126945,38.727489012971304,0,52,37.379423,decode,1,884
454,38.71678695126945,38.727489012971304,0,56,38.211415,decode,1,2057
454,38.71678695126945,38.727489012971304,0,57,38.680538,decode,1,199
454,38.71678695126945,38.727489012971304,0,58,38.691529,decode,1,110
455,38.727489012971304,38.73819107467316,0,52,37.379423,decode,1,885
455,38.727489012971304,38.73819107467316,0,56,38.211415,decode,1,2058
455,38.727489012971304,38.73819107467316,0,57,38.680538,decode,1,200
455,38.727489012971304,38.73819107467316,0,58,38.691529,decode,1,111
456,38.73819107467316,38.74889313637502,0,52,37.379423,decode,1,886
456,38.73819107467316,38.74889313637502,0,56,38.211415,decode,1,2059
456,38.73819107467316,38.74889313637502,0,57,38.680538,decode,1,201
456,38.73819107467316,38.74889313637502,0,58,38.691529,decode,1,112
457,38.74889313637502,38.75959519807687,0,52,37.379423,decode,1,887
457,38.74889313637502,38.75959519807687,0,56,38.211415,decode,1,2060
457,38.74889313637502,38.75959519807687,0,57,38.680538,decode,1,202
457,38.74889313637502,38.75959519807687,0,58,38.691529,decode,1,113
458,38.75959519807687,38.77029725977873,0,52,37.379423,decode,1,888
458,38.75959519807687,38.77029725977873,0,56,38.211415,decode,1,2061
458,38.75959519807687,38.77029725977873,0,57,38.680538,decode,1,203
458,38.75959519807687,38.77029725977873,0,58,38.691529,decode,1,114
459,38.77029725977873,38.780765734280585,0,52,37.379423,decode,1,889
459,38.77029725977873,38.780765734280585,0,56,38.211415,decode,1,2062
459,38.77029725977873,38.780765734280585,0,58,38.691529,decode,1,115
460,38.780765734280585,38.79123420878244,0,52,37.379423,decode,1,890
460,38.780765734280585,38.79123420878244,0,56,38.211415,decode,1,2063
460,38.780765734280585,38.79123420878244,0,58,38.691529,decode,1,116
461,38.79123420878244,38.8017026832843,0,52,37.379423,decode,1,891
461,38.79123420878244,38.8017026832843,0,56,38.211415,decode,1,2064
461,38.79123420878244,38.8017026832843,0,58,38.691529,decode,1,117
462,38.8017026832843,38.81215796738615,0,52,37.379423,decode,1,892
462,38.8017026832843,38.81215796738615,0,56,38.211415,decode,1,2065
462,38.8017026832843,38.81215796738615,0,58,38.691529,decode,1,118
463,38.81215796738615,38.822613251488,0,52,37.379423,decode,1,893
463,38.81215796738615,38.822613251488,0,56,38.211415,decode,1,2066
463,38.81215796738615,38.822613251488,0,58,38.691529,decode,1,119
464,38.822613251488,38.83306853558985,0,52,37.379423,decode,1,894
464,38.822613251488,38.83306853558985,0,56,38.211415,decode,1,2067
464,38.822613251488,38.83306853558985,0,58,38.691529,decode,1,120
465,38.83306853558985,38.8435861492917,0,52,37.379423,decode,1,895
465,38.83306853558985,38.8435861492917,0,56,38.211415,decode,1,2068
466,38.8435861492917,38.85410376299355,0,52,37.379423,decode,1,896
466,38.8435861492917,38.85410376299355,0,56,38.211415,decode,1,2069
467,38.85410376299355,38.8646213766954,0,52,37.379423,decode,1,897
467,38.85410376299355,38.8646213766954,0,56,38.211415,decode,1,2070
468,38.8646213766954,38.875138990397254,0,52,37.379423,decode,1,898
468,38.8646213766954,38.875138990397254,0,56,38.211415,decode,1,2071
469,38.875138990397254,38.885656604099104,0,52,37.379423,decode,1,899
469,38.875138990397254,38.885656604099104,0,56,38.211415,decode,1,2072
470,38.885656604099104,38.896174217800954,0,52,37.379423,decode,1,900
470,38.885656604099104,38.896174217800954,0,56,38.211415,decode,1,2073
471,38.896174217800954,38.932138411375554,0,52,37.379423,decode,1,901
471,38.896174217800954,38.932138411375554,0,56,38.211415,decode,1,2074
471,38.896174217800954,38.932138411375554,0,59,38.887152,prefill,432,0
472,38.932138411375554,38.94271161761074,0,52,37.379423,decode,1,902
472,38.932138411375554,38.94271161761074,0,56,38.211415,decode,1,2075
472,38.932138411375554,38.94271161761074,0,59,38.887152,decode,1,433
473,38.94271161761074,38.95328482384593,0,52,37.379423,decode,1,903
473,38.94271161761074,38.95328482384593,0,56,38.211415,decode,1,2076
473,38.94271161761074,38.95328482384593,0,59,38.887152,decode,1,434
474,38.95328482384593,38.96385803008111,0,52,37.379423,decode,1,904
474,38.95328482384593,38.96385803008111,0,56,38.211415,decode,1,2077
474,38.95328482384593,38.96385803008111,0,59,38.887152,decode,1,435
475,38.96385803008111,38.9744312363163,0,52,37.379423,decode,1,905
475,38.96385803008111,38.9744312363163,0,56,38.211415,decode,1,2078
475,38.96385803008111,38.9744312363163,0,59,38.887152,decode,1,436
476,38.9744312363163,38.985004442551485,0,52,37.379423,decode,1,906
476,38.9744312363163,38.985004442551485,0,56,38.211415,decode,1,2079
476,38.9744312363163,38.985004442551485,0,59,38.887152,decode,1,437
477,38.985004442551485,38.99557764878667,0,52,37.379423,decode,1,907
477,38.985004442551485,38.99557764878667,0,56,38.211415,decode,1,2080
477,38.985004442551485,38.99557764878667,0,59,38.887152,decode,1,438
478,38.99557764878667,39.00615085502186,0,52,37.379423,decode,1,908
478,38.99557764878667,39.00615085502186,0,56,38.211415,decode,1,2081
478,38.99557764878667,39.00615085502186,0,59,38.887152,decode,1,439
479,39.00615085502186,39.016724061257044,0,52,37.379423,decode,1,909
479,39.00615085502186,39.016724061257044,0,56,38.211415,decode,1,2082
479,39.00615085502186,39.016724061257044,0,59,38.887152,decode,1,440
480,39.016724061257044,39.02729726749223,0,52,37.379423,decode,1,910
480,39.016724061257044,39.02729726749223,0,56,38.211415,decode,1,2083
480,39.016724061257044,39.02729726749223,0,59,38.887152,decode,1,441
481,39.02729726749223,39.03781488119408,0,52,37.379423,decode,1,911
481,39.02729726749223,39.03781488119408,0,56,38.211415,decode,1,2084
482,39.03781488119408,39.04833249489593,0,52,37.379423,decode,1,912
482,39.03781488119408,39.04833249489593,0,56,38.211415,decode,1,2085
483,39.04833249489593,39.058374332597786,0,56,38.211415,decode,1,2086
484,39.058374332597786,39.06841617029964,0,56,38.211415,decode,1,2087
485,39.06841617029964,39.0784580080015,0,56,38.211415,decode,1,2088
486,39.0784580080015,39.08849984570335,0,56,38.211415,decode,1,2089
487,39.08849984570335,39.12632376938261,0,56,38.211415,decode,1,2090
487,39.08849984570335,39.12632376938261,0,60,39.080624,prefill,511,0
488,39.12632376938261,39.16538814106186,0,56,38.211415,decode,1,2091
488,39.12632376938261,39.16538814106186,0,60,39.080624,prefill,511,511
489,39.16538814106186,39.20553269051889,0,56,38.211415,decode,1,2092
489,39.16538814106186,39.20553269051889,0,60,39.080624,prefill,511,1022
490,39.20553269051889,39.24549206262989,0,56,38.211415,decode,1,2093
490,39.20553269051889,39.24549206262989,0,60,39.080624,prefill,492,1533
491,39.24549206262989,39.25632737233175,0,56,38.211415,decode,1,2094
491,39.24549206262989,39.25632737233175,0,60,39.080624,decode,1,2026
492,39.25632737233175,39.2671626820336,0,56,38.211415,decode,1,2095
492,39.25632737233175,39.2671626820336,0,60,39.080624,decode,1,2027
493,39.2671626820336,39.277997991735454,0,56,38.211415,decode,1,2096
493,39.2671626820336,39.277997991735454,0,60,39.080624,decode,1,2028
494,39.277997991735454,39.28883330143731,0,56,38.211415,decode,1,2097
494,39.277997991735454,39.28883330143731,0,60,39.080624,decode,1,2029
495,39.28883330143731,39.32745069711656,0,56,38.211415,decode,1,2098
495,39.28883330143731,39.32745069711656,0,60,39.080624,decode,1,2030
495,39.28883330143731,39.32745069711656,0,61,39.285966,prefill,510,0
496,39.32745069711656,39.36730854079582,0,56,38.211415,decode,1,2099
496,39.32745069711656,39.36730854079582,0,60,39.080624,decode,1,2031
496,39.32745069711656,39.36730854079582,0,61,39.285966,prefill,510,510
497,39.36730854079582,39.40824656225285,0,56,38.211415,decode,1,2100
497,39.36730854079582,39.40824656225285,0,60,39.080624,decode,1,2032
497,39.36730854079582,39.40824656225285,0,61,39.285966,prefill,510,1020
498,39.40824656225285,39.4505096539321,0,56,38.211415,decode,1,2101
498,39.40824656225285,39.4505096539321,0,60,39.080624,decode,1,2033
498,39.40824656225285,39.4505096539321,0,61,39.285966,prefill,510,1530
499,39.4505096539321,39.49375348161136,0,56,38.211415,decode,1,2102
499,39.4505096539321,39.49375348161136,0,60,39.080624,decode,1,2034
499,39.4505096539321,39.49375348161136,0,61,39.285966,prefill,510,2040
500,39.49375348161136,39.53836140529061,0,56,38.211415,decode,1,2103
500,39.49375348161136,39.53836140529061,0,60,39.080624,decode,1,2035
500,39.49375348161136,39.53836140529061,0,61,39.285966,prefill,510,2550
501,39.53836140529061,39.58379416096986,0,56,38.211415,decode,1,2104
501,39.53836140529061,39.58379416096986,0,60,39.080624,decode,1,2036
501,39.53836140529061,39.58379416096986,0,61,39.285966,prefill,510,3060
502,39.58379416096986,39.630543908649116,0,56,38.211415,decode,1,2105
502,39.58379416096986,39.630543908649116,0,60,39.080624,decode,1,2037
502,39.58379416096986,39.630543908649116,0,61,39.285966,prefill,510,3570
503,39.630543908649116,39.67728584832837,0,56,38.211415,decode,1,2106
503,39.630543908649116,39.67728584832837,0,60,39.080624,decode,1,2038
503,39.630543908649116,39.67728584832837,0,61,39.285966,prefill,7,4080
503,39.630543908649116,39.67728584832837,0,62,39.327517,prefill,503,0
504,39.67728584832837,39.71834202800762,0,56,38.211415,decode,1,2107
504,39.67728584832837,39.71834202800762,0,60,39.080624,decode,1,2039
504,39.67728584832837,39.71834202800762,0,61,39.285966,decode,1,4088
504,39.67728584832837,39.71834202800762,0,62,39.327517,prefill,509,503
505,39.71834202800762,39.76047838546465,0,56,38.211415,decode,1,2108
505,39.71834202800762,39.76047838546465,0,60,39.080624,decode,1,2040
505,39.71834202800762,39.76047838546465,0,61,39.285966,decode,1,4089
505,39.71834202800762,39.76047838546465,0,62,39.327517,prefill,509,1012
506,39.76047838546465,39.803939813143906,0,56,38.211415,decode,1,2109
506,39.76047838546465,39.803939813143906,0,60,39.080624,decode,1,2041
506,39.76047838546465,39.803939813143906,0,61,39.285966,decode,1,4090
506,39.76047838546465,39.803939813143906,0,62,39.327517,prefill,509,1521
507,39.803939813143906,39.84838197682316,0,56,38.211415,decode,1,2110
507,39.803939813143906,39.84838197682316,0,60,39.080624,decode,1,2042
507,39.803939813143906,39.84838197682316,0,61,39.285966,decode,1,4091
507,39.803939813143906,39.84838197682316,0,62,39.327517,prefill,509,2030
508,39.84838197682316,39.894188236502416,0,56,38.211415,decode,1,2111
508,39.84838197682316,39.894188236502416,0,60,39.080624,decode,1,2043
508,39.84838197682316,39.894188236502416,0,61,39.285966,decode,1,4092
508,39.84838197682316,39.894188236502416,0,62,39.327517,prefill,509,2539
509,39.894188236502416,39.94028595218167,0,56,38.211415,decode,1,2112
509,39.894188236502416,39.94028595218167,0,61,39.285966,decode,1,4093
509,39.894188236502416,39.94028595218167,0,62,39.327517,prefill,510,3048
510,39.94028595218167,39.98770065986092,0,56,38.211415,decode,1,2113
510,39.94028595218167,39.98770065986092,0,61,39.285966,decode,1,4094
510,39.94028595218167,39.98770065986092,0,62,39.327517,prefill,510,3558
511,39.98770065986092,40.00188677169611,0,56,38.211415,decode,1,2114
511,39.98770065986092,40.00188677169611,0,61,39.285966,decode,1,4095
511,39.98770065986092,40.00188677169611,0,62,39.327517,prefill,19,4068
512,40.00188677169611,40.01338704139796,0,56,38.211415,decode,1,2115
512,40.00188677169611,40.01338704139796,0,62,39.327517,decode,1,4088
513,40.01338704139796,40.02488731109982,0,56,38.211415,decode,1,2116
513,40.01338704139796,40.02488731109982,0,62,39.327517,decode,1,4089
514,40.02488731109982,40.03638758080167,0,56,38.211415,decode,1,2117
514,40.02488731109982,40.03638758080167,0,62,39.327517,decode,1,4090
515,40.03638758080167,40.04788785050353,0,56,38.211415,decode,1,2118
515,40.03638758080167,40.04788785050353,0,62,39.327517,decode,1,4091
516,40.04788785050353,40.059388120205384,0,56,38.211415,decode,1,2119
516,40.04788785050353,40.059388120205384,0,62,39.327517,decode,1,4092
517,40.059388120205384,40.07088838990724,0,56,38.211415,decode,1,2120
517,40.059388120205384,40.07088838990724,0,62,39.327517,decode,1,4093
518,40.07088838990724,40.08166968360909,0,62,39.327517,decode,1,4094
519,40.08166968360909,40.092450977310946,0,62,39.327517,decode,1,4095
520,183.061791,183.09862906767924,0,63,183.061791,prefill,512,0
521,183.09862906767924,183.1367075833585,0,63,183.061791,prefill,512,512
522,183.1367075833585,183.17586627681553,0,63,183.061791,prefill,512,1024
523,183.17586627681553,183.21635004049477,0,63,183.061791,prefill,512,1536
524,183.21635004049477,183.25781454017402,0,63,183.061791,prefill,512,2048
525,183.25781454017402,183.29997331185328,0,63,183.061791,prefill,88,2560
525,183.25781454017402,183.29997331185328,0,64,183.157936,prefill,424,0
526,183.29997331185328,183.33924039286586,0,63,183.061791,decode,1,2649
526,183.29997331185328,183.33924039286586,0,64,183.157936,prefill,511,424
527,183.33924039286586,183.37940955387845,0,63,183.061791,decode,1,2650
527,183.33924039286586,183.37940955387845,0,64,183.157936,prefill,511,935
528,183.37940955387845,183.4206947255577,0,63,183.061791,decode,1,2651
528,183.37940955387845,183.4206947255577,0,64,183.157936,prefill,511,1446
529,183.4206947255577,183.46306328923694,0,63,183.061791,decode,1,2652
529,183.4206947255577,183.46306328923694,0,64,183.157936,prefill,511,1957
530,183.46306328923694,183.5061688769162,0,63,183.061791,decode,1,2653
530,183.46306328923694,183.5061688769162,0,64,183.157936,prefill,96,2468
530,183.46306328923694,183.5061688769162,0,65,183.159022,prefill,415,0
531,183.5061688769162,183.54624517392878,0,63,183.061791,decode,1,2654
531,183.5061688769162,183.54624517392878,0,64,183.157936,decode,1,2565
531,183.5061688769162,183.54624517392878,0,65,183.159022,prefill,510,415
532,183.54624517392878,183.58722355094136,0,63,183.061791,decode,1,2655
532,183.54624517392878,183.58722355094136,0,64,183.157936,decode,1,2566
532,183.54624517392878,183.58722355094136,0,65,183.159022,prefill,510,925
533,183.58722355094136,183.6293179386206,0,63,183.061791,decode,1,2656
533,183.58722355094136,183.6293179386206,0,64,183.157936,decode,1,2567
533,183.58722355094136,183.6293179386206,0,65,183.159022,prefill,510,1435
534,183.6293179386206,183.67249571829984,0,63,183.061791,decode,1,2657
534,183.6293179386206,183.67249571829984,0,64,183.157936,decode,1,2568
534,183.6293179386206,183.67249571829984,0,65,183.159022,prefill,510,1945
535,183.67249571829984,183.7166090499791,0,63,183.061791,decode,1,2658
535,183.67249571829984,183.7166090499791,0,64,183.157936,decode,1,2569
535,183.67249571829984,183.7166090499791,0,65,183.159022,prefill,510,2455
536,183.7166090499791,183.75812410965835,0,63,183.061791,decode,1,2659
536,183.7166090499791,183.75812410965835,0,64,183.157936,decode,1,2570
536,183.7166090499791,183.75812410965835,0,65,183.159022,prefill,280,2965
536,183.7166090499791,183.75812410965835,0,66,183.260172,prefill,230,0
537,183.75812410965835,183.7986478093376,0,63,183.061791,decode,1,2660
537,183.75812410965835,183.7986478093376,0,64,183.157936,decode,1,2571
537,183.75812410965835,183.7986478093376,0,65,183.159022,decode,1,3246
537,183.75812410965835,183.7986478093376,0,66,183.260172,prefill,509,230
538,183.7986478093376,183.8404544615502,0,63,183.061791,decode,1,2661
538,183.7986478093376,183.8404544615502,0,64,183.157936,decode,1,2572
538,183.7986478093376,183.8404544615502,0,65,183.159022,decode,1,3247
538,183.7986478093376,183.8404544615502,0,66,183.260172,prefill,509,739
539,183.8404544615502,183.88270040122944,0,63,183.061791,decode,1,2662
539,183.8404544615502,183.88270040122944,0,65,183.159022,decode,1,3248
539,183.8404544615502,183.88270040122944,0,66,183.260172,prefill,510,1248
540,183.88270040122944,183.9248247409087,0,65,183.159022,decode,1,3249
540,183.88270040122944,183.9248247409087,0,66,183.260172,prefill,386,1758
540,183.88270040122944,183.9248247409087,0,67,183.458074,prefill,125,0
541,183.9248247409087,183.96431205658794,0,65,183.159022,decode,1,3250
541,183.9248247409087,183.96431205658794,0,66,183.260172,decode,1,2145
541,183.9248247409087,183.96431205658794,0,67,183.458074,prefill,510,125
542,183.96431205658794,184.00485273653388,0,65,183.159022,decode,1,3251
542,183.96431205658794,184.00485273653388,0,66,183.260172,decode,1,2146
542,183.96431205658794,184.00485273653388,0,67,183.458074,prefill,510,635
543,184.00485273653388,184.04659124154645,0,65,183.159022,decode,1,3252
543,184.00485273653388,184.04659124154645,0,66,183.260172,decode,1,2147
543,184.00485273653388,184.04659124154645,0,67,183.458074,prefill,510,1145
544,184.04659124154645,184.0893886052257,0,65,183.159022,decode,1,3253
544,184.04659124154645,184.0893886052257,0,66,183.260172,decode,1,2148
544,184.04659124154645,184.0893886052257,0,67,183.458074,prefill,473,1655
544,184.04659124154645,184.0893886052257,0,68,183.459909,prefill,37,0
545,184.0893886052257,184.12934724890496,0,65,183.159022,decode,1,3254
545,184.0893886052257,184.12934724890496,0,66,183.260172,decode,1,2149
545,184.0893886052257,184.12934724890496,0,67,183.458074,decode,1,2129
545,184.0893886052257,184.12934724890496,0,68,183.459909,prefill,509,37
546,184.12934724890496,184.1704050285842,0,65,183.159022,decode,1,3255
546,184.12934724890496,184.1704050285842,0,66,183.260172,decode,1,2150
546,184.12934724890496,184.1704050285842,0,67,183.458074,decode,1,2130
546,184.12934724890496,184.1704050285842,0,68,183.459909,prefill,509,546
547,184.1704050285842,184.21246205733013,0,65,183.159022,decode,1,3256
547,184.1704050285842,184.21246205733013,0,66,183.260172,decode,1,2151
547,184.1704050285842,184.21246205733013,0,67,183.458074,decode,1,2131
547,184.1704050285842,184.21246205733013,0,68,183.459909,prefill,509,1055
548,184.21246205733013,184.25544886100937,0,65,183.159022,decode,1,3257
548,184.21246205733013,184.25544886100937,0,66,183.260172,decode,1,2152
548,184.21246205733013,184.25544886100937,0,67,183.458074,decode,1,2132
548,184.21246205733013,184.25544886100937,0,68,183.459909,prefill,509,1564
549,184.25544886100937,184.2988788006886,0,65,183.159022,decode,1,3258
549,184.25544886100937,184.2988788006886,0,67,183.458074,decode,1,2133
549,184.25544886100937,184.2988788006886,0,68,183.459909,prefill,510,2073
550,184.2988788006886,184.34356122036786,0,65,183.159022,decode,1,3259
550,184.2988788006886,184.34356122036786,0,67,183.458074,decode,1,2134
550,184.2988788006886,184.34356122036786,0,68,183.459909,prefill,510,2583
551,184.34356122036786,184.38792893071377,0,67,183.458074,decode,1,2135
551,184.34356122036786,184.38792893071377,0,68,183.459909,prefill,511,3093
552,184.38792893071377,184.43380008639303,0,67,183.458074,decode,1,2136
552,184.38792893071377,184.43380008639303,0,68,183.459909,prefill,484,3604
552,184.38792893071377,184.43380008639303,0,69,183.562835,prefill,27,0
553,184.43380008639303,184.4717854180723,0,67,183.458074,decode,1,2137
553,184.43380008639303,184.4717854180723,0,68,183.459909,decode,1,4089
553,184.43380008639303,184.4717854180723,0,69,183.562835,prefill,223,27
553,184.43380008639303,184.4717854180723,0,70,183.656554,prefill,287,0
554,184.4717854180723,184.51192857375156,0,67,183.458074,decode,1,2138
554,184.4717854180723,184.51192857375156,0,68,183.459909,decode,1,4090
554,184.4717854180723,184.51192857375156,0,69,183.562835,decode,1,251
554,184.4717854180723,184.51192857375156,0,70,183.656554,prefill,509,287
555,184.51192857375156,184.55303785209748,0,67,183.458074,decode,1,2139
555,184.51192857375156,184.55303785209748,0,68,183.459909,decode,1,4091
555,184.51192857375156,184.55303785209748,0,69,183.562835,decode,1,252
555,184.51192857375156,184.55303785209748,0,70,183.656554,prefill,381,796
555,184.51192857375156,184.55303785209748,0,71,183.656608,prefill,128,0
556,184.55303785209748,184.59362967977674,0,67,183.458074,decode,1,2140
556,184.55303785209748,184.59362967977674,0,68,183.459909,decode,1,4092
556,184.55303785209748,184.59362967977674,0,69,183.562835,decode,1,253
556,184.55303785209748,184.59362967977674,0,70,183.656554,decode,1,1178
556,184.55303785209748,184.59362967977674,0,71,183.656608,prefill,508,128
557,184.59362967977674,184.63413170372266,0,68,183.459909,decode,1,4093
557,184.59362967977674,184.63413170372266,0,69,183.562835,decode,1,254
557,184.59362967977674,184.63413170372266,0,70,183.656554,decode,1,1179
557,184.59362967977674,184.63413170372266,0,71,183.656608,prefill,509,636
558,184.63413170372266,184.67583155273525,0,68,183.459909,decode,1,4094
558,184.63413170372266,184.67583155273525,0,69,183.562835,decode,1,255
558,184.63413170372266,184.67583155273525,0,70,183.656554,decode,1,1180
558,184.63413170372266,184.67583155273525,0,71,183.656608,prefill,509,1145
559,184.67583155273525,184.7187785484145,0,68,183.459909,decode,1,4095
559,184.67583155273525,184.7187785484145,0,70,183.656554,decode,1,1181
559,184.67583155273525,184.7187785484145,0,71,183.656608,prefill,510,1654
560,184.7187785484145,184.76133847209374,0,70,183.656554,decode,1,1182
560,184.7187785484145,184.76133847209374,0,71,183.656608,prefill,511,2164
561,184.76133847209374,184.77494690087545,0,70,183.656554,decode,1,1183
561,184.76133847209374,184.77494690087545,0,71,183.656608,prefill,68,2675
562,184.77494690087545,184.7857402265773,0,70,183.656554,decode,1,1184
562,184.77494690087545,184.7857402265773,0,71,183.656608,decode,1,2744
563,184.7857402265773,184.79653355227916,0,70,183.656554,decode,1,1185
563,184.7857402265773,184.79653355227916,0,71,183.656608,decode,1,2745
564,184.79653355227916,184.807326877981,0,70,183.656554,decode,1,1186
564,184.79653355227916,184.807326877981,0,71,183.656608,decode,1,2746
565,184.807326877981,184.81812020368287,0,70,183.656554,decode,1,1187
565,184.807326877981,184.81812020368287,0,71,183.656608,decode,1,2747
566,184.81812020368287,184.82891352938472,0,70,183.656554,decode,1,1188
566,184.81812020368287,184.82891352938472,0,71,183.656608,decode,1,2748
567,184.82891352938472,184.83970685508658,0,70,183.656554,decode,1,1189
567,184.82891352938472,184.83970685508658,0,71,183.656608,decode,1,2749
568,184.83970685508658,184.85050018078843,0,70,183.656554,decode,1,1190
568,184.83970685508658,184.85050018078843,0,71,183.656608,decode,1,2750
569,184.85050018078843,184.86129350649028,0,70,183.656554,decode,1,1191
569,184.85050018078843,184.86129350649028,0,71,183.656608,decode,1,2751
570,184.86129350649028,184.87208683219214,0,70,183.656554,decode,1,1192
570,184.86129350649028,184.87208683219214,0,71,183.656608,decode,1,2752
571,184.87208683219214,184.882880157894,0,70,183.656554,decode,1,1193
571,184.87208683219214,184.882880157894,0,71,183.656608,decode,1,2753
572,184.882880157894,184.89367348359585,0,70,183.656554,decode,1,1194
572,184.882880157894,184.89367348359585,0,71,183.656608,decode,1,2754
573,184.89367348359585,184.9044668092977,0,70,183.656554,decode,1,1195
573,184.89367348359585,184.9044668092977,0,71,183.656608,decode,1,2755
574,184.9044668092977,184.91526013499956,0,70,183.656554,decode,1,1196
574,184.9044668092977,184.91526013499956,0,71,183.656608,decode,1,2756
575,184.91526013499956,184.9260534607014,0,70,183.656554,decode,1,1197
575,184.91526013499956,184.9260534607014,0,71,183.656608,decode,1,2757
576,184.9260534607014,184.93684678640327,0,70,183.656554,decode,1,1198
576,184.9260534607014,184.93684678640327,0,71,183.656608,decode,1,2758
577,184.93684678640327,184.94764011210512,0,70,183.656554,decode,1,1199
577,184.93684678640327,184.94764011210512,0,71,183.656608,decode,1,2759
578,184.94764011210512,184.95802716580698,0,71,183.656608,decode,1,2760
579,184.95802716580698,184.96841421950884,0,71,183.656608,decode,1,2761
580,184.96841421950884,184.9788012732107,0,71,183.656608,decode,1,2762
581,184.9788012732107,184.98918832691257,0,71,183.656608,decode,1,2763
582,184.98918832691257,184.99957538061443,0,71,183.656608,decode,1,2764
583,184.99957538061443,185.0099624343163,0,71,183.656608,decode,1,2765
584,185.0099624343163,185.02034948801816,0,71,183.656608,decode,1,2766
585,185.02034948801816,185.03073654172002,0,71,183.656608,decode,1,2767
586,185.03073654172002,185.04112359542188,0,71,183.656608,decode,1,2768
587,185.04112359542188,185.05151064912374,0,71,183.656608,decode,1,2769
588,185.05151064912374,185.0618977028256,0,71,183.656608,decode,1,2770
589,185.0618977028256,185.07228475652747,0,71,183.656608,decode,1,2771
590,185.07228475652747,185.08267181022933,0,71,183.656608,decode,1,2772
591,185.08267181022933,185.0930588639312,0,71,183.656608,decode,1,2773
592,185.0930588639312,185.10344591763305,0,71,183.656608,decode,1,2774
593,185.10344591763305,185.11383297133492,0,71,183.656608,decode,1,2775
594,185.11383297133492,185.12422002503678,0,71,183.656608,decode,1,2776
595,185.12422002503678,185.13460707873864,0,71,183.656608,decode,1,2777
596,185.13460707873864,185.1449941324405,0,71,183.656608,decode,1,2778
597,185.1449941324405,185.15538118614236,0,71,183.656608,decode,1,2779
598,185.15538118614236,185.16576823984423,0,71,183.656608,decode,1,2780
599,187.159342,187.17742190070996,0,72,187.159342,prefill,144,0
600,187.17742190070996,187.1868621384118,0,72,187.159342,decode,1,145
601,187.1868621384118,187.19630237611366,0,72,187.159342,decode,1,146
602,187.19630237611366,187.20574261381552,0,72,187.159342,decode,1,147
603,187.20574261381552,187.21518285151737,0,72,187.159342,decode,1,148
604,187.21518285151737,187.22462308921922,0,72,187.159342,decode,1,149
605,187.22462308921922,187.23406332692107,0,72,187.159342,decode,1,150
606,187.23406332692107,187.24350356462293,0,72,187.159342,decode,1,151
607,187.24350356462293,187.25294380232478,0,72,187.159342,decode,1,152
608,187.25294380232478,187.26238404002663,0,72,187.159342,decode,1,153
609,187.26238404002663,187.29899951570587,0,72,187.159342,decode,1,154
609,187.26238404002663,187.29899951570587,0,73,187.258307,prefill,88,0
609,187.26238404002663,187.29899951570587,0,74,187.259029,prefill,423,0
610,187.29899951570587,187.33736470871847,0,72,187.159342,decode,1,155
610,187.29899951570587,187.33736470871847,0,73,187.258307,decode,1,89
610,187.29899951570587,187.33736470871847,0,74,187.259029,prefill,510,423
611,187.33736470871847,187.37663198173107,0,72,187.159342,decode,1,156
611,187.33736470871847,187.37663198173107,0,73,187.258307,decode,1,90
611,187.33736470871847,187.37663198173107,0,74,187.259029,prefill,510,933
612,187.37663198173107,187.41701526541033,0,72,187.159342,decode,1,157
612,187.37663198173107,187.41701526541033,0,73,187.258307,decode,1,91
612,187.37663198173107,187.41701526541033,0,74,187.259029,prefill,510,1443
613,187.41701526541033,187.4584819410896,0,72,187.159342,decode,1,158
613,187.41701526541033,187.4584819410896,0,73,187.258307,decode,1,92
613,187.41701526541033,187.4584819410896,0,74,187.259029,prefill,510,1953
614,187.4584819410896,187.50088416876883,0,72,187.159342,decode,1,159
614,187.4584819410896,187.50088416876883,0,73,187.258307,decode,1,93
614,187.4584819410896,187.50088416876883,0,74,187.259029,prefill,510,2463
615,187.50088416876883,187.5443435484481,0,72,187.159342,decode,1,160
615,187.50088416876883,187.5443435484481,0,73,187.258307,decode,1,94
615,187.50088416876883,187.5443435484481,0,74,187.259029,prefill,510,2973
616,187.5443435484481,187.58906372812734,0,72,187.159342,decode,1,161
616,187.5443435484481,187.58906372812734,0,73,187.258307,decode,1,95
616,187.5443435484481,187.58906372812734,0,74,187.259029,prefill,510,3483
617,187.58906372812734,187.6342544358066,0,73,187.258307,decode,1,96
617,187.58906372812734,187.6342544358066,0,74,187.259029,prefill,21,3993
617,187.58906372812734,187.6342544358066,0,75,187.361558,prefill,490,0
618,187.6342544358066,187.67411227948585,0,73,187.258307,decode,1,97
618,187.6342544358066,187.67411227948585,0,74,187.259029,decode,1,4015
618,187.6342544358066,187.67411227948585,0,75,187.361558,prefill,510,490
619,187.67411227948585,187.71310930670796,0,73,187.258307,decode,1,98
619,187.67411227948585,187.71310930670796,0,74,187.259029,decode,1,4016
619,187.67411227948585,187.71310930670796,0,75,187.361558,prefill,179,1000
619,187.67411227948585,187.71310930670796,0,76,187.558571,prefill,331,0
620,187.71310930670796,187.7530636623872,0,73,187.258307,decode,1,99
620,187.71310930670796,187.7530636623872,0,74,187.259029,decode,1,4017
620,187.71310930670796,187.7530636623872,0,75,187.361558,decode,1,1180
620,187.71310930670796,187.7530636623872,0,76,187.558571,prefill,509,331
621,187.7530636623872,187.7939869993998,0,73,187.258307,decode,1,100
621,187.7530636623872,187.7939869993998,0,74,187.259029,decode,1,4018
621,187.7530636623872,187.7939869993998,0,75,187.361558,decode,1,1181
621,187.7530636623872,187.7939869993998,0,76,187.558571,prefill,509,840
622,187.7939869993998,187.83622359507905,0,73,187.258307,decode,1,101
622,187.7939869993998,187.83622359507905,0,74,187.259029,decode,1,4019
622,187.7939869993998,187.83622359507905,0,75,187.361558,decode,1,1182
622,187.7939869993998,187.83622359507905,0,76,187.558571,prefill,509,1349
623,187.83622359507905,187.8796395827583,0,73,187.258307,decode,1,102
623,187.83622359507905,187.8796395827583,0,74,187.259029,decode,1,4020
623,187.83622359507905,187.8796395827583,0,75,187.361558,decode,1,1183
623,187.83622359507905,187.8796395827583,0,76,187.558571,prefill,509,1858
624,187.8796395827583,187.92349333043757,0,73,187.258307,decode,1,103
624,187.8796395827583,187.92349333043757,0,74,187.259029,decode,1,4021
624,187.8796395827583,187.92349333043757,0,75,187.361558,decode,1,1184
624,187.8796395827583,187.92349333043757,0,76,187.558571,prefill,509,2367
625,187.92349333043757,187.96492071011681,0,73,187.258307,decode,1,104
625,187.92349333043757,187.96492071011681,0,74,187.259029,decode,1,4022
625,187.92349333043757,187.96492071011681,0,75,187.361558,decode,1,1185
625,187.92349333043757,187.96492071011681,0,76,187.558571,prefill,278,2876
625,187.92349333043757,187.96492071011681,0,77,187.559396,prefill,231,0
626,187.96492071011681,188.00601477779608,0,73,187.258307,decode,1,105
626,187.96492071011681,188.00601477779608,0,74,187.259029,decode,1,4023
626,187.96492071011681,188.00601477779608,0,75,187.361558,decode,1,1186
626,187.96492071011681,188.00601477779608,0,76,187.558571,decode,1,3155
626,187.96492071011681,188.00601477779608,0,77,187.559396,prefill,508,231
627,188.00601477779608,188.04839179800868,0,73,187.258307,decode,1,106
627,188.00601477779608,188.04839179800868,0,74,187.259029,decode,1,4024
627,188.00601477779608,188.04839179800868,0,75,187.361558,decode,1,1187
627,188.00601477779608,188.04839179800868,0,76,187.558571,decode,1,3156
627,188.00601477779608,188.04839179800868,0,77,187.559396,prefill,508,739
628,188.04839179800868,188.09136618568795,0,74,187.259029,decode,1,4025
628,188.04839179800868,188.09136618568795,0,75,187.361558,decode,1,1188
628,188.04839179800868,188.09136618568795,0,76,187.558571,decode,1,3157
628,188.04839179800868,188.09136618568795,0,77,187.559396,prefill,509,1247
629,188.09136618568795,188.1355550373672,0,74,187.259029,decode,1,4026
629,188.09136618568795,188.1355550373672,0,75,187.361558,decode,1,1189
629,188.09136618568795,188.1355550373672,0,76,187.558571,decode,1,3158
629,188.09136618568795,188.1355550373672,0,77,187.559396,prefill,509,1756
630,188.1355550373672,188.18071592104644,0,74,187.259029,decode,1,4027
630,188.1355550373672,188.18071592104644,0,75,187.361558,decode,1,1190
630,188.1355550373672,188.18071592104644,0,76,187.558571,decode,1,3159
630,188.1355550373672,188.18071592104644,0,77,187.559396,prefill,509,2265
631,188.18071592104644,188.2271534767257,0,74,187.259029,decode,1,4028
631,188.18071592104644,188.2271534767257,0,75,187.361558,decode,1,1191
631,188.18071592104644,188.2271534767257,0,76,187.558571,decode,1,3160
631,188.18071592104644,188.2271534767257,0,77,187.559396,prefill,509,2774
632,188.2271534767257,188.27418367240494,0,74,187.259029,decode,1,4029
632,188.2271534767257,188.27418367240494,0,76,187.558571,decode,1,3161
632,188.2271534767257,188.27418367240494,0,77,187.559396,prefill,510,3283
633,188.27418367240494,188.3171154360842,0,74,187.259029,decode,1,4030
633,188.27418367240494,188.3171154360842,0,76,187.558571,decode,1,3162
633,188.27418367240494,188.3171154360842,0,77,187.559396,prefill,290,3793
633,188.27418367240494,188.3171154360842,0,78,187.56574,prefill,220,0
634,188.3171154360842,188.35745340776347,0,74,187.259029,decode,1,4031
634,188.3171154360842,188.35745340776347,0,77,187.559396,decode,1,4084
634,188.3171154360842,188.35745340776347,0,78,187.56574,prefill,510,220
635,188.35745340776347,188.39907433197607,0,74,187.259029,decode,1,4032
635,188.35745340776347,188.39907433197607,0,77,187.559396,decode,1,4085
635,188.35745340776347,188.39907433197607,0,78,187.56574,prefill,510,730
636,188.39907433197607,188.44188398365532,0,74,187.259029,decode,1,4033
636,188.39907433197607,188.44188398365532,0,77,187.559396,decode,1,4086
636,188.39907433197607,188.44188398365532,0,78,187.56574,prefill,510,1240
637,188.44188398365532,188.48590809933458,0,74,187.259029,decode,1,4034
637,188.44188398365532,188.48590809933458,0,77,187.559396,decode,1,4087
637,188.44188398365532,188.48590809933458,0,78,187.56574,prefill,510,1750
638,188.48590809933458,188.53041039741385,0,74,187.259029,decode,1,4035
638,188.48590809933458,188.53041039741385,0,77,187.559396,decode,1,4088
638,188.48590809933458,188.53041039741385,0,78,187.56574,prefill,396,2260
638,188.48590809933458,188.53041039741385,0,79,187.66134,prefill,114,0
639,188.53041039741385,188.5694882090931,0,74,187.259029,decode,1,4036
639,188.53041039741385,188.5694882090931,0,77,187.559396,decode,1,4089
639,188.53041039741385,188.5694882090931,0,78,187.56574,decode,1,2657
639,188.53041039741385,188.5694882090931,0,79,187.66134,prefill,122,114
639,188.53041039741385,188.5694882090931,0,80,188.255371,prefill,90,0
639,188.53041039741385,188.5694882090931,0,81,188.2567,prefill,297,0
640,188.5694882090931,188.61122022877234,0,74,187.259029,decode,1,4037
640,188.5694882090931,188.61122022877234,0,77,187.559396,decode,1,4090
640,188.5694882090931,188.61122022877234,0,78,187.56574,decode,1,2658
640,188.5694882090931,188.61122022877234,0,79,187.66134,decode,1,237
640,188.5694882090931,188.61122022877234,0,80,188.255371,decode,1,91
640,188.5694882090931,188.61122022877234,0,81,188.2567,prefill,507,297
641,188.61122022877234,188.6539619444516,0,74,187.259029,decode,1,4038
641,188.61122022877234,188.6539619444516,0,77,187.559396,decode,1,4091
641,188.61122022877234,188.6539619444516,0,78,187.56574,decode,1,2659
641,188.61122022877234,188.6539619444516,0,79,187.66134,decode,1,238
641,188.61122022877234,188.6539619444516,0,80,188.255371,decode,1,92
641,188.61122022877234,188.6539619444516,0,81,188.2567,prefill,507,804
642,188.6539619444516,188.69776398013084,0,74,187.259029,decode,1,4039
642,188.6539619444516,188.69776398013084,0,77,187.559396,decode,1,4092
642,188.6539619444516,188.69776398013084,0,78,187.56574,decode,1,2660
642,188.6539619444516,188.69776398013084,0,79,187.66134,decode,1,239
642,188.6539619444516,188.69776398013084,0,80,188.255371,decode,1,93
642,188.6539619444516,188.69776398013084,0,81,188.2567,prefill,507,1311
643,188.69776398013084,188.7429959038101,0,74,187.259029,decode,1,4040
643,188.69776398013084,188.7429959038101,0,77,187.559396,decode,1,4093
643,188.69776398013084,188.7429959038101,0,78,187.56574,decode,1,2661
643,188.69776398013084,188.7429959038101,0,79,187.66134,decode,1,240
643,188.69776398013084,188.7429959038101,0,80,188.255371,decode,1,94
643,188.69776398013084,188.7429959038101,0,81,188.2567,prefill,507,1818
644,188.7429959038101,188.78877553948936,0,74,187.259029,decode,1,4041
644,188.7429959038101,188.78877553948936,0,77,187.559396,decode,1,4094
644,188.7429959038101,188.78877553948936,0,78,187.56574,decode,1,2662
644,188.7429959038101,188.78877553948936,0,79,187.66134,decode,1,241
644,188.7429959038101,188.78877553948936,0,80,188.255371,decode,1,95
644,188.7429959038101,188.78877553948936,0,81,188.2567,prefill,507,2325
645,188.78877553948936,188.83566314316863,0,74,187.259029,decode,1,4042
645,188.78877553948936,188.83566314316863,0,77,187.559396,decode,1,4095
645,188.78877553948936,188.83566314316863,0,78,187.56574,decode,1,2663
645,188.78877553948936,188.83566314316863,0,79,187.66134,decode,1,242
645,188.78877553948936,188.83566314316863,0,80,188.255371,decode,1,96
645,188.78877553948936,188.83566314316863,0,81,188.2567,prefill,507,2832
646,188.83566314316863,188.87852873084788,0,74,187.259029,decode,1,4043
646,188.83566314316863,188.87852873084788,0,78,187.56574,decode,1,2664
646,188.83566314316863,188.87852873084788,0,79,187.66134,decode,1,243
646,188.83566314316863,188.87852873084788,0,80,188.255371,decode,1,97
646,188.83566314316863,188.87852873084788,0,81,188.2567,prefill,292,3339
646,188.83566314316863,188.87852873084788,0,82,188.2594,prefill,216,0
647,188.87852873084788,188.91993191852714,0,74,187.259029,decode,1,4044
647,188.87852873084788,188.91993191852714,0,78,187.56574,decode,1,2665
647,188.87852873084788,188.91993191852714,0,79,187.66134,decode,1,244
647,188.87852873084788,188.91993191852714,0,80,188.255371,decode,1,98
647,188.87852873084788,188.91993191852714,0,81,188.2567,decode,1,3632
647,188.87852873084788,188.91993191852714,0,82,188.2594,prefill,507,216
648,188.91993191852714,188.96261805873974,0,74,187.259029,decode,1,4045
648,188.91993191852714,188.96261805873974,0,78,187.56574,decode,1,2666
648,188.91993191852714,188.96261805873974,0,79,187.66134,decode,1,245
648,188.91993191852714,188.96261805873974,0,80,188.255371,decode,1,99
648,188.91993191852714,188.96261805873974,0,81,188.2567,decode,1,3633
648,188.91993191852714,188.96261805873974,0,82,188.2594,prefill,507,723
649,188.96261805873974,189.005991422419,0,74,187.259029,decode,1,4046
649,188.96261805873974,189.005991422419,0,79,187.66134,decode,1,246
649,188.96261805873974,189.005991422419,0,80,188.255371,decode,1,100
649,188.96261805873974,189.005991422419,0,81,188.2567,decode,1,3634
649,188.96261805873974,189.005991422419,0,82,188.2594,prefill,508,1230
650,189.005991422419,189.04744875409824,0,74,187.259029,decode,1,4047
650,189.005991422419,189.04744875409824,0,79,187.66134,decode,1,247
650,189.005991422419,189.04744875409824,0,80,188.255371,decode,1,101
650,189.005991422419,189.04744875409824,0,81,188.2567,decode,1,3635
650,189.005991422419,189.04744875409824,0,82,188.2594,prefill,163,1738
650,189.005991422419,189.04744875409824,0,83,188.262212,prefill,318,0
650,189.005991422419,189.04744875409824,0,84,188.35417,prefill,27,0
651,189.04744875409824,189.0880718457775,0,74,187.259029,decode,1,4048
651,189.04744875409824,189.0880718457775,0,79,187.66134,decode,1,248
651,189.04744875409824,189.0880718457775,0,80,188.255371,decode,1,102
651,189.04744875409824,189.0880718457775,0,81,188.2567,decode,1,3636
651,189.04744875409824,189.0880718457775,0,82,188.2594,decode,1,1902
651,189.04744875409824,189.0880718457775,0,83,188.262212,decode,1,319
651,189.04744875409824,189.0880718457775,0,84,188.35417,prefill,506,27
652,189.0880718457775,189.12979407345676,0,74,187.259029,decode,1,4049
652,189.0880718457775,189.12979407345676,0,79,187.66134,decode,1,249
652,189.0880718457775,189.12979407345676,0,80,188.255371,decode,1,103
652,189.0880718457775,189.12979407345676,0,81,188.2567,decode,1,3637
652,189.0880718457775,189.12979407345676,0,82,188.2594,decode,1,1903
652,189.0880718457775,189.12979407345676,0,83,188.262212,decode,1,320
652,189.0880718457775,189.12979407345676,0,84,188.35417,prefill,506,533
653,189.12979407345676,189.1725155502027,0,74,187.259029,decode,1,4050
653,189.12979407345676,189.1725155502027,0,79,187.66134,decode,1,250
653,189.12979407345676,189.1725155502027,0,80,188.255371,decode,1,104
653,189.12979407345676,189.1725155502027,0,81,188.2567,decode,1,3638
653,189.12979407345676,189.1725155502027,0,82,188.2594,decode,1,1904
653,189.12979407345676,189.1725155502027,0,83,188.262212,decode,1,321
653,189.12979407345676,189.1725155502027,0,84,188.35417,prefill,506,1039
654,189.1725155502027,189.21616680188194,0,74,187.259029,decode,1,4051
654,189.1725155502027,189.21616680188194,0,79,187.66134,decode,1,251
654,189.1725155502027,189.21616680188194,0,80,188.255371,decode,1,105
654,189.1725155502027,189.21616680188194,0,81,188.2567,decode,1,3639
654,189.1725155502027,189.21616680188194,0,82,188.2594,decode,1,1905
654,189.1725155502027,189.21616680188194,0,83,188.262212,decode,1,322
654,189.1725155502027,189.21616680188194,0,84,188.35417,prefill,506,1545
655,189.21616680188194,189.2608872375612,0,74,187.259029,decode,1,4052
655,189.21616680188194,189.2608872375612,0,79,187.66134,decode,1,252
655,189.21616680188194,189.2608872375612,0,80,188.255371,decode,1,106
655,189.21616680188194,189.2608872375612,0,81,188.2567,decode,1,3640
655,189.21616680188194,189.2608872375612,0,82,188.2594,decode,1,1906
655,189.21616680188194,189.2608872375612,0,83,188.262212,decode,1,323
655,189.21616680188194,189.2608872375612,0,84,188.35417,prefill,506,2051
656,189.2608872375612,189.30719820124045,0,74,187.259029,decode,1,4053
656,189.2608872375612,189.30719820124045,0,79,187.66134,decode,1,253
656,189.2608872375612,189.30719820124045,0,80,188.255371,decode,1,107
656,189.2608872375612,189.30719820124045,0,81,188.2567,decode,1,3641
656,189.2608872375612,189.30719820124045,0,82,188.2594,decode,1,1907
656,189.2608872375612,189.30719820124045,0,83,188.262212,decode,1,324
656,189.2608872375612,189.30719820124045,0,84,188.35417,prefill,506,2557
657,189.30719820124045,189.3543339969197,0,74,187.259029,decode,1,4054
657,189.30719820124045,189.3543339969197,0,79,187.66134,decode,1,254
657,189.30719820124045,189.3543339969197,0,80,188.255371,decode,1,108
657,189.30719820124045,189.3543339969197,0,81,188.2567,decode,1,3642
657,189.30719820124045,189.3543339969197,0,82,188.2594,decode,1,1908
657,189.30719820124045,189.3543339969197,0,83,188.262212,decode,1,325
657,189.30719820124045,189.3543339969197,0,84,188.35417,prefill,506,3063
658,189.3543339969197,189.40278678459896,0,74,187.259029,decode,1,4055
658,189.3543339969197,189.40278678459896,0,79,187.66134,decode,1,255
658,189.3543339969197,189.40278678459896,0,80,188.255371,decode,1,109
658,189.3543339969197,189.40278678459896,0,81,188.2567,decode,1,3643
658,189.3543339969197,189.40278678459896,0,82,188.2594,decode,1,1909
658,189.3543339969197,189.40278678459896,0,83,188.262212,decode,1,326
658,189.3543339969197,189.40278678459896,0,84,188.35417,prefill,506,3569
659,189.40278678459896,189.45157211627821,0,74,187.259029,decode,1,4056
659,189.40278678459896,189.45157211627821,0,79,187.66134,decode,1,256
659,189.40278678459896,189.45157211627821,0,80,188.255371,decode,1,110
659,189.40278678459896,189.45157211627821,0,81,188.2567,decode,1,3644
659,189.40278678459896,189.45157211627821,0,82,188.2594,decode,1,1910
659,189.40278678459896,189.45157211627821,0,84,188.35417,prefill,5,4075
659,189.40278678459896,189.45157211627821,0,85,188.362128,prefill,502,0
660,189.45157211627821,189.49423072795747,0,74,187.259029,decode,1,4057
660,189.45157211627821,189.49423072795747,0,79,187.66134,decode,1,257
660,189.45157211627821,189.49423072795747,0,80,188.255371,decode,1,111
660,189.45157211627821,189.49423072795747,0,81,188.2567,decode,1,3645
660,189.45157211627821,189.49423072795747,0,82,188.2594,decode,1,1911
660,189.45157211627821,189.49423072795747,0,84,188.35417,decode,1,4081
660,189.45157211627821,189.49423072795747,0,85,188.362128,prefill,506,502
661,189.49423072795747,189.5372392774145,0,74,187.259029,decode,1,4058
661,189.49423072795747,189.5372392774145,0,79,187.66134,decode,1,258
661,189.49423072795747,189.5372392774145,0,80,188.255371,decode,1,112
661,189.49423072795747,189.5372392774145,0,82,188.2594,decode,1,1912
661,189.49423072795747,189.5372392774145,0,84,188.35417,decode,1,4082
661,189.49423072795747,189.5372392774145,0,85,188.362128,prefill,507,1008
662,189.5372392774145,189.58157289709376,0,74,187.259029,decode,1,4059
662,189.5372392774145,189.58157289709376,0,79,187.66134,decode,1,259
662,189.5372392774145,189.58157289709376,0,80,188.255371,decode,1,113
662,189.5372392774145,189.58157289709376,0,82,188.2594,decode,1,1913
662,189.5372392774145,189.58157289709376,0,84,188.35417,decode,1,4083
662,189.5372392774145,189.58157289709376,0,85,188.362128,prefill,507,1515
663,189.58157289709376,189.62688725277303,0,74,187.259029,decode,1,4060
663,189.58157289709376,189.62688725277303,0,79,187.66134,decode,1,260
663,189.58157289709376,189.62688725277303,0,80,188.255371,decode,1,114
663,189.58157289709376,189.62688725277303,0,82,188.2594,decode,1,1914
663,189.58157289709376,189.62688725277303,0,84,188.35417,decode,1,4084
663,189.58157289709376,189.62688725277303,0,85,188.362128,prefill,507,2022
664,189.62688725277303,189.6740009044523,0,74,187.259029,decode,1,4061
664,189.62688725277303,189.6740009044523,0,79,187.66134,decode,1,261
664,189.62688725277303,189.6740009044523,0,82,188.2594,decode,1,1915
664,189.62688725277303,189.6740009044523,0,84,188.35417,decode,1,4085
664,189.62688725277303,189.6740009044523,0,85,188.362128,prefill,508,2529
665,189.6740009044523,189.72193938813155,0,74,187.259029,decode,1,4062
665,189.6740009044523,189.72193938813155,0,79,187.66134,decode,1,262
665,189.6740009044523,189.72193938813155,0,82,188.2594,decode,1,1916
665,189.6740009044523,189.72193938813155,0,84,188.35417,decode,1,4086
665,189.6740009044523,189.72193938813155,0,85,188.362128,prefill,508,3037
666,189.72193938813155,189.7711948638108,0,74,187.259029,decode,1,4063
666,189.72193938813155,189.7711948638108,0,79,187.66134,decode,1,263
666,189.72193938813155,189.7711948638108,0,82,188.2594,decode,1,1917
666,189.72193938813155,189.7711948638108,0,84,188.35417,decode,1,4087
666,189.72193938813155,189.7711948638108,0,85,188.362128,prefill,499,3545
666,189.72193938813155,189.7711948638108,0,86,188.364166,prefill,9,0
667,189.7711948638108,189.81135017949003,0,74,187.259029,decode,1,4064
667,189.7711948638108,189.81135017949003,0,79,187.66134,decode,1,264
667,189.7711948638108,189.81135017949003,0,82,188.2594,decode,1,1918
667,189.7711948638108,189.81135017949003,0,84,188.35417,decode,1,4088
667,189.7711948638108,189.81135017949003,0,85,188.362128,decode,1,4045
667,189.7711948638108,189.81135017949003,0,86,188.364166,prefill,34,9
667,189.7711948638108,189.81135017949003,0,87,188.366331,prefill,134,0
667,189.7711948638108,189.81135017949003,0,88,188.45427,prefill,163,0
667,189.7711948638108,189.81135017949003,0,89,188.457644,prefill,176,0
668,189.81135017949003,189.8550579495693,0,74,187.259029,decode,1,4065
668,189.81135017949003,189.8550579495693,0,79,187.66134,decode,1,265
668,189.81135017949003,189.8550579495693,0,82,188.2594,decode,1,1919
668,189.81135017949003,189.8550579495693,0,84,188.35417,decode,1,4089
668,189.81135017949003,189.8550579495693,0,85,188.362128,decode,1,4046
668,189.81135017949003,189.8550579495693,0,86,188.364166,decode,1,44
668,189.81135017949003,189.8550579495693,0,87,188.366331,decode,1,135
668,189.81135017949003,189.8550579495693,0,88,188.45427,decode,1,164
668,189.81135017949003,189.8550579495693,0,89,188.457644,prefill,504,176
669,189.8550579495693,189.89972596498188,0,74,187.259029,decode,1,4066
669,189.8550579495693,189.89972596498188,0,79,187.66134,decode,1,266
669,189.8550579495693,189.89972596498188,0,82,188.2594,decode,1,1920
669,189.8550579495693,189.89972596498188,0,84,188.35417,decode,1,4090
669,189.8550579495693,189.89972596498188,0,85,188.362128,decode,1,4047
669,189.8550579495693,189.89972596498188,0,86,188.364166,decode,1,45
669,189.8550579495693,189.89972596498188,0,87,188.366331,decode,1,136
669,189.8550579495693,189.89972596498188,0,88,188.45427,decode,1,165
669,189.8550579495693,189.89972596498188,0,89,188.457644,prefill,504,680
670,189.89972596498188,189.94530886466114,0,74,187.259029,decode,1,4067
670,189.89972596498188,189.94530886466114,0,79,187.66134,decode,1,267
670,189.89972596498188,189.94530886466114,0,84,188.35417,decode,1,4091
670,189.89972596498188,189.94530886466114,0,85,188.362128,decode,1,4048
670,189.89972596498188,189.94530886466114,0,86,188.364166,decode,1,46
670,189.89972596498188,189.94530886466114,0,87,188.366331,decode,1,137
670,189.89972596498188,189.94530886466114,0,88,188.45427,decode,1,166
670,189.89972596498188,189.94530886466114,0,89,188.457644,prefill,505,1184
671,189.94530886466114,189.99194264434038,0,74,187.259029,decode,1,4068
671,189.94530886466114,189.99194264434038,0,79,187.66134,decode,1,268
671,189.94530886466114,189.99194264434038,0,84,188.35417,decode,1,4092
671,189.94530886466114,189.99194264434038,0,85,188.362128,decode,1,4049
671,189.94530886466114,189.99194264434038,0,86,188.364166,decode,1,47
671,189.94530886466114,189.99194264434038,0,87,188.366331,decode,1,138
671,189.94530886466114,189.99194264434038,0,88,188.45427,decode,1,167
671,189.94530886466114,189.99194264434038,0,89,188.457644,prefill,505,1689
672,189.99194264434038,190.03958660001965,0,74,187.259029,decode,1,4069
672,189.99194264434038,190.03958660001965,0,79,187.66134,decode,1,269
672,189.99194264434038,190.03958660001965,0,84,188.35417,decode,1,4093
672,189.99194264434038,190.03958660001965,0,85,188.362128,decode,1,4050
672,189.99194264434038,190.03958660001965,0,86,188.364166,decode,1,48
672,189.99194264434038,190.03958660001965,0,87,188.366331,decode,1,139
672,189.99194264434038,190.03958660001965,0,88,188.45427,decode,1,168
672,189.99194264434038,190.03958660001965,0,89,188.457644,prefill,505,2194
673,190.03958660001965,190.0886914836989,0,74,187.259029,decode,1,4070
673,190.03958660001965,190.0886914836989,0,79,187.66134,decode,1,270
673,190.03958660001965,190.0886914836989,0,84,188.35417,decode,1,4094
673,190.03958660001965,190.0886914836989,0,85,188.362128,decode,1,4051
673,190.03958660001965,190.0886914836989,0,86,188.364166,decode,1,49
673,190.03958660001965,190.0886914836989,0,87,188.366331,decode,1,140
673,190.03958660001965,190.0886914836989,0,88,188.45427,decode,1,169
673,190.03958660001965,190.0886914836989,0,89,188.457644,prefill,505,2699
674,190.0886914836989,190.13811553537818,0,74,187.259029,decode,1,4071
674,190.0886914836989,190.13811553537818,0,79,187.66134,decode,1,271
674,190.0886914836989,190.13811553537818,0,84,188.35417,decode,1,4095
674,190.0886914836989,190.13811553537818,0,85,188.362128,decode,1,4052
674,190.0886914836989,190.13811553537818,0,86,188.364166,decode,1,50
674,190.0886914836989,190.13811553537818,0,87,188.366331,decode,1,141
674,190.0886914836989,190.13811553537818,0,88,188.45427,decode,1,170
674,190.0886914836989,190.13811553537818,0,89,188.457644,prefill,82,3204
674,190.0886914836989,190.13811553537818,0,90,188.45827,prefill,423,0
675,190.13811553537818,190.1810777737241,0,74,187.259029,decode,1,4072
675,190.13811553537818,190.1810777737241,0,79,187.66134,decode,1,272
675,190.13811553537818,190.1810777737241,0,85,188.362128,decode,1,4053
675,190.13811553537818,190.1810777737241,0,86,188.364166,decode,1,51
675,190.13811553537818,190.1810777737241,0,87,188.366331,decode,1,142
675,190.13811553537818,190.1810777737241,0,88,188.45427,decode,1,171
675,190.13811553537818,190.1810777737241,0,89,188.457644,decode,1,3287
675,190.13811553537818,190.1810777737241,0,90,188.45827,prefill,99,423
675,190.13811553537818,190.1810777737241,0,91,188.561441,prefill,406,0
676,190.1810777737241,190.204146778441,0,74,187.259029,decode,1,4073
676,190.1810777737241,190.204146778441,0,79,187.66134,decode,1,273
676,190.1810777737241,190.204146778441,0,85,188.362128,decode,1,4054
676,190.1810777737241,190.204146778441,0,86,188.364166,decode,1,52
676,190.1810777737241,190.204146778441,0,87,188.366331,decode,1,143
676,190.1810777737241,190.204146778441,0,88,188.45427,decode,1,172
676,190.1810777737241,190.204146778441,0,89,188.457644,decode,1,3288
676,190.1810777737241,190.204146778441,0,90,188.45827,decode,1,523
676,190.1810777737241,190.204146778441,0,91,188.561441,prefill,177,406
677,190.204146778441,190.21844712778727,0,74,187.259029,decode,1,4074
677,190.204146778441,190.21844712778727,0,79,187.66134,decode,1,274
677,190.204146778441,190.21844712778727,0,85,188.362128,decode,1,4055
677,190.204146778441,190.21844712778727,0,86,188.364166,decode,1,53
677,190.204146778441,190.21844712778727,0,87,188.366331,decode,1,144
677,190.204146778441,190.21844712778727,0,88,188.45427,decode,1,173
677,190.204146778441,190.21844712778727,0,89,188.457644,decode,1,3289
677,190.204146778441,190.21844712778727,0,90,188.45827,decode,1,524
677,190.204146778441,190.21844712778727,0,91,188.561441,decode,1,584
678,190.21844712778727,190.23274747713356,0,74,187.259029,decode,1,4075
678,190.21844712778727,190.23274747713356,0,79,187.66134,decode,1,275
678,190.21844712778727,190.23274747713356,0,85,188.362128,decode,1,4056
678,190.21844712778727,190.23274747713356,0,86,188.364166,decode,1,54
678,190.21844712778727,190.23274747713356,0,87,188.366331,decode,1,145
678,190.21844712778727,190.23274747713356,0,88,188.45427,decode,1,174
678,190.21844712778727,190.23274747713356,0,89,188.457644,decode,1,3290
678,190.21844712778727,190.23274747713356,0,90,188.45827,decode,1,525
678,190.21844712778727,190.23274747713356,0,91,188.561441,decode,1,585
679,190.23274747713356,190.24704782647984,0,74,187.259029,decode,1,4076
679,190.23274747713356,190.24704782647984,0,79,187.66134,decode,1,276
679,190.23274747713356,190.24704782647984,0,85,188.362128,decode,1,4057
679,190.23274747713356,190.24704782647984,0,86,188.364166,decode,1,55
679,190.23274747713356,190.24704782647984,0,87,188.366331,decode,1,146
679,190.23274747713356,190.24704782647984,0,88,188.45427,decode,1,175
679,190.23274747713356,190.24704782647984,0,89,188.457644,decode,1,3291
679,190.23274747713356,190.24704782647984,0,90,188.45827,decode,1,526
679,190.23274747713356,190.24704782647984,0,91,188.561441,decode,1,586
680,190.24704782647984,190.2618411521817,0,74,187.259029,decode,1,4077
680,190.24704782647984,190.2618411521817,0,79,187.66134,decode,1,277
680,190.24704782647984,190.2618411521817,0,85,188.362128,decode,1,4058
680,190.24704782647984,190.2618411521817,0,86,188.364166,decode,1,56
680,190.24704782647984,190.2618411521817,0,87,188.366331,decode,1,147
680,190.24704782647984,190.2618411521817,0,89,188.457644,decode,1,3292
680,190.24704782647984,190.2618411521817,0,90,188.45827,decode,1,527
680,190.24704782647984,190.2618411521817,0,91,188.561441,decode,1,587
681,190.2618411521817,190.27663447788353,0,74,187.259029,decode,1,4078
681,190.2618411521817,190.27663447788353,0,79,187.66134,decode,1,278
681,190.2618411521817,190.27663447788353,0,85,188.362128,decode,1,4059
681,190.2618411521817,190.27663447788353,0,86,188.364166,decode,1,57
681,190.2618411521817,190.27663447788353,0,87,188.366331,decode,1,148
681,190.2618411521817,190.27663447788353,0,89,188.457644,decode,1,3293
681,190.2618411521817,190.27663447788353,0,90,188.45827,decode,1,528
681,190.2618411521817,190.27663447788353,0,91,188.561441,decode,1,588
682,190.27663447788353,190.29167548358538,0,74,187.259029,decode,1,4079
682,190.27663447788353,190.29167548358538,0,79,187.66134,decode,1,279
682,190.27663447788353,190.29167548358538,0,85,188.362128,decode,1,4060
682,190.27663447788353,190.29167548358538,0,86,188.364166,decode,1,58
682,190.27663447788353,190.29167548358538,0,87,188.366331,decode,1,149
682,190.27663447788353,190.29167548358538,0,89,188.457644,decode,1,3294
682,190.27663447788353,190.29167548358538,0,90,188.45827,decode,1,529
683,190.29167548358538,190.30671648928723,0,74,187.259029,decode,1,4080
683,190.29167548358538,190.30671648928723,0,79,187.66134,decode,1,280
683,190.29167548358538,190.30671648928723,0,85,188.362128,decode,1,4061
683,190.29167548358538,190.30671648928723,0,86,188.364166,decode,1,59
683,190.29167548358538,190.30671648928723,0,87,188.366331,decode,1,150
683,190.29167548358538,190.30671648928723,0,89,188.457644,decode,1,3295
683,190.29167548358538,190.30671648928723,0,90,188.45827,decode,1,530
684,190.30671648928723,190.32175749498907,0,74,187.259029,decode,1,4081
684,190.30671648928723,190.32175749498907,0,79,187.66134,decode,1,281
684,190.30671648928723,190.32175749498907,0,85,188.362128,decode,1,4062
684,190.30671648928723,190.32175749498907,0,86,188.364166,decode,1,60
684,190.30671648928723,190.32175749498907,0,87,188.366331,decode,1,151
684,190.30671648928723,190.32175749498907,0,89,188.457644,decode,1,3296
684,190.30671648928723,190.32175749498907,0,90,188.45827,decode,1,531
685,190.32175749498907,190.33498768469093,0,74,187.259029,decode,1,4082
685,190.32175749498907,190.33498768469093,0,79,187.66134,decode,1,282
685,190.32175749498907,190.33498768469093,0,85,188.362128,decode,1,4063
685,190.32175749498907,190.33498768469093,0,86,188.364166,decode,1,61
685,190.32175749498907,190.33498768469093,0,89,188.457644,decode,1,3297
685,190.32175749498907,190.33498768469093,0,90,188.45827,decode,1,532
686,190.33498768469093,190.3482178743928,0,74,187.259029,decode,1,4083
686,190.33498768469093,190.3482178743928,0,79,187.66134,decode,1,283
686,190.33498768469093,190.3482178743928,0,85,188.362128,decode,1,4064
686,190.33498768469093,190.3482178743928,0,86,188.364166,decode,1,62
686,190.33498768469093,190.3482178743928,0,89,188.457644,decode,1,3298
686,190.33498768469093,190.3482178743928,0,90,188.45827,decode,1,533
687,190.3482178743928,190.36144806409465,0,74,187.259029,decode,1,4084
687,190.3482178743928,190.36144806409465,0,79,187.66134,decode,1,284
687,190.3482178743928,190.36144806409465,0,85,188.362128,decode,1,4065
687,190.3482178743928,190.36144806409465,0,86,188.364166,decode,1,63
687,190.3482178743928,190.36144806409465,0,89,188.457644,decode,1,3299
687,190.3482178743928,190.36144806409465,0,90,188.45827,decode,1,534
688,190.36144806409465,190.3746782537965,0,74,187.259029,decode,1,4085
688,190.36144806409465,190.3746782537965,0,79,187.66134,decode,1,285
688,190.36144806409465,190.3746782537965,0,85,188.362128,decode,1,4066
688,190.36144806409465,190.3746782537965,0,86,188.364166,decode,1,64
688,190.36144806409465,190.3746782537965,0,89,188.457644,decode,1,3300
688,190.36144806409465,190.3746782537965,0,90,188.45827,decode,1,535
689,190.3746782537965,190.38740297149835,0,74,187.259029,decode,1,4086
689,190.3746782537965,190.38740297149835,0,79,187.66134,decode,1,286
689,190.3746782537965,190.38740297149835,0,85,188.362128,decode,1,4067
689,190.3746782537965,190.38740297149835,0,86,188.364166,decode,1,65
690,190.38740297149835,190.4001276892002,0,74,187.259029,decode,1,4087
690,190.38740297149835,190.4001276892002,0,79,187.66134,decode,1,287
690,190.38740297149835,190.4001276892002,0,85,188.362128,decode,1,4068
690,190.38740297149835,190.4001276892002,0,86,188.364166,decode,1,66
691,190.4001276892002,190.41285240690203,0,74,187.259029,decode,1,4088
691,190.4001276892002,190.41285240690203,0,79,187.66134,decode,1,288
691,190.4001276892002,190.41285240690203,0,85,188.362128,decode,1,4069
691,190.4001276892002,190.41285240690203,0,86,188.364166,decode,1,67
692,190.41285240690203,190.42557712460388,0,74,187.259029,decode,1,4089
692,190.41285240690203,190.42557712460388,0,79,187.66134,decode,1,289
692,190.41285240690203,190.42557712460388,0,85,188.362128,decode,1,4070
692,190.41285240690203,190.42557712460388,0,86,188.364166,decode,1,68
693,190.42557712460388,190.43830184230572,0,74,187.259029,decode,1,4090
693,190.42557712460388,190.43830184230572,0,79,187.66134,decode,1,290
693,190.42557712460388,190.43830184230572,0,85,188.362128,decode,1,4071
693,190.42557712460388,190.43830184230572,0,86,188.364166,decode,1,69
694,190.43830184230572,190.45102656000756,0,74,187.259029,decode,1,4091
694,190.43830184230572,190.45102656000756,0,79,187.66134,decode,1,291
694,190.43830184230572,190.45102656000756,0,85,188.362128,decode,1,4072
694,190.43830184230572,190.45102656000756,0,86,188.364166,decode,1,70
695,190.45102656000756,190.4637512777094,0,74,187.259029,decode,1,4092
695,190.45102656000756,190.4637512777094,0,79,187.66134,decode,1,292
695,190.45102656000756,190.4637512777094,0,85,188.362128,decode,1,4073
695,190.45102656000756,190.4637512777094,0,86,188.364166,decode,1,71
696,190.4637512777094,190.47647599541125,0,74,187.259029,decode,1,4093
696,190.4637512777094,190.47647599541125,0,79,187.66134,decode,1,293
696,190.4637512777094,190.47647599541125,0,85,188.362128,decode,1,4074
696,190.4637512777094,190.47647599541125,0,86,188.364166,decode,1,72
697,190.47647599541125,190.4892007131131,0,74,187.259029,decode,1,4094
697,190.47647599541125,190.4892007131131,0,79,187.66134,decode,1,294
697,190.47647599541125,190.4892007131131,0,85,188.362128,decode,1,4075
697,190.47647599541125,190.4892007131131,0,86,188.364166,decode,1,73
698,190.4892007131131,190.50192543081494,0,74,187.259029,decode,1,4095
698,190.4892007131131,190.50192543081494,0,79,187.66134,decode,1,295
698,190.4892007131131,190.50192543081494,0,85,188.362128,decode,1,4076
698,190.4892007131131,190.50192543081494,0,86,188.364166,decode,1,74
699,190.50192543081494,190.5128348525168,0,79,187.66134,decode,1,296
699,190.50192543081494,190.5128348525168,0,85,188.362128,decode,1,4077
699,190.50192543081494,190.5128348525168,0,86,188.364166,decode,1,75
700,190.5128348525168,190.52375617821863,0,79,187.66134,decode,1,297
700,190.5128348525168,190.52375617821863,0,85,188.362128,decode,1,4078
701,190.52375617821863,190.53467750392048,0,79,187.66134,decode,1,298
701,190.52375617821863,190.53467750392048,0,85,188.362128,decode,1,4079
702,190.53467750392048,190.54559882962232,0,79,187.66134,decode,1,299
702,190.53467750392048,190.54559882962232,0,85,188.362128,decode,1,4080
703,190.54559882962232,190.55652015532416,0,79,187.66134,decode,1,300
703,190.54559882962232,190.55652015532416,0,85,188.362128,decode,1,4081
704,190.55652015532416,190.567441481026,0,79,187.66134,decode,1,301
704,190.55652015532416,190.567441481026,0,85,188.362128,decode,1,4082
705,190.567441481026,190.57836280672785,0,79,187.66134,decode,1,302
705,190.567441481026,190.57836280672785,0,85,188.362128,decode,1,4083
706,190.57836280672785,190.5892841324297,0,79,187.66134,decode,1,303
706,190.57836280672785,190.5892841324297,0,85,188.362128,decode,1,4084
707,190.5892841324297,190.60020545813154,0,79,187.66134,decode,1,304
707,190.5892841324297,190.60020545813154,0,85,188.362128,decode,1,4085
708,190.60020545813154,190.61112678383338,0,79,187.66134,decode,1,305
708,190.60020545813154,190.61112678383338,0,85,188.362128,decode,1,4086
709,190.61112678383338,190.62204810953523,0,79,187.66134,decode,1,306
709,190.61112678383338,190.62204810953523,0,85,188.362128,decode,1,4087
710,190.62204810953523,190.63296943523707,0,79,187.66134,decode,1,307
710,190.62204810953523,190.63296943523707,0,85,188.362128,decode,1,4088
711,190.63296943523707,190.64389076093892,0,79,187.66134,decode,1,308
711,190.63296943523707,190.64389076093892,0,85,188.362128,decode,1,4089
712,190.64389076093892,190.65481208664076,0,79,187.66134,decode,1,309
712,190.64389076093892,190.65481208664076,0,85,188.362128,decode,1,4090
713,190.65481208664076,190.6657334123426,0,79,187.66134,decode,1,310
713,190.65481208664076,190.6657334123426,0,85,188.362128,decode,1,4091
714,190.6657334123426,190.67665473804445,0,79,187.66134,decode,1,311
714,190.6657334123426,190.67665473804445,0,85,188.362128,decode,1,4092
715,190.67665473804445,190.6875760637463,0,79,187.66134,decode,1,312
715,190.67665473804445,190.6875760637463,0,85,188.362128,decode,1,4093
716,190.6875760637463,190.69849738944814,0,79,187.66134,decode,1,313
716,190.6875760637463,190.69849738944814,0,85,188.362128,decode,1,4094
717,190.69849738944814,190.70941871514998,0,79,187.66134,decode,1,314
717,190.69849738944814,190.70941871514998,0,85,188.362128,decode,1,4095
718,190.70941871514998,190.71889568885183,0,79,187.66134,decode,1,315
719,190.71889568885183,190.72837266255368,0,79,187.66134,decode,1,316
720,190.72837266255368,190.73784963625553,0,79,187.66134,decode,1,317
721,190.73784963625553,190.74732660995738,0,79,187.66134,decode,1,318
722,190.74732660995738,190.75680358365923,0,79,187.66134,decode,1,319
723,190.75680358365923,190.76628055736109,0,79,187.66134,decode,1,320
724,190.76628055736109,190.77581909906294,0,79,187.66134,decode,1,321
725,190.77581909906294,190.7853576407648,0,79,187.66134,decode,1,322
726,190.7853576407648,190.79489618246666,0,79,187.66134,decode,1,323
727,190.79489618246666,190.80443472416852,0,79,187.66134,decode,1,324
728,190.80443472416852,190.81397326587037,0,79,187.66134,decode,1,325
729,190.81397326587037,190.82351180757223,0,79,187.66134,decode,1,326
730,190.82351180757223,190.8330503492741,0,79,187.66134,decode,1,327
731,190.8330503492741,190.84258889097595,0,79,187.66134,decode,1,328
732,190.84258889097595,190.8521274326778,0,79,187.66134,decode,1,329
733,190.8521274326778,190.86166597437966,0,79,187.66134,decode,1,330
734,190.86166597437966,190.87120451608152,0,79,187.66134,decode,1,331
735,190.87120451608152,190.88074305778338,0,79,187.66134,decode,1,332
736,190.88074305778338,190.89028159948523,0,79,187.66134,decode,1,333
737,190.89028159948523,190.8998201411871,0,79,187.66134,decode,1,334
738,190.8998201411871,190.90935868288895,0,79,187.66134,decode,1,335
739,190.90935868288895,190.9188972245908,0,79,187.66134,decode,1,336
740,190.9188972245908,190.92843576629267,0,79,187.66134,decode,1,337
741,190.92843576629267,190.93797430799452,0,79,187.66134,decode,1,338
742,190.93797430799452,190.94751284969638,0,79,187.66134,decode,1,339
743,190.94751284969638,190.95705139139824,0,79,187.66134,decode,1,340
744,190.95705139139824,190.9665899331001,0,79,187.66134,decode,1,341
745,190.9665899331001,190.97612847480195,0,79,187.66134,decode,1,342
746,190.97612847480195,190.9856670165038,0,79,187.66134,decode,1,343
747,190.9856670165038,190.99520555820567,0,79,187.66134,decode,1,344
748,190.99520555820567,191.00474409990753,0,79,187.66134,decode,1,345
749,191.00474409990753,191.01428264160938,0,79,187.66134,decode,1,346
750,191.01428264160938,191.02382118331124,0,79,187.66134,decode,1,347
751,191.02382118331124,191.0333597250131,0,79,187.66134,decode,1,348
752,191.0333597250131,191.04289826671496,0,79,187.66134,decode,1,349
753,191.04289826671496,191.05243680841681,0,79,187.66134,decode,1,350
754,191.05243680841681,191.06197535011867,0,79,187.66134,decode,1,351
755,191.06197535011867,191.07151389182053,0,79,187.66134,decode,1,352
756,191.07151389182053,191.0810524335224,0,79,187.66134,decode,1,353
757,191.0810524335224,191.09059097522425,0,79,187.66134,decode,1,354
758,191.09059097522425,191.1001295169261,0,79,187.66134,decode,1,355
759,191.1001295169261,191.124851492805,0,79,187.66134,decode,1,356
759,191.1001295169261,191.124851492805,0,92,191.098907,prefill,318,0
760,191.124851492805,191.13455336250684,0,79,187.66134,decode,1,357
760,191.124851492805,191.13455336250684,0,92,191.098907,decode,1,319
761,191.13455336250684,191.14425523220868,0,79,187.66134,decode,1,358
761,191.13455336250684,191.14425523220868,0,92,191.098907,decode,1,320
762,191.14425523220868,191.15395710191052,0,79,187.66134,decode,1,359
762,191.14425523220868,191.15395710191052,0,92,191.098907,decode,1,321
763,191.15395710191052,191.16365897161236,0,79,187.66134,decode,1,360
763,191.15395710191052,191.16365897161236,0,92,191.098907,decode,1,322
764,191.16365897161236,191.1733608413142,0,79,187.66134,decode,1,361
764,191.16365897161236,191.1733608413142,0,92,191.098907,decode,1,323
765,191.1733608413142,191.18306271101605,0,79,187.66134,decode,1,362
765,191.1733608413142,191.18306271101605,0,92,191.098907,decode,1,324
766,191.18306271101605,191.1926012527179,0,79,187.66134,decode,1,363
767,191.1926012527179,191.20213979441976,0,79,187.66134,decode,1,364
768,191.20213979441976,191.21167833612162,0,79,187.66134,decode,1,365
769,191.21167833612162,191.22121687782348,0,79,187.66134,decode,1,366
770,191.22121687782348,191.23075541952534,0,79,187.66134,decode,1,367
771,191.23075541952534,191.2402939612272,0,79,187.66134,decode,1,368
772,191.2402939612272,191.24983250292905,0,79,187.66134,decode,1,369
773,191.24983250292905,191.2593710446309,0,79,187.66134,decode,1,370
774,191.2593710446309,191.26890958633277,0,79,187.66134,decode,1,371
775,191.26890958633277,191.27844812803463,0,79,187.66134,decode,1,372
776,191.27844812803463,191.28798666973648,0,79,187.66134,decode,1,373
777,191.28798666973648,191.29752521143834,0,79,187.66134,decode,1,374
778,191.29752521143834,191.3070637531402,0,79,187.66134,decode,1,375
779,191.3070637531402,191.31660229484206,0,79,187.66134,decode,1,376
780,191.31660229484206,191.3261408365439,0,79,187.66134,decode,1,377
781,191.3261408365439,191.33567937824577,0,79,187.66134,decode,1,378
782,191.33567937824577,191.34521791994763,0,79,187.66134,decode,1,379
783,191.34521791994763,191.3547564616495,0,79,187.66134,decode,1,380
784,191.3547564616495,191.36429500335134,0,79,187.66134,decode,1,381
785,191.36429500335134,191.4002497430306,0,79,187.66134,decode,1,382
785,191.36429500335134,191.4002497430306,0,93,191.359204,prefill,147,0
785,191.36429500335134,191.4002497430306,0,94,191.359358,prefill,364,0
786,191.4002497430306,191.43861011470986,0,79,187.66134,decode,1,383
786,191.4002497430306,191.43861011470986,0,93,191.359204,decode,1,148
786,191.4002497430306,191.43861011470986,0,94,191.359358,prefill,510,364
787,191.43861011470986,191.47793946772245,0,79,187.66134,decode,1,384
787,191.43861011470986,191.47793946772245,0,93,191.359204,decode,1,149
787,191.43861011470986,191.47793946772245,0,94,191.359358,prefill,510,874
788,191.47793946772245,191.5185820794017,0,79,187.66134,decode,1,385
788,191.47793946772245,191.5185820794017,0,93,191.359204,decode,1,150
788,191.47793946772245,191.5185820794017,0,94,191.359358,prefill,510,1384
789,191.5185820794017,191.56040408308095,0,79,187.66134,decode,1,386
789,191.5185820794017,191.56040408308095,0,93,191.359204,decode,1,151
789,191.5185820794017,191.56040408308095,0,94,191.359358,prefill,510,1894
790,191.56040408308095,191.60327261476021,0,79,187.66134,decode,1,387
790,191.56040408308095,191.60327261476021,0,93,191.359204,decode,1,152
790,191.56040408308095,191.60327261476021,0,94,191.359358,prefill,510,2404
791,191.60327261476021,191.64719471443948,0,79,187.66134,decode,1,388
791,191.60327261476021,191.64719471443948,0,93,191.359204,decode,1,153
791,191.60327261476021,191.64719471443948,0,94,191.359358,prefill,510,2914
792,191.64719471443948,191.69250651011873,0,79,187.66134,decode,1,389
792,191.64719471443948,191.69250651011873,0,93,191.359204,decode,1,154
792,191.64719471443948,191.69250651011873,0,94,191.359358,prefill,510,3424
793,191.69250651011873,191.73337606579798,0,79,187.66134,decode,1,390
793,191.69250651011873,191.73337606579798,0,93,191.359204,decode,1,155
793,191.69250651011873,191.73337606579798,0,94,191.359358,prefill,145,3934
793,191.69250651011873,191.73337606579798,0,95,191.558108,prefill,365,0
794,191.73337606579798,191.77311230947723,0,79,187.66134,decode,1,391
794,191.73337606579798,191.77311230947723,0,93,191.359204,decode,1,156
794,191.73337606579798,191.77311230947723,0,94,191.359358,decode,1,4080
794,191.73337606579798,191.77311230947723,0,95,191.558108,prefill,509,365
795,191.77311230947723,191.81381753448983,0,79,187.66134,decode,1,392
795,191.77311230947723,191.81381753448983,0,93,191.359204,decode,1,157
795,191.77311230947723,191.81381753448983,0,94,191.359358,decode,1,4081
795,191.77311230947723,191.81381753448983,0,95,191.558108,prefill,509,874
796,191.81381753448983,191.85583601816907,0,79,187.66134,decode,1,393
796,191.81381753448983,191.85583601816907,0,93,191.359204,decode,1,158
796,191.81381753448983,191.85583601816907,0,94,191.359358,decode,1,4082
796,191.81381753448983,191.85583601816907,0,95,191.558108,prefill,509,1383
797,191.85583601816907,191.89903389384833,0,79,187.66134,decode,1,394
797,191.85583601816907,191.89903389384833,0,93,191.359204,decode,1,159
797,191.85583601816907,191.89903389384833,0,94,191.359358,decode,1,4083
797,191.85583601816907,191.89903389384833,0,95,191.558108,prefill,509,1892
798,191.89903389384833,191.94327829752757,0,79,187.66134,decode,1,395
798,191.89903389384833,191.94327829752757,0,93,191.359204,decode,1,160
798,191.89903389384833,191.94327829752757,0,94,191.359358,decode,1,4084
798,191.89903389384833,191.94327829752757,0,95,191.558108,prefill,509,2401
799,191.94327829752757,191.98857626920682,0,79,187.66134,decode,1,396
799,191.94327829752757,191.98857626920682,0,93,191.359204,decode,1,161
799,191.94327829752757,191.98857626920682,0,94,191.359358,decode,1,4085
799,191.94327829752757,191.98857626920682,0,95,191.558108,prefill,509,2910
800,191.98857626920682,192.03526393688608,0,79,187.66134,decode,1,397
800,191.98857626920682,192.03526393688608,0,93,191.359204,decode,1,162
800,191.98857626920682,192.03526393688608,0,94,191.359358,decode,1,4086
800,191.98857626920682,192.03526393688608,0,95,191.558108,prefill,509,3419
801,192.03526393688608,192.07750936456534,0,79,187.66134,decode,1,398
801,192.03526393688608,192.07750936456534,0,93,191.359204,decode,1,163
801,192.03526393688608,192.07750936456534,0,94,191.359358,decode,1,4087
801,192.03526393688608,192.07750936456534,0,95,191.558108,prefill,159,3928
801,192.03526393688608,192.07750936456534,0,96,191.658813,prefill,350,0
802,192.07750936456534,192.1184572562446,0,79,187.66134,decode,1,399
802,192.07750936456534,192.1184572562446,0,94,191.359358,decode,1,4088
802,192.07750936456534,192.1184572562446,0,95,191.558108,decode,1,4088
802,192.07750936456534,192.1184572562446,0,96,191.658813,prefill,509,350
803,192.1184572562446,192.16037412925718,0,79,187.66134,decode,1,400
803,192.1184572562446,192.16037412925718,0,94,191.359358,decode,1,4089
803,192.1184572562446,192.16037412925718,0,95,191.558108,decode,1,4089
803,192.1184572562446,192.16037412925718,0,96,191.658813,prefill,509,859
804,192.16037412925718,192.20061917293643,0,79,187.66134,decode,1,401
804,192.16037412925718,192.20061917293643,0,94,191.359358,decode,1,4090
804,192.16037412925718,192.20061917293643,0,95,191.558108,decode,1,4090
804,192.16037412925718,192.20061917293643,0,96,191.658813,prefill,100,1368
804,192.16037412925718,192.20061917293643,0,97,191.658946,prefill,164,0
804,192.16037412925718,192.20061917293643,0,98,191.659915,prefill,245,0
805,192.20061917293643,192.24048405661568,0,79,187.66134,decode,1,402
805,192.20061917293643,192.24048405661568,0,94,191.359358,decode,1,4091
805,192.20061917293643,192.24048405661568,0,95,191.558108,decode,1,4091
805,192.20061917293643,192.24048405661568,0,96,191.658813,decode,1,1469
805,192.20061917293643,192.24048405661568,0,97,191.658946,decode,1,165
805,192.20061917293643,192.24048405661568,0,98,191.659915,prefill,339,245
805,192.20061917293643,192.24048405661568,0,99,192.162141,prefill,168,0
806,192.24048405661568,192.2700500154151,0,79,187.66134,decode,1,403
806,192.24048405661568,192.2700500154151,0,94,191.359358,decode,1,4092
806,192.24048405661568,192.2700500154151,0,95,191.558108,decode,1,4092
806,192.24048405661568,192.2700500154151,0,96,191.658813,decode,1,1470
806,192.24048405661568,192.2700500154151,0,97,191.658946,decode,1,166
806,192.24048405661568,192.2700500154151,0,98,191.659915,decode,1,585
806,192.24048405661568,192.2700500154151,0,99,192.162141,prefill,355,168
807,192.2700500154151,192.28460935711695,0,79,187.66134,decode,1,404
807,192.2700500154151,192.28460935711695,0,94,191.359358,decode,1,4093
807,192.2700500154151,192.28460935711695,0,95,191.558108,decode,1,4093
807,192.2700500154151,192.28460935711695,0,96,191.658813,decode,1,1471
807,192.2700500154151,192.28460935711695,0,97,191.658946,decode,1,167
807,192.2700500154151,192.28460935711695,0,98,191.659915,decode,1,586
807,192.2700500154151,192.28460935711695,0,99,192.162141,decode,1,524
808,192.28460935711695,192.2991686988188,0,79,187.66134,decode,1,405
808,192.28460935711695,192.2991686988188,0,94,191.359358,decode,1,4094
808,192.28460935711695,192.2991686988188,0,95,191.558108,decode,1,4094
808,192.28460935711695,192.2991686988188,0,96,191.658813,decode,1,1472
808,192.28460935711695,192.2991686988188,0,97,191.658946,decode,1,168
808,192.28460935711695,192.2991686988188,0,98,191.659915,decode,1,587
808,192.28460935711695,192.2991686988188,0,99,192.162141,decode,1,525
809,192.2991686988188,192.31372804052063,0,79,187.66134,decode,1,406
809,192.2991686988188,192.31372804052063,0,94,191.359358,decode,1,4095
809,192.2991686988188,192.31372804052063,0,95,191.558108,decode,1,4095
809,192.2991686988188,192.31372804052063,0,96,191.658813,decode,1,1473
809,192.2991686988188,192.31372804052063,0,97,191.658946,decode,1,169
809,192.2991686988188,192.31372804052063,0,98,191.659915,decode,1,588
809,192.2991686988188,192.31372804052063,0,99,192.162141,decode,1,526
810,192.31372804052063,192.32372495022247,0,79,187.66134,decode,1,407
810,192.31372804052063,192.32372495022247,0,97,191.658946,decode,1,170
810,192.31372804052063,192.32372495022247,0,98,191.659915,decode,1,589
810,192.31372804052063,192.32372495022247,0,99,192.162141,decode,1,527
811,192.32372495022247,192.3337218599243,0,79,187.66134,decode,1,408
811,192.32372495022247,192.3337218599243,0,97,191.658946,decode,1,171
811,192.32372495022247,192.3337218599243,0,98,191.659915,decode,1,590
811,192.32372495022247,192.3337218599243,0,99,192.162141,decode,1,528
812,192.3337218599243,192.34371876962615,0,79,187.66134,decode,1,409
812,192.3337218599243,192.34371876962615,0,97,191.658946,decode,1,172
812,192.3337218599243,192.34371876962615,0,98,191.659915,decode,1,591
812,192.3337218599243,192.34371876962615,0,99,192.162141,decode,1,529
813,192.34371876962615,192.353715679328,0,79,187.66134,decode,1,410
813,192.34371876962615,192.353715679328,0,97,191.658946,decode,1,173
813,192.34371876962615,192.353715679328,0,98,191.659915,decode,1,592
813,192.34371876962615,192.353715679328,0,99,192.162141,decode,1,530
814,192.353715679328,192.36371258902983,0,79,187.66134,decode,1,411
814,192.353715679328,192.36371258902983,0,97,191.658946,decode,1,174
814,192.353715679328,192.36371258902983,0,98,191.659915,decode,1,593
814,192.353715679328,192.36371258902983,0,99,192.162141,decode,1,531
815,192.36371258902983,192.40072563270908,0,79,187.66134,decode,1,412
815,192.36371258902983,192.40072563270908,0,97,191.658946,decode,1,175
815,192.36371258902983,192.40072563270908,0,98,191.659915,decode,1,594
815,192.36371258902983,192.40072563270908,0,100,192.354682,prefill,61,0
815,192.36371258902983,192.40072563270908,0,101,192.355804,prefill,448,0
816,192.40072563270908,192.43942375372168,0,79,187.66134,decode,1,413
816,192.40072563270908,192.43942375372168,0,97,191.658946,decode,1,176
816,192.40072563270908,192.43942375372168,0,98,191.659915,decode,1,595
816,192.40072563270908,192.43942375372168,0,100,192.354682,decode,1,62
816,192.40072563270908,192.43942375372168,0,101,192.355804,prefill,508,448
817,192.43942375372168,192.47902395473426,0,79,187.66134,decode,1,414
817,192.43942375372168,192.47902395473426,0,97,191.658946,decode,1,177
817,192.43942375372168,192.47902395473426,0,98,191.659915,decode,1,596
817,192.43942375372168,192.47902395473426,0,100,192.354682,decode,1,63
817,192.43942375372168,192.47902395473426,0,101,192.355804,prefill,508,956
818,192.47902395473426,192.5173673024135,0,79,187.66134,decode,1,415
818,192.47902395473426,192.5173673024135,0,97,191.658946,decode,1,178
818,192.47902395473426,192.5173673024135,0,98,191.659915,decode,1,597
818,192.47902395473426,192.5173673024135,0,100,192.354682,decode,1,64
818,192.47902395473426,192.5173673024135,0,101,192.355804,prefill,260,1464
818,192.47902395473426,192.5173673024135,0,102,192.363941,prefill,248,0
819,192.5173673024135,192.55633465009277,0,79,187.66134,decode,1,416
819,192.5173673024135,192.55633465009277,0,97,191.658946,decode,1,179
819,192.5173673024135,192.55633465009277,0,98,191.659915,decode,1,598
819,192.5173673024135,192.55633465009277,0,100,192.354682,decode,1,65
819,192.5173673024135,192.55633465009277,0,101,192.355804,decode,1,1725
819,192.5173673024135,192.55633465009277,0,102,192.363941,prefill,507,248
820,192.55633465009277,192.59658495030536,0,79,187.66134,decode,1,417
820,192.55633465009277,192.59658495030536,0,97,191.658946,decode,1,180
820,192.55633465009277,192.59658495030536,0,98,191.659915,decode,1,599
820,192.55633465009277,192.59658495030536,0,100,192.354682,decode,1,66
820,192.55633465009277,192.59658495030536,0,101,192.355804,decode,1,1726
820,192.55633465009277,192.59658495030536,0,102,192.363941,prefill,507,755
821,192.59658495030536,192.6380239779846,0,79,187.66134,decode,1,418
821,192.59658495030536,192.6380239779846,0,97,191.658946,decode,1,181
821,192.59658495030536,192.6380239779846,0,98,191.659915,decode,1,600
821,192.59658495030536,192.6380239779846,0,100,192.354682,decode,1,67
821,192.59658495030536,192.6380239779846,0,101,192.355804,decode,1,1727
821,192.59658495030536,192.6380239779846,0,102,192.363941,prefill,507,1262
822,192.6380239779846,192.68012438166386,0,79,187.66134,decode,1,419
822,192.6380239779846,192.68012438166386,0,98,191.659915,decode,1,601
822,192.6380239779846,192.68012438166386,0,100,192.354682,decode,1,68
822,192.6380239779846,192.68012438166386,0,101,192.355804,decode,1,1728
822,192.6380239779846,192.68012438166386,0,102,192.363941,prefill,122,1769
822,192.6380239779846,192.68012438166386,0,103,192.363964,prefill,386,0
823,192.68012438166386,192.72016765467646,0,79,187.66134,decode,1,420
823,192.68012438166386,192.72016765467646,0,98,191.659915,decode,1,602
823,192.68012438166386,192.72016765467646,0,100,192.354682,decode,1,69
823,192.68012438166386,192.72016765467646,0,101,192.355804,decode,1,1729
823,192.68012438166386,192.72016765467646,0,102,192.363941,decode,1,1892
823,192.68012438166386,192.72016765467646,0,103,192.363964,prefill,507,386
824,192.72016765467646,192.76124382368906,0,79,187.66134,decode,1,421
824,192.72016765467646,192.76124382368906,0,98,191.659915,decode,1,603
824,192.72016765467646,192.76124382368906,0,101,192.355804,decode,1,1730
824,192.72016765467646,192.76124382368906,0,102,192.363941,decode,1,1893
824,192.72016765467646,192.76124382368906,0,103,192.363964,prefill,508,893
825,192.76124382368906,192.80363325136832,0,79,187.66134,decode,1,422
825,192.76124382368906,192.80363325136832,0,98,191.659915,decode,1,604
825,192.76124382368906,192.80363325136832,0,101,192.355804,decode,1,1731
825,192.76124382368906,192.80363325136832,0,102,192.363941,decode,1,1894
825,192.76124382368906,192.80363325136832,0,103,192.363964,prefill,508,1401
826,192.80363325136832,192.84720207104758,0,79,187.66134,decode,1,423
826,192.80363325136832,192.84720207104758,0,98,191.659915,decode,1,605
826,192.80363325136832,192.84720207104758,0,101,192.355804,decode,1,1732
826,192.80363325136832,192.84720207104758,0,102,192.363941,decode,1,1895
826,192.80363325136832,192.84720207104758,0,103,192.363964,prefill,508,1909
827,192.84720207104758,192.89127841072684,0,79,187.66134,decode,1,424
827,192.84720207104758,192.89127841072684,0,98,191.659915,decode,1,606
827,192.84720207104758,192.89127841072684,0,101,192.355804,decode,1,1733
827,192.84720207104758,192.89127841072684,0,102,192.363941,decode,1,1896
827,192.84720207104758,192.89127841072684,0,103,192.363964,prefill,90,2417
827,192.84720207104758,192.89127841072684,0,104,192.457899,prefill,418,0
828,192.89127841072684,192.93208571573942,0,79,187.66134,decode,1,425
828,192.89127841072684,192.93208571573942,0,98,191.659915,decode,1,607
828,192.89127841072684,192.93208571573942,0,101,192.355804,decode,1,1734
828,192.89127841072684,192.93208571573942,0,102,192.363941,decode,1,1897
828,192.89127841072684,192.93208571573942,0,103,192.363964,decode,1,2508
828,192.89127841072684,192.93208571573942,0,104,192.457899,prefill,507,418
829,192.93208571573942,192.972970268752,0,79,187.66134,decode,1,426
829,192.93208571573942,192.972970268752,0,102,192.363941,decode,1,1898
829,192.93208571573942,192.972970268752,0,103,192.363964,decode,1,2509
829,192.93208571573942,192.972970268752,0,104,192.457899,prefill,509,925
830,192.972970268752,193.01497083243126,0,79,187.66134,decode,1,427
830,192.972970268752,193.01497083243126,0,102,192.363941,decode,1,1899
830,192.972970268752,193.01497083243126,0,103,192.363964,decode,1,2510
830,192.972970268752,193.01497083243126,0,104,192.457899,prefill,509,1434
831,193.01497083243126,193.05516352411053,0,79,187.66134,decode,1,428
831,193.01497083243126,193.05516352411053,0,102,192.363941,decode,1,1900
831,193.01497083243126,193.05516352411053,0,103,192.363964,decode,1,2511
831,193.01497083243126,193.05516352411053,0,104,192.457899,prefill,204,1943
831,193.01497083243126,193.05516352411053,0,105,192.457989,prefill,305,0
832,193.05516352411053,193.0959686957898,0,79,187.66134,decode,1,429
832,193.05516352411053,193.0959686957898,0,102,192.363941,decode,1,1901
832,193.05516352411053,193.0959686957898,0,103,192.363964,decode,1,2512
832,193.05516352411053,193.0959686957898,0,104,192.457899,decode,1,2148
832,193.05516352411053,193.0959686957898,0,105,192.457989,prefill,508,305
833,193.0959686957898,193.13653313146904,0,79,187.66134,decode,1,430
833,193.0959686957898,193.13653313146904,0,102,192.363941,decode,1,1902
833,193.0959686957898,193.13653313146904,0,104,192.457899,decode,1,2149
833,193.0959686957898,193.13653313146904,0,105,192.457989,prefill,509,813
834,193.13653313146904,193.1781578871483,0,79,187.66134,decode,1,431
834,193.13653313146904,193.1781578871483,0,102,192.363941,decode,1,1903
834,193.13653313146904,193.1781578871483,0,104,192.457899,decode,1,2150
834,193.13653313146904,193.1781578871483,0,105,192.457989,prefill,509,1322
835,193.1781578871483,193.22121253082756,0,79,187.66134,decode,1,432
835,193.1781578871483,193.22121253082756,0,102,192.363941,decode,1,1904
835,193.1781578871483,193.22121253082756,0,104,192.457899,decode,1,2151
835,193.1781578871483,193.22121253082756,0,105,192.457989,prefill,509,1831
836,193.22121253082756,193.2648148865068,0,79,187.66134,decode,1,433
836,193.22121253082756,193.2648148865068,0,102,192.363941,decode,1,1905
836,193.22121253082756,193.2648148865068,0,104,192.457899,decode,1,2152
836,193.22121253082756,193.2648148865068,0,105,192.457989,prefill,509,2340
837,193.2648148865068,193.30539580218604,0,79,187.66134,decode,1,434
837,193.2648148865068,193.30539580218604,0,102,192.363941,decode,1,1906
837,193.2648148865068,193.30539580218604,0,104,192.457899,decode,1,2153
837,193.2648148865068,193.30539580218604,0,105,192.457989,prefill,217,2849
837,193.2648148865068,193.30539580218604,0,106,192.460539,prefill,118,0
837,193.2648148865068,193.30539580218604,0,107,192.460589,prefill,174,0
838,193.30539580218604,193.3454743882653,0,79,187.66134,decode,1,435
838,193.30539580218604,193.3454743882653,0,104,192.457899,decode,1,2154
838,193.30539580218604,193.3454743882653,0,105,192.457989,decode,1,3067
838,193.30539580218604,193.3454743882653,0,106,192.460539,decode,1,119
838,193.30539580218604,193.3454743882653,0,107,192.460589,prefill,508,174
839,193.3454743882653,193.38651321967788,0,79,187.66134,decode,1,436
839,193.3454743882653,193.38651321967788,0,104,192.457899,decode,1,2155
839,193.3454743882653,193.38651321967788,0,105,192.457989,decode,1,3068
839,193.3454743882653,193.38651321967788,0,106,192.460539,decode,1,120
839,193.3454743882653,193.38651321967788,0,107,192.460589,prefill,508,682
840,193.38651321967788,193.42859570335713,0,79,187.66134,decode,1,437
840,193.38651321967788,193.42859570335713,0,104,192.457899,decode,1,2156
840,193.38651321967788,193.42859570335713,0,105,192.457989,decode,1,3069
840,193.38651321967788,193.42859570335713,0,106,192.460539,decode,1,121
840,193.38651321967788,193.42859570335713,0,107,192.460589,prefill,508,1190
841,193.42859570335713,193.4717290670364,0,79,187.66134,decode,1,438
841,193.42859570335713,193.4717290670364,0,104,192.457899,decode,1,2157
841,193.42859570335713,193.4717290670364,0,105,192.457989,decode,1,3070
841,193.42859570335713,193.4717290670364,0,106,192.460539,decode,1,122
841,193.42859570335713,193.4717290670364,0,107,192.460589,prefill,508,1698
842,193.4717290670364,193.51569609471565,0,79,187.66134,decode,1,439
842,193.4717290670364,193.51569609471565,0,104,192.457899,decode,1,2158
842,193.4717290670364,193.51569609471565,0,105,192.457989,decode,1,3071
842,193.4717290670364,193.51569609471565,0,106,192.460539,decode,1,123
842,193.4717290670364,193.51569609471565,0,107,192.460589,prefill,451,2206
842,193.4717290670364,193.51569609471565,0,108,192.461721,prefill,57,0
843,193.51569609471565,193.5553932343949,0,79,187.66134,decode,1,440
843,193.51569609471565,193.5553932343949,0,104,192.457899,decode,1,2159
843,193.51569609471565,193.5553932343949,0,106,192.460539,decode,1,124
843,193.51569609471565,193.5553932343949,0,107,192.460589,decode,1,2658
843,193.51569609471565,193.5553932343949,0,108,192.461721,prefill,508,57
844,193.5553932343949,193.59618951007414,0,79,187.66134,decode,1,441
844,193.5553932343949,193.59618951007414,0,104,192.457899,decode,1,2160
844,193.5553932343949,193.59618951007414,0,106,192.460539,decode,1,125
844,193.5553932343949,193.59618951007414,0,107,192.460589,decode,1,2659
844,193.5553932343949,193.59618951007414,0,108,192.461721,prefill,508,565
845,193.59618951007414,193.63798503482005,0,79,187.66134,decode,1,442
845,193.59618951007414,193.63798503482005,0,104,192.457899,decode,1,2161
845,193.59618951007414,193.63798503482005,0,106,192.460539,decode,1,126
845,193.59618951007414,193.63798503482005,0,107,192.460589,decode,1,2660
845,193.59618951007414,193.63798503482005,0,108,192.461721,prefill,508,1073
846,193.63798503482005,193.6802587504993,0,79,187.66134,decode,1,443
846,193.63798503482005,193.6802587504993,0,104,192.457899,decode,1,2162
846,193.63798503482005,193.6802587504993,0,107,192.460589,decode,1,2661
846,193.63798503482005,193.6802587504993,0,108,192.461721,prefill,509,1581
847,193.6802587504993,193.72360165017855,0,79,187.66134,decode,1,444
847,193.6802587504993,193.72360165017855,0,104,192.457899,decode,1,2163
847,193.6802587504993,193.72360165017855,0,107,192.460589,decode,1,2662
847,193.6802587504993,193.72360165017855,0,108,192.461721,prefill,509,2090
848,193.72360165017855,193.76819702985782,0,79,187.66134,decode,1,445
848,193.72360165017855,193.76819702985782,0,104,192.457899,decode,1,2164
848,193.72360165017855,193.76819702985782,0,107,192.460589,decode,1,2663
848,193.72360165017855,193.76819702985782,0,108,192.461721,prefill,509,2599
849,193.76819702985782,193.81360768420373,0,79,187.66134,decode,1,446
849,193.76819702985782,193.81360768420373,0,104,192.457899,decode,1,2165
849,193.76819702985782,193.81360768420373,0,107,192.460589,decode,1,2664
849,193.76819702985782,193.81360768420373,0,108,192.461721,prefill,509,3108
850,193.81360768420373,193.859911991883,0,79,187.66134,decode,1,447
850,193.81360768420373,193.859911991883,0,104,192.457899,decode,1,2166
850,193.81360768420373,193.859911991883,0,107,192.460589,decode,1,2665
850,193.81360768420373,193.859911991883,0,108,192.461721,prefill,454,3617
850,193.81360768420373,193.859911991883,0,109,192.560864,prefill,55,0
851,193.859911991883,193.90094903556226,0,79,187.66134,decode,1,448
851,193.859911991883,193.90094903556226,0,104,192.457899,decode,1,2167
851,193.859911991883,193.90094903556226,0,107,192.460589,decode,1,2666
851,193.859911991883,193.90094903556226,0,108,192.461721,decode,1,4072
851,193.859911991883,193.90094903556226,0,109,192.560864,prefill,508,55
852,193.90094903556226,193.94308521524152,0,79,187.66134,decode,1,449
852,193.90094903556226,193.94308521524152,0,104,192.457899,decode,1,2168
852,193.90094903556226,193.94308521524152,0,107,192.460589,decode,1,2667
852,193.90094903556226,193.94308521524152,0,108,192.461721,decode,1,4073
852,193.90094903556226,193.94308521524152,0,109,192.560864,prefill,508,563
853,193.94308521524152,193.98427197198745,0,79,187.66134,decode,1,450
853,193.94308521524152,193.98427197198745,0,108,192.461721,decode,1,4074
853,193.94308521524152,193.98427197198745,0,109,192.560864,prefill,510,1071
854,193.98427197198745,194.0263885036667,0,79,187.66134,decode,1,451
854,193.98427197198745,194.0263885036667,0,108,192.461721,decode,1,4075
854,193.98427197198745,194.0263885036667,0,109,192.560864,prefill,510,1581
855,194.0263885036667,194.06957421934595,0,79,187.66134,decode,1,452
855,194.0263885036667,194.06957421934595,0,108,192.461721,decode,1,4076
855,194.0263885036667,194.06957421934595,0,109,192.560864,prefill,510,2091
856,194.06957421934595,194.1140124150252,0,79,187.66134,decode,1,453
856,194.06957421934595,194.1140124150252,0,108,192.461721,decode,1,4077
856,194.06957421934595,194.1140124150252,0,109,192.560864,prefill,510,2601
857,194.1140124150252,194.15926588537113,0,79,187.66134,decode,1,454
857,194.1140124150252,194.15926588537113,0,108,192.461721,decode,1,4078
857,194.1140124150252,194.15926588537113,0,109,192.560864,prefill,510,3111
858,194.15926588537113,194.20146062505037,0,79,187.66134,decode,1,455
858,194.15926588537113,194.20146062505037,0,108,192.461721,decode,1,4079
858,194.15926588537113,194.20146062505037,0,109,192.560864,prefill,354,3621
858,194.15926588537113,194.20146062505037,0,110,192.563059,prefill,156,0
859,194.20146062505037,194.24204276312963,0,79,187.66134,decode,1,456
859,194.20146062505037,194.24204276312963,0,108,192.461721,decode,1,4080
859,194.20146062505037,194.24204276312963,0,109,192.560864,decode,1,3976
859,194.20146062505037,194.24204276312963,0,110,192.563059,prefill,509,156
860,194.24204276312963,194.2835851465422,0,79,187.66134,decode,1,457
860,194.24204276312963,194.2835851465422,0,108,192.461721,decode,1,4081
860,194.24204276312963,194.2835851465422,0,109,192.560864,decode,1,3977
860,194.24204276312963,194.2835851465422,0,110,192.563059,prefill,509,665
861,194.2835851465422,194.32617118222146,0,79,187.66134,decode,1,458
861,194.2835851465422,194.32617118222146,0,108,192.461721,decode,1,4082
861,194.2835851465422,194.32617118222146,0,109,192.560864,decode,1,3978
861,194.2835851465422,194.32617118222146,0,110,192.563059,prefill,509,1174
862,194.32617118222146,194.36980809790072,0,79,187.66134,decode,1,459
862,194.32617118222146,194.36980809790072,0,108,192.461721,decode,1,4083
862,194.32617118222146,194.36980809790072,0,109,192.560864,decode,1,3979
862,194.32617118222146,194.36980809790072,0,110,192.563059,prefill,509,1683
863,194.36980809790072,194.41445518957997,0,79,187.66134,decode,1,460
863,194.36980809790072,194.41445518957997,0,108,192.461721,decode,1,4084
863,194.36980809790072,194.41445518957997,0,109,192.560864,decode,1,3980
863,194.36980809790072,194.41445518957997,0,110,192.563059,prefill,509,2192
864,194.41445518957997,194.46056320925922,0,79,187.66134,decode,1,461
864,194.41445518957997,194.46056320925922,0,108,192.461721,decode,1,4085
864,194.41445518957997,194.46056320925922,0,109,192.560864,decode,1,3981
864,194.41445518957997,194.46056320925922,0,110,192.563059,prefill,509,2701
865,194.46056320925922,194.50715816227182,0,108,192.461721,decode,1,4086
865,194.46056320925922,194.50715816227182,0,109,192.560864,decode,1,3982
865,194.46056320925922,194.50715816227182,0,110,192.563059,prefill,510,3210
866,194.50715816227182,194.55042950995107,0,108,192.461721,decode,1,4087
866,194.50715816227182,194.55042950995107,0,109,192.560864,decode,1,3983
866,194.50715816227182,194.55042950995107,0,110,192.563059,prefill,370,3720
866,194.50715816227182,194.55042950995107,0,111,192.655198,prefill,140,0
867,194.55042950995107,194.56435430729738,0,108,192.461721,decode,1,4088
867,194.55042950995107,194.56435430729738,0,109,192.560864,decode,1,3984
867,194.55042950995107,194.56435430729738,0,110,192.563059,decode,1,4091
867,194.55042950995107,194.56435430729738,0,111,192.655198,prefill,9,140
868,194.56435430729738,194.57839217699924,0,108,192.461721,decode,1,4089
868,194.56435430729738,194.57839217699924,0,109,192.560864,decode,1,3985
868,194.56435430729738,194.57839217699924,0,110,192.563059,decode,1,4092
868,194.56435430729738,194.57839217699924,0,111,192.655198,decode,1,150
869,194.57839217699924,194.5924300467011,0,108,192.461721,decode,1,4090
869,194.57839217699924,194.5924300467011,0,109,192.560864,decode,1,3986
869,194.57839217699924,194.5924300467011,0,110,192.563059,decode,1,4093
869,194.57839217699924,194.5924300467011,0,111,192.655198,decode,1,151
870,194.5924300467011,194.60646791640298,0,108,192.461721,decode,1,4091
870,194.5924300467011,194.60646791640298,0,109,192.560864,decode,1,3987
870,194.5924300467011,194.60646791640298,0,110,192.563059,decode,1,4094
870,194.5924300467011,194.60646791640298,0,111,192.655198,decode,1,152
871,194.60646791640298,194.62050578610484,0,108,192.461721,decode,1,4092
871,194.60646791640298,194.62050578610484,0,109,192.560864,decode,1,3988
871,194.60646791640298,194.62050578610484,0,110,192.563059,decode,1,4095
871,194.60646791640298,194.62050578610484,0,111,192.655198,decode,1,153
872,194.62050578610484,194.6325394318067,0,108,192.461721,decode,1,4093
872,194.62050578610484,194.6325394318067,0,109,192.560864,decode,1,3989
872,194.62050578610484,194.6325394318067,0,111,192.655198,decode,1,154
873,194.6325394318067,194.64457307750854,0,108,192.461721,decode,1,4094
873,194.6325394318067,194.64457307750854,0,109,192.560864,decode,1,3990
873,194.6325394318067,194.64457307750854,0,111,192.655198,decode,1,155
874,194.64457307750854,194.6566067232104,0,108,192.461721,decode,1,4095
874,194.64457307750854,194.6566067232104,0,109,192.560864,decode,1,3991
874,194.64457307750854,194.6566067232104,0,111,192.655198,decode,1,156
875,194.6566067232104,194.66744203291225,0,109,192.560864,decode,1,3992
875,194.6566067232104,194.66744203291225,0,111,192.655198,decode,1,157
876,194.66744203291225,194.6782773426141,0,109,192.560864,decode,1,3993
876,194.66744203291225,194.6782773426141,0,111,192.655198,decode,1,158
877,194.6782773426141,194.68911265231597,0,109,192.560864,decode,1,3994
877,194.6782773426141,194.68911265231597,0,111,192.655198,decode,1,159
878,194.68911265231597,194.69994796201783,0,109,192.560864,decode,1,3995
878,194.68911265231597,194.69994796201783,0,111,192.655198,decode,1,160
879,194.69994796201783,194.7107832717197,0,109,192.560864,decode,1,3996
879,194.69994796201783,194.7107832717197,0,111,192.655198,decode,1,161
880,194.7107832717197,194.72161858142155,0,109,192.560864,decode,1,3997
880,194.7107832717197,194.72161858142155,0,111,192.655198,decode,1,162
881,194.72161858142155,194.7324538911234,0,109,192.560864,decode,1,3998
881,194.72161858142155,194.7324538911234,0,111,192.655198,decode,1,163
882,194.7324538911234,194.74328920082527,0,109,192.560864,decode,1,3999
882,194.7324538911234,194.74328920082527,0,111,192.655198,decode,1,164
883,194.74328920082527,194.75412451052713,0,109,192.560864,decode,1,4000
883,194.74328920082527,194.75412451052713,0,111,192.655198,decode,1,165
884,194.75412451052713,194.764959820229,0,109,192.560864,decode,1,4001
884,194.75412451052713,194.764959820229,0,111,192.655198,decode,1,166
885,194.764959820229,194.77579512993086,0,109,192.560864,decode,1,4002
885,194.764959820229,194.77579512993086,0,111,192.655198,decode,1,167
886,194.77579512993086,194.78663043963272,0,109,192.560864,decode,1,4003
886,194.77579512993086,194.78663043963272,0,111,192.655198,decode,1,168
887,194.78663043963272,194.79741173333457,0,109,192.560864,decode,1,4004
888,194.79741173333457,194.80819302703642,0,109,192.560864,decode,1,4005
889,194.80819302703642,194.81897432073828,0,109,192.560864,decode,1,4006
890,194.81897432073828,194.82975561444013,0,109,192.560864,decode,1,4007
891,194.82975561444013,194.84053690814198,0,109,192.560864,decode,1,4008
892,194.84053690814198,194.85131820184384,0,109,192.560864,decode,1,4009
893,194.85131820184384,194.8620994955457,0,109,192.560864,decode,1,4010
894,194.8620994955457,194.87288078924755,0,109,192.560864,decode,1,4011
895,194.87288078924755,194.8836620829494,0,109,192.560864,decode,1,4012
896,194.8836620829494,194.89444337665125,0,109,192.560864,decode,1,4013
897,194.89444337665125,194.9052246703531,0,109,192.560864,decode,1,4014
898,194.9052246703531,194.91600596405496,0,109,192.560864,decode,1,4015
899,194.91600596405496,194.9267872577568,0,109,192.560864,decode,1,4016
900,194.9267872577568,194.93756855145867,0,109,192.560864,decode,1,4017
901,194.93756855145867,194.94834984516052,0,109,192.560864,decode,1,4018
902,194.94834984516052,194.95913113886238,0,109,192.560864,decode,1,4019
903,194.95913113886238,194.96991243256423,0,109,192.560864,decode,1,4020
904,194.96991243256423,194.98069372626608,0,109,192.560864,decode,1,4021
905,194.98069372626608,194.99147501996794,0,109,192.560864,decode,1,4022
906,194.99147501996794,195.0022563136698,0,109,192.560864,decode,1,4023
907,195.0022563136698,195.01303760737164,0,109,192.560864,decode,1,4024
908,195.01303760737164,195.0238189010735,0,109,192.560864,decode,1,4025
909,195.0238189010735,195.03460019477535,0,109,192.560864,decode,1,4026
910,195.03460019477535,195.0453814884772,0,109,192.560864,decode,1,4027
911,195.0453814884772,195.05616278217906,0,109,192.560864,decode,1,4028
912,195.05616278217906,195.0669440758809,0,109,192.560864,decode,1,4029
913,195.0669440758809,195.07772536958277,0,109,192.560864,decode,1,4030
914,195.07772536958277,195.08850666328462,0,109,192.560864,decode,1,4031
915,195.08850666328462,195.09928795698647,0,109,192.560864,decode,1,4032
916,195.09928795698647,195.11006925068833,0,109,192.560864,decode,1,4033
917,195.11006925068833,195.12085054439018,0,109,192.560864,decode,1,4034
918,195.12085054439018,195.13163183809203,0,109,192.560864,decode,1,4035
919,195.13163183809203,195.1424131317939,0,109,192.560864,decode,1,4036
920,195.1424131317939,195.15319442549574,0,109,192.560864,decode,1,4037
921,195.15319442549574,195.1639757191976,0,109,192.560864,decode,1,4038
922,195.1639757191976,195.17475701289945,0,109,192.560864,decode,1,4039
923,195.17475701289945,195.1855383066013,0,109,192.560864,decode,1,4040
924,195.1855383066013,195.19631960030316,0,109,192.560864,decode,1,4041
925,195.19631960030316,195.207100894005,0,109,192.560864,decode,1,4042
926,195.207100894005,195.21788218770686,0,109,192.560864,decode,1,4043
927,195.21788218770686,195.22866348140872,0,109,192.560864,decode,1,4044
928,195.22866348140872,195.23944477511057,0,109,192.560864,decode,1,4045
929,195.23944477511057,195.25022606881242,0,109,192.560864,decode,1,4046
930,195.25022606881242,195.26100736251428,0,109,192.560864,decode,1,4047
931,195.26100736251428,195.27178865621613,0,109,192.560864,decode,1,4048
932,195.27178865621613,195.3103520358954,0,109,192.560864,decode,1,4049
932,195.27178865621613,195.3103520358954,0,112,195.262628,prefill,511,0
933,195.3103520358954,195.35015586357466,0,109,192.560864,decode,1,4050
933,195.3103520358954,195.35015586357466,0,112,195.262628,prefill,511,511
934,195.35015586357466,195.3910398690317,0,109,192.560864,decode,1,4051
934,195.35015586357466,195.3910398690317,0,112,195.262628,prefill,511,1022
935,195.3910398690317,195.43324894471095,0,109,192.560864,decode,1,4052
935,195.3910398690317,195.43324894471095,0,112,195.262628,prefill,511,1533
936,195.43324894471095,195.4764387563902,0,109,192.560864,decode,1,4053
936,195.43324894471095,195.4764387563902,0,112,195.262628,prefill,511,2044
937,195.4764387563902,195.52099266406944,0,109,192.560864,decode,1,4054
937,195.4764387563902,195.52099266406944,0,112,195.262628,prefill,511,2555
938,195.52099266406944,195.5663714037487,0,109,192.560864,decode,1,4055
938,195.52099266406944,195.5663714037487,0,112,195.262628,prefill,511,3066
939,195.5663714037487,195.61217599942793,0,109,192.560864,decode,1,4056
939,195.5663714037487,195.61217599942793,0,112,195.262628,prefill,81,3577
939,195.5663714037487,195.61217599942793,0,113,195.361958,prefill,430,0
940,195.61217599942793,195.6530426964405,0,109,192.560864,decode,1,4057
940,195.61217599942793,195.6530426964405,0,112,195.262628,decode,1,3659
940,195.61217599942793,195.6530426964405,0,113,195.361958,prefill,510,430
941,195.6530426964405,195.6948114734531,0,109,192.560864,decode,1,4058
941,195.6530426964405,195.6948114734531,0,112,195.262628,decode,1,3660
941,195.6530426964405,195.6948114734531,0,113,195.361958,prefill,510,940
942,195.6948114734531,195.73769626113233,0,109,192.560864,decode,1,4059
942,195.6948114734531,195.73769626113233,0,112,195.262628,decode,1,3661
942,195.6948114734531,195.73769626113233,0,113,195.361958,prefill,510,1450
943,195.73769626113233,195.7816644408116,0,109,192.560864,decode,1,4060
943,195.73769626113233,195.7816644408116,0,112,195.262628,decode,1,3662
943,195.73769626113233,195.7816644408116,0,113,195.361958,prefill,510,1960
944,195.7816644408116,195.82656817249085,0,109,192.560864,decode,1,4061
944,195.7816644408116,195.82656817249085,0,112,195.262628,decode,1,3663
944,195.7816644408116,195.82656817249085,0,113,195.361958,prefill,510,2470
945,195.82656817249085,195.8711447361701,0,109,192.560864,decode,1,4062
945,195.82656817249085,195.8711447361701,0,113,195.361958,prefill,417,2980
945,195.82656817249085,195.8711447361701,0,114,195.362098,prefill,94,0
946,195.8711447361701,195.91123953984936,0,109,192.560864,decode,1,4063
946,195.8711447361701,195.91123953984936,0,113,195.361958,decode,1,3398
946,195.8711447361701,195.91123953984936,0,114,195.362098,prefill,510,94
947,195.91123953984936,195.95238770779528,0,109,192.560864,decode,1,4064
947,195.91123953984936,195.95238770779528,0,113,195.361958,decode,1,3399
947,195.91123953984936,195.95238770779528,0,114,195.362098,prefill,510,604
948,195.95238770779528,195.99473370080787,0,109,192.560864,decode,1,4065
948,195.95238770779528,195.99473370080787,0,113,195.361958,decode,1,3400
948,195.95238770779528,195.99473370080787,0,114,195.362098,prefill,510,1114
949,195.99473370080787,196.03830431248713,0,109,192.560864,decode,1,4066
949,195.99473370080787,196.03830431248713,0,113,195.361958,decode,1,3401
949,195.99473370080787,196.03830431248713,0,114,195.362098,prefill,510,1624
950,196.03830431248713,196.08296343616638,0,109,192.560864,decode,1,4067
950,196.03830431248713,196.08296343616638,0,113,195.361958,decode,1,3402
950,196.03830431248713,196.08296343616638,0,114,195.362098,prefill,510,2134
951,196.08296343616638,196.12869871984563,0,109,192.560864,decode,1,4068
951,196.08296343616638,196.12869871984563,0,113,195.361958,decode,1,3403
951,196.08296343616638,196.12869871984563,0,114,195.362098,prefill,510,2644
952,196.12869871984563,196.17463050485821,0,109,192.560864,decode,1,4069
952,196.12869871984563,196.17463050485821,0,114,195.362098,prefill,511,3154
953,196.17463050485821,196.22048246053748,0,109,192.560864,decode,1,4070
953,196.17463050485821,196.22048246053748,0,114,195.362098,prefill,410,3665
953,196.17463050485821,196.22048246053748,0,115,195.36316,prefill,101,0
954,196.22048246053748,196.26069054421674,0,109,192.560864,decode,1,4071
954,196.22048246053748,196.26069054421674,0,114,195.362098,decode,1,4076
954,196.22048246053748,196.26069054421674,0,115,195.36316,prefill,510,101
955,196.26069054421674,196.30195199216266,0,109,192.560864,decode,1,4072
955,196.26069054421674,196.30195199216266,0,114,195.362098,decode,1,4077
955,196.26069054421674,196.30195199216266,0,115,195.36316,prefill,510,611
956,196.30195199216266,196.34441126517524,0,109,192.560864,decode,1,4073
956,196.30195199216266,196.34441126517524,0,114,195.362098,decode,1,4078
956,196.30195199216266,196.34441126517524,0,115,195.36316,prefill,510,1121
957,196.34441126517524,196.38521374885448,0,109,192.560864,decode,1,4074
957,196.34441126517524,196.38521374885448,0,114,195.362098,decode,1,4079
957,196.34441126517524,196.38521374885448,0,115,195.36316,prefill,263,1631
957,196.34441126517524,196.38521374885448,0,116,195.454183,prefill,247,0
958,196.38521374885448,196.42617341653374,0,109,192.560864,decode,1,4075
958,196.38521374885448,196.42617341653374,0,114,195.362098,decode,1,4080
958,196.38521374885448,196.42617341653374,0,115,195.36316,decode,1,1895
958,196.38521374885448,196.42617341653374,0,116,195.454183,prefill,509,247
959,196.42617341653374,196.46841603674633,0,109,192.560864,decode,1,4076
959,196.42617341653374,196.46841603674633,0,114,195.362098,decode,1,4081
959,196.42617341653374,196.46841603674633,0,115,195.36316,decode,1,1896
959,196.42617341653374,196.46841603674633,0,116,195.454183,prefill,509,756
960,196.46841603674633,196.51184738442558,0,109,192.560864,decode,1,4077
960,196.46841603674633,196.51184738442558,0,114,195.362098,decode,1,4082
960,196.46841603674633,196.51184738442558,0,115,195.36316,decode,1,1897
960,196.46841603674633,196.51184738442558,0,116,195.454183,prefill,509,1265
961,196.51184738442558,196.55649319610484,0,109,192.560864,decode,1,4078
961,196.51184738442558,196.55649319610484,0,114,195.362098,decode,1,4083
961,196.51184738442558,196.55649319610484,0,115,195.36316,decode,1,1898
961,196.51184738442558,196.55649319610484,0,116,195.454183,prefill,509,1774
962,196.55649319610484,196.5987203197841,0,109,192.560864,decode,1,4079
962,196.55649319610484,196.5987203197841,0,114,195.362098,decode,1,4084
962,196.55649319610484,196.5987203197841,0,115,195.36316,decode,1,1899
962,196.55649319610484,196.5987203197841,0,116,195.454183,prefill,364,2283
962,196.55649319610484,196.5987203197841,0,117,195.462959,prefill,145,0
963,196.5987203197841,196.63973400346336,0,109,192.560864,decode,1,4080
963,196.5987203197841,196.63973400346336,0,114,195.362098,decode,1,4085
963,196.5987203197841,196.63973400346336,0,115,195.36316,decode,1,1900
963,196.5987203197841,196.63973400346336,0,116,195.454183,decode,1,2648
963,196.5987203197841,196.63973400346336,0,117,195.462959,prefill,24,145
963,196.5987203197841,196.63973400346336,0,118,195.55988,prefill,138,0
963,196.5987203197841,196.63973400346336,0,119,195.656327,prefill,346,0
964,196.63973400346336,196.68161424714262,0,109,192.560864,decode,1,4081
964,196.63973400346336,196.68161424714262,0,114,195.362098,decode,1,4086
964,196.63973400346336,196.68161424714262,0,116,195.454183,decode,1,2649
964,196.63973400346336,196.68161424714262,0,117,195.462959,decode,1,170
964,196.63973400346336,196.68161424714262,0,118,195.55988,decode,1,139
964,196.63973400346336,196.68161424714262,0,119,195.656327,prefill,507,346
965,196.68161424714262,196.7244634721552,0,109,192.560864,decode,1,4082
965,196.68161424714262,196.7244634721552,0,114,195.362098,decode,1,4087
965,196.68161424714262,196.7244634721552,0,116,195.454183,decode,1,2650
965,196.68161424714262,196.7244634721552,0,117,195.462959,decode,1,171
965,196.68161424714262,196.7244634721552,0,118,195.55988,decode,1,140
965,196.68161424714262,196.7244634721552,0,119,195.656327,prefill,507,853
966,196.7244634721552,196.76862595583447,0,109,192.560864,decode,1,4083
966,196.7244634721552,196.76862595583447,0,114,195.362098,decode,1,4088
966,196.7244634721552,196.76862595583447,0,116,195.454183,decode,1,2651
966,196.7244634721552,196.76862595583447,0,117,195.462959,decode,1,172
966,196.7244634721552,196.76862595583447,0,118,195.55988,decode,1,141
966,196.7244634721552,196.76862595583447,0,119,195.656327,prefill,507,1360
967,196.76862595583447,196.8139678315137,0,109,192.560864,decode,1,4084
967,196.76862595583447,196.8139678315137,0,114,195.362098,decode,1,4089
967,196.76862595583447,196.8139678315137,0,116,195.454183,decode,1,2652
967,196.76862595583447,196.8139678315137,0,117,195.462959,decode,1,173
967,196.76862595583447,196.8139678315137,0,118,195.55988,decode,1,142
967,196.76862595583447,196.8139678315137,0,119,195.656327,prefill,507,1867
968,196.8139678315137,196.85999425119297,0,109,192.560864,decode,1,4085
968,196.8139678315137,196.85999425119297,0,114,195.362098,decode,1,4090
968,196.8139678315137,196.85999425119297,0,117,195.462959,decode,1,174
968,196.8139678315137,196.85999425119297,0,118,195.55988,decode,1,143
968,196.8139678315137,196.85999425119297,0,119,195.656327,prefill,508,2374
969,196.85999425119297,196.90707423887224,0,109,192.560864,decode,1,4086
969,196.85999425119297,196.90707423887224,0,114,195.362098,decode,1,4091
969,196.85999425119297,196.90707423887224,0,117,195.462959,decode,1,175
969,196.85999425119297,196.90707423887224,0,118,195.55988,decode,1,144
969,196.85999425119297,196.90707423887224,0,119,195.656327,prefill,508,2882
970,196.90707423887224,196.9545982585515,0,109,192.560864,decode,1,4087
970,196.90707423887224,196.9545982585515,0,114,195.362098,decode,1,4092
970,196.90707423887224,196.9545982585515,0,117,195.462959,decode,1,176
970,196.90707423887224,196.9545982585515,0,118,195.55988,decode,1,145
970,196.90707423887224,196.9545982585515,0,119,195.656327,prefill,508,3390
971,196.9545982585515,196.99803562223076,0,109,192.560864,decode,1,4088
971,196.9545982585515,196.99803562223076,0,114,195.362098,decode,1,4093
971,196.9545982585515,196.99803562223076,0,117,195.462959,decode,1,177
971,196.9545982585515,196.99803562223076,0,118,195.55988,decode,1,146
971,196.9545982585515,196.99803562223076,0,119,195.656327,prefill,192,3898
971,196.9545982585515,196.99803562223076,0,120,195.659166,prefill,154,0
971,196.9545982585515,196.99803562223076,0,121,195.660499,prefill,162,0
972,196.99803562223076,197.03987689631,0,109,192.560864,decode,1,4089
972,196.99803562223076,197.03987689631,0,114,195.362098,decode,1,4094
972,196.99803562223076,197.03987689631,0,117,195.462959,decode,1,178
972,196.99803562223076,197.03987689631,0,118,195.55988,decode,1,147
972,196.99803562223076,197.03987689631,0,119,195.656327,decode,1,4091
972,196.99803562223076,197.03987689631,0,120,195.659166,decode,1,155
972,196.99803562223076,197.03987689631,0,121,195.660499,prefill,506,162
973,197.03987689631,197.08269029198925,0,109,192.560864,decode,1,4090
973,197.03987689631,197.08269029198925,0,114,195.362098,decode,1,4095
973,197.03987689631,197.08269029198925,0,117,195.462959,decode,1,179
973,197.03987689631,197.08269029198925,0,118,195.55988,decode,1,148
973,197.03987689631,197.08269029198925,0,119,195.656327,decode,1,4092
973,197.03987689631,197.08269029198925,0,120,195.659166,decode,1,156
973,197.03987689631,197.08269029198925,0,121,195.660499,prefill,439,668
973,197.03987689631,197.08269029198925,0,122,195.759354,prefill,67,0
974,197.08269029198925,197.1234487756685,0,109,192.560864,decode,1,4091
974,197.08269029198925,197.1234487756685,0,117,195.462959,decode,1,180
974,197.08269029198925,197.1234487756685,0,118,195.55988,decode,1,149
974,197.08269029198925,197.1234487756685,0,119,195.656327,decode,1,4093
974,197.08269029198925,197.1234487756685,0,120,195.659166,decode,1,157
974,197.08269029198925,197.1234487756685,0,121,195.660499,decode,1,1108
974,197.08269029198925,197.1234487756685,0,122,195.759354,prefill,506,67
975,197.1234487756685,197.16515167534774,0,109,192.560864,decode,1,4092
975,197.1234487756685,197.16515167534774,0,117,195.462959,decode,1,181
975,197.1234487756685,197.16515167534774,0,118,195.55988,decode,1,150
975,197.1234487756685,197.16515167534774,0,119,195.656327,decode,1,4094
975,197.1234487756685,197.16515167534774,0,120,195.659166,decode,1,158
975,197.1234487756685,197.16515167534774,0,121,195.660499,decode,1,1109
975,197.1234487756685,197.16515167534774,0,122,195.759354,prefill,506,573
976,197.16515167534774,197.20785382409366,0,109,192.560864,decode,1,4093
976,197.16515167534774,197.20785382409366,0,117,195.462959,decode,1,182
976,197.16515167534774,197.20785382409366,0,118,195.55988,decode,1,151
976,197.16515167534774,197.20785382409366,0,119,195.656327,decode,1,4095
976,197.16515167534774,197.20785382409366,0,120,195.659166,decode,1,159
976,197.16515167534774,197.20785382409366,0,121,195.660499,decode,1,1110
976,197.16515167534774,197.20785382409366,0,122,195.759354,prefill,506,1079
977,197.20785382409366,197.24804344377293,0,109,192.560864,decode,1,4094
977,197.20785382409366,197.24804344377293,0,117,195.462959,decode,1,183
977,197.20785382409366,197.24804344377293,0,118,195.55988,decode,1,152
977,197.20785382409366,197.24804344377293,0,120,195.659166,decode,1,160
977,197.20785382409366,197.24804344377293,0,121,195.660499,decode,1,1111
977,197.20785382409366,197.24804344377293,0,122,195.759354,prefill,309,1585
977,197.20785382409366,197.24804344377293,0,123,195.959029,prefill,198,0
978,197.24804344377293,197.28844746345217,0,109,192.560864,decode,1,4095
978,197.24804344377293,197.28844746345217,0,117,195.462959,decode,1,184
978,197.24804344377293,197.28844746345217,0,118,195.55988,decode,1,153
978,197.24804344377293,197.28844746345217,0,121,195.660499,decode,1,1112
978,197.24804344377293,197.28844746345217,0,122,195.759354,decode,1,1895
978,197.24804344377293,197.28844746345217,0,123,195.959029,prefill,507,198
979,197.28844746345217,197.32896835566476,0,117,195.462959,decode,1,185
979,197.28844746345217,197.32896835566476,0,118,195.55988,decode,1,154
979,197.28844746345217,197.32896835566476,0,121,195.660499,decode,1,1113
979,197.28844746345217,197.32896835566476,0,122,195.759354,decode,1,1896
979,197.28844746345217,197.32896835566476,0,123,195.959029,prefill,508,705
980,197.32896835566476,197.370268631344,0,117,195.462959,decode,1,186
980,197.32896835566476,197.370268631344,0,118,195.55988,decode,1,155
980,197.32896835566476,197.370268631344,0,121,195.660499,decode,1,1114
980,197.32896835566476,197.370268631344,0,122,195.759354,decode,1,1897
980,197.32896835566476,197.370268631344,0,123,195.959029,prefill,508,1213
981,197.370268631344,197.41261978702326,0,117,195.462959,decode,1,187
981,197.370268631344,197.41261978702326,0,118,195.55988,decode,1,156
981,197.370268631344,197.41261978702326,0,121,195.660499,decode,1,1115
981,197.370268631344,197.41261978702326,0,122,195.759354,decode,1,1898
981,197.370268631344,197.41261978702326,0,123,195.959029,prefill,508,1721
982,197.41261978702326,197.4557889907025,0,117,195.462959,decode,1,188
982,197.41261978702326,197.4557889907025,0,118,195.55988,decode,1,157
982,197.41261978702326,197.4557889907025,0,121,195.660499,decode,1,1116
982,197.41261978702326,197.4557889907025,0,122,195.759354,decode,1,1899
982,197.41261978702326,197.4557889907025,0,123,195.959029,prefill,418,2229
982,197.41261978702326,197.4557889907025,0,124,195.960524,prefill,90,0
983,197.4557889907025,197.49555304238174,0,117,195.462959,decode,1,189
983,197.4557889907025,197.49555304238174,0,118,195.55988,decode,1,158
983,197.4557889907025,197.49555304238174,0,121,195.660499,decode,1,1117
983,197.4557889907025,197.49555304238174,0,122,195.759354,decode,1,1900
983,197.4557889907025,197.49555304238174,0,123,195.959029,decode,1,2648
983,197.4557889907025,197.49555304238174,0,124,195.960524,prefill,507,90
984,197.49555304238174,197.53637045832767,0,117,195.462959,decode,1,190
984,197.49555304238174,197.53637045832767,0,118,195.55988,decode,1,159
984,197.49555304238174,197.53637045832767,0,121,195.660499,decode,1,1118
984,197.49555304238174,197.53637045832767,0,122,195.759354,decode,1,1901
984,197.49555304238174,197.53637045832767,0,123,195.959029,decode,1,2649
984,197.49555304238174,197.53637045832767,0,124,195.960524,prefill,507,597
985,197.53637045832767,197.57831680334024,0,117,195.462959,decode,1,191
985,197.53637045832767,197.57831680334024,0,118,195.55988,decode,1,160
985,197.53637045832767,197.57831680334024,0,121,195.660499,decode,1,1119
985,197.53637045832767,197.57831680334024,0,122,195.759354,decode,1,1902
985,197.53637045832767,197.57831680334024,0,123,195.959029,decode,1,2650
985,197.53637045832767,197.57831680334024,0,124,195.960524,prefill,78,1104
985,197.53637045832767,197.57831680334024,0,125,195.962219,prefill,429,0
986,197.57831680334024,197.61889434835282,0,117,195.462959,decode,1,192
986,197.57831680334024,197.61889434835282,0,118,195.55988,decode,1,161
986,197.57831680334024,197.61889434835282,0,122,195.759354,decode,1,1903
986,197.57831680334024,197.61889434835282,0,123,195.959029,decode,1,2651
986,197.57831680334024,197.61889434835282,0,124,195.960524,decode,1,1183
986,197.57831680334024,197.61889434835282,0,125,195.962219,prefill,507,429
987,197.61889434835282,197.6603739733654,0,117,195.462959,decode,1,193
987,197.61889434835282,197.6603739733654,0,118,195.55988,decode,1,162
987,197.61889434835282,197.6603739733654,0,122,195.759354,decode,1,1904
987,197.61889434835282,197.6603739733654,0,123,195.959029,decode,1,2652
987,197.61889434835282,197.6603739733654,0,124,195.960524,decode,1,1184
987,197.61889434835282,197.6603739733654,0,125,195.962219,prefill,507,936
988,197.6603739733654,197.70071642504467,0,118,195.55988,decode,1,163
988,197.6603739733654,197.70071642504467,0,122,195.759354,decode,1,1905
988,197.6603739733654,197.70071642504467,0,123,195.959029,decode,1,2653
988,197.6603739733654,197.70071642504467,0,124,195.960524,decode,1,1185
988,197.6603739733654,197.70071642504467,0,125,195.962219,prefill,207,1443
988,197.6603739733654,197.70071642504467,0,126,196.05413,prefill,301,0
989,197.70071642504467,197.74139641272393,0,118,195.55988,decode,1,164
989,197.70071642504467,197.74139641272393,0,122,195.759354,decode,1,1906
989,197.70071642504467,197.74139641272393,0,123,195.959029,decode,1,2654
989,197.70071642504467,197.74139641272393,0,124,195.960524,decode,1,1186
989,197.70071642504467,197.74139641272393,0,125,195.962219,decode,1,1651
989,197.70071642504467,197.74139641272393,0,126,196.05413,prefill,507,301
990,197.74139641272393,197.7830860964032,0,118,195.55988,decode,1,165
990,197.74139641272393,197.7830860964032,0,122,195.759354,decode,1,1907
990,197.74139641272393,197.7830860964032,0,123,195.959029,decode,1,2655
990,197.74139641272393,197.7830860964032,0,124,195.960524,decode,1,1187
990,197.74139641272393,197.7830860964032,0,125,195.962219,decode,1,1652
990,197.74139641272393,197.7830860964032,0,126,196.05413,prefill,507,808
991,197.7830860964032,197.82583610008246,0,118,195.55988,decode,1,166
991,197.7830860964032,197.82583610008246,0,122,195.759354,decode,1,1908
991,197.7830860964032,197.82583610008246,0,123,195.959029,decode,1,2656
991,197.7830860964032,197.82583610008246,0,124,195.960524,decode,1,1188
991,197.7830860964032,197.82583610008246,0,125,195.962219,decode,1,1653
991,197.7830860964032,197.82583610008246,0,126,196.05413,prefill,507,1315
992,197.82583610008246,197.87019583176172,0,122,195.759354,decode,1,1909
992,197.82583610008246,197.87019583176172,0,123,195.959029,decode,1,2657
992,197.82583610008246,197.87019583176172,0,124,195.960524,decode,1,1189
992,197.82583610008246,197.87019583176172,0,125,195.962219,decode,1,1654
992,197.82583610008246,197.87019583176172,0,126,196.05413,prefill,508,1822
993,197.87019583176172,197.91510327544097,0,122,195.759354,decode,1,1910
993,197.87019583176172,197.91510327544097,0,123,195.959029,decode,1,2658
993,197.87019583176172,197.91510327544097,0,124,195.960524,decode,1,1190
993,197.87019583176172,197.91510327544097,0,125,195.962219,decode,1,1655
993,197.87019583176172,197.91510327544097,0,126,196.05413,prefill,508,2330
994,197.91510327544097,197.95984687912022,0,122,195.759354,decode,1,1911
994,197.91510327544097,197.95984687912022,0,124,195.960524,decode,1,1191
994,197.91510327544097,197.95984687912022,0,125,195.962219,decode,1,1656
994,197.91510327544097,197.95984687912022,0,126,196.05413,prefill,509,2838
995,197.95984687912022,198.00543349079948,0,122,195.759354,decode,1,1912
995,197.95984687912022,198.00543349079948,0,124,195.960524,decode,1,1192
995,197.95984687912022,198.00543349079948,0,125,195.962219,decode,1,1657
995,197.95984687912022,198.00543349079948,0,126,196.05413,prefill,52,3347
995,197.95984687912022,198.00543349079948,0,127,196.055315,prefill,457,0
996,198.00543349079948,198.04385031047872,0,124,195.960524,decode,1,1193
996,198.00543349079948,198.04385031047872,0,125,195.962219,decode,1,1658
996,198.00543349079948,198.04385031047872,0,126,196.05413,decode,1,3400
996,198.00543349079948,198.04385031047872,0,127,196.055315,prefill,69,457
996,198.00543349079948,198.04385031047872,0,128,196.256081,prefill,152,0
996,198.00543349079948,198.04385031047872,0,129,196.259772,prefill,288,0
997,198.04385031047872,198.08434815415796,0,124,195.960524,decode,1,1194
997,198.04385031047872,198.08434815415796,0,125,195.962219,decode,1,1659
997,198.04385031047872,198.08434815415796,0,126,196.05413,decode,1,3401
997,198.04385031047872,198.08434815415796,0,127,196.055315,decode,1,527
997,198.04385031047872,198.08434815415796,0,128,196.256081,decode,1,153
997,198.04385031047872,198.08434815415796,0,129,196.259772,prefill,507,288
998,198.08434815415796,198.12585569383722,0,124,195.960524,decode,1,1195
998,198.08434815415796,198.12585569383722,0,125,195.962219,decode,1,1660
998,198.08434815415796,198.12585569383722,0,126,196.05413,decode,1,3402
998,198.08434815415796,198.12585569383722,0,127,196.055315,decode,1,528
998,198.08434815415796,198.12585569383722,0,128,196.256081,decode,1,154
998,198.08434815415796,198.12585569383722,0,129,196.259772,prefill,507,795
999,198.12585569383722,198.16802188951647,0,124,195.960524,decode,1,1196
999,198.12585569383722,198.16802188951647,0,126,196.05413,decode,1,3403
999,198.12585569383722,198.16802188951647,0,127,196.055315,decode,1,529
999,198.12585569383722,198.16802188951647,0,128,196.256081,decode,1,155
999,198.12585569383722,198.16802188951647,0,129,196.259772,prefill,508,1302
1000,198.16802188951647,198.21161797319573,0,124,195.960524,decode,1,1197
1000,198.16802188951647,198.21161797319573,0,126,196.05413,decode,1,3404
1000,198.16802188951647,198.21161797319573,0,127,196.055315,decode,1,530
1000,198.16802188951647,198.21161797319573,0,128,196.256081,decode,1,156
1000,198.16802188951647,198.21161797319573,0,129,196.259772,prefill,508,1810
1001,198.21161797319573,198.25576176887498,0,124,195.960524,decode,1,1198
1001,198.21161797319573,198.25576176887498,0,126,196.05413,decode,1,3405
1001,198.21161797319573,198.25576176887498,0,127,196.055315,decode,1,531
1001,198.21161797319573,198.25576176887498,0,128,196.256081,decode,1,157
1001,198.21161797319573,198.25576176887498,0,129,196.259772,prefill,508,2318
1002,198.25576176887498,198.30101353255424,0,124,195.960524,decode,1,1199
1002,198.25576176887498,198.30101353255424,0,126,196.05413,decode,1,3406
1002,198.25576176887498,198.30101353255424,0,127,196.055315,decode,1,532
1002,198.25576176887498,198.30101353255424,0,128,196.256081,decode,1,158
1002,198.25576176887498,198.30101353255424,0,129,196.259772,prefill,508,2826
1003,198.30101353255424,198.34648187223348,0,126,196.05413,decode,1,3407
1003,198.30101353255424,198.34648187223348,0,128,196.256081,decode,1,159
1003,198.30101353255424,198.34648187223348,0,129,196.259772,prefill,510,3334
1004,198.34648187223348,198.38832166791275,0,126,196.05413,decode,1,3408
1004,198.34648187223348,198.38832166791275,0,128,196.256081,decode,1,160
1004,198.34648187223348,198.38832166791275,0,129,196.259772,prefill,232,3844
1004,198.34648187223348,198.38832166791275,0,130,196.357632,prefill,278,0
1005,198.38832166791275,198.428840887592,0,126,196.05413,decode,1,3409
1005,198.38832166791275,198.428840887592,0,128,196.256081,decode,1,161
1005,198.38832166791275,198.428840887592,0,129,196.259772,decode,1,4077
1005,198.38832166791275,198.428840887592,0,130,196.357632,prefill,509,278
1006,198.428840887592,198.47036980327127,0,126,196.05413,decode,1,3410
1006,198.428840887592,198.47036980327127,0,128,196.256081,decode,1,162
1006,198.428840887592,198.47036980327127,0,129,196.259772,decode,1,4078
1006,198.428840887592,198.47036980327127,0,130,196.357632,prefill,509,787
1007,198.47036980327127,198.51295903895053,0,126,196.05413,decode,1,3411
1007,198.47036980327127,198.51295903895053,0,128,196.256081,decode,1,163
1007,198.47036980327127,198.51295903895053,0,129,196.259772,decode,1,4079
1007,198.47036980327127,198.51295903895053,0,130,196.357632,prefill,509,1296
1008,198.51295903895053,198.55697816262978,0,126,196.05413,decode,1,3412
1008,198.51295903895053,198.55697816262978,0,128,196.256081,decode,1,164
1008,198.51295903895053,198.55697816262978,0,129,196.259772,decode,1,4080
1008,198.51295903895053,198.55697816262978,0,130,196.357632,prefill,509,1805
1009,198.55697816262978,198.60154499830904,0,126,196.05413,decode,1,3413
1009,198.55697816262978,198.60154499830904,0,128,196.256081,decode,1,165
1009,198.55697816262978,198.60154499830904,0,129,196.259772,decode,1,4081
1009,198.55697816262978,198.60154499830904,0,130,196.357632,prefill,509,2314
1010,198.60154499830904,198.64721980198829,0,126,196.05413,decode,1,3414
1010,198.60154499830904,198.64721980198829,0,128,196.256081,decode,1,166
1010,198.60154499830904,198.64721980198829,0,129,196.259772,decode,1,4082
1010,198.60154499830904,198.64721980198829,0,130,196.357632,prefill,509,2823
1011,198.64721980198829,198.69387444566755,0,126,196.05413,decode,1,3415
1011,198.64721980198829,198.69387444566755,0,129,196.259772,decode,1,4083
1011,198.64721980198829,198.69387444566755,0,130,196.357632,prefill,510,3332
1012,198.69387444566755,198.7364728973468,0,126,196.05413,decode,1,3416
1012,198.69387444566755,198.7364728973468,0,129,196.259772,decode,1,4084
1012,198.69387444566755,198.7364728973468,0,130,196.357632,prefill,248,3842
1012,198.69387444566755,198.7364728973468,0,131,196.361443,prefill,46,0
1012,198.69387444566755,198.7364728973468,0,132,196.362445,prefill,216,0
1013,198.7364728973468,198.77862731702606,0,126,196.05413,decode,1,3417
1013,198.7364728973468,198.77862731702606,0,129,196.259772,decode,1,4085
1013,198.7364728973468,198.77862731702606,0,130,196.357632,decode,1,4091
1013,198.7364728973468,198.77862731702606,0,131,196.361443,decode,1,47
1013,198.7364728973468,198.77862731702606,0,132,196.362445,prefill,508,216
1014,198.77862731702606,198.82206468923866,0,126,196.05413,decode,1,3418
1014,198.77862731702606,198.82206468923866,0,129,196.259772,decode,1,4086
1014,198.77862731702606,198.82206468923866,0,130,196.357632,decode,1,4092
1014,198.77862731702606,198.82206468923866,0,131,196.361443,decode,1,48
1014,198.77862731702606,198.82206468923866,0,132,196.362445,prefill,508,724
1015,198.82206468923866,198.8666907889179,0,126,196.05413,decode,1,3419
1015,198.82206468923866,198.8666907889179,0,129,196.259772,decode,1,4087
1015,198.82206468923866,198.8666907889179,0,130,196.357632,decode,1,4093
1015,198.82206468923866,198.8666907889179,0,131,196.361443,decode,1,49
1015,198.82206468923866,198.8666907889179,0,132,196.362445,prefill,508,1232
1016,198.8666907889179,198.91253135259717,0,126,196.05413,decode,1,3420
1016,198.8666907889179,198.91253135259717,0,129,196.259772,decode,1,4088
1016,198.8666907889179,198.91253135259717,0,130,196.357632,decode,1,4094
1016,198.8666907889179,198.91253135259717,0,131,196.361443,decode,1,50
1016,198.8666907889179,198.91253135259717,0,132,196.362445,prefill,508,1740
1017,198.91253135259717,198.95934394827643,0,126,196.05413,decode,1,3421
1017,198.91253135259717,198.95934394827643,0,129,196.259772,decode,1,4089
1017,198.91253135259717,198.95934394827643,0,130,196.357632,decode,1,4095
1017,198.91253135259717,198.95934394827643,0,131,196.361443,decode,1,51
1017,198.91253135259717,198.95934394827643,0,132,196.362445,prefill,508,2248
1018,198.95934394827643,199.00471325862236,0,126,196.05413,decode,1,3422
1018,198.95934394827643,199.00471325862236,0,129,196.259772,decode,1,4090
1018,198.95934394827643,199.00471325862236,0,131,196.361443,decode,1,52
1018,198.95934394827643,199.00471325862236,0,132,196.362445,prefill,106,2756
1018,198.95934394827643,199.00471325862236,0,133,196.454172,prefill,403,0
1019,199.00471325862236,199.04698155563494,0,126,196.05413,decode,1,3423
1019,199.00471325862236,199.04698155563494,0,129,196.259772,decode,1,4091
1019,199.00471325862236,199.04698155563494,0,131,196.361443,decode,1,53
1019,199.00471325862236,199.04698155563494,0,132,196.362445,decode,1,2863
1019,199.00471325862236,199.04698155563494,0,133,196.454172,prefill,508,403
1020,199.04698155563494,199.09015193264753,0,126,196.05413,decode,1,3424
1020,199.04698155563494,199.09015193264753,0,129,196.259772,decode,1,4092
1020,199.04698155563494,199.09015193264753,0,131,196.361443,decode,1,54
1020,199.04698155563494,199.09015193264753,0,132,196.362445,decode,1,2864
1020,199.04698155563494,199.09015193264753,0,133,196.454172,prefill,508,911
1021,199.09015193264753,199.13206545632679,0,126,196.05413,decode,1,3425
1021,199.09015193264753,199.13206545632679,0,129,196.259772,decode,1,4093
1021,199.09015193264753,199.13206545632679,0,131,196.361443,decode,1,55
1021,199.09015193264753,199.13206545632679,0,132,196.362445,decode,1,2865
1021,199.09015193264753,199.13206545632679,0,133,196.454172,prefill,305,1419
1021,199.09015193264753,199.13206545632679,0,134,196.55718,prefill,203,0
1022,199.13206545632679,199.17394685200603,0,126,196.05413,decode,1,3426
1022,199.13206545632679,199.17394685200603,0,129,196.259772,decode,1,4094
1022,199.13206545632679,199.17394685200603,0,131,196.361443,decode,1,56
1022,199.13206545632679,199.17394685200603,0,132,196.362445,decode,1,2866
1022,199.13206545632679,199.17394685200603,0,133,196.454172,decode,1,1725
1022,199.13206545632679,199.17394685200603,0,134,196.55718,prefill,507,203
1023,199.17394685200603,199.21711120021862,0,126,196.05413,decode,1,3427
1023,199.17394685200603,199.21711120021862,0,129,196.259772,decode,1,4095
1023,199.17394685200603,199.21711120021862,0,131,196.361443,decode,1,57
1023,199.17394685200603,199.21711120021862,0,132,196.362445,decode,1,2867
1023,199.17394685200603,199.21711120021862,0,133,196.454172,decode,1,1726
1023,199.17394685200603,199.21711120021862,0,134,196.55718,prefill,507,710
1024,199.21711120021862,199.26048456389788,0,126,196.05413,decode,1,3428
1024,199.21711120021862,199.26048456389788,0,131,196.361443,decode,1,58
1024,199.21711120021862,199.26048456389788,0,132,196.362445,decode,1,2868
1024,199.21711120021862,199.26048456389788,0,133,196.454172,decode,1,1727
1024,199.21711120021862,199.26048456389788,0,134,196.55718,prefill,507,1217
1024,199.21711120021862,199.26048456389788,0,135,196.561618,prefill,1,0
1025,199.26048456389788,199.29936858357712,0,126,196.05413,decode,1,3429
1025,199.26048456389788,199.29936858357712,0,131,196.361443,decode,1,59
1025,199.26048456389788,199.29936858357712,0,132,196.362445,decode,1,2869
1025,199.26048456389788,199.29936858357712,0,133,196.454172,decode,1,1728
1025,199.26048456389788,199.29936858357712,0,134,196.55718,decode,1,1725
1025,199.26048456389788,199.29936858357712,0,135,196.561618,prefill,154,1
1025,199.26048456389788,199.29936858357712,0,136,196.654591,prefill,81,0
1025,199.26048456389788,199.29936858357712,0,137,196.658666,prefill,272,0
1026,199.29936858357712,199.34206457125637,0,126,196.05413,decode,1,3430
1026,199.29936858357712,199.34206457125637,0,131,196.361443,decode,1,60
1026,199.29936858357712,199.34206457125637,0,132,196.362445,decode,1,2870
1026,199.29936858357712,199.34206457125637,0,133,196.454172,decode,1,1729
1026,199.29936858357712,199.34206457125637,0,134,196.55718,decode,1,1726
1026,199.29936858357712,199.34206457125637,0,135,196.561618,decode,1,156
1026,199.29936858357712,199.34206457125637,0,136,196.654591,decode,1,82
1026,199.29936858357712,199.34206457125637,0,137,196.658666,prefill,505,272
1027,199.34206457125637,199.38577025493564,0,126,196.05413,decode,1,3431
1027,199.34206457125637,199.38577025493564,0,131,196.361443,decode,1,61
1027,199.34206457125637,199.38577025493564,0,132,196.362445,decode,1,2871
1027,199.34206457125637,199.38577025493564,0,133,196.454172,decode,1,1730
1027,199.34206457125637,199.38577025493564,0,134,196.55718,decode,1,1727
1027,199.34206457125637,199.38577025493564,0,135,196.561618,decode,1,157
1027,199.34206457125637,199.38577025493564,0,136,196.654591,decode,1,83
1027,199.34206457125637,199.38577025493564,0,137,196.658666,prefill,505,777
1028,199.38577025493564,199.4283756186149,0,126,196.05413,decode,1,3432
1028,199.38577025493564,199.4283756186149,0,131,196.361443,decode,1,62
1028,199.38577025493564,199.4283756186149,0,132,196.362445,decode,1,2872
1028,199.38577025493564,199.4283756186149,0,133,196.454172,decode,1,1731
1028,199.38577025493564,199.4283756186149,0,134,196.55718,decode,1,1728
1028,199.38577025493564,199.4283756186149,0,135,196.561618,decode,1,158
1028,199.38577025493564,199.4283756186149,0,136,196.654591,decode,1,84
1028,199.38577025493564,199.4283756186149,0,137,196.658666,prefill,368,1282
1028,199.38577025493564,199.4283756186149,0,138,196.659413,prefill,137,0
1029,199.4283756186149,199.47093138869414,0,126,196.05413,decode,1,3433
1029,199.4283756186149,199.47093138869414,0,131,196.361443,decode,1,63
1029,199.4283756186149,199.47093138869414,0,132,196.362445,decode,1,2873
1029,199.4283756186149,199.47093138869414,0,133,196.454172,decode,1,1732
1029,199.4283756186149,199.47093138869414,0,134,196.55718,decode,1,1729
1029,199.4283756186149,199.47093138869414,0,135,196.561618,decode,1,159
1029,199.4283756186149,199.47093138869414,0,136,196.654591,decode,1,85
1029,199.4283756186149,199.47093138869414,0,137,196.658666,decode,1,1651
1029,199.4283756186149,199.47093138869414,0,138,196.659413,prefill,504,137
1030,199.47093138869414,199.51444740410673,0,126,196.05413,decode,1,3434
1030,199.47093138869414,199.51444740410673,0,131,196.361443,decode,1,64
1030,199.47093138869414,199.51444740410673,0,132,196.362445,decode,1,2874
1030,199.47093138869414,199.51444740410673,0,133,196.454172,decode,1,1733
1030,199.47093138869414,199.51444740410673,0,134,196.55718,decode,1,1730
1030,199.47093138869414,199.51444740410673,0,135,196.561618,decode,1,160
1030,199.47093138869414,199.51444740410673,0,136,196.654591,decode,1,86
1030,199.47093138869414,199.51444740410673,0,137,196.658666,decode,1,1652
1030,199.47093138869414,199.51444740410673,0,138,196.659413,prefill,504,641
1031,199.51444740410673,199.55581574378598,0,126,196.05413,decode,1,3435
1031,199.51444740410673,199.55581574378598,0,131,196.361443,decode,1,65
1031,199.51444740410673,199.55581574378598,0,133,196.454172,decode,1,1734
1031,199.51444740410673,199.55581574378598,0,134,196.55718,decode,1,1731
1031,199.51444740410673,199.55581574378598,0,135,196.561618,decode,1,161
1031,199.51444740410673,199.55581574378598,0,136,196.654591,decode,1,87
1031,199.51444740410673,199.55581574378598,0,137,196.658666,decode,1,1653
1031,199.51444740410673,199.55581574378598,0,138,196.659413,prefill,219,1145
1031,199.51444740410673,199.55581574378598,0,139,196.659627,prefill,286,0
1032,199.55581574378598,199.59802200346525,0,126,196.05413,decode,1,3436
1032,199.55581574378598,199.59802200346525,0,131,196.361443,decode,1,66
1032,199.55581574378598,199.59802200346525,0,133,196.454172,decode,1,1735
1032,199.55581574378598,199.59802200346525,0,134,196.55718,decode,1,1732
1032,199.55581574378598,199.59802200346525,0,135,196.561618,decode,1,162
1032,199.55581574378598,199.59802200346525,0,136,196.654591,decode,1,88
1032,199.55581574378598,199.59802200346525,0,137,196.658666,decode,1,1654
1032,199.55581574378598,199.59802200346525,0,138,196.659413,decode,1,1365
1032,199.55581574378598,199.59802200346525,0,139,196.659627,prefill,504,286
1033,199.59802200346525,199.6412379591445,0,126,196.05413,decode,1,3437
1033,199.59802200346525,199.6412379591445,0,131,196.361443,decode,1,67
1033,199.59802200346525,199.6412379591445,0,133,196.454172,decode,1,1736
1033,199.59802200346525,199.6412379591445,0,134,196.55718,decode,1,1733
1033,199.59802200346525,199.6412379591445,0,135,196.561618,decode,1,163
1033,199.59802200346525,199.6412379591445,0,136,196.654591,decode,1,89
1033,199.59802200346525,199.6412379591445,0,137,196.658666,decode,1,1655
1033,199.59802200346525,199.6412379591445,0,138,196.659413,decode,1,1366
1033,199.59802200346525,199.6412379591445,0,139,196.659627,prefill,504,790
1034,199.6412379591445,199.68567154682376,0,126,196.05413,decode,1,3438
1034,199.6412379591445,199.68567154682376,0,131,196.361443,decode,1,68
1034,199.6412379591445,199.68567154682376,0,133,196.454172,decode,1,1737
1034,199.6412379591445,199.68567154682376,0,134,196.55718,decode,1,1734
1034,199.6412379591445,199.68567154682376,0,135,196.561618,decode,1,164
1034,199.6412379591445,199.68567154682376,0,136,196.654591,decode,1,90
1034,199.6412379591445,199.68567154682376,0,137,196.658666,decode,1,1656
1034,199.6412379591445,199.68567154682376,0,138,196.659413,decode,1,1367
1034,199.6412379591445,199.68567154682376,0,139,196.659627,prefill,504,1294
1035,199.68567154682376,199.72760926250302,0,126,196.05413,decode,1,3439
1035,199.68567154682376,199.72760926250302,0,131,196.361443,decode,1,69
1035,199.68567154682376,199.72760926250302,0,133,196.454172,decode,1,1738
1035,199.68567154682376,199.72760926250302,0,134,196.55718,decode,1,1735
1035,199.68567154682376,199.72760926250302,0,135,196.561618,decode,1,165
1035,199.68567154682376,199.72760926250302,0,136,196.654591,decode,1,91
1035,199.68567154682376,199.72760926250302,0,137,196.658666,decode,1,1657
1035,199.68567154682376,199.72760926250302,0,138,196.659413,decode,1,1368
1035,199.68567154682376,199.72760926250302,0,139,196.659627,prefill,110,1798
1035,199.68567154682376,199.72760926250302,0,140,196.661598,prefill,123,0
1035,199.68567154682376,199.72760926250302,0,141,196.662475,prefill,81,0
1035,199.68567154682376,199.72760926250302,0,142,196.754332,prefill,190,0
1036,199.72760926250302,199.76967556058227,0,126,196.05413,decode,1,3440
1036,199.72760926250302,199.76967556058227,0,131,196.361443,decode,1,70
1036,199.72760926250302,199.76967556058227,0,133,196.454172,decode,1,1739
1036,199.72760926250302,199.76967556058227,0,134,196.55718,decode,1,1736
1036,199.72760926250302,199.76967556058227,0,135,196.561618,decode,1,166
1036,199.72760926250302,199.76967556058227,0,136,196.654591,decode,1,92
1036,199.72760926250302,199.76967556058227,0,137,196.658666,decode,1,1658
1036,199.72760926250302,199.76967556058227,0,138,196.659413,decode,1,1369
1036,199.72760926250302,199.76967556058227,0,139,196.659627,decode,1,1909
1036,199.72760926250302,199.76967556058227,0,140,196.661598,decode,1,124
1036,199.72760926250302,199.76967556058227,0,141,196.662475,decode,1,82
1036,199.72760926250302,199.76967556058227,0,142,196.754332,prefill,501,190
1037,199.76967556058227,199.81287247199487,0,126,196.05413,decode,1,3441
1037,199.76967556058227,199.81287247199487,0,133,196.454172,decode,1,1740
1037,199.76967556058227,199.81287247199487,0,134,196.55718,decode,1,1737
1037,199.76967556058227,199.81287247199487,0,135,196.561618,decode,1,167
1037,199.76967556058227,199.81287247199487,0,136,196.654591,decode,1,93
1037,199.76967556058227,199.81287247199487,0,137,196.658666,decode,1,1659
1037,199.76967556058227,199.81287247199487,0,138,196.659413,decode,1,1370
1037,199.76967556058227,199.81287247199487,0,139,196.659627,decode,1,1910
1037,199.76967556058227,199.81287247199487,0,140,196.661598,decode,1,125
1037,199.76967556058227,199.81287247199487,0,141,196.662475,decode,1,83
1037,199.76967556058227,199.81287247199487,0,142,196.754332,prefill,502,691
1038,199.81287247199487,199.85711303567413,0,126,196.05413,decode,1,3442
1038,199.81287247199487,199.85711303567413,0,133,196.454172,decode,1,1741
1038,199.81287247199487,199.85711303567413,0,134,196.55718,decode,1,1738
1038,199.81287247199487,199.85711303567413,0,135,196.561618,decode,1,168
1038,199.81287247199487,199.85711303567413,0,136,196.654591,decode,1,94
1038,199.81287247199487,199.85711303567413,0,137,196.658666,decode,1,1660
1038,199.81287247199487,199.85711303567413,0,138,196.659413,decode,1,1371
1038,199.81287247199487,199.85711303567413,0,139,196.659627,decode,1,1911
1038,199.81287247199487,199.85711303567413,0,140,196.661598,decode,1,126
1038,199.81287247199487,199.85711303567413,0,141,196.662475,decode,1,84
1038,199.81287247199487,199.85711303567413,0,142,196.754332,prefill,502,1193
1039,199.85711303567413,199.8992994553534,0,126,196.05413,decode,1,3443
1039,199.85711303567413,199.8992994553534,0,133,196.454172,decode,1,1742
1039,199.85711303567413,199.8992994553534,0,134,196.55718,decode,1,1739
1039,199.85711303567413,199.8992994553534,0,135,196.561618,decode,1,169
1039,199.85711303567413,199.8992994553534,0,136,196.654591,decode,1,95
1039,199.85711303567413,199.8992994553534,0,137,196.658666,decode,1,1661
1039,199.85711303567413,199.8992994553534,0,138,196.659413,decode,1,1372
1039,199.85711303567413,199.8992994553534,0,139,196.659627,decode,1,1912
1039,199.85711303567413,199.8992994553534,0,140,196.661598,decode,1,127
1039,199.85711303567413,199.8992994553534,0,141,196.662475,decode,1,85
1039,199.85711303567413,199.8992994553534,0,142,196.754332,prefill,29,1695
1039,199.85711303567413,199.8992994553534,0,143,196.760425,prefill,247,0
1039,199.85711303567413,199.8992994553534,0,144,196.765727,prefill,226,0
1040,199.8992994553534,199.94136017903264,0,126,196.05413,decode,1,3444
1040,199.8992994553534,199.94136017903264,0,133,196.454172,decode,1,1743
1040,199.8992994553534,199.94136017903264,0,135,196.561618,decode,1,170
1040,199.8992994553534,199.94136017903264,0,137,196.658666,decode,1,1662
1040,199.8992994553534,199.94136017903264,0,139,196.659627,decode,1,1913
1040,199.8992994553534,199.94136017903264,0,140,196.661598,decode,1,128
1040,199.8992994553534,199.94136017903264,0,141,196.662475,decode,1,86
1040,199.8992994553534,199.94136017903264,0,142,196.754332,decode,1,1725
1040,199.8992994553534,199.94136017903264,0,143,196.760425,decode,1,248
1040,199.8992994553534,199.94136017903264,0,144,196.765727,prefill,503,226
1041,199.94136017903264,199.98432049524524,0,126,196.05413,decode,1,3445
1041,199.94136017903264,199.98432049524524,0,133,196.454172,decode,1,1744
1041,199.94136017903264,199.98432049524524,0,135,196.561618,decode,1,171
1041,199.94136017903264,199.98432049524524,0,139,196.659627,decode,1,1914
1041,199.94136017903264,199.98432049524524,0,140,196.661598,decode,1,129
1041,199.94136017903264,199.98432049524524,0,141,196.662475,decode,1,87
1041,199.94136017903264,199.98432049524524,0,142,196.754332,decode,1,1726
1041,199.94136017903264,199.98432049524524,0,143,196.760425,decode,1,249
1041,199.94136017903264,199.98432049524524,0,144,196.765727,prefill,504,729
1042,199.98432049524524,200.0287695709245,0,126,196.05413,decode,1,3446
1042,199.98432049524524,200.0287695709245,0,133,196.454172,decode,1,1745
1042,199.98432049524524,200.0287695709245,0,135,196.561618,decode,1,172
1042,199.98432049524524,200.0287695709245,0,139,196.659627,decode,1,1915
1042,199.98432049524524,200.0287695709245,0,140,196.661598,decode,1,130
1042,199.98432049524524,200.0287695709245,0,142,196.754332,decode,1,1727
1042,199.98432049524524,200.0287695709245,0,143,196.760425,decode,1,250
1042,199.98432049524524,200.0287695709245,0,144,196.765727,prefill,505,1233
1043,200.0287695709245,200.07443311060376,0,126,196.05413,decode,1,3447
1043,200.0287695709245,200.07443311060376,0,133,196.454172,decode,1,1746
1043,200.0287695709245,200.07443311060376,0,135,196.561618,decode,1,173
1043,200.0287695709245,200.07443311060376,0,139,196.659627,decode,1,1916
1043,200.0287695709245,200.07443311060376,0,140,196.661598,decode,1,131
1043,200.0287695709245,200.07443311060376,0,142,196.754332,decode,1,1728
1043,200.0287695709245,200.07443311060376,0,143,196.760425,decode,1,251
1043,200.0287695709245,200.07443311060376,0,144,196.765727,prefill,505,1738
1044,200.07443311060376,200.121068682283,0,126,196.05413,decode,1,3448
1044,200.07443311060376,200.121068682283,0,133,196.454172,decode,1,1747
1044,200.07443311060376,200.121068682283,0,135,196.561618,decode,1,174
1044,200.07443311060376,200.121068682283,0,139,196.659627,decode,1,1917
1044,200.07443311060376,200.121068682283,0,140,196.661598,decode,1,132
1044,200.07443311060376,200.121068682283,0,142,196.754332,decode,1,1729
1044,200.07443311060376,200.121068682283,0,143,196.760425,decode,1,252
1044,200.07443311060376,200.121068682283,0,144,196.765727,prefill,505,2243
1045,200.121068682283,200.16863039796226,0,126,196.05413,decode,1,3449
1045,200.121068682283,200.16863039796226,0,133,196.454172,decode,1,1748
1045,200.121068682283,200.16863039796226,0,135,196.561618,decode,1,175
1045,200.121068682283,200.16863039796226,0,139,196.659627,decode,1,1918
1045,200.121068682283,200.16863039796226,0,140,196.661598,decode,1,133
1045,200.121068682283,200.16863039796226,0,142,196.754332,decode,1,1730
1045,200.121068682283,200.16863039796226,0,143,196.760425,decode,1,253
1045,200.121068682283,200.16863039796226,0,144,196.765727,prefill,505,2748
1046,200.16863039796226,200.21686477497485,0,126,196.05413,decode,1,3450
1046,200.16863039796226,200.21686477497485,0,133,196.454172,decode,1,1749
1046,200.16863039796226,200.21686477497485,0,135,196.561618,decode,1,176
1046,200.16863039796226,200.21686477497485,0,139,196.659627,decode,1,1919
1046,200.16863039796226,200.21686477497485,0,140,196.661598,decode,1,134
1046,200.16863039796226,200.21686477497485,0,142,196.754332,decode,1,1731
1046,200.16863039796226,200.21686477497485,0,143,196.760425,decode,1,254
1046,200.16863039796226,200.21686477497485,0,144,196.765727,prefill,505,3253
1047,200.21686477497485,200.2613462346541,0,126,196.05413,decode,1,3451
1047,200.21686477497485,200.2613462346541,0,133,196.454172,decode,1,1750
1047,200.21686477497485,200.2613462346541,0,135,196.561618,decode,1,177
1047,200.21686477497485,200.2613462346541,0,139,196.659627,decode,1,1920
1047,200.21686477497485,200.2613462346541,0,140,196.661598,decode,1,135
1047,200.21686477497485,200.2613462346541,0,142,196.754332,decode,1,1732
1047,200.21686477497485,200.2613462346541,0,143,196.760425,decode,1,255
1047,200.21686477497485,200.2613462346541,0,144,196.765727,prefill,96,3758
1047,200.21686477497485,200.2613462346541,0,145,196.766926,prefill,83,0
1047,200.21686477497485,200.2613462346541,0,146,196.862305,prefill,156,0
1047,200.21686477497485,200.2613462346541,0,147,196.862354,prefill,170,0
1048,200.2613462346541,200.30330101700002,0,126,196.05413,decode,1,3452
1048,200.2613462346541,200.30330101700002,0,133,196.454172,decode,1,1751
1048,200.2613462346541,200.30330101700002,0,135,196.561618,decode,1,178
1048,200.2613462346541,200.30330101700002,0,139,196.659627,decode,1,1921
1048,200.2613462346541,200.30330101700002,0,140,196.661598,decode,1,136
1048,200.2613462346541,200.30330101700002,0,142,196.754332,decode,1,1733
1048,200.2613462346541,200.30330101700002,0,143,196.760425,decode,1,256
1048,200.2613462346541,200.30330101700002,0,144,196.765727,decode,1,3855
1048,200.2613462346541,200.30330101700002,0,145,196.766926,decode,1,84
1048,200.2613462346541,200.30330101700002,0,146,196.862305,decode,1,157
1048,200.2613462346541,200.30330101700002,0,147,196.862354,prefill,77,170
1048,200.2613462346541,200.30330101700002,0,148,196.957373,prefill,425,0
1049,200.30330101700002,200.3462189140126,0,126,196.05413,decode,1,3453
1049,200.30330101700002,200.3462189140126,0,133,196.454172,decode,1,1752
1049,200.30330101700002,200.3462189140126,0,135,196.561618,decode,1,179
1049,200.30330101700002,200.3462189140126,0,139,196.659627,decode,1,1922
1049,200.30330101700002,200.3462189140126,0,140,196.661598,decode,1,137
1049,200.30330101700002,200.3462189140126,0,142,196.754332,decode,1,1734
1049,200.30330101700002,200.3462189140126,0,143,196.760425,decode,1,257
1049,200.30330101700002,200.3462189140126,0,144,196.765727,decode,1,3856
1049,200.30330101700002,200.3462189140126,0,145,196.766926,decode,1,85
1049,200.30330101700002,200.3462189140126,0,146,196.862305,decode,1,158
1049,200.30330101700002,200.3462189140126,0,147,196.862354,decode,1,248
1049,200.30330101700002,200.3462189140126,0,148,196.957373,prefill,501,425
1050,200.3462189140126,200.3902682670252,0,126,196.05413,decode,1,3454
1050,200.3462189140126,200.3902682670252,0,133,196.454172,decode,1,1753
1050,200.3462189140126,200.3902682670252,0,135,196.561618,decode,1,180
1050,200.3462189140126,200.3902682670252,0,139,196.659627,decode,1,1923
1050,200.3462189140126,200.3902682670252,0,142,196.754332,decode,1,1735
1050,200.3462189140126,200.3902682670252,0,143,196.760425,decode,1,258
1050,200.3462189140126,200.3902682670252,0,144,196.765727,decode,1,3857
1050,200.3462189140126,200.3902682670252,0,145,196.766926,decode,1,86
1050,200.3462189140126,200.3902682670252,0,146,196.862305,decode,1,159
1050,200.3462189140126,200.3902682670252,0,147,196.862354,decode,1,249
1050,200.3462189140126,200.3902682670252,0,148,196.957373,prefill,502,926
1051,200.3902682670252,200.43543363070444,0,126,196.05413,decode,1,3455
1051,200.3902682670252,200.43543363070444,0,133,196.454172,decode,1,1754
1051,200.3902682670252,200.43543363070444,0,135,196.561618,decode,1,181
1051,200.3902682670252,200.43543363070444,0,139,196.659627,decode,1,1924
1051,200.3902682670252,200.43543363070444,0,142,196.754332,decode,1,1736
1051,200.3902682670252,200.43543363070444,0,143,196.760425,decode,1,259
1051,200.3902682670252,200.43543363070444,0,144,196.765727,decode,1,3858
1051,200.3902682670252,200.43543363070444,0,145,196.766926,decode,1,87
1051,200.3902682670252,200.43543363070444,0,146,196.862305,decode,1,160
1051,200.3902682670252,200.43543363070444,0,147,196.862354,decode,1,250
1051,200.3902682670252,200.43543363070444,0,148,196.957373,prefill,502,1428
1052,200.43543363070444,200.48168238638368,0,126,196.05413,decode,1,3456
1052,200.43543363070444,200.48168238638368,0,133,196.454172,decode,1,1755
1052,200.43543363070444,200.48168238638368,0,135,196.561618,decode,1,182
1052,200.43543363070444,200.48168238638368,0,139,196.659627,decode,1,1925
1052,200.43543363070444,200.48168238638368,0,142,196.754332,decode,1,1737
1052,200.43543363070444,200.48168238638368,0,143,196.760425,decode,1,260
1052,200.43543363070444,200.48168238638368,0,144,196.765727,decode,1,3859
1052,200.43543363070444,200.48168238638368,0,145,196.766926,decode,1,88
1052,200.43543363070444,200.48168238638368,0,146,196.862305,decode,1,161
1052,200.43543363070444,200.48168238638368,0,147,196.862354,decode,1,251
1052,200.43543363070444,200.48168238638368,0,148,196.957373,prefill,502,1930
1053,200.48168238638368,200.52942451806294,0,126,196.05413,decode,1,3457
1053,200.48168238638368,200.52942451806294,0,135,196.561618,decode,1,183
1053,200.48168238638368,200.52942451806294,0,139,196.659627,decode,1,1926
1053,200.48168238638368,200.52942451806294,0,142,196.754332,decode,1,1738
1053,200.48168238638368,200.52942451806294,0,143,196.760425,decode,1,261
1053,200.48168238638368,200.52942451806294,0,144,196.765727,decode,1,3860
1053,200.48168238638368,200.52942451806294,0,146,196.862305,decode,1,162
1053,200.48168238638368,200.52942451806294,0,147,196.862354,decode,1,252
1053,200.48168238638368,200.52942451806294,0,148,196.957373,prefill,504,2432
1054,200.52942451806294,200.5738267457422,0,126,196.05413,decode,1,3458
1054,200.52942451806294,200.5738267457422,0,135,196.561618,decode,1,184
1054,200.52942451806294,200.5738267457422,0,139,196.659627,decode,1,1927
1054,200.52942451806294,200.5738267457422,0,143,196.760425,decode,1,262
1054,200.52942451806294,200.5738267457422,0,144,196.765727,decode,1,3861
1054,200.52942451806294,200.5738267457422,0,146,196.862305,decode,1,163
1054,200.52942451806294,200.5738267457422,0,147,196.862354,decode,1,253
1054,200.52942451806294,200.5738267457422,0,148,196.957373,prefill,130,2936
1054,200.52942451806294,200.5738267457422,0,149,196.957472,prefill,375,0
1055,200.5738267457422,200.61777150142146,0,126,196.05413,decode,1,3459
1055,200.5738267457422,200.61777150142146,0,139,196.659627,decode,1,1928
1055,200.5738267457422,200.61777150142146,0,143,196.760425,decode,1,263
1055,200.5738267457422,200.61777150142146,0,144,196.765727,decode,1,3862
1055,200.5738267457422,200.61777150142146,0,146,196.862305,decode,1,164
1055,200.5738267457422,200.61777150142146,0,147,196.862354,decode,1,254
1055,200.5738267457422,200.61777150142146,0,148,196.957373,decode,1,3067
1055,200.5738267457422,200.61777150142146,0,149,196.957472,prefill,505,375
1056,200.61777150142146,200.66293227843406,0,126,196.05413,decode,1,3460
1056,200.61777150142146,200.66293227843406,0,139,196.659627,decode,1,1929
1056,200.61777150142146,200.66293227843406,0,143,196.760425,decode,1,264
1056,200.61777150142146,200.66293227843406,0,144,196.765727,decode,1,3863
1056,200.61777150142146,200.66293227843406,0,146,196.862305,decode,1,165
1056,200.61777150142146,200.66293227843406,0,147,196.862354,decode,1,255
1056,200.61777150142146,200.66293227843406,0,148,196.957373,decode,1,3068
1056,200.61777150142146,200.66293227843406,0,149,196.957472,prefill,505,880
1057,200.66293227843406,200.70588810611332,0,126,196.05413,decode,1,3461
1057,200.66293227843406,200.70588810611332,0,143,196.760425,decode,1,265
1057,200.66293227843406,200.70588810611332,0,146,196.862305,decode,1,166
1057,200.66293227843406,200.70588810611332,0,147,196.862354,decode,1,256
1057,200.66293227843406,200.70588810611332,0,148,196.957373,decode,1,3069
1057,200.66293227843406,200.70588810611332,0,149,196.957472,prefill,507,1385
1058,200.70588810611332,200.75002332579257,0,126,196.05413,decode,1,3462
1058,200.70588810611332,200.75002332579257,0,143,196.760425,decode,1,266
1058,200.70588810611332,200.75002332579257,0,146,196.862305,decode,1,167
1058,200.70588810611332,200.75002332579257,0,147,196.862354,decode,1,257
1058,200.70588810611332,200.75002332579257,0,148,196.957373,decode,1,3070
1058,200.70588810611332,200.75002332579257,0,149,196.957472,prefill,507,1892
1059,200.75002332579257,200.79520507347183,0,126,196.05413,decode,1,3463
1059,200.75002332579257,200.79520507347183,0,143,196.760425,decode,1,267
1059,200.75002332579257,200.79520507347183,0,146,196.862305,decode,1,168
1059,200.75002332579257,200.79520507347183,0,147,196.862354,decode,1,258
1059,200.75002332579257,200.79520507347183,0,148,196.957373,decode,1,3071
1059,200.75002332579257,200.79520507347183,0,149,196.957472,prefill,507,2399
1060,200.79520507347183,200.84144038915107,0,126,196.05413,decode,1,3464
1060,200.79520507347183,200.84144038915107,0,143,196.760425,decode,1,268
1060,200.79520507347183,200.84144038915107,0,146,196.862305,decode,1,169
1060,200.79520507347183,200.84144038915107,0,147,196.862354,decode,1,259
1060,200.79520507347183,200.84144038915107,0,148,196.957373,decode,1,3072
1060,200.79520507347183,200.84144038915107,0,149,196.957472,prefill,507,2906
1061,200.84144038915107,200.88809212083032,0,126,196.05413,decode,1,3465
1061,200.84144038915107,200.88809212083032,0,143,196.760425,decode,1,269
1061,200.84144038915107,200.88809212083032,0,146,196.862305,decode,1,170
1061,200.84144038915107,200.88809212083032,0,147,196.862354,decode,1,260
1061,200.84144038915107,200.88809212083032,0,148,196.957373,decode,1,3073
1061,200.84144038915107,200.88809212083032,0,149,196.957472,prefill,104,3413
1061,200.84144038915107,200.88809212083032,0,150,196.958936,prefill,403,0
1062,200.88809212083032,200.92981961784292,0,126,196.05413,decode,1,3466
1062,200.88809212083032,200.92981961784292,0,143,196.760425,decode,1,270
1062,200.88809212083032,200.92981961784292,0,146,196.862305,decode,1,171
1062,200.88809212083032,200.92981961784292,0,147,196.862354,decode,1,261
1062,200.88809212083032,200.92981961784292,0,148,196.957373,decode,1,3074
1062,200.88809212083032,200.92981961784292,0,149,196.957472,decode,1,3518
1062,200.88809212083032,200.92981961784292,0,150,196.958936,prefill,506,403
1063,200.92981961784292,200.9724491948555,0,126,196.05413,decode,1,3467
1063,200.92981961784292,200.9724491948555,0,143,196.760425,decode,1,271
1063,200.92981961784292,200.9724491948555,0,146,196.862305,decode,1,172
1063,200.92981961784292,200.9724491948555,0,147,196.862354,decode,1,262
1063,200.92981961784292,200.9724491948555,0,148,196.957373,decode,1,3075
1063,200.92981961784292,200.9724491948555,0,149,196.957472,decode,1,3519
1063,200.92981961784292,200.9724491948555,0,150,196.958936,prefill,506,909
1064,200.9724491948555,201.01619478253477,0,126,196.05413,decode,1,3468
1064,200.9724491948555,201.01619478253477,0,143,196.760425,decode,1,272
1064,200.9724491948555,201.01619478253477,0,146,196.862305,decode,1,173
1064,200.9724491948555,201.01619478253477,0,147,196.862354,decode,1,263
1064,200.9724491948555,201.01619478253477,0,148,196.957373,decode,1,3076
1064,200.9724491948555,201.01619478253477,0,149,196.957472,decode,1,3520
1064,200.9724491948555,201.01619478253477,0,150,196.958936,prefill,506,1415
1065,201.01619478253477,201.05761409821403,0,126,196.05413,decode,1,3469
1065,201.01619478253477,201.05761409821403,0,143,196.760425,decode,1,273
1065,201.01619478253477,201.05761409821403,0,146,196.862305,decode,1,174
1065,201.01619478253477,201.05761409821403,0,147,196.862354,decode,1,264
1065,201.01619478253477,201.05761409821403,0,148,196.957373,decode,1,3077
1065,201.01619478253477,201.05761409821403,0,149,196.957472,decode,1,3521
1065,201.01619478253477,201.05761409821403,0,150,196.958936,prefill,160,1921
1065,201.01619478253477,201.05761409821403,0,151,196.96163,prefill,143,0
1065,201.01619478253477,201.05761409821403,0,152,197.060204,prefill,203,0
1066,201.05761409821403,201.10003411789327,0,126,196.05413,decode,1,3470
1066,201.05761409821403,201.10003411789327,0,143,196.760425,decode,1,274
1066,201.05761409821403,201.10003411789327,0,146,196.862305,decode,1,175
1066,201.05761409821403,201.10003411789327,0,147,196.862354,decode,1,265
1066,201.05761409821403,201.10003411789327,0,149,196.957472,decode,1,3522
1066,201.05761409821403,201.10003411789327,0,150,196.958936,decode,1,2082
1066,201.05761409821403,201.10003411789327,0,151,196.96163,decode,1,144
1066,201.05761409821403,201.10003411789327,0,152,197.060204,prefill,505,203
1067,201.10003411789327,201.14373709010587,0,126,196.05413,decode,1,3471
1067,201.10003411789327,201.14373709010587,0,143,196.760425,decode,1,275
1067,201.10003411789327,201.14373709010587,0,146,196.862305,decode,1,176
1067,201.10003411789327,201.14373709010587,0,147,196.862354,decode,1,266
1067,201.10003411789327,201.14373709010587,0,149,196.957472,decode,1,3523
1067,201.10003411789327,201.14373709010587,0,150,196.958936,decode,1,2083
1067,201.10003411789327,201.14373709010587,0,151,196.96163,decode,1,145
1067,201.10003411789327,201.14373709010587,0,152,197.060204,prefill,505,708
1068,201.14373709010587,201.18668779778514,0,126,196.05413,decode,1,3472
1068,201.14373709010587,201.18668779778514,0,143,196.760425,decode,1,276
1068,201.14373709010587,201.18668779778514,0,147,196.862354,decode,1,267
1068,201.14373709010587,201.18668779778514,0,149,196.957472,decode,1,3524
1068,201.14373709010587,201.18668779778514,0,150,196.958936,decode,1,2084
1068,201.14373709010587,201.18668779778514,0,151,196.96163,decode,1,146
1068,201.14373709010587,201.18668779778514,0,152,197.060204,prefill,506,1213
1069,201.18668779778514,201.2306893854644,0,126,196.05413,decode,1,3473
1069,201.18668779778514,201.2306893854644,0,143,196.760425,decode,1,277
1069,201.18668779778514,201.2306893854644,0,147,196.862354,decode,1,268
1069,201.18668779778514,201.2306893854644,0,149,196.957472,decode,1,3525
1069,201.18668779778514,201.2306893854644,0,150,196.958936,decode,1,2085
1069,201.18668779778514,201.2306893854644,0,151,196.96163,decode,1,147
1069,201.18668779778514,201.2306893854644,0,152,197.060204,prefill,506,1719
1070,201.2306893854644,201.27550902114365,0,126,196.05413,decode,1,3474
1070,201.2306893854644,201.27550902114365,0,143,196.760425,decode,1,278
1070,201.2306893854644,201.27550902114365,0,147,196.862354,decode,1,269
1070,201.2306893854644,201.27550902114365,0,149,196.957472,decode,1,3526
1070,201.2306893854644,201.27550902114365,0,150,196.958936,decode,1,2086
1070,201.2306893854644,201.27550902114365,0,151,196.96163,decode,1,148
1070,201.2306893854644,201.27550902114365,0,152,197.060204,prefill,424,2225
1070,201.2306893854644,201.27550902114365,0,153,197.157665,prefill,82,0
1071,201.27550902114365,201.3162868328229,0,126,196.05413,decode,1,3475
1071,201.27550902114365,201.3162868328229,0,143,196.760425,decode,1,279
1071,201.27550902114365,201.3162868328229,0,147,196.862354,decode,1,270
1071,201.27550902114365,201.3162868328229,0,149,196.957472,decode,1,3527
1071,201.27550902114365,201.3162868328229,0,151,196.96163,decode,1,149
1071,201.27550902114365,201.3162868328229,0,152,197.060204,decode,1,2650
1071,201.27550902114365,201.3162868328229,0,153,197.157665,prefill,506,82
1072,201.3162868328229,201.3574321847688,0,126,196.05413,decode,1,3476
1072,201.3162868328229,201.3574321847688,0,143,196.760425,decode,1,280
1072,201.3162868328229,201.3574321847688,0,147,196.862354,decode,1,271
1072,201.3162868328229,201.3574321847688,0,151,196.96163,decode,1,150
1072,201.3162868328229,201.3574321847688,0,152,197.060204,decode,1,2651
1072,201.3162868328229,201.3574321847688,0,153,197.157665,prefill,507,588
1073,201.3574321847688,201.3997753617814,0,126,196.05413,decode,1,3477
1073,201.3574321847688,201.3997753617814,0,143,196.760425,decode,1,281
1073,201.3574321847688,201.3997753617814,0,147,196.862354,decode,1,272
1073,201.3574321847688,201.3997753617814,0,151,196.96163,decode,1,151
1073,201.3574321847688,201.3997753617814,0,152,197.060204,decode,1,2652
1073,201.3574321847688,201.3997753617814,0,153,197.157665,prefill,507,1095
1074,201.3997753617814,201.44334315746065,0,126,196.05413,decode,1,3478
1074,201.3997753617814,201.44334315746065,0,143,196.760425,decode,1,282
1074,201.3997753617814,201.44334315746065,0,147,196.862354,decode,1,273
1074,201.3997753617814,201.44334315746065,0,151,196.96163,decode,1,152
1074,201.3997753617814,201.44334315746065,0,152,197.060204,decode,1,2653
1074,201.3997753617814,201.44334315746065,0,153,197.157665,prefill,507,1602
1075,201.44334315746065,201.4873777691399,0,126,196.05413,decode,1,3479
1075,201.44334315746065,201.4873777691399,0,143,196.760425,decode,1,283
1075,201.44334315746065,201.4873777691399,0,147,196.862354,decode,1,274
1075,201.44334315746065,201.4873777691399,0,151,196.96163,decode,1,153
1075,201.44334315746065,201.4873777691399,0,152,197.060204,decode,1,2654
1075,201.44334315746065,201.4873777691399,0,153,197.157665,prefill,507,2109
1076,201.4873777691399,201.53230070081915,0,126,196.05413,decode,1,3480
1076,201.4873777691399,201.53230070081915,0,143,196.760425,decode,1,284
1076,201.4873777691399,201.53230070081915,0,147,196.862354,decode,1,275
1076,201.4873777691399,201.53230070081915,0,151,196.96163,decode,1,154
1076,201.4873777691399,201.53230070081915,0,152,197.060204,decode,1,2655
1076,201.4873777691399,201.53230070081915,0,153,197.157665,prefill,39,2616
1076,201.4873777691399,201.53230070081915,0,154,197.257388,prefill,468,0
1077,201.53230070081915,201.57399176049842,0,126,196.05413,decode,1,3481
1077,201.53230070081915,201.57399176049842,0,143,196.760425,decode,1,285
1077,201.53230070081915,201.57399176049842,0,147,196.862354,decode,1,276
1077,201.53230070081915,201.57399176049842,0,152,197.060204,decode,1,2656
1077,201.53230070081915,201.57399176049842,0,153,197.157665,decode,1,2656
1077,201.53230070081915,201.57399176049842,0,154,197.257388,prefill,507,468
1078,201.57399176049842,201.61676299795545,0,126,196.05413,decode,1,3482
1078,201.57399176049842,201.61676299795545,0,143,196.760425,decode,1,286
1078,201.57399176049842,201.61676299795545,0,147,196.862354,decode,1,277
1078,201.57399176049842,201.61676299795545,0,152,197.060204,decode,1,2657
1078,201.57399176049842,201.61676299795545,0,153,197.157665,decode,1,2657
1078,201.57399176049842,201.61676299795545,0,154,197.257388,prefill,507,975
1079,201.61676299795545,201.6580764576347,0,126,196.05413,decode,1,3483
1079,201.61676299795545,201.6580764576347,0,143,196.760425,decode,1,287
1079,201.61676299795545,201.6580764576347,0,147,196.862354,decode,1,278
1079,201.61676299795545,201.6580764576347,0,152,197.060204,decode,1,2658
1079,201.61676299795545,201.6580764576347,0,153,197.157665,decode,1,2658
1079,201.61676299795545,201.6580764576347,0,154,197.257388,prefill,242,1482
1079,201.61676299795545,201.6580764576347,0,155,197.262359,prefill,265,0
1080,201.6580764576347,201.69952201331395,0,126,196.05413,decode,1,3484
1080,201.6580764576347,201.69952201331395,0,143,196.760425,decode,1,288
1080,201.6580764576347,201.69952201331395,0,147,196.862354,decode,1,279
1080,201.6580764576347,201.69952201331395,0,152,197.060204,decode,1,2659
1080,201.6580764576347,201.69952201331395,0,153,197.157665,decode,1,2659
1080,201.6580764576347,201.69952201331395,0,154,197.257388,decode,1,1725
1080,201.6580764576347,201.69952201331395,0,155,197.262359,prefill,506,265
1081,201.69952201331395,201.7419772649932,0,126,196.05413,decode,1,3485
1081,201.69952201331395,201.7419772649932,0,143,196.760425,decode,1,289
1081,201.69952201331395,201.7419772649932,0,147,196.862354,decode,1,280
1081,201.69952201331395,201.7419772649932,0,152,197.060204,decode,1,2660
1081,201.69952201331395,201.7419772649932,0,153,197.157665,decode,1,2660
1081,201.69952201331395,201.7419772649932,0,154,197.257388,decode,1,1726
1081,201.69952201331395,201.7419772649932,0,155,197.262359,prefill,506,771
1082,201.7419772649932,201.78561853267246,0,126,196.05413,decode,1,3486
1082,201.7419772649932,201.78561853267246,0,143,196.760425,decode,1,290
1082,201.7419772649932,201.78561853267246,0,147,196.862354,decode,1,281
1082,201.7419772649932,201.78561853267246,0,152,197.060204,decode,1,2661
1082,201.7419772649932,201.78561853267246,0,153,197.157665,decode,1,2661
1082,201.7419772649932,201.78561853267246,0,154,197.257388,decode,1,1727
1082,201.7419772649932,201.78561853267246,0,155,197.262359,prefill,506,1277
1083,201.78561853267246,201.8274914803517,0,126,196.05413,decode,1,3487
1083,201.78561853267246,201.8274914803517,0,143,196.760425,decode,1,291
1083,201.78561853267246,201.8274914803517,0,147,196.862354,decode,1,282
1083,201.78561853267246,201.8274914803517,0,152,197.060204,decode,1,2662
1083,201.78561853267246,201.8274914803517,0,153,197.157665,decode,1,2662
1083,201.78561853267246,201.8274914803517,0,154,197.257388,decode,1,1728
1083,201.78561853267246,201.8274914803517,0,155,197.262359,prefill,345,1783
1083,201.78561853267246,201.8274914803517,0,156,197.357431,prefill,161,0
1084,201.8274914803517,201.87131752243096,0,126,196.05413,decode,1,3488
1084,201.8274914803517,201.87131752243096,0,143,196.760425,decode,1,292
1084,201.8274914803517,201.87131752243096,0,147,196.862354,decode,1,283
1084,201.8274914803517,201.87131752243096,0,152,197.060204,decode,1,2663
1084,201.8274914803517,201.87131752243096,0,153,197.157665,decode,1,2663
1084,201.8274914803517,201.87131752243096,0,154,197.257388,decode,1,1729
1084,201.8274914803517,201.87131752243096,0,155,197.262359,decode,1,2129
1084,201.8274914803517,201.87131752243096,0,156,197.357431,prefill,505,161
1085,201.87131752243096,201.91341120184353,0,126,196.05413,decode,1,3489
1085,201.87131752243096,201.91341120184353,0,143,196.760425,decode,1,293
1085,201.87131752243096,201.91341120184353,0,147,196.862354,decode,1,284
1085,201.87131752243096,201.91341120184353,0,152,197.060204,decode,1,2664
1085,201.87131752243096,201.91341120184353,0,154,197.257388,decode,1,1730
1085,201.87131752243096,201.91341120184353,0,155,197.262359,decode,1,2130
1085,201.87131752243096,201.91341120184353,0,156,197.357431,prefill,506,666
1086,201.91341120184353,201.95654853352278,0,126,196.05413,decode,1,3490
1086,201.91341120184353,201.95654853352278,0,143,196.760425,decode,1,294
1086,201.91341120184353,201.95654853352278,0,147,196.862354,decode,1,285
1086,201.91341120184353,201.95654853352278,0,152,197.060204,decode,1,2665
1086,201.91341120184353,201.95654853352278,0,154,197.257388,decode,1,1731
1086,201.91341120184353,201.95654853352278,0,155,197.262359,decode,1,2131
1086,201.91341120184353,201.95654853352278,0,156,197.357431,prefill,506,1172
1087,201.95654853352278,202.00073674520203,0,126,196.05413,decode,1,3491
1087,201.95654853352278,202.00073674520203,0,143,196.760425,decode,1,295
1087,201.95654853352278,202.00073674520203,0,147,196.862354,decode,1,286
1087,201.95654853352278,202.00073674520203,0,152,197.060204,decode,1,2666
1087,201.95654853352278,202.00073674520203,0,154,197.257388,decode,1,1732
1087,201.95654853352278,202.00073674520203,0,155,197.262359,decode,1,2132
1087,201.95654853352278,202.00073674520203,0,156,197.357431,prefill,506,1678
1088,202.00073674520203,202.04593513288128,0,126,196.05413,decode,1,3492
1088,202.00073674520203,202.04593513288128,0,143,196.760425,decode,1,296
1088,202.00073674520203,202.04593513288128,0,147,196.862354,decode,1,287
1088,202.00073674520203,202.04593513288128,0,152,197.060204,decode,1,2667
1088,202.00073674520203,202.04593513288128,0,154,197.257388,decode,1,1733
1088,202.00073674520203,202.04593513288128,0,155,197.262359,decode,1,2133
1088,202.00073674520203,202.04593513288128,0,156,197.357431,prefill,506,2184
1089,202.04593513288128,202.08886395256053,0,126,196.05413,decode,1,3493
1089,202.04593513288128,202.08886395256053,0,143,196.760425,decode,1,297
1089,202.04593513288128,202.08886395256053,0,147,196.862354,decode,1,288
1089,202.04593513288128,202.08886395256053,0,152,197.060204,decode,1,2668
1089,202.04593513288128,202.08886395256053,0,154,197.257388,decode,1,1734
1089,202.04593513288128,202.08886395256053,0,155,197.262359,decode,1,2134
1089,202.04593513288128,202.08886395256053,0,156,197.357431,prefill,377,2690
1089,202.04593513288128,202.08886395256053,0,157,197.361416,prefill,129,0
1090,202.08886395256053,202.1300919786398,0,126,196.05413,decode,1,3494
1090,202.08886395256053,202.1300919786398,0,143,196.760425,decode,1,298
1090,202.08886395256053,202.1300919786398,0,147,196.862354,decode,1,289
1090,202.08886395256053,202.1300919786398,0,154,197.257388,decode,1,1735
1090,202.08886395256053,202.1300919786398,0,155,197.262359,decode,1,2135
1090,202.08886395256053,202.1300919786398,0,156,197.357431,decode,1,3068
1090,202.08886395256053,202.1300919786398,0,157,197.361416,prefill,506,129
1091,202.1300919786398,202.1721850425857,0,126,196.05413,decode,1,3495
1091,202.1300919786398,202.1721850425857,0,143,196.760425,decode,1,299
1091,202.1300919786398,202.1721850425857,0,147,196.862354,decode,1,290
1091,202.1300919786398,202.1721850425857,0,154,197.257388,decode,1,1736
1091,202.1300919786398,202.1721850425857,0,155,197.262359,decode,1,2136
1091,202.1300919786398,202.1721850425857,0,156,197.357431,decode,1,3069
1091,202.1300919786398,202.1721850425857,0,157,197.361416,prefill,506,635
1092,202.1721850425857,202.2154759315983,0,126,196.05413,decode,1,3496
1092,202.1721850425857,202.2154759315983,0,143,196.760425,decode,1,300
1092,202.1721850425857,202.2154759315983,0,147,196.862354,decode,1,291
1092,202.1721850425857,202.2154759315983,0,154,197.257388,decode,1,1737
1092,202.1721850425857,202.2154759315983,0,155,197.262359,decode,1,2137
1092,202.1721850425857,202.2154759315983,0,156,197.357431,decode,1,3070
1092,202.1721850425857,202.2154759315983,0,157,197.361416,prefill,506,1141
1093,202.2154759315983,202.25999143927754,0,126,196.05413,decode,1,3497
1093,202.2154759315983,202.25999143927754,0,143,196.760425,decode,1,301
1093,202.2154759315983,202.25999143927754,0,147,196.862354,decode,1,292
1093,202.2154759315983,202.25999143927754,0,154,197.257388,decode,1,1738
1093,202.2154759315983,202.25999143927754,0,155,197.262359,decode,1,2138
1093,202.2154759315983,202.25999143927754,0,156,197.357431,decode,1,3071
1093,202.2154759315983,202.25999143927754,0,157,197.361416,prefill,506,1647
1094,202.25999143927754,202.3055954589568,0,126,196.05413,decode,1,3498
1094,202.25999143927754,202.3055954589568,0,143,196.760425,decode,1,302
1094,202.25999143927754,202.3055954589568,0,147,196.862354,decode,1,293
1094,202.25999143927754,202.3055954589568,0,154,197.257388,decode,1,1739
1094,202.25999143927754,202.3055954589568,0,155,197.262359,decode,1,2139
1094,202.25999143927754,202.3055954589568,0,156,197.357431,decode,1,3072
1094,202.25999143927754,202.3055954589568,0,157,197.361416,prefill,506,2153
1095,202.3055954589568,202.34836952663605,0,126,196.05413,decode,1,3499
1095,202.3055954589568,202.34836952663605,0,143,196.760425,decode,1,303
1095,202.3055954589568,202.34836952663605,0,147,196.862354,decode,1,294
1095,202.3055954589568,202.34836952663605,0,154,197.257388,decode,1,1740
1095,202.3055954589568,202.34836952663605,0,155,197.262359,decode,1,2140
1095,202.3055954589568,202.34836952663605,0,156,197.357431,decode,1,3073
1095,202.3055954589568,202.34836952663605,0,157,197.361416,prefill,267,2659
1095,202.3055954589568,202.34836952663605,0,158,197.460297,prefill,239,0
1096,202.34836952663605,202.3897938343153,0,126,196.05413,decode,1,3500
1096,202.34836952663605,202.3897938343153,0,143,196.760425,decode,1,304
1096,202.34836952663605,202.3897938343153,0,147,196.862354,decode,1,295
1096,202.34836952663605,202.3897938343153,0,154,197.257388,decode,1,1741
1096,202.34836952663605,202.3897938343153,0,156,197.357431,decode,1,3074
1096,202.34836952663605,202.3897938343153,0,157,197.361416,decode,1,2927
1096,202.34836952663605,202.3897938343153,0,158,197.460297,prefill,506,239
1097,202.3897938343153,202.43232483852788,0,126,196.05413,decode,1,3501
1097,202.3897938343153,202.43232483852788,0,143,196.760425,decode,1,305
1097,202.3897938343153,202.43232483852788,0,147,196.862354,decode,1,296
1097,202.3897938343153,202.43232483852788,0,156,197.357431,decode,1,3075
1097,202.3897938343153,202.43232483852788,0,157,197.361416,decode,1,2928
1097,202.3897938343153,202.43232483852788,0,158,197.460297,prefill,507,745
1098,202.43232483852788,202.47532572220712,0,126,196.05413,decode,1,3502
1098,202.43232483852788,202.47532572220712,0,143,196.760425,decode,1,306
1098,202.43232483852788,202.47532572220712,0,147,196.862354,decode,1,297
1098,202.43232483852788,202.47532572220712,0,157,197.361416,decode,1,2929
1098,202.43232483852788,202.47532572220712,0,158,197.460297,prefill,508,1252
1099,202.47532572220712,202.51655828588636,0,126,196.05413,decode,1,3503
1099,202.47532572220712,202.51655828588636,0,143,196.760425,decode,1,307
1099,202.47532572220712,202.51655828588636,0,147,196.862354,decode,1,298
1099,202.47532572220712,202.51655828588636,0,157,197.361416,decode,1,2930
1099,202.47532572220712,202.51655828588636,0,158,197.460297,prefill,140,1760
1099,202.47532572220712,202.51655828588636,0,159,197.460578,prefill,368,0
1100,202.51655828588636,202.5577971215656,0,126,196.05413,decode,1,3504
1100,202.51655828588636,202.5577971215656,0,143,196.760425,decode,1,308
1100,202.51655828588636,202.5577971215656,0,147,196.862354,decode,1,299
1100,202.51655828588636,202.5577971215656,0,157,197.361416,decode,1,2931
1100,202.51655828588636,202.5577971215656,0,158,197.460297,decode,1,1901
1100,202.51655828588636,202.5577971215656,0,159,197.460578,prefill,507,368
1101,202.5577971215656,202.6000049385782,0,126,196.05413,decode,1,3505
1101,202.5577971215656,202.6000049385782,0,143,196.760425,decode,1,309
1101,202.5577971215656,202.6000049385782,0,147,196.862354,decode,1,300
1101,202.5577971215656,202.6000049385782,0,157,197.361416,decode,1,2932
1101,202.5577971215656,202.6000049385782,0,158,197.460297,decode,1,1902
1101,202.5577971215656,202.6000049385782,0,159,197.460578,prefill,507,875
1102,202.6000049385782,202.64352601425745,0,126,196.05413,decode,1,3506
1102,202.6000049385782,202.64352601425745,0,143,196.760425,decode,1,310
1102,202.6000049385782,202.64352601425745,0,147,196.862354,decode,1,301
1102,202.6000049385782,202.64352601425745,0,157,197.361416,decode,1,2933
1102,202.6000049385782,202.64352601425745,0,158,197.460297,decode,1,1903
1102,202.6000049385782,202.64352601425745,0,159,197.460578,prefill,507,1382
1103,202.64352601425745,202.6852068339367,0,126,196.05413,decode,1,3507
1103,202.64352601425745,202.6852068339367,0,143,196.760425,decode,1,311
1103,202.64352601425745,202.6852068339367,0,147,196.862354,decode,1,302
1103,202.64352601425745,202.6852068339367,0,157,197.361416,decode,1,2934
1103,202.64352601425745,202.6852068339367,0,158,197.460297,decode,1,1904
1103,202.64352601425745,202.6852068339367,0,159,197.460578,prefill,158,1889
1103,202.64352601425745,202.6852068339367,0,160,197.461669,prefill,349,0
1104,202.6852068339367,202.72680061361595,0,126,196.05413,decode,1,3508
1104,202.6852068339367,202.72680061361595,0,143,196.760425,decode,1,312
1104,202.6852068339367,202.72680061361595,0,147,196.862354,decode,1,303
1104,202.6852068339367,202.72680061361595,0,157,197.361416,decode,1,2935
1104,202.6852068339367,202.72680061361595,0,158,197.460297,decode,1,1905
1104,202.6852068339367,202.72680061361595,0,159,197.460578,decode,1,2048
1104,202.6852068339367,202.72680061361595,0,160,197.461669,prefill,506,349
1105,202.72680061361595,202.76936337462854,0,126,196.05413,decode,1,3509
1105,202.72680061361595,202.76936337462854,0,143,196.760425,decode,1,313
1105,202.72680061361595,202.76936337462854,0,147,196.862354,decode,1,304
1105,202.72680061361595,202.76936337462854,0,157,197.361416,decode,1,2936
1105,202.72680061361595,202.76936337462854,0,158,197.460297,decode,1,1906
1105,202.72680061361595,202.76936337462854,0,159,197.460578,decode,1,2049
1105,202.72680061361595,202.76936337462854,0,160,197.461669,prefill,506,855
1106,202.76936337462854,202.8132393943078,0,126,196.05413,decode,1,3510
1106,202.76936337462854,202.8132393943078,0,143,196.760425,decode,1,314
1106,202.76936337462854,202.8132393943078,0,147,196.862354,decode,1,305
1106,202.76936337462854,202.8132393943078,0,157,197.361416,decode,1,2937
1106,202.76936337462854,202.8132393943078,0,158,197.460297,decode,1,1907
1106,202.76936337462854,202.8132393943078,0,159,197.460578,decode,1,2050
1106,202.76936337462854,202.8132393943078,0,160,197.461669,prefill,506,1361
1107,202.8132393943078,202.85776949398706,0,126,196.05413,decode,1,3511
1107,202.8132393943078,202.85776949398706,0,143,196.760425,decode,1,315
1107,202.8132393943078,202.85776949398706,0,147,196.862354,decode,1,306
1107,202.8132393943078,202.85776949398706,0,158,197.460297,decode,1,1908
1107,202.8132393943078,202.85776949398706,0,159,197.460578,decode,1,2051
1107,202.8132393943078,202.85776949398706,0,160,197.461669,prefill,507,1867
1108,202.85776949398706,202.90334612166632,0,126,196.05413,decode,1,3512
1108,202.85776949398706,202.90334612166632,0,143,196.760425,decode,1,316
1108,202.85776949398706,202.90334612166632,0,147,196.862354,decode,1,307
1108,202.85776949398706,202.90334612166632,0,158,197.460297,decode,1,1909
1108,202.85776949398706,202.90334612166632,0,159,197.460578,decode,1,2052
1108,202.85776949398706,202.90334612166632,0,160,197.461669,prefill,507,2374
1109,202.90334612166632,202.94997631734557,0,126,196.05413,decode,1,3513
1109,202.90334612166632,202.94997631734557,0,143,196.760425,decode,1,317
1109,202.90334612166632,202.94997631734557,0,147,196.862354,decode,1,308
1109,202.90334612166632,202.94997631734557,0,158,197.460297,decode,1,1910
1109,202.90334612166632,202.94997631734557,0,159,197.460578,decode,1,2053
1109,202.90334612166632,202.94997631734557,0,160,197.461669,prefill,507,2881
1110,202.94997631734557,202.99705054502482,0,126,196.05413,decode,1,3514
1110,202.94997631734557,202.99705054502482,0,143,196.760425,decode,1,318
1110,202.94997631734557,202.99705054502482,0,147,196.862354,decode,1,309
1110,202.94997631734557,202.99705054502482,0,158,197.460297,decode,1,1911
1110,202.94997631734557,202.99705054502482,0,159,197.460578,decode,1,2054
1110,202.94997631734557,202.99705054502482,0,160,197.461669,prefill,507,3388
1111,202.99705054502482,203.04062819670406,0,126,196.05413,decode,1,3515
1111,202.99705054502482,203.04062819670406,0,143,196.760425,decode,1,319
1111,202.99705054502482,203.04062819670406,0,147,196.862354,decode,1,310
1111,202.99705054502482,203.04062819670406,0,158,197.460297,decode,1,1912
1111,202.99705054502482,203.04062819670406,0,159,197.460578,decode,1,2055
1111,202.99705054502482,203.04062819670406,0,160,197.461669,prefill,146,3895
1111,202.99705054502482,203.04062819670406,0,161,197.560814,prefill,361,0
1112,203.04062819670406,203.0826326003833,0,126,196.05413,decode,1,3516
1112,203.04062819670406,203.0826326003833,0,143,196.760425,decode,1,320
1112,203.04062819670406,203.0826326003833,0,147,196.862354,decode,1,311
1112,203.04062819670406,203.0826326003833,0,158,197.460297,decode,1,1913
1112,203.04062819670406,203.0826326003833,0,159,197.460578,decode,1,2056
1112,203.04062819670406,203.0826326003833,0,160,197.461669,decode,1,4042
1112,203.04062819670406,203.0826326003833,0,161,197.560814,prefill,506,361
1113,203.0826326003833,203.1256059853959,0,126,196.05413,decode,1,3517
1113,203.0826326003833,203.1256059853959,0,143,196.760425,decode,1,321
1113,203.0826326003833,203.1256059853959,0,147,196.862354,decode,1,312
1113,203.0826326003833,203.1256059853959,0,158,197.460297,decode,1,1914
1113,203.0826326003833,203.1256059853959,0,159,197.460578,decode,1,2057
1113,203.0826326003833,203.1256059853959,0,160,197.461669,decode,1,4043
1113,203.0826326003833,203.1256059853959,0,161,197.560814,prefill,506,867
1114,203.1256059853959,203.16989262907515,0,126,196.05413,decode,1,3518
1114,203.1256059853959,203.16989262907515,0,143,196.760425,decode,1,322
1114,203.1256059853959,203.16989262907515,0,147,196.862354,decode,1,313
1114,203.1256059853959,203.16989262907515,0,158,197.460297,decode,1,1915
1114,203.1256059853959,203.16989262907515,0,159,197.460578,decode,1,2058
1114,203.1256059853959,203.16989262907515,0,160,197.461669,decode,1,4044
1114,203.1256059853959,203.16989262907515,0,161,197.560814,prefill,506,1373
1115,203.16989262907515,203.2153586647544,0,126,196.05413,decode,1,3519
1115,203.16989262907515,203.2153586647544,0,143,196.760425,decode,1,323
1115,203.16989262907515,203.2153586647544,0,147,196.862354,decode,1,314
1115,203.16989262907515,203.2153586647544,0,158,197.460297,decode,1,1916
1115,203.16989262907515,203.2153586647544,0,159,197.460578,decode,1,2059
1115,203.16989262907515,203.2153586647544,0,160,197.461669,decode,1,4045
1115,203.16989262907515,203.2153586647544,0,161,197.560814,prefill,506,1879
1116,203.2153586647544,203.26187122843365,0,126,196.05413,decode,1,3520
1116,203.2153586647544,203.26187122843365,0,143,196.760425,decode,1,324
1116,203.2153586647544,203.26187122843365,0,147,196.862354,decode,1,315
1116,203.2153586647544,203.26187122843365,0,158,197.460297,decode,1,1917
1116,203.2153586647544,203.26187122843365,0,159,197.460578,decode,1,2060
1116,203.2153586647544,203.26187122843365,0,160,197.461669,decode,1,4046
1116,203.2153586647544,203.26187122843365,0,161,197.560814,prefill,506,2385
1117,203.26187122843365,203.3089251681129,0,126,196.05413,decode,1,3521
1117,203.26187122843365,203.3089251681129,0,143,196.760425,decode,1,325
1117,203.26187122843365,203.3089251681129,0,147,196.862354,decode,1,316
1117,203.26187122843365,203.3089251681129,0,158,197.460297,decode,1,1918
1117,203.26187122843365,203.3089251681129,0,159,197.460578,decode,1,2061
1117,203.26187122843365,203.3089251681129,0,160,197.461669,decode,1,4047
1117,203.26187122843365,203.3089251681129,0,161,197.560814,prefill,80,2891
1117,203.26187122843365,203.3089251681129,0,162,197.561623,prefill,426,0
1118,203.3089251681129,203.3540966331255,0,126,196.05413,decode,1,3522
1118,203.3089251681129,203.3540966331255,0,143,196.760425,decode,1,326
1118,203.3089251681129,203.3540966331255,0,147,196.862354,decode,1,317
1118,203.3089251681129,203.3540966331255,0,158,197.460297,decode,1,1919
1118,203.3089251681129,203.3540966331255,0,159,197.460578,decode,1,2062
1118,203.3089251681129,203.3540966331255,0,160,197.461669,decode,1,4048
1118,203.3089251681129,203.3540966331255,0,161,197.560814,decode,1,2972
1118,203.3089251681129,203.3540966331255,0,162,197.561623,prefill,505,426
1119,203.3540966331255,203.39783417813808,0,126,196.05413,decode,1,3523
1119,203.3540966331255,203.39783417813808,0,143,196.760425,decode,1,327
1119,203.3540966331255,203.39783417813808,0,158,197.460297,decode,1,1920
1119,203.3540966331255,203.39783417813808,0,159,197.460578,decode,1,2063
1119,203.3540966331255,203.39783417813808,0,160,197.461669,decode,1,4049
1119,203.3540966331255,203.39783417813808,0,161,197.560814,decode,1,2973
1119,203.3540966331255,203.39783417813808,0,162,197.561623,prefill,506,931
1120,203.39783417813808,203.44268773381734,0,126,196.05413,decode,1,3524
1120,203.39783417813808,203.44268773381734,0,143,196.760425,decode,1,328
1120,203.39783417813808,203.44268773381734,0,158,197.460297,decode,1,1921
1120,203.39783417813808,203.44268773381734,0,159,197.460578,decode,1,2064
1120,203.39783417813808,203.44268773381734,0,160,197.461669,decode,1,4050
1120,203.39783417813808,203.44268773381734,0,161,197.560814,decode,1,2974
1120,203.39783417813808,203.44268773381734,0,162,197.561623,prefill,506,1437
1121,203.44268773381734,203.4857334174966,0,126,196.05413,decode,1,3525
1121,203.44268773381734,203.4857334174966,0,143,196.760425,decode,1,329
1121,203.44268773381734,203.4857334174966,0,158,197.460297,decode,1,1922
1121,203.44268773381734,203.4857334174966,0,159,197.460578,decode,1,2065
1121,203.44268773381734,203.4857334174966,0,160,197.461669,decode,1,4051
1121,203.44268773381734,203.4857334174966,0,161,197.560814,decode,1,2975
1121,203.44268773381734,203.4857334174966,0,162,197.561623,prefill,213,1943
1121,203.44268773381734,203.4857334174966,0,163,197.660334,prefill,293,0
1122,203.4857334174966,203.52979606117586,0,126,196.05413,decode,1,3526
1122,203.4857334174966,203.52979606117586,0,143,196.760425,decode,1,330
1122,203.4857334174966,203.52979606117586,0,158,197.460297,decode,1,1923
1122,203.4857334174966,203.52979606117586,0,159,197.460578,decode,1,2066
1122,203.4857334174966,203.52979606117586,0,160,197.461669,decode,1,4052
1122,203.4857334174966,203.52979606117586,0,161,197.560814,decode,1,2976
1122,203.4857334174966,203.52979606117586,0,162,197.561623,decode,1,2157
1122,203.4857334174966,203.52979606117586,0,163,197.660334,prefill,280,293
1122,203.4857334174966,203.52979606117586,0,164,197.661842,prefill,14,0
1122,203.4857334174966,203.52979606117586,0,165,197.662952,prefill,211,0
1123,203.52979606117586,203.5744967848551,0,126,196.05413,decode,1,3527
1123,203.52979606117586,203.5744967848551,0,158,197.460297,decode,1,1924
1123,203.52979606117586,203.5744967848551,0,159,197.460578,decode,1,2067
1123,203.52979606117586,203.5744967848551,0,160,197.461669,decode,1,4053
1123,203.52979606117586,203.5744967848551,0,161,197.560814,decode,1,2977
1123,203.52979606117586,203.5744967848551,0,162,197.561623,decode,1,2158
1123,203.52979606117586,203.5744967848551,0,163,197.660334,decode,1,574
1123,203.52979606117586,203.5744967848551,0,164,197.661842,decode,1,15
1123,203.52979606117586,203.5744967848551,0,165,197.662952,prefill,21,211
1123,203.52979606117586,203.5744967848551,0,166,197.666766,prefill,483,0
1124,203.5744967848551,203.61923885253438,0,126,196.05413,decode,1,3528
1124,203.5744967848551,203.61923885253438,0,158,197.460297,decode,1,1925
1124,203.5744967848551,203.61923885253438,0,159,197.460578,decode,1,2068
1124,203.5744967848551,203.61923885253438,0,160,197.461669,decode,1,4054
1124,203.5744967848551,203.61923885253438,0,161,197.560814,decode,1,2978
1124,203.5744967848551,203.61923885253438,0,162,197.561623,decode,1,2159
1124,203.5744967848551,203.61923885253438,0,163,197.660334,decode,1,575
1124,203.5744967848551,203.61923885253438,0,164,197.661842,decode,1,16
1124,203.5744967848551,203.61923885253438,0,165,197.662952,decode,1,233
1124,203.5744967848551,203.61923885253438,0,166,197.666766,prefill,503,483
1125,203.61923885253438,203.6650610979914,0,126,196.05413,decode,1,3529
1125,203.61923885253438,203.6650610979914,0,158,197.460297,decode,1,1926
1125,203.61923885253438,203.6650610979914,0,159,197.460578,decode,1,2069
1125,203.61923885253438,203.6650610979914,0,160,197.461669,decode,1,4055
1125,203.61923885253438,203.6650610979914,0,161,197.560814,decode,1,2979
1125,203.61923885253438,203.6650610979914,0,162,197.561623,decode,1,2160
1125,203.61923885253438,203.6650610979914,0,163,197.660334,decode,1,576
1125,203.61923885253438,203.6650610979914,0,164,197.661842,decode,1,17
1125,203.61923885253438,203.6650610979914,0,165,197.662952,decode,1,234
1125,203.61923885253438,203.6650610979914,0,166,197.666766,prefill,503,986
1126,203.6650610979914,203.71176886167066,0,126,196.05413,decode,1,3530
1126,203.6650610979914,203.71176886167066,0,158,197.460297,decode,1,1927
1126,203.6650610979914,203.71176886167066,0,159,197.460578,decode,1,2070
1126,203.6650610979914,203.71176886167066,0,160,197.461669,decode,1,4056
1126,203.6650610979914,203.71176886167066,0,162,197.561623,decode,1,2161
1126,203.6650610979914,203.71176886167066,0,163,197.660334,decode,1,577
1126,203.6650610979914,203.71176886167066,0,164,197.661842,decode,1,18
1126,203.6650610979914,203.71176886167066,0,165,197.662952,decode,1,235
1126,203.6650610979914,203.71176886167066,0,166,197.666766,prefill,504,1489
1127,203.71176886167066,203.75945736134992,0,126,196.05413,decode,1,3531
1127,203.71176886167066,203.75945736134992,0,158,197.460297,decode,1,1928
1127,203.71176886167066,203.75945736134992,0,159,197.460578,decode,1,2071
1127,203.71176886167066,203.75945736134992,0,160,197.461669,decode,1,4057
1127,203.71176886167066,203.75945736134992,0,162,197.561623,decode,1,2162
1127,203.71176886167066,203.75945736134992,0,163,197.660334,decode,1,578
1127,203.71176886167066,203.75945736134992,0,164,197.661842,decode,1,19
1127,203.71176886167066,203.75945736134992,0,165,197.662952,decode,1,236
1127,203.71176886167066,203.75945736134992,0,166,197.666766,prefill,504,1993
1128,203.75945736134992,203.80906624502916,0,126,196.05413,decode,1,3532
1128,203.75945736134992,203.80906624502916,0,158,197.460297,decode,1,1929
1128,203.75945736134992,203.80906624502916,0,159,197.460578,decode,1,2072
1128,203.75945736134992,203.80906624502916,0,160,197.461669,decode,1,4058
1128,203.75945736134992,203.80906624502916,0,162,197.561623,decode,1,2163
1128,203.75945736134992,203.80906624502916,0,164,197.661842,decode,1,20
1128,203.75945736134992,203.80906624502916,0,165,197.662952,decode,1,237
1128,203.75945736134992,203.80906624502916,0,166,197.666766,prefill,505,2497
1129,203.80906624502916,203.8530248247084,0,126,196.05413,decode,1,3533
1129,203.80906624502916,203.8530248247084,0,158,197.460297,decode,1,1930
1129,203.80906624502916,203.8530248247084,0,159,197.460578,decode,1,2073
1129,203.80906624502916,203.8530248247084,0,160,197.461669,decode,1,4059
1129,203.80906624502916,203.8530248247084,0,162,197.561623,decode,1,2164
1129,203.80906624502916,203.8530248247084,0,164,197.661842,decode,1,21
1129,203.80906624502916,203.8530248247084,0,166,197.666766,prefill,282,3002
1129,203.80906624502916,203.8530248247084,0,167,197.757794,prefill,224,0
1130,203.8530248247084,203.89845425238767,0,126,196.05413,decode,1,3534
1130,203.8530248247084,203.89845425238767,0,158,197.460297,decode,1,1931
1130,203.8530248247084,203.89845425238767,0,159,197.460578,decode,1,2074
1130,203.8530248247084,203.89845425238767,0,160,197.461669,decode,1,4060
1130,203.8530248247084,203.89845425238767,0,162,197.561623,decode,1,2165
1130,203.8530248247084,203.89845425238767,0,164,197.661842,decode,1,22
1130,203.8530248247084,203.89845425238767,0,166,197.666766,decode,1,3285
1130,203.8530248247084,203.89845425238767,0,167,197.757794,prefill,505,224
1131,203.89845425238767,203.94516663260026,0,126,196.05413,decode,1,3535
1131,203.89845425238767,203.94516663260026,0,158,197.460297,decode,1,1932
1131,203.89845425238767,203.94516663260026,0,159,197.460578,decode,1,2075
1131,203.89845425238767,203.94516663260026,0,160,197.461669,decode,1,4061
1131,203.89845425238767,203.94516663260026,0,162,197.561623,decode,1,2166
1131,203.89845425238767,203.94516663260026,0,164,197.661842,decode,1,23
1131,203.89845425238767,203.94516663260026,0,166,197.666766,decode,1,3286
1131,203.89845425238767,203.94516663260026,0,167,197.757794,prefill,505,729
1132,203.94516663260026,203.98759548427952,0,126,196.05413,decode,1,3536
1132,203.94516663260026,203.98759548427952,0,158,197.460297,decode,1,1933
1132,203.94516663260026,203.98759548427952,0,159,197.460578,decode,1,2076
1132,203.94516663260026,203.98759548427952,0,160,197.461669,decode,1,4062
1132,203.94516663260026,203.98759548427952,0,162,197.561623,decode,1,2167
1132,203.94516663260026,203.98759548427952,0,166,197.666766,decode,1,3287
1132,203.94516663260026,203.98759548427952,0,167,197.757794,prefill,130,1234
1132,203.94516663260026,203.98759548427952,0,168,197.759316,prefill,161,0
1132,203.94516663260026,203.98759548427952,0,169,197.762444,prefill,215,0
1133,203.98759548427952,204.0326270879588,0,126,196.05413,decode,1,3537
1133,203.98759548427952,204.0326270879588,0,158,197.460297,decode,1,1934
1133,203.98759548427952,204.0326270879588,0,159,197.460578,decode,1,2077
1133,203.98759548427952,204.0326270879588,0,160,197.461669,decode,1,4063
1133,203.98759548427952,204.0326270879588,0,162,197.561623,decode,1,2168
1133,203.98759548427952,204.0326270879588,0,166,197.666766,decode,1,3288
1133,203.98759548427952,204.0326270879588,0,167,197.757794,decode,1,1365
1133,203.98759548427952,204.0326270879588,0,168,197.759316,decode,1,162
1133,203.98759548427952,204.0326270879588,0,169,197.762444,prefill,101,215
1133,203.98759548427952,204.0326270879588,0,170,197.956059,prefill,403,0
1134,204.0326270879588,204.07764290497138,0,126,196.05413,decode,1,3538
1134,204.0326270879588,204.07764290497138,0,158,197.460297,decode,1,1935
1134,204.0326270879588,204.07764290497138,0,159,197.460578,decode,1,2078
1134,204.0326270879588,204.07764290497138,0,160,197.461669,decode,1,4064
1134,204.0326270879588,204.07764290497138,0,166,197.666766,decode,1,3289
1134,204.0326270879588,204.07764290497138,0,167,197.757794,decode,1,1366
1134,204.0326270879588,204.07764290497138,0,168,197.759316,decode,1,163
1134,204.0326270879588,204.07764290497138,0,169,197.762444,decode,1,317
1134,204.0326270879588,204.07764290497138,0,170,197.956059,prefill,504,403
1135,204.07764290497138,204.12356080198398,0,126,196.05413,decode,1,3539
1135,204.07764290497138,204.12356080198398,0,158,197.460297,decode,1,1936
1135,204.07764290497138,204.12356080198398,0,159,197.460578,decode,1,2079
1135,204.07764290497138,204.12356080198398,0,160,197.461669,decode,1,4065
1135,204.07764290497138,204.12356080198398,0,166,197.666766,decode,1,3290
1135,204.07764290497138,204.12356080198398,0,167,197.757794,decode,1,1367
1135,204.07764290497138,204.12356080198398,0,168,197.759316,decode,1,164
1135,204.07764290497138,204.12356080198398,0,169,197.762444,decode,1,318
1135,204.07764290497138,204.12356080198398,0,170,197.956059,prefill,504,907
1136,204.12356080198398,204.16958594166323,0,126,196.05413,decode,1,3540
1136,204.12356080198398,204.16958594166323,0,158,197.460297,decode,1,1937
1136,204.12356080198398,204.16958594166323,0,159,197.460578,decode,1,2080
1136,204.12356080198398,204.16958594166323,0,160,197.461669,decode,1,4066
1136,204.12356080198398,204.16958594166323,0,167,197.757794,decode,1,1368
1136,204.12356080198398,204.16958594166323,0,168,197.759316,decode,1,165
1136,204.12356080198398,204.16958594166323,0,169,197.762444,decode,1,319
1136,204.12356080198398,204.16958594166323,0,170,197.956059,prefill,505,1411
1137,204.16958594166323,204.21390125734248,0,126,196.05413,decode,1,3541
1137,204.16958594166323,204.21390125734248,0,158,197.460297,decode,1,1938
1137,204.16958594166323,204.21390125734248,0,159,197.460578,decode,1,2081
1137,204.16958594166323,204.21390125734248,0,160,197.461669,decode,1,4067
1137,204.16958594166323,204.21390125734248,0,167,197.757794,decode,1,1369
1137,204.16958594166323,204.21390125734248,0,168,197.759316,decode,1,166
1137,204.16958594166323,204.21390125734248,0,169,197.762444,decode,1,320
1137,204.16958594166323,204.21390125734248,0,170,197.956059,prefill,168,1916
1137,204.16958594166323,204.21390125734248,0,171,197.958569,prefill,337,0
1138,204.21390125734248,204.25825190102174,0,126,196.05413,decode,1,3542
1138,204.21390125734248,204.25825190102174,0,158,197.460297,decode,1,1939
1138,204.21390125734248,204.25825190102174,0,159,197.460578,decode,1,2082
1138,204.21390125734248,204.25825190102174,0,160,197.461669,decode,1,4068
1138,204.21390125734248,204.25825190102174,0,167,197.757794,decode,1,1370
1138,204.21390125734248,204.25825190102174,0,168,197.759316,decode,1,167
1138,204.21390125734248,204.25825190102174,0,169,197.762444,decode,1,321
1138,204.21390125734248,204.25825190102174,0,170,197.956059,decode,1,2085
1138,204.21390125734248,204.25825190102174,0,171,197.958569,prefill,504,337
1139,204.25825190102174,204.30357152603432,0,126,196.05413,decode,1,3543
1139,204.25825190102174,204.30357152603432,0,158,197.460297,decode,1,1940
1139,204.25825190102174,204.30357152603432,0,159,197.460578,decode,1,2083
1139,204.25825190102174,204.30357152603432,0,160,197.461669,decode,1,4069
1139,204.25825190102174,204.30357152603432,0,167,197.757794,decode,1,1371
1139,204.25825190102174,204.30357152603432,0,168,197.759316,decode,1,168
1139,204.25825190102174,204.30357152603432,0,169,197.762444,decode,1,322
1139,204.25825190102174,204.30357152603432,0,170,197.956059,decode,1,2086
1139,204.25825190102174,204.30357152603432,0,171,197.958569,prefill,504,841
1140,204.30357152603432,204.35020440971357,0,126,196.05413,decode,1,3544
1140,204.30357152603432,204.35020440971357,0,158,197.460297,decode,1,1941
1140,204.30357152603432,204.35020440971357,0,159,197.460578,decode,1,2084
1140,204.30357152603432,204.35020440971357,0,160,197.461669,decode,1,4070
1140,204.30357152603432,204.35020440971357,0,167,197.757794,decode,1,1372
1140,204.30357152603432,204.35020440971357,0,168,197.759316,decode,1,169
1140,204.30357152603432,204.35020440971357,0,169,197.762444,decode,1,323
1140,204.30357152603432,204.35020440971357,0,170,197.956059,decode,1,2087
1140,204.30357152603432,204.35020440971357,0,171,197.958569,prefill,504,1345
1141,204.35020440971357,204.39499370939282,0,126,196.05413,decode,1,3545
1141,204.35020440971357,204.39499370939282,0,158,197.460297,decode,1,1942
1141,204.35020440971357,204.39499370939282,0,159,197.460578,decode,1,2085
1141,204.35020440971357,204.39499370939282,0,160,197.461669,decode,1,4071
1141,204.35020440971357,204.39499370939282,0,168,197.759316,decode,1,170
1141,204.35020440971357,204.39499370939282,0,169,197.762444,decode,1,324
1141,204.35020440971357,204.39499370939282,0,170,197.956059,decode,1,2088
1141,204.35020440971357,204.39499370939282,0,171,197.958569,prefill,219,1849
1141,204.35020440971357,204.39499370939282,0,172,197.962759,prefill,286,0
1142,204.39499370939282,204.43958307307207,0,126,196.05413,decode,1,3546
1142,204.39499370939282,204.43958307307207,0,158,197.460297,decode,1,1943
1142,204.39499370939282,204.43958307307207,0,159,197.460578,decode,1,2086
1142,204.39499370939282,204.43958307307207,0,160,197.461669,decode,1,4072
1142,204.39499370939282,204.43958307307207,0,168,197.759316,decode,1,171
1142,204.39499370939282,204.43958307307207,0,169,197.762444,decode,1,325
1142,204.39499370939282,204.43958307307207,0,170,197.956059,decode,1,2089
1142,204.39499370939282,204.43958307307207,0,171,197.958569,decode,1,2069
1142,204.39499370939282,204.43958307307207,0,172,197.962759,prefill,504,286
1143,204.43958307307207,204.485138559418,0,126,196.05413,decode,1,3547
1143,204.43958307307207,204.485138559418,0,158,197.460297,decode,1,1944
1143,204.43958307307207,204.485138559418,0,159,197.460578,decode,1,2087
1143,204.43958307307207,204.485138559418,0,160,197.461669,decode,1,4073
1143,204.43958307307207,204.485138559418,0,168,197.759316,decode,1,172
1143,204.43958307307207,204.485138559418,0,169,197.762444,decode,1,326
1143,204.43958307307207,204.485138559418,0,170,197.956059,decode,1,2090
1143,204.43958307307207,204.485138559418,0,171,197.958569,decode,1,2070
1143,204.43958307307207,204.485138559418,0,172,197.962759,prefill,390,790
1143,204.43958307307207,204.485138559418,0,173,198.256738,prefill,114,0
1144,204.485138559418,204.52909755509725,0,126,196.05413,decode,1,3548
1144,204.485138559418,204.52909755509725,0,158,197.460297,decode,1,1945
1144,204.485138559418,204.52909755509725,0,159,197.460578,decode,1,2088
1144,204.485138559418,204.52909755509725,0,160,197.461669,decode,1,4074
1144,204.485138559418,204.52909755509725,0,168,197.759316,decode,1,173
1144,204.485138559418,204.52909755509725,0,169,197.762444,decode,1,327
1144,204.485138559418,204.52909755509725,0,170,197.956059,decode,1,2091
1144,204.485138559418,204.52909755509725,0,171,197.958569,decode,1,2071
1144,204.485138559418,204.52909755509725,0,172,197.962759,decode,1,1181
1144,204.485138559418,204.52909755509725,0,173,198.256738,prefill,503,114
1145,204.52909755509725,204.57394748304318,0,126,196.05413,decode,1,3549
1145,204.52909755509725,204.57394748304318,0,159,197.460578,decode,1,2089
1145,204.52909755509725,204.57394748304318,0,160,197.461669,decode,1,4075
1145,204.52909755509725,204.57394748304318,0,168,197.759316,decode,1,174
1145,204.52909755509725,204.57394748304318,0,169,197.762444,decode,1,328
1145,204.52909755509725,204.57394748304318,0,170,197.956059,decode,1,2092
1145,204.52909755509725,204.57394748304318,0,171,197.958569,decode,1,2072
1145,204.52909755509725,204.57394748304318,0,172,197.962759,decode,1,1182
1145,204.52909755509725,204.57394748304318,0,173,198.256738,prefill,504,617
1146,204.57394748304318,204.6199952360558,0,126,196.05413,decode,1,3550
1146,204.57394748304318,204.6199952360558,0,159,197.460578,decode,1,2090
1146,204.57394748304318,204.6199952360558,0,160,197.461669,decode,1,4076
1146,204.57394748304318,204.6199952360558,0,168,197.759316,decode,1,175
1146,204.57394748304318,204.6199952360558,0,169,197.762444,decode,1,329
1146,204.57394748304318,204.6199952360558,0,170,197.956059,decode,1,2093
1146,204.57394748304318,204.6199952360558,0,171,197.958569,decode,1,2073
1146,204.57394748304318,204.6199952360558,0,172,197.962759,decode,1,1183
1146,204.57394748304318,204.6199952360558,0,173,198.256738,prefill,504,1121
1147,204.6199952360558,204.66726760773503,0,126,196.05413,decode,1,3551
1147,204.6199952360558,204.66726760773503,0,159,197.460578,decode,1,2091
1147,204.6199952360558,204.66726760773503,0,160,197.461669,decode,1,4077
1147,204.6199952360558,204.66726760773503,0,168,197.759316,decode,1,176
1147,204.6199952360558,204.66726760773503,0,169,197.762444,decode,1,330
1147,204.6199952360558,204.66726760773503,0,170,197.956059,decode,1,2094
1147,204.6199952360558,204.66726760773503,0,171,197.958569,decode,1,2074
1147,204.6199952360558,204.66726760773503,0,172,197.962759,decode,1,1184
1147,204.6199952360558,204.66726760773503,0,173,198.256738,prefill,504,1625
1148,204.66726760773503,204.7163707634143,0,126,196.05413,decode,1,3552
1148,204.66726760773503,204.7163707634143,0,159,197.460578,decode,1,2092
1148,204.66726760773503,204.7163707634143,0,160,197.461669,decode,1,4078
1148,204.66726760773503,204.7163707634143,0,169,197.762444,decode,1,331
1148,204.66726760773503,204.7163707634143,0,170,197.956059,decode,1,2095
1148,204.66726760773503,204.7163707634143,0,171,197.958569,decode,1,2075
1148,204.66726760773503,204.7163707634143,0,172,197.962759,decode,1,1185
1148,204.66726760773503,204.7163707634143,0,173,198.256738,prefill,505,2129
1149,204.7163707634143,204.76264153509354,0,126,196.05413,decode,1,3553
1149,204.7163707634143,204.76264153509354,0,159,197.460578,decode,1,2093
1149,204.7163707634143,204.76264153509354,0,160,197.461669,decode,1,4079
1149,204.7163707634143,204.76264153509354,0,169,197.762444,decode,1,332
1149,204.7163707634143,204.76264153509354,0,170,197.956059,decode,1,2096
1149,204.7163707634143,204.76264153509354,0,171,197.958569,decode,1,2076
1149,204.7163707634143,204.76264153509354,0,172,197.962759,decode,1,1186
1149,204.7163707634143,204.76264153509354,0,173,198.256738,prefill,20,2634
1149,204.7163707634143,204.76264153509354,0,174,198.261235,prefill,146,0
1149,204.7163707634143,204.76264153509354,0,175,198.36061,prefill,318,0
1149,204.7163707634143,204.76264153509354,0,176,198.362513,prefill,21,0
1150,204.76264153509354,204.8062462587728,0,126,196.05413,decode,1,3554
1150,204.76264153509354,204.8062462587728,0,159,197.460578,decode,1,2094
1150,204.76264153509354,204.8062462587728,0,160,197.461669,decode,1,4080
1150,204.76264153509354,204.8062462587728,0,169,197.762444,decode,1,333
1150,204.76264153509354,204.8062462587728,0,170,197.956059,decode,1,2097
1150,204.76264153509354,204.8062462587728,0,171,197.958569,decode,1,2077
1150,204.76264153509354,204.8062462587728,0,172,197.962759,decode,1,1187
1150,204.76264153509354,204.8062462587728,0,173,198.256738,decode,1,2655
1150,204.76264153509354,204.8062462587728,0,174,198.261235,decode,1,147
1150,204.76264153509354,204.8062462587728,0,175,198.36061,decode,1,319
1150,204.76264153509354,204.8062462587728,0,176,198.362513,prefill,502,21
1151,204.8062462587728,204.85095011845206,0,126,196.05413,decode,1,3555
1151,204.8062462587728,204.85095011845206,0,159,197.460578,decode,1,2095
1151,204.8062462587728,204.85095011845206,0,160,197.461669,decode,1,4081
1151,204.8062462587728,204.85095011845206,0,169,197.762444,decode,1,334
1151,204.8062462587728,204.85095011845206,0,170,197.956059,decode,1,2098
1151,204.8062462587728,204.85095011845206,0,171,197.958569,decode,1,2078
1151,204.8062462587728,204.85095011845206,0,172,197.962759,decode,1,1188
1151,204.8062462587728,204.85095011845206,0,173,198.256738,decode,1,2656
1151,204.8062462587728,204.85095011845206,0,174,198.261235,decode,1,148
1151,204.8062462587728,204.85095011845206,0,175,198.36061,decode,1,320
1151,204.8062462587728,204.85095011845206,0,176,198.362513,prefill,502,523
1152,204.85095011845206,204.896492203198,0,126,196.05413,decode,1,3556
1152,204.85095011845206,204.896492203198,0,159,197.460578,decode,1,2096
1152,204.85095011845206,204.896492203198,0,160,197.461669,decode,1,4082
1152,204.85095011845206,204.896492203198,0,169,197.762444,decode,1,335
1152,204.85095011845206,204.896492203198,0,170,197.956059,decode,1,2099
1152,204.85095011845206,204.896492203198,0,172,197.962759,decode,1,1189
1152,204.85095011845206,204.896492203198,0,173,198.256738,decode,1,2657
1152,204.85095011845206,204.896492203198,0,174,198.261235,decode,1,149
1152,204.85095011845206,204.896492203198,0,175,198.36061,decode,1,321
1152,204.85095011845206,204.896492203198,0,176,198.362513,prefill,503,1025
1153,204.896492203198,204.94319996687724,0,126,196.05413,decode,1,3557
1153,204.896492203198,204.94319996687724,0,159,197.460578,decode,1,2097
1153,204.896492203198,204.94319996687724,0,160,197.461669,decode,1,4083
1153,204.896492203198,204.94319996687724,0,169,197.762444,decode,1,336
1153,204.896492203198,204.94319996687724,0,172,197.962759,decode,1,1190
1153,204.896492203198,204.94319996687724,0,173,198.256738,decode,1,2658
1153,204.896492203198,204.94319996687724,0,174,198.261235,decode,1,150
1153,204.896492203198,204.94319996687724,0,175,198.36061,decode,1,322
1153,204.896492203198,204.94319996687724,0,176,198.362513,prefill,504,1528
1154,204.94319996687724,204.9908884665565,0,126,196.05413,decode,1,3558
1154,204.94319996687724,204.9908884665565,0,159,197.460578,decode,1,2098
1154,204.94319996687724,204.9908884665565,0,160,197.461669,decode,1,4084
1154,204.94319996687724,204.9908884665565,0,169,197.762444,decode,1,337
1154,204.94319996687724,204.9908884665565,0,172,197.962759,decode,1,1191
1154,204.94319996687724,204.9908884665565,0,173,198.256738,decode,1,2659
1154,204.94319996687724,204.9908884665565,0,174,198.261235,decode,1,151
1154,204.94319996687724,204.9908884665565,0,175,198.36061,decode,1,323
1154,204.94319996687724,204.9908884665565,0,176,198.362513,prefill,504,2032
1155,204.9908884665565,205.03994106223575,0,126,196.05413,decode,1,3559
1155,204.9908884665565,205.03994106223575,0,159,197.460578,decode,1,2099
1155,204.9908884665565,205.03994106223575,0,160,197.461669,decode,1,4085
1155,204.9908884665565,205.03994106223575,0,169,197.762444,decode,1,338
1155,204.9908884665565,205.03994106223575,0,172,197.962759,decode,1,1192
1155,204.9908884665565,205.03994106223575,0,173,198.256738,decode,1,2660
1155,204.9908884665565,205.03994106223575,0,174,198.261235,decode,1,152
1155,204.9908884665565,205.03994106223575,0,175,198.36061,decode,1,324
1155,204.9908884665565,205.03994106223575,0,176,198.362513,prefill,504,2536
1156,205.03994106223575,205.086298745915,0,126,196.05413,decode,1,3560
1156,205.03994106223575,205.086298745915,0,159,197.460578,decode,1,2100
1156,205.03994106223575,205.086298745915,0,160,197.461669,decode,1,4086
1156,205.03994106223575,205.086298745915,0,172,197.962759,decode,1,1193
1156,205.03994106223575,205.086298745915,0,173,198.256738,decode,1,2661
1156,205.03994106223575,205.086298745915,0,174,198.261235,decode,1,153
1156,205.03994106223575,205.086298745915,0,175,198.36061,decode,1,325
1156,205.03994106223575,205.086298745915,0,176,198.362513,prefill,248,3040
1156,205.03994106223575,205.086298745915,0,177,198.458535,prefill,252,0
1156,205.03994106223575,205.086298745915,0,178,198.459715,prefill,5,0
1157,205.086298745915,205.12850334159427,0,126,196.05413,decode,1,3561
1157,205.086298745915,205.12850334159427,0,159,197.460578,decode,1,2101
1157,205.086298745915,205.12850334159427,0,160,197.461669,decode,1,4087
1157,205.086298745915,205.12850334159427,0,172,197.962759,decode,1,1194
1157,205.086298745915,205.12850334159427,0,173,198.256738,decode,1,2662
1157,205.086298745915,205.12850334159427,0,174,198.261235,decode,1,154
1157,205.086298745915,205.12850334159427,0,175,198.36061,decode,1,326
1157,205.086298745915,205.12850334159427,0,176,198.362513,decode,1,3289
1157,205.086298745915,205.12850334159427,0,177,198.458535,decode,1,253
1157,205.086298745915,205.12850334159427,0,178,198.459715,prefill,30,5
1157,205.086298745915,205.12850334159427,0,179,198.556942,prefill,337,0
1157,205.086298745915,205.12850334159427,0,180,198.557005,prefill,109,0
1157,205.086298745915,205.12850334159427,0,181,198.559614,prefill,27,0
1158,205.12850334159427,205.1703012812735,0,126,196.05413,decode,1,3562
1158,205.12850334159427,205.1703012812735,0,159,197.460578,decode,1,2102
1158,205.12850334159427,205.1703012812735,0,160,197.461669,decode,1,4088
1158,205.12850334159427,205.1703012812735,0,172,197.962759,decode,1,1195
1158,205.12850334159427,205.1703012812735,0,173,198.256738,decode,1,2663
1158,205.12850334159427,205.1703012812735,0,174,198.261235,decode,1,155
1158,205.12850334159427,205.1703012812735,0,175,198.36061,decode,1,327
1158,205.12850334159427,205.1703012812735,0,176,198.362513,decode,1,3290
1158,205.12850334159427,205.1703012812735,0,177,198.458535,decode,1,254
1158,205.12850334159427,205.1703012812735,0,178,198.459715,decode,1,36
1158,205.12850334159427,205.1703012812735,0,179,198.556942,decode,1,338
1158,205.12850334159427,205.1703012812735,0,180,198.557005,decode,1,110
1158,205.12850334159427,205.1703012812735,0,181,198.559614,prefill,121,27
1158,205.12850334159427,205.1703012812735,0,182,198.560831,prefill,379,0
1159,205.1703012812735,205.21411752495277,0,126,196.05413,decode,1,3563
1159,205.1703012812735,205.21411752495277,0,159,197.460578,decode,1,2103
1159,205.1703012812735,205.21411752495277,0,160,197.461669,decode,1,4089
1159,205.1703012812735,205.21411752495277,0,172,197.962759,decode,1,1196
1159,205.1703012812735,205.21411752495277,0,173,198.256738,decode,1,2664
1159,205.1703012812735,205.21411752495277,0,174,198.261235,decode,1,156
1159,205.1703012812735,205.21411752495277,0,175,198.36061,decode,1,328
1159,205.1703012812735,205.21411752495277,0,176,198.362513,decode,1,3291
1159,205.1703012812735,205.21411752495277,0,177,198.458535,decode,1,255
1159,205.1703012812735,205.21411752495277,0,178,198.459715,decode,1,37
1159,205.1703012812735,205.21411752495277,0,179,198.556942,decode,1,339
1159,205.1703012812735,205.21411752495277,0,180,198.557005,decode,1,111
1159,205.1703012812735,205.21411752495277,0,181,198.559614,decode,1,149
1159,205.1703012812735,205.21411752495277,0,182,198.560831,prefill,499,379
1160,205.21411752495277,205.25915782196535,0,126,196.05413,decode,1,3564
1160,205.21411752495277,205.25915782196535,0,159,197.460578,decode,1,2104
1160,205.21411752495277,205.25915782196535,0,160,197.461669,decode,1,4090
1160,205.21411752495277,205.25915782196535,0,172,197.962759,decode,1,1197
1160,205.21411752495277,205.25915782196535,0,173,198.256738,decode,1,2665
1160,205.21411752495277,205.25915782196535,0,174,198.261235,decode,1,157
1160,205.21411752495277,205.25915782196535,0,176,198.362513,decode,1,3292
1160,205.21411752495277,205.25915782196535,0,177,198.458535,decode,1,256
1160,205.21411752495277,205.25915782196535,0,178,198.459715,decode,1,38
1160,205.21411752495277,205.25915782196535,0,179,198.556942,decode,1,340
1160,205.21411752495277,205.25915782196535,0,180,198.557005,decode,1,112
1160,205.21411752495277,205.25915782196535,0,181,198.559614,decode,1,150
1160,205.21411752495277,205.25915782196535,0,182,198.560831,prefill,107,878
1160,205.21411752495277,205.25915782196535,0,183,198.563089,prefill,393,0
1161,205.25915782196535,205.30325459897793,0,126,196.05413,decode,1,3565
1161,205.25915782196535,205.30325459897793,0,159,197.460578,decode,1,2105
1161,205.25915782196535,205.30325459897793,0,160,197.461669,decode,1,4091
1161,205.25915782196535,205.30325459897793,0,172,197.962759,decode,1,1198
1161,205.25915782196535,205.30325459897793,0,173,198.256738,decode,1,2666
1161,205.25915782196535,205.30325459897793,0,174,198.261235,decode,1,158
1161,205.25915782196535,205.30325459897793,0,176,198.362513,decode,1,3293
1161,205.25915782196535,205.30325459897793,0,177,198.458535,decode,1,257
1161,205.25915782196535,205.30325459897793,0,178,198.459715,decode,1,39
1161,205.25915782196535,205.30325459897793,0,179,198.556942,decode,1,341
1161,205.25915782196535,205.30325459897793,0,180,198.557005,decode,1,113
1161,205.25915782196535,205.30325459897793,0,181,198.559614,decode,1,151
1161,205.25915782196535,205.30325459897793,0,182,198.560831,decode,1,986
1161,205.25915782196535,205.30325459897793,0,183,198.563089,prefill,499,393
1162,205.30325459897793,205.34818663999053,0,126,196.05413,decode,1,3566
1162,205.30325459897793,205.34818663999053,0,159,197.460578,decode,1,2106
1162,205.30325459897793,205.34818663999053,0,160,197.461669,decode,1,4092
1162,205.30325459897793,205.34818663999053,0,172,197.962759,decode,1,1199
1162,205.30325459897793,205.34818663999053,0,173,198.256738,decode,1,2667
1162,205.30325459897793,205.34818663999053,0,174,198.261235,decode,1,159
1162,205.30325459897793,205.34818663999053,0,176,198.362513,decode,1,3294
1162,205.30325459897793,205.34818663999053,0,177,198.458535,decode,1,258
1162,205.30325459897793,205.34818663999053,0,178,198.459715,decode,1,40
1162,205.30325459897793,205.34818663999053,0,179,198.556942,decode,1,342
1162,205.30325459897793,205.34818663999053,0,180,198.557005,decode,1,114
1162,205.30325459897793,205.34818663999053,0,181,198.559614,decode,1,152
1162,205.30325459897793,205.34818663999053,0,182,198.560831,decode,1,987
1162,205.30325459897793,205.34818663999053,0,183,198.563089,prefill,499,892
1163,205.34818663999053,205.3945788836698,0,126,196.05413,decode,1,3567
1163,205.34818663999053,205.3945788836698,0,159,197.460578,decode,1,2107
1163,205.34818663999053,205.3945788836698,0,160,197.461669,decode,1,4093
1163,205.34818663999053,205.3945788836698,0,172,197.962759,decode,1,1200
1163,205.34818663999053,205.3945788836698,0,173,198.256738,decode,1,2668
1163,205.34818663999053,205.3945788836698,0,174,198.261235,decode,1,160
1163,205.34818663999053,205.3945788836698,0,176,198.362513,decode,1,3295
1163,205.34818663999053,205.3945788836698,0,177,198.458535,decode,1,259
1163,205.34818663999053,205.3945788836698,0,178,198.459715,decode,1,41
1163,205.34818663999053,205.3945788836698,0,179,198.556942,decode,1,343
1163,205.34818663999053,205.3945788836698,0,181,198.559614,decode,1,153
1163,205.34818663999053,205.3945788836698,0,182,198.560831,decode,1,988
1163,205.34818663999053,205.3945788836698,0,183,198.563089,prefill,500,1391
1164,205.3945788836698,205.43895858334903,0,126,196.05413,decode,1,3568
1164,205.3945788836698,205.43895858334903,0,159,197.460578,decode,1,2108
1164,205.3945788836698,205.43895858334903,0,160,197.461669,decode,1,4094
1164,205.3945788836698,205.43895858334903,0,172,197.962759,decode,1,1201
1164,205.3945788836698,205.43895858334903,0,173,198.256738,decode,1,2669
1164,205.3945788836698,205.43895858334903,0,174,198.261235,decode,1,161
1164,205.3945788836698,205.43895858334903,0,176,198.362513,decode,1,3296
1164,205.3945788836698,205.43895858334903,0,177,198.458535,decode,1,260
1164,205.3945788836698,205.43895858334903,0,178,198.459715,decode,1,42
1164,205.3945788836698,205.43895858334903,0,179,198.556942,decode,1,344
1164,205.3945788836698,205.43895858334903,0,181,198.559614,decode,1,154
1164,205.3945788836698,205.43895858334903,0,182,198.560831,decode,1,989
1164,205.3945788836698,205.43895858334903,0,183,198.563089,prefill,245,1891
1164,205.3945788836698,205.43895858334903,0,184,198.566785,prefill,255,0
1165,205.43895858334903,205.4833999790283,0,126,196.05413,decode,1,3569
1165,205.43895858334903,205.4833999790283,0,159,197.460578,decode,1,2109
1165,205.43895858334903,205.4833999790283,0,160,197.461669,decode,1,4095
1165,205.43895858334903,205.4833999790283,0,172,197.962759,decode,1,1202
1165,205.43895858334903,205.4833999790283,0,173,198.256738,decode,1,2670
1165,205.43895858334903,205.4833999790283,0,176,198.362513,decode,1,3297
1165,205.43895858334903,205.4833999790283,0,177,198.458535,decode,1,261
1165,205.43895858334903,205.4833999790283,0,178,198.459715,decode,1,43
1165,205.43895858334903,205.4833999790283,0,179,198.556942,decode,1,345
1165,205.43895858334903,205.4833999790283,0,181,198.559614,decode,1,155
1165,205.43895858334903,205.4833999790283,0,182,198.560831,decode,1,990
1165,205.43895858334903,205.4833999790283,0,183,198.563089,decode,1,2137
1165,205.43895858334903,205.4833999790283,0,184,198.566785,prefill,500,255
1166,205.4833999790283,205.52647127124087,0,126,196.05413,decode,1,3570
1166,205.4833999790283,205.52647127124087,0,159,197.460578,decode,1,2110
1166,205.4833999790283,205.52647127124087,0,172,197.962759,decode,1,1203
1166,205.4833999790283,205.52647127124087,0,177,198.458535,decode,1,262
1166,205.4833999790283,205.52647127124087,0,178,198.459715,decode,1,44
1166,205.4833999790283,205.52647127124087,0,179,198.556942,decode,1,346
1166,205.4833999790283,205.52647127124087,0,181,198.559614,decode,1,156
1166,205.4833999790283,205.52647127124087,0,182,198.560831,decode,1,991
1166,205.4833999790283,205.52647127124087,0,183,198.563089,decode,1,2138
1166,205.4833999790283,205.52647127124087,0,184,198.566785,prefill,503,755
1167,205.52647127124087,205.57073129092012,0,126,196.05413,decode,1,3571
1167,205.52647127124087,205.57073129092012,0,159,197.460578,decode,1,2111
1167,205.52647127124087,205.57073129092012,0,172,197.962759,decode,1,1204
1167,205.52647127124087,205.57073129092012,0,177,198.458535,decode,1,263
1167,205.52647127124087,205.57073129092012,0,178,198.459715,decode,1,45
1167,205.52647127124087,205.57073129092012,0,179,198.556942,decode,1,347
1167,205.52647127124087,205.57073129092012,0,181,198.559614,decode,1,157
1167,205.52647127124087,205.57073129092012,0,182,198.560831,decode,1,992
1167,205.52647127124087,205.57073129092012,0,183,198.563089,decode,1,2139
1167,205.52647127124087,205.57073129092012,0,184,198.566785,prefill,503,1258
1168,205.57073129092012,205.61620577459936,0,126,196.05413,decode,1,3572
1168,205.57073129092012,205.61620577459936,0,159,197.460578,decode,1,2112
1168,205.57073129092012,205.61620577459936,0,172,197.962759,decode,1,1205
1168,205.57073129092012,205.61620577459936,0,177,198.458535,decode,1,264
1168,205.57073129092012,205.61620577459936,0,178,198.459715,decode,1,46
1168,205.57073129092012,205.61620577459936,0,179,198.556942,decode,1,348
1168,205.57073129092012,205.61620577459936,0,181,198.559614,decode,1,158
1168,205.57073129092012,205.61620577459936,0,182,198.560831,decode,1,993
1168,205.57073129092012,205.61620577459936,0,183,198.563089,decode,1,2140
1168,205.57073129092012,205.61620577459936,0,184,198.566785,prefill,503,1761
1169,205.61620577459936,205.6621584406786,0,126,196.05413,decode,1,3573
1169,205.61620577459936,205.6621584406786,0,159,197.460578,decode,1,2113
1169,205.61620577459936,205.6621584406786,0,172,197.962759,decode,1,1206
1169,205.61620577459936,205.6621584406786,0,177,198.458535,decode,1,265
1169,205.61620577459936,205.6621584406786,0,178,198.459715,decode,1,47
1169,205.61620577459936,205.6621584406786,0,179,198.556942,decode,1,349
1169,205.61620577459936,205.6621584406786,0,181,198.559614,decode,1,159
1169,205.61620577459936,205.6621584406786,0,182,198.560831,decode,1,994
1169,205.61620577459936,205.6621584406786,0,183,198.563089,decode,1,2141
1169,205.61620577459936,205.6621584406786,0,184,198.566785,prefill,393,2264
1169,205.61620577459936,205.6621584406786,0,185,198.761335,prefill,110,0
1170,205.6621584406786,205.70459308435787,0,126,196.05413,decode,1,3574
1170,205.6621584406786,205.70459308435787,0,159,197.460578,decode,1,2114
1170,205.6621584406786,205.70459308435787,0,172,197.962759,decode,1,1207
1170,205.6621584406786,205.70459308435787,0,177,198.458535,decode,1,266
1170,205.6621584406786,205.70459308435787,0,178,198.459715,decode,1,48
1170,205.6621584406786,205.70459308435787,0,181,198.559614,decode,1,160
1170,205.6621584406786,205.70459308435787,0,182,198.560831,decode,1,995
1170,205.6621584406786,205.70459308435787,0,183,198.563089,decode,1,2142
1170,205.6621584406786,205.70459308435787,0,184,198.566785,decode,1,2658
1170,205.6621584406786,205.70459308435787,0,185,198.761335,prefill,503,110
1171,205.70459308435787,205.7486792363038,0,126,196.05413,decode,1,3575
1171,205.70459308435787,205.7486792363038,0,159,197.460578,decode,1,2115
1171,205.70459308435787,205.7486792363038,0,172,197.962759,decode,1,1208
1171,205.70459308435787,205.7486792363038,0,177,198.458535,decode,1,267
1171,205.70459308435787,205.7486792363038,0,181,198.559614,decode,1,161
1171,205.70459308435787,205.7486792363038,0,182,198.560831,decode,1,996
1171,205.70459308435787,205.7486792363038,0,183,198.563089,decode,1,2143
1171,205.70459308435787,205.7486792363038,0,184,198.566785,decode,1,2659
1171,205.70459308435787,205.7486792363038,0,185,198.761335,prefill,504,613
1172,205.7486792363038,205.79356372531637,0,126,196.05413,decode,1,3576
1172,205.7486792363038,205.79356372531637,0,159,197.460578,decode,1,2116
1172,205.7486792363038,205.79356372531637,0,172,197.962759,decode,1,1209
1172,205.7486792363038,205.79356372531637,0,177,198.458535,decode,1,268
1172,205.7486792363038,205.79356372531637,0,181,198.559614,decode,1,162
1172,205.7486792363038,205.79356372531637,0,182,198.560831,decode,1,997
1172,205.7486792363038,205.79356372531637,0,184,198.566785,decode,1,2660
1172,205.7486792363038,205.79356372531637,0,185,198.761335,prefill,505,1117
1173,205.79356372531637,205.83798464099564,0,126,196.05413,decode,1,3577
1173,205.79356372531637,205.83798464099564,0,159,197.460578,decode,1,2117
1173,205.79356372531637,205.83798464099564,0,172,197.962759,decode,1,1210
1173,205.79356372531637,205.83798464099564,0,181,198.559614,decode,1,163
1173,205.79356372531637,205.83798464099564,0,182,198.560831,decode,1,998
1173,205.79356372531637,205.83798464099564,0,184,198.566785,decode,1,2661
1173,205.79356372531637,205.83798464099564,0,185,198.761335,prefill,506,1622
1174,205.83798464099564,205.8834940686749,0,126,196.05413,decode,1,3578
1174,205.83798464099564,205.8834940686749,0,159,197.460578,decode,1,2118
1174,205.83798464099564,205.8834940686749,0,172,197.962759,decode,1,1211
1174,205.83798464099564,205.8834940686749,0,181,198.559614,decode,1,164
1174,205.83798464099564,205.8834940686749,0,182,198.560831,decode,1,999
1174,205.83798464099564,205.8834940686749,0,184,198.566785,decode,1,2662
1174,205.83798464099564,205.8834940686749,0,185,198.761335,prefill,506,2128
1175,205.8834940686749,205.93007965635417,0,126,196.05413,decode,1,3579
1175,205.8834940686749,205.93007965635417,0,159,197.460578,decode,1,2119
1175,205.8834940686749,205.93007965635417,0,172,197.962759,decode,1,1212
1175,205.8834940686749,205.93007965635417,0,181,198.559614,decode,1,165
1175,205.8834940686749,205.93007965635417,0,182,198.560831,decode,1,1000
1175,205.8834940686749,205.93007965635417,0,184,198.566785,decode,1,2663
1175,205.8834940686749,205.93007965635417,0,185,198.761335,prefill,506,2634
1176,205.93007965635417,205.97308412403342,0,126,196.05413,decode,1,3580
1176,205.93007965635417,205.97308412403342,0,159,197.460578,decode,1,2120
1176,205.93007965635417,205.97308412403342,0,172,197.962759,decode,1,1213
1176,205.93007965635417,205.97308412403342,0,181,198.559614,decode,1,166
1176,205.93007965635417,205.97308412403342,0,182,198.560831,decode,1,1001
1176,205.93007965635417,205.97308412403342,0,185,198.761335,prefill,149,3140
1176,205.93007965635417,205.97308412403342,0,186,198.763149,prefill,358,0
1177,205.97308412403342,206.01483982371266,0,126,196.05413,decode,1,3581
1177,205.97308412403342,206.01483982371266,0,159,197.460578,decode,1,2121
1177,205.97308412403342,206.01483982371266,0,172,197.962759,decode,1,1214
1177,205.97308412403342,206.01483982371266,0,181,198.559614,decode,1,167
1177,205.97308412403342,206.01483982371266,0,182,198.560831,decode,1,1002
1177,205.97308412403342,206.01483982371266,0,185,198.761335,decode,1,3290
1177,205.97308412403342,206.01483982371266,0,186,198.763149,prefill,506,358
1178,206.01483982371266,206.05756450472526,0,126,196.05413,decode,1,3582
1178,206.01483982371266,206.05756450472526,0,159,197.460578,decode,1,2122
1178,206.01483982371266,206.05756450472526,0,172,197.962759,decode,1,1215
1178,206.01483982371266,206.05756450472526,0,181,198.559614,decode,1,168
1178,206.01483982371266,206.05756450472526,0,182,198.560831,decode,1,1003
1178,206.01483982371266,206.05756450472526,0,185,198.761335,decode,1,3291
1178,206.01483982371266,206.05756450472526,0,186,198.763149,prefill,506,864
1179,206.05756450472526,206.1016024444045,0,126,196.05413,decode,1,3583
1179,206.05756450472526,206.1016024444045,0,159,197.460578,decode,1,2123
1179,206.05756450472526,206.1016024444045,0,172,197.962759,decode,1,1216
1179,206.05756450472526,206.1016024444045,0,181,198.559614,decode,1,169
1179,206.05756450472526,206.1016024444045,0,182,198.560831,decode,1,1004
1179,206.05756450472526,206.1016024444045,0,185,198.761335,decode,1,3292
1179,206.05756450472526,206.1016024444045,0,186,198.763149,prefill,506,1370
1180,206.1016024444045,206.14319852808376,0,126,196.05413,decode,1,3584
1180,206.1016024444045,206.14319852808376,0,159,197.460578,decode,1,2124
1180,206.1016024444045,206.14319852808376,0,172,197.962759,decode,1,1217
1180,206.1016024444045,206.14319852808376,0,181,198.559614,decode,1,170
1180,206.1016024444045,206.14319852808376,0,182,198.560831,decode,1,1005
1180,206.1016024444045,206.14319852808376,0,185,198.761335,decode,1,3293
1180,206.1016024444045,206.14319852808376,0,186,198.763149,prefill,260,1876
1180,206.1016024444045,206.14319852808376,0,187,198.857267,prefill,135,0
1180,206.1016024444045,206.14319852808376,0,188,198.860735,prefill,111,0
1181,206.14319852808376,206.18586656909633,0,126,196.05413,decode,1,3585
1181,206.14319852808376,206.18586656909633,0,159,197.460578,decode,1,2125
1181,206.14319852808376,206.18586656909633,0,172,197.962759,decode,1,1218
1181,206.14319852808376,206.18586656909633,0,181,198.559614,decode,1,171
1181,206.14319852808376,206.18586656909633,0,182,198.560831,decode,1,1006
1181,206.14319852808376,206.18586656909633,0,185,198.761335,decode,1,3294
1181,206.14319852808376,206.18586656909633,0,186,198.763149,decode,1,2137
1181,206.14319852808376,206.18586656909633,0,187,198.857267,decode,1,136
1181,206.14319852808376,206.18586656909633,0,188,198.860735,prefill,70,111
1181,206.14319852808376,206.18586656909633,0,189,198.954274,prefill,434,0
1182,206.18586656909633,206.2293198901089,0,126,196.05413,decode,1,3586
1182,206.18586656909633,206.2293198901089,0,159,197.460578,decode,1,2126
1182,206.18586656909633,206.2293198901089,0,181,198.559614,decode,1,172
1182,206.18586656909633,206.2293198901089,0,182,198.560831,decode,1,1007
1182,206.18586656909633,206.2293198901089,0,185,198.761335,decode,1,3295
1182,206.18586656909633,206.2293198901089,0,186,198.763149,decode,1,2138
1182,206.18586656909633,206.2293198901089,0,187,198.857267,decode,1,137
1182,206.18586656909633,206.2293198901089,0,188,198.860735,decode,1,182
1182,206.18586656909633,206.2293198901089,0,189,198.954274,prefill,504,434
1183,206.2293198901089,206.2736752911215,0,126,196.05413,decode,1,3587
1183,206.2293198901089,206.2736752911215,0,159,197.460578,decode,1,2127
1183,206.2293198901089,206.2736752911215,0,181,198.559614,decode,1,173
1183,206.2293198901089,206.2736752911215,0,182,198.560831,decode,1,1008
1183,206.2293198901089,206.2736752911215,0,185,198.761335,decode,1,3296
1183,206.2293198901089,206.2736752911215,0,186,198.763149,decode,1,2139
1183,206.2293198901089,206.2736752911215,0,187,198.857267,decode,1,138
1183,206.2293198901089,206.2736752911215,0,188,198.860735,decode,1,183
1183,206.2293198901089,206.2736752911215,0,189,198.954274,prefill,504,938
1184,206.2736752911215,206.31914670280074,0,126,196.05413,decode,1,3588
1184,206.2736752911215,206.31914670280074,0,159,197.460578,decode,1,2128
1184,206.2736752911215,206.31914670280074,0,181,198.559614,decode,1,174
1184,206.2736752911215,206.31914670280074,0,182,198.560831,decode,1,1009
1184,206.2736752911215,206.31914670280074,0,185,198.761335,decode,1,3297
1184,206.2736752911215,206.31914670280074,0,186,198.763149,decode,1,2140
1184,206.2736752911215,206.31914670280074,0,187,198.857267,decode,1,139
1184,206.2736752911215,206.31914670280074,0,188,198.860735,decode,1,184
1184,206.2736752911215,206.31914670280074,0,189,198.954274,prefill,504,1442
1185,206.31914670280074,206.36570150647998,0,126,196.05413,decode,1,3589
1185,206.31914670280074,206.36570150647998,0,159,197.460578,decode,1,2129
1185,206.31914670280074,206.36570150647998,0,181,198.559614,decode,1,175
1185,206.31914670280074,206.36570150647998,0,182,198.560831,decode,1,1010
1185,206.31914670280074,206.36570150647998,0,185,198.761335,decode,1,3298
1185,206.31914670280074,206.36570150647998,0,186,198.763149,decode,1,2141
1185,206.31914670280074,206.36570150647998,0,187,198.857267,decode,1,140
1185,206.31914670280074,206.36570150647998,0,188,198.860735,decode,1,185
1185,206.31914670280074,206.36570150647998,0,189,198.954274,prefill,504,1946
1186,206.36570150647998,206.41370680615924,0,126,196.05413,decode,1,3590
1186,206.36570150647998,206.41370680615924,0,159,197.460578,decode,1,2130
1186,206.36570150647998,206.41370680615924,0,181,198.559614,decode,1,176
1186,206.36570150647998,206.41370680615924,0,182,198.560831,decode,1,1011
1186,206.36570150647998,206.41370680615924,0,185,198.761335,decode,1,3299
1186,206.36570150647998,206.41370680615924,0,186,198.763149,decode,1,2142
1186,206.36570150647998,206.41370680615924,0,188,198.860735,decode,1,186
1186,206.36570150647998,206.41370680615924,0,189,198.954274,prefill,505,2450
1187,206.41370680615924,206.4606589858385,0,126,196.05413,decode,1,3591
1187,206.41370680615924,206.4606589858385,0,159,197.460578,decode,1,2131
1187,206.41370680615924,206.4606589858385,0,181,198.559614,decode,1,177
1187,206.41370680615924,206.4606589858385,0,185,198.761335,decode,1,3300
1187,206.41370680615924,206.4606589858385,0,186,198.763149,decode,1,2143
1187,206.41370680615924,206.4606589858385,0,188,198.860735,decode,1,187
1187,206.41370680615924,206.4606589858385,0,189,198.954274,prefill,444,2955
1187,206.41370680615924,206.4606589858385,0,190,198.959631,prefill,62,0
1188,206.4606589858385,206.50498793351775,0,126,196.05413,decode,1,3592
1188,206.4606589858385,206.50498793351775,0,159,197.460578,decode,1,2132
1188,206.4606589858385,206.50498793351775,0,181,198.559614,decode,1,178
1188,206.4606589858385,206.50498793351775,0,185,198.761335,decode,1,3301
1188,206.4606589858385,206.50498793351775,0,186,198.763149,decode,1,2144
1188,206.4606589858385,206.50498793351775,0,188,198.860735,decode,1,188
1188,206.4606589858385,206.50498793351775,0,189,198.954274,decode,1,3400
1188,206.4606589858385,206.50498793351775,0,190,198.959631,prefill,505,62
1189,206.50498793351775,206.550416017197,0,126,196.05413,decode,1,3593
1189,206.50498793351775,206.550416017197,0,159,197.460578,decode,1,2133
1189,206.50498793351775,206.550416017197,0,181,198.559614,decode,1,179
1189,206.50498793351775,206.550416017197,0,185,198.761335,decode,1,3302
1189,206.50498793351775,206.550416017197,0,186,198.763149,decode,1,2145
1189,206.50498793351775,206.550416017197,0,188,198.860735,decode,1,189
1189,206.50498793351775,206.550416017197,0,189,198.954274,decode,1,3401
1189,206.50498793351775,206.550416017197,0,190,198.959631,prefill,500,567
1189,206.50498793351775,206.550416017197,0,191,198.960649,prefill,5,0
1190,206.550416017197,206.59444480487625,0,126,196.05413,decode,1,3594
1190,206.550416017197,206.59444480487625,0,159,197.460578,decode,1,2134
1190,206.550416017197,206.59444480487625,0,181,198.559614,decode,1,180
1190,206.550416017197,206.59444480487625,0,185,198.761335,decode,1,3303
1190,206.550416017197,206.59444480487625,0,186,198.763149,decode,1,2146
1190,206.550416017197,206.59444480487625,0,188,198.860735,decode,1,190
1190,206.550416017197,206.59444480487625,0,189,198.954274,decode,1,3402
1190,206.550416017197,206.59444480487625,0,190,198.959631,decode,1,1068
1190,206.550416017197,206.59444480487625,0,191,198.960649,prefill,504,5
1191,206.59444480487625,206.6386185525555,0,126,196.05413,decode,1,3595
1191,206.59444480487625,206.6386185525555,0,159,197.460578,decode,1,2135
1191,206.59444480487625,206.6386185525555,0,181,198.559614,decode,1,181
1191,206.59444480487625,206.6386185525555,0,186,198.763149,decode,1,2147
1191,206.59444480487625,206.6386185525555,0,188,198.860735,decode,1,191
1191,206.59444480487625,206.6386185525555,0,189,198.954274,decode,1,3403
1191,206.59444480487625,206.6386185525555,0,190,198.959631,decode,1,1069
1191,206.59444480487625,206.6386185525555,0,191,198.960649,prefill,505,509
1192,206.6386185525555,206.68142691001253,0,126,196.05413,decode,1,3596
1192,206.6386185525555,206.68142691001253,0,159,197.460578,decode,1,2136
1192,206.6386185525555,206.68142691001253,0,181,198.559614,decode,1,182
1192,206.6386185525555,206.68142691001253,0,188,198.860735,decode,1,192
1192,206.6386185525555,206.68142691001253,0,189,198.954274,decode,1,3404
1192,206.6386185525555,206.68142691001253,0,190,198.959631,decode,1,1070
1192,206.6386185525555,206.68142691001253,0,191,198.960649,prefill,506,1014
1193,206.68142691001253,206.72556033769177,0,126,196.05413,decode,1,3597
1193,206.68142691001253,206.72556033769177,0,159,197.460578,decode,1,2137
1193,206.68142691001253,206.72556033769177,0,181,198.559614,decode,1,183
1193,206.68142691001253,206.72556033769177,0,188,198.860735,decode,1,193
1193,206.68142691001253,206.72556033769177,0,189,198.954274,decode,1,3405
1193,206.68142691001253,206.72556033769177,0,190,198.959631,decode,1,1071
1193,206.68142691001253,206.72556033769177,0,191,198.960649,prefill,506,1520
1194,206.72556033769177,206.77067450137102,0,126,196.05413,decode,1,3598
1194,206.72556033769177,206.77067450137102,0,159,197.460578,decode,1,2138
1194,206.72556033769177,206.77067450137102,0,181,198.559614,decode,1,184
1194,206.72556033769177,206.77067450137102,0,188,198.860735,decode,1,194
1194,206.72556033769177,206.77067450137102,0,189,198.954274,decode,1,3406
1194,206.72556033769177,206.77067450137102,0,190,198.959631,decode,1,1072
1194,206.72556033769177,206.77067450137102,0,191,198.960649,prefill,506,2026
1195,206.77067450137102,206.81715276105027,0,126,196.05413,decode,1,3599
1195,206.77067450137102,206.81715276105027,0,159,197.460578,decode,1,2139
1195,206.77067450137102,206.81715276105027,0,181,198.559614,decode,1,185
1195,206.77067450137102,206.81715276105027,0,188,198.860735,decode,1,195
1195,206.77067450137102,206.81715276105027,0,189,198.954274,decode,1,3407
1195,206.77067450137102,206.81715276105027,0,190,198.959631,decode,1,1073
1195,206.77067450137102,206.81715276105027,0,191,198.960649,prefill,506,2532
1196,206.81715276105027,206.86445585272952,0,126,196.05413,decode,1,3600
1196,206.81715276105027,206.86445585272952,0,159,197.460578,decode,1,2140
1196,206.81715276105027,206.86445585272952,0,181,198.559614,decode,1,186
1196,206.81715276105027,206.86445585272952,0,188,198.860735,decode,1,196
1196,206.81715276105027,206.86445585272952,0,189,198.954274,decode,1,3408
1196,206.81715276105027,206.86445585272952,0,190,198.959631,decode,1,1074
1196,206.81715276105027,206.86445585272952,0,191,198.960649,prefill,506,3038
1197,206.86445585272952,206.91225033640876,0,126,196.05413,decode,1,3601
1197,206.86445585272952,206.91225033640876,0,159,197.460578,decode,1,2141
1197,206.86445585272952,206.91225033640876,0,181,198.559614,decode,1,187
1197,206.86445585272952,206.91225033640876,0,188,198.860735,decode,1,197
1197,206.86445585272952,206.91225033640876,0,190,198.959631,decode,1,1075
1197,206.86445585272952,206.91225033640876,0,191,198.960649,prefill,507,3544
1198,206.91225033640876,206.95519106008803,0,126,196.05413,decode,1,3602
1198,206.91225033640876,206.95519106008803,0,159,197.460578,decode,1,2142
1198,206.91225033640876,206.95519106008803,0,181,198.559614,decode,1,188
1198,206.91225033640876,206.95519106008803,0,188,198.860735,decode,1,198
1198,206.91225033640876,206.95519106008803,0,191,198.960649,prefill,34,4051
1198,206.91225033640876,206.95519106008803,0,192,198.960841,prefill,153,0
1198,206.91225033640876,206.95519106008803,0,193,198.963892,prefill,321,0
1199,206.95519106008803,206.99503341576727,0,126,196.05413,decode,1,3603
1199,206.95519106008803,206.99503341576727,0,159,197.460578,decode,1,2143
1199,206.95519106008803,206.99503341576727,0,181,198.559614,decode,1,189
1199,206.95519106008803,206.99503341576727,0,188,198.860735,decode,1,199
1199,206.95519106008803,206.99503341576727,0,191,198.960649,decode,1,4086
1199,206.95519106008803,206.99503341576727,0,192,198.960841,decode,1,154
1199,206.95519106008803,206.99503341576727,0,193,198.963892,prefill,206,321
1199,206.95519106008803,206.99503341576727,0,194,198.965917,prefill,300,0
1200,206.99503341576727,207.03807257144652,0,126,196.05413,decode,1,3604
1200,206.99503341576727,207.03807257144652,0,159,197.460578,decode,1,2144
1200,206.99503341576727,207.03807257144652,0,181,198.559614,decode,1,190
1200,206.99503341576727,207.03807257144652,0,188,198.860735,decode,1,200
1200,206.99503341576727,207.03807257144652,0,191,198.960649,decode,1,4087
1200,206.99503341576727,207.03807257144652,0,192,198.960841,decode,1,155
1200,206.99503341576727,207.03807257144652,0,193,198.963892,decode,1,528
1200,206.99503341576727,207.03807257144652,0,194,198.965917,prefill,505,300
1201,207.03807257144652,207.08043323112577,0,126,196.05413,decode,1,3605
1201,207.03807257144652,207.08043323112577,0,159,197.460578,decode,1,2145
1201,207.03807257144652,207.08043323112577,0,188,198.860735,decode,1,201
1201,207.03807257144652,207.08043323112577,0,191,198.960649,decode,1,4088
1201,207.03807257144652,207.08043323112577,0,192,198.960841,decode,1,156
1201,207.03807257144652,207.08043323112577,0,193,198.963892,decode,1,529
1201,207.03807257144652,207.08043323112577,0,194,198.965917,prefill,506,805
1202,207.08043323112577,207.123854210805,0,126,196.05413,decode,1,3606
1202,207.08043323112577,207.123854210805,0,159,197.460578,decode,1,2146
1202,207.08043323112577,207.123854210805,0,188,198.860735,decode,1,202
1202,207.08043323112577,207.123854210805,0,191,198.960649,decode,1,4089
1202,207.08043323112577,207.123854210805,0,192,198.960841,decode,1,157
1202,207.08043323112577,207.123854210805,0,193,198.963892,decode,1,530
1202,207.08043323112577,207.123854210805,0,194,198.965917,prefill,506,1311
1203,207.123854210805,207.16818719048428,0,126,196.05413,decode,1,3607
1203,207.123854210805,207.16818719048428,0,159,197.460578,decode,1,2147
1203,207.123854210805,207.16818719048428,0,188,198.860735,decode,1,203
1203,207.123854210805,207.16818719048428,0,191,198.960649,decode,1,4090
1203,207.123854210805,207.16818719048428,0,192,198.960841,decode,1,158
1203,207.123854210805,207.16818719048428,0,193,198.963892,decode,1,531
1203,207.123854210805,207.16818719048428,0,194,198.965917,prefill,88,1817
1203,207.123854210805,207.16818719048428,0,195,198.977276,prefill,418,0
1204,207.16818719048428,207.21226566349685,0,126,196.05413,decode,1,3608
1204,207.16818719048428,207.21226566349685,0,159,197.460578,decode,1,2148
1204,207.16818719048428,207.21226566349685,0,188,198.860735,decode,1,204
1204,207.16818719048428,207.21226566349685,0,191,198.960649,decode,1,4091
1204,207.16818719048428,207.21226566349685,0,192,198.960841,decode,1,159
1204,207.16818719048428,207.21226566349685,0,193,198.963892,decode,1,532
1204,207.16818719048428,207.21226566349685,0,194,198.965917,decode,1,1906
1204,207.16818719048428,207.21226566349685,0,195,198.977276,prefill,505,418
1205,207.21226566349685,207.2554500351761,0,126,196.05413,decode,1,3609
1205,207.21226566349685,207.2554500351761,0,159,197.460578,decode,1,2149
1205,207.21226566349685,207.2554500351761,0,188,198.860735,decode,1,205
1205,207.21226566349685,207.2554500351761,0,191,198.960649,decode,1,4092
1205,207.21226566349685,207.2554500351761,0,192,198.960841,decode,1,160
1205,207.21226566349685,207.2554500351761,0,193,198.963892,decode,1,533
1205,207.21226566349685,207.2554500351761,0,194,198.965917,decode,1,1907
1205,207.21226566349685,207.2554500351761,0,195,198.977276,prefill,370,923
1205,207.21226566349685,207.2554500351761,0,196,199.057958,prefill,135,0
1206,207.2554500351761,207.29927607725534,0,126,196.05413,decode,1,3610
1206,207.2554500351761,207.29927607725534,0,159,197.460578,decode,1,2150
1206,207.2554500351761,207.29927607725534,0,188,198.860735,decode,1,206
1206,207.2554500351761,207.29927607725534,0,191,198.960649,decode,1,4093
1206,207.2554500351761,207.29927607725534,0,192,198.960841,decode,1,161
1206,207.2554500351761,207.29927607725534,0,194,198.965917,decode,1,1908
1206,207.2554500351761,207.29927607725534,0,195,198.977276,decode,1,1294
1206,207.2554500351761,207.29927607725534,0,196,199.057958,prefill,505,135
1207,207.29927607725534,207.34396715720126,0,126,196.05413,decode,1,3611
1207,207.29927607725534,207.34396715720126,0,159,197.460578,decode,1,2151
1207,207.29927607725534,207.34396715720126,0,188,198.860735,decode,1,207
1207,207.29927607725534,207.34396715720126,0,191,198.960649,decode,1,4094
1207,207.29927607725534,207.34396715720126,0,192,198.960841,decode,1,162
1207,207.29927607725534,207.34396715720126,0,194,198.965917,decode,1,1909
1207,207.29927607725534,207.34396715720126,0,195,198.977276,decode,1,1295
1207,207.29927607725534,207.34396715720126,0,196,199.057958,prefill,505,640
1208,207.34396715720126,207.38971565688053,0,126,196.05413,decode,1,3612
1208,207.34396715720126,207.38971565688053,0,159,197.460578,decode,1,2152
1208,207.34396715720126,207.38971565688053,0,188,198.860735,decode,1,208
1208,207.34396715720126,207.38971565688053,0,191,198.960649,decode,1,4095
1208,207.34396715720126,207.38971565688053,0,192,198.960841,decode,1,163
1208,207.34396715720126,207.38971565688053,0,194,198.965917,decode,1,1910
1208,207.34396715720126,207.38971565688053,0,195,198.977276,decode,1,1296
1208,207.34396715720126,207.38971565688053,0,196,199.057958,prefill,35,1145
1208,207.34396715720126,207.38971565688053,0,197,199.05802,prefill,61,0
1208,207.34396715720126,207.38971565688053,0,198,199.073379,prefill,409,0
1209,207.38971565688053,207.43156500989312,0,126,196.05413,decode,1,3613
1209,207.38971565688053,207.43156500989312,0,188,198.860735,decode,1,209
1209,207.38971565688053,207.43156500989312,0,192,198.960841,decode,1,164
1209,207.38971565688053,207.43156500989312,0,194,198.965917,decode,1,1911
1209,207.38971565688053,207.43156500989312,0,195,198.977276,decode,1,1297
1209,207.38971565688053,207.43156500989312,0,196,199.057958,decode,1,1181
1209,207.38971565688053,207.43156500989312,0,197,199.05802,decode,1,62
1209,207.38971565688053,207.43156500989312,0,198,199.073379,prefill,505,409
1210,207.43156500989312,207.47252026157238,0,126,196.05413,decode,1,3614
1210,207.43156500989312,207.47252026157238,0,188,198.860735,decode,1,210
1210,207.43156500989312,207.47252026157238,0,192,198.960841,decode,1,165
1210,207.43156500989312,207.47252026157238,0,194,198.965917,decode,1,1912
1210,207.43156500989312,207.47252026157238,0,195,198.977276,decode,1,1298
1210,207.43156500989312,207.47252026157238,0,196,199.057958,decode,1,1182
1210,207.43156500989312,207.47252026157238,0,197,199.05802,decode,1,63
1210,207.43156500989312,207.47252026157238,0,198,199.073379,prefill,364,914
1210,207.43156500989312,207.47252026157238,0,199,199.089585,prefill,65,0
1210,207.43156500989312,207.47252026157238,0,200,199.173472,prefill,76,0
1211,207.47252026157238,207.5118051175183,0,126,196.05413,decode,1,3615
1211,207.47252026157238,207.5118051175183,0,188,198.860735,decode,1,211
1211,207.47252026157238,207.5118051175183,0,192,198.960841,decode,1,166
1211,207.47252026157238,207.5118051175183,0,194,198.965917,decode,1,1913
1211,207.47252026157238,207.5118051175183,0,195,198.977276,decode,1,1299
1211,207.47252026157238,207.5118051175183,0,196,199.057958,decode,1,1183
1211,207.47252026157238,207.5118051175183,0,197,199.05802,decode,1,64
1211,207.47252026157238,207.5118051175183,0,198,199.073379,decode,1,1279
1211,207.47252026157238,207.5118051175183,0,199,199.089585,decode,1,66
1211,207.47252026157238,207.5118051175183,0,200,199.173472,prefill,141,76
1211,207.47252026157238,207.5118051175183,0,201,199.25647,prefill,287,0
1211,207.47252026157238,207.5118051175183,0,202,199.256526,prefill,75,0
1212,207.5118051175183,207.55289151586422,0,126,196.05413,decode,1,3616
1212,207.5118051175183,207.55289151586422,0,188,198.860735,decode,1,212
1212,207.5118051175183,207.55289151586422,0,192,198.960841,decode,1,167
1212,207.5118051175183,207.55289151586422,0,194,198.965917,decode,1,1914
1212,207.5118051175183,207.55289151586422,0,195,198.977276,decode,1,1300
1212,207.5118051175183,207.55289151586422,0,196,199.057958,decode,1,1184
1212,207.5118051175183,207.55289151586422,0,197,199.05802,decode,1,65
1212,207.5118051175183,207.55289151586422,0,198,199.073379,decode,1,1280
1212,207.5118051175183,207.55289151586422,0,199,199.089585,decode,1,67
1212,207.5118051175183,207.55289151586422,0,200,199.173472,decode,1,218
1212,207.5118051175183,207.55289151586422,0,201,199.25647,decode,1,288
1212,207.5118051175183,207.55289151586422,0,202,199.256526,prefill,501,75
1213,207.55289151586422,207.59511854384823,0,126,196.05413,decode,1,3617
1213,207.55289151586422,207.59511854384823,0,188,198.860735,decode,1,213
1213,207.55289151586422,207.59511854384823,0,194,198.965917,decode,1,1915
1213,207.55289151586422,207.59511854384823,0,195,198.977276,decode,1,1301
1213,207.55289151586422,207.59511854384823,0,196,199.057958,decode,1,1185
1213,207.55289151586422,207.59511854384823,0,197,199.05802,decode,1,66
1213,207.55289151586422,207.59511854384823,0,198,199.073379,decode,1,1281
1213,207.55289151586422,207.59511854384823,0,199,199.089585,decode,1,68
1213,207.55289151586422,207.59511854384823,0,200,199.173472,decode,1,219
1213,207.55289151586422,207.59511854384823,0,201,199.25647,decode,1,289
1213,207.55289151586422,207.59511854384823,0,202,199.256526,prefill,502,576
1214,207.59511854384823,207.6382714817751,0,126,196.05413,decode,1,3618
1214,207.59511854384823,207.6382714817751,0,188,198.860735,decode,1,214
1214,207.59511854384823,207.6382714817751,0,194,198.965917,decode,1,1916
1214,207.59511854384823,207.6382714817751,0,195,198.977276,decode,1,1302
1214,207.59511854384823,207.6382714817751,0,197,199.05802,decode,1,67
1214,207.59511854384823,207.6382714817751,0,198,199.073379,decode,1,1282
1214,207.59511854384823,207.6382714817751,0,199,199.089585,decode,1,69
1214,207.59511854384823,207.6382714817751,0,200,199.173472,decode,1,220
1214,207.59511854384823,207.6382714817751,0,201,199.25647,decode,1,290
1214,207.59511854384823,207.6382714817751,0,202,199.256526,prefill,503,1078
1215,207.6382714817751,207.6823541946353,0,126,196.05413,decode,1,3619
1215,207.6382714817751,207.6823541946353,0,188,198.860735,decode,1,215
1215,207.6382714817751,207.6823541946353,0,194,198.965917,decode,1,1917
1215,207.6382714817751,207.6823541946353,0,195,198.977276,decode,1,1303
1215,207.6382714817751,207.6823541946353,0,197,199.05802,decode,1,68
1215,207.6382714817751,207.6823541946353,0,198,199.073379,decode,1,1283
1215,207.6382714817751,207.6823541946353,0,199,199.089585,decode,1,70
1215,207.6382714817751,207.6823541946353,0,200,199.173472,decode,1,221
1215,207.6382714817751,207.6823541946353,0,201,199.25647,decode,1,291
1215,207.6382714817751,207.6823541946353,0,202,199.256526,prefill,503,1581
1216,207.6823541946353,207.7275060914955,0,126,196.05413,decode,1,3620
1216,207.6823541946353,207.7275060914955,0,188,198.860735,decode,1,216
1216,207.6823541946353,207.7275060914955,0,194,198.965917,decode,1,1918
1216,207.6823541946353,207.7275060914955,0,195,198.977276,decode,1,1304
1216,207.6823541946353,207.7275060914955,0,197,199.05802,decode,1,69
1216,207.6823541946353,207.7275060914955,0,198,199.073379,decode,1,1284
1216,207.6823541946353,207.7275060914955,0,199,199.089585,decode,1,71
1216,207.6823541946353,207.7275060914955,0,200,199.173472,decode,1,222
1216,207.6823541946353,207.7275060914955,0,201,199.25647,decode,1,292
1216,207.6823541946353,207.7275060914955,0,202,199.256526,prefill,503,2084
1217,207.7275060914955,207.77354630835572,0,126,196.05413,decode,1,3621
1217,207.7275060914955,207.77354630835572,0,188,198.860735,decode,1,217
1217,207.7275060914955,207.77354630835572,0,194,198.965917,decode,1,1919
1217,207.7275060914955,207.77354630835572,0,195,198.977276,decode,1,1305
1217,207.7275060914955,207.77354630835572,0,197,199.05802,decode,1,70
1217,207.7275060914955,207.77354630835572,0,198,199.073379,decode,1,1285
1217,207.7275060914955,207.77354630835572,0,199,199.089585,decode,1,72
1217,207.7275060914955,207.77354630835572,0,200,199.173472,decode,1,223
1217,207.7275060914955,207.77354630835572,0,201,199.25647,decode,1,293
1217,207.7275060914955,207.77354630835572,0,202,199.256526,prefill,477,2587
1217,207.7275060914955,207.77354630835572,0,203,199.256607,prefill,26,0
1218,207.77354630835572,207.81439564003497,0,126,196.05413,decode,1,3622
1218,207.77354630835572,207.81439564003497,0,188,198.860735,decode,1,218
1218,207.77354630835572,207.81439564003497,0,194,198.965917,decode,1,1920
1218,207.77354630835572,207.81439564003497,0,195,198.977276,decode,1,1306
1218,207.77354630835572,207.81439564003497,0,197,199.05802,decode,1,71
1218,207.77354630835572,207.81439564003497,0,198,199.073379,decode,1,1286
1218,207.77354630835572,207.81439564003497,0,199,199.089585,decode,1,73
1218,207.77354630835572,207.81439564003497,0,200,199.173472,decode,1,224
1218,207.77354630835572,207.81439564003497,0,201,199.25647,decode,1,294
1218,207.77354630835572,207.81439564003497,0,202,199.256526,decode,1,3065
1218,207.77354630835572,207.81439564003497,0,203,199.256607,prefill,90,26
1218,207.77354630835572,207.81439564003497,0,204,199.259161,prefill,412,0
1219,207.81439564003497,207.85677708904757,0,126,196.05413,decode,1,3623
1219,207.81439564003497,207.85677708904757,0,188,198.860735,decode,1,219
1219,207.81439564003497,207.85677708904757,0,194,198.965917,decode,1,1921
1219,207.81439564003497,207.85677708904757,0,195,198.977276,decode,1,1307
1219,207.81439564003497,207.85677708904757,0,197,199.05802,decode,1,72
1219,207.81439564003497,207.85677708904757,0,199,199.089585,decode,1,74
1219,207.81439564003497,207.85677708904757,0,200,199.173472,decode,1,225
1219,207.81439564003497,207.85677708904757,0,201,199.25647,decode,1,295
1219,207.81439564003497,207.85677708904757,0,202,199.256526,decode,1,3066
1219,207.81439564003497,207.85677708904757,0,203,199.256607,decode,1,117
1219,207.81439564003497,207.85677708904757,0,204,199.259161,prefill,502,412
1220,207.85677708904757,207.89866157806014,0,126,196.05413,decode,1,3624
1220,207.85677708904757,207.89866157806014,0,188,198.860735,decode,1,220
1220,207.85677708904757,207.89866157806014,0,195,198.977276,decode,1,1308
1220,207.85677708904757,207.89866157806014,0,197,199.05802,decode,1,73
1220,207.85677708904757,207.89866157806014,0,202,199.256526,decode,1,3067
1220,207.85677708904757,207.89866157806014,0,203,199.256607,decode,1,118
1220,207.85677708904757,207.89866157806014,0,204,199.259161,prefill,506,914
1221,207.89866157806014,207.93928921373939,0,126,196.05413,decode,1,3625
1221,207.89866157806014,207.93928921373939,0,188,198.860735,decode,1,221
1221,207.89866157806014,207.93928921373939,0,195,198.977276,decode,1,1309
1221,207.89866157806014,207.93928921373939,0,197,199.05802,decode,1,74
1221,207.89866157806014,207.93928921373939,0,202,199.256526,decode,1,3068
1221,207.89866157806014,207.93928921373939,0,203,199.256607,decode,1,119
1221,207.89866157806014,207.93928921373939,0,204,199.259161,prefill,218,1420
1221,207.89866157806014,207.93928921373939,0,205,199.259245,prefill,288,0
1222,207.93928921373939,207.98198520141864,0,126,196.05413,decode,1,3626
1222,207.93928921373939,207.98198520141864,0,188,198.860735,decode,1,222
1222,207.93928921373939,207.98198520141864,0,195,198.977276,decode,1,1310
1222,207.93928921373939,207.98198520141864,0,197,199.05802,decode,1,75
1222,207.93928921373939,207.98198520141864,0,202,199.256526,decode,1,3069
1222,207.93928921373939,207.98198520141864,0,203,199.256607,decode,1,120
1222,207.93928921373939,207.98198520141864,0,204,199.259161,decode,1,1639
1222,207.93928921373939,207.98198520141864,0,205,199.259245,prefill,505,288
1223,207.98198520141864,208.0256908850979,0,126,196.05413,decode,1,3627
1223,207.98198520141864,208.0256908850979,0,188,198.860735,decode,1,223
1223,207.98198520141864,208.0256908850979,0,195,198.977276,decode,1,1311
1223,207.98198520141864,208.0256908850979,0,197,199.05802,decode,1,76
1223,207.98198520141864,208.0256908850979,0,202,199.256526,decode,1,3070
1223,207.98198520141864,208.0256908850979,0,203,199.256607,decode,1,121
1223,207.98198520141864,208.0256908850979,0,204,199.259161,decode,1,1640
1223,207.98198520141864,208.0256908850979,0,205,199.259245,prefill,505,793
1224,208.0256908850979,208.07045688877716,0,126,196.05413,decode,1,3628
1224,208.0256908850979,208.07045688877716,0,188,198.860735,decode,1,224
1224,208.0256908850979,208.07045688877716,0,195,198.977276,decode,1,1312
1224,208.0256908850979,208.07045688877716,0,197,199.05802,decode,1,77
1224,208.0256908850979,208.07045688877716,0,202,199.256526,decode,1,3071
1224,208.0256908850979,208.07045688877716,0,203,199.256607,decode,1,122
1224,208.0256908850979,208.07045688877716,0,204,199.259161,decode,1,1641
1224,208.0256908850979,208.07045688877716,0,205,199.259245,prefill,505,1298
1225,208.07045688877716,208.1166527804564,0,126,196.05413,decode,1,3629
1225,208.07045688877716,208.1166527804564,0,188,198.860735,decode,1,225
1225,208.07045688877716,208.1166527804564,0,195,198.977276,decode,1,1313
1225,208.07045688877716,208.1166527804564,0,197,199.05802,decode,1,78
1225,208.07045688877716,208.1166527804564,0,202,199.256526,decode,1,3072
1225,208.07045688877716,208.1166527804564,0,203,199.256607,decode,1,123
1225,208.07045688877716,208.1166527804564,0,204,199.259161,decode,1,1642
1225,208.07045688877716,208.1166527804564,0,205,199.259245,prefill,505,1803
1226,208.1166527804564,208.16339638413567,0,126,196.05413,decode,1,3630
1226,208.1166527804564,208.16339638413567,0,188,198.860735,decode,1,226
1226,208.1166527804564,208.16339638413567,0,195,198.977276,decode,1,1314
1226,208.1166527804564,208.16339638413567,0,197,199.05802,decode,1,79
1226,208.1166527804564,208.16339638413567,0,202,199.256526,decode,1,3073
1226,208.1166527804564,208.16339638413567,0,203,199.256607,decode,1,124
1226,208.1166527804564,208.16339638413567,0,204,199.259161,decode,1,1643
1226,208.1166527804564,208.16339638413567,0,205,199.259245,prefill,505,2308
1227,208.16339638413567,208.21175125181492,0,126,196.05413,decode,1,3631
1227,208.16339638413567,208.21175125181492,0,188,198.860735,decode,1,227
1227,208.16339638413567,208.21175125181492,0,195,198.977276,decode,1,1315
1227,208.16339638413567,208.21175125181492,0,197,199.05802,decode,1,80
1227,208.16339638413567,208.21175125181492,0,202,199.256526,decode,1,3074
1227,208.16339638413567,208.21175125181492,0,203,199.256607,decode,1,125
1227,208.16339638413567,208.21175125181492,0,204,199.259161,decode,1,1644
1227,208.16339638413567,208.21175125181492,0,205,199.259245,prefill,505,2813
1228,208.21175125181492,208.25879808749417,0,126,196.05413,decode,1,3632
1228,208.21175125181492,208.25879808749417,0,188,198.860735,decode,1,228
1228,208.21175125181492,208.25879808749417,0,195,198.977276,decode,1,1316
1228,208.21175125181492,208.25879808749417,0,197,199.05802,decode,1,81
1228,208.21175125181492,208.25879808749417,0,202,199.256526,decode,1,3075
1228,208.21175125181492,208.25879808749417,0,204,199.259161,decode,1,1645
1228,208.21175125181492,208.25879808749417,0,205,199.259245,prefill,78,3318
1228,208.21175125181492,208.25879808749417,0,206,199.373513,prefill,428,0
1229,208.25879808749417,208.30118926450675,0,126,196.05413,decode,1,3633
1229,208.25879808749417,208.30118926450675,0,188,198.860735,decode,1,229
1229,208.25879808749417,208.30118926450675,0,195,198.977276,decode,1,1317
1229,208.25879808749417,208.30118926450675,0,202,199.256526,decode,1,3076
1229,208.25879808749417,208.30118926450675,0,204,199.259161,decode,1,1646
1229,208.25879808749417,208.30118926450675,0,205,199.259245,decode,1,3397
1229,208.25879808749417,208.30118926450675,0,206,199.373513,prefill,506,428
1230,208.30118926450675,208.34435964151933,0,126,196.05413,decode,1,3634
1230,208.30118926450675,208.34435964151933,0,188,198.860735,decode,1,230
1230,208.30118926450675,208.34435964151933,0,202,199.256526,decode,1,3077
1230,208.30118926450675,208.34435964151933,0,205,199.259245,decode,1,3398
1230,208.30118926450675,208.34435964151933,0,206,199.373513,prefill,508,934
1231,208.34435964151933,208.38864602919858,0,126,196.05413,decode,1,3635
1231,208.34435964151933,208.38864602919858,0,188,198.860735,decode,1,231
1231,208.34435964151933,208.38864602919858,0,202,199.256526,decode,1,3078
1231,208.34435964151933,208.38864602919858,0,205,199.259245,decode,1,3399
1231,208.34435964151933,208.38864602919858,0,206,199.373513,prefill,508,1442
1232,208.38864602919858,208.43221984087785,0,126,196.05413,decode,1,3636
1232,208.38864602919858,208.43221984087785,0,188,198.860735,decode,1,232
1232,208.38864602919858,208.43221984087785,0,205,199.259245,decode,1,3400
1232,208.38864602919858,208.43221984087785,0,206,199.373513,prefill,127,1950
1232,208.38864602919858,208.43221984087785,0,207,199.373602,prefill,382,0
1233,208.43221984087785,208.4739656845571,0,126,196.05413,decode,1,3637
1233,208.43221984087785,208.4739656845571,0,188,198.860735,decode,1,233
1233,208.43221984087785,208.4739656845571,0,205,199.259245,decode,1,3401
1233,208.43221984087785,208.4739656845571,0,206,199.373513,decode,1,2078
1233,208.43221984087785,208.4739656845571,0,207,199.373602,prefill,508,382
1234,208.4739656845571,208.51668050956968,0,126,196.05413,decode,1,3638
1234,208.4739656845571,208.51668050956968,0,188,198.860735,decode,1,234
1234,208.4739656845571,208.51668050956968,0,205,199.259245,decode,1,3402
1234,208.4739656845571,208.51668050956968,0,206,199.373513,decode,1,2079
1234,208.4739656845571,208.51668050956968,0,207,199.373602,prefill,508,890
1235,208.51668050956968,208.55910513724893,0,126,196.05413,decode,1,3639
1235,208.51668050956968,208.55910513724893,0,188,198.860735,decode,1,235
1235,208.51668050956968,208.55910513724893,0,206,199.373513,decode,1,2080
1235,208.51668050956968,208.55910513724893,0,207,199.373602,prefill,509,1398
1236,208.55910513724893,208.60277149292818,0,126,196.05413,decode,1,3640
1236,208.55910513724893,208.60277149292818,0,188,198.860735,decode,1,236
1236,208.55910513724893,208.60277149292818,0,206,199.373513,decode,1,2081
1236,208.55910513724893,208.60277149292818,0,207,199.373602,prefill,509,1907
1237,208.60277149292818,208.64748437660745,0,126,196.05413,decode,1,3641
1237,208.60277149292818,208.64748437660745,0,188,198.860735,decode,1,237
1237,208.60277149292818,208.64748437660745,0,206,199.373513,decode,1,2082
1237,208.60277149292818,208.64748437660745,0,207,199.373602,prefill,509,2416
1238,208.64748437660745,208.6932508282867,0,126,196.05413,decode,1,3642
1238,208.64748437660745,208.6932508282867,0,188,198.860735,decode,1,238
1238,208.64748437660745,208.6932508282867,0,206,199.373513,decode,1,2083
1238,208.64748437660745,208.6932508282867,0,207,199.373602,prefill,509,2925
1239,208.6932508282867,208.74040697596595,0,126,196.05413,decode,1,3643
1239,208.6932508282867,208.74040697596595,0,188,198.860735,decode,1,239
1239,208.6932508282867,208.74040697596595,0,206,199.373513,decode,1,2084
1239,208.6932508282867,208.74040697596595,0,207,199.373602,prefill,509,3434
1240,208.74040697596595,208.7831208836452,0,126,196.05413,decode,1,3644
1240,208.74040697596595,208.7831208836452,0,188,198.860735,decode,1,240
1240,208.74040697596595,208.7831208836452,0,206,199.373513,decode,1,2085
1240,208.74040697596595,208.7831208836452,0,207,199.373602,prefill,147,3943
1240,208.74040697596595,208.7831208836452,0,208,199.373666,prefill,362,0
1241,208.7831208836452,208.82518314332447,0,126,196.05413,decode,1,3645
1241,208.7831208836452,208.82518314332447,0,188,198.860735,decode,1,241
1241,208.7831208836452,208.82518314332447,0,206,199.373513,decode,1,2086
1241,208.7831208836452,208.82518314332447,0,207,199.373602,decode,1,4091
1241,208.7831208836452,208.82518314332447,0,208,199.373666,prefill,508,362
1242,208.82518314332447,208.8663016974037,0,126,196.05413,decode,1,3646
1242,208.82518314332447,208.8663016974037,0,188,198.860735,decode,1,242
1242,208.82518314332447,208.8663016974037,0,206,199.373513,decode,1,2087
1242,208.82518314332447,208.8663016974037,0,207,199.373602,decode,1,4092
1242,208.82518314332447,208.8663016974037,0,208,199.373666,prefill,214,870
1242,208.82518314332447,208.8663016974037,0,209,199.374811,prefill,294,0
1243,208.8663016974037,208.90803371708296,0,126,196.05413,decode,1,3647
1243,208.8663016974037,208.90803371708296,0,188,198.860735,decode,1,243
1243,208.8663016974037,208.90803371708296,0,206,199.373513,decode,1,2088
1243,208.8663016974037,208.90803371708296,0,207,199.373602,decode,1,4093
1243,208.8663016974037,208.90803371708296,0,208,199.373666,decode,1,1085
1243,208.8663016974037,208.90803371708296,0,209,199.374811,prefill,507,294
1244,208.90803371708296,208.9508525847622,0,126,196.05413,decode,1,3648
1244,208.90803371708296,208.9508525847622,0,188,198.860735,decode,1,244
1244,208.90803371708296,208.9508525847622,0,206,199.373513,decode,1,2089
1244,208.90803371708296,208.9508525847622,0,207,199.373602,decode,1,4094
1244,208.90803371708296,208.9508525847622,0,208,199.373666,decode,1,1086
1244,208.90803371708296,208.9508525847622,0,209,199.374811,prefill,458,801
1244,208.90803371708296,208.9508525847622,0,210,199.477409,prefill,49,0
1245,208.9508525847622,208.99216751644147,0,126,196.05413,decode,1,3649
1245,208.9508525847622,208.99216751644147,0,188,198.860735,decode,1,245
1245,208.9508525847622,208.99216751644147,0,206,199.373513,decode,1,2090
1245,208.9508525847622,208.99216751644147,0,207,199.373602,decode,1,4095
1245,208.9508525847622,208.99216751644147,0,208,199.373666,decode,1,1087
1245,208.9508525847622,208.99216751644147,0,209,199.374811,decode,1,1260
1245,208.9508525847622,208.99216751644147,0,210,199.477409,prefill,506,49
1246,208.99216751644147,209.03366484812074,0,126,196.05413,decode,1,3650
1246,208.99216751644147,209.03366484812074,0,188,198.860735,decode,1,246
1246,208.99216751644147,209.03366484812074,0,206,199.373513,decode,1,2091
1246,208.99216751644147,209.03366484812074,0,208,199.373666,decode,1,1088
1246,208.99216751644147,209.03366484812074,0,209,199.374811,decode,1,1261
1246,208.99216751644147,209.03366484812074,0,210,199.477409,prefill,507,555
1247,209.03366484812074,209.07571662886664,0,126,196.05413,decode,1,3651
1247,209.03366484812074,209.07571662886664,0,188,198.860735,decode,1,247
1247,209.03366484812074,209.07571662886664,0,208,199.373666,decode,1,1089
1247,209.03366484812074,209.07571662886664,0,209,199.374811,decode,1,1262
1247,209.03366484812074,209.07571662886664,0,210,199.477409,prefill,508,1062
1248,209.07571662886664,209.1179117525459,0,126,196.05413,decode,1,3652
1248,209.07571662886664,209.1179117525459,0,188,198.860735,decode,1,248
1248,209.07571662886664,209.1179117525459,0,209,199.374811,decode,1,1263
1248,209.07571662886664,209.1179117525459,0,210,199.477409,prefill,509,1570
1249,209.1179117525459,209.16117606022516,0,126,196.05413,decode,1,3653
1249,209.1179117525459,209.16117606022516,0,188,198.860735,decode,1,249
1249,209.1179117525459,209.16117606022516,0,209,199.374811,decode,1,1264
1249,209.1179117525459,209.16117606022516,0,210,199.477409,prefill,509,2079
1250,209.16117606022516,209.2056928479044,0,126,196.05413,decode,1,3654
1250,209.16117606022516,209.2056928479044,0,188,198.860735,decode,1,250
1250,209.16117606022516,209.2056928479044,0,209,199.374811,decode,1,1265
1250,209.16117606022516,209.2056928479044,0,210,199.477409,prefill,509,2588
1251,209.2056928479044,209.25102491025032,0,126,196.05413,decode,1,3655
1251,209.2056928479044,209.25102491025032,0,188,198.860735,decode,1,251
1251,209.2056928479044,209.25102491025032,0,209,199.374811,decode,1,1266
1251,209.2056928479044,209.25102491025032,0,210,199.477409,prefill,509,3097
1252,209.25102491025032,209.2975518099296,0,126,196.05413,decode,1,3656
1252,209.25102491025032,209.2975518099296,0,188,198.860735,decode,1,252
1252,209.25102491025032,209.2975518099296,0,210,199.477409,prefill,464,3606
1252,209.25102491025032,209.2975518099296,0,211,199.480762,prefill,46,0
1253,209.2975518099296,209.33760722160883,0,126,196.05413,decode,1,3657
1253,209.2975518099296,209.33760722160883,0,188,198.860735,decode,1,253
1253,209.2975518099296,209.33760722160883,0,210,199.477409,decode,1,4071
1253,209.2975518099296,209.33760722160883,0,211,199.480762,prefill,509,46
1254,209.33760722160883,209.37876176928808,0,126,196.05413,decode,1,3658
1254,209.33760722160883,209.37876176928808,0,188,198.860735,decode,1,254
1254,209.33760722160883,209.37876176928808,0,210,199.477409,decode,1,4072
1254,209.33760722160883,209.37876176928808,0,211,199.480762,prefill,509,555
1255,209.37876176928808,209.42091556603398,0,126,196.05413,decode,1,3659
1255,209.37876176928808,209.42091556603398,0,188,198.860735,decode,1,255
1255,209.37876176928808,209.42091556603398,0,210,199.477409,decode,1,4073
1255,209.37876176928808,209.42091556603398,0,211,199.480762,prefill,509,1064
1256,209.42091556603398,209.46399913771324,0,126,196.05413,decode,1,3660
1256,209.42091556603398,209.46399913771324,0,188,198.860735,decode,1,256
1256,209.42091556603398,209.46399913771324,0,210,199.477409,decode,1,4074
1256,209.42091556603398,209.46399913771324,0,211,199.480762,prefill,509,1573
1257,209.46399913771324,209.5081518933925,0,126,196.05413,decode,1,3661
1257,209.46399913771324,209.5081518933925,0,188,198.860735,decode,1,257
1257,209.46399913771324,209.5081518933925,0,210,199.477409,decode,1,4075
1257,209.46399913771324,209.5081518933925,0,211,199.480762,prefill,509,2082
1258,209.5081518933925,209.55355712907175,0,126,196.05413,decode,1,3662
1258,209.5081518933925,209.55355712907175,0,188,198.860735,decode,1,258
1258,209.5081518933925,209.55355712907175,0,210,199.477409,decode,1,4076
1258,209.5081518933925,209.55355712907175,0,211,199.480762,prefill,509,2591
1259,209.55355712907175,209.59977763941768,0,126,196.05413,decode,1,3663
1259,209.55355712907175,209.59977763941768,0,188,198.860735,decode,1,259
1259,209.55355712907175,209.59977763941768,0,210,199.477409,decode,1,4077
1259,209.55355712907175,209.59977763941768,0,211,199.480762,prefill,509,3100
1260,209.59977763941768,209.64689180309693,0,126,196.05413,decode,1,3664
1260,209.59977763941768,209.64689180309693,0,188,198.860735,decode,1,260
1260,209.59977763941768,209.64689180309693,0,210,199.477409,decode,1,4078
1260,209.59977763941768,209.64689180309693,0,211,199.480762,prefill,458,3609
1260,209.59977763941768,209.64689180309693,0,212,199.675747,prefill,51,0
1261,209.64689180309693,209.6889443987762,0,126,196.05413,decode,1,3665
1261,209.64689180309693,209.6889443987762,0,188,198.860735,decode,1,261
1261,209.64689180309693,209.6889443987762,0,210,199.477409,decode,1,4079
1261,209.64689180309693,209.6889443987762,0,211,199.480762,decode,1,4068
1261,209.64689180309693,209.6889443987762,0,212,199.675747,prefill,508,51
1262,209.6889443987762,209.73209613045543,0,126,196.05413,decode,1,3666
1262,209.6889443987762,209.73209613045543,0,188,198.860735,decode,1,262
1262,209.6889443987762,209.73209613045543,0,210,199.477409,decode,1,4080
1262,209.6889443987762,209.73209613045543,0,211,199.480762,decode,1,4069
1262,209.6889443987762,209.73209613045543,0,212,199.675747,prefill,508,559
1263,209.73209613045543,209.7762744541347,0,126,196.05413,decode,1,3667
1263,209.73209613045543,209.7762744541347,0,188,198.860735,decode,1,263
1263,209.73209613045543,209.7762744541347,0,210,199.477409,decode,1,4081
1263,209.73209613045543,209.7762744541347,0,211,199.480762,decode,1,4070
1263,209.73209613045543,209.7762744541347,0,212,199.675747,prefill,70,1067
1263,209.73209613045543,209.7762744541347,0,213,199.759395,prefill,438,0
1264,209.7762744541347,209.8190437431473,0,126,196.05413,decode,1,3668
1264,209.7762744541347,209.8190437431473,0,188,198.860735,decode,1,264
1264,209.7762744541347,209.8190437431473,0,210,199.477409,decode,1,4082
1264,209.7762744541347,209.8190437431473,0,211,199.480762,decode,1,4071
1264,209.7762744541347,209.8190437431473,0,212,199.675747,decode,1,1138
1264,209.7762744541347,209.8190437431473,0,213,199.759395,prefill,507,438
1265,209.8190437431473,209.8627345510932,0,126,196.05413,decode,1,3669
1265,209.8190437431473,209.8627345510932,0,188,198.860735,decode,1,265
1265,209.8190437431473,209.8627345510932,0,210,199.477409,decode,1,4083
1265,209.8190437431473,209.8627345510932,0,211,199.480762,decode,1,4072
1265,209.8190437431473,209.8627345510932,0,212,199.675747,decode,1,1139
1265,209.8190437431473,209.8627345510932,0,213,199.759395,prefill,485,945
1265,209.8190437431473,209.8627345510932,0,214,199.774371,prefill,22,0
1266,209.8627345510932,209.90472749877247,0,126,196.05413,decode,1,3670
1266,209.8627345510932,209.90472749877247,0,188,198.860735,decode,1,266
1266,209.8627345510932,209.90472749877247,0,210,199.477409,decode,1,4084
1266,209.8627345510932,209.90472749877247,0,211,199.480762,decode,1,4073
1266,209.8627345510932,209.90472749877247,0,212,199.675747,decode,1,1140
1266,209.8627345510932,209.90472749877247,0,213,199.759395,decode,1,1431
1266,209.8627345510932,209.90472749877247,0,214,199.774371,prefill,506,22
1267,209.90472749877247,209.94571315045172,0,126,196.05413,decode,1,3671
1267,209.90472749877247,209.94571315045172,0,188,198.860735,decode,1,267
1267,209.90472749877247,209.94571315045172,0,210,199.477409,decode,1,4085
1267,209.90472749877247,209.94571315045172,0,211,199.480762,decode,1,4074
1267,209.90472749877247,209.94571315045172,0,212,199.675747,decode,1,1141
1267,209.90472749877247,209.94571315045172,0,213,199.759395,decode,1,1432
1267,209.90472749877247,209.94571315045172,0,214,199.774371,prefill,68,528
1267,209.90472749877247,209.94571315045172,0,215,199.855349,prefill,174,0
1267,209.90472749877247,209.94571315045172,0,216,199.861707,prefill,264,0
1268,209.94571315045172,209.989915570131,0,126,196.05413,decode,1,3672
1268,209.94571315045172,209.989915570131,0,188,198.860735,decode,1,268
1268,209.94571315045172,209.989915570131,0,210,199.477409,decode,1,4086
1268,209.94571315045172,209.989915570131,0,211,199.480762,decode,1,4075
1268,209.94571315045172,209.989915570131,0,212,199.675747,decode,1,1142
1268,209.94571315045172,209.989915570131,0,213,199.759395,decode,1,1433
1268,209.94571315045172,209.989915570131,0,214,199.774371,decode,1,597
1268,209.94571315045172,209.989915570131,0,215,199.855349,decode,1,175
1268,209.94571315045172,209.989915570131,0,216,199.861707,prefill,504,264
1269,209.989915570131,210.03512497434357,0,126,196.05413,decode,1,3673
1269,209.989915570131,210.03512497434357,0,188,198.860735,decode,1,269
1269,209.989915570131,210.03512497434357,0,210,199.477409,decode,1,4087
1269,209.989915570131,210.03512497434357,0,211,199.480762,decode,1,4076
1269,209.989915570131,210.03512497434357,0,212,199.675747,decode,1,1143
1269,209.989915570131,210.03512497434357,0,213,199.759395,decode,1,1434
1269,209.989915570131,210.03512497434357,0,214,199.774371,decode,1,598
1269,209.989915570131,210.03512497434357,0,215,199.855349,decode,1,176
1269,209.989915570131,210.03512497434357,0,216,199.861707,prefill,504,768
1270,210.03512497434357,210.08152310602284,0,126,196.05413,decode,1,3674
1270,210.03512497434357,210.08152310602284,0,188,198.860735,decode,1,270
1270,210.03512497434357,210.08152310602284,0,210,199.477409,decode,1,4088
1270,210.03512497434357,210.08152310602284,0,211,199.480762,decode,1,4077
1270,210.03512497434357,210.08152310602284,0,212,199.675747,decode,1,1144
1270,210.03512497434357,210.08152310602284,0,213,199.759395,decode,1,1435
1270,210.03512497434357,210.08152310602284,0,214,199.774371,decode,1,599
1270,210.03512497434357,210.08152310602284,0,215,199.855349,decode,1,177
1270,210.03512497434357,210.08152310602284,0,216,199.861707,prefill,504,1272
1271,210.08152310602284,210.1291357017021,0,126,196.05413,decode,1,3675
1271,210.08152310602284,210.1291357017021,0,188,198.860735,decode,1,271
1271,210.08152310602284,210.1291357017021,0,210,199.477409,decode,1,4089
1271,210.08152310602284,210.1291357017021,0,211,199.480762,decode,1,4078
1271,210.08152310602284,210.1291357017021,0,212,199.675747,decode,1,1145
1271,210.08152310602284,210.1291357017021,0,213,199.759395,decode,1,1436
1271,210.08152310602284,210.1291357017021,0,214,199.774371,decode,1,600
1271,210.08152310602284,210.1291357017021,0,215,199.855349,decode,1,178
1271,210.08152310602284,210.1291357017021,0,216,199.861707,prefill,504,1776
1272,210.1291357017021,210.17772032938134,0,126,196.05413,decode,1,3676
1272,210.1291357017021,210.17772032938134,0,188,198.860735,decode,1,272
1272,210.1291357017021,210.17772032938134,0,210,199.477409,decode,1,4090
1272,210.1291357017021,210.17772032938134,0,211,199.480762,decode,1,4079
1272,210.1291357017021,210.17772032938134,0,212,199.675747,decode,1,1146
1272,210.1291357017021,210.17772032938134,0,213,199.759395,decode,1,1437
1272,210.1291357017021,210.17772032938134,0,214,199.774371,decode,1,601
1272,210.1291357017021,210.17772032938134,0,215,199.855349,decode,1,179
1272,210.1291357017021,210.17772032938134,0,216,199.861707,prefill,504,2280
1273,210.17772032938134,210.2241992290606,0,126,196.05413,decode,1,3677
1273,210.17772032938134,210.2241992290606,0,188,198.860735,decode,1,273
1273,210.17772032938134,210.2241992290606,0,210,199.477409,decode,1,4091
1273,210.17772032938134,210.2241992290606,0,211,199.480762,decode,1,4080
1273,210.17772032938134,210.2241992290606,0,212,199.675747,decode,1,1147
1273,210.17772032938134,210.2241992290606,0,213,199.759395,decode,1,1438
1273,210.17772032938134,210.2241992290606,0,215,199.855349,decode,1,180
1273,210.17772032938134,210.2241992290606,0,216,199.861707,prefill,185,2784
1273,210.17772032938134,210.2241992290606,0,217,199.863993,prefill,320,0
1274,210.2241992290606,210.26927832073983,0,126,196.05413,decode,1,3678
1274,210.2241992290606,210.26927832073983,0,188,198.860735,decode,1,274
1274,210.2241992290606,210.26927832073983,0,210,199.477409,decode,1,4092
1274,210.2241992290606,210.26927832073983,0,211,199.480762,decode,1,4081
1274,210.2241992290606,210.26927832073983,0,212,199.675747,decode,1,1148
1274,210.2241992290606,210.26927832073983,0,213,199.759395,decode,1,1439
1274,210.2241992290606,210.26927832073983,0,215,199.855349,decode,1,181
1274,210.2241992290606,210.26927832073983,0,216,199.861707,decode,1,2970
1274,210.2241992290606,210.26927832073983,0,217,199.863993,prefill,504,320
1275,210.26927832073983,210.31536710841908,0,126,196.05413,decode,1,3679
1275,210.26927832073983,210.31536710841908,0,188,198.860735,decode,1,275
1275,210.26927832073983,210.31536710841908,0,210,199.477409,decode,1,4093
1275,210.26927832073983,210.31536710841908,0,211,199.480762,decode,1,4082
1275,210.26927832073983,210.31536710841908,0,212,199.675747,decode,1,1149
1275,210.26927832073983,210.31536710841908,0,213,199.759395,decode,1,1440
1275,210.26927832073983,210.31536710841908,0,215,199.855349,decode,1,182
1275,210.26927832073983,210.31536710841908,0,216,199.861707,decode,1,2971
1275,210.26927832073983,210.31536710841908,0,217,199.863993,prefill,504,824
1276,210.31536710841908,210.36251621609833,0,126,196.05413,decode,1,3680
1276,210.31536710841908,210.36251621609833,0,188,198.860735,decode,1,276
1276,210.31536710841908,210.36251621609833,0,210,199.477409,decode,1,4094
1276,210.31536710841908,210.36251621609833,0,211,199.480762,decode,1,4083
1276,210.31536710841908,210.36251621609833,0,212,199.675747,decode,1,1150
1276,210.31536710841908,210.36251621609833,0,213,199.759395,decode,1,1441
1276,210.31536710841908,210.36251621609833,0,215,199.855349,decode,1,183
1276,210.31536710841908,210.36251621609833,0,216,199.861707,decode,1,2972
1276,210.31536710841908,210.36251621609833,0,217,199.863993,prefill,504,1328
1277,210.36251621609833,210.40845009177758,0,126,196.05413,decode,1,3681
1277,210.36251621609833,210.40845009177758,0,188,198.860735,decode,1,277
1277,210.36251621609833,210.40845009177758,0,210,199.477409,decode,1,4095
1277,210.36251621609833,210.40845009177758,0,211,199.480762,decode,1,4084
1277,210.36251621609833,210.40845009177758,0,212,199.675747,decode,1,1151
1277,210.36251621609833,210.40845009177758,0,215,199.855349,decode,1,184
1277,210.36251621609833,210.40845009177758,0,216,199.861707,decode,1,2973
1277,210.36251621609833,210.40845009177758,0,217,199.863993,prefill,325,1832
1277,210.36251621609833,210.40845009177758,0,218,199.87545,prefill,180,0
1278,210.40845009177758,210.4521710181235,0,126,196.05413,decode,1,3682
1278,210.40845009177758,210.4521710181235,0,188,198.860735,decode,1,278
1278,210.40845009177758,210.4521710181235,0,211,199.480762,decode,1,4085
1278,210.40845009177758,210.4521710181235,0,212,199.675747,decode,1,1152
1278,210.40845009177758,210.4521710181235,0,215,199.855349,decode,1,185
1278,210.40845009177758,210.4521710181235,0,216,199.861707,decode,1,2974
1278,210.40845009177758,210.4521710181235,0,217,199.863993,decode,1,2158
1278,210.40845009177758,210.4521710181235,0,218,199.87545,prefill,416,180
1278,210.40845009177758,210.4521710181235,0,219,199.954479,prefill,89,0
1279,210.4521710181235,210.49353951780276,0,126,196.05413,decode,1,3683
1279,210.4521710181235,210.49353951780276,0,188,198.860735,decode,1,279
1279,210.4521710181235,210.49353951780276,0,211,199.480762,decode,1,4086
1279,210.4521710181235,210.49353951780276,0,212,199.675747,decode,1,1153
1279,210.4521710181235,210.49353951780276,0,215,199.855349,decode,1,186
1279,210.4521710181235,210.49353951780276,0,216,199.861707,decode,1,2975
1279,210.4521710181235,210.49353951780276,0,217,199.863993,decode,1,2159
1279,210.4521710181235,210.49353951780276,0,218,199.87545,decode,1,597
1279,210.4521710181235,210.49353951780276,0,219,199.954479,prefill,86,89
1279,210.4521710181235,210.49353951780276,0,220,199.960484,prefill,108,0
1279,210.4521710181235,210.49353951780276,0,221,199.961506,prefill,161,0
1279,210.4521710181235,210.49353951780276,0,222,199.961529,prefill,149,0
1280,210.49353951780276,210.53646405588202,0,126,196.05413,decode,1,3684
1280,210.49353951780276,210.53646405588202,0,188,198.860735,decode,1,280
1280,210.49353951780276,210.53646405588202,0,211,199.480762,decode,1,4087
1280,210.49353951780276,210.53646405588202,0,212,199.675747,decode,1,1154
1280,210.49353951780276,210.53646405588202,0,215,199.855349,decode,1,187
1280,210.49353951780276,210.53646405588202,0,216,199.861707,decode,1,2976
1280,210.49353951780276,210.53646405588202,0,217,199.863993,decode,1,2160
1280,210.49353951780276,210.53646405588202,0,218,199.87545,decode,1,598
1280,210.49353951780276,210.53646405588202,0,219,199.954479,decode,1,176
1280,210.49353951780276,210.53646405588202,0,220,199.960484,decode,1,109
1280,210.49353951780276,210.53646405588202,0,221,199.961506,decode,1,162
1280,210.49353951780276,210.53646405588202,0,222,199.961529,prefill,501,149
1281,210.53646405588202,210.5803488392946,0,126,196.05413,decode,1,3685
1281,210.53646405588202,210.5803488392946,0,188,198.860735,decode,1,281
1281,210.53646405588202,210.5803488392946,0,211,199.480762,decode,1,4088
1281,210.53646405588202,210.5803488392946,0,212,199.675747,decode,1,1155
1281,210.53646405588202,210.5803488392946,0,215,199.855349,decode,1,188
1281,210.53646405588202,210.5803488392946,0,216,199.861707,decode,1,2977
1281,210.53646405588202,210.5803488392946,0,217,199.863993,decode,1,2161
1281,210.53646405588202,210.5803488392946,0,218,199.87545,decode,1,599
1281,210.53646405588202,210.5803488392946,0,219,199.954479,decode,1,177
1281,210.53646405588202,210.5803488392946,0,220,199.960484,decode,1,110
1281,210.53646405588202,210.5803488392946,0,221,199.961506,decode,1,163
1281,210.53646405588202,210.5803488392946,0,222,199.961529,prefill,501,650
1282,210.5803488392946,210.62533624030718,0,126,196.05413,decode,1,3686
1282,210.5803488392946,210.62533624030718,0,188,198.860735,decode,1,282
1282,210.5803488392946,210.62533624030718,0,211,199.480762,decode,1,4089
1282,210.5803488392946,210.62533624030718,0,212,199.675747,decode,1,1156
1282,210.5803488392946,210.62533624030718,0,215,199.855349,decode,1,189
1282,210.5803488392946,210.62533624030718,0,216,199.861707,decode,1,2978
1282,210.5803488392946,210.62533624030718,0,217,199.863993,decode,1,2162
1282,210.5803488392946,210.62533624030718,0,218,199.87545,decode,1,600
1282,210.5803488392946,210.62533624030718,0,219,199.954479,decode,1,178
1282,210.5803488392946,210.62533624030718,0,220,199.960484,decode,1,111
1282,210.5803488392946,210.62533624030718,0,221,199.961506,decode,1,164
1282,210.5803488392946,210.62533624030718,0,222,199.961529,prefill,501,1151
1283,210.62533624030718,210.67154825998642,0,126,196.05413,decode,1,3687
1283,210.62533624030718,210.67154825998642,0,188,198.860735,decode,1,283
1283,210.62533624030718,210.67154825998642,0,211,199.480762,decode,1,4090
1283,210.62533624030718,210.67154825998642,0,212,199.675747,decode,1,1157
1283,210.62533624030718,210.67154825998642,0,215,199.855349,decode,1,190
1283,210.62533624030718,210.67154825998642,0,216,199.861707,decode,1,2979
1283,210.62533624030718,210.67154825998642,0,217,199.863993,decode,1,2163
1283,210.62533624030718,210.67154825998642,0,218,199.87545,decode,1,601
1283,210.62533624030718,210.67154825998642,0,219,199.954479,decode,1,179
1283,210.62533624030718,210.67154825998642,0,220,199.960484,decode,1,112
1283,210.62533624030718,210.67154825998642,0,221,199.961506,decode,1,165
1283,210.62533624030718,210.67154825998642,0,222,199.961529,prefill,501,1652
1284,210.67154825998642,210.71857205566567,0,126,196.05413,decode,1,3688
1284,210.67154825998642,210.71857205566567,0,188,198.860735,decode,1,284
1284,210.67154825998642,210.71857205566567,0,211,199.480762,decode,1,4091
1284,210.67154825998642,210.71857205566567,0,212,199.675747,decode,1,1158
1284,210.67154825998642,210.71857205566567,0,215,199.855349,decode,1,191
1284,210.67154825998642,210.71857205566567,0,216,199.861707,decode,1,2980
1284,210.67154825998642,210.71857205566567,0,218,199.87545,decode,1,602
1284,210.67154825998642,210.71857205566567,0,219,199.954479,decode,1,180
1284,210.67154825998642,210.71857205566567,0,220,199.960484,decode,1,113
1284,210.67154825998642,210.71857205566567,0,221,199.961506,decode,1,166
1284,210.67154825998642,210.71857205566567,0,222,199.961529,prefill,502,2153
1285,210.71857205566567,210.76695412334493,0,126,196.05413,decode,1,3689
1285,210.71857205566567,210.76695412334493,0,188,198.860735,decode,1,285
1285,210.71857205566567,210.76695412334493,0,211,199.480762,decode,1,4092
1285,210.71857205566567,210.76695412334493,0,212,199.675747,decode,1,1159
1285,210.71857205566567,210.76695412334493,0,216,199.861707,decode,1,2981
1285,210.71857205566567,210.76695412334493,0,218,199.87545,decode,1,603
1285,210.71857205566567,210.76695412334493,0,219,199.954479,decode,1,181
1285,210.71857205566567,210.76695412334493,0,220,199.960484,decode,1,114
1285,210.71857205566567,210.76695412334493,0,221,199.961506,decode,1,167
1285,210.71857205566567,210.76695412334493,0,222,199.961529,prefill,503,2655
1286,210.76695412334493,210.81230495902417,0,126,196.05413,decode,1,3690
1286,210.76695412334493,210.81230495902417,0,211,199.480762,decode,1,4093
1286,210.76695412334493,210.81230495902417,0,212,199.675747,decode,1,1160
1286,210.76695412334493,210.81230495902417,0,216,199.861707,decode,1,2982
1286,210.76695412334493,210.81230495902417,0,218,199.87545,decode,1,604
1286,210.76695412334493,210.81230495902417,0,219,199.954479,decode,1,182
1286,210.76695412334493,210.81230495902417,0,220,199.960484,decode,1,115
1286,210.76695412334493,210.81230495902417,0,221,199.961506,decode,1,168
1286,210.76695412334493,210.81230495902417,0,222,199.961529,prefill,241,3158
1286,210.76695412334493,210.81230495902417,0,223,199.975999,prefill,263,0
1287,210.81230495902417,210.85630923470342,0,126,196.05413,decode,1,3691
1287,210.81230495902417,210.85630923470342,0,211,199.480762,decode,1,4094
1287,210.81230495902417,210.85630923470342,0,212,199.675747,decode,1,1161
1287,210.81230495902417,210.85630923470342,0,216,199.861707,decode,1,2983
1287,210.81230495902417,210.85630923470342,0,218,199.87545,decode,1,605
1287,210.81230495902417,210.85630923470342,0,219,199.954479,decode,1,183
1287,210.81230495902417,210.85630923470342,0,220,199.960484,decode,1,116
1287,210.81230495902417,210.85630923470342,0,221,199.961506,decode,1,169
1287,210.81230495902417,210.85630923470342,0,222,199.961529,decode,1,3400
1287,210.81230495902417,210.85630923470342,0,223,199.975999,prefill,503,263
1288,210.85630923470342,210.901320494916,0,126,196.05413,decode,1,3692
1288,210.85630923470342,210.901320494916,0,211,199.480762,decode,1,4095
1288,210.85630923470342,210.901320494916,0,212,199.675747,decode,1,1162
1288,210.85630923470342,210.901320494916,0,216,199.861707,decode,1,2984
1288,210.85630923470342,210.901320494916,0,218,199.87545,decode,1,606
1288,210.85630923470342,210.901320494916,0,219,199.954479,decode,1,184
1288,210.85630923470342,210.901320494916,0,220,199.960484,decode,1,117
1288,210.85630923470342,210.901320494916,0,221,199.961506,decode,1,170
1288,210.85630923470342,210.901320494916,0,222,199.961529,decode,1,3401
1288,210.85630923470342,210.901320494916,0,223,199.975999,prefill,503,766
1289,210.901320494916,210.94418185859527,0,126,196.05413,decode,1,3693
1289,210.901320494916,210.94418185859527,0,212,199.675747,decode,1,1163
1289,210.901320494916,210.94418185859527,0,216,199.861707,decode,1,2985
1289,210.901320494916,210.94418185859527,0,218,199.87545,decode,1,607
1289,210.901320494916,210.94418185859527,0,219,199.954479,decode,1,185
1289,210.901320494916,210.94418185859527,0,220,199.960484,decode,1,118
1289,210.901320494916,210.94418185859527,0,221,199.961506,decode,1,171
1289,210.901320494916,210.94418185859527,0,222,199.961529,decode,1,3402
1289,210.901320494916,210.94418185859527,0,223,199.975999,prefill,9,1269
1289,210.901320494916,210.94418185859527,0,224,200.073242,prefill,296,0
1289,210.901320494916,210.94418185859527,0,225,200.081871,prefill,199,0
1290,210.94418185859527,210.98740290227454,0,126,196.05413,decode,1,3694
1290,210.94418185859527,210.98740290227454,0,212,199.675747,decode,1,1164
1290,210.94418185859527,210.98740290227454,0,216,199.861707,decode,1,2986
1290,210.94418185859527,210.98740290227454,0,218,199.87545,decode,1,608
1290,210.94418185859527,210.98740290227454,0,219,199.954479,decode,1,186
1290,210.94418185859527,210.98740290227454,0,222,199.961529,decode,1,3403
1290,210.94418185859527,210.98740290227454,0,223,199.975999,decode,1,1279
1290,210.94418185859527,210.98740290227454,0,224,200.073242,decode,1,297
1290,210.94418185859527,210.98740290227454,0,225,200.081871,prefill,504,199
1291,210.98740290227454,211.03164262968713,0,126,196.05413,decode,1,3695
1291,210.98740290227454,211.03164262968713,0,212,199.675747,decode,1,1165
1291,210.98740290227454,211.03164262968713,0,216,199.861707,decode,1,2987
1291,210.98740290227454,211.03164262968713,0,218,199.87545,decode,1,609
1291,210.98740290227454,211.03164262968713,0,219,199.954479,decode,1,187
1291,210.98740290227454,211.03164262968713,0,222,199.961529,decode,1,3404
1291,210.98740290227454,211.03164262968713,0,223,199.975999,decode,1,1280
1291,210.98740290227454,211.03164262968713,0,224,200.073242,decode,1,298
1291,210.98740290227454,211.03164262968713,0,225,200.081871,prefill,504,703
1292,211.03164262968713,211.0769260093664,0,126,196.05413,decode,1,3696
1292,211.03164262968713,211.0769260093664,0,212,199.675747,decode,1,1166
1292,211.03164262968713,211.0769260093664,0,216,199.861707,decode,1,2988
1292,211.03164262968713,211.0769260093664,0,218,199.87545,decode,1,610
1292,211.03164262968713,211.0769260093664,0,219,199.954479,decode,1,188
1292,211.03164262968713,211.0769260093664,0,222,199.961529,decode,1,3405
1292,211.03164262968713,211.0769260093664,0,223,199.975999,decode,1,1281
1292,211.03164262968713,211.0769260093664,0,224,200.073242,decode,1,299
1292,211.03164262968713,211.0769260093664,0,225,200.081871,prefill,504,1207
1293,211.0769260093664,211.12326026904563,0,126,196.05413,decode,1,3697
1293,211.0769260093664,211.12326026904563,0,212,199.675747,decode,1,1167
1293,211.0769260093664,211.12326026904563,0,216,199.861707,decode,1,2989
1293,211.0769260093664,211.12326026904563,0,218,199.87545,decode,1,611
1293,211.0769260093664,211.12326026904563,0,219,199.954479,decode,1,189
1293,211.0769260093664,211.12326026904563,0,222,199.961529,decode,1,3406
1293,211.0769260093664,211.12326026904563,0,223,199.975999,decode,1,1282
1293,211.0769260093664,211.12326026904563,0,224,200.073242,decode,1,300
1293,211.0769260093664,211.12326026904563,0,225,200.081871,prefill,504,1711
1294,211.12326026904563,211.1706047047249,0,126,196.05413,decode,1,3698
1294,211.12326026904563,211.1706047047249,0,212,199.675747,decode,1,1168
1294,211.12326026904563,211.1706047047249,0,216,199.861707,decode,1,2990
1294,211.12326026904563,211.1706047047249,0,218,199.87545,decode,1,612
1294,211.12326026904563,211.1706047047249,0,219,199.954479,decode,1,190
1294,211.12326026904563,211.1706047047249,0,222,199.961529,decode,1,3407
1294,211.12326026904563,211.1706047047249,0,223,199.975999,decode,1,1283
1294,211.12326026904563,211.1706047047249,0,224,200.073242,decode,1,301
1294,211.12326026904563,211.1706047047249,0,225,200.081871,prefill,504,2215
1295,211.1706047047249,211.21995662840416,0,126,196.05413,decode,1,3699
1295,211.1706047047249,211.21995662840416,0,212,199.675747,decode,1,1169
1295,211.1706047047249,211.21995662840416,0,216,199.861707,decode,1,2991
1295,211.1706047047249,211.21995662840416,0,218,199.87545,decode,1,613
1295,211.1706047047249,211.21995662840416,0,219,199.954479,decode,1,191
1295,211.1706047047249,211.21995662840416,0,222,199.961529,decode,1,3408
1295,211.1706047047249,211.21995662840416,0,223,199.975999,decode,1,1284
1295,211.1706047047249,211.21995662840416,0,225,200.081871,prefill,505,2719
1296,211.21995662840416,211.26998121341674,0,126,196.05413,decode,1,3700
1296,211.21995662840416,211.26998121341674,0,212,199.675747,decode,1,1170
1296,211.21995662840416,211.26998121341674,0,216,199.861707,decode,1,2992
1296,211.21995662840416,211.26998121341674,0,218,199.87545,decode,1,614
1296,211.21995662840416,211.26998121341674,0,219,199.954479,decode,1,192
1296,211.21995662840416,211.26998121341674,0,222,199.961529,decode,1,3409
1296,211.21995662840416,211.26998121341674,0,223,199.975999,decode,1,1285
1296,211.21995662840416,211.26998121341674,0,225,200.081871,prefill,505,3224
1297,211.26998121341674,211.314747857096,0,126,196.05413,decode,1,3701
1297,211.26998121341674,211.314747857096,0,212,199.675747,decode,1,1171
1297,211.26998121341674,211.314747857096,0,216,199.861707,decode,1,2993
1297,211.26998121341674,211.314747857096,0,218,199.87545,decode,1,615
1297,211.26998121341674,211.314747857096,0,222,199.961529,decode,1,3410
1297,211.26998121341674,211.314747857096,0,223,199.975999,decode,1,1286
1297,211.26998121341674,211.314747857096,0,225,200.081871,prefill,361,3729
1297,211.26998121341674,211.314747857096,0,226,200.082323,prefill,145,0
1298,211.314747857096,211.35688711517525,0,126,196.05413,decode,1,3702
1298,211.314747857096,211.35688711517525,0,212,199.675747,decode,1,1172
1298,211.314747857096,211.35688711517525,0,218,199.87545,decode,1,616
1298,211.314747857096,211.35688711517525,0,222,199.961529,decode,1,3411
1298,211.314747857096,211.35688711517525,0,225,200.081871,decode,1,4091
1298,211.314747857096,211.35688711517525,0,226,200.082323,prefill,507,145
1299,211.35688711517525,211.39783923085452,0,126,196.05413,decode,1,3703
1299,211.35688711517525,211.39783923085452,0,212,199.675747,decode,1,1173
1299,211.35688711517525,211.39783923085452,0,218,199.87545,decode,1,617
1299,211.35688711517525,211.39783923085452,0,222,199.961529,decode,1,3412
1299,211.35688711517525,211.39783923085452,0,225,200.081871,decode,1,4092
1299,211.35688711517525,211.39783923085452,0,226,200.082323,prefill,190,652
1299,211.35688711517525,211.39783923085452,0,227,200.375004,prefill,220,0
1299,211.35688711517525,211.39783923085452,0,228,200.37501,prefill,97,0
1300,211.39783923085452,211.44191496253376,0,126,196.05413,decode,1,3704
1300,211.39783923085452,211.44191496253376,0,212,199.675747,decode,1,1174
1300,211.39783923085452,211.44191496253376,0,218,199.87545,decode,1,618
1300,211.39783923085452,211.44191496253376,0,222,199.961529,decode,1,3413
1300,211.39783923085452,211.44191496253376,0,225,200.081871,decode,1,4093
1300,211.39783923085452,211.44191496253376,0,226,200.082323,decode,1,843
1300,211.39783923085452,211.44191496253376,0,227,200.375004,decode,1,221
1300,211.39783923085452,211.44191496253376,0,228,200.37501,prefill,505,97
1301,211.44191496253376,211.48704405847968,0,126,196.05413,decode,1,3705
1301,211.44191496253376,211.48704405847968,0,212,199.675747,decode,1,1175
1301,211.44191496253376,211.48704405847968,0,218,199.87545,decode,1,619
1301,211.44191496253376,211.48704405847968,0,222,199.961529,decode,1,3414
1301,211.44191496253376,211.48704405847968,0,225,200.081871,decode,1,4094
1301,211.44191496253376,211.48704405847968,0,226,200.082323,decode,1,844
1301,211.44191496253376,211.48704405847968,0,227,200.375004,decode,1,222
1301,211.44191496253376,211.48704405847968,0,228,200.37501,prefill,505,602
1302,211.48704405847968,211.53337097949228,0,126,196.05413,decode,1,3706
1302,211.48704405847968,211.53337097949228,0,212,199.675747,decode,1,1176
1302,211.48704405847968,211.53337097949228,0,218,199.87545,decode,1,620
1302,211.48704405847968,211.53337097949228,0,222,199.961529,decode,1,3415
1302,211.48704405847968,211.53337097949228,0,225,200.081871,decode,1,4095
1302,211.48704405847968,211.53337097949228,0,226,200.082323,decode,1,845
1302,211.48704405847968,211.53337097949228,0,227,200.375004,decode,1,223
1302,211.48704405847968,211.53337097949228,0,228,200.37501,prefill,505,1107
1303,211.53337097949228,211.57762459917154,0,126,196.05413,decode,1,3707
1303,211.53337097949228,211.57762459917154,0,212,199.675747,decode,1,1177
1303,211.53337097949228,211.57762459917154,0,218,199.87545,decode,1,621
1303,211.53337097949228,211.57762459917154,0,222,199.961529,decode,1,3416
1303,211.53337097949228,211.57762459917154,0,226,200.082323,decode,1,846
1303,211.53337097949228,211.57762459917154,0,227,200.375004,decode,1,224
1303,211.53337097949228,211.57762459917154,0,228,200.37501,prefill,506,1612
1304,211.57762459917154,211.6229667308508,0,126,196.05413,decode,1,3708
1304,211.57762459917154,211.6229667308508,0,212,199.675747,decode,1,1178
1304,211.57762459917154,211.6229667308508,0,218,199.87545,decode,1,622
1304,211.57762459917154,211.6229667308508,0,222,199.961529,decode,1,3417
1304,211.57762459917154,211.6229667308508,0,226,200.082323,decode,1,847
1304,211.57762459917154,211.6229667308508,0,227,200.375004,decode,1,225
1304,211.57762459917154,211.6229667308508,0,228,200.37501,prefill,506,2118
1305,211.6229667308508,211.66826995053006,0,126,196.05413,decode,1,3709
1305,211.6229667308508,211.66826995053006,0,212,199.675747,decode,1,1179
1305,211.6229667308508,211.66826995053006,0,218,199.87545,decode,1,623
1305,211.6229667308508,211.66826995053006,0,226,200.082323,decode,1,848
1305,211.6229667308508,211.66826995053006,0,228,200.37501,prefill,508,2624
1306,211.66826995053006,211.71372898887597,0,126,196.05413,decode,1,3710
1306,211.66826995053006,211.71372898887597,0,212,199.675747,decode,1,1180
1306,211.66826995053006,211.71372898887597,0,218,199.87545,decode,1,624
1306,211.66826995053006,211.71372898887597,0,228,200.37501,prefill,509,3132
1307,211.71372898887597,211.76006580855523,0,126,196.05413,decode,1,3711
1307,211.71372898887597,211.76006580855523,0,212,199.675747,decode,1,1181
1307,211.71372898887597,211.76006580855523,0,218,199.87545,decode,1,625
1307,211.71372898887597,211.76006580855523,0,228,200.37501,prefill,439,3641
1307,211.71372898887597,211.76006580855523,0,229,200.573257,prefill,70,0
1308,211.76006580855523,211.80139389223447,0,126,196.05413,decode,1,3712
1308,211.76006580855523,211.80139389223447,0,212,199.675747,decode,1,1182
1308,211.76006580855523,211.80139389223447,0,218,199.87545,decode,1,626
1308,211.76006580855523,211.80139389223447,0,228,200.37501,decode,1,4081
1308,211.76006580855523,211.80139389223447,0,229,200.573257,prefill,508,70
1309,211.80139389223447,211.84375722818038,0,126,196.05413,decode,1,3713
1309,211.80139389223447,211.84375722818038,0,212,199.675747,decode,1,1183
1309,211.80139389223447,211.84375722818038,0,218,199.87545,decode,1,627
1309,211.80139389223447,211.84375722818038,0,228,200.37501,decode,1,4082
1309,211.80139389223447,211.84375722818038,0,229,200.573257,prefill,481,578
1309,211.80139389223447,211.84375722818038,0,230,200.573318,prefill,27,0
1310,211.84375722818038,211.88487580785963,0,126,196.05413,decode,1,3714
1310,211.84375722818038,211.88487580785963,0,212,199.675747,decode,1,1184
1310,211.84375722818038,211.88487580785963,0,218,199.87545,decode,1,628
1310,211.84375722818038,211.88487580785963,0,228,200.37501,decode,1,4083
1310,211.84375722818038,211.88487580785963,0,229,200.573257,decode,1,1060
1310,211.84375722818038,211.88487580785963,0,230,200.573318,prefill,507,27
1311,211.88487580785963,211.92709352353887,0,126,196.05413,decode,1,3715
1311,211.88487580785963,211.92709352353887,0,212,199.675747,decode,1,1185
1311,211.88487580785963,211.92709352353887,0,218,199.87545,decode,1,629
1311,211.88487580785963,211.92709352353887,0,228,200.37501,decode,1,4084
1311,211.88487580785963,211.92709352353887,0,229,200.573257,decode,1,1061
1311,211.88487580785963,211.92709352353887,0,230,200.573318,prefill,507,534
1312,211.92709352353887,211.97033683281813,0,126,196.05413,decode,1,3716
1312,211.92709352353887,211.97033683281813,0,212,199.675747,decode,1,1186
1312,211.92709352353887,211.97033683281813,0,218,199.87545,decode,1,630
1312,211.92709352353887,211.97033683281813,0,228,200.37501,decode,1,4085
1312,211.92709352353887,211.97033683281813,0,229,200.573257,decode,1,1062
1312,211.92709352353887,211.97033683281813,0,230,200.573318,prefill,46,1041
1312,211.92709352353887,211.97033683281813,0,231,200.675134,prefill,14,0
1312,211.92709352353887,211.97033683281813,0,232,200.775816,prefill,447,0
1313,211.97033683281813,212.01357485783072,0,126,196.05413,decode,1,3717
1313,211.97033683281813,212.01357485783072,0,212,199.675747,decode,1,1187
1313,211.97033683281813,212.01357485783072,0,218,199.87545,decode,1,631
1313,211.97033683281813,212.01357485783072,0,228,200.37501,decode,1,4086
1313,211.97033683281813,212.01357485783072,0,229,200.573257,decode,1,1063
1313,211.97033683281813,212.01357485783072,0,230,200.573318,decode,1,1088
1313,211.97033683281813,212.01357485783072,0,231,200.675134,decode,1,15
1313,211.97033683281813,212.01357485783072,0,232,200.775816,prefill,505,447
1314,212.01357485783072,212.05591878150997,0,126,196.05413,decode,1,3718
1314,212.01357485783072,212.05591878150997,0,212,199.675747,decode,1,1188
1314,212.01357485783072,212.05591878150997,0,218,199.87545,decode,1,632
1314,212.01357485783072,212.05591878150997,0,228,200.37501,decode,1,4087
1314,212.01357485783072,212.05591878150997,0,229,200.573257,decode,1,1064
1314,212.01357485783072,212.05591878150997,0,230,200.573318,decode,1,1089
1314,212.01357485783072,212.05591878150997,0,231,200.675134,decode,1,16
1314,212.01357485783072,212.05591878150997,0,232,200.775816,prefill,374,952
1314,212.01357485783072,212.05591878150997,0,233,200.975697,prefill,131,0
1315,212.05591878150997,212.09905623052256,0,126,196.05413,decode,1,3719
1315,212.05591878150997,212.09905623052256,0,212,199.675747,decode,1,1189
1315,212.05591878150997,212.09905623052256,0,218,199.87545,decode,1,633
1315,212.05591878150997,212.09905623052256,0,228,200.37501,decode,1,4088
1315,212.05591878150997,212.09905623052256,0,229,200.573257,decode,1,1065
1315,212.05591878150997,212.09905623052256,0,230,200.573318,decode,1,1090
1315,212.05591878150997,212.09905623052256,0,231,200.675134,decode,1,17
1315,212.05591878150997,212.09905623052256,0,232,200.775816,decode,1,1327
1315,212.05591878150997,212.09905623052256,0,233,200.975697,prefill,496,131
1315,212.05591878150997,212.09905623052256,0,234,200.979972,prefill,8,0
1316,212.09905623052256,212.14164309820183,0,126,196.05413,decode,1,3720
1316,212.09905623052256,212.14164309820183,0,212,199.675747,decode,1,1190
1316,212.09905623052256,212.14164309820183,0,218,199.87545,decode,1,634
1316,212.09905623052256,212.14164309820183,0,228,200.37501,decode,1,4089
1316,212.09905623052256,212.14164309820183,0,229,200.573257,decode,1,1066
1316,212.09905623052256,212.14164309820183,0,230,200.573318,decode,1,1091
1316,212.09905623052256,212.14164309820183,0,231,200.675134,decode,1,18
1316,212.09905623052256,212.14164309820183,0,232,200.775816,decode,1,1328
1316,212.09905623052256,212.14164309820183,0,233,200.975697,decode,1,628
1316,212.09905623052256,212.14164309820183,0,234,200.979972,prefill,503,8
1317,212.14164309820183,212.1851677578811,0,126,196.05413,decode,1,3721
1317,212.14164309820183,212.1851677578811,0,212,199.675747,decode,1,1191
1317,212.14164309820183,212.1851677578811,0,218,199.87545,decode,1,635
1317,212.14164309820183,212.1851677578811,0,228,200.37501,decode,1,4090
1317,212.14164309820183,212.1851677578811,0,229,200.573257,decode,1,1067
1317,212.14164309820183,212.1851677578811,0,230,200.573318,decode,1,1092
1317,212.14164309820183,212.1851677578811,0,231,200.675134,decode,1,19
1317,212.14164309820183,212.1851677578811,0,232,200.775816,decode,1,1329
1317,212.14164309820183,212.1851677578811,0,233,200.975697,decode,1,629
1317,212.14164309820183,212.1851677578811,0,234,200.979972,prefill,503,511
1318,212.1851677578811,212.22982981133813,0,126,196.05413,decode,1,3722
1318,212.1851677578811,212.22982981133813,0,212,199.675747,decode,1,1192
1318,212.1851677578811,212.22982981133813,0,218,199.87545,decode,1,636
1318,212.1851677578811,212.22982981133813,0,228,200.37501,decode,1,4091
1318,212.1851677578811,212.22982981133813,0,231,200.675134,decode,1,20
1318,212.1851677578811,212.22982981133813,0,232,200.775816,decode,1,1330
1318,212.1851677578811,212.22982981133813,0,233,200.975697,decode,1,630
1318,212.1851677578811,212.22982981133813,0,234,200.979972,prefill,505,1014
1319,212.22982981133813,212.2758169350174,0,126,196.05413,decode,1,3723
1319,212.22982981133813,212.2758169350174,0,212,199.675747,decode,1,1193
1319,212.22982981133813,212.2758169350174,0,218,199.87545,decode,1,637
1319,212.22982981133813,212.2758169350174,0,228,200.37501,decode,1,4092
1319,212.22982981133813,212.2758169350174,0,231,200.675134,decode,1,21
1319,212.22982981133813,212.2758169350174,0,232,200.775816,decode,1,1331
1319,212.22982981133813,212.2758169350174,0,233,200.975697,decode,1,631
1319,212.22982981133813,212.2758169350174,0,234,200.979972,prefill,505,1519
1320,212.2758169350174,212.32076380269663,0,126,196.05413,decode,1,3724
1320,212.2758169350174,212.32076380269663,0,212,199.675747,decode,1,1194
1320,212.2758169350174,212.32076380269663,0,218,199.87545,decode,1,638
1320,212.2758169350174,212.32076380269663,0,228,200.37501,decode,1,4093
1320,212.2758169350174,212.32076380269663,0,231,200.675134,decode,1,22
1320,212.2758169350174,212.32076380269663,0,233,200.975697,decode,1,632
1320,212.2758169350174,212.32076380269663,0,234,200.979972,prefill,506,2024
1321,212.32076380269663,212.36742267037587,0,126,196.05413,decode,1,3725
1321,212.32076380269663,212.36742267037587,0,218,199.87545,decode,1,639
1321,212.32076380269663,212.36742267037587,0,228,200.37501,decode,1,4094
1321,212.32076380269663,212.36742267037587,0,233,200.975697,decode,1,633
1321,212.32076380269663,212.36742267037587,0,234,200.979972,prefill,508,2530
1322,212.36742267037587,212.41490637005512,0,126,196.05413,decode,1,3726
1322,212.36742267037587,212.41490637005512,0,218,199.87545,decode,1,640
1322,212.36742267037587,212.41490637005512,0,228,200.37501,decode,1,4095
1322,212.36742267037587,212.41490637005512,0,233,200.975697,decode,1,634
1322,212.36742267037587,212.41490637005512,0,234,200.979972,prefill,508,3038
1323,212.41490637005512,212.46190302973437,0,126,196.05413,decode,1,3727
1323,212.41490637005512,212.46190302973437,0,218,199.87545,decode,1,641
1323,212.41490637005512,212.46190302973437,0,233,200.975697,decode,1,635
1323,212.41490637005512,212.46190302973437,0,234,200.979972,prefill,509,3546
1324,212.46190302973437,212.50871882541364,0,126,196.05413,decode,1,3728
1324,212.46190302973437,212.50871882541364,0,218,199.87545,decode,1,642
1324,212.46190302973437,212.50871882541364,0,233,200.975697,decode,1,636
1324,212.46190302973437,212.50871882541364,0,234,200.979972,prefill,32,4055
1324,212.46190302973437,212.50871882541364,0,235,201.17319,prefill,477,0
1325,212.50871882541364,212.5506276130929,0,126,196.05413,decode,1,3729
1325,212.50871882541364,212.5506276130929,0,218,199.87545,decode,1,643
1325,212.50871882541364,212.5506276130929,0,233,200.975697,decode,1,637
1325,212.50871882541364,212.5506276130929,0,234,200.979972,decode,1,4088
1325,212.50871882541364,212.5506276130929,0,235,201.17319,prefill,508,477
1326,212.5506276130929,212.591675584315,0,126,196.05413,decode,1,3730
1326,212.5506276130929,212.591675584315,0,218,199.87545,decode,1,644
1326,212.5506276130929,212.591675584315,0,233,200.975697,decode,1,638
1326,212.5506276130929,212.591675584315,0,234,200.979972,decode,1,4089
1326,212.5506276130929,212.591675584315,0,235,201.17319,prefill,341,985
1326,212.5506276130929,212.591675584315,0,236,201.68531,prefill,167,0
1327,212.591675584315,212.63300921039425,0,126,196.05413,decode,1,3731
1327,212.591675584315,212.63300921039425,0,218,199.87545,decode,1,645
1327,212.591675584315,212.63300921039425,0,233,200.975697,decode,1,639
1327,212.591675584315,212.63300921039425,0,234,200.979972,decode,1,4090
1327,212.591675584315,212.63300921039425,0,235,201.17319,decode,1,1327
1327,212.591675584315,212.63300921039425,0,236,201.68531,prefill,507,167
1328,212.63300921039425,212.67530308180685,0,126,196.05413,decode,1,3732
1328,212.63300921039425,212.67530308180685,0,218,199.87545,decode,1,646
1328,212.63300921039425,212.67530308180685,0,233,200.975697,decode,1,640
1328,212.63300921039425,212.67530308180685,0,234,200.979972,decode,1,4091
1328,212.63300921039425,212.67530308180685,0,235,201.17319,decode,1,1328
1328,212.63300921039425,212.67530308180685,0,236,201.68531,prefill,507,674
1329,212.67530308180685,212.7186039654861,0,126,196.05413,decode,1,3733
1329,212.67530308180685,212.7186039654861,0,218,199.87545,decode,1,647
1329,212.67530308180685,212.7186039654861,0,233,200.975697,decode,1,641
1329,212.67530308180685,212.7186039654861,0,234,200.979972,decode,1,4092
1329,212.67530308180685,212.7186039654861,0,235,201.17319,decode,1,1329
1329,212.67530308180685,212.7186039654861,0,236,201.68531,prefill,14,1181
1329,212.67530308180685,212.7186039654861,0,237,201.7779,prefill,40,0
1329,212.67530308180685,212.7186039654861,0,238,201.875168,prefill,453,0
1330,212.7186039654861,212.76193726516536,0,126,196.05413,decode,1,3734
1330,212.7186039654861,212.76193726516536,0,218,199.87545,decode,1,648
1330,212.7186039654861,212.76193726516536,0,233,200.975697,decode,1,642
1330,212.7186039654861,212.76193726516536,0,234,200.979972,decode,1,4093
1330,212.7186039654861,212.76193726516536,0,235,201.17319,decode,1,1330
1330,212.7186039654861,212.76193726516536,0,236,201.68531,decode,1,1196
1330,212.7186039654861,212.76193726516536,0,237,201.7779,decode,1,41
1330,212.7186039654861,212.76193726516536,0,238,201.875168,prefill,505,453
1331,212.76193726516536,212.80607737017795,0,126,196.05413,decode,1,3735
1331,212.76193726516536,212.80607737017795,0,218,199.87545,decode,1,649
1331,212.76193726516536,212.80607737017795,0,233,200.975697,decode,1,643
1331,212.76193726516536,212.80607737017795,0,234,200.979972,decode,1,4094
1331,212.76193726516536,212.80607737017795,0,235,201.17319,decode,1,1331
1331,212.76193726516536,212.80607737017795,0,236,201.68531,decode,1,1197
1331,212.76193726516536,212.80607737017795,0,237,201.7779,decode,1,42
1331,212.76193726516536,212.80607737017795,0,238,201.875168,prefill,505,958
1332,212.80607737017795,212.8495610698572,0,126,196.05413,decode,1,3736
1332,212.80607737017795,212.8495610698572,0,218,199.87545,decode,1,650
1332,212.80607737017795,212.8495610698572,0,233,200.975697,decode,1,644
1332,212.80607737017795,212.8495610698572,0,234,200.979972,decode,1,4095
1332,212.80607737017795,212.8495610698572,0,236,201.68531,decode,1,1198
1332,212.80607737017795,212.8495610698572,0,237,201.7779,decode,1,43
1332,212.80607737017795,212.8495610698572,0,238,201.875168,prefill,506,1463
1333,212.8495610698572,212.89034883353645,0,126,196.05413,decode,1,3737
1333,212.8495610698572,212.89034883353645,0,218,199.87545,decode,1,651
1333,212.8495610698572,212.89034883353645,0,233,200.975697,decode,1,645
1333,212.8495610698572,212.89034883353645,0,236,201.68531,decode,1,1199
1333,212.8495610698572,212.89034883353645,0,237,201.7779,decode,1,44
1333,212.8495610698572,212.89034883353645,0,238,201.875168,prefill,218,1969
1333,212.8495610698572,212.89034883353645,0,239,201.87518,prefill,289,0
1334,212.89034883353645,212.93113646921572,0,126,196.05413,decode,1,3738
1334,212.89034883353645,212.93113646921572,0,218,199.87545,decode,1,652
1334,212.89034883353645,212.93113646921572,0,233,200.975697,decode,1,646
1334,212.89034883353645,212.93113646921572,0,236,201.68531,decode,1,1200
1334,212.89034883353645,212.93113646921572,0,237,201.7779,decode,1,45
1334,212.89034883353645,212.93113646921572,0,238,201.875168,decode,1,2188
1334,212.89034883353645,212.93113646921572,0,239,201.87518,prefill,506,289
1335,212.93113646921572,212.97293380089496,0,126,196.05413,decode,1,3739
1335,212.93113646921572,212.97293380089496,0,218,199.87545,decode,1,653
1335,212.93113646921572,212.97293380089496,0,233,200.975697,decode,1,647
1335,212.93113646921572,212.97293380089496,0,236,201.68531,decode,1,1201
1335,212.93113646921572,212.97293380089496,0,237,201.7779,decode,1,46
1335,212.93113646921572,212.97293380089496,0,238,201.875168,decode,1,2189
1335,212.93113646921572,212.97293380089496,0,239,201.87518,prefill,506,795
1336,212.97293380089496,213.0157914525742,0,126,196.05413,decode,1,3740
1336,212.97293380089496,213.0157914525742,0,218,199.87545,decode,1,654
1336,212.97293380089496,213.0157914525742,0,233,200.975697,decode,1,648
1336,212.97293380089496,213.0157914525742,0,236,201.68531,decode,1,1202
1336,212.97293380089496,213.0157914525742,0,237,201.7779,decode,1,47
1336,212.97293380089496,213.0157914525742,0,238,201.875168,decode,1,2190
1336,212.97293380089496,213.0157914525742,0,239,201.87518,prefill,506,1301
1337,213.0157914525742,213.06007899225347,0,126,196.05413,decode,1,3741
1337,213.0157914525742,213.06007899225347,0,218,199.87545,decode,1,655
1337,213.0157914525742,213.06007899225347,0,233,200.975697,decode,1,649
1337,213.0157914525742,213.06007899225347,0,236,201.68531,decode,1,1203
1337,213.0157914525742,213.06007899225347,0,237,201.7779,decode,1,48
1337,213.0157914525742,213.06007899225347,0,238,201.875168,decode,1,2191
1337,213.0157914525742,213.06007899225347,0,239,201.87518,prefill,506,1807
1338,213.06007899225347,213.10465197193273,0,126,196.05413,decode,1,3742
1338,213.06007899225347,213.10465197193273,0,218,199.87545,decode,1,656
1338,213.06007899225347,213.10465197193273,0,233,200.975697,decode,1,650
1338,213.06007899225347,213.10465197193273,0,237,201.7779,decode,1,49
1338,213.06007899225347,213.10465197193273,0,238,201.875168,decode,1,2192
1338,213.06007899225347,213.10465197193273,0,239,201.87518,prefill,507,2313
1339,213.10465197193273,213.15033291961197,0,126,196.05413,decode,1,3743
1339,213.10465197193273,213.15033291961197,0,218,199.87545,decode,1,657
1339,213.10465197193273,213.15033291961197,0,233,200.975697,decode,1,651
1339,213.10465197193273,213.15033291961197,0,237,201.7779,decode,1,50
1339,213.10465197193273,213.15033291961197,0,238,201.875168,decode,1,2193
1339,213.10465197193273,213.15033291961197,0,239,201.87518,prefill,507,2820
1340,213.15033291961197,213.19748215529123,0,126,196.05413,decode,1,3744
1340,213.15033291961197,213.19748215529123,0,218,199.87545,decode,1,658
1340,213.15033291961197,213.19748215529123,0,233,200.975697,decode,1,652
1340,213.15033291961197,213.19748215529123,0,237,201.7779,decode,1,51
1340,213.15033291961197,213.19748215529123,0,238,201.875168,decode,1,2194
1340,213.15033291961197,213.19748215529123,0,239,201.87518,prefill,507,3327
1341,213.19748215529123,213.24053295897048,0,126,196.05413,decode,1,3745
1341,213.19748215529123,213.24053295897048,0,218,199.87545,decode,1,659
1341,213.19748215529123,213.24053295897048,0,233,200.975697,decode,1,653
1341,213.19748215529123,213.24053295897048,0,237,201.7779,decode,1,52
1341,213.19748215529123,213.24053295897048,0,238,201.875168,decode,1,2195
1341,213.19748215529123,213.24053295897048,0,239,201.87518,prefill,221,3834
1341,213.19748215529123,213.24053295897048,0,240,202.006303,prefill,286,0
1342,213.24053295897048,213.28214043464973,0,126,196.05413,decode,1,3746
1342,213.24053295897048,213.28214043464973,0,218,199.87545,decode,1,660
1342,213.24053295897048,213.28214043464973,0,233,200.975697,decode,1,654
1342,213.24053295897048,213.28214043464973,0,237,201.7779,decode,1,53
1342,213.24053295897048,213.28214043464973,0,238,201.875168,decode,1,2196
1342,213.24053295897048,213.28214043464973,0,239,201.87518,decode,1,4056
1342,213.24053295897048,213.28214043464973,0,240,202.006303,prefill,506,286
1343,213.28214043464973,213.324834758329,0,126,196.05413,decode,1,3747
1343,213.28214043464973,213.324834758329,0,218,199.87545,decode,1,661
1343,213.28214043464973,213.324834758329,0,233,200.975697,decode,1,655
1343,213.28214043464973,213.324834758329,0,237,201.7779,decode,1,54
1343,213.28214043464973,213.324834758329,0,238,201.875168,decode,1,2197
1343,213.28214043464973,213.324834758329,0,239,201.87518,decode,1,4057
1343,213.28214043464973,213.324834758329,0,240,202.006303,prefill,54,792
1343,213.28214043464973,213.324834758329,0,241,202.111355,prefill,452,0
1344,213.324834758329,213.36889829800825,0,126,196.05413,decode,1,3748
1344,213.324834758329,213.36889829800825,0,218,199.87545,decode,1,662
1344,213.324834758329,213.36889829800825,0,233,200.975697,decode,1,656
1344,213.324834758329,213.36889829800825,0,237,201.7779,decode,1,55
1344,213.324834758329,213.36889829800825,0,238,201.875168,decode,1,2198
1344,213.324834758329,213.36889829800825,0,239,201.87518,decode,1,4058
1344,213.324834758329,213.36889829800825,0,240,202.006303,decode,1,847
1344,213.324834758329,213.36889829800825,0,241,202.111355,prefill,505,452
1345,213.36889829800825,213.40996798168752,0,126,196.05413,decode,1,3749
1345,213.36889829800825,213.40996798168752,0,233,200.975697,decode,1,657
1345,213.36889829800825,213.40996798168752,0,238,201.875168,decode,1,2199
1345,213.36889829800825,213.40996798168752,0,239,201.87518,decode,1,4059
1345,213.36889829800825,213.40996798168752,0,240,202.006303,decode,1,848
1345,213.36889829800825,213.40996798168752,0,241,202.111355,prefill,303,957
1345,213.36889829800825,213.40996798168752,0,242,202.134513,prefill,204,0
1346,213.40996798168752,213.45137116936678,0,126,196.05413,decode,1,3750
1346,213.40996798168752,213.45137116936678,0,233,200.975697,decode,1,658
1346,213.40996798168752,213.45137116936678,0,239,201.87518,decode,1,4060
1346,213.40996798168752,213.45137116936678,0,240,202.006303,decode,1,849
1346,213.40996798168752,213.45137116936678,0,241,202.111355,decode,1,1261
1346,213.40996798168752,213.45137116936678,0,242,202.134513,prefill,507,204
1347,213.45137116936678,213.49390479544604,0,126,196.05413,decode,1,3751
1347,213.45137116936678,213.49390479544604,0,233,200.975697,decode,1,659
1347,213.45137116936678,213.49390479544604,0,239,201.87518,decode,1,4061
1347,213.45137116936678,213.49390479544604,0,240,202.006303,decode,1,850
1347,213.45137116936678,213.49390479544604,0,241,202.111355,decode,1,1262
1347,213.45137116936678,213.49390479544604,0,242,202.134513,prefill,486,711
1347,213.45137116936678,213.49390479544604,0,243,202.273258,prefill,21,0
1348,213.49390479544604,213.5350444951253,0,126,196.05413,decode,1,3752
1348,213.49390479544604,213.5350444951253,0,233,200.975697,decode,1,660
1348,213.49390479544604,213.5350444951253,0,239,201.87518,decode,1,4062
1348,213.49390479544604,213.5350444951253,0,240,202.006303,decode,1,851
1348,213.49390479544604,213.5350444951253,0,241,202.111355,decode,1,1263
1348,213.49390479544604,213.5350444951253,0,242,202.134513,decode,1,1198
1348,213.49390479544604,213.5350444951253,0,243,202.273258,prefill,506,21
1349,213.5350444951253,213.57728333080456,0,126,196.05413,decode,1,3753
1349,213.5350444951253,213.57728333080456,0,233,200.975697,decode,1,661
1349,213.5350444951253,213.57728333080456,0,239,201.87518,decode,1,4063
1349,213.5350444951253,213.57728333080456,0,240,202.006303,decode,1,852
1349,213.5350444951253,213.57728333080456,0,241,202.111355,decode,1,1264
1349,213.5350444951253,213.57728333080456,0,242,202.134513,decode,1,1199
1349,213.5350444951253,213.57728333080456,0,243,202.273258,prefill,506,527
1350,213.57728333080456,213.62052141555048,0,126,196.05413,decode,1,3754
1350,213.57728333080456,213.62052141555048,0,233,200.975697,decode,1,662
1350,213.57728333080456,213.62052141555048,0,239,201.87518,decode,1,4064
1350,213.57728333080456,213.62052141555048,0,240,202.006303,decode,1,853
1350,213.57728333080456,213.62052141555048,0,241,202.111355,decode,1,1265
1350,213.57728333080456,213.62052141555048,0,242,202.134513,decode,1,1200
1350,213.57728333080456,213.62052141555048,0,243,202.273258,prefill,506,1033
1351,213.62052141555048,213.66468927522973,0,126,196.05413,decode,1,3755
1351,213.62052141555048,213.66468927522973,0,233,200.975697,decode,1,663
1351,213.62052141555048,213.66468927522973,0,239,201.87518,decode,1,4065
1351,213.62052141555048,213.66468927522973,0,240,202.006303,decode,1,854
1351,213.62052141555048,213.66468927522973,0,241,202.111355,decode,1,1266
1351,213.62052141555048,213.66468927522973,0,242,202.134513,decode,1,1201
1351,213.62052141555048,213.66468927522973,0,243,202.273258,prefill,506,1539
1352,213.66468927522973,213.71015275090897,0,126,196.05413,decode,1,3756
1352,213.66468927522973,213.71015275090897,0,233,200.975697,decode,1,664
1352,213.66468927522973,213.71015275090897,0,239,201.87518,decode,1,4066
1352,213.66468927522973,213.71015275090897,0,240,202.006303,decode,1,855
1352,213.66468927522973,213.71015275090897,0,241,202.111355,decode,1,1267
1352,213.66468927522973,213.71015275090897,0,242,202.134513,decode,1,1202
1352,213.66468927522973,213.71015275090897,0,243,202.273258,prefill,506,2045
1353,213.71015275090897,213.75695920258823,0,126,196.05413,decode,1,3757
1353,213.71015275090897,213.75695920258823,0,233,200.975697,decode,1,665
1353,213.71015275090897,213.75695920258823,0,239,201.87518,decode,1,4067
1353,213.71015275090897,213.75695920258823,0,240,202.006303,decode,1,856
1353,213.71015275090897,213.75695920258823,0,241,202.111355,decode,1,1268
1353,213.71015275090897,213.75695920258823,0,243,202.273258,prefill,507,2551
1354,213.75695920258823,213.8045904862675,0,126,196.05413,decode,1,3758
1354,213.75695920258823,213.8045904862675,0,233,200.975697,decode,1,666
1354,213.75695920258823,213.8045904862675,0,239,201.87518,decode,1,4068
1354,213.75695920258823,213.8045904862675,0,240,202.006303,decode,1,857
1354,213.75695920258823,213.8045904862675,0,241,202.111355,decode,1,1269
1354,213.75695920258823,213.8045904862675,0,243,202.273258,prefill,507,3058
1355,213.8045904862675,213.85362055394674,0,126,196.05413,decode,1,3759
1355,213.8045904862675,213.85362055394674,0,233,200.975697,decode,1,667
1355,213.8045904862675,213.85362055394674,0,239,201.87518,decode,1,4069
1355,213.8045904862675,213.85362055394674,0,241,202.111355,decode,1,1270
1355,213.8045904862675,213.85362055394674,0,243,202.273258,prefill,508,3565
1356,213.85362055394674,213.902642813626,0,126,196.05413,decode,1,3760
1356,213.85362055394674,213.902642813626,0,233,200.975697,decode,1,668
1356,213.85362055394674,213.902642813626,0,239,201.87518,decode,1,4070
1356,213.85362055394674,213.902642813626,0,241,202.111355,decode,1,1271
1356,213.85362055394674,213.902642813626,0,243,202.273258,prefill,10,4073
1356,213.85362055394674,213.902642813626,0,244,202.277007,prefill,498,0
1357,213.902642813626,213.94570168130525,0,126,196.05413,decode,1,3761
1357,213.902642813626,213.94570168130525,0,233,200.975697,decode,1,669
1357,213.902642813626,213.94570168130525,0,239,201.87518,decode,1,4071
1357,213.902642813626,213.94570168130525,0,241,202.111355,decode,1,1272
1357,213.902642813626,213.94570168130525,0,243,202.273258,decode,1,4084
1357,213.902642813626,213.94570168130525,0,244,202.277007,prefill,507,498
1358,213.94570168130525,213.98984072676228,0,126,196.05413,decode,1,3762
1358,213.94570168130525,213.98984072676228,0,233,200.975697,decode,1,670
1358,213.94570168130525,213.98984072676228,0,239,201.87518,decode,1,4072
1358,213.94570168130525,213.98984072676228,0,241,202.111355,decode,1,1273
1358,213.94570168130525,213.98984072676228,0,243,202.273258,decode,1,4085
1358,213.94570168130525,213.98984072676228,0,244,202.277007,prefill,507,1005
1359,213.98984072676228,214.03530484244155,0,126,196.05413,decode,1,3763
1359,213.98984072676228,214.03530484244155,0,233,200.975697,decode,1,671
1359,213.98984072676228,214.03530484244155,0,239,201.87518,decode,1,4073
1359,213.98984072676228,214.03530484244155,0,241,202.111355,decode,1,1274
1359,213.98984072676228,214.03530484244155,0,243,202.273258,decode,1,4086
1359,213.98984072676228,214.03530484244155,0,244,202.277007,prefill,507,1512
1360,214.03530484244155,214.0817496941208,0,126,196.05413,decode,1,3764
1360,214.03530484244155,214.0817496941208,0,233,200.975697,decode,1,672
1360,214.03530484244155,214.0817496941208,0,239,201.87518,decode,1,4074
1360,214.03530484244155,214.0817496941208,0,241,202.111355,decode,1,1275
1360,214.03530484244155,214.0817496941208,0,243,202.273258,decode,1,4087
1360,214.03530484244155,214.0817496941208,0,244,202.277007,prefill,507,2019
1361,214.0817496941208,214.12955864180003,0,126,196.05413,decode,1,3765
1361,214.0817496941208,214.12955864180003,0,233,200.975697,decode,1,673
1361,214.0817496941208,214.12955864180003,0,239,201.87518,decode,1,4075
1361,214.0817496941208,214.12955864180003,0,241,202.111355,decode,1,1276
1361,214.0817496941208,214.12955864180003,0,243,202.273258,decode,1,4088
1361,214.0817496941208,214.12955864180003,0,244,202.277007,prefill,507,2526
1362,214.12955864180003,214.17819242147928,0,126,196.05413,decode,1,3766
1362,214.12955864180003,214.17819242147928,0,233,200.975697,decode,1,674
1362,214.12955864180003,214.17819242147928,0,239,201.87518,decode,1,4076
1362,214.12955864180003,214.17819242147928,0,241,202.111355,decode,1,1277
1362,214.12955864180003,214.17819242147928,0,243,202.273258,decode,1,4089
1362,214.12955864180003,214.17819242147928,0,244,202.277007,prefill,507,3033
1363,214.17819242147928,214.22843388115854,0,126,196.05413,decode,1,3767
1363,214.17819242147928,214.22843388115854,0,239,201.87518,decode,1,4077
1363,214.17819242147928,214.22843388115854,0,241,202.111355,decode,1,1278
1363,214.17819242147928,214.22843388115854,0,243,202.273258,decode,1,4090
1363,214.17819242147928,214.22843388115854,0,244,202.277007,prefill,508,3540
1364,214.22843388115854,214.2773013888378,0,126,196.05413,decode,1,3768
1364,214.22843388115854,214.2773013888378,0,239,201.87518,decode,1,4078
1364,214.22843388115854,214.2773013888378,0,243,202.273258,decode,1,4091
1364,214.22843388115854,214.2773013888378,0,244,202.277007,prefill,35,4048
1364,214.22843388115854,214.2773013888378,0,245,202.773187,prefill,474,0
1365,214.2773013888378,214.32161440051706,0,126,196.05413,decode,1,3769
1365,214.2773013888378,214.32161440051706,0,239,201.87518,decode,1,4079
1365,214.2773013888378,214.32161440051706,0,243,202.273258,decode,1,4092
1365,214.2773013888378,214.32161440051706,0,244,202.277007,decode,1,4084
1365,214.2773013888378,214.32161440051706,0,245,202.773187,prefill,508,474
1366,214.32161440051706,214.36502399104077,0,126,196.05413,decode,1,3770
1366,214.32161440051706,214.36502399104077,0,239,201.87518,decode,1,4080
1366,214.32161440051706,214.36502399104077,0,243,202.273258,decode,1,4093
1366,214.32161440051706,214.36502399104077,0,244,202.277007,decode,1,4085
1366,214.32161440051706,214.36502399104077,0,245,202.773187,prefill,214,982
1366,214.32161440051706,214.36502399104077,0,246,203.206651,prefill,294,0
1367,214.36502399104077,214.40872823472003,0,126,196.05413,decode,1,3771
1367,214.36502399104077,214.40872823472003,0,239,201.87518,decode,1,4081
1367,214.36502399104077,214.40872823472003,0,243,202.273258,decode,1,4094
1367,214.36502399104077,214.40872823472003,0,244,202.277007,decode,1,4086
1367,214.36502399104077,214.40872823472003,0,245,202.773187,decode,1,1197
1367,214.36502399104077,214.40872823472003,0,246,203.206651,prefill,507,294
1368,214.40872823472003,214.4535193263993,0,126,196.05413,decode,1,3772
1368,214.40872823472003,214.4535193263993,0,239,201.87518,decode,1,4082
1368,214.40872823472003,214.4535193263993,0,243,202.273258,decode,1,4095
1368,214.40872823472003,214.4535193263993,0,244,202.277007,decode,1,4087
1368,214.40872823472003,214.4535193263993,0,245,202.773187,decode,1,1198
1368,214.40872823472003,214.4535193263993,0,246,203.206651,prefill,46,801
1368,214.40872823472003,214.4535193263993,0,247,203.23549,prefill,461,0
1369,214.4535193263993,214.49657819407855,0,126,196.05413,decode,1,3773
1369,214.4535193263993,214.49657819407855,0,239,201.87518,decode,1,4083
1369,214.4535193263993,214.49657819407855,0,244,202.277007,decode,1,4088
1369,214.4535193263993,214.49657819407855,0,245,202.773187,decode,1,1199
1369,214.4535193263993,214.49657819407855,0,246,203.206651,decode,1,848
1369,214.4535193263993,214.49657819407855,0,247,203.23549,prefill,507,461
1370,214.49657819407855,214.54071723953558,0,126,196.05413,decode,1,3774
1370,214.49657819407855,214.54071723953558,0,239,201.87518,decode,1,4084
1370,214.49657819407855,214.54071723953558,0,244,202.277007,decode,1,4089
1370,214.49657819407855,214.54071723953558,0,245,202.773187,decode,1,1200
1370,214.49657819407855,214.54071723953558,0,246,203.206651,decode,1,849
1370,214.49657819407855,214.54071723953558,0,247,203.23549,prefill,507,968
1371,214.54071723953558,214.58618135521485,0,126,196.05413,decode,1,3775
1371,214.54071723953558,214.58618135521485,0,239,201.87518,decode,1,4085
1371,214.54071723953558,214.58618135521485,0,244,202.277007,decode,1,4090
1371,214.54071723953558,214.58618135521485,0,245,202.773187,decode,1,1201
1371,214.54071723953558,214.58618135521485,0,246,203.206651,decode,1,850
1371,214.54071723953558,214.58618135521485,0,247,203.23549,prefill,507,1475
1372,214.58618135521485,214.6322464308941,0,126,196.05413,decode,1,3776
1372,214.58618135521485,214.6322464308941,0,239,201.87518,decode,1,4086
1372,214.58618135521485,214.6322464308941,0,244,202.277007,decode,1,4091
1372,214.58618135521485,214.6322464308941,0,245,202.773187,decode,1,1202
1372,214.58618135521485,214.6322464308941,0,246,203.206651,decode,1,851
1372,214.58618135521485,214.6322464308941,0,247,203.23549,prefill,507,1982
1373,214.6322464308941,214.67924705857337,0,126,196.05413,decode,1,3777
1373,214.6322464308941,214.67924705857337,0,239,201.87518,decode,1,4087
1373,214.6322464308941,214.67924705857337,0,244,202.277007,decode,1,4092
1373,214.6322464308941,214.67924705857337,0,245,202.773187,decode,1,1203
1373,214.6322464308941,214.67924705857337,0,246,203.206651,decode,1,852
1373,214.6322464308941,214.67924705857337,0,247,203.23549,prefill,507,2489
1374,214.67924705857337,214.72730483825262,0,126,196.05413,decode,1,3778
1374,214.67924705857337,214.72730483825262,0,239,201.87518,decode,1,4088
1374,214.67924705857337,214.72730483825262,0,244,202.277007,decode,1,4093
1374,214.67924705857337,214.72730483825262,0,245,202.773187,decode,1,1204
1374,214.67924705857337,214.72730483825262,0,246,203.206651,decode,1,853
1374,214.67924705857337,214.72730483825262,0,247,203.23549,prefill,507,2996
1375,214.72730483825262,214.7766234179319,0,126,196.05413,decode,1,3779
1375,214.72730483825262,214.7766234179319,0,239,201.87518,decode,1,4089
1375,214.72730483825262,214.7766234179319,0,244,202.277007,decode,1,4094
1375,214.72730483825262,214.7766234179319,0,245,202.773187,decode,1,1205
1375,214.72730483825262,214.7766234179319,0,246,203.206651,decode,1,854
1375,214.72730483825262,214.7766234179319,0,247,203.23549,prefill,507,3503
1376,214.7766234179319,214.82578737361115,0,126,196.05413,decode,1,3780
1376,214.7766234179319,214.82578737361115,0,239,201.87518,decode,1,4090
1376,214.7766234179319,214.82578737361115,0,244,202.277007,decode,1,4095
1376,214.7766234179319,214.82578737361115,0,245,202.773187,decode,1,1206
1376,214.7766234179319,214.82578737361115,0,246,203.206651,decode,1,855
1376,214.7766234179319,214.82578737361115,0,247,203.23549,prefill,75,4010
1376,214.7766234179319,214.82578737361115,0,248,203.573307,prefill,432,0
1377,214.82578737361115,214.86875096662374,0,126,196.05413,decode,1,3781
1377,214.82578737361115,214.86875096662374,0,239,201.87518,decode,1,4091
1377,214.82578737361115,214.86875096662374,0,245,202.773187,decode,1,1207
1377,214.82578737361115,214.86875096662374,0,246,203.206651,decode,1,856
1377,214.82578737361115,214.86875096662374,0,247,203.23549,decode,1,4086
1377,214.82578737361115,214.86875096662374,0,248,203.573307,prefill,507,432
1378,214.86875096662374,214.910820458303,0,126,196.05413,decode,1,3782
1378,214.86875096662374,214.910820458303,0,239,201.87518,decode,1,4092
1378,214.86875096662374,214.910820458303,0,245,202.773187,decode,1,1208
1378,214.86875096662374,214.910820458303,0,246,203.206651,decode,1,857
1378,214.86875096662374,214.910820458303,0,247,203.23549,decode,1,4087
1378,214.86875096662374,214.910820458303,0,248,203.573307,prefill,318,939
1378,214.86875096662374,214.910820458303,0,249,203.677115,prefill,189,0
1379,214.910820458303,214.95331990838224,0,126,196.05413,decode,1,3783
1379,214.910820458303,214.95331990838224,0,239,201.87518,decode,1,4093
1379,214.910820458303,214.95331990838224,0,245,202.773187,decode,1,1209
1379,214.910820458303,214.95331990838224,0,246,203.206651,decode,1,858
1379,214.910820458303,214.95331990838224,0,247,203.23549,decode,1,4088
1379,214.910820458303,214.95331990838224,0,248,203.573307,decode,1,1258
1379,214.910820458303,214.95331990838224,0,249,203.677115,prefill,506,189
1380,214.95331990838224,214.99677960379483,0,126,196.05413,decode,1,3784
1380,214.95331990838224,214.99677960379483,0,239,201.87518,decode,1,4094
1380,214.95331990838224,214.99677960379483,0,245,202.773187,decode,1,1210
1380,214.95331990838224,214.99677960379483,0,246,203.206651,decode,1,859
1380,214.95331990838224,214.99677960379483,0,247,203.23549,decode,1,4089
1380,214.95331990838224,214.99677960379483,0,248,203.573307,decode,1,1259
1380,214.95331990838224,214.99677960379483,0,249,203.677115,prefill,506,695
1381,214.99677960379483,215.0412829514741,0,126,196.05413,decode,1,3785
1381,214.99677960379483,215.0412829514741,0,239,201.87518,decode,1,4095
1381,214.99677960379483,215.0412829514741,0,245,202.773187,decode,1,1211
1381,214.99677960379483,215.0412829514741,0,246,203.206651,decode,1,860
1381,214.99677960379483,215.0412829514741,0,247,203.23549,decode,1,4090
1381,214.99677960379483,215.0412829514741,0,248,203.573307,decode,1,1260
1381,214.99677960379483,215.0412829514741,0,249,203.677115,prefill,506,1201
1382,215.0412829514741,215.08599033115337,0,126,196.05413,decode,1,3786
1382,215.0412829514741,215.08599033115337,0,245,202.773187,decode,1,1212
1382,215.0412829514741,215.08599033115337,0,246,203.206651,decode,1,861
1382,215.0412829514741,215.08599033115337,0,247,203.23549,decode,1,4091
1382,215.0412829514741,215.08599033115337,0,248,203.573307,decode,1,1261
1382,215.0412829514741,215.08599033115337,0,249,203.677115,prefill,507,1707
1383,215.08599033115337,215.13170788683263,0,126,196.05413,decode,1,3787
1383,215.08599033115337,215.13170788683263,0,245,202.773187,decode,1,1213
1383,215.08599033115337,215.13170788683263,0,246,203.206651,decode,1,862
1383,215.08599033115337,215.13170788683263,0,247,203.23549,decode,1,4092
1383,215.08599033115337,215.13170788683263,0,248,203.573307,decode,1,1262
1383,215.08599033115337,215.13170788683263,0,249,203.677115,prefill,507,2214
1384,215.13170788683263,215.17893027451188,0,126,196.05413,decode,1,3788
1384,215.13170788683263,215.17893027451188,0,246,203.206651,decode,1,863
1384,215.13170788683263,215.17893027451188,0,247,203.23549,decode,1,4093
1384,215.13170788683263,215.17893027451188,0,248,203.573307,decode,1,1263
1384,215.13170788683263,215.17893027451188,0,249,203.677115,prefill,508,2721
1385,215.17893027451188,215.22682532352448,0,126,196.05413,decode,1,3789
1385,215.17893027451188,215.22682532352448,0,246,203.206651,decode,1,864
1385,215.17893027451188,215.22682532352448,0,247,203.23549,decode,1,4094
1385,215.17893027451188,215.22682532352448,0,248,203.573307,decode,1,1264
1385,215.17893027451188,215.22682532352448,0,249,203.677115,prefill,508,3229
1386,215.22682532352448,215.27139676720373,0,126,196.05413,decode,1,3790
1386,215.22682532352448,215.27139676720373,0,246,203.206651,decode,1,865
1386,215.22682532352448,215.27139676720373,0,247,203.23549,decode,1,4095
1386,215.22682532352448,215.27139676720373,0,248,203.573307,decode,1,1265
1386,215.22682532352448,215.27139676720373,0,249,203.677115,prefill,320,3737
1386,215.22682532352448,215.27139676720373,0,250,203.918889,prefill,188,0
1387,215.27139676720373,215.31203036128298,0,126,196.05413,decode,1,3791
1387,215.27139676720373,215.31203036128298,0,246,203.206651,decode,1,866
1387,215.27139676720373,215.31203036128298,0,249,203.677115,decode,1,4058
1387,215.27139676720373,215.31203036128298,0,250,203.918889,prefill,509,188
1388,215.31203036128298,215.35196390629557,0,126,196.05413,decode,1,3792
1388,215.31203036128298,215.35196390629557,0,246,203.206651,decode,1,867
1388,215.31203036128298,215.35196390629557,0,249,203.677115,decode,1,4059
1388,215.31203036128298,215.35196390629557,0,250,203.918889,prefill,150,697
1388,215.31203036128298,215.35196390629557,0,251,204.360868,prefill,359,0
1389,215.35196390629557,215.39369281984148,0,126,196.05413,decode,1,3793
1389,215.35196390629557,215.39369281984148,0,246,203.206651,decode,1,868
1389,215.35196390629557,215.39369281984148,0,249,203.677115,decode,1,4060
1389,215.35196390629557,215.39369281984148,0,250,203.918889,decode,1,848
1389,215.35196390629557,215.39369281984148,0,251,204.360868,prefill,489,359
1389,215.35196390629557,215.39369281984148,0,252,204.573952,prefill,19,0
1390,215.39369281984148,215.43468339952074,0,126,196.05413,decode,1,3794
1390,215.39369281984148,215.43468339952074,0,246,203.206651,decode,1,869
1390,215.39369281984148,215.43468339952074,0,249,203.677115,decode,1,4061
1390,215.39369281984148,215.43468339952074,0,250,203.918889,decode,1,849
1390,215.39369281984148,215.43468339952074,0,251,204.360868,decode,1,849
1390,215.39369281984148,215.43468339952074,0,252,204.573952,prefill,507,19
1391,215.43468339952074,215.4751346512,0,126,196.05413,decode,1,3795
1391,215.43468339952074,215.4751346512,0,246,203.206651,decode,1,870
1391,215.43468339952074,215.4751346512,0,249,203.677115,decode,1,4062
1391,215.43468339952074,215.4751346512,0,250,203.918889,decode,1,850
1391,215.43468339952074,215.4751346512,0,251,204.360868,decode,1,850
1391,215.43468339952074,215.4751346512,0,252,204.573952,prefill,168,526
1391,215.43468339952074,215.4751346512,0,253,204.774484,prefill,339,0
1392,215.4751346512,215.51672843087925,0,126,196.05413,decode,1,3796
1392,215.4751346512,215.51672843087925,0,246,203.206651,decode,1,871
1392,215.4751346512,215.51672843087925,0,249,203.677115,decode,1,4063
1392,215.4751346512,215.51672843087925,0,250,203.918889,decode,1,851
1392,215.4751346512,215.51672843087925,0,251,204.360868,decode,1,851
1392,215.4751346512,215.51672843087925,0,252,204.573952,decode,1,695
1392,215.4751346512,215.51672843087925,0,253,204.774484,prefill,506,339
1393,215.51672843087925,215.55929119189184,0,126,196.05413,decode,1,3797
1393,215.51672843087925,215.55929119189184,0,246,203.206651,decode,1,872
1393,215.51672843087925,215.55929119189184,0,249,203.677115,decode,1,4064
1393,215.51672843087925,215.55929119189184,0,250,203.918889,decode,1,852
1393,215.51672843087925,215.55929119189184,0,251,204.360868,decode,1,852
1393,215.51672843087925,215.55929119189184,0,252,204.573952,decode,1,696
1393,215.51672843087925,215.55929119189184,0,253,204.774484,prefill,506,845
1394,215.55929119189184,215.6031672115711,0,126,196.05413,decode,1,3798
1394,215.55929119189184,215.6031672115711,0,246,203.206651,decode,1,873
1394,215.55929119189184,215.6031672115711,0,249,203.677115,decode,1,4065
1394,215.55929119189184,215.6031672115711,0,250,203.918889,decode,1,853
1394,215.55929119189184,215.6031672115711,0,251,204.360868,decode,1,853
1394,215.55929119189184,215.6031672115711,0,252,204.573952,decode,1,697
1394,215.55929119189184,215.6031672115711,0,253,204.774484,prefill,506,1351
1395,215.6031672115711,215.64838454325036,0,126,196.05413,decode,1,3799
1395,215.6031672115711,215.64838454325036,0,246,203.206651,decode,1,874
1395,215.6031672115711,215.64838454325036,0,249,203.677115,decode,1,4066
1395,215.6031672115711,215.64838454325036,0,250,203.918889,decode,1,854
1395,215.6031672115711,215.64838454325036,0,251,204.360868,decode,1,854
1395,215.6031672115711,215.64838454325036,0,252,204.573952,decode,1,698
1395,215.6031672115711,215.64838454325036,0,253,204.774484,prefill,506,1857
1396,215.64838454325036,215.69403963492962,0,126,196.05413,decode,1,3800
1396,215.64838454325036,215.69403963492962,0,246,203.206651,decode,1,875
1396,215.64838454325036,215.69403963492962,0,249,203.677115,decode,1,4067
1396,215.64838454325036,215.69403963492962,0,250,203.918889,decode,1,855
1396,215.64838454325036,215.69403963492962,0,251,204.360868,decode,1,855
1396,215.64838454325036,215.69403963492962,0,252,204.573952,decode,1,699
1396,215.64838454325036,215.69403963492962,0,253,204.774484,prefill,506,2363
1397,215.69403963492962,215.74074637460888,0,126,196.05413,decode,1,3801
1397,215.69403963492962,215.74074637460888,0,246,203.206651,decode,1,876
1397,215.69403963492962,215.74074637460888,0,249,203.677115,decode,1,4068
1397,215.69403963492962,215.74074637460888,0,250,203.918889,decode,1,856
1397,215.69403963492962,215.74074637460888,0,252,204.573952,decode,1,700
1397,215.69403963492962,215.74074637460888,0,253,204.774484,prefill,507,2869
1398,215.74074637460888,215.78845151428814,0,126,196.05413,decode,1,3802
1398,215.74074637460888,215.78845151428814,0,246,203.206651,decode,1,877
1398,215.74074637460888,215.78845151428814,0,249,203.677115,decode,1,4069
1398,215.74074637460888,215.78845151428814,0,250,203.918889,decode,1,857
1398,215.74074637460888,215.78845151428814,0,252,204.573952,decode,1,701
1398,215.74074637460888,215.78845151428814,0,253,204.774484,prefill,507,3376
1399,215.78845151428814,215.8325281099674,0,126,196.05413,decode,1,3803
1399,215.78845151428814,215.8325281099674,0,246,203.206651,decode,1,878
1399,215.78845151428814,215.8325281099674,0,249,203.677115,decode,1,4070
1399,215.78845151428814,215.8325281099674,0,250,203.918889,decode,1,858
1399,215.78845151428814,215.8325281099674,0,252,204.573952,decode,1,702
1399,215.78845151428814,215.8325281099674,0,253,204.774484,prefill,200,3883
1399,215.78845151428814,215.8325281099674,0,254,204.799519,prefill,307,0
1400,215.8325281099674,215.87509532964665,0,126,196.05413,decode,1,3804
1400,215.8325281099674,215.87509532964665,0,249,203.677115,decode,1,4071
1400,215.8325281099674,215.87509532964665,0,250,203.918889,decode,1,859
1400,215.8325281099674,215.87509532964665,0,252,204.573952,decode,1,703
1400,215.8325281099674,215.87509532964665,0,253,204.774484,decode,1,4084
1400,215.8325281099674,215.87509532964665,0,254,204.799519,prefill,507,307
1401,215.87509532964665,215.9185631573259,0,126,196.05413,decode,1,3805
1401,215.87509532964665,215.9185631573259,0,249,203.677115,decode,1,4072
1401,215.87509532964665,215.9185631573259,0,250,203.918889,decode,1,860
1401,215.87509532964665,215.9185631573259,0,252,204.573952,decode,1,704
1401,215.87509532964665,215.9185631573259,0,253,204.774484,decode,1,4085
1401,215.87509532964665,215.9185631573259,0,254,204.799519,prefill,33,814
1401,215.87509532964665,215.9185631573259,0,255,204.807401,prefill,474,0
1402,215.9185631573259,215.96136999300515,0,126,196.05413,decode,1,3806
1402,215.9185631573259,215.96136999300515,0,249,203.677115,decode,1,4073
1402,215.9185631573259,215.96136999300515,0,250,203.918889,decode,1,861
1402,215.9185631573259,215.96136999300515,0,252,204.573952,decode,1,705
1402,215.9185631573259,215.96136999300515,0,253,204.774484,decode,1,4086
1402,215.9185631573259,215.96136999300515,0,254,204.799519,decode,1,848
1402,215.9185631573259,215.96136999300515,0,255,204.807401,prefill,506,474
1403,215.96136999300515,216.0052570064622,0,126,196.05413,decode,1,3807
1403,215.96136999300515,216.0052570064622,0,249,203.677115,decode,1,4074
1403,215.96136999300515,216.0052570064622,0,250,203.918889,decode,1,862
1403,215.96136999300515,216.0052570064622,0,252,204.573952,decode,1,706
1403,215.96136999300515,216.0052570064622,0,253,204.774484,decode,1,4087
1403,215.96136999300515,216.0052570064622,0,254,204.799519,decode,1,849
1403,215.96136999300515,216.0052570064622,0,255,204.807401,prefill,506,980
1404,216.0052570064622,216.04768624214145,0,126,196.05413,decode,1,3808
1404,216.0052570064622,216.04768624214145,0,249,203.677115,decode,1,4075
1404,216.0052570064622,216.04768624214145,0,250,203.918889,decode,1,863
1404,216.0052570064622,216.04768624214145,0,252,204.573952,decode,1,707
1404,216.0052570064622,216.04768624214145,0,253,204.774484,decode,1,4088
1404,216.0052570064622,216.04768624214145,0,254,204.799519,decode,1,850
1404,216.0052570064622,216.04768624214145,0,255,204.807401,prefill,262,1486
1404,216.0052570064622,216.04768624214145,0,256,205.002927,prefill,244,0
1405,216.04768624214145,216.0927911898207,0,126,196.05413,decode,1,3809
1405,216.04768624214145,216.0927911898207,0,249,203.677115,decode,1,4076
1405,216.04768624214145,216.0927911898207,0,250,203.918889,decode,1,864
1405,216.04768624214145,216.0927911898207,0,252,204.573952,decode,1,708
1405,216.04768624214145,216.0927911898207,0,253,204.774484,decode,1,4089
1405,216.04768624214145,216.0927911898207,0,254,204.799519,decode,1,851
1405,216.04768624214145,216.0927911898207,0,255,204.807401,decode,1,1749
1405,216.04768624214145,216.0927911898207,0,256,205.002927,prefill,505,244
1406,216.0927911898207,216.13917909003328,0,126,196.05413,decode,1,3810
1406,216.0927911898207,216.13917909003328,0,249,203.677115,decode,1,4077
1406,216.0927911898207,216.13917909003328,0,250,203.918889,decode,1,865
1406,216.0927911898207,216.13917909003328,0,252,204.573952,decode,1,709
1406,216.0927911898207,216.13917909003328,0,253,204.774484,decode,1,4090
1406,216.0927911898207,216.13917909003328,0,254,204.799519,decode,1,852
1406,216.0927911898207,216.13917909003328,0,255,204.807401,decode,1,1750
1406,216.0927911898207,216.13917909003328,0,256,205.002927,prefill,505,749
1407,216.13917909003328,216.18675571771254,0,126,196.05413,decode,1,3811
1407,216.13917909003328,216.18675571771254,0,249,203.677115,decode,1,4078
1407,216.13917909003328,216.18675571771254,0,250,203.918889,decode,1,866
1407,216.13917909003328,216.18675571771254,0,252,204.573952,decode,1,710
1407,216.13917909003328,216.18675571771254,0,253,204.774484,decode,1,4091
1407,216.13917909003328,216.18675571771254,0,254,204.799519,decode,1,853
1407,216.13917909003328,216.18675571771254,0,255,204.807401,decode,1,1751
1407,216.13917909003328,216.18675571771254,0,256,205.002927,prefill,505,1254
1408,216.18675571771254,216.2355468093918,0,126,196.05413,decode,1,3812
1408,216.18675571771254,216.2355468093918,0,249,203.677115,decode,1,4079
1408,216.18675571771254,216.2355468093918,0,250,203.918889,decode,1,867
1408,216.18675571771254,216.2355468093918,0,252,204.573952,decode,1,711
1408,216.18675571771254,216.2355468093918,0,253,204.774484,decode,1,4092
1408,216.18675571771254,216.2355468093918,0,254,204.799519,decode,1,854
1408,216.18675571771254,216.2355468093918,0,255,204.807401,decode,1,1752
1408,216.18675571771254,216.2355468093918,0,256,205.002927,prefill,505,1759
1409,216.2355468093918,216.28264599707106,0,126,196.05413,decode,1,3813
1409,216.2355468093918,216.28264599707106,0,249,203.677115,decode,1,4080
1409,216.2355468093918,216.28264599707106,0,250,203.918889,decode,1,868
1409,216.2355468093918,216.28264599707106,0,252,204.573952,decode,1,712
1409,216.2355468093918,216.28264599707106,0,253,204.774484,decode,1,4093
1409,216.2355468093918,216.28264599707106,0,255,204.807401,decode,1,1753
1409,216.2355468093918,216.28264599707106,0,256,205.002927,prefill,506,2264
1410,216.28264599707106,216.3310218567503,0,126,196.05413,decode,1,3814
1410,216.28264599707106,216.3310218567503,0,249,203.677115,decode,1,4081
1410,216.28264599707106,216.3310218567503,0,250,203.918889,decode,1,869
1410,216.28264599707106,216.3310218567503,0,252,204.573952,decode,1,713
1410,216.28264599707106,216.3310218567503,0,253,204.774484,decode,1,4094
1410,216.28264599707106,216.3310218567503,0,255,204.807401,decode,1,1754
1410,216.28264599707106,216.3310218567503,0,256,205.002927,prefill,506,2770
1411,216.3310218567503,216.38036270842957,0,126,196.05413,decode,1,3815
1411,216.3310218567503,216.38036270842957,0,249,203.677115,decode,1,4082
1411,216.3310218567503,216.38036270842957,0,250,203.918889,decode,1,870
1411,216.3310218567503,216.38036270842957,0,252,204.573952,decode,1,714
1411,216.3310218567503,216.38036270842957,0,253,204.774484,decode,1,4095
1411,216.3310218567503,216.38036270842957,0,255,204.807401,decode,1,1755
1411,216.3310218567503,216.38036270842957,0,256,205.002927,prefill,506,3276
1412,216.38036270842957,216.42475828010882,0,126,196.05413,decode,1,3816
1412,216.38036270842957,216.42475828010882,0,249,203.677115,decode,1,4083
1412,216.38036270842957,216.42475828010882,0,250,203.918889,decode,1,871
1412,216.38036270842957,216.42475828010882,0,252,204.573952,decode,1,715
1412,216.38036270842957,216.42475828010882,0,255,204.807401,decode,1,1756
1412,216.38036270842957,216.42475828010882,0,256,205.002927,prefill,303,3782
1412,216.38036270842957,216.42475828010882,0,257,205.175449,prefill,204,0
1413,216.42475828010882,216.46719929178806,0,126,196.05413,decode,1,3817
1413,216.42475828010882,216.46719929178806,0,249,203.677115,decode,1,4084
1413,216.42475828010882,216.46719929178806,0,250,203.918889,decode,1,872
1413,216.42475828010882,216.46719929178806,0,252,204.573952,decode,1,716
1413,216.42475828010882,216.46719929178806,0,255,204.807401,decode,1,1757
1413,216.42475828010882,216.46719929178806,0,256,205.002927,decode,1,4086
1413,216.42475828010882,216.46719929178806,0,257,205.175449,prefill,506,204
1414,216.46719929178806,216.51109452000065,0,126,196.05413,decode,1,3818
1414,216.46719929178806,216.51109452000065,0,249,203.677115,decode,1,4085
1414,216.46719929178806,216.51109452000065,0,252,204.573952,decode,1,717
1414,216.46719929178806,216.51109452000065,0,255,204.807401,decode,1,1758
1414,216.46719929178806,216.51109452000065,0,256,205.002927,decode,1,4087
1414,216.46719929178806,216.51109452000065,0,257,205.175449,prefill,507,710
1415,216.51109452000065,216.5561784756799,0,126,196.05413,decode,1,3819
1415,216.51109452000065,216.5561784756799,0,249,203.677115,decode,1,4086
1415,216.51109452000065,216.5561784756799,0,252,204.573952,decode,1,718
1415,216.51109452000065,216.5561784756799,0,255,204.807401,decode,1,1759
1415,216.51109452000065,216.5561784756799,0,256,205.002927,decode,1,4088
1415,216.51109452000065,216.5561784756799,0,257,205.175449,prefill,507,1217
1416,216.5561784756799,216.60190396735916,0,126,196.05413,decode,1,3820
1416,216.5561784756799,216.60190396735916,0,249,203.677115,decode,1,4087
1416,216.5561784756799,216.60190396735916,0,252,204.573952,decode,1,719
1416,216.5561784756799,216.60190396735916,0,255,204.807401,decode,1,1760
1416,216.5561784756799,216.60190396735916,0,256,205.002927,decode,1,4089
1416,216.5561784756799,216.60190396735916,0,257,205.175449,prefill,507,1724
1417,216.60190396735916,216.64863963503842,0,126,196.05413,decode,1,3821
1417,216.60190396735916,216.64863963503842,0,249,203.677115,decode,1,4088
1417,216.60190396735916,216.64863963503842,0,252,204.573952,decode,1,720
1417,216.60190396735916,216.64863963503842,0,255,204.807401,decode,1,1761
1417,216.60190396735916,216.64863963503842,0,256,205.002927,decode,1,4090
1417,216.60190396735916,216.64863963503842,0,257,205.175449,prefill,507,2231
1418,216.64863963503842,216.69683623071768,0,126,196.05413,decode,1,3822
1418,216.64863963503842,216.69683623071768,0,249,203.677115,decode,1,4089
1418,216.64863963503842,216.69683623071768,0,252,204.573952,decode,1,721
1418,216.64863963503842,216.69683623071768,0,255,204.807401,decode,1,1762
1418,216.64863963503842,216.69683623071768,0,256,205.002927,decode,1,4091
1418,216.64863963503842,216.69683623071768,0,257,205.175449,prefill,507,2738
1419,216.69683623071768,216.74566235173026,0,126,196.05413,decode,1,3823
1419,216.69683623071768,216.74566235173026,0,249,203.677115,decode,1,4090
1419,216.69683623071768,216.74566235173026,0,252,204.573952,decode,1,722
1419,216.69683623071768,216.74566235173026,0,256,205.002927,decode,1,4092
1419,216.69683623071768,216.74566235173026,0,257,205.175449,prefill,508,3245
1420,216.74566235173026,216.79116486740952,0,126,196.05413,decode,1,3824
1420,216.74566235173026,216.79116486740952,0,249,203.677115,decode,1,4091
1420,216.74566235173026,216.79116486740952,0,252,204.573952,decode,1,723
1420,216.74566235173026,216.79116486740952,0,256,205.002927,decode,1,4093
1420,216.74566235173026,216.79116486740952,0,257,205.175449,prefill,330,3753
1420,216.74566235173026,216.79116486740952,0,258,205.176524,prefill,178,0
1421,216.79116486740952,216.83455238148878,0,126,196.05413,decode,1,3825
1421,216.79116486740952,216.83455238148878,0,249,203.677115,decode,1,4092
1421,216.79116486740952,216.83455238148878,0,252,204.573952,decode,1,724
1421,216.79116486740952,216.83455238148878,0,256,205.002927,decode,1,4094
1421,216.79116486740952,216.83455238148878,0,257,205.175449,decode,1,4084
1421,216.79116486740952,216.83455238148878,0,258,205.176524,prefill,507,178
1422,216.83455238148878,216.87890014090135,0,126,196.05413,decode,1,3826
1422,216.83455238148878,216.87890014090135,0,249,203.677115,decode,1,4093
1422,216.83455238148878,216.87890014090135,0,252,204.573952,decode,1,725
1422,216.83455238148878,216.87890014090135,0,256,205.002927,decode,1,4095
1422,216.83455238148878,216.87890014090135,0,257,205.175449,decode,1,4085
1422,216.83455238148878,216.87890014090135,0,258,205.176524,prefill,507,685
1423,216.87890014090135,216.92353161658062,0,126,196.05413,decode,1,3827
1423,216.87890014090135,216.92353161658062,0,249,203.677115,decode,1,4094
1423,216.87890014090135,216.92353161658062,0,252,204.573952,decode,1,726
1423,216.87890014090135,216.92353161658062,0,257,205.175449,decode,1,4086
1423,216.87890014090135,216.92353161658062,0,258,205.176524,prefill,8,1192
1423,216.87890014090135,216.92353161658062,0,259,205.473179,prefill,500,0
1424,216.92353161658062,216.96484328425987,0,126,196.05413,decode,1,3828
1424,216.92353161658062,216.96484328425987,0,249,203.677115,decode,1,4095
1424,216.92353161658062,216.96484328425987,0,252,204.573952,decode,1,727
1424,216.92353161658062,216.96484328425987,0,257,205.175449,decode,1,4087
1424,216.92353161658062,216.96484328425987,0,258,205.176524,decode,1,1201
1424,216.92353161658062,216.96484328425987,0,259,205.473179,prefill,194,500
1424,216.92353161658062,216.96484328425987,0,260,205.475185,prefill,313,0
1425,216.96484328425987,217.00639443993913,0,126,196.05413,decode,1,3829
1425,216.96484328425987,217.00639443993913,0,252,204.573952,decode,1,728
1425,216.96484328425987,217.00639443993913,0,257,205.175449,decode,1,4088
1425,216.96484328425987,217.00639443993913,0,258,205.176524,decode,1,1202
1425,216.96484328425987,217.00639443993913,0,259,205.473179,decode,1,695
1425,216.96484328425987,217.00639443993913,0,260,205.475185,prefill,507,313
1426,217.00639443993913,217.04895529161837,0,126,196.05413,decode,1,3830
1426,217.00639443993913,217.04895529161837,0,252,204.573952,decode,1,729
1426,217.00639443993913,217.04895529161837,0,257,205.175449,decode,1,4089
1426,217.00639443993913,217.04895529161837,0,258,205.176524,decode,1,1203
1426,217.00639443993913,217.04895529161837,0,259,205.473179,decode,1,696
1426,217.00639443993913,217.04895529161837,0,260,205.475185,prefill,507,820
1427,217.04895529161837,217.09041582329763,0,126,196.05413,decode,1,3831
1427,217.04895529161837,217.09041582329763,0,252,204.573952,decode,1,730
1427,217.04895529161837,217.09041582329763,0,257,205.175449,decode,1,4090
1427,217.04895529161837,217.09041582329763,0,258,205.176524,decode,1,1204
1427,217.04895529161837,217.09041582329763,0,259,205.473179,decode,1,697
1427,217.04895529161837,217.09041582329763,0,260,205.475185,prefill,163,1327
1427,217.04895529161837,217.09041582329763,0,261,205.479641,prefill,344,0
1428,217.09041582329763,217.13242022697688,0,126,196.05413,decode,1,3832
1428,217.09041582329763,217.13242022697688,0,252,204.573952,decode,1,731
1428,217.09041582329763,217.13242022697688,0,257,205.175449,decode,1,4091
1428,217.09041582329763,217.13242022697688,0,258,205.176524,decode,1,1205
1428,217.09041582329763,217.13242022697688,0,259,205.473179,decode,1,698
1428,217.09041582329763,217.13242022697688,0,260,205.475185,decode,1,1491
1428,217.09041582329763,217.13242022697688,0,261,205.479641,prefill,506,344
1429,217.13242022697688,217.17521658798947,0,126,196.05413,decode,1,3833
1429,217.13242022697688,217.17521658798947,0,252,204.573952,decode,1,732
1429,217.13242022697688,217.17521658798947,0,257,205.175449,decode,1,4092
1429,217.13242022697688,217.17521658798947,0,259,205.473179,decode,1,699
1429,217.13242022697688,217.17521658798947,0,260,205.475185,decode,1,1492
1429,217.13242022697688,217.17521658798947,0,261,205.479641,prefill,507,850
1430,217.17521658798947,217.21932620766873,0,126,196.05413,decode,1,3834
1430,217.17521658798947,217.21932620766873,0,252,204.573952,decode,1,733
1430,217.17521658798947,217.21932620766873,0,257,205.175449,decode,1,4093
1430,217.17521658798947,217.21932620766873,0,259,205.473179,decode,1,700
1430,217.17521658798947,217.21932620766873,0,260,205.475185,decode,1,1493
1430,217.17521658798947,217.21932620766873,0,261,205.479641,prefill,507,1357
1431,217.21932620766873,217.26461521934797,0,126,196.05413,decode,1,3835
1431,217.21932620766873,217.26461521934797,0,252,204.573952,decode,1,734
1431,217.21932620766873,217.26461521934797,0,257,205.175449,decode,1,4094
1431,217.21932620766873,217.26461521934797,0,259,205.473179,decode,1,701
1431,217.21932620766873,217.26461521934797,0,260,205.475185,decode,1,1494
1431,217.21932620766873,217.26461521934797,0,261,205.479641,prefill,507,1864
1432,217.26461521934797,217.31095075902724,0,126,196.05413,decode,1,3836
1432,217.26461521934797,217.31095075902724,0,252,204.573952,decode,1,735
1432,217.26461521934797,217.31095075902724,0,257,205.175449,decode,1,4095
1432,217.26461521934797,217.31095075902724,0,259,205.473179,decode,1,702
1432,217.26461521934797,217.31095075902724,0,260,205.475185,decode,1,1495
1432,217.26461521934797,217.31095075902724,0,261,205.479641,prefill,507,2371
1433,217.31095075902724,217.35591247470649,0,126,196.05413,decode,1,3837
1433,217.31095075902724,217.35591247470649,0,252,204.573952,decode,1,736
1433,217.31095075902724,217.35591247470649,0,259,205.473179,decode,1,703
1433,217.31095075902724,217.35591247470649,0,261,205.479641,prefill,509,2878
1434,217.35591247470649,217.40187259038575,0,126,196.05413,decode,1,3838
1434,217.35591247470649,217.40187259038575,0,252,204.573952,decode,1,737
1434,217.35591247470649,217.40187259038575,0,259,205.473179,decode,1,704
1434,217.35591247470649,217.40187259038575,0,261,205.479641,prefill,509,3387
1435,217.40187259038575,217.444336130065,0,126,196.05413,decode,1,3839
1435,217.40187259038575,217.444336130065,0,252,204.573952,decode,1,738
1435,217.40187259038575,217.444336130065,0,259,205.473179,decode,1,705
1435,217.40187259038575,217.444336130065,0,261,205.479641,prefill,194,3896
1435,217.40187259038575,217.444336130065,0,262,205.575067,prefill,315,0
1436,217.444336130065,217.48593374974428,0,126,196.05413,decode,1,3840
1436,217.444336130065,217.48593374974428,0,252,204.573952,decode,1,739
1436,217.444336130065,217.48593374974428,0,259,205.473179,decode,1,706
1436,217.444336130065,217.48593374974428,0,261,205.479641,decode,1,4091
1436,217.444336130065,217.48593374974428,0,262,205.575067,prefill,508,315
1437,217.48593374974428,217.52842378542354,0,126,196.05413,decode,1,3841
1437,217.48593374974428,217.52842378542354,0,252,204.573952,decode,1,740
1437,217.48593374974428,217.52842378542354,0,259,205.473179,decode,1,707
1437,217.48593374974428,217.52842378542354,0,261,205.479641,decode,1,4092
1437,217.48593374974428,217.52842378542354,0,262,205.575067,prefill,24,823
1437,217.48593374974428,217.52842378542354,0,263,205.677197,prefill,484,0
1438,217.52842378542354,217.5703250211028,0,126,196.05413,decode,1,3842
1438,217.52842378542354,217.5703250211028,0,252,204.573952,decode,1,741
1438,217.52842378542354,217.5703250211028,0,259,205.473179,decode,1,708
1438,217.52842378542354,217.5703250211028,0,261,205.479641,decode,1,4093
1438,217.52842378542354,217.5703250211028,0,262,205.575067,decode,1,848
1438,217.52842378542354,217.5703250211028,0,263,205.677197,prefill,507,484
1439,217.5703250211028,217.6113228356265,0,126,196.05413,decode,1,3843
1439,217.5703250211028,217.6113228356265,0,252,204.573952,decode,1,742
1439,217.5703250211028,217.6113228356265,0,259,205.473179,decode,1,709
1439,217.5703250211028,217.6113228356265,0,261,205.479641,decode,1,4094
1439,217.5703250211028,217.6113228356265,0,262,205.575067,decode,1,849
1439,217.5703250211028,217.6113228356265,0,263,205.677197,prefill,210,991
1439,217.5703250211028,217.6113228356265,0,264,213.74522,prefill,297,0
1440,217.6113228356265,217.65300199130576,0,126,196.05413,decode,1,3844
1440,217.6113228356265,217.65300199130576,0,252,204.573952,decode,1,743
1440,217.6113228356265,217.65300199130576,0,261,205.479641,decode,1,4095
1440,217.6113228356265,217.65300199130576,0,262,205.575067,decode,1,850
1440,217.6113228356265,217.65300199130576,0,263,205.677197,decode,1,1202
1440,217.6113228356265,217.65300199130576,0,264,213.74522,prefill,507,297
1441,217.65300199130576,217.69291884298502,0,126,196.05413,decode,1,3845
1441,217.65300199130576,217.69291884298502,0,252,204.573952,decode,1,744
1441,217.65300199130576,217.69291884298502,0,262,205.575067,decode,1,851
1441,217.65300199130576,217.69291884298502,0,263,205.677197,decode,1,1203
1441,217.65300199130576,217.69291884298502,0,264,213.74522,prefill,337,804
1441,217.65300199130576,217.69291884298502,0,265,213.841126,prefill,171,0
1442,217.69291884298502,217.73181835066427,0,126,196.05413,decode,1,3846
1442,217.69291884298502,217.73181835066427,0,252,204.573952,decode,1,745
1442,217.69291884298502,217.73181835066427,0,262,205.575067,decode,1,852
1442,217.69291884298502,217.73181835066427,0,263,205.677197,decode,1,1204
1442,217.69291884298502,217.73181835066427,0,264,213.74522,decode,1,1142
1442,217.69291884298502,217.73181835066427,0,265,213.841126,prefill,206,171
1442,217.69291884298502,217.73181835066427,0,266,213.943694,prefill,301,0
1443,217.73181835066427,217.7725188183435,0,126,196.05413,decode,1,3847
1443,217.73181835066427,217.7725188183435,0,252,204.573952,decode,1,746
1443,217.73181835066427,217.7725188183435,0,262,205.575067,decode,1,853
1443,217.73181835066427,217.7725188183435,0,263,205.677197,decode,1,1205
1443,217.73181835066427,217.7725188183435,0,264,213.74522,decode,1,1143
1443,217.73181835066427,217.7725188183435,0,265,213.841126,decode,1,378
1443,217.73181835066427,217.7725188183435,0,266,213.943694,prefill,506,301
1444,217.7725188183435,217.81422898202277,0,126,196.05413,decode,1,3848
1444,217.7725188183435,217.81422898202277,0,252,204.573952,decode,1,747
1444,217.7725188183435,217.81422898202277,0,262,205.575067,decode,1,854
1444,217.7725188183435,217.81422898202277,0,263,205.677197,decode,1,1206
1444,217.7725188183435,217.81422898202277,0,264,213.74522,decode,1,1144
1444,217.7725188183435,217.81422898202277,0,265,213.841126,decode,1,379
1444,217.7725188183435,217.81422898202277,0,266,213.943694,prefill,506,807
1445,217.81422898202277,217.85699946570202,0,126,196.05413,decode,1,3849
1445,217.81422898202277,217.85699946570202,0,252,204.573952,decode,1,748
1445,217.81422898202277,217.85699946570202,0,262,205.575067,decode,1,855
1445,217.81422898202277,217.85699946570202,0,263,205.677197,decode,1,1207
1445,217.81422898202277,217.85699946570202,0,264,213.74522,decode,1,1145
1445,217.81422898202277,217.85699946570202,0,265,213.841126,decode,1,380
1445,217.81422898202277,217.85699946570202,0,266,213.943694,prefill,506,1313
1446,217.85699946570202,217.90119983738128,0,126,196.05413,decode,1,3850
1446,217.85699946570202,217.90119983738128,0,252,204.573952,decode,1,749
1446,217.85699946570202,217.90119983738128,0,262,205.575067,decode,1,856
1446,217.85699946570202,217.90119983738128,0,263,205.677197,decode,1,1208
1446,217.85699946570202,217.90119983738128,0,264,213.74522,decode,1,1146
1446,217.85699946570202,217.90119983738128,0,265,213.841126,decode,1,381
1446,217.85699946570202,217.90119983738128,0,266,213.943694,prefill,506,1819
1447,217.90119983738128,217.94594792106054,0,126,196.05413,decode,1,3851
1447,217.90119983738128,217.94594792106054,0,252,204.573952,decode,1,750
1447,217.90119983738128,217.94594792106054,0,262,205.575067,decode,1,857
1447,217.90119983738128,217.94594792106054,0,263,205.677197,decode,1,1209
1447,217.90119983738128,217.94594792106054,0,264,213.74522,decode,1,1147
1447,217.90119983738128,217.94594792106054,0,265,213.841126,decode,1,382
1447,217.90119983738128,217.94594792106054,0,266,213.943694,prefill,506,2325
1448,217.94594792106054,217.9918039727398,0,126,196.05413,decode,1,3852
1448,217.94594792106054,217.9918039727398,0,252,204.573952,decode,1,751
1448,217.94594792106054,217.9918039727398,0,262,205.575067,decode,1,858
1448,217.94594792106054,217.9918039727398,0,263,205.677197,decode,1,1210
1448,217.94594792106054,217.9918039727398,0,264,213.74522,decode,1,1148
1448,217.94594792106054,217.9918039727398,0,265,213.841126,decode,1,383
1448,217.94594792106054,217.9918039727398,0,266,213.943694,prefill,506,2831
1449,217.9918039727398,218.03865842441905,0,126,196.05413,decode,1,3853
1449,217.9918039727398,218.03865842441905,0,252,204.573952,decode,1,752
1449,217.9918039727398,218.03865842441905,0,262,205.575067,decode,1,859
1449,217.9918039727398,218.03865842441905,0,263,205.677197,decode,1,1211
1449,217.9918039727398,218.03865842441905,0,264,213.74522,decode,1,1149
1449,217.9918039727398,218.03865842441905,0,265,213.841126,decode,1,384
1449,217.9918039727398,218.03865842441905,0,266,213.943694,prefill,506,3337
1450,218.03865842441905,218.0817092280983,0,126,196.05413,decode,1,3854
1450,218.03865842441905,218.0817092280983,0,252,204.573952,decode,1,753
1450,218.03865842441905,218.0817092280983,0,263,205.677197,decode,1,1212
1450,218.03865842441905,218.0817092280983,0,264,213.74522,decode,1,1150
1450,218.03865842441905,218.0817092280983,0,265,213.841126,decode,1,385
1450,218.03865842441905,218.0817092280983,0,266,213.943694,prefill,240,3843
1450,218.03865842441905,218.0817092280983,0,267,214.035739,prefill,267,0
1451,218.0817092280983,218.12277193577756,0,126,196.05413,decode,1,3855
1451,218.0817092280983,218.12277193577756,0,252,204.573952,decode,1,754
1451,218.0817092280983,218.12277193577756,0,264,213.74522,decode,1,1151
1451,218.0817092280983,218.12277193577756,0,265,213.841126,decode,1,386
1451,218.0817092280983,218.12277193577756,0,266,213.943694,decode,1,4084
1451,218.0817092280983,218.12277193577756,0,267,214.035739,prefill,122,267
1451,218.0817092280983,218.12277193577756,0,268,214.040724,prefill,385,0
1452,218.12277193577756,218.16440484079016,0,126,196.05413,decode,1,3856
1452,218.12277193577756,218.16440484079016,0,252,204.573952,decode,1,755
1452,218.12277193577756,218.16440484079016,0,264,213.74522,decode,1,1152
1452,218.12277193577756,218.16440484079016,0,265,213.841126,decode,1,387
1452,218.12277193577756,218.16440484079016,0,266,213.943694,decode,1,4085
1452,218.12277193577756,218.16440484079016,0,267,214.035739,decode,1,390
1452,218.12277193577756,218.16440484079016,0,268,214.040724,prefill,506,385
1453,218.16440484079016,218.20513337886942,0,126,196.05413,decode,1,3857
1453,218.16440484079016,218.20513337886942,0,252,204.573952,decode,1,756
1453,218.16440484079016,218.20513337886942,0,264,213.74522,decode,1,1153
1453,218.16440484079016,218.20513337886942,0,266,213.943694,decode,1,4086
1453,218.16440484079016,218.20513337886942,0,267,214.035739,decode,1,391
1453,218.16440484079016,218.20513337886942,0,268,214.040724,prefill,253,891
1453,218.16440484079016,218.20513337886942,0,269,214.041441,prefill,254,0
1454,218.20513337886942,218.24646488654867,0,126,196.05413,decode,1,3858
1454,218.20513337886942,218.24646488654867,0,252,204.573952,decode,1,757
1454,218.20513337886942,218.24646488654867,0,264,213.74522,decode,1,1154
1454,218.20513337886942,218.24646488654867,0,266,213.943694,decode,1,4087
1454,218.20513337886942,218.24646488654867,0,267,214.035739,decode,1,392
1454,218.20513337886942,218.24646488654867,0,268,214.040724,decode,1,1145
1454,218.20513337886942,218.24646488654867,0,269,214.041441,prefill,506,254
1455,218.24646488654867,218.28907934676124,0,126,196.05413,decode,1,3859
1455,218.24646488654867,218.28907934676124,0,252,204.573952,decode,1,758
1455,218.24646488654867,218.28907934676124,0,264,213.74522,decode,1,1155
1455,218.24646488654867,218.28907934676124,0,266,213.943694,decode,1,4088
1455,218.24646488654867,218.28907934676124,0,267,214.035739,decode,1,393
1455,218.24646488654867,218.28907934676124,0,268,214.040724,decode,1,1146
1455,218.24646488654867,218.28907934676124,0,269,214.041441,prefill,506,760
1456,218.28907934676124,218.3328825344405,0,126,196.05413,decode,1,3860
1456,218.28907934676124,218.3328825344405,0,252,204.573952,decode,1,759
1456,218.28907934676124,218.3328825344405,0,264,213.74522,decode,1,1156
1456,218.28907934676124,218.3328825344405,0,266,213.943694,decode,1,4089
1456,218.28907934676124,218.3328825344405,0,267,214.035739,decode,1,394
1456,218.28907934676124,218.3328825344405,0,268,214.040724,decode,1,1147
1456,218.28907934676124,218.3328825344405,0,269,214.041441,prefill,506,1266
1457,218.3328825344405,218.37790018611975,0,126,196.05413,decode,1,3861
1457,218.3328825344405,218.37790018611975,0,252,204.573952,decode,1,760
1457,218.3328825344405,218.37790018611975,0,264,213.74522,decode,1,1157
1457,218.3328825344405,218.37790018611975,0,266,213.943694,decode,1,4090
1457,218.3328825344405,218.37790018611975,0,267,214.035739,decode,1,395
1457,218.3328825344405,218.37790018611975,0,268,214.040724,decode,1,1148
1457,218.3328825344405,218.37790018611975,0,269,214.041441,prefill,506,1772
1458,218.37790018611975,218.423889869799,0,126,196.05413,decode,1,3862
1458,218.37790018611975,218.423889869799,0,252,204.573952,decode,1,761
1458,218.37790018611975,218.423889869799,0,264,213.74522,decode,1,1158
1458,218.37790018611975,218.423889869799,0,266,213.943694,decode,1,4091
1458,218.37790018611975,218.423889869799,0,267,214.035739,decode,1,396
1458,218.37790018611975,218.423889869799,0,268,214.040724,decode,1,1149
1458,218.37790018611975,218.423889869799,0,269,214.041441,prefill,506,2278
1459,218.423889869799,218.47115622547827,0,126,196.05413,decode,1,3863
1459,218.423889869799,218.47115622547827,0,252,204.573952,decode,1,762
1459,218.423889869799,218.47115622547827,0,264,213.74522,decode,1,1159
1459,218.423889869799,218.47115622547827,0,266,213.943694,decode,1,4092
1459,218.423889869799,218.47115622547827,0,267,214.035739,decode,1,397
1459,218.423889869799,218.47115622547827,0,268,214.040724,decode,1,1150
1459,218.423889869799,218.47115622547827,0,269,214.041441,prefill,506,2784
1460,218.47115622547827,218.51495902915752,0,126,196.05413,decode,1,3864
1460,218.47115622547827,218.51495902915752,0,252,204.573952,decode,1,763
1460,218.47115622547827,218.51495902915752,0,264,213.74522,decode,1,1160
1460,218.47115622547827,218.51495902915752,0,266,213.943694,decode,1,4093
1460,218.47115622547827,218.51495902915752,0,267,214.035739,decode,1,398
1460,218.47115622547827,218.51495902915752,0,268,214.040724,decode,1,1151
1460,218.47115622547827,218.51495902915752,0,269,214.041441,prefill,350,3290
1460,218.47115622547827,218.51495902915752,0,270,214.14329,prefill,156,0
1461,218.51495902915752,218.5596310232368,0,126,196.05413,decode,1,3865
1461,218.51495902915752,218.5596310232368,0,252,204.573952,decode,1,764
1461,218.51495902915752,218.5596310232368,0,264,213.74522,decode,1,1161
1461,218.51495902915752,218.5596310232368,0,266,213.943694,decode,1,4094
1461,218.51495902915752,218.5596310232368,0,267,214.035739,decode,1,399
1461,218.51495902915752,218.5596310232368,0,268,214.040724,decode,1,1152
1461,218.51495902915752,218.5596310232368,0,269,214.041441,decode,1,3641
1461,218.51495902915752,218.5596310232368,0,270,214.14329,prefill,505,156
1462,218.5596310232368,218.60350319224938,0,126,196.05413,decode,1,3866
1462,218.5596310232368,218.60350319224938,0,252,204.573952,decode,1,765
1462,218.5596310232368,218.60350319224938,0,264,213.74522,decode,1,1162
1462,218.5596310232368,218.60350319224938,0,266,213.943694,decode,1,4095
1462,218.5596310232368,218.60350319224938,0,267,214.035739,decode,1,400
1462,218.5596310232368,218.60350319224938,0,268,214.040724,decode,1,1153
1462,218.5596310232368,218.60350319224938,0,269,214.041441,decode,1,3642
1462,218.5596310232368,218.60350319224938,0,270,214.14329,prefill,307,661
1462,218.5596310232368,218.60350319224938,0,271,214.144006,prefill,198,0
1463,218.60350319224938,218.64482484392863,0,126,196.05413,decode,1,3867
1463,218.60350319224938,218.64482484392863,0,252,204.573952,decode,1,766
1463,218.60350319224938,218.64482484392863,0,269,214.041441,decode,1,3643
1463,218.60350319224938,218.64482484392863,0,270,214.14329,decode,1,969
1463,218.60350319224938,218.64482484392863,0,271,214.144006,prefill,508,198
1464,218.64482484392863,218.68742944814122,0,126,196.05413,decode,1,3868
1464,218.64482484392863,218.68742944814122,0,252,204.573952,decode,1,767
1464,218.64482484392863,218.68742944814122,0,269,214.041441,decode,1,3644
1464,218.64482484392863,218.68742944814122,0,270,214.14329,decode,1,970
1464,218.64482484392863,218.68742944814122,0,271,214.144006,prefill,508,706
1465,218.68742944814122,218.73081343582047,0,126,196.05413,decode,1,3869
1465,218.68742944814122,218.73081343582047,0,252,204.573952,decode,1,768
1465,218.68742944814122,218.73081343582047,0,269,214.041441,decode,1,3645
1465,218.68742944814122,218.73081343582047,0,270,214.14329,decode,1,971
1465,218.68742944814122,218.73081343582047,0,271,214.144006,prefill,508,1214
1466,218.73081343582047,218.77524830349972,0,126,196.05413,decode,1,3870
1466,218.73081343582047,218.77524830349972,0,252,204.573952,decode,1,769
1466,218.73081343582047,218.77524830349972,0,269,214.041441,decode,1,3646
1466,218.73081343582047,218.77524830349972,0,270,214.14329,decode,1,972
1466,218.73081343582047,218.77524830349972,0,271,214.144006,prefill,508,1722
1467,218.77524830349972,218.82069334717897,0,126,196.05413,decode,1,3871
1467,218.77524830349972,218.82069334717897,0,252,204.573952,decode,1,770
1467,218.77524830349972,218.82069334717897,0,269,214.041441,decode,1,3647
1467,218.77524830349972,218.82069334717897,0,270,214.14329,decode,1,973
1467,218.77524830349972,218.82069334717897,0,271,214.144006,prefill,508,2230
1468,218.82069334717897,218.86759931885823,0,126,196.05413,decode,1,3872
1468,218.82069334717897,218.86759931885823,0,252,204.573952,decode,1,771
1468,218.82069334717897,218.86759931885823,0,269,214.041441,decode,1,3648
1468,218.82069334717897,218.86759931885823,0,270,214.14329,decode,1,974
1468,218.82069334717897,218.86759931885823,0,271,214.144006,prefill,508,2738
1469,218.86759931885823,218.9112647785375,0,126,196.05413,decode,1,3873
1469,218.86759931885823,218.9112647785375,0,252,204.573952,decode,1,772
1469,218.86759931885823,218.9112647785375,0,269,214.041441,decode,1,3649
1469,218.86759931885823,218.9112647785375,0,270,214.14329,decode,1,975
1469,218.86759931885823,218.9112647785375,0,271,214.144006,prefill,130,3246
1469,218.86759931885823,218.9112647785375,0,272,214.236223,prefill,378,0
1470,218.9112647785375,218.95370732621674,0,126,196.05413,decode,1,3874
1470,218.9112647785375,218.95370732621674,0,252,204.573952,decode,1,773
1470,218.9112647785375,218.95370732621674,0,269,214.041441,decode,1,3650
1470,218.9112647785375,218.95370732621674,0,270,214.14329,decode,1,976
1470,218.9112647785375,218.95370732621674,0,271,214.144006,decode,1,3377
1470,218.9112647785375,218.95370732621674,0,272,214.236223,prefill,507,378
1471,218.95370732621674,218.99711885522933,0,126,196.05413,decode,1,3875
1471,218.95370732621674,218.99711885522933,0,252,204.573952,decode,1,774
1471,218.95370732621674,218.99711885522933,0,269,214.041441,decode,1,3651
1471,218.95370732621674,218.99711885522933,0,270,214.14329,decode,1,977
1471,218.95370732621674,218.99711885522933,0,271,214.144006,decode,1,3378
1471,218.95370732621674,218.99711885522933,0,272,214.236223,prefill,507,885
1472,218.99711885522933,219.0418436429086,0,126,196.05413,decode,1,3876
1472,218.99711885522933,219.0418436429086,0,252,204.573952,decode,1,775
1472,218.99711885522933,219.0418436429086,0,269,214.041441,decode,1,3652
1472,218.99711885522933,219.0418436429086,0,270,214.14329,decode,1,978
1472,218.99711885522933,219.0418436429086,0,271,214.144006,decode,1,3379
1472,218.99711885522933,219.0418436429086,0,272,214.236223,prefill,507,1392
1473,219.0418436429086,219.08774782258783,0,126,196.05413,decode,1,3877
1473,219.0418436429086,219.08774782258783,0,252,204.573952,decode,1,776
1473,219.0418436429086,219.08774782258783,0,269,214.041441,decode,1,3653
1473,219.0418436429086,219.08774782258783,0,270,214.14329,decode,1,979
1473,219.0418436429086,219.08774782258783,0,271,214.144006,decode,1,3380
1473,219.0418436429086,219.08774782258783,0,272,214.236223,prefill,507,1899
1474,219.08774782258783,219.13367440226708,0,126,196.05413,decode,1,3878
1474,219.08774782258783,219.13367440226708,0,252,204.573952,decode,1,777
1474,219.08774782258783,219.13367440226708,0,270,214.14329,decode,1,980
1474,219.08774782258783,219.13367440226708,0,271,214.144006,decode,1,3381
1474,219.08774782258783,219.13367440226708,0,272,214.236223,prefill,30,2406
1474,219.08774782258783,219.13367440226708,0,273,214.736946,prefill,478,0
1475,219.13367440226708,219.17592174994633,0,126,196.05413,decode,1,3879
1475,219.13367440226708,219.17592174994633,0,252,204.573952,decode,1,778
1475,219.13367440226708,219.17592174994633,0,270,214.14329,decode,1,981
1475,219.13367440226708,219.17592174994633,0,271,214.144006,decode,1,3382
1475,219.13367440226708,219.17592174994633,0,272,214.236223,decode,1,2437
1475,219.13367440226708,219.17592174994633,0,273,214.736946,prefill,3,478
1475,219.13367440226708,219.17592174994633,0,274,214.739532,prefill,504,0
1476,219.17592174994633,219.2181551456256,0,126,196.05413,decode,1,3880
1476,219.17592174994633,219.2181551456256,0,252,204.573952,decode,1,779
1476,219.17592174994633,219.2181551456256,0,270,214.14329,decode,1,982
1476,219.17592174994633,219.2181551456256,0,271,214.144006,decode,1,3383
1476,219.17592174994633,219.2181551456256,0,272,214.236223,decode,1,2438
1476,219.17592174994633,219.2181551456256,0,273,214.736946,decode,1,482
1476,219.17592174994633,219.2181551456256,0,274,214.739532,prefill,506,504
1477,219.2181551456256,219.26146871908261,0,126,196.05413,decode,1,3881
1477,219.2181551456256,219.26146871908261,0,252,204.573952,decode,1,780
1477,219.2181551456256,219.26146871908261,0,270,214.14329,decode,1,983
1477,219.2181551456256,219.26146871908261,0,271,214.144006,decode,1,3384
1477,219.2181551456256,219.26146871908261,0,272,214.236223,decode,1,2439
1477,219.2181551456256,219.26146871908261,0,273,214.736946,decode,1,483
1477,219.2181551456256,219.26146871908261,0,274,214.739532,prefill,506,1010
1478,219.26146871908261,219.30598320276187,0,126,196.05413,decode,1,3882
1478,219.26146871908261,219.30598320276187,0,252,204.573952,decode,1,781
1478,219.26146871908261,219.30598320276187,0,271,214.144006,decode,1,3385
1478,219.26146871908261,219.30598320276187,0,272,214.236223,decode,1,2440
1478,219.26146871908261,219.30598320276187,0,273,214.736946,decode,1,484
1478,219.26146871908261,219.30598320276187,0,274,214.739532,prefill,507,1516
1479,219.30598320276187,219.34785371844112,0,126,196.05413,decode,1,3883
1479,219.30598320276187,219.34785371844112,0,252,204.573952,decode,1,782
1479,219.30598320276187,219.34785371844112,0,271,214.144006,decode,1,3386
1479,219.30598320276187,219.34785371844112,0,272,214.236223,decode,1,2441
1479,219.30598320276187,219.34785371844112,0,273,214.736946,decode,1,485
1479,219.30598320276187,219.34785371844112,0,274,214.739532,prefill,142,2023
1479,219.30598320276187,219.34785371844112,0,275,214.741692,prefill,103,0
1479,219.30598320276187,219.34785371844112,0,276,214.741704,prefill,262,0
1480,219.34785371844112,219.39189729012037,0,126,196.05413,decode,1,3884
1480,219.34785371844112,219.39189729012037,0,252,204.573952,decode,1,783
1480,219.34785371844112,219.39189729012037,0,271,214.144006,decode,1,3387
1480,219.34785371844112,219.39189729012037,0,272,214.236223,decode,1,2442
1480,219.34785371844112,219.39189729012037,0,273,214.736946,decode,1,486
1480,219.34785371844112,219.39189729012037,0,274,214.739532,decode,1,2166
1480,219.34785371844112,219.39189729012037,0,275,214.741692,decode,1,104
1480,219.34785371844112,219.39189729012037,0,276,214.741704,prefill,505,262
1481,219.39189729012037,219.43434983033296,0,126,196.05413,decode,1,3885
1481,219.39189729012037,219.43434983033296,0,252,204.573952,decode,1,784
1481,219.39189729012037,219.43434983033296,0,271,214.144006,decode,1,3388
1481,219.39189729012037,219.43434983033296,0,273,214.736946,decode,1,487
1481,219.39189729012037,219.43434983033296,0,274,214.739532,decode,1,2167
1481,219.39189729012037,219.43434983033296,0,275,214.741692,decode,1,105
1481,219.39189729012037,219.43434983033296,0,276,214.741704,prefill,506,767
1482,219.43434983033296,219.4779910980122,0,126,196.05413,decode,1,3886
1482,219.43434983033296,219.4779910980122,0,252,204.573952,decode,1,785
1482,219.43434983033296,219.4779910980122,0,271,214.144006,decode,1,3389
1482,219.43434983033296,219.4779910980122,0,273,214.736946,decode,1,488
1482,219.43434983033296,219.4779910980122,0,274,214.739532,decode,1,2168
1482,219.43434983033296,219.4779910980122,0,275,214.741692,decode,1,106
1482,219.43434983033296,219.4779910980122,0,276,214.741704,prefill,506,1273
1483,219.4779910980122,219.52284682969147,0,126,196.05413,decode,1,3887
1483,219.4779910980122,219.52284682969147,0,252,204.573952,decode,1,786
1483,219.4779910980122,219.52284682969147,0,271,214.144006,decode,1,3390
1483,219.4779910980122,219.52284682969147,0,273,214.736946,decode,1,489
1483,219.4779910980122,219.52284682969147,0,274,214.739532,decode,1,2169
1483,219.4779910980122,219.52284682969147,0,275,214.741692,decode,1,107
1483,219.4779910980122,219.52284682969147,0,276,214.741704,prefill,506,1779
1484,219.52284682969147,219.56867459337073,0,126,196.05413,decode,1,3888
1484,219.52284682969147,219.56867459337073,0,252,204.573952,decode,1,787
1484,219.52284682969147,219.56867459337073,0,271,214.144006,decode,1,3391
1484,219.52284682969147,219.56867459337073,0,273,214.736946,decode,1,490
1484,219.52284682969147,219.56867459337073,0,274,214.739532,decode,1,2170
1484,219.52284682969147,219.56867459337073,0,275,214.741692,decode,1,108
1484,219.52284682969147,219.56867459337073,0,276,214.741704,prefill,506,2285
1485,219.56867459337073,219.61577902904997,0,126,196.05413,decode,1,3889
1485,219.56867459337073,219.61577902904997,0,252,204.573952,decode,1,788
1485,219.56867459337073,219.61577902904997,0,271,214.144006,decode,1,3392
1485,219.56867459337073,219.61577902904997,0,273,214.736946,decode,1,491
1485,219.56867459337073,219.61577902904997,0,274,214.739532,decode,1,2171
1485,219.56867459337073,219.61577902904997,0,275,214.741692,decode,1,109
1485,219.56867459337073,219.61577902904997,0,276,214.741704,prefill,506,2791
1486,219.61577902904997,219.65940007272923,0,126,196.05413,decode,1,3890
1486,219.61577902904997,219.65940007272923,0,252,204.573952,decode,1,789
1486,219.61577902904997,219.65940007272923,0,271,214.144006,decode,1,3393
1486,219.61577902904997,219.65940007272923,0,274,214.739532,decode,1,2172
1486,219.61577902904997,219.65940007272923,0,275,214.741692,decode,1,110
1486,219.61577902904997,219.65940007272923,0,276,214.741704,prefill,251,3297
1486,219.61577902904997,219.65940007272923,0,277,214.942377,prefill,256,0
1487,219.65940007272923,219.6999637084085,0,126,196.05413,decode,1,3891
1487,219.65940007272923,219.6999637084085,0,252,204.573952,decode,1,790
1487,219.65940007272923,219.6999637084085,0,271,214.144006,decode,1,3394
1487,219.65940007272923,219.6999637084085,0,274,214.739532,decode,1,2173
1487,219.65940007272923,219.6999637084085,0,275,214.741692,decode,1,111
1487,219.65940007272923,219.6999637084085,0,276,214.741704,decode,1,3549
1487,219.65940007272923,219.6999637084085,0,277,214.942377,prefill,227,256
1487,219.65940007272923,219.6999637084085,0,278,215.040119,prefill,279,0
1488,219.6999637084085,219.74459518408776,0,126,196.05413,decode,1,3892
1488,219.6999637084085,219.74459518408776,0,252,204.573952,decode,1,791
1488,219.6999637084085,219.74459518408776,0,271,214.144006,decode,1,3395
1488,219.6999637084085,219.74459518408776,0,274,214.739532,decode,1,2174
1488,219.6999637084085,219.74459518408776,0,275,214.741692,decode,1,112
1488,219.6999637084085,219.74459518408776,0,276,214.741704,decode,1,3550
1488,219.6999637084085,219.74459518408776,0,277,214.942377,decode,1,484
1488,219.6999637084085,219.74459518408776,0,278,215.040119,prefill,505,279
1489,219.74459518408776,219.787461059767,0,126,196.05413,decode,1,3893
1489,219.74459518408776,219.787461059767,0,252,204.573952,decode,1,792
1489,219.74459518408776,219.787461059767,0,271,214.144006,decode,1,3396
1489,219.74459518408776,219.787461059767,0,275,214.741692,decode,1,113
1489,219.74459518408776,219.787461059767,0,276,214.741704,decode,1,3551
1489,219.74459518408776,219.787461059767,0,277,214.942377,decode,1,485
1489,219.74459518408776,219.787461059767,0,278,215.040119,prefill,506,784
1490,219.787461059767,219.83138725544626,0,126,196.05413,decode,1,3894
1490,219.787461059767,219.83138725544626,0,252,204.573952,decode,1,793
1490,219.787461059767,219.83138725544626,0,271,214.144006,decode,1,3397
1490,219.787461059767,219.83138725544626,0,275,214.741692,decode,1,114
1490,219.787461059767,219.83138725544626,0,276,214.741704,decode,1,3552
1490,219.787461059767,219.83138725544626,0,277,214.942377,decode,1,486
1490,219.787461059767,219.83138725544626,0,278,215.040119,prefill,506,1290
1491,219.83138725544626,219.8737963951255,0,126,196.05413,decode,1,3895
1491,219.83138725544626,219.8737963951255,0,252,204.573952,decode,1,794
1491,219.83138725544626,219.8737963951255,0,271,214.144006,decode,1,3398
1491,219.83138725544626,219.8737963951255,0,275,214.741692,decode,1,115
1491,219.83138725544626,219.8737963951255,0,276,214.741704,decode,1,3553
1491,219.83138725544626,219.8737963951255,0,277,214.942377,decode,1,487
1491,219.83138725544626,219.8737963951255,0,278,215.040119,prefill,317,1796
1491,219.83138725544626,219.8737963951255,0,279,215.041212,prefill,189,0
1492,219.8737963951255,219.91600848520477,0,126,196.05413,decode,1,3896
1492,219.8737963951255,219.91600848520477,0,252,204.573952,decode,1,795
1492,219.8737963951255,219.91600848520477,0,271,214.144006,decode,1,3399
1492,219.8737963951255,219.91600848520477,0,276,214.741704,decode,1,3554
1492,219.8737963951255,219.91600848520477,0,277,214.942377,decode,1,488
1492,219.8737963951255,219.91600848520477,0,278,215.040119,decode,1,2114
1492,219.8737963951255,219.91600848520477,0,279,215.041212,prefill,506,189
1493,219.91600848520477,219.95918082061735,0,126,196.05413,decode,1,3897
1493,219.91600848520477,219.95918082061735,0,252,204.573952,decode,1,796
1493,219.91600848520477,219.95918082061735,0,271,214.144006,decode,1,3400
1493,219.91600848520477,219.95918082061735,0,276,214.741704,decode,1,3555
1493,219.91600848520477,219.95918082061735,0,277,214.942377,decode,1,489
1493,219.91600848520477,219.95918082061735,0,278,215.040119,decode,1,2115
1493,219.91600848520477,219.95918082061735,0,279,215.041212,prefill,506,695
1494,219.95918082061735,220.0033968082966,0,126,196.05413,decode,1,3898
1494,219.95918082061735,220.0033968082966,0,252,204.573952,decode,1,797
1494,219.95918082061735,220.0033968082966,0,271,214.144006,decode,1,3401
1494,219.95918082061735,220.0033968082966,0,276,214.741704,decode,1,3556
1494,219.95918082061735,220.0033968082966,0,277,214.942377,decode,1,490
1494,219.95918082061735,220.0033968082966,0,278,215.040119,decode,1,2116
1494,219.95918082061735,220.0033968082966,0,279,215.041212,prefill,506,1201
1495,220.0033968082966,220.04866367597586,0,126,196.05413,decode,1,3899
1495,220.0033968082966,220.04866367597586,0,252,204.573952,decode,1,798
1495,220.0033968082966,220.04866367597586,0,271,214.144006,decode,1,3402
1495,220.0033968082966,220.04866367597586,0,276,214.741704,decode,1,3557
1495,220.0033968082966,220.04866367597586,0,277,214.942377,decode,1,491
1495,220.0033968082966,220.04866367597586,0,278,215.040119,decode,1,2117
1495,220.0033968082966,220.04866367597586,0,279,215.041212,prefill,506,1707
1496,220.04866367597586,220.0920799196551,0,126,196.05413,decode,1,3900
1496,220.04866367597586,220.0920799196551,0,252,204.573952,decode,1,799
1496,220.04866367597586,220.0920799196551,0,271,214.144006,decode,1,3403
1496,220.04866367597586,220.0920799196551,0,276,214.741704,decode,1,3558
1496,220.04866367597586,220.0920799196551,0,278,215.040119,decode,1,2118
1496,220.04866367597586,220.0920799196551,0,279,215.041212,prefill,223,2213
1496,220.04866367597586,220.0920799196551,0,280,215.044881,prefill,284,0
1497,220.0920799196551,220.13506877133435,0,126,196.05413,decode,1,3901
1497,220.0920799196551,220.13506877133435,0,252,204.573952,decode,1,800
1497,220.0920799196551,220.13506877133435,0,271,214.144006,decode,1,3404
1497,220.0920799196551,220.13506877133435,0,276,214.741704,decode,1,3559
1497,220.0920799196551,220.13506877133435,0,278,215.040119,decode,1,2119
1497,220.0920799196551,220.13506877133435,0,279,215.041212,decode,1,2437
1497,220.0920799196551,220.13506877133435,0,280,215.044881,prefill,506,284
1498,220.13506877133435,220.1790673190136,0,126,196.05413,decode,1,3902
1498,220.13506877133435,220.1790673190136,0,252,204.573952,decode,1,801
1498,220.13506877133435,220.1790673190136,0,271,214.144006,decode,1,3405
1498,220.13506877133435,220.1790673190136,0,276,214.741704,decode,1,3560
1498,220.13506877133435,220.1790673190136,0,278,215.040119,decode,1,2120
1498,220.13506877133435,220.1790673190136,0,279,215.041212,decode,1,2438
1498,220.13506877133435,220.1790673190136,0,280,215.044881,prefill,506,790
1499,220.1790673190136,220.22412618669284,0,126,196.05413,decode,1,3903
1499,220.1790673190136,220.22412618669284,0,252,204.573952,decode,1,802
1499,220.1790673190136,220.22412618669284,0,271,214.144006,decode,1,3406
1499,220.1790673190136,220.22412618669284,0,276,214.741704,decode,1,3561
1499,220.1790673190136,220.22412618669284,0,278,215.040119,decode,1,2121
1499,220.1790673190136,220.22412618669284,0,279,215.041212,decode,1,2439
1499,220.1790673190136,220.22412618669284,0,280,215.044881,prefill,506,1296
1500,220.22412618669284,220.2706149423721,0,126,196.05413,decode,1,3904
1500,220.22412618669284,220.2706149423721,0,252,204.573952,decode,1,803
1500,220.22412618669284,220.2706149423721,0,271,214.144006,decode,1,3407
1500,220.22412618669284,220.2706149423721,0,276,214.741704,decode,1,3562
1500,220.22412618669284,220.2706149423721,0,278,215.040119,decode,1,2122
1500,220.22412618669284,220.2706149423721,0,279,215.041212,decode,1,2440
1500,220.22412618669284,220.2706149423721,0,280,215.044881,prefill,506,1802
1501,220.2706149423721,220.31402248205137,0,126,196.05413,decode,1,3905
1501,220.2706149423721,220.31402248205137,0,252,204.573952,decode,1,804
1501,220.2706149423721,220.31402248205137,0,271,214.144006,decode,1,3408
1501,220.2706149423721,220.31402248205137,0,278,215.040119,decode,1,2123
1501,220.2706149423721,220.31402248205137,0,279,215.041212,decode,1,2441
1501,220.2706149423721,220.31402248205137,0,280,215.044881,prefill,129,2308
1501,220.2706149423721,220.31402248205137,0,281,215.139837,prefill,378,0
1502,220.31402248205137,220.3568876857306,0,126,196.05413,decode,1,3906
1502,220.31402248205137,220.3568876857306,0,252,204.573952,decode,1,805
1502,220.31402248205137,220.3568876857306,0,271,214.144006,decode,1,3409
1502,220.31402248205137,220.3568876857306,0,278,215.040119,decode,1,2124
1502,220.31402248205137,220.3568876857306,0,279,215.041212,decode,1,2442
1502,220.31402248205137,220.3568876857306,0,280,215.044881,decode,1,2438
1502,220.31402248205137,220.3568876857306,0,281,215.139837,prefill,506,378
1503,220.3568876857306,220.4008006867432,0,126,196.05413,decode,1,3907
1503,220.3568876857306,220.4008006867432,0,252,204.573952,decode,1,806
1503,220.3568876857306,220.4008006867432,0,271,214.144006,decode,1,3410
1503,220.3568876857306,220.4008006867432,0,278,215.040119,decode,1,2125
1503,220.3568876857306,220.4008006867432,0,279,215.041212,decode,1,2443
1503,220.3568876857306,220.4008006867432,0,280,215.044881,decode,1,2439
1503,220.3568876857306,220.4008006867432,0,281,215.139837,prefill,408,884
1503,220.3568876857306,220.4008006867432,0,282,215.141022,prefill,98,0
1504,220.4008006867432,220.44577574642244,0,126,196.05413,decode,1,3908
1504,220.4008006867432,220.44577574642244,0,252,204.573952,decode,1,807
1504,220.4008006867432,220.44577574642244,0,271,214.144006,decode,1,3411
1504,220.4008006867432,220.44577574642244,0,278,215.040119,decode,1,2126
1504,220.4008006867432,220.44577574642244,0,279,215.041212,decode,1,2444
1504,220.4008006867432,220.44577574642244,0,280,215.044881,decode,1,2440
1504,220.4008006867432,220.44577574642244,0,281,215.139837,decode,1,1293
1504,220.4008006867432,220.44577574642244,0,282,215.141022,prefill,505,98
1505,220.44577574642244,220.49180417036837,0,126,196.05413,decode,1,3909
1505,220.44577574642244,220.49180417036837,0,252,204.573952,decode,1,808
1505,220.44577574642244,220.49180417036837,0,271,214.144006,decode,1,3412
1505,220.44577574642244,220.49180417036837,0,278,215.040119,decode,1,2127
1505,220.44577574642244,220.49180417036837,0,279,215.041212,decode,1,2445
1505,220.44577574642244,220.49180417036837,0,280,215.044881,decode,1,2441
1505,220.44577574642244,220.49180417036837,0,281,215.139837,decode,1,1294
1505,220.44577574642244,220.49180417036837,0,282,215.141022,prefill,505,603
1506,220.49180417036837,220.53903041938096,0,126,196.05413,decode,1,3910
1506,220.49180417036837,220.53903041938096,0,252,204.573952,decode,1,809
1506,220.49180417036837,220.53903041938096,0,271,214.144006,decode,1,3413
1506,220.49180417036837,220.53903041938096,0,278,215.040119,decode,1,2128
1506,220.49180417036837,220.53903041938096,0,279,215.041212,decode,1,2446
1506,220.49180417036837,220.53903041938096,0,280,215.044881,decode,1,2442
1506,220.49180417036837,220.53903041938096,0,281,215.139837,decode,1,1295
1506,220.49180417036837,220.53903041938096,0,282,215.141022,prefill,505,1108
1507,220.53903041938096,220.58748128706023,0,126,196.05413,decode,1,3911
1507,220.53903041938096,220.58748128706023,0,252,204.573952,decode,1,810
1507,220.53903041938096,220.58748128706023,0,271,214.144006,decode,1,3414
1507,220.53903041938096,220.58748128706023,0,278,215.040119,decode,1,2129
1507,220.53903041938096,220.58748128706023,0,279,215.041212,decode,1,2447
1507,220.53903041938096,220.58748128706023,0,280,215.044881,decode,1,2443
1507,220.53903041938096,220.58748128706023,0,281,215.139837,decode,1,1296
1507,220.53903041938096,220.58748128706023,0,282,215.141022,prefill,505,1613
1508,220.58748128706023,220.6370206667395,0,126,196.05413,decode,1,3912
1508,220.58748128706023,220.6370206667395,0,252,204.573952,decode,1,811
1508,220.58748128706023,220.6370206667395,0,271,214.144006,decode,1,3415
1508,220.58748128706023,220.6370206667395,0,278,215.040119,decode,1,2130
1508,220.58748128706023,220.6370206667395,0,279,215.041212,decode,1,2448
1508,220.58748128706023,220.6370206667395,0,280,215.044881,decode,1,2444
1508,220.58748128706023,220.6370206667395,0,281,215.139837,decode,1,1297
1508,220.58748128706023,220.6370206667395,0,282,215.141022,prefill,505,2118
1509,220.6370206667395,220.68719083041873,0,126,196.05413,decode,1,3913
1509,220.6370206667395,220.68719083041873,0,252,204.573952,decode,1,812
1509,220.6370206667395,220.68719083041873,0,271,214.144006,decode,1,3416
1509,220.6370206667395,220.68719083041873,0,278,215.040119,decode,1,2131
1509,220.6370206667395,220.68719083041873,0,279,215.041212,decode,1,2449
1509,220.6370206667395,220.68719083041873,0,280,215.044881,decode,1,2445
1509,220.6370206667395,220.68719083041873,0,281,215.139837,decode,1,1298
1509,220.6370206667395,220.68719083041873,0,282,215.141022,prefill,505,2623
1510,220.68719083041873,220.73507674876464,0,126,196.05413,decode,1,3914
1510,220.68719083041873,220.73507674876464,0,252,204.573952,decode,1,813
1510,220.68719083041873,220.73507674876464,0,271,214.144006,decode,1,3417
1510,220.68719083041873,220.73507674876464,0,278,215.040119,decode,1,2132
1510,220.68719083041873,220.73507674876464,0,280,215.044881,decode,1,2446
1510,220.68719083041873,220.73507674876464,0,281,215.139837,decode,1,1299
1510,220.68719083041873,220.73507674876464,0,282,215.141022,prefill,506,3128
1511,220.73507674876464,220.7838563204439,0,126,196.05413,decode,1,3915
1511,220.73507674876464,220.7838563204439,0,252,204.573952,decode,1,814
1511,220.73507674876464,220.7838563204439,0,271,214.144006,decode,1,3418
1511,220.73507674876464,220.7838563204439,0,278,215.040119,decode,1,2133
1511,220.73507674876464,220.7838563204439,0,280,215.044881,decode,1,2447
1511,220.73507674876464,220.7838563204439,0,281,215.139837,decode,1,1300
1511,220.73507674876464,220.7838563204439,0,282,215.141022,prefill,453,3634
1511,220.73507674876464,220.7838563204439,0,283,215.240982,prefill,53,0
1512,220.7838563204439,220.82935186012315,0,126,196.05413,decode,1,3916
1512,220.7838563204439,220.82935186012315,0,252,204.573952,decode,1,815
1512,220.7838563204439,220.82935186012315,0,271,214.144006,decode,1,3419
1512,220.7838563204439,220.82935186012315,0,278,215.040119,decode,1,2134
1512,220.7838563204439,220.82935186012315,0,280,215.044881,decode,1,2448
1512,220.7838563204439,220.82935186012315,0,281,215.139837,decode,1,1301
1512,220.7838563204439,220.82935186012315,0,282,215.141022,decode,1,4088
1512,220.7838563204439,220.82935186012315,0,283,215.240982,prefill,505,53
1513,220.82935186012315,220.8759465358024,0,126,196.05413,decode,1,3917
1513,220.82935186012315,220.8759465358024,0,252,204.573952,decode,1,816
1513,220.82935186012315,220.8759465358024,0,271,214.144006,decode,1,3420
1513,220.82935186012315,220.8759465358024,0,278,215.040119,decode,1,2135
1513,220.82935186012315,220.8759465358024,0,280,215.044881,decode,1,2449
1513,220.82935186012315,220.8759465358024,0,281,215.139837,decode,1,1302
1513,220.82935186012315,220.8759465358024,0,282,215.141022,decode,1,4089
1513,220.82935186012315,220.8759465358024,0,283,215.240982,prefill,505,558
1514,220.8759465358024,220.92027876454833,0,126,196.05413,decode,1,3918
1514,220.8759465358024,220.92027876454833,0,252,204.573952,decode,1,817
1514,220.8759465358024,220.92027876454833,0,271,214.144006,decode,1,3421
1514,220.8759465358024,220.92027876454833,0,278,215.040119,decode,1,2136
1514,220.8759465358024,220.92027876454833,0,281,215.139837,decode,1,1303
1514,220.8759465358024,220.92027876454833,0,282,215.141022,decode,1,4090
1514,220.8759465358024,220.92027876454833,0,283,215.240982,prefill,506,1063
1515,220.92027876454833,220.96554076822758,0,126,196.05413,decode,1,3919
1515,220.92027876454833,220.96554076822758,0,252,204.573952,decode,1,818
1515,220.92027876454833,220.96554076822758,0,271,214.144006,decode,1,3422
1515,220.92027876454833,220.96554076822758,0,278,215.040119,decode,1,2137
1515,220.92027876454833,220.96554076822758,0,281,215.139837,decode,1,1304
1515,220.92027876454833,220.96554076822758,0,282,215.141022,decode,1,4091
1515,220.92027876454833,220.96554076822758,0,283,215.240982,prefill,506,1569
1516,220.96554076822758,221.01187195590683,0,126,196.05413,decode,1,3920
1516,220.96554076822758,221.01187195590683,0,252,204.573952,decode,1,819
1516,220.96554076822758,221.01187195590683,0,271,214.144006,decode,1,3423
1516,220.96554076822758,221.01187195590683,0,278,215.040119,decode,1,2138
1516,220.96554076822758,221.01187195590683,0,281,215.139837,decode,1,1305
1516,220.96554076822758,221.01187195590683,0,282,215.141022,decode,1,4092
1516,220.96554076822758,221.01187195590683,0,283,215.240982,prefill,506,2075
1517,221.01187195590683,221.05945562358608,0,126,196.05413,decode,1,3921
1517,221.01187195590683,221.05945562358608,0,252,204.573952,decode,1,820
1517,221.01187195590683,221.05945562358608,0,271,214.144006,decode,1,3424
1517,221.01187195590683,221.05945562358608,0,278,215.040119,decode,1,2139
1517,221.01187195590683,221.05945562358608,0,281,215.139837,decode,1,1306
1517,221.01187195590683,221.05945562358608,0,282,215.141022,decode,1,4093
1517,221.01187195590683,221.05945562358608,0,283,215.240982,prefill,506,2581
1518,221.05945562358608,221.107854565932,0,126,196.05413,decode,1,3922
1518,221.05945562358608,221.107854565932,0,252,204.573952,decode,1,821
1518,221.05945562358608,221.107854565932,0,271,214.144006,decode,1,3425
1518,221.05945562358608,221.107854565932,0,278,215.040119,decode,1,2140
1518,221.05945562358608,221.107854565932,0,281,215.139837,decode,1,1307
1518,221.05945562358608,221.107854565932,0,282,215.141022,decode,1,4094
1518,221.05945562358608,221.107854565932,0,283,215.240982,prefill,506,3087
1519,221.107854565932,221.15775695361125,0,126,196.05413,decode,1,3923
1519,221.107854565932,221.15775695361125,0,252,204.573952,decode,1,822
1519,221.107854565932,221.15775695361125,0,271,214.144006,decode,1,3426
1519,221.107854565932,221.15775695361125,0,278,215.040119,decode,1,2141
1519,221.107854565932,221.15775695361125,0,281,215.139837,decode,1,1308
1519,221.107854565932,221.15775695361125,0,282,215.141022,decode,1,4095
1519,221.107854565932,221.15775695361125,0,283,215.240982,prefill,491,3593
1519,221.107854565932,221.15775695361125,0,284,215.242028,prefill,15,0
1520,221.15775695361125,221.1999111172905,0,126,196.05413,decode,1,3924
1520,221.15775695361125,221.1999111172905,0,252,204.573952,decode,1,823
1520,221.15775695361125,221.1999111172905,0,271,214.144006,decode,1,3427
1520,221.15775695361125,221.1999111172905,0,278,215.040119,decode,1,2142
1520,221.15775695361125,221.1999111172905,0,281,215.139837,decode,1,1309
1520,221.15775695361125,221.1999111172905,0,283,215.240982,decode,1,4085
1520,221.15775695361125,221.1999111172905,0,284,215.242028,prefill,469,15
1520,221.15775695361125,221.1999111172905,0,285,215.243917,prefill,37,0
1521,221.1999111172905,221.24473145696976,0,126,196.05413,decode,1,3925
1521,221.1999111172905,221.24473145696976,0,252,204.573952,decode,1,824
1521,221.1999111172905,221.24473145696976,0,271,214.144006,decode,1,3428
1521,221.1999111172905,221.24473145696976,0,278,215.040119,decode,1,2143
1521,221.1999111172905,221.24473145696976,0,281,215.139837,decode,1,1310
1521,221.1999111172905,221.24473145696976,0,283,215.240982,decode,1,4086
1521,221.1999111172905,221.24473145696976,0,284,215.242028,decode,1,485
1521,221.1999111172905,221.24473145696976,0,285,215.243917,prefill,505,37
1522,221.24473145696976,221.29065093264902,0,126,196.05413,decode,1,3926
1522,221.24473145696976,221.29065093264902,0,252,204.573952,decode,1,825
1522,221.24473145696976,221.29065093264902,0,271,214.144006,decode,1,3429
1522,221.24473145696976,221.29065093264902,0,278,215.040119,decode,1,2144
1522,221.24473145696976,221.29065093264902,0,281,215.139837,decode,1,1311
1522,221.24473145696976,221.29065093264902,0,283,215.240982,decode,1,4087
1522,221.24473145696976,221.29065093264902,0,284,215.242028,decode,1,486
1522,221.24473145696976,221.29065093264902,0,285,215.243917,prefill,505,542
1523,221.29065093264902,221.33756965739494,0,126,196.05413,decode,1,3927
1523,221.29065093264902,221.33756965739494,0,252,204.573952,decode,1,826
1523,221.29065093264902,221.33756965739494,0,271,214.144006,decode,1,3430
1523,221.29065093264902,221.33756965739494,0,278,215.040119,decode,1,2145
1523,221.29065093264902,221.33756965739494,0,281,215.139837,decode,1,1312
1523,221.29065093264902,221.33756965739494,0,283,215.240982,decode,1,4088
1523,221.29065093264902,221.33756965739494,0,284,215.242028,decode,1,487
1523,221.29065093264902,221.33756965739494,0,285,215.243917,prefill,505,1047
1524,221.33756965739494,221.38541815707418,0,126,196.05413,decode,1,3928
1524,221.33756965739494,221.38541815707418,0,252,204.573952,decode,1,827
1524,221.33756965739494,221.38541815707418,0,271,214.144006,decode,1,3431
1524,221.33756965739494,221.38541815707418,0,278,215.040119,decode,1,2146
1524,221.33756965739494,221.38541815707418,0,281,215.139837,decode,1,1313
1524,221.33756965739494,221.38541815707418,0,283,215.240982,decode,1,4089
1524,221.33756965739494,221.38541815707418,0,284,215.242028,decode,1,488
1524,221.33756965739494,221.38541815707418,0,285,215.243917,prefill,505,1552
1525,221.38541815707418,221.43433584075345,0,126,196.05413,decode,1,3929
1525,221.38541815707418,221.43433584075345,0,252,204.573952,decode,1,828
1525,221.38541815707418,221.43433584075345,0,271,214.144006,decode,1,3432
1525,221.38541815707418,221.43433584075345,0,278,215.040119,decode,1,2147
1525,221.38541815707418,221.43433584075345,0,281,215.139837,decode,1,1314
1525,221.38541815707418,221.43433584075345,0,283,215.240982,decode,1,4090
1525,221.38541815707418,221.43433584075345,0,284,215.242028,decode,1,489
1525,221.38541815707418,221.43433584075345,0,285,215.243917,prefill,505,2057
1526,221.43433584075345,221.4841485004327,0,126,196.05413,decode,1,3930
1526,221.43433584075345,221.4841485004327,0,252,204.573952,decode,1,829
1526,221.43433584075345,221.4841485004327,0,271,214.144006,decode,1,3433
1526,221.43433584075345,221.4841485004327,0,278,215.040119,decode,1,2148
1526,221.43433584075345,221.4841485004327,0,281,215.139837,decode,1,1315
1526,221.43433584075345,221.4841485004327,0,283,215.240982,decode,1,4091
1526,221.43433584075345,221.4841485004327,0,284,215.242028,decode,1,490
1526,221.43433584075345,221.4841485004327,0,285,215.243917,prefill,13,2562
1526,221.43433584075345,221.4841485004327,0,286,215.244977,prefill,492,0
1527,221.4841485004327,221.53004116011195,0,126,196.05413,decode,1,3931
1527,221.4841485004327,221.53004116011195,0,252,204.573952,decode,1,830
1527,221.4841485004327,221.53004116011195,0,271,214.144006,decode,1,3434
1527,221.4841485004327,221.53004116011195,0,278,215.040119,decode,1,2149
1527,221.4841485004327,221.53004116011195,0,281,215.139837,decode,1,1316
1527,221.4841485004327,221.53004116011195,0,283,215.240982,decode,1,4092
1527,221.4841485004327,221.53004116011195,0,284,215.242028,decode,1,491
1527,221.4841485004327,221.53004116011195,0,285,215.243917,decode,1,2576
1527,221.4841485004327,221.53004116011195,0,286,215.244977,prefill,504,492
1528,221.53004116011195,221.57701399756897,0,126,196.05413,decode,1,3932
1528,221.53004116011195,221.57701399756897,0,252,204.573952,decode,1,831
1528,221.53004116011195,221.57701399756897,0,271,214.144006,decode,1,3435
1528,221.53004116011195,221.57701399756897,0,278,215.040119,decode,1,2150
1528,221.53004116011195,221.57701399756897,0,281,215.139837,decode,1,1317
1528,221.53004116011195,221.57701399756897,0,283,215.240982,decode,1,4093
1528,221.53004116011195,221.57701399756897,0,284,215.242028,decode,1,492
1528,221.53004116011195,221.57701399756897,0,285,215.243917,decode,1,2577
1528,221.53004116011195,221.57701399756897,0,286,215.244977,prefill,504,996
1529,221.57701399756897,221.62531190524822,0,126,196.05413,decode,1,3933
1529,221.57701399756897,221.62531190524822,0,252,204.573952,decode,1,832
1529,221.57701399756897,221.62531190524822,0,271,214.144006,decode,1,3436
1529,221.57701399756897,221.62531190524822,0,278,215.040119,decode,1,2151
1529,221.57701399756897,221.62531190524822,0,281,215.139837,decode,1,1318
1529,221.57701399756897,221.62531190524822,0,283,215.240982,decode,1,4094
1529,221.57701399756897,221.62531190524822,0,284,215.242028,decode,1,493
1529,221.57701399756897,221.62531190524822,0,285,215.243917,decode,1,2578
1529,221.57701399756897,221.62531190524822,0,286,215.244977,prefill,504,1500
1530,221.62531190524822,221.67475195692748,0,126,196.05413,decode,1,3934
1530,221.62531190524822,221.67475195692748,0,252,204.573952,decode,1,833
1530,221.62531190524822,221.67475195692748,0,271,214.144006,decode,1,3437
1530,221.62531190524822,221.67475195692748,0,278,215.040119,decode,1,2152
1530,221.62531190524822,221.67475195692748,0,281,215.139837,decode,1,1319
1530,221.62531190524822,221.67475195692748,0,283,215.240982,decode,1,4095
1530,221.62531190524822,221.67475195692748,0,285,215.243917,decode,1,2579
1530,221.62531190524822,221.67475195692748,0,286,215.244977,prefill,109,2004
1530,221.62531190524822,221.67475195692748,0,287,215.338972,prefill,396,0
1531,221.67475195692748,221.72041481394007,0,126,196.05413,decode,1,3935
1531,221.67475195692748,221.72041481394007,0,252,204.573952,decode,1,834
1531,221.67475195692748,221.72041481394007,0,271,214.144006,decode,1,3438
1531,221.67475195692748,221.72041481394007,0,278,215.040119,decode,1,2153
1531,221.67475195692748,221.72041481394007,0,281,215.139837,decode,1,1320
1531,221.67475195692748,221.72041481394007,0,285,215.243917,decode,1,2580
1531,221.67475195692748,221.72041481394007,0,286,215.244977,decode,1,2114
1531,221.67475195692748,221.72041481394007,0,287,215.338972,prefill,505,396
1532,221.72041481394007,221.76708441655265,0,126,196.05413,decode,1,3936
1532,221.72041481394007,221.76708441655265,0,252,204.573952,decode,1,835
1532,221.72041481394007,221.76708441655265,0,271,214.144006,decode,1,3439
1532,221.72041481394007,221.76708441655265,0,278,215.040119,decode,1,2154
1532,221.72041481394007,221.76708441655265,0,281,215.139837,decode,1,1321
1532,221.72041481394007,221.76708441655265,0,285,215.243917,decode,1,2581
1532,221.72041481394007,221.76708441655265,0,286,215.244977,decode,1,2115
1532,221.72041481394007,221.76708441655265,0,287,215.338972,prefill,381,901
1532,221.72041481394007,221.76708441655265,0,288,215.340513,prefill,124,0
1533,221.76708441655265,221.8117576522319,0,126,196.05413,decode,1,3937
1533,221.76708441655265,221.8117576522319,0,252,204.573952,decode,1,836
1533,221.76708441655265,221.8117576522319,0,271,214.144006,decode,1,3440
1533,221.76708441655265,221.8117576522319,0,278,215.040119,decode,1,2155
1533,221.76708441655265,221.8117576522319,0,281,215.139837,decode,1,1322
1533,221.76708441655265,221.8117576522319,0,285,215.243917,decode,1,2582
1533,221.76708441655265,221.8117576522319,0,286,215.244977,decode,1,2116
1533,221.76708441655265,221.8117576522319,0,287,215.338972,decode,1,1283
1533,221.76708441655265,221.8117576522319,0,288,215.340513,prefill,504,124
1534,221.8117576522319,221.8574842521778,0,126,196.05413,decode,1,3938
1534,221.8117576522319,221.8574842521778,0,252,204.573952,decode,1,837
1534,221.8117576522319,221.8574842521778,0,271,214.144006,decode,1,3441
1534,221.8117576522319,221.8574842521778,0,278,215.040119,decode,1,2156
1534,221.8117576522319,221.8574842521778,0,281,215.139837,decode,1,1323
1534,221.8117576522319,221.8574842521778,0,285,215.243917,decode,1,2583
1534,221.8117576522319,221.8574842521778,0,286,215.244977,decode,1,2117
1534,221.8117576522319,221.8574842521778,0,287,215.338972,decode,1,1284
1534,221.8117576522319,221.8574842521778,0,288,215.340513,prefill,504,628
1535,221.8574842521778,221.9044086771904,0,126,196.05413,decode,1,3939
1535,221.8574842521778,221.9044086771904,0,252,204.573952,decode,1,838
1535,221.8574842521778,221.9044086771904,0,271,214.144006,decode,1,3442
1535,221.8574842521778,221.9044086771904,0,278,215.040119,decode,1,2157
1535,221.8574842521778,221.9044086771904,0,281,215.139837,decode,1,1324
1535,221.8574842521778,221.9044086771904,0,285,215.243917,decode,1,2584
1535,221.8574842521778,221.9044086771904,0,286,215.244977,decode,1,2118
1535,221.8574842521778,221.9044086771904,0,287,215.338972,decode,1,1285
1535,221.8574842521778,221.9044086771904,0,288,215.340513,prefill,504,1132
1536,221.9044086771904,221.95255772086963,0,126,196.05413,decode,1,3940
1536,221.9044086771904,221.95255772086963,0,252,204.573952,decode,1,839
1536,221.9044086771904,221.95255772086963,0,271,214.144006,decode,1,3443
1536,221.9044086771904,221.95255772086963,0,278,215.040119,decode,1,2158
1536,221.9044086771904,221.95255772086963,0,281,215.139837,decode,1,1325
1536,221.9044086771904,221.95255772086963,0,285,215.243917,decode,1,2585
1536,221.9044086771904,221.95255772086963,0,286,215.244977,decode,1,2119
1536,221.9044086771904,221.95255772086963,0,287,215.338972,decode,1,1286
1536,221.9044086771904,221.95255772086963,0,288,215.340513,prefill,504,1636
1537,221.95255772086963,222.0013787645489,0,126,196.05413,decode,1,3941
1537,221.95255772086963,222.0013787645489,0,252,204.573952,decode,1,840
1537,221.95255772086963,222.0013787645489,0,271,214.144006,decode,1,3444
1537,221.95255772086963,222.0013787645489,0,278,215.040119,decode,1,2159
1537,221.95255772086963,222.0013787645489,0,281,215.139837,decode,1,1326
1537,221.95255772086963,222.0013787645489,0,285,215.243917,decode,1,2586
1537,221.95255772086963,222.0013787645489,0,286,215.244977,decode,1,2120
1537,221.95255772086963,222.0013787645489,0,287,215.338972,decode,1,1287
1537,221.95255772086963,222.0013787645489,0,288,215.340513,prefill,455,2140
1537,221.95255772086963,222.0013787645489,0,289,215.438342,prefill,49,0
1538,222.0013787645489,222.04624723222815,0,126,196.05413,decode,1,3942
1538,222.0013787645489,222.04624723222815,0,252,204.573952,decode,1,841
1538,222.0013787645489,222.04624723222815,0,271,214.144006,decode,1,3445
1538,222.0013787645489,222.04624723222815,0,278,215.040119,decode,1,2160
1538,222.0013787645489,222.04624723222815,0,281,215.139837,decode,1,1327
1538,222.0013787645489,222.04624723222815,0,285,215.243917,decode,1,2587
1538,222.0013787645489,222.04624723222815,0,286,215.244977,decode,1,2121
1538,222.0013787645489,222.04624723222815,0,287,215.338972,decode,1,1288
1538,222.0013787645489,222.04624723222815,0,288,215.340513,decode,1,2596
1538,222.0013787645489,222.04624723222815,0,289,215.438342,prefill,503,49
1539,222.04624723222815,222.0922148359074,0,126,196.05413,decode,1,3943
1539,222.04624723222815,222.0922148359074,0,252,204.573952,decode,1,842
1539,222.04624723222815,222.0922148359074,0,271,214.144006,decode,1,3446
1539,222.04624723222815,222.0922148359074,0,278,215.040119,decode,1,2161
1539,222.04624723222815,222.0922148359074,0,281,215.139837,decode,1,1328
1539,222.04624723222815,222.0922148359074,0,285,215.243917,decode,1,2588
1539,222.04624723222815,222.0922148359074,0,286,215.244977,decode,1,2122
1539,222.04624723222815,222.0922148359074,0,287,215.338972,decode,1,1289
1539,222.04624723222815,222.0922148359074,0,288,215.340513,decode,1,2597
1539,222.04624723222815,222.0922148359074,0,289,215.438342,prefill,503,552
1540,222.0922148359074,222.13918168865334,0,126,196.05413,decode,1,3944
1540,222.0922148359074,222.13918168865334,0,252,204.573952,decode,1,843
1540,222.0922148359074,222.13918168865334,0,271,214.144006,decode,1,3447
1540,222.0922148359074,222.13918168865334,0,278,215.040119,decode,1,2162
1540,222.0922148359074,222.13918168865334,0,281,215.139837,decode,1,1329
1540,222.0922148359074,222.13918168865334,0,285,215.243917,decode,1,2589
1540,222.0922148359074,222.13918168865334,0,286,215.244977,decode,1,2123
1540,222.0922148359074,222.13918168865334,0,287,215.338972,decode,1,1290
1540,222.0922148359074,222.13918168865334,0,288,215.340513,decode,1,2598
1540,222.0922148359074,222.13918168865334,0,289,215.438342,prefill,503,1055
1541,222.13918168865334,222.1847123643326,0,126,196.05413,decode,1,3945
1541,222.13918168865334,222.1847123643326,0,252,204.573952,decode,1,844
1541,222.13918168865334,222.1847123643326,0,271,214.144006,decode,1,3448
1541,222.13918168865334,222.1847123643326,0,278,215.040119,decode,1,2163
1541,222.13918168865334,222.1847123643326,0,281,215.139837,decode,1,1330
1541,222.13918168865334,222.1847123643326,0,285,215.243917,decode,1,2590
1541,222.13918168865334,222.1847123643326,0,286,215.244977,decode,1,2124
1541,222.13918168865334,222.1847123643326,0,287,215.338972,decode,1,1291
1541,222.13918168865334,222.1847123643326,0,288,215.340513,decode,1,2599
1541,222.13918168865334,222.1847123643326,0,289,215.438342,prefill,294,1558
1541,222.13918168865334,222.1847123643326,0,290,215.440798,prefill,209,0
1542,222.1847123643326,222.22959433601184,0,126,196.05413,decode,1,3946
1542,222.1847123643326,222.22959433601184,0,252,204.573952,decode,1,845
1542,222.1847123643326,222.22959433601184,0,271,214.144006,decode,1,3449
1542,222.1847123643326,222.22959433601184,0,278,215.040119,decode,1,2164
1542,222.1847123643326,222.22959433601184,0,281,215.139837,decode,1,1331
1542,222.1847123643326,222.22959433601184,0,286,215.244977,decode,1,2125
1542,222.1847123643326,222.22959433601184,0,287,215.338972,decode,1,1292
1542,222.1847123643326,222.22959433601184,0,288,215.340513,decode,1,2600
1542,222.1847123643326,222.22959433601184,0,289,215.438342,decode,1,1853
1542,222.1847123643326,222.22959433601184,0,290,215.440798,prefill,503,209
1543,222.22959433601184,222.2738938756911,0,126,196.05413,decode,1,3947
1543,222.22959433601184,222.2738938756911,0,252,204.573952,decode,1,846
1543,222.22959433601184,222.2738938756911,0,271,214.144006,decode,1,3450
1543,222.22959433601184,222.2738938756911,0,278,215.040119,decode,1,2165
1543,222.22959433601184,222.2738938756911,0,281,215.139837,decode,1,1332
1543,222.22959433601184,222.2738938756911,0,286,215.244977,decode,1,2126
1543,222.22959433601184,222.2738938756911,0,287,215.338972,decode,1,1293
1543,222.22959433601184,222.2738938756911,0,288,215.340513,decode,1,2601
1543,222.22959433601184,222.2738938756911,0,289,215.438342,decode,1,1854
1543,222.22959433601184,222.2738938756911,0,290,215.440798,prefill,166,712
1543,222.22959433601184,222.2738938756911,0,291,215.537674,prefill,337,0
1544,222.2738938756911,222.31898282337036,0,126,196.05413,decode,1,3948
1544,222.2738938756911,222.31898282337036,0,252,204.573952,decode,1,847
1544,222.2738938756911,222.31898282337036,0,271,214.144006,decode,1,3451
1544,222.2738938756911,222.31898282337036,0,278,215.040119,decode,1,2166
1544,222.2738938756911,222.31898282337036,0,281,215.139837,decode,1,1333
1544,222.2738938756911,222.31898282337036,0,286,215.244977,decode,1,2127
1544,222.2738938756911,222.31898282337036,0,287,215.338972,decode,1,1294
1544,222.2738938756911,222.31898282337036,0,288,215.340513,decode,1,2602
1544,222.2738938756911,222.31898282337036,0,289,215.438342,decode,1,1855
1544,222.2738938756911,222.31898282337036,0,290,215.440798,decode,1,879
1544,222.2738938756911,222.31898282337036,0,291,215.537674,prefill,502,337
1545,222.31898282337036,222.36511956838294,0,126,196.05413,decode,1,3949
1545,222.31898282337036,222.36511956838294,0,252,204.573952,decode,1,848
1545,222.31898282337036,222.36511956838294,0,271,214.144006,decode,1,3452
1545,222.31898282337036,222.36511956838294,0,278,215.040119,decode,1,2167
1545,222.31898282337036,222.36511956838294,0,281,215.139837,decode,1,1334
1545,222.31898282337036,222.36511956838294,0,286,215.244977,decode,1,2128
1545,222.31898282337036,222.36511956838294,0,287,215.338972,decode,1,1295
1545,222.31898282337036,222.36511956838294,0,288,215.340513,decode,1,2603
1545,222.31898282337036,222.36511956838294,0,289,215.438342,decode,1,1856
1545,222.31898282337036,222.36511956838294,0,290,215.440798,decode,1,880
1545,222.31898282337036,222.36511956838294,0,291,215.537674,prefill,106,839
1545,222.31898282337036,222.36511956838294,0,292,215.543269,prefill,396,0
1546,222.36511956838294,222.4103422333955,0,126,196.05413,decode,1,3950
1546,222.36511956838294,222.4103422333955,0,271,214.144006,decode,1,3453
1546,222.36511956838294,222.4103422333955,0,278,215.040119,decode,1,2168
1546,222.36511956838294,222.4103422333955,0,281,215.139837,decode,1,1335
1546,222.36511956838294,222.4103422333955,0,286,215.244977,decode,1,2129
1546,222.36511956838294,222.4103422333955,0,287,215.338972,decode,1,1296
1546,222.36511956838294,222.4103422333955,0,288,215.340513,decode,1,2604
1546,222.36511956838294,222.4103422333955,0,289,215.438342,decode,1,1857
1546,222.36511956838294,222.4103422333955,0,290,215.440798,decode,1,881
1546,222.36511956838294,222.4103422333955,0,291,215.537674,decode,1,946
1546,222.36511956838294,222.4103422333955,0,292,215.543269,prefill,502,396
1547,222.4103422333955,222.4565908824081,0,126,196.05413,decode,1,3951
1547,222.4103422333955,222.4565908824081,0,271,214.144006,decode,1,3454
1547,222.4103422333955,222.4565908824081,0,278,215.040119,decode,1,2169
1547,222.4103422333955,222.4565908824081,0,281,215.139837,decode,1,1336
1547,222.4103422333955,222.4565908824081,0,286,215.244977,decode,1,2130
1547,222.4103422333955,222.4565908824081,0,288,215.340513,decode,1,2605
1547,222.4103422333955,222.4565908824081,0,289,215.438342,decode,1,1858
1547,222.4103422333955,222.4565908824081,0,290,215.440798,decode,1,882
1547,222.4103422333955,222.4565908824081,0,291,215.537674,decode,1,947
1547,222.4103422333955,222.4565908824081,0,292,215.543269,prefill,503,898
1548,222.4565908824081,222.50408597408736,0,126,196.05413,decode,1,3952
1548,222.4565908824081,222.50408597408736,0,271,214.144006,decode,1,3455
1548,222.4565908824081,222.50408597408736,0,278,215.040119,decode,1,2170
1548,222.4565908824081,222.50408597408736,0,281,215.139837,decode,1,1337
1548,222.4565908824081,222.50408597408736,0,286,215.244977,decode,1,2131
1548,222.4565908824081,222.50408597408736,0,288,215.340513,decode,1,2606
1548,222.4565908824081,222.50408597408736,0,289,215.438342,decode,1,1859
1548,222.4565908824081,222.50408597408736,0,290,215.440798,decode,1,883
1548,222.4565908824081,222.50408597408736,0,291,215.537674,decode,1,948
1548,222.4565908824081,222.50408597408736,0,292,215.543269,prefill,503,1401
1549,222.50408597408736,222.55276045776662,0,126,196.05413,decode,1,3953
1549,222.50408597408736,222.55276045776662,0,271,214.144006,decode,1,3456
1549,222.50408597408736,222.55276045776662,0,278,215.040119,decode,1,2171
1549,222.50408597408736,222.55276045776662,0,281,215.139837,decode,1,1338
1549,222.50408597408736,222.55276045776662,0,286,215.244977,decode,1,2132
1549,222.50408597408736,222.55276045776662,0,288,215.340513,decode,1,2607
1549,222.50408597408736,222.55276045776662,0,289,215.438342,decode,1,1860
1549,222.50408597408736,222.55276045776662,0,290,215.440798,decode,1,884
1549,222.50408597408736,222.55276045776662,0,291,215.537674,decode,1,949
1549,222.50408597408736,222.55276045776662,0,292,215.543269,prefill,503,1904
1550,222.55276045776662,222.60248146944588,0,126,196.05413,decode,1,3954
1550,222.55276045776662,222.60248146944588,0,271,214.144006,decode,1,3457
1550,222.55276045776662,222.60248146944588,0,278,215.040119,decode,1,2172
1550,222.55276045776662,222.60248146944588,0,281,215.139837,decode,1,1339
1550,222.55276045776662,222.60248146944588,0,286,215.244977,decode,1,2133
1550,222.55276045776662,222.60248146944588,0,288,215.340513,decode,1,2608
1550,222.55276045776662,222.60248146944588,0,289,215.438342,decode,1,1861
1550,222.55276045776662,222.60248146944588,0,290,215.440798,decode,1,885
1550,222.55276045776662,222.60248146944588,0,291,215.537674,decode,1,950
1550,222.55276045776662,222.60248146944588,0,292,215.543269,prefill,503,2407
1551,222.60248146944588,222.65325604912513,0,126,196.05413,decode,1,3955
1551,222.60248146944588,222.65325604912513,0,271,214.144006,decode,1,3458
1551,222.60248146944588,222.65325604912513,0,278,215.040119,decode,1,2173
1551,222.60248146944588,222.65325604912513,0,281,215.139837,decode,1,1340
1551,222.60248146944588,222.65325604912513,0,286,215.244977,decode,1,2134
1551,222.60248146944588,222.65325604912513,0,288,215.340513,decode,1,2609
1551,222.60248146944588,222.65325604912513,0,289,215.438342,decode,1,1862
1551,222.60248146944588,222.65325604912513,0,290,215.440798,decode,1,886
1551,222.60248146944588,222.65325604912513,0,291,215.537674,decode,1,951
1551,222.60248146944588,222.65325604912513,0,292,215.543269,prefill,503,2910
1552,222.65325604912513,222.70542032480438,0,126,196.05413,decode,1,3956
1552,222.65325604912513,222.70542032480438,0,271,214.144006,decode,1,3459
1552,222.65325604912513,222.70542032480438,0,278,215.040119,decode,1,2174
1552,222.65325604912513,222.70542032480438,0,281,215.139837,decode,1,1341
1552,222.65325604912513,222.70542032480438,0,286,215.244977,decode,1,2135
1552,222.65325604912513,222.70542032480438,0,288,215.340513,decode,1,2610
1552,222.65325604912513,222.70542032480438,0,289,215.438342,decode,1,1863
1552,222.65325604912513,222.70542032480438,0,290,215.440798,decode,1,887
1552,222.65325604912513,222.70542032480438,0,291,215.537674,decode,1,952
1552,222.65325604912513,222.70542032480438,0,292,215.543269,prefill,503,3413
1553,222.70542032480438,222.75315682448363,0,126,196.05413,decode,1,3957
1553,222.70542032480438,222.75315682448363,0,271,214.144006,decode,1,3460
1553,222.70542032480438,222.75315682448363,0,278,215.040119,decode,1,2175
1553,222.70542032480438,222.75315682448363,0,281,215.139837,decode,1,1342
1553,222.70542032480438,222.75315682448363,0,286,215.244977,decode,1,2136
1553,222.70542032480438,222.75315682448363,0,288,215.340513,decode,1,2611
1553,222.70542032480438,222.75315682448363,0,290,215.440798,decode,1,888
1553,222.70542032480438,222.75315682448363,0,291,215.537674,decode,1,953
1553,222.70542032480438,222.75315682448363,0,292,215.543269,prefill,172,3916
1553,222.70542032480438,222.75315682448363,0,293,215.543467,prefill,332,0
1554,222.75315682448363,222.79955086016287,0,126,196.05413,decode,1,3958
1554,222.75315682448363,222.79955086016287,0,271,214.144006,decode,1,3461
1554,222.75315682448363,222.79955086016287,0,278,215.040119,decode,1,2176
1554,222.75315682448363,222.79955086016287,0,281,215.139837,decode,1,1343
1554,222.75315682448363,222.79955086016287,0,286,215.244977,decode,1,2137
1554,222.75315682448363,222.79955086016287,0,288,215.340513,decode,1,2612
1554,222.75315682448363,222.79955086016287,0,290,215.440798,decode,1,889
1554,222.75315682448363,222.79955086016287,0,292,215.543269,decode,1,4089
1554,222.75315682448363,222.79955086016287,0,293,215.543467,prefill,504,332
1555,222.79955086016287,222.84500119024213,0,126,196.05413,decode,1,3959
1555,222.79955086016287,222.84500119024213,0,271,214.144006,decode,1,3462
1555,222.79955086016287,222.84500119024213,0,278,215.040119,decode,1,2177
1555,222.79955086016287,222.84500119024213,0,281,215.139837,decode,1,1344
1555,222.79955086016287,222.84500119024213,0,286,215.244977,decode,1,2138
1555,222.79955086016287,222.84500119024213,0,288,215.340513,decode,1,2613
1555,222.79955086016287,222.84500119024213,0,290,215.440798,decode,1,890
1555,222.79955086016287,222.84500119024213,0,292,215.543269,decode,1,4090
1555,222.79955086016287,222.84500119024213,0,293,215.543467,prefill,312,836
1555,222.79955086016287,222.84500119024213,0,294,215.54442,prefill,55,0
1555,222.79955086016287,222.84500119024213,0,295,215.743131,prefill,137,0
1556,222.84500119024213,222.8880435459214,0,126,196.05413,decode,1,3960
1556,222.84500119024213,222.8880435459214,0,271,214.144006,decode,1,3463
1556,222.84500119024213,222.8880435459214,0,278,215.040119,decode,1,2178
1556,222.84500119024213,222.8880435459214,0,281,215.139837,decode,1,1345
1556,222.84500119024213,222.8880435459214,0,286,215.244977,decode,1,2139
1556,222.84500119024213,222.8880435459214,0,288,215.340513,decode,1,2614
1556,222.84500119024213,222.8880435459214,0,290,215.440798,decode,1,891
1556,222.84500119024213,222.8880435459214,0,292,215.543269,decode,1,4091
1556,222.84500119024213,222.8880435459214,0,293,215.543467,decode,1,1149
1556,222.84500119024213,222.8880435459214,0,294,215.54442,decode,1,56
1556,222.84500119024213,222.8880435459214,0,295,215.743131,prefill,102,137
1556,222.84500119024213,222.8880435459214,0,296,215.834952,prefill,55,0
1556,222.84500119024213,222.8880435459214,0,297,215.840685,prefill,56,0
1556,222.84500119024213,222.8880435459214,0,298,216.641509,prefill,289,0
1557,222.8880435459214,222.92531794879125,0,126,196.05413,decode,1,3961
1557,222.8880435459214,222.92531794879125,0,271,214.144006,decode,1,3464
1557,222.8880435459214,222.92531794879125,0,278,215.040119,decode,1,2179
1557,222.8880435459214,222.92531794879125,0,281,215.139837,decode,1,1346
1557,222.8880435459214,222.92531794879125,0,286,215.244977,decode,1,2140
1557,222.8880435459214,222.92531794879125,0,288,215.340513,decode,1,2615
1557,222.8880435459214,222.92531794879125,0,290,215.440798,decode,1,892
1557,222.8880435459214,222.92531794879125,0,292,215.543269,decode,1,4092
1557,222.8880435459214,222.92531794879125,0,293,215.543467,decode,1,1150
1557,222.8880435459214,222.92531794879125,0,294,215.54442,decode,1,57
1557,222.8880435459214,222.92531794879125,0,295,215.743131,decode,1,240
1557,222.8880435459214,222.92531794879125,0,296,215.834952,decode,1,56
1557,222.8880435459214,222.92531794879125,0,297,215.840685,decode,1,57
1557,222.8880435459214,222.92531794879125,0,298,216.641509,prefill,197,289
1557,222.8880435459214,222.92531794879125,0,299,216.838239,prefill,176,0
1558,222.92531794879125,222.94275007413754,0,126,196.05413,decode,1,3962
1558,222.92531794879125,222.94275007413754,0,271,214.144006,decode,1,3465
1558,222.92531794879125,222.94275007413754,0,278,215.040119,decode,1,2180
1558,222.92531794879125,222.94275007413754,0,281,215.139837,decode,1,1347
1558,222.92531794879125,222.94275007413754,0,286,215.244977,decode,1,2141
1558,222.92531794879125,222.94275007413754,0,288,215.340513,decode,1,2616
1558,222.92531794879125,222.94275007413754,0,290,215.440798,decode,1,893
1558,222.92531794879125,222.94275007413754,0,292,215.543269,decode,1,4093
1558,222.92531794879125,222.94275007413754,0,293,215.543467,decode,1,1151
1558,222.92531794879125,222.94275007413754,0,294,215.54442,decode,1,58
1558,222.92531794879125,222.94275007413754,0,295,215.743131,decode,1,241
1558,222.92531794879125,222.94275007413754,0,296,215.834952,decode,1,57
1558,222.92531794879125,222.94275007413754,0,297,215.840685,decode,1,58
1558,222.92531794879125,222.94275007413754,0,298,216.641509,decode,1,487
1558,222.92531794879125,222.94275007413754,0,299,216.838239,decode,1,177
1559,222.94275007413754,222.96018219948382,0,126,196.05413,decode,1,3963
1559,222.94275007413754,222.96018219948382,0,271,214.144006,decode,1,3466
1559,222.94275007413754,222.96018219948382,0,278,215.040119,decode,1,2181
1559,222.94275007413754,222.96018219948382,0,281,215.139837,decode,1,1348
1559,222.94275007413754,222.96018219948382,0,286,215.244977,decode,1,2142
1559,222.94275007413754,222.96018219948382,0,288,215.340513,decode,1,2617
1559,222.94275007413754,222.96018219948382,0,290,215.440798,decode,1,894
1559,222.94275007413754,222.96018219948382,0,292,215.543269,decode,1,4094
1559,222.94275007413754,222.96018219948382,0,293,215.543467,decode,1,1152
1559,222.94275007413754,222.96018219948382,0,294,215.54442,decode,1,59
1559,222.94275007413754,222.96018219948382,0,295,215.743131,decode,1,242
1559,222.94275007413754,222.96018219948382,0,296,215.834952,decode,1,58
1559,222.94275007413754,222.96018219948382,0,297,215.840685,decode,1,59
1559,222.94275007413754,222.96018219948382,0,298,216.641509,decode,1,488
1559,222.94275007413754,222.96018219948382,0,299,216.838239,decode,1,178
1560,222.96018219948382,222.9777049488301,0,126,196.05413,decode,1,3964
1560,222.96018219948382,222.9777049488301,0,271,214.144006,decode,1,3467
1560,222.96018219948382,222.9777049488301,0,278,215.040119,decode,1,2182
1560,222.96018219948382,222.9777049488301,0,281,215.139837,decode,1,1349
1560,222.96018219948382,222.9777049488301,0,286,215.244977,decode,1,2143
1560,222.96018219948382,222.9777049488301,0,288,215.340513,decode,1,2618
1560,222.96018219948382,222.9777049488301,0,292,215.543269,decode,1,4095
1560,222.96018219948382,222.9777049488301,0,293,215.543467,decode,1,1153
1560,222.96018219948382,222.9777049488301,0,294,215.54442,decode,1,60
1560,222.96018219948382,222.9777049488301,0,295,215.743131,decode,1,243
1560,222.96018219948382,222.9777049488301,0,296,215.834952,decode,1,59
1560,222.96018219948382,222.9777049488301,0,297,215.840685,decode,1,60
1560,222.96018219948382,222.9777049488301,0,298,216.641509,decode,1,489
1560,222.96018219948382,222.9777049488301,0,299,216.838239,decode,1,179
1561,222.9777049488301,222.9930090741764,0,126,196.05413,decode,1,3965
1561,222.9777049488301,222.9930090741764,0,271,214.144006,decode,1,3468
1561,222.9777049488301,222.9930090741764,0,278,215.040119,decode,1,2183
1561,222.9777049488301,222.9930090741764,0,281,215.139837,decode,1,1350
1561,222.9777049488301,222.9930090741764,0,286,215.244977,decode,1,2144
1561,222.9777049488301,222.9930090741764,0,288,215.340513,decode,1,2619
1561,222.9777049488301,222.9930090741764,0,293,215.543467,decode,1,1154
1561,222.9777049488301,222.9930090741764,0,295,215.743131,decode,1,244
1561,222.9777049488301,222.9930090741764,0,296,215.834952,decode,1,60
1561,222.9777049488301,222.9930090741764,0,297,215.840685,decode,1,61
1561,222.9777049488301,222.9930090741764,0,298,216.641509,decode,1,490
1561,222.9777049488301,222.9930090741764,0,299,216.838239,decode,1,180
1562,222.9930090741764,223.0083131995227,0,126,196.05413,decode,1,3966
1562,222.9930090741764,223.0083131995227,0,271,214.144006,decode,1,3469
1562,222.9930090741764,223.0083131995227,0,278,215.040119,decode,1,2184
1562,222.9930090741764,223.0083131995227,0,281,215.139837,decode,1,1351
1562,222.9930090741764,223.0083131995227,0,286,215.244977,decode,1,2145
1562,222.9930090741764,223.0083131995227,0,288,215.340513,decode,1,2620
1562,222.9930090741764,223.0083131995227,0,293,215.543467,decode,1,1155
1562,222.9930090741764,223.0083131995227,0,295,215.743131,decode,1,245
1562,222.9930090741764,223.0083131995227,0,296,215.834952,decode,1,61
1562,222.9930090741764,223.0083131995227,0,297,215.840685,decode,1,62
1562,222.9930090741764,223.0083131995227,0,298,216.641509,decode,1,491
1562,222.9930090741764,223.0083131995227,0,299,216.838239,decode,1,181
1563,223.0083131995227,223.02361732486898,0,126,196.05413,decode,1,3967
1563,223.0083131995227,223.02361732486898,0,271,214.144006,decode,1,3470
1563,223.0083131995227,223.02361732486898,0,278,215.040119,decode,1,2185
1563,223.0083131995227,223.02361732486898,0,281,215.139837,decode,1,1352
1563,223.0083131995227,223.02361732486898,0,286,215.244977,decode,1,2146
1563,223.0083131995227,223.02361732486898,0,288,215.340513,decode,1,2621
1563,223.0083131995227,223.02361732486898,0,293,215.543467,decode,1,1156
1563,223.0083131995227,223.02361732486898,0,295,215.743131,decode,1,246
1563,223.0083131995227,223.02361732486898,0,296,215.834952,decode,1,62
1563,223.0083131995227,223.02361732486898,0,297,215.840685,decode,1,63
1563,223.0083131995227,223.02361732486898,0,298,216.641509,decode,1,492
1563,223.0083131995227,223.02361732486898,0,299,216.838239,decode,1,182
1564,223.02361732486898,223.0389749542153,0,126,196.05413,decode,1,3968
1564,223.02361732486898,223.0389749542153,0,271,214.144006,decode,1,3471
1564,223.02361732486898,223.0389749542153,0,278,215.040119,decode,1,2186
1564,223.02361732486898,223.0389749542153,0,281,215.139837,decode,1,1353
1564,223.02361732486898,223.0389749542153,0,286,215.244977,decode,1,2147
1564,223.02361732486898,223.0389749542153,0,288,215.340513,decode,1,2622
1564,223.02361732486898,223.0389749542153,0,293,215.543467,decode,1,1157
1564,223.02361732486898,223.0389749542153,0,295,215.743131,decode,1,247
1564,223.02361732486898,223.0389749542153,0,297,215.840685,decode,1,64
1564,223.02361732486898,223.0389749542153,0,298,216.641509,decode,1,493
1564,223.02361732486898,223.0389749542153,0,299,216.838239,decode,1,183
1565,223.0389749542153,223.0544921995616,0,126,196.05413,decode,1,3969
1565,223.0389749542153,223.0544921995616,0,271,214.144006,decode,1,3472
1565,223.0389749542153,223.0544921995616,0,278,215.040119,decode,1,2187
1565,223.0389749542153,223.0544921995616,0,281,215.139837,decode,1,1354
1565,223.0389749542153,223.0544921995616,0,286,215.244977,decode,1,2148
1565,223.0389749542153,223.0544921995616,0,288,215.340513,decode,1,2623
1565,223.0389749542153,223.0544921995616,0,293,215.543467,decode,1,1158
1565,223.0389749542153,223.0544921995616,0,295,215.743131,decode,1,248
1565,223.0389749542153,223.0544921995616,0,298,216.641509,decode,1,494
1565,223.0389749542153,223.0544921995616,0,299,216.838239,decode,1,184
1566,223.0544921995616,223.0703169009079,0,126,196.05413,decode,1,3970
1566,223.0544921995616,223.0703169009079,0,271,214.144006,decode,1,3473
1566,223.0544921995616,223.0703169009079,0,278,215.040119,decode,1,2188
1566,223.0544921995616,223.0703169009079,0,281,215.139837,decode,1,1355
1566,223.0544921995616,223.0703169009079,0,286,215.244977,decode,1,2149
1566,223.0544921995616,223.0703169009079,0,288,215.340513,decode,1,2624
1566,223.0544921995616,223.0703169009079,0,293,215.543467,decode,1,1159
1566,223.0544921995616,223.0703169009079,0,298,216.641509,decode,1,495
1566,223.0544921995616,223.0703169009079,0,299,216.838239,decode,1,185
1567,223.0703169009079,223.0861416022542,0,126,196.05413,decode,1,3971
1567,223.0703169009079,223.0861416022542,0,271,214.144006,decode,1,3474
1567,223.0703169009079,223.0861416022542,0,278,215.040119,decode,1,2189
1567,223.0703169009079,223.0861416022542,0,281,215.139837,decode,1,1356
1567,223.0703169009079,223.0861416022542,0,286,215.244977,decode,1,2150
1567,223.0703169009079,223.0861416022542,0,288,215.340513,decode,1,2625
1567,223.0703169009079,223.0861416022542,0,293,215.543467,decode,1,1160
1567,223.0703169009079,223.0861416022542,0,298,216.641509,decode,1,496
1567,223.0703169009079,223.0861416022542,0,299,216.838239,decode,1,186
1568,223.0861416022542,223.1019663036005,0,126,196.05413,decode,1,3972
1568,223.0861416022542,223.1019663036005,0,271,214.144006,decode,1,3475
1568,223.0861416022542,223.1019663036005,0,278,215.040119,decode,1,2190
1568,223.0861416022542,223.1019663036005,0,281,215.139837,decode,1,1357
1568,223.0861416022542,223.1019663036005,0,286,215.244977,decode,1,2151
1568,223.0861416022542,223.1019663036005,0,288,215.340513,decode,1,2626
1568,223.0861416022542,223.1019663036005,0,293,215.543467,decode,1,1161
1568,223.0861416022542,223.1019663036005,0,298,216.641509,decode,1,497
1568,223.0861416022542,223.1019663036005,0,299,216.838239,decode,1,187
1569,223.1019663036005,223.1177910049468,0,126,196.05413,decode,1,3973
1569,223.1019663036005,223.1177910049468,0,271,214.144006,decode,1,3476
1569,223.1019663036005,223.1177910049468,0,278,215.040119,decode,1,2191
1569,223.1019663036005,223.1177910049468,0,281,215.139837,decode,1,1358
1569,223.1019663036005,223.1177910049468,0,286,215.244977,decode,1,2152
1569,223.1019663036005,223.1177910049468,0,288,215.340513,decode,1,2627
1569,223.1019663036005,223.1177910049468,0,293,215.543467,decode,1,1162
1569,223.1019663036005,223.1177910049468,0,298,216.641509,decode,1,498
1569,223.1019663036005,223.1177910049468,0,299,216.838239,decode,1,188
1570,223.1177910049468,223.1336157062931,0,126,196.05413,decode,1,3974
1570,223.1177910049468,223.1336157062931,0,271,214.144006,decode,1,3477
1570,223.1177910049468,223.1336157062931,0,278,215.040119,decode,1,2192
1570,223.1177910049468,223.1336157062931,0,281,215.139837,decode,1,1359
1570,223.1177910049468,223.1336157062931,0,286,215.244977,decode,1,2153
1570,223.1177910049468,223.1336157062931,0,288,215.340513,decode,1,2628
1570,223.1177910049468,223.1336157062931,0,293,215.543467,decode,1,1163
1570,223.1177910049468,223.1336157062931,0,298,216.641509,decode,1,499
1570,223.1177910049468,223.1336157062931,0,299,216.838239,decode,1,189
1571,223.1336157062931,223.14944040763942,0,126,196.05413,decode,1,3975
1571,223.1336157062931,223.14944040763942,0,271,214.144006,decode,1,3478
1571,223.1336157062931,223.14944040763942,0,278,215.040119,decode,1,2193
1571,223.1336157062931,223.14944040763942,0,281,215.139837,decode,1,1360
1571,223.1336157062931,223.14944040763942,0,286,215.244977,decode,1,2154
1571,223.1336157062931,223.14944040763942,0,288,215.340513,decode,1,2629
1571,223.1336157062931,223.14944040763942,0,293,215.543467,decode,1,1164
1571,223.1336157062931,223.14944040763942,0,298,216.641509,decode,1,500
1571,223.1336157062931,223.14944040763942,0,299,216.838239,decode,1,190
1572,223.14944040763942,223.16526510898572,0,126,196.05413,decode,1,3976
1572,223.14944040763942,223.16526510898572,0,271,214.144006,decode,1,3479
1572,223.14944040763942,223.16526510898572,0,278,215.040119,decode,1,2194
1572,223.14944040763942,223.16526510898572,0,281,215.139837,decode,1,1361
1572,223.14944040763942,223.16526510898572,0,286,215.244977,decode,1,2155
1572,223.14944040763942,223.16526510898572,0,288,215.340513,decode,1,2630
1572,223.14944040763942,223.16526510898572,0,293,215.543467,decode,1,1165
1572,223.14944040763942,223.16526510898572,0,298,216.641509,decode,1,501
1572,223.14944040763942,223.16526510898572,0,299,216.838239,decode,1,191
1573,223.16526510898572,223.18176070668758,0,126,196.05413,decode,1,3977
1573,223.16526510898572,223.18176070668758,0,271,214.144006,decode,1,3480
1573,223.16526510898572,223.18176070668758,0,278,215.040119,decode,1,2195
1573,223.16526510898572,223.18176070668758,0,286,215.244977,decode,1,2156
1573,223.16526510898572,223.18176070668758,0,288,215.340513,decode,1,2631
1573,223.16526510898572,223.18176070668758,0,293,215.543467,decode,1,1166
1573,223.16526510898572,223.18176070668758,0,299,216.838239,decode,1,192
1574,223.18176070668758,223.19825630438945,0,126,196.05413,decode,1,3978
1574,223.18176070668758,223.19825630438945,0,271,214.144006,decode,1,3481
1574,223.18176070668758,223.19825630438945,0,278,215.040119,decode,1,2196
1574,223.18176070668758,223.19825630438945,0,286,215.244977,decode,1,2157
1574,223.18176070668758,223.19825630438945,0,288,215.340513,decode,1,2632
1574,223.18176070668758,223.19825630438945,0,293,215.543467,decode,1,1167
1574,223.18176070668758,223.19825630438945,0,299,216.838239,decode,1,193
1575,223.19825630438945,223.2147519020913,0,126,196.05413,decode,1,3979
1575,223.19825630438945,223.2147519020913,0,271,214.144006,decode,1,3482
1575,223.19825630438945,223.2147519020913,0,278,215.040119,decode,1,2197
1575,223.19825630438945,223.2147519020913,0,286,215.244977,decode,1,2158
1575,223.19825630438945,223.2147519020913,0,288,215.340513,decode,1,2633
1575,223.19825630438945,223.2147519020913,0,293,215.543467,decode,1,1168
1575,223.19825630438945,223.2147519020913,0,299,216.838239,decode,1,194
1576,223.2147519020913,223.23124749979317,0,126,196.05413,decode,1,3980
1576,223.2147519020913,223.23124749979317,0,271,214.144006,decode,1,3483
1576,223.2147519020913,223.23124749979317,0,278,215.040119,decode,1,2198
1576,223.2147519020913,223.23124749979317,0,286,215.244977,decode,1,2159
1576,223.2147519020913,223.23124749979317,0,288,215.340513,decode,1,2634
1576,223.2147519020913,223.23124749979317,0,293,215.543467,decode,1,1169
1576,223.2147519020913,223.23124749979317,0,299,216.838239,decode,1,195
1577,223.23124749979317,223.24774309749503,0,126,196.05413,decode,1,3981
1577,223.23124749979317,223.24774309749503,0,271,214.144006,decode,1,3484
1577,223.23124749979317,223.24774309749503,0,278,215.040119,decode,1,2199
1577,223.23124749979317,223.24774309749503,0,286,215.244977,decode,1,2160
1577,223.23124749979317,223.24774309749503,0,288,215.340513,decode,1,2635
1577,223.23124749979317,223.24774309749503,0,293,215.543467,decode,1,1170
1577,223.23124749979317,223.24774309749503,0,299,216.838239,decode,1,196
1578,223.24774309749503,223.2642386951969,0,126,196.05413,decode,1,3982
1578,223.24774309749503,223.2642386951969,0,271,214.144006,decode,1,3485
1578,223.24774309749503,223.2642386951969,0,278,215.040119,decode,1,2200
1578,223.24774309749503,223.2642386951969,0,286,215.244977,decode,1,2161
1578,223.24774309749503,223.2642386951969,0,288,215.340513,decode,1,2636
1578,223.24774309749503,223.2642386951969,0,293,215.543467,decode,1,1171
1578,223.24774309749503,223.2642386951969,0,299,216.838239,decode,1,197
1579,223.2642386951969,223.28073429289876,0,126,196.05413,decode,1,3983
1579,223.2642386951969,223.28073429289876,0,271,214.144006,decode,1,3486
1579,223.2642386951969,223.28073429289876,0,278,215.040119,decode,1,2201
1579,223.2642386951969,223.28073429289876,0,286,215.244977,decode,1,2162
1579,223.2642386951969,223.28073429289876,0,288,215.340513,decode,1,2637
1579,223.2642386951969,223.28073429289876,0,293,215.543467,decode,1,1172
1579,223.2642386951969,223.28073429289876,0,299,216.838239,decode,1,198
1580,223.28073429289876,223.29722989060062,0,126,196.05413,decode,1,3984
1580,223.28073429289876,223.29722989060062,0,271,214.144006,decode,1,3487
1580,223.28073429289876,223.29722989060062,0,278,215.040119,decode,1,2202
1580,223.28073429289876,223.29722989060062,0,286,215.244977,decode,1,2163
1580,223.28073429289876,223.29722989060062,0,288,215.340513,decode,1,2638
1580,223.28073429289876,223.29722989060062,0,293,215.543467,decode,1,1173
1580,223.28073429289876,223.29722989060062,0,299,216.838239,decode,1,199
1581,223.29722989060062,223.31372548830248,0,126,196.05413,decode,1,3985
1581,223.29722989060062,223.31372548830248,0,271,214.144006,decode,1,3488
1581,223.29722989060062,223.31372548830248,0,278,215.040119,decode,1,2203
1581,223.29722989060062,223.31372548830248,0,286,215.244977,decode,1,2164
1581,223.29722989060062,223.31372548830248,0,288,215.340513,decode,1,2639
1581,223.29722989060062,223.31372548830248,0,293,215.543467,decode,1,1174
1581,223.29722989060062,223.31372548830248,0,299,216.838239,decode,1,200
1582,223.31372548830248,223.33022108600434,0,126,196.05413,decode,1,3986
1582,223.31372548830248,223.33022108600434,0,271,214.144006,decode,1,3489
1582,223.31372548830248,223.33022108600434,0,278,215.040119,decode,1,2204
1582,223.31372548830248,223.33022108600434,0,286,215.244977,decode,1,2165
1582,223.31372548830248,223.33022108600434,0,288,215.340513,decode,1,2640
1582,223.31372548830248,223.33022108600434,0,293,215.543467,decode,1,1175
1582,223.31372548830248,223.33022108600434,0,299,216.838239,decode,1,201
1583,223.33022108600434,223.3467166837062,0,126,196.05413,decode,1,3987
1583,223.33022108600434,223.3467166837062,0,271,214.144006,decode,1,3490
1583,223.33022108600434,223.3467166837062,0,278,215.040119,decode,1,2205
1583,223.33022108600434,223.3467166837062,0,286,215.244977,decode,1,2166
1583,223.33022108600434,223.3467166837062,0,288,215.340513,decode,1,2641
1583,223.33022108600434,223.3467166837062,0,293,215.543467,decode,1,1176
1583,223.33022108600434,223.3467166837062,0,299,216.838239,decode,1,202
1584,223.3467166837062,223.36321228140807,0,126,196.05413,decode,1,3988
1584,223.3467166837062,223.36321228140807,0,271,214.144006,decode,1,3491
1584,223.3467166837062,223.36321228140807,0,278,215.040119,decode,1,2206
1584,223.3467166837062,223.36321228140807,0,286,215.244977,decode,1,2167
1584,223.3467166837062,223.36321228140807,0,288,215.340513,decode,1,2642
1584,223.3467166837062,223.36321228140807,0,293,215.543467,decode,1,1177
1584,223.3467166837062,223.36321228140807,0,299,216.838239,decode,1,203
1585,223.36321228140807,223.37970787910993,0,126,196.05413,decode,1,3989
1585,223.36321228140807,223.37970787910993,0,271,214.144006,decode,1,3492
1585,223.36321228140807,223.37970787910993,0,278,215.040119,decode,1,2207
1585,223.36321228140807,223.37970787910993,0,286,215.244977,decode,1,2168
1585,223.36321228140807,223.37970787910993,0,288,215.340513,decode,1,2643
1585,223.36321228140807,223.37970787910993,0,293,215.543467,decode,1,1178
1585,223.36321228140807,223.37970787910993,0,299,216.838239,decode,1,204
1586,223.37970787910993,223.3962034768118,0,126,196.05413,decode,1,3990
1586,223.37970787910993,223.3962034768118,0,271,214.144006,decode,1,3493
1586,223.37970787910993,223.3962034768118,0,278,215.040119,decode,1,2208
1586,223.37970787910993,223.3962034768118,0,286,215.244977,decode,1,2169
1586,223.37970787910993,223.3962034768118,0,288,215.340513,decode,1,2644
1586,223.37970787910993,223.3962034768118,0,293,215.543467,decode,1,1179
1586,223.37970787910993,223.3962034768118,0,299,216.838239,decode,1,205
1587,223.3962034768118,223.40943366651365,0,126,196.05413,decode,1,3991
1587,223.3962034768118,223.40943366651365,0,278,215.040119,decode,1,2209
1587,223.3962034768118,223.40943366651365,0,286,215.244977,decode,1,2170
1587,223.3962034768118,223.40943366651365,0,288,215.340513,decode,1,2645
1587,223.3962034768118,223.40943366651365,0,293,215.543467,decode,1,1180
1587,223.3962034768118,223.40943366651365,0,299,216.838239,decode,1,206
1588,223.40943366651365,223.4226638562155,0,126,196.05413,decode,1,3992
1588,223.40943366651365,223.4226638562155,0,278,215.040119,decode,1,2210
1588,223.40943366651365,223.4226638562155,0,286,215.244977,decode,1,2171
1588,223.40943366651365,223.4226638562155,0,288,215.340513,decode,1,2646
1588,223.40943366651365,223.4226638562155,0,293,215.543467,decode,1,1181
1588,223.40943366651365,223.4226638562155,0,299,216.838239,decode,1,207
1589,223.4226638562155,223.43589404591737,0,126,196.05413,decode,1,3993
1589,223.4226638562155,223.43589404591737,0,278,215.040119,decode,1,2211
1589,223.4226638562155,223.43589404591737,0,286,215.244977,decode,1,2172
1589,223.4226638562155,223.43589404591737,0,288,215.340513,decode,1,2647
1589,223.4226638562155,223.43589404591737,0,293,215.543467,decode,1,1182
1589,223.4226638562155,223.43589404591737,0,299,216.838239,decode,1,208
1590,223.43589404591737,223.44912423561922,0,126,196.05413,decode,1,3994
1590,223.43589404591737,223.44912423561922,0,278,215.040119,decode,1,2212
1590,223.43589404591737,223.44912423561922,0,286,215.244977,decode,1,2173
1590,223.43589404591737,223.44912423561922,0,288,215.340513,decode,1,2648
1590,223.43589404591737,223.44912423561922,0,293,215.543467,decode,1,1183
1590,223.43589404591737,223.44912423561922,0,299,216.838239,decode,1,209
1591,223.44912423561922,223.46235442532108,0,126,196.05413,decode,1,3995
1591,223.44912423561922,223.46235442532108,0,278,215.040119,decode,1,2213
1591,223.44912423561922,223.46235442532108,0,286,215.244977,decode,1,2174
1591,223.44912423561922,223.46235442532108,0,288,215.340513,decode,1,2649
1591,223.44912423561922,223.46235442532108,0,293,215.543467,decode,1,1184
1591,223.44912423561922,223.46235442532108,0,299,216.838239,decode,1,210
1592,223.46235442532108,223.47558461502294,0,126,196.05413,decode,1,3996
1592,223.46235442532108,223.47558461502294,0,278,215.040119,decode,1,2214
1592,223.46235442532108,223.47558461502294,0,286,215.244977,decode,1,2175
1592,223.46235442532108,223.47558461502294,0,288,215.340513,decode,1,2650
1592,223.46235442532108,223.47558461502294,0,293,215.543467,decode,1,1185
1592,223.46235442532108,223.47558461502294,0,299,216.838239,decode,1,211
1593,223.47558461502294,223.4888148047248,0,126,196.05413,decode,1,3997
1593,223.47558461502294,223.4888148047248,0,278,215.040119,decode,1,2215
1593,223.47558461502294,223.4888148047248,0,286,215.244977,decode,1,2176
1593,223.47558461502294,223.4888148047248,0,288,215.340513,decode,1,2651
1593,223.47558461502294,223.4888148047248,0,293,215.543467,decode,1,1186
1593,223.47558461502294,223.4888148047248,0,299,216.838239,decode,1,212
1594,223.4888148047248,223.50203961842666,0,126,196.05413,decode,1,3998
1594,223.4888148047248,223.50203961842666,0,278,215.040119,decode,1,2216
1594,223.4888148047248,223.50203961842666,0,286,215.244977,decode,1,2177
1594,223.4888148047248,223.50203961842666,0,288,215.340513,decode,1,2652
1594,223.4888148047248,223.50203961842666,0,299,216.838239,decode,1,213
1595,223.50203961842666,223.51526443212853,0,126,196.05413,decode,1,3999
1595,223.50203961842666,223.51526443212853,0,278,215.040119,decode,1,2217
1595,223.50203961842666,223.51526443212853,0,286,215.244977,decode,1,2178
1595,223.50203961842666,223.51526443212853,0,288,215.340513,decode,1,2653
1595,223.50203961842666,223.51526443212853,0,299,216.838239,decode,1,214
1596,223.51526443212853,223.5284892458304,0,126,196.05413,decode,1,4000
1596,223.51526443212853,223.5284892458304,0,278,215.040119,decode,1,2218
1596,223.51526443212853,223.5284892458304,0,286,215.244977,decode,1,2179
1596,223.51526443212853,223.5284892458304,0,288,215.340513,decode,1,2654
1596,223.51526443212853,223.5284892458304,0,299,216.838239,decode,1,215
1597,223.5284892458304,223.54171405953227,0,126,196.05413,decode,1,4001
1597,223.5284892458304,223.54171405953227,0,278,215.040119,decode,1,2219
1597,223.5284892458304,223.54171405953227,0,286,215.244977,decode,1,2180
1597,223.5284892458304,223.54171405953227,0,288,215.340513,decode,1,2655
1597,223.5284892458304,223.54171405953227,0,299,216.838239,decode,1,216
1598,223.54171405953227,223.55493887323414,0,126,196.05413,decode,1,4002
1598,223.54171405953227,223.55493887323414,0,278,215.040119,decode,1,2220
1598,223.54171405953227,223.55493887323414,0,286,215.244977,decode,1,2181
1598,223.54171405953227,223.55493887323414,0,288,215.340513,decode,1,2656
1598,223.54171405953227,223.55493887323414,0,299,216.838239,decode,1,217
1599,223.55493887323414,223.568163686936,0,126,196.05413,decode,1,4003
1599,223.55493887323414,223.568163686936,0,278,215.040119,decode,1,2221
1599,223.55493887323414,223.568163686936,0,286,215.244977,decode,1,2182
1599,223.55493887323414,223.568163686936,0,288,215.340513,decode,1,2657
1599,223.55493887323414,223.568163686936,0,299,216.838239,decode,1,218
1600,223.568163686936,223.58138850063787,0,126,196.05413,decode,1,4004
1600,223.568163686936,223.58138850063787,0,278,215.040119,decode,1,2222
1600,223.568163686936,223.58138850063787,0,286,215.244977,decode,1,2183
1600,223.568163686936,223.58138850063787,0,288,215.340513,decode,1,2658
1600,223.568163686936,223.58138850063787,0,299,216.838239,decode,1,219
1601,223.58138850063787,223.59461331433974,0,126,196.05413,decode,1,4005
1601,223.58138850063787,223.59461331433974,0,278,215.040119,decode,1,2223
1601,223.58138850063787,223.59461331433974,0,286,215.244977,decode,1,2184
1601,223.58138850063787,223.59461331433974,0,288,215.340513,decode,1,2659
1601,223.58138850063787,223.59461331433974,0,299,216.838239,decode,1,220
1602,223.59461331433974,223.6078381280416,0,126,196.05413,decode,1,4006
1602,223.59461331433974,223.6078381280416,0,278,215.040119,decode,1,2224
1602,223.59461331433974,223.6078381280416,0,286,215.244977,decode,1,2185
1602,223.59461331433974,223.6078381280416,0,288,215.340513,decode,1,2660
1602,223.59461331433974,223.6078381280416,0,299,216.838239,decode,1,221
1603,223.6078381280416,223.62106294174347,0,126,196.05413,decode,1,4007
1603,223.6078381280416,223.62106294174347,0,278,215.040119,decode,1,2225
1603,223.6078381280416,223.62106294174347,0,286,215.244977,decode,1,2186
1603,223.6078381280416,223.62106294174347,0,288,215.340513,decode,1,2661
1603,223.6078381280416,223.62106294174347,0,299,216.838239,decode,1,222
1604,223.62106294174347,223.63428775544534,0,126,196.05413,decode,1,4008
1604,223.62106294174347,223.63428775544534,0,278,215.040119,decode,1,2226
1604,223.62106294174347,223.63428775544534,0,286,215.244977,decode,1,2187
1604,223.62106294174347,223.63428775544534,0,288,215.340513,decode,1,2662
1604,223.62106294174347,223.63428775544534,0,299,216.838239,decode,1,223
1605,223.63428775544534,223.6475125691472,0,126,196.05413,decode,1,4009
1605,223.63428775544534,223.6475125691472,0,278,215.040119,decode,1,2227
1605,223.63428775544534,223.6475125691472,0,286,215.244977,decode,1,2188
1605,223.63428775544534,223.6475125691472,0,288,215.340513,decode,1,2663
1605,223.63428775544534,223.6475125691472,0,299,216.838239,decode,1,224
1606,223.6475125691472,223.66073738284908,0,126,196.05413,decode,1,4010
1606,223.6475125691472,223.66073738284908,0,278,215.040119,decode,1,2228
1606,223.6475125691472,223.66073738284908,0,286,215.244977,decode,1,2189
1606,223.6475125691472,223.66073738284908,0,288,215.340513,decode,1,2664
1606,223.6475125691472,223.66073738284908,0,299,216.838239,decode,1,225
1607,223.66073738284908,223.67396219655095,0,126,196.05413,decode,1,4011
1607,223.66073738284908,223.67396219655095,0,278,215.040119,decode,1,2229
1607,223.66073738284908,223.67396219655095,0,286,215.244977,decode,1,2190
1607,223.66073738284908,223.67396219655095,0,288,215.340513,decode,1,2665
1607,223.66073738284908,223.67396219655095,0,299,216.838239,decode,1,226
1608,223.67396219655095,223.6871870102528,0,126,196.05413,decode,1,4012
1608,223.67396219655095,223.6871870102528,0,278,215.040119,decode,1,2230
1608,223.67396219655095,223.6871870102528,0,286,215.244977,decode,1,2191
1608,223.67396219655095,223.6871870102528,0,288,215.340513,decode,1,2666
1608,223.67396219655095,223.6871870102528,0,299,216.838239,decode,1,227
1609,223.6871870102528,223.70041182395468,0,126,196.05413,decode,1,4013
1609,223.6871870102528,223.70041182395468,0,278,215.040119,decode,1,2231
1609,223.6871870102528,223.70041182395468,0,286,215.244977,decode,1,2192
1609,223.6871870102528,223.70041182395468,0,288,215.340513,decode,1,2667
1609,223.6871870102528,223.70041182395468,0,299,216.838239,decode,1,228
1610,223.70041182395468,223.71363663765655,0,126,196.05413,decode,1,4014
1610,223.70041182395468,223.71363663765655,0,278,215.040119,decode,1,2232
1610,223.70041182395468,223.71363663765655,0,286,215.244977,decode,1,2193
1610,223.70041182395468,223.71363663765655,0,288,215.340513,decode,1,2668
1610,223.70041182395468,223.71363663765655,0,299,216.838239,decode,1,229
1611,223.71363663765655,223.72686145135842,0,126,196.05413,decode,1,4015
1611,223.71363663765655,223.72686145135842,0,278,215.040119,decode,1,2233
1611,223.71363663765655,223.72686145135842,0,286,215.244977,decode,1,2194
1611,223.71363663765655,223.72686145135842,0,288,215.340513,decode,1,2669
1611,223.71363663765655,223.72686145135842,0,299,216.838239,decode,1,230
1612,223.72686145135842,223.74008626506028,0,126,196.05413,decode,1,4016
1612,223.72686145135842,223.74008626506028,0,278,215.040119,decode,1,2234
1612,223.72686145135842,223.74008626506028,0,286,215.244977,decode,1,2195
1612,223.72686145135842,223.74008626506028,0,288,215.340513,decode,1,2670
1612,223.72686145135842,223.74008626506028,0,299,216.838239,decode,1,231
1613,223.74008626506028,223.75331107876215,0,126,196.05413,decode,1,4017
1613,223.74008626506028,223.75331107876215,0,278,215.040119,decode,1,2235
1613,223.74008626506028,223.75331107876215,0,286,215.244977,decode,1,2196
1613,223.74008626506028,223.75331107876215,0,288,215.340513,decode,1,2671
1613,223.74008626506028,223.75331107876215,0,299,216.838239,decode,1,232
1614,223.75331107876215,223.76653589246402,0,126,196.05413,decode,1,4018
1614,223.75331107876215,223.76653589246402,0,278,215.040119,decode,1,2236
1614,223.75331107876215,223.76653589246402,0,286,215.244977,decode,1,2197
1614,223.75331107876215,223.76653589246402,0,288,215.340513,decode,1,2672
1614,223.75331107876215,223.76653589246402,0,299,216.838239,decode,1,233
1615,223.76653589246402,223.7797607061659,0,126,196.05413,decode,1,4019
1615,223.76653589246402,223.7797607061659,0,278,215.040119,decode,1,2237
1615,223.76653589246402,223.7797607061659,0,286,215.244977,decode,1,2198
1615,223.76653589246402,223.7797607061659,0,288,215.340513,decode,1,2673
1615,223.76653589246402,223.7797607061659,0,299,216.838239,decode,1,234
1616,223.7797607061659,223.79298551986776,0,126,196.05413,decode,1,4020
1616,223.7797607061659,223.79298551986776,0,278,215.040119,decode,1,2238
1616,223.7797607061659,223.79298551986776,0,286,215.244977,decode,1,2199
1616,223.7797607061659,223.79298551986776,0,288,215.340513,decode,1,2674
1616,223.7797607061659,223.79298551986776,0,299,216.838239,decode,1,235
1617,223.79298551986776,223.80621033356962,0,126,196.05413,decode,1,4021
1617,223.79298551986776,223.80621033356962,0,278,215.040119,decode,1,2239
1617,223.79298551986776,223.80621033356962,0,286,215.244977,decode,1,2200
1617,223.79298551986776,223.80621033356962,0,288,215.340513,decode,1,2675
1617,223.79298551986776,223.80621033356962,0,299,216.838239,decode,1,236
1618,223.80621033356962,223.8194351472715,0,126,196.05413,decode,1,4022
1618,223.80621033356962,223.8194351472715,0,278,215.040119,decode,1,2240
1618,223.80621033356962,223.8194351472715,0,286,215.244977,decode,1,2201
1618,223.80621033356962,223.8194351472715,0,288,215.340513,decode,1,2676
1618,223.80621033356962,223.8194351472715,0,299,216.838239,decode,1,237
1619,223.8194351472715,223.83265996097336,0,126,196.05413,decode,1,4023
1619,223.8194351472715,223.83265996097336,0,278,215.040119,decode,1,2241
1619,223.8194351472715,223.83265996097336,0,286,215.244977,decode,1,2202
1619,223.8194351472715,223.83265996097336,0,288,215.340513,decode,1,2677
1619,223.8194351472715,223.83265996097336,0,299,216.838239,decode,1,238
1620,223.83265996097336,223.84588477467523,0,126,196.05413,decode,1,4024
1620,223.83265996097336,223.84588477467523,0,278,215.040119,decode,1,2242
1620,223.83265996097336,223.84588477467523,0,286,215.244977,decode,1,2203
1620,223.83265996097336,223.84588477467523,0,288,215.340513,decode,1,2678
1620,223.83265996097336,223.84588477467523,0,299,216.838239,decode,1,239
1621,223.84588477467523,223.8591095883771,0,126,196.05413,decode,1,4025
1621,223.84588477467523,223.8591095883771,0,278,215.040119,decode,1,2243
1621,223.84588477467523,223.8591095883771,0,286,215.244977,decode,1,2204
1621,223.84588477467523,223.8591095883771,0,288,215.340513,decode,1,2679
1621,223.84588477467523,223.8591095883771,0,299,216.838239,decode,1,240
1622,223.8591095883771,223.87233440207896,0,126,196.05413,decode,1,4026
1622,223.8591095883771,223.87233440207896,0,278,215.040119,decode,1,2244
1622,223.8591095883771,223.87233440207896,0,286,215.244977,decode,1,2205
1622,223.8591095883771,223.87233440207896,0,288,215.340513,decode,1,2680
1622,223.8591095883771,223.87233440207896,0,299,216.838239,decode,1,241
1623,223.87233440207896,223.88555921578083,0,126,196.05413,decode,1,4027
1623,223.87233440207896,223.88555921578083,0,278,215.040119,decode,1,2245
1623,223.87233440207896,223.88555921578083,0,286,215.244977,decode,1,2206
1623,223.87233440207896,223.88555921578083,0,288,215.340513,decode,1,2681
1623,223.87233440207896,223.88555921578083,0,299,216.838239,decode,1,242
1624,223.88555921578083,223.8987840294827,0,126,196.05413,decode,1,4028
1624,223.88555921578083,223.8987840294827,0,278,215.040119,decode,1,2246
1624,223.88555921578083,223.8987840294827,0,286,215.244977,decode,1,2207
1624,223.88555921578083,223.8987840294827,0,288,215.340513,decode,1,2682
1624,223.88555921578083,223.8987840294827,0,299,216.838239,decode,1,243
1625,223.8987840294827,223.91200884318457,0,126,196.05413,decode,1,4029
1625,223.8987840294827,223.91200884318457,0,278,215.040119,decode,1,2247
1625,223.8987840294827,223.91200884318457,0,286,215.244977,decode,1,2208
1625,223.8987840294827,223.91200884318457,0,288,215.340513,decode,1,2683
1625,223.8987840294827,223.91200884318457,0,299,216.838239,decode,1,244
1626,223.91200884318457,223.92523365688643,0,126,196.05413,decode,1,4030
1626,223.91200884318457,223.92523365688643,0,278,215.040119,decode,1,2248
1626,223.91200884318457,223.92523365688643,0,286,215.244977,decode,1,2209
1626,223.91200884318457,223.92523365688643,0,288,215.340513,decode,1,2684
1626,223.91200884318457,223.92523365688643,0,299,216.838239,decode,1,245
1627,223.92523365688643,223.9384584705883,0,126,196.05413,decode,1,4031
1627,223.92523365688643,223.9384584705883,0,278,215.040119,decode,1,2249
1627,223.92523365688643,223.9384584705883,0,286,215.244977,decode,1,2210
1627,223.92523365688643,223.9384584705883,0,288,215.340513,decode,1,2685
1627,223.92523365688643,223.9384584705883,0,299,216.838239,decode,1,246
1628,223.9384584705883,223.95168328429017,0,126,196.05413,decode,1,4032
1628,223.9384584705883,223.95168328429017,0,278,215.040119,decode,1,2250
1628,223.9384584705883,223.95168328429017,0,286,215.244977,decode,1,2211
1628,223.9384584705883,223.95168328429017,0,288,215.340513,decode,1,2686
1628,223.9384584705883,223.95168328429017,0,299,216.838239,decode,1,247
1629,223.95168328429017,223.96490809799204,0,126,196.05413,decode,1,4033
1629,223.95168328429017,223.96490809799204,0,278,215.040119,decode,1,2251
1629,223.95168328429017,223.96490809799204,0,286,215.244977,decode,1,2212
1629,223.95168328429017,223.96490809799204,0,288,215.340513,decode,1,2687
1629,223.95168328429017,223.96490809799204,0,299,216.838239,decode,1,248
1630,223.96490809799204,223.9781329116939,0,126,196.05413,decode,1,4034
1630,223.96490809799204,223.9781329116939,0,278,215.040119,decode,1,2252
1630,223.96490809799204,223.9781329116939,0,286,215.244977,decode,1,2213
1630,223.96490809799204,223.9781329116939,0,288,215.340513,decode,1,2688
1630,223.96490809799204,223.9781329116939,0,299,216.838239,decode,1,249
1631,223.9781329116939,223.99135772539577,0,126,196.05413,decode,1,4035
1631,223.9781329116939,223.99135772539577,0,278,215.040119,decode,1,2253
1631,223.9781329116939,223.99135772539577,0,286,215.244977,decode,1,2214
1631,223.9781329116939,223.99135772539577,0,288,215.340513,decode,1,2689
1631,223.9781329116939,223.99135772539577,0,299,216.838239,decode,1,250
1632,223.99135772539577,224.00458253909764,0,126,196.05413,decode,1,4036
1632,223.99135772539577,224.00458253909764,0,278,215.040119,decode,1,2254
1632,223.99135772539577,224.00458253909764,0,286,215.244977,decode,1,2215
1632,223.99135772539577,224.00458253909764,0,288,215.340513,decode,1,2690
1632,223.99135772539577,224.00458253909764,0,299,216.838239,decode,1,251
1633,224.00458253909764,224.0178073527995,0,126,196.05413,decode,1,4037
1633,224.00458253909764,224.0178073527995,0,278,215.040119,decode,1,2255
1633,224.00458253909764,224.0178073527995,0,286,215.244977,decode,1,2216
1633,224.00458253909764,224.0178073527995,0,288,215.340513,decode,1,2691
1633,224.00458253909764,224.0178073527995,0,299,216.838239,decode,1,252
1634,224.0178073527995,224.03103216650138,0,126,196.05413,decode,1,4038
1634,224.0178073527995,224.03103216650138,0,278,215.040119,decode,1,2256
1634,224.0178073527995,224.03103216650138,0,286,215.244977,decode,1,2217
1634,224.0178073527995,224.03103216650138,0,288,215.340513,decode,1,2692
1634,224.0178073527995,224.03103216650138,0,299,216.838239,decode,1,253
1635,224.03103216650138,224.04425698020324,0,126,196.05413,decode,1,4039
1635,224.03103216650138,224.04425698020324,0,278,215.040119,decode,1,2257
1635,224.03103216650138,224.04425698020324,0,286,215.244977,decode,1,2218
1635,224.03103216650138,224.04425698020324,0,288,215.340513,decode,1,2693
1635,224.03103216650138,224.04425698020324,0,299,216.838239,decode,1,254
1636,224.04425698020324,224.0571432339051,0,126,196.05413,decode,1,4040
1636,224.04425698020324,224.0571432339051,0,286,215.244977,decode,1,2219
1636,224.04425698020324,224.0571432339051,0,288,215.340513,decode,1,2694
1636,224.04425698020324,224.0571432339051,0,299,216.838239,decode,1,255
1637,224.0571432339051,224.07002948760694,0,126,196.05413,decode,1,4041
1637,224.0571432339051,224.07002948760694,0,286,215.244977,decode,1,2220
1637,224.0571432339051,224.07002948760694,0,288,215.340513,decode,1,2695
1637,224.0571432339051,224.07002948760694,0,299,216.838239,decode,1,256
1638,224.07002948760694,224.0829157413088,0,126,196.05413,decode,1,4042
1638,224.07002948760694,224.0829157413088,0,286,215.244977,decode,1,2221
1638,224.07002948760694,224.0829157413088,0,288,215.340513,decode,1,2696
1638,224.07002948760694,224.0829157413088,0,299,216.838239,decode,1,257
1639,224.0829157413088,224.09586804301065,0,126,196.05413,decode,1,4043
1639,224.0829157413088,224.09586804301065,0,286,215.244977,decode,1,2222
1639,224.0829157413088,224.09586804301065,0,288,215.340513,decode,1,2697
1639,224.0829157413088,224.09586804301065,0,299,216.838239,decode,1,258
1640,224.09586804301065,224.1088203447125,0,126,196.05413,decode,1,4044
1640,224.09586804301065,224.1088203447125,0,286,215.244977,decode,1,2223
1640,224.09586804301065,224.1088203447125,0,288,215.340513,decode,1,2698
1640,224.09586804301065,224.1088203447125,0,299,216.838239,decode,1,259
1641,224.1088203447125,224.12177264641437,0,126,196.05413,decode,1,4045
1641,224.1088203447125,224.12177264641437,0,286,215.244977,decode,1,2224
1641,224.1088203447125,224.12177264641437,0,288,215.340513,decode,1,2699
1641,224.1088203447125,224.12177264641437,0,299,216.838239,decode,1,260
1642,224.12177264641437,224.13472494811623,0,126,196.05413,decode,1,4046
1642,224.12177264641437,224.13472494811623,0,286,215.244977,decode,1,2225
1642,224.12177264641437,224.13472494811623,0,288,215.340513,decode,1,2700
1642,224.12177264641437,224.13472494811623,0,299,216.838239,decode,1,261
1643,224.13472494811623,224.1476772498181,0,126,196.05413,decode,1,4047
1643,224.13472494811623,224.1476772498181,0,286,215.244977,decode,1,2226
1643,224.13472494811623,224.1476772498181,0,288,215.340513,decode,1,2701
1643,224.13472494811623,224.1476772498181,0,299,216.838239,decode,1,262
1644,224.1476772498181,224.16062955151995,0,126,196.05413,decode,1,4048
1644,224.1476772498181,224.16062955151995,0,286,215.244977,decode,1,2227
1644,224.1476772498181,224.16062955151995,0,288,215.340513,decode,1,2702
1644,224.1476772498181,224.16062955151995,0,299,216.838239,decode,1,263
1645,224.16062955151995,224.1728586532218,0,126,196.05413,decode,1,4049
1645,224.16062955151995,224.1728586532218,0,286,215.244977,decode,1,2228
1645,224.16062955151995,224.1728586532218,0,288,215.340513,decode,1,2703
1646,224.1728586532218,224.18508775492364,0,126,196.05413,decode,1,4050
1646,224.1728586532218,224.18508775492364,0,286,215.244977,decode,1,2229
1646,224.1728586532218,224.18508775492364,0,288,215.340513,decode,1,2704
1647,224.18508775492364,224.1973168566255,0,126,196.05413,decode,1,4051
1647,224.18508775492364,224.1973168566255,0,286,215.244977,decode,1,2230
1647,224.18508775492364,224.1973168566255,0,288,215.340513,decode,1,2705
1648,224.1973168566255,224.20954595832734,0,126,196.05413,decode,1,4052
1648,224.1973168566255,224.20954595832734,0,286,215.244977,decode,1,2231
1648,224.1973168566255,224.20954595832734,0,288,215.340513,decode,1,2706
1649,224.20954595832734,224.2217750600292,0,126,196.05413,decode,1,4053
1649,224.20954595832734,224.2217750600292,0,286,215.244977,decode,1,2232
1649,224.20954595832734,224.2217750600292,0,288,215.340513,decode,1,2707
1650,224.2217750600292,224.23400416173104,0,126,196.05413,decode,1,4054
1650,224.2217750600292,224.23400416173104,0,286,215.244977,decode,1,2233
1650,224.2217750600292,224.23400416173104,0,288,215.340513,decode,1,2708
1651,224.23400416173104,224.24623326343288,0,126,196.05413,decode,1,4055
1651,224.23400416173104,224.24623326343288,0,286,215.244977,decode,1,2234
1651,224.23400416173104,224.24623326343288,0,288,215.340513,decode,1,2709
1652,224.24623326343288,224.25846236513473,0,126,196.05413,decode,1,4056
1652,224.24623326343288,224.25846236513473,0,286,215.244977,decode,1,2235
1652,224.24623326343288,224.25846236513473,0,288,215.340513,decode,1,2710
1653,224.25846236513473,224.2701025388366,0,126,196.05413,decode,1,4057
1653,224.25846236513473,224.2701025388366,0,288,215.340513,decode,1,2711
1654,224.2701025388366,224.28174271253846,0,126,196.05413,decode,1,4058
1654,224.2701025388366,224.28174271253846,0,288,215.340513,decode,1,2712
1655,224.28174271253846,224.29338288624032,0,126,196.05413,decode,1,4059
1655,224.28174271253846,224.29338288624032,0,288,215.340513,decode,1,2713
1656,224.29338288624032,224.3050230599422,0,126,196.05413,decode,1,4060
1656,224.29338288624032,224.3050230599422,0,288,215.340513,decode,1,2714
1657,224.3050230599422,224.31666323364405,0,126,196.05413,decode,1,4061
1657,224.3050230599422,224.31666323364405,0,288,215.340513,decode,1,2715
1658,224.31666323364405,224.3283034073459,0,126,196.05413,decode,1,4062
1658,224.31666323364405,224.3283034073459,0,288,215.340513,decode,1,2716
1659,224.3283034073459,224.33994358104778,0,126,196.05413,decode,1,4063
1659,224.3283034073459,224.33994358104778,0,288,215.340513,decode,1,2717
1660,224.33994358104778,224.35158375474964,0,126,196.05413,decode,1,4064
1660,224.33994358104778,224.35158375474964,0,288,215.340513,decode,1,2718
1661,224.35158375474964,224.3632239284515,0,126,196.05413,decode,1,4065
1661,224.35158375474964,224.3632239284515,0,288,215.340513,decode,1,2719
1662,224.3632239284515,224.37489789415335,0,126,196.05413,decode,1,4066
1662,224.3632239284515,224.37489789415335,0,288,215.340513,decode,1,2720
1663,224.37489789415335,224.3865718598552,0,126,196.05413,decode,1,4067
1663,224.37489789415335,224.3865718598552,0,288,215.340513,decode,1,2721
1664,224.3865718598552,224.39824582555704,0,126,196.05413,decode,1,4068
1664,224.3865718598552,224.39824582555704,0,288,215.340513,decode,1,2722
1665,224.39824582555704,224.4099197912589,0,126,196.05413,decode,1,4069
1665,224.39824582555704,224.4099197912589,0,288,215.340513,decode,1,2723
1666,224.4099197912589,224.42159375696073,0,126,196.05413,decode,1,4070
1666,224.4099197912589,224.42159375696073,0,288,215.340513,decode,1,2724
1667,224.42159375696073,224.43326772266258,0,126,196.05413,decode,1,4071
1667,224.42159375696073,224.43326772266258,0,288,215.340513,decode,1,2725
1668,224.43326772266258,224.44494168836442,0,126,196.05413,decode,1,4072
1668,224.43326772266258,224.44494168836442,0,288,215.340513,decode,1,2726
1669,224.44494168836442,224.45661565406627,0,126,196.05413,decode,1,4073
1669,224.44494168836442,224.45661565406627,0,288,215.340513,decode,1,2727
1670,224.45661565406627,224.46828961976811,0,126,196.05413,decode,1,4074
1670,224.45661565406627,224.46828961976811,0,288,215.340513,decode,1,2728
1671,224.46828961976811,224.47996358546996,0,126,196.05413,decode,1,4075
1671,224.46828961976811,224.47996358546996,0,288,215.340513,decode,1,2729
1672,224.47996358546996,224.4916375511718,0,126,196.05413,decode,1,4076
1672,224.47996358546996,224.4916375511718,0,288,215.340513,decode,1,2730
1673,224.4916375511718,224.50331151687365,0,126,196.05413,decode,1,4077
1673,224.4916375511718,224.50331151687365,0,288,215.340513,decode,1,2731
1674,224.50331151687365,224.5149854825755,0,126,196.05413,decode,1,4078
1674,224.50331151687365,224.5149854825755,0,288,215.340513,decode,1,2732
1675,224.5149854825755,224.52665944827734,0,126,196.05413,decode,1,4079
1675,224.5149854825755,224.52665944827734,0,288,215.340513,decode,1,2733
1676,224.52665944827734,224.5383334139792,0,126,196.05413,decode,1,4080
1676,224.52665944827734,224.5383334139792,0,288,215.340513,decode,1,2734
1677,224.5383334139792,224.55000737968103,0,126,196.05413,decode,1,4081
1677,224.5383334139792,224.55000737968103,0,288,215.340513,decode,1,2735
1678,224.55000737968103,224.56168134538288,0,126,196.05413,decode,1,4082
1678,224.55000737968103,224.56168134538288,0,288,215.340513,decode,1,2736
1679,224.56168134538288,224.57335531108473,0,126,196.05413,decode,1,4083
1679,224.56168134538288,224.57335531108473,0,288,215.340513,decode,1,2737
1680,224.57335531108473,224.58502927678657,0,126,196.05413,decode,1,4084
1680,224.57335531108473,224.58502927678657,0,288,215.340513,decode,1,2738
1681,224.58502927678657,224.59670324248842,0,126,196.05413,decode,1,4085
1681,224.58502927678657,224.59670324248842,0,288,215.340513,decode,1,2739
1682,224.59670324248842,224.60837720819026,0,126,196.05413,decode,1,4086
1682,224.59670324248842,224.60837720819026,0,288,215.340513,decode,1,2740
1683,224.60837720819026,224.6200511738921,0,126,196.05413,decode,1,4087
1683,224.60837720819026,224.6200511738921,0,288,215.340513,decode,1,2741
1684,224.6200511738921,224.63172513959395,0,126,196.05413,decode,1,4088
1684,224.6200511738921,224.63172513959395,0,288,215.340513,decode,1,2742
1685,224.63172513959395,224.6433991052958,0,126,196.05413,decode,1,4089
1685,224.63172513959395,224.6433991052958,0,288,215.340513,decode,1,2743
1686,224.6433991052958,224.65507307099764,0,126,196.05413,decode,1,4090
1686,224.6433991052958,224.65507307099764,0,288,215.340513,decode,1,2744
1687,224.65507307099764,224.6667470366995,0,126,196.05413,decode,1,4091
1687,224.65507307099764,224.6667470366995,0,288,215.340513,decode,1,2745
1688,224.6667470366995,224.67842100240134,0,126,196.05413,decode,1,4092
1688,224.6667470366995,224.67842100240134,0,288,215.340513,decode,1,2746
1689,224.67842100240134,224.69009496810318,0,126,196.05413,decode,1,4093
1689,224.67842100240134,224.69009496810318,0,288,215.340513,decode,1,2747
1690,224.69009496810318,224.70176893380503,0,126,196.05413,decode,1,4094
1690,224.69009496810318,224.70176893380503,0,288,215.340513,decode,1,2748
1691,224.70176893380503,224.71344289950687,0,126,196.05413,decode,1,4095
1691,224.70176893380503,224.71344289950687,0,288,215.340513,decode,1,2749
1692,224.71344289950687,224.72380422520874,0,288,215.340513,decode,1,2750
1693,224.72380422520874,224.7341655509106,0,288,215.340513,decode,1,2751
1694,224.7341655509106,224.74452687661247,0,288,215.340513,decode,1,2752
1695,224.74452687661247,224.75491393031433,0,288,215.340513,decode,1,2753
1696,224.75491393031433,224.7653009840162,0,288,215.340513,decode,1,2754
1697,224.7653009840162,224.77568803771806,0,288,215.340513,decode,1,2755
1698,224.77568803771806,224.78607509141992,0,288,215.340513,decode,1,2756
1699,224.78607509141992,224.79646214512178,0,288,215.340513,decode,1,2757
1700,224.79646214512178,224.80684919882364,0,288,215.340513,decode,1,2758
1701,224.80684919882364,224.8172362525255,0,288,215.340513,decode,1,2759
1702,224.8172362525255,224.82762330622737,0,288,215.340513,decode,1,2760
1703,224.82762330622737,224.83801035992923,0,288,215.340513,decode,1,2761
1704,224.83801035992923,224.8483974136311,0,288,215.340513,decode,1,2762
1705,224.8483974136311,224.85878446733295,0,288,215.340513,decode,1,2763
1706,224.85878446733295,224.86917152103481,0,288,215.340513,decode,1,2764
1707,224.86917152103481,224.87955857473668,0,288,215.340513,decode,1,2765
1708,224.87955857473668,224.88994562843854,0,288,215.340513,decode,1,2766
1709,224.88994562843854,224.9003326821404,0,288,215.340513,decode,1,2767
1710,224.9003326821404,224.91071973584226,0,288,215.340513,decode,1,2768
1711,224.91071973584226,224.92110678954413,0,288,215.340513,decode,1,2769
1712,224.92110678954413,224.931493843246,0,288,215.340513,decode,1,2770
1713,224.931493843246,224.94188089694785,0,288,215.340513,decode,1,2771
1714,224.94188089694785,224.9522679506497,0,288,215.340513,decode,1,2772
1715,224.9522679506497,224.96265500435157,0,288,215.340513,decode,1,2773
1716,224.96265500435157,224.97304205805344,0,288,215.340513,decode,1,2774
1717,224.97304205805344,224.9834291117553,0,288,215.340513,decode,1,2775
1718,224.9834291117553,224.99381616545716,0,288,215.340513,decode,1,2776
1719,224.99381616545716,225.00420321915902,0,288,215.340513,decode,1,2777
1720,225.00420321915902,225.0145902728609,0,288,215.340513,decode,1,2778
1721,225.0145902728609,225.02497732656275,0,288,215.340513,decode,1,2779
1722,225.02497732656275,225.0353643802646,0,288,215.340513,decode,1,2780
