model,batch_id,release_ns,finish_ns
phi2_conv300,0,0.0,61180514.0
phi2_conv300,1,0.0,63331366.0
phi2_conv300,2,0.0,65482218.0
phi2_conv300,3,0.0,67633070.0
phi2_conv300,4,0.0,69783922.0
phi2_conv300,5,0.0,71934774.0
phi2_conv300,6,0.0,74085626.0
phi2_conv300,7,0.0,76236478.0
phi2_conv300,8,0.0,78387330.0
phi2_conv300,9,0.0,80538182.0
phi2_conv300,10,0.0,82689034.0
phi2_conv300,11,0.0,84839886.0
phi2_conv300,12,0.0,86990738.0
phi2_conv300,13,0.0,89141590.0
phi2_conv300,14,0.0,91292442.0
phi2_conv300,15,0.0,93443294.0
phi2_conv300,16,0.0,95594146.0
phi2_conv300,17,0.0,97744998.0
phi2_conv300,18,0.0,99895850.0
phi2_conv300,19,0.0,102046702.0
phi2_conv300,20,0.0,104197554.0
phi2_conv300,21,0.0,106348406.0
phi2_conv300,22,0.0,108499258.0
phi2_conv300,23,0.0,110650110.0
phi2_conv300,24,0.0,112800962.0
phi2_conv300,25,0.0,114951814.0
phi2_conv300,26,0.0,117102666.0
phi2_conv300,27,0.0,119253518.0
phi2_conv300,28,0.0,121404370.0
phi2_conv300,29,0.0,123555222.0
phi2_conv300,30,0.0,125706074.0
phi2_conv300,31,0.0,127856926.0
phi2_conv300,32,0.0,130007778.0
phi2_conv300,33,0.0,132158630.0
phi2_conv300,34,0.0,134356586.0
phi2_conv300,35,0.0,136554542.0
phi2_conv300,36,0.0,138752498.0
phi2_conv300,37,0.0,140950454.0
phi2_conv300,38,0.0,143148410.0
phi2_conv300,39,0.0,145346366.0
phi2_conv300,40,0.0,147544322.0
phi2_conv300,41,0.0,149742278.0
phi2_conv300,42,0.0,151940234.0
phi2_conv300,43,0.0,154138190.0
phi2_conv300,44,4314579000.0,4379581555.0
phi2_conv300,45,4314579000.0,4381732407.0
phi2_conv300,46,4314579000.0,4383883259.0
phi2_conv300,47,4314579000.0,4386034111.0
phi2_conv300,48,4314579000.0,4388184963.0
phi2_conv300,49,4314579000.0,4390335815.0
phi2_conv300,50,4314579000.0,4392486667.0
phi2_conv300,51,4314579000.0,4394637519.0
phi2_conv300,52,4314579000.0,4396788371.0
phi2_conv300,53,4314579000.0,4398939223.0
phi2_conv300,54,4314579000.0,4401090075.0
phi2_conv300,55,4314579000.0,4403240927.0
phi2_conv300,56,4314579000.0,4405438883.0
phi2_conv300,57,4314579000.0,4407636839.0
phi2_conv300,58,4314579000.0,4409834795.0
phi2_conv300,59,4314579000.0,4412032751.0
phi2_conv300,60,4314579000.0,4414230707.0
phi2_conv300,61,4314579000.0,4416428663.0
phi2_conv300,62,4314579000.0,4418626619.0
phi2_conv300,63,4314579000.0,4420824575.0
phi2_conv300,64,4314579000.0,4423022531.0
phi2_conv300,65,4314579000.0,4425220487.0
phi2_conv300,66,4314579000.0,4427418443.0
phi2_conv300,67,4314579000.0,4429616399.0
phi2_conv300,68,4314579000.0,4431814355.0
phi2_conv300,69,4314579000.0,4434012311.0
phi2_conv300,70,4314579000.0,4436210267.0
phi2_conv300,71,4314579000.0,4438408223.0
phi2_conv300,72,4314579000.0,4440606179.0
phi2_conv300,73,4314579000.0,4442804135.0
phi2_conv300,74,4314579000.0,4445002091.0
phi2_conv300,75,4314579000.0,4447200047.0
phi2_conv300,76,4314579000.0,4449398003.0
phi2_conv300,77,4314579000.0,4451595959.0
phi2_conv300,78,4314579000.0,4453793915.0
phi2_conv300,79,4314579000.0,4455991871.0
phi2_conv300,80,4314579000.0,4458189827.0
phi2_conv300,81,4314579000.0,4460387783.0
phi2_conv300,82,4314579000.0,4462585739.0
phi2_conv300,83,4314579000.0,4464783695.0
phi2_conv300,84,4314579000.0,4466981651.0
phi2_conv300,85,4314579000.0,4469179607.0
phi2_conv300,86,4314579000.0,4471377563.0
phi2_conv300,87,4314579000.0,4473575519.0
phi2_conv300,88,4541877000.0,4627092385.0
phi2_conv300,89,4541877000.0,4690630730.0
phi2_conv300,90,4541877000.0,4693167694.0
phi2_conv300,91,4541877000.0,4695704658.0
phi2_conv300,92,4541877000.0,4698241622.0
phi2_conv300,93,4541877000.0,4700778586.0
phi2_conv300,94,4541877000.0,4703315550.0
phi2_conv300,95,4541877000.0,4705852514.0
phi2_conv300,96,4541877000.0,4708389478.0
phi2_conv300,97,4541877000.0,4710926442.0
phi2_conv300,98,4541877000.0,4713463406.0
phi2_conv300,99,4541877000.0,4716000370.0
phi2_conv300,100,4541877000.0,4718537334.0
phi2_conv300,101,4541877000.0,4721074298.0
phi2_conv300,102,4541877000.0,4723611262.0
phi2_conv300,103,4541877000.0,4726148226.0
phi2_conv300,104,4541877000.0,4728685190.0
phi2_conv300,105,4541877000.0,4731222154.0
phi2_conv300,106,4541877000.0,4733759118.0
phi2_conv300,107,4541877000.0,4736296082.0
phi2_conv300,108,4541877000.0,4738833046.0
phi2_conv300,109,4541877000.0,4741370010.0
phi2_conv300,110,4541877000.0,4743906974.0
phi2_conv300,111,4541877000.0,4746443938.0
phi2_conv300,112,4541877000.0,4748980902.0
phi2_conv300,113,4541877000.0,4751517866.0
phi2_conv300,114,4541877000.0,4754054830.0
phi2_conv300,115,4541877000.0,4756591794.0
phi2_conv300,116,4541877000.0,4759128758.0
phi2_conv300,117,4710427000.0,4774539002.0
phi2_conv300,118,4710427000.0,4777316670.0
phi2_conv300,119,4710427000.0,4780094338.0
phi2_conv300,120,4710427000.0,4782872006.0
phi2_conv300,121,4710427000.0,4785649674.0
phi2_conv300,122,4710427000.0,4788427342.0
phi2_conv300,123,4710427000.0,4791205010.0
phi2_conv300,124,4710427000.0,4793982678.0
phi2_conv300,125,4710427000.0,4796760346.0
phi2_conv300,126,4710427000.0,4799538014.0
phi2_conv300,127,4710427000.0,4802315682.0
phi2_conv300,128,4710427000.0,4805093350.0
phi2_conv300,129,4710427000.0,4807871018.0
phi2_conv300,130,4710427000.0,4810648686.0
phi2_conv300,131,4710427000.0,4813426354.0
phi2_conv300,132,4710427000.0,4816204022.0
phi2_conv300,133,4541877000.0,4818740986.0
phi2_conv300,134,4541877000.0,4821277950.0
phi2_conv300,135,4541877000.0,4823814914.0
phi2_conv300,136,4541877000.0,4826351878.0
phi2_conv300,137,4541877000.0,4828888842.0
phi2_conv300,138,4541877000.0,4831425806.0
phi2_conv300,139,4541877000.0,4833962770.0
phi2_conv300,140,4541877000.0,4836499734.0
phi2_conv300,141,4541877000.0,4839036698.0
phi2_conv300,142,4541877000.0,4841573662.0
phi2_conv300,143,4541877000.0,4844110626.0
phi2_conv300,144,4314579000.0,4846308582.0
phi2_conv300,145,4314579000.0,4848506538.0
phi2_conv300,146,4314579000.0,4850704494.0
phi2_conv300,147,4314579000.0,4852902450.0
phi2_conv300,148,4314579000.0,4855100406.0
phi2_conv300,149,4314579000.0,4857298362.0
phi2_conv300,150,4314579000.0,4859496318.0
phi2_conv300,151,4314579000.0,4861694274.0
phi2_conv300,152,4314579000.0,4863892230.0
phi2_conv300,153,5892655000.0,5907433340.0
phi2_conv300,154,5892655000.0,5909582144.0
phi2_conv300,155,5892655000.0,5911730948.0
phi2_conv300,156,5892655000.0,5913879752.0
phi2_conv300,157,5892655000.0,5916028556.0
phi2_conv300,158,5892655000.0,5918177360.0
phi2_conv300,159,5892655000.0,5920326164.0
phi2_conv300,160,5892655000.0,5922474968.0
phi2_conv300,161,5892655000.0,5924623772.0
phi2_conv300,162,5892655000.0,5926772576.0
phi2_conv300,163,5892655000.0,5928921380.0
phi2_conv300,164,5892655000.0,5931070184.0
phi2_conv300,165,5892655000.0,5933218988.0
phi2_conv300,166,5892655000.0,5935367792.0
phi2_conv300,167,5892655000.0,5937516596.0
phi2_conv300,168,5892655000.0,5939665400.0
phi2_conv300,169,6311529000.0,6374033393.0
phi2_conv300,170,6311529000.0,6376184245.0
phi2_conv300,171,6311529000.0,6378335097.0
phi2_conv300,172,6311529000.0,6380485949.0
phi2_conv300,173,6311529000.0,6382636801.0
phi2_conv300,174,6311529000.0,6384787653.0
phi2_conv300,175,6311529000.0,6386938505.0
phi2_conv300,176,6311529000.0,6389089357.0
phi2_conv300,177,6311529000.0,6391240209.0
phi2_conv300,178,6311529000.0,6393391061.0
phi2_conv300,179,6311529000.0,6395541913.0
phi2_conv300,180,6311529000.0,6397692765.0
phi2_conv300,181,6311529000.0,6399843617.0
phi2_conv300,182,6311529000.0,6401994469.0
phi2_conv300,183,6311529000.0,6404145321.0
phi2_conv300,184,6311529000.0,6406296173.0
phi2_conv300,185,6311529000.0,6408447025.0
phi2_conv300,186,6311529000.0,6410597877.0
phi2_conv300,187,6311529000.0,6412748729.0
phi2_conv300,188,6311529000.0,6414899581.0
phi2_conv300,189,6311529000.0,6417050433.0
phi2_conv300,190,6311529000.0,6419201285.0
phi2_conv300,191,6311529000.0,6421352137.0
phi2_conv300,192,6311529000.0,6423502989.0
phi2_conv300,193,6311529000.0,6425653841.0
phi2_conv300,194,6311529000.0,6427804693.0
phi2_conv300,195,6311529000.0,6429955545.0
phi2_conv300,196,6311529000.0,6432153501.0
phi2_conv300,197,6311529000.0,6434351457.0
phi2_conv300,198,6311529000.0,6436549413.0
phi2_conv300,199,6311529000.0,6438747369.0
phi2_conv300,200,6311529000.0,6440945325.0
phi2_conv300,201,6311529000.0,6443143281.0
phi2_conv300,202,6311529000.0,6445341237.0
phi2_conv300,203,6311529000.0,6447539193.0
phi2_conv300,204,6311529000.0,6449737149.0
phi2_conv300,205,6311529000.0,6451935105.0
phi2_conv300,206,6311529000.0,6454133061.0
phi2_conv300,207,6311529000.0,6456331017.0
phi2_conv300,208,6311529000.0,6458528973.0
phi2_conv300,209,6311529000.0,6460726929.0
phi2_conv300,210,6311529000.0,6462924885.0
phi2_conv300,211,6311529000.0,6465122841.0
phi2_conv300,212,6311529000.0,6467320797.0
phi2_conv300,213,6311529000.0,6469518753.0
phi2_conv300,214,6311529000.0,6471716709.0
phi2_conv300,215,6311529000.0,6473914665.0
phi2_conv300,216,6311529000.0,6476112621.0
phi2_conv300,217,6311529000.0,6478310577.0
phi2_conv300,218,6311529000.0,6480508533.0
phi2_conv300,219,6311529000.0,6482706489.0
phi2_conv300,220,6311529000.0,6484904445.0
phi2_conv300,221,6311529000.0,6487102401.0
phi2_conv300,222,6311529000.0,6489300357.0
phi2_conv300,223,6311529000.0,6491498313.0
phi2_conv300,224,6311529000.0,6493696269.0
phi2_conv300,225,6311529000.0,6495894225.0
phi2_conv300,226,6311529000.0,6498092181.0
phi2_conv300,227,6311529000.0,6500290137.0
phi2_conv300,228,6311529000.0,6502488093.0
phi2_conv300,229,6311529000.0,6504686049.0
phi2_conv300,230,6311529000.0,6506884005.0
phi2_conv300,231,6311529000.0,6509081961.0
phi2_conv300,232,6311529000.0,6511279917.0
phi2_conv300,233,6311529000.0,6513477873.0
phi2_conv300,234,6311529000.0,6515675829.0
phi2_conv300,235,6311529000.0,6517873785.0
phi2_conv300,236,6311529000.0,6520071741.0
phi2_conv300,237,6311529000.0,6522269697.0
phi2_conv300,238,6311529000.0,6524467653.0
phi2_conv300,239,6311529000.0,6526665609.0
phi2_conv300,240,6311529000.0,6528863565.0
phi2_conv300,241,6311529000.0,6531061521.0
phi2_conv300,242,6311529000.0,6533259477.0
phi2_conv300,243,6311529000.0,6535457433.0
phi2_conv300,244,6311529000.0,6537655389.0
phi2_conv300,245,6311529000.0,6539853345.0
phi2_conv300,246,6311529000.0,6542051301.0
phi2_conv300,247,6311529000.0,6544249257.0
phi2_conv300,248,6311529000.0,6546447213.0
phi2_conv300,249,6311529000.0,6548645169.0
phi2_conv300,250,6311529000.0,6550843125.0
phi2_conv300,251,6311529000.0,6553041081.0
phi2_conv300,252,6311529000.0,6555239037.0
phi2_conv300,253,7745497000.0,7830582720.0
phi2_conv300,254,7745497000.0,7919010776.0
phi2_conv300,255,7745497000.0,7970666024.0
phi2_conv300,256,7745497000.0,7972964332.0
phi2_conv300,257,7745497000.0,7975262640.0
phi2_conv300,258,7745497000.0,7977560948.0
phi2_conv300,259,7745497000.0,7979859256.0
phi2_conv300,260,7745497000.0,7982157564.0
phi2_conv300,261,7745497000.0,7984455872.0
phi2_conv300,262,7745497000.0,7986754180.0
phi2_conv300,263,7745497000.0,7989052488.0
phi2_conv300,264,7745497000.0,7991350796.0
phi2_conv300,265,7745497000.0,7993649104.0
phi2_conv300,266,7745497000.0,7995947412.0
phi2_conv300,267,7745497000.0,7998245720.0
phi2_conv300,268,7745497000.0,8000544028.0
phi2_conv300,269,7745497000.0,8002842336.0
phi2_conv300,270,7745497000.0,8005140644.0
phi2_conv300,271,7745497000.0,8007438952.0
phi2_conv300,272,7745497000.0,8009737260.0
phi2_conv300,273,7745497000.0,8012035568.0
phi2_conv300,274,7745497000.0,8014333876.0
phi2_conv300,275,7745497000.0,8016632184.0
phi2_conv300,276,7745497000.0,8018930492.0
phi2_conv300,277,7745497000.0,8021228800.0
phi2_conv300,278,7745497000.0,8023527108.0
phi2_conv300,279,7745497000.0,8025825416.0
phi2_conv300,280,7745497000.0,8028123724.0
phi2_conv300,281,7745497000.0,8030422032.0
phi2_conv300,282,7745497000.0,8032720340.0
phi2_conv300,283,7745497000.0,8035018648.0
phi2_conv300,284,7745497000.0,8037316956.0
phi2_conv300,285,7745497000.0,8039615264.0
phi2_conv300,286,7745497000.0,8041913572.0
phi2_conv300,287,7745497000.0,8044211880.0
phi2_conv300,288,7745497000.0,8046510188.0
phi2_conv300,289,7745497000.0,8048808496.0
phi2_conv300,290,7745497000.0,8051106804.0
phi2_conv300,291,7745497000.0,8053405112.0
phi2_conv300,292,7745497000.0,8055703420.0
phi2_conv300,293,7745497000.0,8058001728.0
phi2_conv300,294,7745497000.0,8060300036.0
phi2_conv300,295,7745497000.0,8062598344.0
phi2_conv300,296,7745497000.0,8064896652.0
phi2_conv300,297,7745497000.0,8067194960.0
phi2_conv300,298,7745497000.0,8069493268.0
phi2_conv300,299,7745497000.0,8071791576.0
phi2_conv300,300,7745497000.0,8074089884.0
phi2_conv300,301,7745497000.0,8076388192.0
phi2_conv300,302,7745497000.0,8078735652.0
phi2_conv300,303,7745497000.0,8081033960.0
phi2_conv300,304,7745497000.0,8083381420.0
phi2_conv300,305,7745497000.0,8085679728.0
phi2_conv300,306,7745497000.0,8088027188.0
phi2_conv300,307,7745497000.0,8090325496.0
phi2_conv300,308,7745497000.0,8092672956.0
phi2_conv300,309,7745497000.0,8094971264.0
phi2_conv300,310,7745497000.0,8097318724.0
phi2_conv300,311,7745497000.0,8099617032.0
phi2_conv300,312,7745497000.0,8101964492.0
phi2_conv300,313,7745497000.0,8104262800.0
phi2_conv300,314,7745497000.0,8106610260.0
phi2_conv300,315,7745497000.0,8108908568.0
phi2_conv300,316,7745497000.0,8111256028.0
phi2_conv300,317,7745497000.0,8113554336.0
phi2_conv300,318,7745497000.0,8115901796.0
phi2_conv300,319,7745497000.0,8118200104.0
phi2_conv300,320,7745497000.0,8120547564.0
phi2_conv300,321,7745497000.0,8122845872.0
phi2_conv300,322,7745497000.0,8125193332.0
phi2_conv300,323,7745497000.0,8127491640.0
phi2_conv300,324,7745497000.0,8129839100.0
phi2_conv300,325,7745497000.0,8132137408.0
phi2_conv300,326,7745497000.0,8134484868.0
phi2_conv300,327,7745497000.0,8136783176.0
phi2_conv300,328,7745497000.0,8139130636.0
phi2_conv300,329,7745497000.0,8141428944.0
phi2_conv300,330,7745497000.0,8143776404.0
phi2_conv300,331,7745497000.0,8146074712.0
phi2_conv300,332,7745497000.0,8148422172.0
phi2_conv300,333,7745497000.0,8150720480.0
phi2_conv300,334,7745497000.0,8153067940.0
phi2_conv300,335,7745497000.0,8155366248.0
phi2_conv300,336,7745497000.0,8157713708.0
phi2_conv300,337,7745497000.0,8160012016.0
phi2_conv300,338,7745497000.0,8162359476.0
phi2_conv300,339,7745497000.0,8164657784.0
phi2_conv300,340,7745497000.0,8167005244.0
phi2_conv300,341,7745497000.0,8169303552.0
phi2_conv300,342,7745497000.0,8171651012.0
phi2_conv300,343,7745497000.0,8173949320.0
phi2_conv300,344,8251431000.0,8316117358.0
phi2_conv300,345,8251431000.0,8318658418.0
phi2_conv300,346,8251431000.0,8321248630.0
phi2_conv300,347,8251431000.0,8323789690.0
phi2_conv300,348,8251431000.0,8326379902.0
phi2_conv300,349,8251431000.0,8328920962.0
phi2_conv300,350,8251431000.0,8331511174.0
phi2_conv300,351,8251431000.0,8334052234.0
phi2_conv300,352,8251431000.0,8336642446.0
phi2_conv300,353,8251431000.0,8339183506.0
phi2_conv300,354,8251431000.0,8341773718.0
phi2_conv300,355,8251431000.0,8344314778.0
phi2_conv300,356,8251431000.0,8346904990.0
phi2_conv300,357,8251431000.0,8349446050.0
phi2_conv300,358,8251431000.0,8352036262.0
phi2_conv300,359,8337078999.999999,8392205939.0
phi2_conv300,360,8337078999.999999,8395038903.0
phi2_conv300,361,8337078999.999999,8397822715.0
phi2_conv300,362,8337078999.999999,8400655679.0
phi2_conv300,363,8337078999.999999,8403439491.0
phi2_conv300,364,8337078999.999999,8406319559.0
phi2_conv300,365,8337078999.999999,8409150475.0
phi2_conv300,366,8337078999.999999,8412030543.0
phi2_conv300,367,8337078999.999999,8414861459.0
phi2_conv300,368,8337078999.999999,8417741527.0
phi2_conv300,369,8337078999.999999,8420572443.0
phi2_conv300,370,8337078999.999999,8423452511.0
phi2_conv300,371,8337078999.999999,8426283427.0
phi2_conv300,372,8337078999.999999,8429163495.0
phi2_conv300,373,8251431000.0,8431751659.0
phi2_conv300,374,8251431000.0,8434388975.0
phi2_conv300,375,8251431000.0,8436977139.0
phi2_conv300,376,8251431000.0,8439614455.0
phi2_conv300,377,8251431000.0,8442202619.0
phi2_conv300,378,8251431000.0,8444839935.0
phi2_conv300,379,8251431000.0,8447428099.0
phi2_conv300,380,8251431000.0,8450065415.0
phi2_conv300,381,8251431000.0,8452653579.0
phi2_conv300,382,8464985000.0,8500033276.0
phi2_conv300,383,8464985000.0,8502864192.0
phi2_conv300,384,8464985000.0,8505744260.0
phi2_conv300,385,8464985000.0,8508575176.0
phi2_conv300,386,8464985000.0,8511455244.0
phi2_conv300,387,8464985000.0,8514286160.0
phi2_conv300,388,8464985000.0,8517166228.0
phi2_conv300,389,8464985000.0,8519997144.0
phi2_conv300,390,8464985000.0,8522877212.0
phi2_conv300,391,8464985000.0,8525708128.0
phi2_conv300,392,8464985000.0,8528588196.0
phi2_conv300,393,8464985000.0,8531419112.0
phi2_conv300,394,8464985000.0,8534299180.0
phi2_conv300,395,8464985000.0,8537130096.0
phi2_conv300,396,8464985000.0,8540010164.0
phi2_conv300,397,8464985000.0,8542450872.0
phi2_conv300,398,8464985000.0,8544891580.0
phi2_conv300,399,8464985000.0,8547332288.0
phi2_conv300,400,8464985000.0,8549772996.0
phi2_conv300,401,8464985000.0,8552213704.0
phi2_conv300,402,8464985000.0,8554654412.0
phi2_conv300,403,8464985000.0,8557095120.0
phi2_conv300,404,8464985000.0,8559535828.0
phi2_conv300,405,8464985000.0,8561976536.0
phi2_conv300,406,8464985000.0,8564417244.0
phi2_conv300,407,8464985000.0,8566857952.0
phi2_conv300,408,8464985000.0,8569298660.0
phi2_conv300,409,8464985000.0,8571739368.0
phi2_conv300,410,8464985000.0,8574180076.0
phi2_conv300,411,8464985000.0,8576620784.0
phi2_conv300,412,8464985000.0,8579061492.0
phi2_conv300,413,8464985000.0,8581502200.0
phi2_conv300,414,8464985000.0,8583942908.0
phi2_conv300,415,8464985000.0,8586383616.0
phi2_conv300,416,8464985000.0,8588824324.0
phi2_conv300,417,8464985000.0,8591265032.0
phi2_conv300,418,8464985000.0,8593705740.0
phi2_conv300,419,8464985000.0,8596146448.0
phi2_conv300,420,8464985000.0,8598587156.0
phi2_conv300,421,8464985000.0,8601027864.0
phi2_conv300,422,8464985000.0,8603468572.0
phi2_conv300,423,8464985000.0,8605909280.0
phi2_conv300,424,8464985000.0,8608349988.0
phi2_conv300,425,8464985000.0,8610790696.0
phi2_conv300,426,8700213000.0,8765431815.0
phi2_conv300,427,8700213000.0,8768115275.0
phi2_conv300,428,8700213000.0,8770508879.0
phi2_conv300,429,8700213000.0,8772902483.0
phi2_conv300,430,8700213000.0,8775296087.0
phi2_conv300,431,8700213000.0,8777689691.0
phi2_conv300,432,8700213000.0,8780083295.0
phi2_conv300,433,8700213000.0,8782476899.0
phi2_conv300,434,8700213000.0,8784870503.0
phi2_conv300,435,8700213000.0,8787264107.0
phi2_conv300,436,8700213000.0,8789657711.0
phi2_conv300,437,8700213000.0,8792051315.0
phi2_conv300,438,8700213000.0,8794444919.0
phi2_conv300,439,8700213000.0,8796838523.0
phi2_conv300,440,8700213000.0,8799279231.0
phi2_conv300,441,8700213000.0,8801719939.0
phi2_conv300,442,8700213000.0,8804160647.0
phi2_conv300,443,8700213000.0,8806601355.0
phi2_conv300,444,8700213000.0,8809042063.0
phi2_conv300,445,8700213000.0,8811482771.0
phi2_conv300,446,8700213000.0,8813923479.0
phi2_conv300,447,8700213000.0,8816364187.0
phi2_conv300,448,8700213000.0,8818804895.0
phi2_conv300,449,8700213000.0,8821245603.0
phi2_conv300,450,8700213000.0,8823686311.0
phi2_conv300,451,8700213000.0,8826127019.0
phi2_conv300,452,8700213000.0,8828567727.0
phi2_conv300,453,8700213000.0,8831008435.0
phi2_conv300,454,8700213000.0,8833449143.0
phi2_conv300,455,8700213000.0,8835889851.0
phi2_conv300,456,8700213000.0,8838330559.0
phi2_conv300,457,8700213000.0,8840771267.0
phi2_conv300,458,8700213000.0,8843211975.0
phi2_conv300,459,8700213000.0,8845652683.0
phi2_conv300,460,8700213000.0,8848093391.0
phi2_conv300,461,8700213000.0,8850534099.0
phi2_conv300,462,8700213000.0,8852974807.0
phi2_conv300,463,8700213000.0,8855415515.0
phi2_conv300,464,8700213000.0,8857856223.0
phi2_conv300,465,8700213000.0,8860296931.0
phi2_conv300,466,8700213000.0,8862737639.0
phi2_conv300,467,8700213000.0,8865178347.0
phi2_conv300,468,8700213000.0,8867619055.0
phi2_conv300,469,8700213000.0,8870059763.0
phi2_conv300,470,8700213000.0,8872500471.0
phi2_conv300,471,8700213000.0,8874941179.0
phi2_conv300,472,8700213000.0,8877381887.0
phi2_conv300,473,8700213000.0,8879822595.0
phi2_conv300,474,8700213000.0,8882263303.0
phi2_conv300,475,8700213000.0,8884704011.0
phi2_conv300,476,8700213000.0,8887144719.0
phi2_conv300,477,8700213000.0,8889585427.0
phi2_conv300,478,8700213000.0,8892026135.0
phi2_conv300,479,8700213000.0,8894466843.0
phi2_conv300,480,8700213000.0,8896907551.0
phi2_conv300,481,8700213000.0,8899348259.0
phi2_conv300,482,8700213000.0,8901788967.0
phi2_conv300,483,8700213000.0,8904229675.0
phi2_conv300,484,8700213000.0,8906670383.0
phi2_conv300,485,8700213000.0,8909111091.0
phi2_conv300,486,8700213000.0,8911551799.0
phi2_conv300,487,8700213000.0,8913992507.0
phi2_conv300,488,8700213000.0,8916433215.0
phi2_conv300,489,8700213000.0,8918873923.0
phi2_conv300,490,8700213000.0,8921314631.0
phi2_conv300,491,8700213000.0,8923755339.0
phi2_conv300,492,8700213000.0,8926196047.0
phi2_conv300,493,8700213000.0,8928636755.0
phi2_conv300,494,8700213000.0,8931077463.0
phi2_conv300,495,8700213000.0,8933518171.0
phi2_conv300,496,8700213000.0,8935958879.0
phi2_conv300,497,8700213000.0,8938399587.0
phi2_conv300,498,8700213000.0,8940840295.0
phi2_conv300,499,8700213000.0,8943281003.0
phi2_conv300,500,8700213000.0,8945721711.0
phi2_conv300,501,8700213000.0,8948162419.0
phi2_conv300,502,8700213000.0,8950603127.0
phi2_conv300,503,8700213000.0,8953043835.0
phi2_conv300,504,8700213000.0,8955484543.0
phi2_conv300,505,8700213000.0,8957925251.0
phi2_conv300,506,8700213000.0,8960365959.0
phi2_conv300,507,8700213000.0,8962806667.0
phi2_conv300,508,8700213000.0,8965247375.0
phi2_conv300,509,8700213000.0,8967688083.0
phi2_conv300,510,8700213000.0,8970128791.0
phi2_conv300,511,8700213000.0,8972569499.0
phi2_conv300,512,8700213000.0,8975010207.0
phi2_conv300,513,8700213000.0,8977450915.0
phi2_conv300,514,8700213000.0,8979891623.0
phi2_conv300,515,8700213000.0,8982332331.0
phi2_conv300,516,8700213000.0,8984773039.0
phi2_conv300,517,8700213000.0,8987213747.0
phi2_conv300,518,8700213000.0,8989654455.0
phi2_conv300,519,8700213000.0,8992095163.0
phi2_conv300,520,8700213000.0,8994535871.0
phi2_conv300,521,8700213000.0,8996976579.0
phi2_conv300,522,8700213000.0,8999417287.0
phi2_conv300,523,8700213000.0,9001857995.0
phi2_conv300,524,8700213000.0,9004298703.0
phi2_conv300,525,8700213000.0,9006739411.0
phi2_conv300,526,8700213000.0,9009180119.0
phi2_conv300,527,8700213000.0,9011620827.0
phi2_conv300,528,8700213000.0,9014061535.0
phi2_conv300,529,8700213000.0,9016502243.0
phi2_conv300,530,8700213000.0,9018942951.0
phi2_conv300,531,8700213000.0,9021383659.0
phi2_conv300,532,8700213000.0,9023824367.0
phi2_conv300,533,8700213000.0,9026265075.0
phi2_conv300,534,8700213000.0,9028463031.0
phi2_conv300,535,8700213000.0,9030660987.0
phi2_conv300,536,8700213000.0,9032858943.0
phi2_conv300,537,8700213000.0,9035056899.0
phi2_conv300,538,8700213000.0,9037254855.0
phi2_conv300,539,8700213000.0,9039452811.0
phi2_conv300,540,8700213000.0,9041650767.0
phi2_conv300,541,8700213000.0,9043848723.0
phi2_conv300,542,8700213000.0,9046046679.0
phi2_conv300,543,8700213000.0,9048244635.0
phi2_conv300,544,8700213000.0,9050444639.0
phi2_conv300,545,8700213000.0,9052644643.0
phi2_conv300,546,8700213000.0,9054844647.0
phi2_conv300,547,8700213000.0,9057044651.0
phi2_conv300,548,8700213000.0,9059244655.0
phi2_conv300,549,8700213000.0,9061444659.0
phi2_conv300,550,9427468000.0,9492493680.0
phi2_conv300,551,9427468000.0,9494644532.0
phi2_conv300,552,9427468000.0,9496795384.0
phi2_conv300,553,9427468000.0,9498946236.0
phi2_conv300,554,9427468000.0,9501097088.0
phi2_conv300,555,9427468000.0,9503247940.0
phi2_conv300,556,9427468000.0,9505398792.0
phi2_conv300,557,9427468000.0,9507549644.0
phi2_conv300,558,9427468000.0,9509700496.0
phi2_conv300,559,9427468000.0,9511851348.0
phi2_conv300,560,9427468000.0,9514002200.0
phi2_conv300,561,9427468000.0,9516153052.0
phi2_conv300,562,9427468000.0,9518303904.0
phi2_conv300,563,9427468000.0,9520454756.0
phi2_conv300,564,9427468000.0,9522652712.0
phi2_conv300,565,9427468000.0,9524850668.0
phi2_conv300,566,9427468000.0,9527048624.0
phi2_conv300,567,9427468000.0,9529246580.0
phi2_conv300,568,9427468000.0,9531444536.0
phi2_conv300,569,9427468000.0,9533642492.0
phi2_conv300,570,9427468000.0,9535840448.0
phi2_conv300,571,9427468000.0,9538038404.0
phi2_conv300,572,9427468000.0,9540236360.0
phi2_conv300,573,9427468000.0,9542434316.0
phi2_conv300,574,9427468000.0,9544632272.0
phi2_conv300,575,9427468000.0,9546830228.0
phi2_conv300,576,9427468000.0,9549028184.0
phi2_conv300,577,9427468000.0,9551226140.0
phi2_conv300,578,9427468000.0,9553424096.0
phi2_conv300,579,9427468000.0,9555622052.0
phi2_conv300,580,9582558000.0,9667773385.0
phi2_conv300,581,9582558000.0,9756325986.0
phi2_conv300,582,9582558000.0,9808866256.0
phi2_conv300,583,9582558000.0,9811454420.0
phi2_conv300,584,9582558000.0,9814042584.0
phi2_conv300,585,9582558000.0,9816630748.0
phi2_conv300,586,9582558000.0,9819218912.0
phi2_conv300,587,9582558000.0,9821807076.0
phi2_conv300,588,9582558000.0,9824395240.0
phi2_conv300,589,9582558000.0,9826983404.0
phi2_conv300,590,9582558000.0,9829571568.0
phi2_conv300,591,9582558000.0,9832159732.0
phi2_conv300,592,9582558000.0,9834747896.0
phi2_conv300,593,9582558000.0,9837336060.0
phi2_conv300,594,9582558000.0,9839924224.0
phi2_conv300,595,9582558000.0,9842512388.0
phi2_conv300,596,9582558000.0,9845100552.0
phi2_conv300,597,9582558000.0,9847688716.0
phi2_conv300,598,9582558000.0,9850276880.0
phi2_conv300,599,9582558000.0,9852865044.0
phi2_conv300,600,9582558000.0,9855453208.0
phi2_conv300,601,9582558000.0,9858041372.0
phi2_conv300,602,9582558000.0,9860629536.0
phi2_conv300,603,9582558000.0,9863217700.0
phi2_conv300,604,9582558000.0,9865805864.0
phi2_conv300,605,9582558000.0,9868394028.0
phi2_conv300,606,9582558000.0,9870982192.0
phi2_conv300,607,9582558000.0,9873570356.0
phi2_conv300,608,9582558000.0,9876158520.0
phi2_conv300,609,9582558000.0,9878456828.0
phi2_conv300,610,9582558000.0,9880755136.0
phi2_conv300,611,9582558000.0,9883053444.0
phi2_conv300,612,9582558000.0,9885351752.0
phi2_conv300,613,9582558000.0,9887650060.0
phi2_conv300,614,9582558000.0,9889948368.0
phi2_conv300,615,9582558000.0,9892246676.0
phi2_conv300,616,9582558000.0,9894544984.0
phi2_conv300,617,9582558000.0,9896843292.0
phi2_conv300,618,9582558000.0,9899141600.0
phi2_conv300,619,9582558000.0,9901439908.0
phi2_conv300,620,9582558000.0,9903738216.0
phi2_conv300,621,9582558000.0,9906036524.0
phi2_conv300,622,9582558000.0,9908334832.0
phi2_conv300,623,9582558000.0,9910633140.0
phi2_conv300,624,9582558000.0,9912931448.0
phi2_conv300,625,9582558000.0,9915229756.0
phi2_conv300,626,9582558000.0,9917528064.0
phi2_conv300,627,9582558000.0,9919875524.0
phi2_conv300,628,9582558000.0,9922173832.0
phi2_conv300,629,9582558000.0,9924521292.0
phi2_conv300,630,9582558000.0,9926819600.0
phi2_conv300,631,9582558000.0,9929167060.0
phi2_conv300,632,9582558000.0,9931465368.0
phi2_conv300,633,9582558000.0,9933812828.0
phi2_conv300,634,9582558000.0,9936111136.0
phi2_conv300,635,9582558000.0,9938458596.0
phi2_conv300,636,9582558000.0,9940756904.0
phi2_conv300,637,9582558000.0,9943104364.0
phi2_conv300,638,9582558000.0,9945402672.0
phi2_conv300,639,9582558000.0,9947750132.0
phi2_conv300,640,9582558000.0,9950048440.0
phi2_conv300,641,9582558000.0,9952395900.0
phi2_conv300,642,9582558000.0,9954694208.0
phi2_conv300,643,9582558000.0,9957041668.0
phi2_conv300,644,9582558000.0,9959339976.0
phi2_conv300,645,9582558000.0,9961687436.0
phi2_conv300,646,9582558000.0,9963985744.0
phi2_conv300,647,9582558000.0,9966333204.0
phi2_conv300,648,9582558000.0,9968631512.0
phi2_conv300,649,9582558000.0,9970978972.0
phi2_conv300,650,9582558000.0,9973277280.0
phi2_conv300,651,9582558000.0,9975624740.0
phi2_conv300,652,9582558000.0,9977923048.0
phi2_conv300,653,9582558000.0,9980270508.0
phi2_conv300,654,9582558000.0,9982568816.0
phi2_conv300,655,9582558000.0,9984916276.0
phi2_conv300,656,9582558000.0,9987214584.0
phi2_conv300,657,9582558000.0,9989562044.0
phi2_conv300,658,9582558000.0,9991860352.0
phi2_conv300,659,9582558000.0,9994207812.0
phi2_conv300,660,9582558000.0,9996506120.0
phi2_conv300,661,9582558000.0,9998853580.0
phi2_conv300,662,9582558000.0,10001151888.0
phi2_conv300,663,9582558000.0,10003499348.0
phi2_conv300,664,9582558000.0,10005797656.0
phi2_conv300,665,9582558000.0,10008145116.0
phi2_conv300,666,9582558000.0,10010443424.0
phi2_conv300,667,9582558000.0,10012790884.0
phi2_conv300,668,9582558000.0,10015089192.0
phi2_conv300,669,9582558000.0,10017436652.0
phi2_conv300,670,9582558000.0,10019734960.0
phi2_conv300,671,9582558000.0,10022082420.0
phi2_conv300,672,9582558000.0,10024380728.0
phi2_conv300,673,10106379000.0,10191743889.0
phi2_conv300,674,10106379000.0,10280396842.0
phi2_conv300,675,10106379000.0,10372959427.0
phi2_conv300,676,10106379000.0,10468810076.0
phi2_conv300,677,10106379000.0,10503255511.0
phi2_conv300,678,10106379000.0,10506042331.0
phi2_conv300,679,10106379000.0,10508966367.0
phi2_conv300,680,10106379000.0,10511841251.0
phi2_conv300,681,10106379000.0,10514677223.0
phi2_conv300,682,10106379000.0,10517552107.0
phi2_conv300,683,10106379000.0,10520476143.0
phi2_conv300,684,10106379000.0,10523262963.0
phi2_conv300,685,10106379000.0,10526186999.0
phi2_conv300,686,10106379000.0,10529061883.0
phi2_conv300,687,10106379000.0,10531897855.0
phi2_conv300,688,10106379000.0,10534733827.0
phi2_conv300,689,10106379000.0,10537657863.0
phi2_conv300,690,10106379000.0,10540444683.0
phi2_conv300,691,10106379000.0,10543368719.0
phi2_conv300,692,9582558000.0,10545667027.0
phi2_conv300,693,9582558000.0,10548014487.0
phi2_conv300,694,9582558000.0,10550312795.0
phi2_conv300,695,9582558000.0,10552660255.0
phi2_conv300,696,9582558000.0,10554958563.0
phi2_conv300,697,9582558000.0,10557306023.0
phi2_conv300,698,9582558000.0,10559604331.0
phi2_conv300,699,9582558000.0,10561951791.0
phi2_conv300,700,9582558000.0,10564250099.0
phi2_conv300,701,9582558000.0,10566597559.0
phi2_conv300,702,9582558000.0,10568895867.0
phi2_conv300,703,9582558000.0,10571243327.0
phi2_conv300,704,9582558000.0,10573541635.0
phi2_conv300,705,9582558000.0,10575889095.0
phi2_conv300,706,9582558000.0,10578187403.0
phi2_conv300,707,9582558000.0,10580534863.0
phi2_conv300,708,9582558000.0,10582833171.0
phi2_conv300,709,9582558000.0,10585180631.0
phi2_conv300,710,9582558000.0,10587478939.0
phi2_conv300,711,9582558000.0,10589826399.0
phi2_conv300,712,9582558000.0,10592124707.0
phi2_conv300,713,9582558000.0,10594472167.0
phi2_conv300,714,9582558000.0,10596770475.0
phi2_conv300,715,9582558000.0,10599117935.0
phi2_conv300,716,9582558000.0,10601416243.0
phi2_conv300,717,9582558000.0,10603763703.0
phi2_conv300,718,9582558000.0,10606062011.0
phi2_conv300,719,9582558000.0,10608409471.0
phi2_conv300,720,9582558000.0,10610707779.0
phi2_conv300,721,9582558000.0,10613055239.0
phi2_conv300,722,9582558000.0,10615353547.0
phi2_conv300,723,9582558000.0,10617701007.0
phi2_conv300,724,9582558000.0,10619999315.0
phi2_conv300,725,9582558000.0,10622346775.0
phi2_conv300,726,9582558000.0,10624645083.0
phi2_conv300,727,9582558000.0,10626992543.0
phi2_conv300,728,9582558000.0,10629290851.0
phi2_conv300,729,9582558000.0,10631638311.0
phi2_conv300,730,9582558000.0,10633936619.0
phi2_conv300,731,9582558000.0,10636284079.0
phi2_conv300,732,9582558000.0,10638582387.0
phi2_conv300,733,9582558000.0,10640929847.0
phi2_conv300,734,9582558000.0,10643228155.0
phi2_conv300,735,9582558000.0,10645575615.0
phi2_conv300,736,9582558000.0,10647873923.0
phi2_conv300,737,9582558000.0,10650221383.0
phi2_conv300,738,9582558000.0,10652519691.0
phi2_conv300,739,9582558000.0,10654867151.0
phi2_conv300,740,9582558000.0,10657165459.0
phi2_conv300,741,9582558000.0,10659512919.0
phi2_conv300,742,9582558000.0,10661811227.0
phi2_conv300,743,9582558000.0,10664158687.0
phi2_conv300,744,10546126000.0,10728336603.0
phi2_conv300,745,10546126000.0,10730926815.0
phi2_conv300,746,10546126000.0,10733467875.0
phi2_conv300,747,10546126000.0,10736058087.0
phi2_conv300,748,10546126000.0,10738599147.0
phi2_conv300,749,10546126000.0,10741189359.0
phi2_conv300,750,10546126000.0,10743730419.0
phi2_conv300,751,10546126000.0,10746320631.0
phi2_conv300,752,10546126000.0,10748861691.0
phi2_conv300,753,10546126000.0,10751451903.0
phi2_conv300,754,10546126000.0,10753992963.0
phi2_conv300,755,10546126000.0,10756583175.0
phi2_conv300,756,10546126000.0,10758734027.0
phi2_conv300,757,10546126000.0,10760884879.0
phi2_conv300,758,10546126000.0,10763035731.0
phi2_conv300,759,10546126000.0,10765186583.0
phi2_conv300,760,10546126000.0,10767337435.0
phi2_conv300,761,10546126000.0,10769488287.0
phi2_conv300,762,10546126000.0,10771639139.0
phi2_conv300,763,10546126000.0,10773837095.0
phi2_conv300,764,10546126000.0,10776035051.0
phi2_conv300,765,10546126000.0,10778233007.0
phi2_conv300,766,10546126000.0,10780430963.0
phi2_conv300,767,10546126000.0,10782628919.0
phi2_conv300,768,10546126000.0,10784826875.0
phi2_conv300,769,10546126000.0,10787024831.0
phi2_conv300,770,10546126000.0,10789222787.0
phi2_conv300,771,10546126000.0,10791420743.0
phi2_conv300,772,10546126000.0,10793618699.0
phi2_conv300,773,10546126000.0,10795816655.0
phi2_conv300,774,10546126000.0,10798014611.0
phi2_conv300,775,10546126000.0,10800212567.0
phi2_conv300,776,10546126000.0,10802410523.0
phi2_conv300,777,10546126000.0,10804608479.0
phi2_conv300,778,10546126000.0,10806806435.0
phi2_conv300,779,10546126000.0,10809004391.0
phi2_conv300,780,10546126000.0,10811202347.0
phi2_conv300,781,10546126000.0,10813400303.0
phi2_conv300,782,10546126000.0,10815598259.0
phi2_conv300,783,10546126000.0,10817796215.0
phi2_conv300,784,10546126000.0,10819994171.0
phi2_conv300,785,10546126000.0,10822192127.0
phi2_conv300,786,10546126000.0,10824390083.0
phi2_conv300,787,10546126000.0,10826588039.0
phi2_conv300,788,10546126000.0,10828785995.0
phi2_conv300,789,10546126000.0,10830983951.0
phi2_conv300,790,10546126000.0,10833181907.0
phi2_conv300,791,10546126000.0,10835379863.0
phi2_conv300,792,10546126000.0,10837577819.0
phi2_conv300,793,10546126000.0,10839775775.0
phi2_conv300,794,10546126000.0,10841973731.0
phi2_conv300,795,10546126000.0,10844171687.0
phi2_conv300,796,10546126000.0,10846369643.0
phi2_conv300,797,10546126000.0,10848567599.0
phi2_conv300,798,10546126000.0,10850765555.0
phi2_conv300,799,10546126000.0,10852963511.0
phi2_conv300,800,10546126000.0,10855161467.0
phi2_conv300,801,10546126000.0,10857359423.0
phi2_conv300,802,10546126000.0,10859557379.0
phi2_conv300,803,10546126000.0,10861755335.0
phi2_conv300,804,10546126000.0,10863953291.0
phi2_conv300,805,10546126000.0,10866151247.0
phi2_conv300,806,10546126000.0,10868349203.0
phi2_conv300,807,10546126000.0,10870547159.0
phi2_conv300,808,10546126000.0,10872745115.0
phi2_conv300,809,10546126000.0,10874943071.0
phi2_conv300,810,10546126000.0,10877141027.0
phi2_conv300,811,10546126000.0,10879338983.0
phi2_conv300,812,10546126000.0,10881536939.0
phi2_conv300,813,10546126000.0,10883734895.0
phi2_conv300,814,10546126000.0,10885932851.0
phi2_conv300,815,10546126000.0,10888130807.0
phi2_conv300,816,10546126000.0,10890328763.0
phi2_conv300,817,10546126000.0,10892526719.0
phi2_conv300,818,10546126000.0,10894724675.0
phi2_conv300,819,10546126000.0,10896922631.0
phi2_conv300,820,10546126000.0,10899120587.0
phi2_conv300,821,10546126000.0,10901318543.0
phi2_conv300,822,10546126000.0,10903516499.0
phi2_conv300,823,10546126000.0,10905714455.0
phi2_conv300,824,10546126000.0,10907912411.0
phi2_conv300,825,10546126000.0,10910110367.0
phi2_conv300,826,10546126000.0,10912308323.0
phi2_conv300,827,10546126000.0,10914506279.0
phi2_conv300,828,10546126000.0,10916704235.0
phi2_conv300,829,10546126000.0,10918902191.0
phi2_conv300,830,10546126000.0,10921100147.0
phi2_conv300,831,10546126000.0,10923298103.0
phi2_conv300,832,10546126000.0,10925496059.0
phi2_conv300,833,10546126000.0,10927694015.0
phi2_conv300,834,11157911000.0,11226916283.0
phi2_conv300,835,11157911000.0,11229114239.0
phi2_conv300,836,11157911000.0,11231312195.0
phi2_conv300,837,11157911000.0,11233510151.0
phi2_conv300,838,11157911000.0,11235708107.0
phi2_conv300,839,11157911000.0,11237906063.0
phi2_conv300,840,11157911000.0,11240104019.0
phi2_conv300,841,11157911000.0,11242301975.0
phi2_conv300,842,11157911000.0,11244499931.0
phi2_conv300,843,11157911000.0,11246697887.0
phi2_conv300,844,11157911000.0,11248895843.0
phi2_conv300,845,11157911000.0,11251093799.0
phi2_conv300,846,11157911000.0,11253291755.0
phi2_conv300,847,11157911000.0,11255489711.0
phi2_conv300,848,11157911000.0,11257687667.0
phi2_conv300,849,11157911000.0,11259885623.0
phi2_conv300,850,11157911000.0,11262083579.0
phi2_conv300,851,11157911000.0,11264281535.0
phi2_conv300,852,11157911000.0,11266479491.0
phi2_conv300,853,11157911000.0,11268677447.0
phi2_conv300,854,11157911000.0,11270875403.0
phi2_conv300,855,11157911000.0,11273073359.0
phi2_conv300,856,11157911000.0,11275271315.0
phi2_conv300,857,11157911000.0,11277469271.0
phi2_conv300,858,11157911000.0,11279667227.0
phi2_conv300,859,11157911000.0,11281865183.0
phi2_conv300,860,11157911000.0,11284063139.0
phi2_conv300,861,11157911000.0,11286261095.0
phi2_conv300,862,11157911000.0,11288459051.0
phi2_conv300,863,11157911000.0,11290657007.0
phi2_conv300,864,11157911000.0,11292854963.0
phi2_conv300,865,11157911000.0,11295052919.0
phi2_conv300,866,11157911000.0,11297250875.0
phi2_conv300,867,11157911000.0,11299448831.0
phi2_conv300,868,11157911000.0,11301646787.0
phi2_conv300,869,11157911000.0,11303844743.0
phi2_conv300,870,11157911000.0,11306042699.0
phi2_conv300,871,11157911000.0,11308240655.0
phi2_conv300,872,11157911000.0,11310438611.0
phi2_conv300,873,11157911000.0,11312636567.0
phi2_conv300,874,11157911000.0,11314834523.0
phi2_conv300,875,11157911000.0,11317032479.0
phi2_conv300,876,11157911000.0,11319230435.0
phi2_conv300,877,11157911000.0,11321428391.0
phi2_conv300,878,11157911000.0,11323626347.0
phi2_conv300,879,11157911000.0,11325824303.0
phi2_conv300,880,11157911000.0,11328022259.0
phi2_conv300,881,11157911000.0,11330220215.0
phi2_conv300,882,11157911000.0,11332418171.0
phi2_conv300,883,11157911000.0,11334616127.0
phi2_conv300,884,11157911000.0,11336814083.0
phi2_conv300,885,11157911000.0,11339012039.0
phi2_conv300,886,11157911000.0,11341209995.0
phi2_conv300,887,11430904000.0,11450624100.0
phi2_conv300,888,11430904000.0,11453062760.0
phi2_conv300,889,11430904000.0,11455501420.0
phi2_conv300,890,11430904000.0,11457940080.0
phi2_conv300,891,11430904000.0,11460378740.0
phi2_conv300,892,11430904000.0,11462817400.0
phi2_conv300,893,11430904000.0,11465256060.0
phi2_conv300,894,11430904000.0,11467694720.0
phi2_conv300,895,11430904000.0,11470133380.0
phi2_conv300,896,11430904000.0,11472572040.0
phi2_conv300,897,11430904000.0,11475010700.0
phi2_conv300,898,11430904000.0,11477449360.0
phi2_conv300,899,11157911000.0,11479647316.0
phi2_conv300,900,11157911000.0,11481845272.0
phi2_conv300,901,11157911000.0,11484043228.0
phi2_conv300,902,11157911000.0,11486241184.0
phi2_conv300,903,11157911000.0,11488439140.0
phi2_conv300,904,11157911000.0,11490637096.0
phi2_conv300,905,11157911000.0,11492835052.0
phi2_conv300,906,11157911000.0,11495033008.0
phi2_conv300,907,11157911000.0,11497230964.0
phi2_conv300,908,11157911000.0,11499428920.0
phi2_conv300,909,11157911000.0,11501626876.0
phi2_conv300,910,11157911000.0,11503824832.0
phi2_conv300,911,11157911000.0,11506022788.0
phi2_conv300,912,11157911000.0,11508220744.0
phi2_conv300,913,11157911000.0,11510418700.0
phi2_conv300,914,11157911000.0,11512616656.0
phi2_conv300,915,11157911000.0,11514814612.0
phi2_conv300,916,11157911000.0,11517012568.0
phi2_conv300,917,11157911000.0,11519210524.0
phi2_conv300,918,11157911000.0,11521408480.0
phi2_conv300,919,11157911000.0,11523606436.0
phi2_conv300,920,11157911000.0,11525804392.0
phi2_conv300,921,11157911000.0,11528002348.0
phi2_conv300,922,11157911000.0,11530200304.0
phi2_conv300,923,11157911000.0,11532398260.0
phi2_conv300,924,11157911000.0,11534596216.0
phi2_conv300,925,11157911000.0,11536794172.0
phi2_conv300,926,11157911000.0,11538992128.0
phi2_conv300,927,11157911000.0,11541190084.0
phi2_conv300,928,11157911000.0,11543388040.0
phi2_conv300,929,11157911000.0,11545585996.0
phi2_conv300,930,11157911000.0,11547783952.0
phi2_conv300,931,11157911000.0,11549983956.0
phi2_conv300,932,11157911000.0,11552183960.0
phi2_conv300,933,11157911000.0,11554383964.0
phi2_conv300,934,11157911000.0,11556583968.0
phi2_conv300,935,11157911000.0,11558783972.0
phi2_conv300,936,11157911000.0,11560983976.0
phi2_conv300,937,11157911000.0,11563183980.0
phi2_conv300,938,11157911000.0,11565383984.0
phi2_conv300,939,11157911000.0,11567583988.0
phi2_conv300,940,11836633000.0,11897012687.0
phi2_conv300,941,11836633000.0,11899163539.0
phi2_conv300,942,11836633000.0,11901314391.0
phi2_conv300,943,11836633000.0,11903465243.0
phi2_conv300,944,11836633000.0,11905616095.0
phi2_conv300,945,11836633000.0,11907766947.0
phi2_conv300,946,11836633000.0,11909917799.0
phi2_conv300,947,11836633000.0,11912068651.0
phi2_conv300,948,11836633000.0,11914219503.0
phi2_conv300,949,11836633000.0,11916370355.0
phi2_conv300,950,11836633000.0,11918521207.0
phi2_conv300,951,11836633000.0,11920672059.0
phi2_conv300,952,11836633000.0,11922822911.0
phi2_conv300,953,11836633000.0,11924973763.0
phi2_conv300,954,11836633000.0,11927124615.0
phi2_conv300,955,11836633000.0,11929275467.0
phi2_conv300,956,11836633000.0,11931426319.0
phi2_conv300,957,11836633000.0,11933577171.0
phi2_conv300,958,11836633000.0,11935728023.0
phi2_conv300,959,11836633000.0,11937878875.0
phi2_conv300,960,11836633000.0,11940029727.0
phi2_conv300,961,11836633000.0,11942180579.0
phi2_conv300,962,11836633000.0,11944331431.0
phi2_conv300,963,11836633000.0,11946482283.0
phi2_conv300,964,11836633000.0,11948633135.0
phi2_conv300,965,11836633000.0,11950783987.0
phi2_conv300,966,11836633000.0,11952934839.0
phi2_conv300,967,11836633000.0,11955085691.0
phi2_conv300,968,11836633000.0,11957236543.0
phi2_conv300,969,11836633000.0,11959387395.0
phi2_conv300,970,11836633000.0,11961538247.0
phi2_conv300,971,11836633000.0,11963689099.0
phi2_conv300,972,11836633000.0,11965839951.0
phi2_conv300,973,11836633000.0,11967990803.0
phi2_conv300,974,11836633000.0,11970141655.0
phi2_conv300,975,11836633000.0,11972292507.0
phi2_conv300,976,11836633000.0,11974443359.0
phi2_conv300,977,11836633000.0,11976594211.0
phi2_conv300,978,11836633000.0,11978745063.0
phi2_conv300,979,11836633000.0,11980943019.0
phi2_conv300,980,11836633000.0,11983140975.0
phi2_conv300,981,11836633000.0,11985338931.0
phi2_conv300,982,11836633000.0,11987536887.0
phi2_conv300,983,11836633000.0,11989734843.0
phi2_conv300,984,11836633000.0,11991932799.0
phi2_conv300,985,11836633000.0,11994130755.0
phi2_conv300,986,11836633000.0,11996328711.0
phi2_conv300,987,11836633000.0,11998526667.0
phi2_conv300,988,11836633000.0,12000724623.0
phi2_conv300,989,11836633000.0,12002922579.0
phi2_conv300,990,11836633000.0,12005120535.0
phi2_conv300,991,11836633000.0,12007318491.0
phi2_conv300,992,11836633000.0,12009516447.0
phi2_conv300,993,11836633000.0,12011714403.0
phi2_conv300,994,11836633000.0,12013912359.0
phi2_conv300,995,11836633000.0,12016110315.0
phi2_conv300,996,11836633000.0,12018308271.0
phi2_conv300,997,11836633000.0,12020506227.0
phi2_conv300,998,11836633000.0,12022704183.0
phi2_conv300,999,11836633000.0,12024902139.0
phi2_conv300,1000,11836633000.0,12027100095.0
phi2_conv300,1001,11836633000.0,12029298051.0
phi2_conv300,1002,11836633000.0,12031496007.0
phi2_conv300,1003,11836633000.0,12033693963.0
phi2_conv300,1004,11836633000.0,12035891919.0
phi2_conv300,1005,11836633000.0,12038089875.0
phi2_conv300,1006,11836633000.0,12040287831.0
phi2_conv300,1007,11836633000.0,12042485787.0
phi2_conv300,1008,11836633000.0,12044683743.0
phi2_conv300,1009,11836633000.0,12046881699.0
phi2_conv300,1010,11836633000.0,12049079655.0
phi2_conv300,1011,11836633000.0,12051277611.0
phi2_conv300,1012,11836633000.0,12053475567.0
phi2_conv300,1013,11836633000.0,12055673523.0
phi2_conv300,1014,12886545000.0,12920300778.0
phi2_conv300,1015,12886545000.0,12922451630.0
phi2_conv300,1016,12886545000.0,12924602482.0
phi2_conv300,1017,12886545000.0,12926753334.0
phi2_conv300,1018,12886545000.0,12928904186.0
phi2_conv300,1019,12886545000.0,12931055038.0
phi2_conv300,1020,12886545000.0,12933205890.0
phi2_conv300,1021,12886545000.0,12935356742.0
phi2_conv300,1022,12886545000.0,12937507594.0
phi2_conv300,1023,12886545000.0,12939658446.0
phi2_conv300,1024,12886545000.0,12941809298.0
phi2_conv300,1025,12886545000.0,12943960150.0
phi2_conv300,1026,12886545000.0,12946111002.0
phi2_conv300,1027,12886545000.0,12948261854.0
phi2_conv300,1028,12886545000.0,12950412706.0
phi2_conv300,1029,12886545000.0,12952563558.0
phi2_conv300,1030,12886545000.0,12954714410.0
phi2_conv300,1031,12886545000.0,12956865262.0
phi2_conv300,1032,12886545000.0,12959016114.0
phi2_conv300,1033,12886545000.0,12961166966.0
phi2_conv300,1034,12886545000.0,12963317818.0
phi2_conv300,1035,12886545000.0,12965468670.0
phi2_conv300,1036,12886545000.0,12967619522.0
phi2_conv300,1037,12886545000.0,12969770374.0
phi2_conv300,1038,12886545000.0,12971921226.0
phi2_conv300,1039,12886545000.0,12974072078.0
phi2_conv300,1040,12886545000.0,12976222930.0
phi2_conv300,1041,12886545000.0,12978373782.0
phi2_conv300,1042,13025088000.0,13110256281.0
phi2_conv300,1043,13025088000.0,13198761778.0
phi2_conv300,1044,13049843000.0,13286981453.0
phi2_conv300,1045,13049843000.0,13290617489.0
phi2_conv300,1046,13049843000.0,13293399253.0
phi2_conv300,1047,13049843000.0,13296181017.0
phi2_conv300,1048,13049843000.0,13298964829.0
phi2_conv300,1049,13049843000.0,13301748641.0
phi2_conv300,1050,13049843000.0,13304532453.0
phi2_conv300,1051,13049843000.0,13307365417.0
phi2_conv300,1052,13049843000.0,13310149229.0
phi2_conv300,1053,13049843000.0,13312982193.0
phi2_conv300,1054,13049843000.0,13315766005.0
phi2_conv300,1055,13049843000.0,13318598969.0
phi2_conv300,1056,13049843000.0,13321382781.0
phi2_conv300,1057,13049843000.0,13324215745.0
phi2_conv300,1058,13049843000.0,13326999557.0
phi2_conv300,1059,13049843000.0,13329832521.0
phi2_conv300,1060,13049843000.0,13332616333.0
phi2_conv300,1061,13049843000.0,13335449297.0
phi2_conv300,1062,13049843000.0,13338233109.0
phi2_conv300,1063,13049843000.0,13341066073.0
phi2_conv300,1064,13049843000.0,13343849885.0
phi2_conv300,1065,13049843000.0,13346682849.0
phi2_conv300,1066,13049843000.0,13349466661.0
phi2_conv300,1067,13049843000.0,13352299625.0
phi2_conv300,1068,13049843000.0,13355083437.0
phi2_conv300,1069,13049843000.0,13357916401.0
phi2_conv300,1070,13049843000.0,13360700213.0
phi2_conv300,1071,13049843000.0,13363533177.0
phi2_conv300,1072,13049843000.0,13366316989.0
phi2_conv300,1073,13049843000.0,13369149953.0
phi2_conv300,1074,13049843000.0,13371933765.0
phi2_conv300,1075,13049843000.0,13374766729.0
phi2_conv300,1076,13049843000.0,13377550541.0
phi2_conv300,1077,13049843000.0,13380383505.0
phi2_conv300,1078,13049843000.0,13383167317.0
phi2_conv300,1079,13049843000.0,13386000281.0
phi2_conv300,1080,13049843000.0,13388784093.0
phi2_conv300,1081,13049843000.0,13391617057.0
phi2_conv300,1082,13049843000.0,13394400869.0
phi2_conv300,1083,13049843000.0,13397233833.0
phi2_conv300,1084,13049843000.0,13400017645.0
phi2_conv300,1085,13049843000.0,13402850609.0
phi2_conv300,1086,13049843000.0,13405634421.0
phi2_conv300,1087,13049843000.0,13408467385.0
phi2_conv300,1088,13049843000.0,13411251197.0
phi2_conv300,1089,13049843000.0,13414084161.0
phi2_conv300,1090,13049843000.0,13416867973.0
phi2_conv300,1091,13049843000.0,13419700937.0
phi2_conv300,1092,13049843000.0,13422484749.0
phi2_conv300,1093,13049843000.0,13425317713.0
phi2_conv300,1094,13049843000.0,13428101525.0
phi2_conv300,1095,13049843000.0,13430934489.0
phi2_conv300,1096,13049843000.0,13433718301.0
phi2_conv300,1097,13049843000.0,13436551265.0
phi2_conv300,1098,13049843000.0,13439335077.0
phi2_conv300,1099,13049843000.0,13442168041.0
phi2_conv300,1100,13049843000.0,13444951853.0
phi2_conv300,1101,13049843000.0,13447784817.0
phi2_conv300,1102,13049843000.0,13450568629.0
phi2_conv300,1103,13049843000.0,13453401593.0
phi2_conv300,1104,13049843000.0,13456185405.0
phi2_conv300,1105,13049843000.0,13459018369.0
phi2_conv300,1106,13049843000.0,13461802181.0
phi2_conv300,1107,13049843000.0,13464635145.0
phi2_conv300,1108,13049843000.0,13467418957.0
phi2_conv300,1109,13049843000.0,13470251921.0
phi2_conv300,1110,13049843000.0,13473035733.0
phi2_conv300,1111,13049843000.0,13475868697.0
phi2_conv300,1112,13049843000.0,13478652509.0
phi2_conv300,1113,13049843000.0,13481485473.0
phi2_conv300,1114,13049843000.0,13484269285.0
phi2_conv300,1115,13049843000.0,13487102249.0
phi2_conv300,1116,13049843000.0,13489886061.0
phi2_conv300,1117,13049843000.0,13492719025.0
phi2_conv300,1118,13049843000.0,13495502837.0
phi2_conv300,1119,13049843000.0,13498335801.0
phi2_conv300,1120,13049843000.0,13501119613.0
phi2_conv300,1121,13049843000.0,13503952577.0
phi2_conv300,1122,13049843000.0,13506736389.0
phi2_conv300,1123,13049843000.0,13509569353.0
phi2_conv300,1124,13049843000.0,13512353165.0
phi2_conv300,1125,13049843000.0,13515186129.0
phi2_conv300,1126,13049843000.0,13517969941.0
phi2_conv300,1127,13049843000.0,13520802905.0
phi2_conv300,1128,13049843000.0,13523586717.0
phi2_conv300,1129,13049843000.0,13526419681.0
phi2_conv300,1130,13049843000.0,13529203493.0
phi2_conv300,1131,13049843000.0,13532036457.0
phi2_conv300,1132,13049843000.0,13534820269.0
phi2_conv300,1133,13049843000.0,13537653233.0
phi2_conv300,1134,13049843000.0,13540437045.0
phi2_conv300,1135,13049843000.0,13543270009.0
phi2_conv300,1136,13049843000.0,13546053821.0
phi2_conv300,1137,13049843000.0,13548886785.0
phi2_conv300,1138,13049843000.0,13551670597.0
phi2_conv300,1139,13049843000.0,13554503561.0
phi2_conv300,1140,13049843000.0,13557287373.0
phi2_conv300,1141,13049843000.0,13560120337.0
phi2_conv300,1142,13049843000.0,13562904149.0
phi2_conv300,1143,13049843000.0,13565737113.0
phi2_conv300,1144,13049843000.0,13568520925.0
phi2_conv300,1145,13049843000.0,13571353889.0
phi2_conv300,1146,13049843000.0,13574137701.0
phi2_conv300,1147,13049843000.0,13576970665.0
phi2_conv300,1148,13049843000.0,13579754477.0
phi2_conv300,1149,13049843000.0,13582587441.0
phi2_conv300,1150,13049843000.0,13585371253.0
phi2_conv300,1151,13049843000.0,13588204217.0
phi2_conv300,1152,13049843000.0,13590988029.0
phi2_conv300,1153,13049843000.0,13593820993.0
phi2_conv300,1154,13049843000.0,13596604805.0
phi2_conv300,1155,13049843000.0,13599437769.0
phi2_conv300,1156,13049843000.0,13602221581.0
phi2_conv300,1157,13049843000.0,13605054545.0
phi2_conv300,1158,13049843000.0,13607838357.0
phi2_conv300,1159,13049843000.0,13610671321.0
phi2_conv300,1160,13049843000.0,13613455133.0
phi2_conv300,1161,13049843000.0,13616288097.0
phi2_conv300,1162,13049843000.0,13619071909.0
phi2_conv300,1163,13049843000.0,13621904873.0
phi2_conv300,1164,13049843000.0,13624688685.0
phi2_conv300,1165,13049843000.0,13627521649.0
phi2_conv300,1166,13049843000.0,13630305461.0
phi2_conv300,1167,13049843000.0,13633138425.0
phi2_conv300,1168,13049843000.0,13635922237.0
phi2_conv300,1169,13049843000.0,13638755201.0
phi2_conv300,1170,13049843000.0,13641539013.0
phi2_conv300,1171,13049843000.0,13644371977.0
phi2_conv300,1172,13049843000.0,13647155789.0
phi2_conv300,1173,13049843000.0,13649988753.0
phi2_conv300,1174,13049843000.0,13652772565.0
phi2_conv300,1175,13049843000.0,13655605529.0
phi2_conv300,1176,13049843000.0,13658146589.0
phi2_conv300,1177,13049843000.0,13660736801.0
phi2_conv300,1178,13049843000.0,13663277861.0
phi2_conv300,1179,13049843000.0,13665868073.0
phi2_conv300,1180,13049843000.0,13668409133.0
phi2_conv300,1181,13049843000.0,13670999345.0
phi2_conv300,1182,13049843000.0,13673540405.0
phi2_conv300,1183,13049843000.0,13676130617.0
phi2_conv300,1184,13049843000.0,13678671677.0
phi2_conv300,1185,13049843000.0,13681261889.0
phi2_conv300,1186,13049843000.0,13683412741.0
phi2_conv300,1187,13049843000.0,13685563593.0
phi2_conv300,1188,13049843000.0,13687714445.0
phi2_conv300,1189,13049843000.0,13689865297.0
phi2_conv300,1190,13049843000.0,13692016149.0
phi2_conv300,1191,13049843000.0,13694167001.0
phi2_conv300,1192,13049843000.0,13696317853.0
phi2_conv300,1193,13049843000.0,13698468705.0
phi2_conv300,1194,13049843000.0,13700619557.0
phi2_conv300,1195,13049843000.0,13702770409.0
phi2_conv300,1196,13049843000.0,13704921261.0
phi2_conv300,1197,14059550000.0,14088801558.0
phi2_conv300,1198,14059550000.0,14090950362.0
phi2_conv300,1199,14059550000.0,14093099166.0
phi2_conv300,1200,14059550000.0,14095247970.0
phi2_conv300,1201,14059550000.0,14097396774.0
phi2_conv300,1202,14059550000.0,14099545578.0
phi2_conv300,1203,14059550000.0,14101694382.0
phi2_conv300,1204,14059550000.0,14103843186.0
phi2_conv300,1205,14097780000.0,14168330888.0
phi2_conv300,1206,14097780000.0,14170722444.0
phi2_conv300,1207,14097780000.0,14173114000.0
phi2_conv300,1208,14097780000.0,14175505556.0
phi2_conv300,1209,14097780000.0,14177897112.0
phi2_conv300,1210,14097780000.0,14180288668.0
phi2_conv300,1211,14097780000.0,14182680224.0
phi2_conv300,1212,14097780000.0,14185071780.0
phi2_conv300,1213,14097780000.0,14187463336.0
phi2_conv300,1214,14097780000.0,14189854892.0
phi2_conv300,1215,14097780000.0,14192246448.0
phi2_conv300,1216,14097780000.0,14194640052.0
phi2_conv300,1217,14097780000.0,14197033656.0
phi2_conv300,1218,14097780000.0,14199427260.0
phi2_conv300,1219,14097780000.0,14201820864.0
phi2_conv300,1220,14097780000.0,14204214468.0
phi2_conv300,1221,14097780000.0,14206608072.0
phi2_conv300,1222,14097780000.0,14209001676.0
phi2_conv300,1223,14097780000.0,14211395280.0
phi2_conv300,1224,14097780000.0,14213788884.0
phi2_conv300,1225,14097780000.0,14216229592.0
phi2_conv300,1226,14097780000.0,14218670300.0
phi2_conv300,1227,14097780000.0,14221111008.0
phi2_conv300,1228,14097780000.0,14223551716.0
phi2_conv300,1229,14097780000.0,14225992424.0
phi2_conv300,1230,14097780000.0,14228433132.0
phi2_conv300,1231,14097780000.0,14230873840.0
phi2_conv300,1232,14097780000.0,14233314548.0
phi2_conv300,1233,14097780000.0,14235755256.0
phi2_conv300,1234,14097780000.0,14238195964.0
phi2_conv300,1235,14097780000.0,14240636672.0
phi2_conv300,1236,14097780000.0,14243077380.0
phi2_conv300,1237,14097780000.0,14245518088.0
phi2_conv300,1238,14097780000.0,14247958796.0
phi2_conv300,1239,14097780000.0,14250399504.0
phi2_conv300,1240,14097780000.0,14252840212.0
phi2_conv300,1241,14097780000.0,14255280920.0
phi2_conv300,1242,14293309000.0,14378426723.0
phi2_conv300,1243,14293309000.0,14466696318.0
phi2_conv300,1244,14293309000.0,14558584729.0
phi2_conv300,1245,14293309000.0,14653557428.0
phi2_conv300,1246,14293309000.0,14752394703.0
phi2_conv300,1247,14293309000.0,14853703914.0
phi2_conv300,1248,14293309000.0,14958228485.0
phi2_conv300,1249,14293309000.0,15058513028.0
phi2_conv300,1250,14293309000.0,15061638856.0
phi2_conv300,1251,14293309000.0,15064764684.0
phi2_conv300,1252,14293309000.0,15067890512.0
phi2_conv300,1253,14293309000.0,15071016340.0
phi2_conv300,1254,14293309000.0,15074142168.0
phi2_conv300,1255,14293309000.0,15077267996.0
phi2_conv300,1256,14293309000.0,15080393824.0
phi2_conv300,1257,14293309000.0,15083519652.0
phi2_conv300,1258,14293309000.0,15086645480.0
phi2_conv300,1259,14293309000.0,15089481452.0
phi2_conv300,1260,14293309000.0,15092317424.0
phi2_conv300,1261,14293309000.0,15095153396.0
phi2_conv300,1262,14293309000.0,15097989368.0
phi2_conv300,1263,14293309000.0,15100825340.0
phi2_conv300,1264,14293309000.0,15103661312.0
phi2_conv300,1265,14293309000.0,15106497284.0
phi2_conv300,1266,14293309000.0,15109333256.0
phi2_conv300,1267,14293309000.0,15112169228.0
phi2_conv300,1268,14293309000.0,15115005200.0
phi2_conv300,1269,14293309000.0,15117841172.0
phi2_conv300,1270,14293309000.0,15120677144.0
phi2_conv300,1271,14293309000.0,15123513116.0
phi2_conv300,1272,14293309000.0,15126349088.0
phi2_conv300,1273,14293309000.0,15129185060.0
phi2_conv300,1274,14293309000.0,15132021032.0
phi2_conv300,1275,14293309000.0,15134857004.0
phi2_conv300,1276,14293309000.0,15137692976.0
phi2_conv300,1277,14293309000.0,15140528948.0
phi2_conv300,1278,14293309000.0,15143364920.0
phi2_conv300,1279,14293309000.0,15146200892.0
phi2_conv300,1280,14293309000.0,15149036864.0
phi2_conv300,1281,14293309000.0,15151872836.0
phi2_conv300,1282,14293309000.0,15154708808.0
phi2_conv300,1283,14293309000.0,15157544780.0
phi2_conv300,1284,14293309000.0,15160380752.0
phi2_conv300,1285,14293309000.0,15163216724.0
phi2_conv300,1286,14293309000.0,15166052696.0
phi2_conv300,1287,14293309000.0,15168888668.0
phi2_conv300,1288,14293309000.0,15171724640.0
phi2_conv300,1289,14293309000.0,15174560612.0
phi2_conv300,1290,14293309000.0,15177396584.0
phi2_conv300,1291,14293309000.0,15180232556.0
phi2_conv300,1292,14293309000.0,15183068528.0
phi2_conv300,1293,14293309000.0,15185904500.0
phi2_conv300,1294,14293309000.0,15188740472.0
phi2_conv300,1295,14293309000.0,15191576444.0
phi2_conv300,1296,14293309000.0,15194412416.0
phi2_conv300,1297,14293309000.0,15197248388.0
phi2_conv300,1298,14293309000.0,15200084360.0
phi2_conv300,1299,14293309000.0,15202920332.0
phi2_conv300,1300,14293309000.0,15205756304.0
phi2_conv300,1301,14293309000.0,15208592276.0
phi2_conv300,1302,14293309000.0,15211428248.0
phi2_conv300,1303,14293309000.0,15214264220.0
phi2_conv300,1304,14293309000.0,15217100192.0
phi2_conv300,1305,14293309000.0,15219936164.0
phi2_conv300,1306,14293309000.0,15222772136.0
phi2_conv300,1307,14293309000.0,15225608108.0
phi2_conv300,1308,14293309000.0,15228444080.0
phi2_conv300,1309,14293309000.0,15231280052.0
phi2_conv300,1310,14293309000.0,15234116024.0
phi2_conv300,1311,14059550000.0,15236266876.0
phi2_conv300,1312,14059550000.0,15238417728.0
phi2_conv300,1313,14059550000.0,15240568580.0
phi2_conv300,1314,14059550000.0,15242719432.0
phi2_conv300,1315,14059550000.0,15244870284.0
phi2_conv300,1316,14059550000.0,15247021136.0
phi2_conv300,1317,14059550000.0,15249171988.0
phi2_conv300,1318,14059550000.0,15251322840.0
phi2_conv300,1319,14059550000.0,15253473692.0
phi2_conv300,1320,14059550000.0,15255624544.0
phi2_conv300,1321,14059550000.0,15257775396.0
phi2_conv300,1322,14059550000.0,15259926248.0
phi2_conv300,1323,14059550000.0,15262077100.0
phi2_conv300,1324,14059550000.0,15264227952.0
phi2_conv300,1325,14059550000.0,15266378804.0
phi2_conv300,1326,14059550000.0,15268529656.0
phi2_conv300,1327,14059550000.0,15270680508.0
phi2_conv300,1328,14059550000.0,15272831360.0
phi2_conv300,1329,14059550000.0,15274982212.0
phi2_conv300,1330,14059550000.0,15277133064.0
phi2_conv300,1331,14059550000.0,15279283916.0
phi2_conv300,1332,14059550000.0,15281434768.0
phi2_conv300,1333,14059550000.0,15283585620.0
phi2_conv300,1334,14059550000.0,15285736472.0
phi2_conv300,1335,14059550000.0,15287887324.0
phi2_conv300,1336,14059550000.0,15290038176.0
phi2_conv300,1337,14059550000.0,15292189028.0
phi2_conv300,1338,14059550000.0,15294339880.0
phi2_conv300,1339,14059550000.0,15296490732.0
phi2_conv300,1340,14059550000.0,15298641584.0
phi2_conv300,1341,14059550000.0,15300792436.0
phi2_conv300,1342,14059550000.0,15302943288.0
phi2_conv300,1343,14059550000.0,15305094140.0
phi2_conv300,1344,14059550000.0,15307244992.0
phi2_conv300,1345,14059550000.0,15309395844.0
phi2_conv300,1346,14059550000.0,15311546696.0
phi2_conv300,1347,14059550000.0,15313697548.0
phi2_conv300,1348,14059550000.0,15315848400.0
phi2_conv300,1349,14059550000.0,15317999252.0
phi2_conv300,1350,14059550000.0,15320150104.0
phi2_conv300,1351,17420918000.0,17506003720.0
phi2_conv300,1352,17420918000.0,17594431776.0
phi2_conv300,1353,17420918000.0,17686726456.0
phi2_conv300,1354,17420918000.0,17782363472.0
phi2_conv300,1355,17420918000.0,17881760616.0
phi2_conv300,1356,17420918000.0,17886677292.0
phi2_conv300,1357,17420918000.0,17889172208.0
phi2_conv300,1358,17420918000.0,17891710132.0
phi2_conv300,1359,17420918000.0,17894205048.0
phi2_conv300,1360,17420918000.0,17896742972.0
phi2_conv300,1361,17420918000.0,17899188736.0
phi2_conv300,1362,17420918000.0,17901726660.0
phi2_conv300,1363,17420918000.0,17904221576.0
phi2_conv300,1364,17420918000.0,17906759500.0
phi2_conv300,1365,17420918000.0,17909254416.0
phi2_conv300,1366,17420918000.0,17911792340.0
phi2_conv300,1367,17420918000.0,17914287256.0
phi2_conv300,1368,17420918000.0,17916733020.0
phi2_conv300,1369,17420918000.0,17919227936.0
phi2_conv300,1370,17420918000.0,17921765860.0
phi2_conv300,1371,17420918000.0,17924260776.0
phi2_conv300,1372,17420918000.0,17926798700.0
phi2_conv300,1373,17420918000.0,17929293616.0
phi2_conv300,1374,17420918000.0,17931831540.0
phi2_conv300,1375,17420918000.0,17934277304.0
phi2_conv300,1376,17420918000.0,17936815228.0
phi2_conv300,1377,17420918000.0,17939310144.0
phi2_conv300,1378,17420918000.0,17941848068.0
phi2_conv300,1379,17420918000.0,17944342984.0
phi2_conv300,1380,17420918000.0,17946880908.0
phi2_conv300,1381,17420918000.0,17949375824.0
phi2_conv300,1382,17420918000.0,17951821588.0
phi2_conv300,1383,17420918000.0,17954316504.0
phi2_conv300,1384,17420918000.0,17956854428.0
phi2_conv300,1385,17420918000.0,17959349344.0
phi2_conv300,1386,17420918000.0,17961887268.0
phi2_conv300,1387,17420918000.0,17964382184.0
phi2_conv300,1388,17420918000.0,17966920108.0
phi2_conv300,1389,17420918000.0,17969365872.0
phi2_conv300,1390,17420918000.0,17971903796.0
phi2_conv300,1391,17420918000.0,17974398712.0
phi2_conv300,1392,17420918000.0,17976936636.0
phi2_conv300,1393,17420918000.0,17979431552.0
phi2_conv300,1394,17420918000.0,17981969476.0
phi2_conv300,1395,17420918000.0,17984464392.0
phi2_conv300,1396,17420918000.0,17986910156.0
phi2_conv300,1397,17420918000.0,17989405072.0
phi2_conv300,1398,17420918000.0,17991942996.0
phi2_conv300,1399,17420918000.0,17994437912.0
phi2_conv300,1400,17420918000.0,17996975836.0
phi2_conv300,1401,17420918000.0,17999470752.0
phi2_conv300,1402,17420918000.0,18002008676.0
phi2_conv300,1403,17420918000.0,18004454440.0
phi2_conv300,1404,17420918000.0,18006992364.0
phi2_conv300,1405,17420918000.0,18009487280.0
phi2_conv300,1406,17792938000.0,18043323979.0
phi2_conv300,1407,17792938000.0,18046061647.0
phi2_conv300,1408,17792938000.0,18048842323.0
phi2_conv300,1409,17792938000.0,18051579991.0
phi2_conv300,1410,17792938000.0,18054268507.0
phi2_conv300,1411,17792938000.0,18057006175.0
phi2_conv300,1412,17792938000.0,18059786851.0
phi2_conv300,1413,17792938000.0,18062524519.0
phi2_conv300,1414,17792938000.0,18065305195.0
phi2_conv300,1415,17792938000.0,18068042863.0
phi2_conv300,1416,17792938000.0,18070823539.0
phi2_conv300,1417,17792938000.0,18073512055.0
phi2_conv300,1418,17792938000.0,18076292731.0
phi2_conv300,1419,17792938000.0,18079030399.0
phi2_conv300,1420,17792938000.0,18081811075.0
phi2_conv300,1421,17792938000.0,18084548743.0
phi2_conv300,1422,17792938000.0,18087329419.0
phi2_conv300,1423,17792938000.0,18090067087.0
phi2_conv300,1424,17792938000.0,18092755603.0
phi2_conv300,1425,17792938000.0,18095493271.0
phi2_conv300,1426,17792938000.0,18098273947.0
phi2_conv300,1427,17792938000.0,18101011615.0
phi2_conv300,1428,17792938000.0,18103792291.0
phi2_conv300,1429,17792938000.0,18106529959.0
phi2_conv300,1430,17792938000.0,18109310635.0
phi2_conv300,1431,17792938000.0,18111999151.0
phi2_conv300,1432,17792938000.0,18114779827.0
phi2_conv300,1433,17792938000.0,18117517495.0
phi2_conv300,1434,17792938000.0,18120298171.0
phi2_conv300,1435,17792938000.0,18123035839.0
phi2_conv300,1436,17792938000.0,18125816515.0
phi2_conv300,1437,17792938000.0,18128554183.0
phi2_conv300,1438,17792938000.0,18131242699.0
phi2_conv300,1439,17792938000.0,18133980367.0
phi2_conv300,1440,17792938000.0,18136761043.0
phi2_conv300,1441,17792938000.0,18139498711.0
phi2_conv300,1442,17792938000.0,18142279387.0
phi2_conv300,1443,17792938000.0,18145017055.0
phi2_conv300,1444,17792938000.0,18147797731.0
phi2_conv300,1445,17792938000.0,18150486247.0
phi2_conv300,1446,17792938000.0,18153266923.0
phi2_conv300,1447,17792938000.0,18156004591.0
phi2_conv300,1448,17792938000.0,18158785267.0
phi2_conv300,1449,17792938000.0,18161522935.0
phi2_conv300,1450,17792938000.0,18164303611.0
phi2_conv300,1451,17792938000.0,18167041279.0
phi2_conv300,1452,17792938000.0,18169729795.0
phi2_conv300,1453,17792938000.0,18172467463.0
phi2_conv300,1454,17792938000.0,18175248139.0
phi2_conv300,1455,17792938000.0,18177985807.0
phi2_conv300,1456,17792938000.0,18180766483.0
phi2_conv300,1457,17792938000.0,18183504151.0
phi2_conv300,1458,17792938000.0,18186284827.0
phi2_conv300,1459,17792938000.0,18188973343.0
phi2_conv300,1460,17792938000.0,18191754019.0
phi2_conv300,1461,17792938000.0,18194491687.0
phi2_conv300,1462,17792938000.0,18197272363.0
phi2_conv300,1463,17792938000.0,18200010031.0
phi2_conv300,1464,17792938000.0,18202790707.0
phi2_conv300,1465,17792938000.0,18205528375.0
phi2_conv300,1466,17792938000.0,18208216891.0
phi2_conv300,1467,17792938000.0,18210954559.0
phi2_conv300,1468,17792938000.0,18213735235.0
phi2_conv300,1469,17792938000.0,18216472903.0
phi2_conv300,1470,18160513000.0,18237723019.0
phi2_conv300,1471,18160513000.0,18240701391.0
phi2_conv300,1472,18160513000.0,18243722771.0
phi2_conv300,1473,18160513000.0,18246651991.0
phi2_conv300,1474,18160513000.0,18249673371.0
phi2_conv300,1475,18160513000.0,18252651743.0
phi2_conv300,1476,18160513000.0,18255673123.0
phi2_conv300,1477,18160513000.0,18258651495.0
phi2_conv300,1478,18160513000.0,18261672875.0
phi2_conv300,1479,18160513000.0,18264651247.0
phi2_conv300,1480,18160513000.0,18267580467.0
phi2_conv300,1481,18160513000.0,18270558839.0
phi2_conv300,1482,18160513000.0,18273580219.0
phi2_conv300,1483,18160513000.0,18276558591.0
phi2_conv300,1484,18160513000.0,18279579971.0
phi2_conv300,1485,18160513000.0,18282558343.0
phi2_conv300,1486,18160513000.0,18285579723.0
phi2_conv300,1487,18160513000.0,18288508943.0
phi2_conv300,1488,18160513000.0,18291530323.0
phi2_conv300,1489,18160513000.0,18294508695.0
phi2_conv300,1490,18160513000.0,18297530075.0
phi2_conv300,1491,18160513000.0,18300508447.0
phi2_conv300,1492,18160513000.0,18303529827.0
phi2_conv300,1493,18160513000.0,18306551207.0
phi2_conv300,1494,18160513000.0,18309480427.0
phi2_conv300,1495,18160513000.0,18312458799.0
phi2_conv300,1496,18160513000.0,18315480179.0
phi2_conv300,1497,18160513000.0,18318501559.0
phi2_conv300,1498,18160513000.0,18321522939.0
phi2_conv300,1499,18160513000.0,18324501311.0
phi2_conv300,1500,18160513000.0,18327522691.0
phi2_conv300,1501,18160513000.0,18330451911.0
phi2_conv300,1502,18160513000.0,18333473291.0
phi2_conv300,1503,18160513000.0,18336451663.0
phi2_conv300,1504,18160513000.0,18339473043.0
phi2_conv300,1505,18160513000.0,18342494423.0
phi2_conv300,1506,18160513000.0,18345515803.0
phi2_conv300,1507,18160513000.0,18348494175.0
phi2_conv300,1508,18160513000.0,18351423395.0
phi2_conv300,1509,18160513000.0,18354444775.0
phi2_conv300,1510,18160513000.0,18357466155.0
phi2_conv300,1511,18160513000.0,18360444527.0
phi2_conv300,1512,18160513000.0,18363465907.0
phi2_conv300,1513,18160513000.0,18366487287.0
phi2_conv300,1514,18160513000.0,18369508667.0
phi2_conv300,1515,18160513000.0,18372437887.0
phi2_conv300,1516,18160513000.0,18375459267.0
phi2_conv300,1517,18160513000.0,18378480647.0
phi2_conv300,1518,18160513000.0,18381502027.0
phi2_conv300,1519,18160513000.0,18384480399.0
phi2_conv300,1520,18160513000.0,18387501779.0
phi2_conv300,1521,18160513000.0,18390523159.0
phi2_conv300,1522,18160513000.0,18393452379.0
phi2_conv300,1523,18463892000.0,18528821547.0
phi2_conv300,1524,18463892000.0,18532085679.0
phi2_conv300,1525,18463892000.0,18535349811.0
phi2_conv300,1526,18463892000.0,18537984119.0
phi2_conv300,1527,18463892000.0,18540618427.0
phi2_conv300,1528,18463892000.0,18543252735.0
phi2_conv300,1529,18463892000.0,18545887043.0
phi2_conv300,1530,18463892000.0,18548521351.0
phi2_conv300,1531,18463892000.0,18551155659.0
phi2_conv300,1532,18463892000.0,18553789967.0
phi2_conv300,1533,18463892000.0,18556424275.0
phi2_conv300,1534,18463892000.0,18559058583.0
phi2_conv300,1535,18463892000.0,18561692891.0
phi2_conv300,1536,18463892000.0,18564327199.0
phi2_conv300,1537,18463892000.0,18566961507.0
phi2_conv300,1538,18463892000.0,18569595815.0
phi2_conv300,1539,18463892000.0,18572230123.0
phi2_conv300,1540,18463892000.0,18574864431.0
phi2_conv300,1541,18463892000.0,18577498739.0
phi2_conv300,1542,18463892000.0,18580180151.0
phi2_conv300,1543,18463892000.0,18582861563.0
phi2_conv300,1544,18463892000.0,18585545023.0
phi2_conv300,1545,18463892000.0,18588228483.0
phi2_conv300,1546,18463892000.0,18590911943.0
phi2_conv300,1547,18463892000.0,18593595403.0
phi2_conv300,1548,18463892000.0,18596278863.0
phi2_conv300,1549,18463892000.0,18598962323.0
phi2_conv300,1550,18463892000.0,18601645783.0
phi2_conv300,1551,18463892000.0,18604329243.0
phi2_conv300,1552,18463892000.0,18607012703.0
phi2_conv300,1553,18463892000.0,18609453411.0
phi2_conv300,1554,18463892000.0,18611894119.0
phi2_conv300,1555,18463892000.0,18614334827.0
phi2_conv300,1556,18463892000.0,18616775535.0
phi2_conv300,1557,18463892000.0,18619216243.0
phi2_conv300,1558,18463892000.0,18621656951.0
phi2_conv300,1559,18463892000.0,18624097659.0
phi2_conv300,1560,18463892000.0,18626538367.0
phi2_conv300,1561,18463892000.0,18628979075.0
phi2_conv300,1562,18463892000.0,18631419783.0
phi2_conv300,1563,18463892000.0,18633860491.0
phi2_conv300,1564,18463892000.0,18636301199.0
phi2_conv300,1565,18463892000.0,18638741907.0
phi2_conv300,1566,18463892000.0,18641182615.0
phi2_conv300,1567,18463892000.0,18643623323.0
phi2_conv300,1568,18463892000.0,18646064031.0
phi2_conv300,1569,18463892000.0,18648504739.0
phi2_conv300,1570,18463892000.0,18650945447.0
phi2_conv300,1571,18463892000.0,18653386155.0
phi2_conv300,1572,18463892000.0,18655826863.0
phi2_conv300,1573,18463892000.0,18658267571.0
phi2_conv300,1574,18463892000.0,18660708279.0
phi2_conv300,1575,18463892000.0,18663148987.0
phi2_conv300,1576,18463892000.0,18665589695.0
phi2_conv300,1577,18463892000.0,18668030403.0
phi2_conv300,1578,18463892000.0,18670471111.0
phi2_conv300,1579,18463892000.0,18672911819.0
phi2_conv300,1580,18463892000.0,18675352527.0
phi2_conv300,1581,18463892000.0,18677793235.0
phi2_conv300,1582,18463892000.0,18680233943.0
phi2_conv300,1583,18463892000.0,18682674651.0
phi2_conv300,1584,18463892000.0,18685115359.0
phi2_conv300,1585,18463892000.0,18687556067.0
phi2_conv300,1586,18463892000.0,18689996775.0
phi2_conv300,1587,18463892000.0,18692437483.0
phi2_conv300,1588,18463892000.0,18694878191.0
phi2_conv300,1589,18463892000.0,18697318899.0
phi2_conv300,1590,18463892000.0,18699759607.0
phi2_conv300,1591,18463892000.0,18702200315.0
phi2_conv300,1592,18463892000.0,18704641023.0
phi2_conv300,1593,18463892000.0,18707081731.0
phi2_conv300,1594,18463892000.0,18709522439.0
phi2_conv300,1595,18463892000.0,18711963147.0
phi2_conv300,1596,18463892000.0,18714403855.0
phi2_conv300,1597,18463892000.0,18716844563.0
phi2_conv300,1598,18463892000.0,18719285271.0
phi2_conv300,1599,18463892000.0,18721725979.0
phi2_conv300,1600,18463892000.0,18724166687.0
phi2_conv300,1601,18463892000.0,18726607395.0
phi2_conv300,1602,18463892000.0,18729048103.0
phi2_conv300,1603,18463892000.0,18731488811.0
phi2_conv300,1604,18463892000.0,18733929519.0
phi2_conv300,1605,18463892000.0,18736370227.0
phi2_conv300,1606,18463892000.0,18738810935.0
phi2_conv300,1607,18463892000.0,18741251643.0
phi2_conv300,1608,18463892000.0,18743692351.0
phi2_conv300,1609,18463892000.0,18746133059.0
phi2_conv300,1610,18160513000.0,18748283911.0
phi2_conv300,1611,18160513000.0,18750434763.0
phi2_conv300,1612,18160513000.0,18752585615.0
phi2_conv300,1613,18160513000.0,18754736467.0
phi2_conv300,1614,18160513000.0,18756887319.0
phi2_conv300,1615,18160513000.0,18759038171.0
phi2_conv300,1616,18160513000.0,18761189023.0
phi2_conv300,1617,18160513000.0,18763339875.0
phi2_conv300,1618,18160513000.0,18765490727.0
phi2_conv300,1619,18160513000.0,18767641579.0
phi2_conv300,1620,18160513000.0,18769792431.0
phi2_conv300,1621,18160513000.0,18771943283.0
phi2_conv300,1622,18979439000.0,19064607281.0
phi2_conv300,1623,18979439000.0,19153112778.0
phi2_conv300,1624,18979439000.0,19245478755.0
phi2_conv300,1625,18979439000.0,19341181948.0
phi2_conv300,1626,18979439000.0,19437698351.0
phi2_conv300,1627,18979439000.0,19440436019.0
phi2_conv300,1628,18979439000.0,19443212599.0
phi2_conv300,1629,18979439000.0,19445950267.0
phi2_conv300,1630,18979439000.0,19448726847.0
phi2_conv300,1631,18979439000.0,19451464515.0
phi2_conv300,1632,18979439000.0,19454153031.0
phi2_conv300,1633,18979439000.0,19456890699.0
phi2_conv300,1634,18979439000.0,19459667279.0
phi2_conv300,1635,18979439000.0,19462404947.0
phi2_conv300,1636,18979439000.0,19465181527.0
phi2_conv300,1637,18979439000.0,19467919195.0
phi2_conv300,1638,18979439000.0,19470699871.0
phi2_conv300,1639,18979439000.0,19473388387.0
phi2_conv300,1640,18979439000.0,19476169063.0
phi2_conv300,1641,18979439000.0,19478906731.0
phi2_conv300,1642,18979439000.0,19481687407.0
phi2_conv300,1643,18979439000.0,19484425075.0
phi2_conv300,1644,18979439000.0,19487205751.0
phi2_conv300,1645,18979439000.0,19489943419.0
phi2_conv300,1646,18979439000.0,19492631935.0
phi2_conv300,1647,18979439000.0,19495369603.0
phi2_conv300,1648,18979439000.0,19498150279.0
phi2_conv300,1649,18979439000.0,19500887947.0
phi2_conv300,1650,18979439000.0,19503668623.0
phi2_conv300,1651,18979439000.0,19506406291.0
phi2_conv300,1652,18979439000.0,19509186967.0
phi2_conv300,1653,18979439000.0,19511875483.0
phi2_conv300,1654,18979439000.0,19514656159.0
phi2_conv300,1655,18979439000.0,19517393827.0
phi2_conv300,1656,18979439000.0,19520174503.0
phi2_conv300,1657,18979439000.0,19522912171.0
phi2_conv300,1658,18979439000.0,19525692847.0
phi2_conv300,1659,18979439000.0,19528430515.0
phi2_conv300,1660,18979439000.0,19531119031.0
phi2_conv300,1661,18979439000.0,19533856699.0
phi2_conv300,1662,18979439000.0,19536637375.0
phi2_conv300,1663,18979439000.0,19539375043.0
phi2_conv300,1664,18979439000.0,19541912967.0
phi2_conv300,1665,18979439000.0,19544407883.0
phi2_conv300,1666,18979439000.0,19546945807.0
phi2_conv300,1667,18979439000.0,19549391571.0
phi2_conv300,1668,18979439000.0,19551929495.0
phi2_conv300,1669,18979439000.0,19554424411.0
phi2_conv300,1670,18979439000.0,19556962335.0
phi2_conv300,1671,18979439000.0,19559457251.0
phi2_conv300,1672,18979439000.0,19561995175.0
phi2_conv300,1673,18979439000.0,19564490091.0
phi2_conv300,1674,18979439000.0,19566935855.0
phi2_conv300,1675,18979439000.0,19569430771.0
phi2_conv300,1676,18979439000.0,19571968695.0
phi2_conv300,1677,18979439000.0,19574463611.0
phi2_conv300,1678,18979439000.0,19577001535.0
phi2_conv300,1679,18979439000.0,19579496451.0
phi2_conv300,1680,18979439000.0,19582034375.0
phi2_conv300,1681,18979439000.0,19584480139.0
phi2_conv300,1682,18979439000.0,19587018063.0
phi2_conv300,1683,18979439000.0,19589512979.0
phi2_conv300,1684,18979439000.0,19592050903.0
phi2_conv300,1685,18979439000.0,19594545819.0
phi2_conv300,1686,18979439000.0,19597083743.0
phi2_conv300,1687,18979439000.0,19599578659.0
phi2_conv300,1688,18979439000.0,19602024423.0
phi2_conv300,1689,18979439000.0,19604519339.0
phi2_conv300,1690,18979439000.0,19607057263.0
phi2_conv300,1691,18979439000.0,19609552179.0
phi2_conv300,1692,18979439000.0,19612090103.0
phi2_conv300,1693,18979439000.0,19614585019.0
phi2_conv300,1694,18979439000.0,19617122943.0
phi2_conv300,1695,18979439000.0,19619568707.0
phi2_conv300,1696,18979439000.0,19622106631.0
phi2_conv300,1697,18979439000.0,19624601547.0
phi2_conv300,1698,18979439000.0,19627139471.0
phi2_conv300,1699,18979439000.0,19629634387.0
phi2_conv300,1700,18979439000.0,19632172311.0
phi2_conv300,1701,18979439000.0,19634667227.0
phi2_conv300,1702,18979439000.0,19637112991.0
phi2_conv300,1703,18979439000.0,19639607907.0
phi2_conv300,1704,18979439000.0,19642145831.0
phi2_conv300,1705,18979439000.0,19644640747.0
phi2_conv300,1706,18979439000.0,19647178671.0
phi2_conv300,1707,18979439000.0,19649673587.0
phi2_conv300,1708,18979439000.0,19652211511.0
phi2_conv300,1709,18979439000.0,19654657275.0
phi2_conv300,1710,18979439000.0,19657195199.0
phi2_conv300,1711,18979439000.0,19659690115.0
phi2_conv300,1712,18979439000.0,19662228039.0
phi2_conv300,1713,18979439000.0,19664722955.0
phi2_conv300,1714,18979439000.0,19667260879.0
phi2_conv300,1715,18979439000.0,19669755795.0
phi2_conv300,1716,18979439000.0,19672201559.0
phi2_conv300,1717,18979439000.0,19674696475.0
phi2_conv300,1718,18979439000.0,19677234399.0
phi2_conv300,1719,18979439000.0,19679729315.0
phi2_conv300,1720,18979439000.0,19682267239.0
phi2_conv300,1721,18979439000.0,19684762155.0
phi2_conv300,1722,18979439000.0,19687300079.0
phi2_conv300,1723,18979439000.0,19689745843.0
phi2_conv300,1724,18979439000.0,19692283767.0
phi2_conv300,1725,18979439000.0,19694778683.0
phi2_conv300,1726,18979439000.0,19697316607.0
phi2_conv300,1727,18979439000.0,19699811523.0
phi2_conv300,1728,18979439000.0,19702349447.0
phi2_conv300,1729,18979439000.0,19704844363.0
phi2_conv300,1730,18979439000.0,19707290127.0
phi2_conv300,1731,18979439000.0,19709785043.0
phi2_conv300,1732,18979439000.0,19712322967.0
phi2_conv300,1733,18979439000.0,19714817883.0
phi2_conv300,1734,18979439000.0,19717355807.0
phi2_conv300,1735,18979439000.0,19719850723.0
phi2_conv300,1736,18979439000.0,19722388647.0
phi2_conv300,1737,18979439000.0,19724834411.0
phi2_conv300,1738,18979439000.0,19727372335.0
phi2_conv300,1739,18979439000.0,19729867251.0
phi2_conv300,1740,18979439000.0,19732405175.0
phi2_conv300,1741,18979439000.0,19734900091.0
phi2_conv300,1742,19913927000.0,19928705340.0
phi2_conv300,1743,19913927000.0,19930854144.0
phi2_conv300,1744,19913927000.0,19933002948.0
phi2_conv300,1745,19913927000.0,19935151752.0
phi2_conv300,1746,19913927000.0,19937300556.0
phi2_conv300,1747,19913927000.0,19939449360.0
phi2_conv300,1748,19913927000.0,19941598164.0
phi2_conv300,1749,19945197000.0,20030363233.0
phi2_conv300,1750,19945197000.0,20118866682.0
phi2_conv300,1751,19945197000.0,20211230611.0
phi2_conv300,1752,19945197000.0,20306931756.0
phi2_conv300,1753,19945197000.0,20404956357.0
phi2_conv300,1754,19945197000.0,20507945310.0
phi2_conv300,1755,19945197000.0,20614794743.0
phi2_conv300,1756,19945197000.0,20710872423.0
phi2_conv300,1757,19945197000.0,20713706347.0
phi2_conv300,1758,19945197000.0,20716299567.0
phi2_conv300,1759,19945197000.0,20718892787.0
phi2_conv300,1760,19945197000.0,20721486007.0
phi2_conv300,1761,19945197000.0,20724079227.0
phi2_conv300,1762,19945197000.0,20726672447.0
phi2_conv300,1763,19945197000.0,20729265667.0
phi2_conv300,1764,19945197000.0,20731858887.0
phi2_conv300,1765,19945197000.0,20734452107.0
phi2_conv300,1766,19945197000.0,20737045327.0
phi2_conv300,1767,19945197000.0,20739638547.0
phi2_conv300,1768,19945197000.0,20742231767.0
phi2_conv300,1769,19945197000.0,20744824987.0
phi2_conv300,1770,19945197000.0,20747418207.0
phi2_conv300,1771,19945197000.0,20750011427.0
phi2_conv300,1772,19945197000.0,20752604647.0
phi2_conv300,1773,19945197000.0,20755197867.0
phi2_conv300,1774,19945197000.0,20757791087.0
phi2_conv300,1775,19945197000.0,20760384307.0
phi2_conv300,1776,19945197000.0,20762977527.0
phi2_conv300,1777,19945197000.0,20765570747.0
phi2_conv300,1778,19945197000.0,20768163967.0
phi2_conv300,1779,19945197000.0,20770757187.0
phi2_conv300,1780,19945197000.0,20773350407.0
phi2_conv300,1781,19945197000.0,20775943627.0
phi2_conv300,1782,19945197000.0,20778536847.0
phi2_conv300,1783,19945197000.0,20781130067.0
phi2_conv300,1784,19945197000.0,20783723287.0
phi2_conv300,1785,19945197000.0,20786316507.0
phi2_conv300,1786,19945197000.0,20788909727.0
phi2_conv300,1787,19945197000.0,20791502947.0
phi2_conv300,1788,19945197000.0,20794096167.0
phi2_conv300,1789,19945197000.0,20796689387.0
phi2_conv300,1790,19945197000.0,20799282607.0
phi2_conv300,1791,19945197000.0,20801875827.0
phi2_conv300,1792,19945197000.0,20804469047.0
phi2_conv300,1793,19945197000.0,20807062267.0
phi2_conv300,1794,19945197000.0,20809655487.0
phi2_conv300,1795,19945197000.0,20812248707.0
phi2_conv300,1796,19945197000.0,20814841927.0
phi2_conv300,1797,19945197000.0,20817435147.0
phi2_conv300,1798,19945197000.0,20820028367.0
phi2_conv300,1799,19945197000.0,20822621587.0
phi2_conv300,1800,19945197000.0,20825214807.0
phi2_conv300,1801,19945197000.0,20827808027.0
phi2_conv300,1802,19945197000.0,20830401247.0
phi2_conv300,1803,19945197000.0,20832994467.0
phi2_conv300,1804,19945197000.0,20835587687.0
phi2_conv300,1805,19945197000.0,20838180907.0
phi2_conv300,1806,19945197000.0,20840774127.0
phi2_conv300,1807,19945197000.0,20843367347.0
phi2_conv300,1808,19945197000.0,20845960567.0
phi2_conv300,1809,19945197000.0,20848553787.0
phi2_conv300,1810,19945197000.0,20851147007.0
phi2_conv300,1811,19945197000.0,20853740227.0
phi2_conv300,1812,19945197000.0,20856333447.0
phi2_conv300,1813,19945197000.0,20858926667.0
phi2_conv300,1814,19945197000.0,20861519887.0
phi2_conv300,1815,19945197000.0,20864113107.0
phi2_conv300,1816,19945197000.0,20866706327.0
phi2_conv300,1817,19945197000.0,20869299547.0
phi2_conv300,1818,20478941000.0,20899196037.0
phi2_conv300,1819,20478941000.0,20902029961.0
phi2_conv300,1820,20478941000.0,20904863885.0
phi2_conv300,1821,20478941000.0,20907697809.0
phi2_conv300,1822,20478941000.0,20910531733.0
phi2_conv300,1823,20478941000.0,20913365657.0
phi2_conv300,1824,20478941000.0,20916199581.0
phi2_conv300,1825,20478941000.0,20919033505.0
phi2_conv300,1826,20478941000.0,20921867429.0
phi2_conv300,1827,20478941000.0,20924701353.0
phi2_conv300,1828,20478941000.0,20927535277.0
phi2_conv300,1829,20478941000.0,20930369201.0
phi2_conv300,1830,20478941000.0,20932518005.0
phi2_conv300,1831,20478941000.0,20934666809.0
phi2_conv300,1832,20478941000.0,20936815613.0
phi2_conv300,1833,20478941000.0,20938964417.0
phi2_conv300,1834,20478941000.0,20941113221.0
phi2_conv300,1835,20478941000.0,20943262025.0
phi2_conv300,1836,20478941000.0,20945410829.0
phi2_conv300,1837,20478941000.0,20947561681.0
phi2_conv300,1838,20478941000.0,20949712533.0
phi2_conv300,1839,20478941000.0,20951863385.0
phi2_conv300,1840,20478941000.0,20954014237.0
phi2_conv300,1841,20478941000.0,20956165089.0
phi2_conv300,1842,20478941000.0,20958315941.0
phi2_conv300,1843,20478941000.0,20960466793.0
phi2_conv300,1844,20478941000.0,20962617645.0
phi2_conv300,1845,20478941000.0,20964768497.0
phi2_conv300,1846,20478941000.0,20966919349.0
phi2_conv300,1847,20478941000.0,20969070201.0
phi2_conv300,1848,20478941000.0,20971221053.0
phi2_conv300,1849,20478941000.0,20973371905.0
phi2_conv300,1850,20478941000.0,20975522757.0
phi2_conv300,1851,20658353000.0,21006636788.0
phi2_conv300,1852,20658353000.0,21009028344.0
phi2_conv300,1853,20658353000.0,21011419900.0
phi2_conv300,1854,20658353000.0,21013811456.0
phi2_conv300,1855,20658353000.0,21016203012.0
phi2_conv300,1856,20658353000.0,21018594568.0
phi2_conv300,1857,20658353000.0,21020986124.0
phi2_conv300,1858,20658353000.0,21023377680.0
phi2_conv300,1859,20658353000.0,21025769236.0
phi2_conv300,1860,20658353000.0,21028162840.0
phi2_conv300,1861,20658353000.0,21030556444.0
phi2_conv300,1862,20658353000.0,21032950048.0
phi2_conv300,1863,20658353000.0,21035343652.0
phi2_conv300,1864,20658353000.0,21037737256.0
phi2_conv300,1865,20658353000.0,21040130860.0
phi2_conv300,1866,20658353000.0,21042524464.0
phi2_conv300,1867,20658353000.0,21044918068.0
phi2_conv300,1868,20658353000.0,21047311672.0
phi2_conv300,1869,20658353000.0,21049705276.0
phi2_conv300,1870,20658353000.0,21052098880.0
phi2_conv300,1871,20658353000.0,21054492484.0
phi2_conv300,1872,20658353000.0,21056886088.0
phi2_conv300,1873,20658353000.0,21059279692.0
phi2_conv300,1874,20658353000.0,21061673296.0
phi2_conv300,1875,20658353000.0,21064066900.0
phi2_conv300,1876,20658353000.0,21066460504.0
phi2_conv300,1877,20658353000.0,21068854108.0
phi2_conv300,1878,20658353000.0,21071247712.0
phi2_conv300,1879,20658353000.0,21073641316.0
phi2_conv300,1880,20658353000.0,21076034920.0
phi2_conv300,1881,20658353000.0,21078428524.0
phi2_conv300,1882,20658353000.0,21080822128.0
phi2_conv300,1883,20658353000.0,21083215732.0
phi2_conv300,1884,20658353000.0,21085609336.0
phi2_conv300,1885,20658353000.0,21088002940.0
phi2_conv300,1886,20658353000.0,21090396544.0
phi2_conv300,1887,20658353000.0,21092790148.0
phi2_conv300,1888,20658353000.0,21095183752.0
phi2_conv300,1889,20658353000.0,21097577356.0
phi2_conv300,1890,20658353000.0,21099970960.0
phi2_conv300,1891,20658353000.0,21102364564.0
phi2_conv300,1892,20658353000.0,21104758168.0
phi2_conv300,1893,20658353000.0,21107151772.0
phi2_conv300,1894,20658353000.0,21109545376.0
phi2_conv300,1895,20658353000.0,21111938980.0
phi2_conv300,1896,20658353000.0,21114332584.0
phi2_conv300,1897,20658353000.0,21116726188.0
phi2_conv300,1898,20658353000.0,21119119792.0
phi2_conv300,1899,20658353000.0,21121513396.0
phi2_conv300,1900,20658353000.0,21123907000.0
phi2_conv300,1901,20658353000.0,21126300604.0
phi2_conv300,1902,20658353000.0,21128694208.0
phi2_conv300,1903,20658353000.0,21131087812.0
phi2_conv300,1904,20658353000.0,21133481416.0
phi2_conv300,1905,20658353000.0,21135875020.0
phi2_conv300,1906,20658353000.0,21138268624.0
phi2_conv300,1907,20941916000.0,21143327764.0
phi2_conv300,1908,20941916000.0,21145962072.0
phi2_conv300,1909,20941916000.0,21148596380.0
phi2_conv300,1910,20941916000.0,21151230688.0
phi2_conv300,1911,20941916000.0,21153864996.0
phi2_conv300,1912,20941916000.0,21156499304.0
phi2_conv300,1913,20941916000.0,21159133612.0
phi2_conv300,1914,20941916000.0,21161767920.0
phi2_conv300,1915,20941916000.0,21164402228.0
phi2_conv300,1916,20941916000.0,21167036536.0
phi2_conv300,1917,20941916000.0,21169670844.0
phi2_conv300,1918,20941916000.0,21172305152.0
phi2_conv300,1919,20941916000.0,21174939460.0
phi2_conv300,1920,20941916000.0,21177573768.0
phi2_conv300,1921,20941916000.0,21180208076.0
phi2_conv300,1922,20941916000.0,21182842384.0
phi2_conv300,1923,20941916000.0,21185476692.0
phi2_conv300,1924,20941916000.0,21188111000.0
phi2_conv300,1925,20941916000.0,21190745308.0
phi2_conv300,1926,20941916000.0,21193379616.0
phi2_conv300,1927,20941916000.0,21196013924.0
phi2_conv300,1928,20941916000.0,21198648232.0
phi2_conv300,1929,20941916000.0,21201282540.0
phi2_conv300,1930,20941916000.0,21203916848.0
phi2_conv300,1931,20941916000.0,21206551156.0
phi2_conv300,1932,20941916000.0,21209185464.0
phi2_conv300,1933,20941916000.0,21211819772.0
phi2_conv300,1934,20941916000.0,21214454080.0
phi2_conv300,1935,20941916000.0,21217088388.0
phi2_conv300,1936,20941916000.0,21219722696.0
phi2_conv300,1937,20941916000.0,21222357004.0
phi2_conv300,1938,20941916000.0,21224991312.0
phi2_conv300,1939,20941916000.0,21227625620.0
phi2_conv300,1940,20941916000.0,21230259928.0
phi2_conv300,1941,20941916000.0,21232651484.0
phi2_conv300,1942,20941916000.0,21235043040.0
phi2_conv300,1943,20941916000.0,21237434596.0
phi2_conv300,1944,20941916000.0,21239826152.0
phi2_conv300,1945,20941916000.0,21242217708.0
phi2_conv300,1946,20941916000.0,21244609264.0
phi2_conv300,1947,20941916000.0,21247000820.0
phi2_conv300,1948,20941916000.0,21249392376.0
phi2_conv300,1949,20941916000.0,21251783932.0
phi2_conv300,1950,20941916000.0,21254175488.0
phi2_conv300,1951,20941916000.0,21256567044.0
phi2_conv300,1952,20941916000.0,21258958600.0
phi2_conv300,1953,20941916000.0,21261350156.0
phi2_conv300,1954,20941916000.0,21263741712.0
phi2_conv300,1955,20941916000.0,21266133268.0
phi2_conv300,1956,20941916000.0,21268524824.0
phi2_conv300,1957,20941916000.0,21270916380.0
phi2_conv300,1958,20941916000.0,21273307936.0
phi2_conv300,1959,20941916000.0,21275699492.0
phi2_conv300,1960,20941916000.0,21278091048.0
phi2_conv300,1961,20941916000.0,21280482604.0
phi2_conv300,1962,20941916000.0,21282874160.0
phi2_conv300,1963,20941916000.0,21285265716.0
phi2_conv300,1964,20941916000.0,21287657272.0
phi2_conv300,1965,20941916000.0,21290048828.0
phi2_conv300,1966,20941916000.0,21292440384.0
phi2_conv300,1967,20941916000.0,21294831940.0
phi2_conv300,1968,20941916000.0,21297223496.0
phi2_conv300,1969,20941916000.0,21299615052.0
phi2_conv300,1970,20941916000.0,21302006608.0
phi2_conv300,1971,20941916000.0,21304398164.0
phi2_conv300,1972,20941916000.0,21306789720.0
phi2_conv300,1973,20941916000.0,21309181276.0
phi2_conv300,1974,20941916000.0,21311572832.0
phi2_conv300,1975,20941916000.0,21313964388.0
phi2_conv300,1976,20941916000.0,21316355944.0
phi2_conv300,1977,20941916000.0,21318747500.0
phi2_conv300,1978,20941916000.0,21321139056.0
phi2_conv300,1979,20941916000.0,21323530612.0
phi2_conv300,1980,20941916000.0,21325922168.0
phi2_conv300,1981,20941916000.0,21328313724.0
phi2_conv300,1982,20941916000.0,21330705280.0
phi2_conv300,1983,20941916000.0,21333096836.0
phi2_conv300,1984,20941916000.0,21335488392.0
phi2_conv300,1985,20941916000.0,21337879948.0
phi2_conv300,1986,20941916000.0,21340271504.0
phi2_conv300,1987,20941916000.0,21342663060.0
phi2_conv300,1988,20941916000.0,21345054616.0
phi2_conv300,1989,20941916000.0,21347446172.0
phi2_conv300,1990,20941916000.0,21349837728.0
phi2_conv300,1991,20941916000.0,21352229284.0
phi2_conv300,1992,20941916000.0,21354620840.0
phi2_conv300,1993,21370065000.0,21403906566.0
phi2_conv300,1994,21375087000.0,21470119394.0
phi2_conv300,1995,21375087000.0,21472996454.0
phi2_conv300,1996,21375087000.0,21475873514.0
phi2_conv300,1997,21375087000.0,21478750574.0
phi2_conv300,1998,21375087000.0,21481627634.0
phi2_conv300,1999,21375087000.0,21484504694.0
phi2_conv300,2000,21375087000.0,21487381754.0
phi2_conv300,2001,21375087000.0,21490258814.0
phi2_conv300,2002,21375087000.0,21493135874.0
phi2_conv300,2003,21375087000.0,21496012934.0
phi2_conv300,2004,21375087000.0,21498937098.0
phi2_conv300,2005,21375087000.0,21501861262.0
phi2_conv300,2006,21375087000.0,21504785426.0
phi2_conv300,2007,21375087000.0,21507709590.0
phi2_conv300,2008,21375087000.0,21510633754.0
phi2_conv300,2009,21375087000.0,21513557918.0
phi2_conv300,2010,21375087000.0,21516482082.0
phi2_conv300,2011,21375087000.0,21519406246.0
phi2_conv300,2012,21375087000.0,21522330410.0
phi2_conv300,2013,21375087000.0,21525254574.0
phi2_conv300,2014,21375087000.0,21528178738.0
phi2_conv300,2015,21375087000.0,21531102902.0
phi2_conv300,2016,21375087000.0,21534027066.0
phi2_conv300,2017,21375087000.0,21536951230.0
phi2_conv300,2018,21375087000.0,21539875394.0
phi2_conv300,2019,21375087000.0,21542799558.0
phi2_conv300,2020,21375087000.0,21545723722.0
phi2_conv300,2021,21375087000.0,21548647886.0
phi2_conv300,2022,21375087000.0,21551572050.0
phi2_conv300,2023,21375087000.0,21554496214.0
phi2_conv300,2024,21375087000.0,21557420378.0
phi2_conv300,2025,21375087000.0,21560344542.0
phi2_conv300,2026,21375087000.0,21563268706.0
phi2_conv300,2027,21375087000.0,21566192870.0
phi2_conv300,2028,21375087000.0,21569117034.0
phi2_conv300,2029,21375087000.0,21572041198.0
phi2_conv300,2030,21375087000.0,21574965362.0
phi2_conv300,2031,21375087000.0,21577889526.0
phi2_conv300,2032,21375087000.0,21580813690.0
phi2_conv300,2033,21375087000.0,21583737854.0
phi2_conv300,2034,21375087000.0,21586662018.0
phi2_conv300,2035,21375087000.0,21589586182.0
phi2_conv300,2036,21375087000.0,21592510346.0
phi2_conv300,2037,21375087000.0,21595434510.0
phi2_conv300,2038,21375087000.0,21598358674.0
phi2_conv300,2039,21375087000.0,21601282838.0
phi2_conv300,2040,21375087000.0,21604207002.0
phi2_conv300,2041,21375087000.0,21607131166.0
phi2_conv300,2042,21375087000.0,21610055330.0
phi2_conv300,2043,21375087000.0,21612979494.0
phi2_conv300,2044,21375087000.0,21615903658.0
phi2_conv300,2045,21375087000.0,21618827822.0
phi2_conv300,2046,21375087000.0,21621751986.0
phi2_conv300,2047,21375087000.0,21624676150.0
phi2_conv300,2048,21375087000.0,21627600314.0
phi2_conv300,2049,21375087000.0,21630524478.0
phi2_conv300,2050,21375087000.0,21633448642.0
phi2_conv300,2051,21375087000.0,21636372806.0
phi2_conv300,2052,21375087000.0,21639296970.0
phi2_conv300,2053,21375087000.0,21642221134.0
phi2_conv300,2054,21375087000.0,21645145298.0
phi2_conv300,2055,21375087000.0,21648069462.0
phi2_conv300,2056,21375087000.0,21650993626.0
phi2_conv300,2057,21375087000.0,21653917790.0
phi2_conv300,2058,21375087000.0,21656841954.0
phi2_conv300,2059,21375087000.0,21659766118.0
phi2_conv300,2060,21375087000.0,21662690282.0
phi2_conv300,2061,21375087000.0,21665614446.0
phi2_conv300,2062,21375087000.0,21668538610.0
phi2_conv300,2063,21375087000.0,21671462774.0
phi2_conv300,2064,21375087000.0,21674386938.0
phi2_conv300,2065,21375087000.0,21677311102.0
phi2_conv300,2066,21375087000.0,21680235266.0
phi2_conv300,2067,21375087000.0,21683159430.0
phi2_conv300,2068,21375087000.0,21685840842.0
phi2_conv300,2069,21375087000.0,21688522254.0
phi2_conv300,2070,21375087000.0,21691203666.0
phi2_conv300,2071,21375087000.0,21693885078.0
phi2_conv300,2072,21375087000.0,21696566490.0
phi2_conv300,2073,21375087000.0,21699247902.0
phi2_conv300,2074,21375087000.0,21701929314.0
phi2_conv300,2075,21370065000.0,21704320870.0
phi2_conv300,2076,21370065000.0,21706712426.0
phi2_conv300,2077,21370065000.0,21709103982.0
phi2_conv300,2078,21370065000.0,21711495538.0
phi2_conv300,2079,21370065000.0,21713887094.0
phi2_conv300,2080,21370065000.0,21716280698.0
phi2_conv300,2081,21370065000.0,21718674302.0
phi2_conv300,2082,21370065000.0,21721067906.0
phi2_conv300,2083,21370065000.0,21723461510.0
phi2_conv300,2084,21370065000.0,21725855114.0
phi2_conv300,2085,21370065000.0,21728248718.0
phi2_conv300,2086,21370065000.0,21730642322.0
phi2_conv300,2087,21370065000.0,21733035926.0
phi2_conv300,2088,21370065000.0,21735429530.0
phi2_conv300,2089,21370065000.0,21737823134.0
phi2_conv300,2090,21370065000.0,21739973986.0
phi2_conv300,2091,21370065000.0,21742124838.0
phi2_conv300,2092,21370065000.0,21744275690.0
phi2_conv300,2093,21370065000.0,21746426542.0
phi2_conv300,2094,21370065000.0,21748577394.0
phi2_conv300,2095,21370065000.0,21750728246.0
phi2_conv300,2096,21370065000.0,21752879098.0
phi2_conv300,2097,21370065000.0,21755029950.0
phi2_conv300,2098,21370065000.0,21757180802.0
phi2_conv300,2099,21370065000.0,21759331654.0
phi2_conv300,2100,21370065000.0,21761482506.0
phi2_conv300,2101,21370065000.0,21763633358.0
phi2_conv300,2102,21370065000.0,21765784210.0
phi2_conv300,2103,21370065000.0,21767935062.0
phi2_conv300,2104,21370065000.0,21770085914.0
phi2_conv300,2105,21370065000.0,21772236766.0
phi2_conv300,2106,21370065000.0,21774387618.0
phi2_conv300,2107,21370065000.0,21776538470.0
phi2_conv300,2108,21370065000.0,21778689322.0
phi2_conv300,2109,21370065000.0,21780840174.0
phi2_conv300,2110,21370065000.0,21782991026.0
phi2_conv300,2111,21370065000.0,21785141878.0
phi2_conv300,2112,21370065000.0,21787292730.0
phi2_conv300,2113,21370065000.0,21789443582.0
phi2_conv300,2114,21370065000.0,21791594434.0
phi2_conv300,2115,21370065000.0,21793745286.0
phi2_conv300,2116,21370065000.0,21795896138.0
phi2_conv300,2117,21370065000.0,21798046990.0
phi2_conv300,2118,21370065000.0,21800197842.0
phi2_conv300,2119,21370065000.0,21802348694.0
phi2_conv300,2120,21370065000.0,21804499546.0
phi2_conv300,2121,21370065000.0,21806650398.0
phi2_conv300,2122,21370065000.0,21808801250.0
phi2_conv300,2123,21370065000.0,21810952102.0
phi2_conv300,2124,21370065000.0,21813102954.0
phi2_conv300,2125,21370065000.0,21815253806.0
phi2_conv300,2126,21370065000.0,21817404658.0
phi2_conv300,2127,21370065000.0,21819555510.0
phi2_conv300,2128,21370065000.0,21821706362.0
phi2_conv300,2129,21370065000.0,21823857214.0
phi2_conv300,2130,21370065000.0,21826008066.0
phi2_conv300,2131,21370065000.0,21828158918.0
phi2_conv300,2132,21370065000.0,21830309770.0
phi2_conv300,2133,21370065000.0,21832460622.0
phi2_conv300,2134,21370065000.0,21834611474.0
phi2_conv300,2135,21370065000.0,21836762326.0
phi2_conv300,2136,21370065000.0,21838913178.0
phi2_conv300,2137,21370065000.0,21841064030.0
phi2_conv300,2138,21370065000.0,21843214882.0
phi2_conv300,2139,21370065000.0,21845365734.0
phi2_conv300,2140,21370065000.0,21847516586.0
phi2_conv300,2141,21370065000.0,21849667438.0
phi2_conv300,2142,21370065000.0,21851818290.0
phi2_conv300,2143,21370065000.0,21853969142.0
phi2_conv300,2144,21370065000.0,21856119994.0
phi2_conv300,2145,21370065000.0,21858270846.0
phi2_conv300,2146,21370065000.0,21860421698.0
phi2_conv300,2147,21370065000.0,21862572550.0
phi2_conv300,2148,21370065000.0,21864723402.0
phi2_conv300,2149,21370065000.0,21866874254.0
phi2_conv300,2150,21370065000.0,21869025106.0
phi2_conv300,2151,21370065000.0,21871175958.0
phi2_conv300,2152,21370065000.0,21873326810.0
phi2_conv300,2153,21370065000.0,21875477662.0
phi2_conv300,2154,21370065000.0,21877628514.0
phi2_conv300,2155,21370065000.0,21879779366.0
phi2_conv300,2156,21370065000.0,21881930218.0
phi2_conv300,2157,21370065000.0,21884081070.0
phi2_conv300,2158,21370065000.0,21886231922.0
phi2_conv300,2159,21370065000.0,21888382774.0
phi2_conv300,2160,21370065000.0,21890533626.0
phi2_conv300,2161,21370065000.0,21892684478.0
phi2_conv300,2162,21370065000.0,21894835330.0
phi2_conv300,2163,21370065000.0,21896986182.0
phi2_conv300,2164,21370065000.0,21899137034.0
phi2_conv300,2165,21370065000.0,21901287886.0
phi2_conv300,2166,21370065000.0,21903438738.0
phi2_conv300,2167,21370065000.0,21905589590.0
phi2_conv300,2168,21370065000.0,21907740442.0
phi2_conv300,2169,21370065000.0,21909891294.0
phi2_conv300,2170,21370065000.0,21912042146.0
phi2_conv300,2171,21370065000.0,21914192998.0
phi2_conv300,2172,21370065000.0,21916343850.0
phi2_conv300,2173,21370065000.0,21918494702.0
phi2_conv300,2174,21370065000.0,21920645554.0
phi2_conv300,2175,21370065000.0,21922796406.0
phi2_conv300,2176,21370065000.0,21924947258.0
phi2_conv300,2177,21370065000.0,21927098110.0
phi2_conv300,2178,21370065000.0,21929248962.0
phi2_conv300,2179,21370065000.0,21931399814.0
phi2_conv300,2180,21370065000.0,21933550666.0
phi2_conv300,2181,21370065000.0,21935701518.0
phi2_conv300,2182,21370065000.0,21937852370.0
phi2_conv300,2183,21370065000.0,21940003222.0
phi2_conv300,2184,21370065000.0,21942154074.0
phi2_conv300,2185,21370065000.0,21944304926.0
phi2_conv300,2186,21370065000.0,21946455778.0
phi2_conv300,2187,21370065000.0,21948606630.0
phi2_conv300,2188,21370065000.0,21950757482.0
phi2_conv300,2189,21370065000.0,21952908334.0
phi2_conv300,2190,21370065000.0,21955059186.0
phi2_conv300,2191,21370065000.0,21957210038.0
phi2_conv300,2192,21370065000.0,21959360890.0
phi2_conv300,2193,21370065000.0,21961511742.0
phi2_conv300,2194,21370065000.0,21963662594.0
phi2_conv300,2195,21370065000.0,21965813446.0
phi2_conv300,2196,21370065000.0,21967964298.0
phi2_conv300,2197,21370065000.0,21970115150.0
phi2_conv300,2198,21370065000.0,21972313106.0
phi2_conv300,2199,21370065000.0,21974511062.0
phi2_conv300,2200,21370065000.0,21976709018.0
phi2_conv300,2201,21370065000.0,21978906974.0
phi2_conv300,2202,21370065000.0,21981104930.0
phi2_conv300,2203,21370065000.0,21983302886.0
phi2_conv300,2204,21370065000.0,21985500842.0
phi2_conv300,2205,21370065000.0,21987698798.0
phi2_conv300,2206,21370065000.0,21989896754.0
phi2_conv300,2207,21370065000.0,21992094710.0
phi2_conv300,2208,21370065000.0,21994292666.0
phi2_conv300,2209,21370065000.0,21996490622.0
phi2_conv300,2210,22712872000.0,22733246500.0
phi2_conv300,2211,22712872000.0,22735395304.0
phi2_conv300,2212,22712872000.0,22737544108.0
phi2_conv300,2213,22712872000.0,22739692912.0
phi2_conv300,2214,22712872000.0,22741841716.0
phi2_conv300,2215,22712872000.0,22743990520.0
phi2_conv300,2216,22712872000.0,22746139324.0
phi2_conv300,2217,22712872000.0,22748288128.0
phi2_conv300,2218,22712872000.0,22750436932.0
phi2_conv300,2219,22712872000.0,22752585736.0
phi2_conv300,2220,22712872000.0,22754734540.0
phi2_conv300,2221,22712872000.0,22756883344.0
phi2_conv300,2222,22712872000.0,22759032148.0
phi2_conv300,2223,22712872000.0,22761180952.0
phi2_conv300,2224,22712872000.0,22763329756.0
phi2_conv300,2225,22712872000.0,22765478560.0
phi2_conv300,2226,22712872000.0,22767627364.0
phi2_conv300,2227,22712872000.0,22769776168.0
phi2_conv300,2228,22712872000.0,22771924972.0
phi2_conv300,2229,22712872000.0,22774073776.0
phi2_conv300,2230,22712872000.0,22776222580.0
phi2_conv300,2231,22712872000.0,22778371384.0
phi2_conv300,2232,22712872000.0,22780520188.0
phi2_conv300,2233,22712872000.0,22782668992.0
phi2_conv300,2234,22712872000.0,22784817796.0
phi2_conv300,2235,22712872000.0,22786966600.0
phi2_conv300,2236,22712872000.0,22789115404.0
phi2_conv300,2237,22712872000.0,22791264208.0
phi2_conv300,2238,22712872000.0,22793413012.0
phi2_conv300,2239,22712872000.0,22795561816.0
phi2_conv300,2240,22712872000.0,22797710620.0
phi2_conv300,2241,22712872000.0,22799859424.0
phi2_conv300,2242,22712872000.0,22802008228.0
phi2_conv300,2243,22712872000.0,22804157032.0
phi2_conv300,2244,22712872000.0,22806305836.0
phi2_conv300,2245,22712872000.0,22808454640.0
phi2_conv300,2246,22712872000.0,22810603444.0
phi2_conv300,2247,22712872000.0,22812752248.0
phi2_conv300,2248,22712872000.0,22814901052.0
phi2_conv300,2249,22712872000.0,22817049856.0
phi2_conv300,2250,22712872000.0,22819198660.0
phi2_conv300,2251,22712872000.0,22821347464.0
phi2_conv300,2252,22712872000.0,22823496268.0
phi2_conv300,2253,22712872000.0,22825645072.0
phi2_conv300,2254,22712872000.0,22827793876.0
phi2_conv300,2255,22712872000.0,22829942680.0
phi2_conv300,2256,22712872000.0,22832091484.0
phi2_conv300,2257,22712872000.0,22834240288.0
phi2_conv300,2258,22712872000.0,22836389092.0
phi2_conv300,2259,22712872000.0,22838537896.0
phi2_conv300,2260,22712872000.0,22840686700.0
phi2_conv300,2261,22712872000.0,22842835504.0
phi2_conv300,2262,22712872000.0,22844984308.0
phi2_conv300,2263,22712872000.0,22847133112.0
phi2_conv300,2264,22712872000.0,22849281916.0
phi2_conv300,2265,22712872000.0,22851430720.0
phi2_conv300,2266,22712872000.0,22853579524.0
phi2_conv300,2267,22712872000.0,22855728328.0
phi2_conv300,2268,22994856000.0,23029264464.0
phi2_conv300,2269,22994856000.0,23031656020.0
phi2_conv300,2270,22994856000.0,23034047576.0
phi2_conv300,2271,22994856000.0,23036439132.0
phi2_conv300,2272,22994856000.0,23038830688.0
phi2_conv300,2273,22994856000.0,23041222244.0
phi2_conv300,2274,22994856000.0,23043613800.0
phi2_conv300,2275,22994856000.0,23046005356.0
phi2_conv300,2276,22994856000.0,23048396912.0
phi2_conv300,2277,22994856000.0,23050788468.0
phi2_conv300,2278,22994856000.0,23053180024.0
phi2_conv300,2279,22994856000.0,23055571580.0
phi2_conv300,2280,22994856000.0,23057963136.0
phi2_conv300,2281,22994856000.0,23060354692.0
phi2_conv300,2282,22994856000.0,23062746248.0
phi2_conv300,2283,22994856000.0,23065137804.0
phi2_conv300,2284,22994856000.0,23067531408.0
phi2_conv300,2285,22994856000.0,23069925012.0
phi2_conv300,2286,22994856000.0,23072318616.0
phi2_conv300,2287,22994856000.0,23074712220.0
phi2_conv300,2288,22994856000.0,23077105824.0
phi2_conv300,2289,22994856000.0,23079499428.0
phi2_conv300,2290,22994856000.0,23081893032.0
phi2_conv300,2291,22994856000.0,23084286636.0
phi2_conv300,2292,22994856000.0,23086680240.0
phi2_conv300,2293,22994856000.0,23089073844.0
phi2_conv300,2294,22994856000.0,23091467448.0
phi2_conv300,2295,22994856000.0,23093861052.0
phi2_conv300,2296,22994856000.0,23096254656.0
phi2_conv300,2297,22994856000.0,23098648260.0
phi2_conv300,2298,22994856000.0,23101041864.0
phi2_conv300,2299,22994856000.0,23103435468.0
phi2_conv300,2300,22994856000.0,23105829072.0
phi2_conv300,2301,22994856000.0,23108222676.0
phi2_conv300,2302,22994856000.0,23110616280.0
phi2_conv300,2303,22994856000.0,23113009884.0
phi2_conv300,2304,22994856000.0,23115403488.0
phi2_conv300,2305,22994856000.0,23117797092.0
phi2_conv300,2306,22994856000.0,23120190696.0
phi2_conv300,2307,22994856000.0,23122584300.0
phi2_conv300,2308,22994856000.0,23124977904.0
phi2_conv300,2309,22994856000.0,23127371508.0
phi2_conv300,2310,22994856000.0,23129765112.0
phi2_conv300,2311,22994856000.0,23132158716.0
phi2_conv300,2312,22994856000.0,23134552320.0
phi2_conv300,2313,22994856000.0,23136945924.0
phi2_conv300,2314,22994856000.0,23139339528.0
phi2_conv300,2315,22994856000.0,23141733132.0
phi2_conv300,2316,22994856000.0,23144126736.0
phi2_conv300,2317,22994856000.0,23146520340.0
phi2_conv300,2318,22994856000.0,23148913944.0
phi2_conv300,2319,22994856000.0,23151307548.0
phi2_conv300,2320,22994856000.0,23153701152.0
phi2_conv300,2321,22994856000.0,23156094756.0
phi2_conv300,2322,22994856000.0,23158488360.0
phi2_conv300,2323,22994856000.0,23160881964.0
phi2_conv300,2324,22994856000.0,23163275568.0
phi2_conv300,2325,22994856000.0,23165669172.0
phi2_conv300,2326,22994856000.0,23168062776.0
phi2_conv300,2327,22994856000.0,23170456380.0
phi2_conv300,2328,22994856000.0,23172849984.0
phi2_conv300,2329,22994856000.0,23175243588.0
phi2_conv300,2330,22994856000.0,23177637192.0
phi2_conv300,2331,22994856000.0,23180030796.0
phi2_conv300,2332,22994856000.0,23182424400.0
phi2_conv300,2333,22994856000.0,23184818004.0
phi2_conv300,2334,22994856000.0,23187211608.0
phi2_conv300,2335,22994856000.0,23189605212.0
phi2_conv300,2336,22994856000.0,23191998816.0
phi2_conv300,2337,22994856000.0,23194392420.0
phi2_conv300,2338,22994856000.0,23196786024.0
phi2_conv300,2339,22994856000.0,23199179628.0
phi2_conv300,2340,22994856000.0,23201573232.0
phi2_conv300,2341,22994856000.0,23203966836.0
phi2_conv300,2342,23371403000.0,23406207564.0
phi2_conv300,2343,23371403000.0,23408843920.0
phi2_conv300,2344,23371403000.0,23411480276.0
phi2_conv300,2345,23371403000.0,23414116632.0
phi2_conv300,2346,23371403000.0,23416752988.0
phi2_conv300,2347,23371403000.0,23419389344.0
phi2_conv300,2348,23371403000.0,23422025700.0
phi2_conv300,2349,23371403000.0,23424662056.0
phi2_conv300,2350,23371403000.0,23427298412.0
phi2_conv300,2351,23371403000.0,23429934768.0
phi2_conv300,2352,23371403000.0,23432571124.0
phi2_conv300,2353,23371403000.0,23435207480.0
phi2_conv300,2354,23371403000.0,23437843836.0
phi2_conv300,2355,23371403000.0,23440480192.0
phi2_conv300,2356,23371403000.0,23443116548.0
phi2_conv300,2357,23371403000.0,23445752904.0
phi2_conv300,2358,23371403000.0,23448389260.0
phi2_conv300,2359,23371403000.0,23451025616.0
phi2_conv300,2360,23371403000.0,23453661972.0
phi2_conv300,2361,23371403000.0,23456298328.0
phi2_conv300,2362,23371403000.0,23458934684.0
phi2_conv300,2363,23371403000.0,23461571040.0
phi2_conv300,2364,23371403000.0,23464207396.0
phi2_conv300,2365,23371403000.0,23466843752.0
phi2_conv300,2366,23371403000.0,23469480108.0
phi2_conv300,2367,23371403000.0,23472116464.0
phi2_conv300,2368,23371403000.0,23474752820.0
phi2_conv300,2369,23371403000.0,23477389176.0
phi2_conv300,2370,23371403000.0,23480025532.0
phi2_conv300,2371,23371403000.0,23482661888.0
phi2_conv300,2372,23371403000.0,23485298244.0
phi2_conv300,2373,23371403000.0,23487934600.0
phi2_conv300,2374,23371403000.0,23490570956.0
phi2_conv300,2375,23371403000.0,23493207312.0
phi2_conv300,2376,23371403000.0,23495843668.0
phi2_conv300,2377,23371403000.0,23498480024.0
phi2_conv300,2378,23371403000.0,23501116380.0
phi2_conv300,2379,23371403000.0,23503752736.0
phi2_conv300,2380,23371403000.0,23506389092.0
phi2_conv300,2381,23371403000.0,23509025448.0
phi2_conv300,2382,23371403000.0,23511419052.0
phi2_conv300,2383,23371403000.0,23513812656.0
phi2_conv300,2384,23371403000.0,23516206260.0
phi2_conv300,2385,23371403000.0,23518599864.0
phi2_conv300,2386,23371403000.0,23520993468.0
phi2_conv300,2387,23371403000.0,23523387072.0
phi2_conv300,2388,23371403000.0,23525780676.0
phi2_conv300,2389,23371403000.0,23528174280.0
phi2_conv300,2390,23371403000.0,23530567884.0
phi2_conv300,2391,23371403000.0,23532961488.0
phi2_conv300,2392,23371403000.0,23535355092.0
phi2_conv300,2393,23371403000.0,23537748696.0
phi2_conv300,2394,23371403000.0,23540142300.0
phi2_conv300,2395,23371403000.0,23542535904.0
phi2_conv300,2396,23371403000.0,23544929508.0
phi2_conv300,2397,23371403000.0,23547323112.0
phi2_conv300,2398,23371403000.0,23549716716.0
phi2_conv300,2399,23371403000.0,23552110320.0
phi2_conv300,2400,23371403000.0,23554503924.0
phi2_conv300,2401,23371403000.0,23556897528.0
phi2_conv300,2402,23371403000.0,23559291132.0
phi2_conv300,2403,23371403000.0,23561684736.0
phi2_conv300,2404,23371403000.0,23564078340.0
phi2_conv300,2405,23371403000.0,23566471944.0
phi2_conv300,2406,23371403000.0,23568865548.0
phi2_conv300,2407,23371403000.0,23571259152.0
phi2_conv300,2408,23371403000.0,23573652756.0
phi2_conv300,2409,23371403000.0,23576046360.0
phi2_conv300,2410,23371403000.0,23578439964.0
phi2_conv300,2411,23371403000.0,23580833568.0
phi2_conv300,2412,23371403000.0,23583227172.0
phi2_conv300,2413,23371403000.0,23585620776.0
phi2_conv300,2414,23371403000.0,23588014380.0
phi2_conv300,2415,23371403000.0,23590407984.0
phi2_conv300,2416,23371403000.0,23592801588.0
phi2_conv300,2417,23371403000.0,23595195192.0
phi2_conv300,2418,23371403000.0,23597588796.0
phi2_conv300,2419,23371403000.0,23599982400.0
phi2_conv300,2420,23371403000.0,23602376004.0
phi2_conv300,2421,23371403000.0,23604769608.0
phi2_conv300,2422,23371403000.0,23607163212.0
phi2_conv300,2423,23371403000.0,23609556816.0
phi2_conv300,2424,23371403000.0,23611950420.0
phi2_conv300,2425,23371403000.0,23614344024.0
phi2_conv300,2426,23371403000.0,23616737628.0
phi2_conv300,2427,23371403000.0,23619131232.0
phi2_conv300,2428,23371403000.0,23621524836.0
phi2_conv300,2429,23371403000.0,23623918440.0
phi2_conv300,2430,23371403000.0,23626312044.0
phi2_conv300,2431,23371403000.0,23628705648.0
phi2_conv300,2432,23371403000.0,23631099252.0
phi2_conv300,2433,23371403000.0,23633492856.0
phi2_conv300,2434,23371403000.0,23635886460.0
phi2_conv300,2435,23371403000.0,23638280064.0
phi2_conv300,2436,23371403000.0,23640673668.0
phi2_conv300,2437,23371403000.0,23643067272.0
phi2_conv300,2438,23371403000.0,23645460876.0
phi2_conv300,2439,23371403000.0,23647854480.0
phi2_conv300,2440,23371403000.0,23650248084.0
phi2_conv300,2441,23371403000.0,23652641688.0
phi2_conv300,2442,23371403000.0,23655035292.0
phi2_conv300,2443,23371403000.0,23657428896.0
phi2_conv300,2444,23371403000.0,23659822500.0
phi2_conv300,2445,23371403000.0,23662216104.0
phi2_conv300,2446,23371403000.0,23664609708.0
phi2_conv300,2447,23371403000.0,23667003312.0
phi2_conv300,2448,23371403000.0,23669396916.0
phi2_conv300,2449,23371403000.0,23671547768.0
phi2_conv300,2450,23371403000.0,23673698620.0
phi2_conv300,2451,23371403000.0,23675849472.0
phi2_conv300,2452,23371403000.0,23678000324.0
phi2_conv300,2453,23371403000.0,23680151176.0
phi2_conv300,2454,23371403000.0,23682302028.0
phi2_conv300,2455,23371403000.0,23684452880.0
phi2_conv300,2456,23371403000.0,23686603732.0
phi2_conv300,2457,23371403000.0,23688754584.0
phi2_conv300,2458,23371403000.0,23690905436.0
phi2_conv300,2459,23371403000.0,23693056288.0
phi2_conv300,2460,23371403000.0,23695207140.0
phi2_conv300,2461,23371403000.0,23697357992.0
phi2_conv300,2462,23371403000.0,23699508844.0
phi2_conv300,2463,23371403000.0,23701659696.0
phi2_conv300,2464,23371403000.0,23703810548.0
phi2_conv300,2465,23371403000.0,23705961400.0
phi2_conv300,2466,23371403000.0,23708112252.0
phi2_conv300,2467,23371403000.0,23710263104.0
phi2_conv300,2468,23371403000.0,23712413956.0
phi2_conv300,2469,23371403000.0,23714564808.0
phi2_conv300,2470,23371403000.0,23716715660.0
phi2_conv300,2471,23371403000.0,23718866512.0
phi2_conv300,2472,23371403000.0,23721017364.0
phi2_conv300,2473,23371403000.0,23723168216.0
phi2_conv300,2474,23371403000.0,23725319068.0
phi2_conv300,2475,23371403000.0,23727469920.0
phi2_conv300,2476,23371403000.0,23729620772.0
phi2_conv300,2477,23371403000.0,23731771624.0
phi2_conv300,2478,23371403000.0,23733922476.0
phi2_conv300,2479,23371403000.0,23736073328.0
phi2_conv300,2480,23371403000.0,23738224180.0
phi2_conv300,2481,23371403000.0,23740375032.0
phi2_conv300,2482,23371403000.0,23742525884.0
phi2_conv300,2483,23371403000.0,23744676736.0
phi2_conv300,2484,23371403000.0,23746827588.0
phi2_conv300,2485,23371403000.0,23748978440.0
phi2_conv300,2486,23371403000.0,23751129292.0
phi2_conv300,2487,23371403000.0,23753280144.0
phi2_conv300,2488,23371403000.0,23755430996.0
phi2_conv300,2489,23371403000.0,23757581848.0
phi2_conv300,2490,23371403000.0,23759732700.0
phi2_conv300,2491,23371403000.0,23761883552.0
phi2_conv300,2492,23371403000.0,23764034404.0
phi2_conv300,2493,23371403000.0,23766185256.0
phi2_conv300,2494,23371403000.0,23768336108.0
phi2_conv300,2495,24146296000.0,24151268036.0
phi2_conv300,2496,24146296000.0,24153659592.0
phi2_conv300,2497,24146296000.0,24156051148.0
phi2_conv300,2498,24146296000.0,24158442704.0
phi2_conv300,2499,24146296000.0,24160834260.0
phi2_conv300,2500,24146296000.0,24163225816.0
phi2_conv300,2501,24146296000.0,24165617372.0
phi2_conv300,2502,24146296000.0,24168008928.0
phi2_conv300,2503,24146296000.0,24170400484.0
phi2_conv300,2504,24146296000.0,24172792040.0
phi2_conv300,2505,24146296000.0,24175183596.0
phi2_conv300,2506,24146296000.0,24177575152.0
phi2_conv300,2507,24146296000.0,24179966708.0
phi2_conv300,2508,24146296000.0,24182358264.0
phi2_conv300,2509,24146296000.0,24184749820.0
phi2_conv300,2510,24146296000.0,24187141376.0
phi2_conv300,2511,24146296000.0,24189532932.0
phi2_conv300,2512,24146296000.0,24191924488.0
phi2_conv300,2513,24146296000.0,24194316044.0
phi2_conv300,2514,24146296000.0,24196707600.0
phi2_conv300,2515,24146296000.0,24199099156.0
phi2_conv300,2516,24146296000.0,24201490712.0
phi2_conv300,2517,24146296000.0,24203882268.0
phi2_conv300,2518,24146296000.0,24206273824.0
phi2_conv300,2519,24146296000.0,24208665380.0
phi2_conv300,2520,24146296000.0,24211056936.0
phi2_conv300,2521,24146296000.0,24213448492.0
phi2_conv300,2522,24146296000.0,24215840048.0
phi2_conv300,2523,24146296000.0,24217988852.0
phi2_conv300,2524,24146296000.0,24220137656.0
phi2_conv300,2525,24146296000.0,24222286460.0
phi2_conv300,2526,24146296000.0,24224435264.0
phi2_conv300,2527,24146296000.0,24226584068.0
phi2_conv300,2528,24146296000.0,24228732872.0
phi2_conv300,2529,24146296000.0,24230881676.0
phi2_conv300,2530,24146296000.0,24233030480.0
phi2_conv300,2531,24146296000.0,24235179284.0
phi2_conv300,2532,24146296000.0,24237328088.0
phi2_conv300,2533,24146296000.0,24239476892.0
phi2_conv300,2534,24146296000.0,24241625696.0
phi2_conv300,2535,24146296000.0,24243774500.0
phi2_conv300,2536,24146296000.0,24245923304.0
phi2_conv300,2537,24146296000.0,24248072108.0
phi2_conv300,2538,24146296000.0,24250220912.0
phi2_conv300,2539,24146296000.0,24252369716.0
phi2_conv300,2540,24146296000.0,24254518520.0
phi2_conv300,2541,24146296000.0,24256667324.0
phi2_conv300,2542,24146296000.0,24258816128.0
phi2_conv300,2543,24146296000.0,24260964932.0
phi2_conv300,2544,24146296000.0,24263113736.0
phi2_conv300,2545,24146296000.0,24265262540.0
phi2_conv300,2546,24146296000.0,24267411344.0
phi2_conv300,2547,24146296000.0,24269560148.0
phi2_conv300,2548,24146296000.0,24271708952.0
phi2_conv300,2549,24146296000.0,24273857756.0
phi2_conv300,2550,24146296000.0,24276006560.0
phi2_conv300,2551,24146296000.0,24278155364.0
phi2_conv300,2552,24146296000.0,24280304168.0
phi2_conv300,2553,24146296000.0,24282452972.0
phi2_conv300,2554,24146296000.0,24284601776.0
phi2_conv300,2555,24146296000.0,24286750580.0
phi2_conv300,2556,24146296000.0,24288899384.0
phi2_conv300,2557,24146296000.0,24291048188.0
phi2_conv300,2558,24146296000.0,24293196992.0
phi2_conv300,2559,24146296000.0,24295345796.0
phi2_conv300,2560,24146296000.0,24297494600.0
phi2_conv300,2561,24146296000.0,24299643404.0
phi2_conv300,2562,24146296000.0,24301792208.0
phi2_conv300,2563,24146296000.0,24303941012.0
phi2_conv300,2564,24146296000.0,24306089816.0
phi2_conv300,2565,24146296000.0,24308238620.0
phi2_conv300,2566,24146296000.0,24310387424.0
phi2_conv300,2567,24146296000.0,24312536228.0
phi2_conv300,2568,24146296000.0,24314685032.0
phi2_conv300,2569,24146296000.0,24316833836.0
phi2_conv300,2570,24146296000.0,24318982640.0
phi2_conv300,2571,24146296000.0,24321131444.0
phi2_conv300,2572,24146296000.0,24323280248.0
phi2_conv300,2573,24146296000.0,24325429052.0
phi2_conv300,2574,24146296000.0,24327577856.0
phi2_conv300,2575,24146296000.0,24329726660.0
phi2_conv300,2576,24146296000.0,24331875464.0
phi2_conv300,2577,24146296000.0,24334024268.0
phi2_conv300,2578,24146296000.0,24336173072.0
phi2_conv300,2579,24146296000.0,24338321876.0
phi2_conv300,2580,24146296000.0,24340470680.0
phi2_conv300,2581,24146296000.0,24342619484.0
phi2_conv300,2582,24146296000.0,24344768288.0
phi2_conv300,2583,24146296000.0,24346917092.0
phi2_conv300,2584,24146296000.0,24349065896.0
phi2_conv300,2585,24146296000.0,24351214700.0
phi2_conv300,2586,24146296000.0,24353363504.0
phi2_conv300,2587,24146296000.0,24355512308.0
phi2_conv300,2588,24146296000.0,24357661112.0
phi2_conv300,2589,24146296000.0,24359809916.0
phi2_conv300,2590,24146296000.0,24361958720.0
phi2_conv300,2591,24146296000.0,24364107524.0
phi2_conv300,2592,24146296000.0,24366256328.0
phi2_conv300,2593,24146296000.0,24368405132.0
phi2_conv300,2594,24146296000.0,24370553936.0
phi2_conv300,2595,24146296000.0,24372702740.0
phi2_conv300,2596,24146296000.0,24374851544.0
phi2_conv300,2597,24146296000.0,24377000348.0
phi2_conv300,2598,24146296000.0,24379149152.0
phi2_conv300,2599,24146296000.0,24381297956.0
phi2_conv300,2600,24146296000.0,24383446760.0
phi2_conv300,2601,24146296000.0,24385595564.0
phi2_conv300,2602,24146296000.0,24387744368.0
phi2_conv300,2603,24146296000.0,24389893172.0
phi2_conv300,2604,24146296000.0,24392041976.0
phi2_conv300,2605,24146296000.0,24394190780.0
phi2_conv300,2606,24146296000.0,24396339584.0
phi2_conv300,2607,24146296000.0,24398488388.0
phi2_conv300,2608,24146296000.0,24400637192.0
phi2_conv300,2609,24146296000.0,24402785996.0
phi2_conv300,2610,24146296000.0,24404934800.0
phi2_conv300,2611,24146296000.0,24407083604.0
phi2_conv300,2612,24146296000.0,24409232408.0
phi2_conv300,2613,24146296000.0,24411381212.0
phi2_conv300,2614,24146296000.0,24413530016.0
phi2_conv300,2615,24146296000.0,24415678820.0
phi2_conv300,2616,24146296000.0,24417827624.0
phi2_conv300,2617,24146296000.0,24419976428.0
phi2_conv300,2618,24146296000.0,24422125232.0
phi2_conv300,2619,24146296000.0,24424274036.0
phi2_conv300,2620,24146296000.0,24426422840.0
phi2_conv300,2621,24146296000.0,24428571644.0
phi2_conv300,2622,24768385000.0,24841142379.0
phi2_conv300,2623,24768385000.0,24843581039.0
phi2_conv300,2624,24768385000.0,24846019699.0
phi2_conv300,2625,24768385000.0,24848458359.0
phi2_conv300,2626,24768385000.0,24850897019.0
phi2_conv300,2627,24768385000.0,24853335679.0
phi2_conv300,2628,24768385000.0,24855774339.0
phi2_conv300,2629,24768385000.0,24858212999.0
phi2_conv300,2630,24768385000.0,24860651659.0
phi2_conv300,2631,24768385000.0,24863090319.0
phi2_conv300,2632,24768385000.0,24865528979.0
phi2_conv300,2633,24768385000.0,24867967639.0
phi2_conv300,2634,24768385000.0,24870406299.0
phi2_conv300,2635,24768385000.0,24872844959.0
phi2_conv300,2636,24768385000.0,24875283619.0
phi2_conv300,2637,24768385000.0,24877722279.0
phi2_conv300,2638,24768385000.0,24880160939.0
phi2_conv300,2639,24768385000.0,24882599599.0
phi2_conv300,2640,24768385000.0,24885038259.0
phi2_conv300,2641,24768385000.0,24887476919.0
phi2_conv300,2642,24768385000.0,24889915579.0
phi2_conv300,2643,24768385000.0,24892354239.0
phi2_conv300,2644,24768385000.0,24894792899.0
phi2_conv300,2645,24894961000.0,24924679606.0
phi2_conv300,2646,24894961000.0,24927358970.0
phi2_conv300,2647,24894961000.0,24930038334.0
phi2_conv300,2648,24894961000.0,24932717698.0
phi2_conv300,2649,24894961000.0,24935397062.0
phi2_conv300,2650,24894961000.0,24938076426.0
phi2_conv300,2651,24894961000.0,24940755790.0
phi2_conv300,2652,24894961000.0,24943435154.0
phi2_conv300,2653,24894961000.0,24946114518.0
phi2_conv300,2654,24894961000.0,24948793882.0
phi2_conv300,2655,24894961000.0,24951473246.0
phi2_conv300,2656,24894961000.0,24954152610.0
phi2_conv300,2657,24894961000.0,24956831974.0
phi2_conv300,2658,24894961000.0,24959511338.0
phi2_conv300,2659,24894961000.0,24962190702.0
phi2_conv300,2660,24894961000.0,24964870066.0
phi2_conv300,2661,24894961000.0,24967549430.0
phi2_conv300,2662,24894961000.0,24970228794.0
phi2_conv300,2663,24894961000.0,24972908158.0
phi2_conv300,2664,24894961000.0,24975589570.0
phi2_conv300,2665,24894961000.0,24978270982.0
phi2_conv300,2666,24894961000.0,24980952394.0
phi2_conv300,2667,24894961000.0,24983635854.0
phi2_conv300,2668,24894961000.0,24986319314.0
phi2_conv300,2669,24894961000.0,24989002774.0
phi2_conv300,2670,24894961000.0,24991443482.0
phi2_conv300,2671,24894961000.0,24993884190.0
phi2_conv300,2672,24894961000.0,24996324898.0
phi2_conv300,2673,24894961000.0,24998765606.0
phi2_conv300,2674,24894961000.0,25001206314.0
phi2_conv300,2675,24894961000.0,25003647022.0
phi2_conv300,2676,24894961000.0,25006087730.0
phi2_conv300,2677,24894961000.0,25008528438.0
phi2_conv300,2678,24894961000.0,25010969146.0
phi2_conv300,2679,24894961000.0,25013409854.0
phi2_conv300,2680,24894961000.0,25015850562.0
phi2_conv300,2681,25081422000.0,25115312718.0
phi2_conv300,2682,25081422000.0,25117996178.0
phi2_conv300,2683,25081422000.0,25120679638.0
phi2_conv300,2684,25081422000.0,25123363098.0
phi2_conv300,2685,25081422000.0,25126046558.0
phi2_conv300,2686,25081422000.0,25128730018.0
phi2_conv300,2687,25081422000.0,25131413478.0
phi2_conv300,2688,25081422000.0,25134096938.0
phi2_conv300,2689,25081422000.0,25136780398.0
phi2_conv300,2690,25081422000.0,25139463858.0
phi2_conv300,2691,25081422000.0,25142147318.0
phi2_conv300,2692,25081422000.0,25144830778.0
phi2_conv300,2693,25081422000.0,25147514238.0
phi2_conv300,2694,25081422000.0,25150197698.0
phi2_conv300,2695,25081422000.0,25152881158.0
phi2_conv300,2696,25081422000.0,25155564618.0
phi2_conv300,2697,25081422000.0,25158250126.0
phi2_conv300,2698,25081422000.0,25160935634.0
phi2_conv300,2699,25081422000.0,25163621142.0
phi2_conv300,2700,25081422000.0,25166306650.0
phi2_conv300,2701,25081422000.0,25168992158.0
phi2_conv300,2702,25081422000.0,25171677666.0
phi2_conv300,2703,25081422000.0,25174363174.0
phi2_conv300,2704,25081422000.0,25177048682.0
phi2_conv300,2705,25081422000.0,25179734190.0
phi2_conv300,2706,25081422000.0,25182419698.0
phi2_conv300,2707,25081422000.0,25185105206.0
phi2_conv300,2708,25081422000.0,25187790714.0
phi2_conv300,2709,25223379000.0,25256626447.0
phi2_conv300,2710,25223379000.0,25259262803.0
phi2_conv300,2711,25223379000.0,25261899159.0
phi2_conv300,2712,25223379000.0,25264535515.0
phi2_conv300,2713,25249840000.0,25349875000.0
phi2_conv300,2714,25249840000.0,25438547605.0
phi2_conv300,2715,25249840000.0,25531074546.0
phi2_conv300,2716,25249840000.0,25626934607.0
phi2_conv300,2717,25249840000.0,25726716588.0
phi2_conv300,2718,25249840000.0,25829854217.0
phi2_conv300,2719,25249840000.0,25936846182.0
phi2_conv300,2720,25324254000.0,26044086085.0
phi2_conv300,2721,25324254000.0,26054817609.0
phi2_conv300,2722,25324254000.0,26058247757.0
phi2_conv300,2723,25324254000.0,26061677905.0
phi2_conv300,2724,25324254000.0,26065108053.0
phi2_conv300,2725,25324254000.0,26068538201.0
phi2_conv300,2726,25324254000.0,26071968349.0
phi2_conv300,2727,25324254000.0,26075398497.0
phi2_conv300,2728,25324254000.0,26078828645.0
phi2_conv300,2729,25324254000.0,26082258793.0
phi2_conv300,2730,25324254000.0,26085688941.0
phi2_conv300,2731,25324254000.0,26089119089.0
phi2_conv300,2732,25324254000.0,26092549237.0
phi2_conv300,2733,25324254000.0,26095979385.0
phi2_conv300,2734,25324254000.0,26099409533.0
phi2_conv300,2735,25324254000.0,26102839681.0
phi2_conv300,2736,25324254000.0,26106269829.0
phi2_conv300,2737,25249840000.0,26109591305.0
phi2_conv300,2738,25249840000.0,26112912781.0
phi2_conv300,2739,25249840000.0,26116234257.0
phi2_conv300,2740,25249840000.0,26119555733.0
phi2_conv300,2741,25249840000.0,26122877209.0
phi2_conv300,2742,25249840000.0,26126198685.0
phi2_conv300,2743,25249840000.0,26129520161.0
phi2_conv300,2744,25249840000.0,26132841637.0
phi2_conv300,2745,25249840000.0,26136163113.0
phi2_conv300,2746,25249840000.0,26139484589.0
phi2_conv300,2747,25249840000.0,26142806065.0
phi2_conv300,2748,25249840000.0,26146127541.0
phi2_conv300,2749,25249840000.0,26149206265.0
phi2_conv300,2750,25249840000.0,26152284989.0
phi2_conv300,2751,25249840000.0,26155363713.0
phi2_conv300,2752,25249840000.0,26158442437.0
phi2_conv300,2753,25249840000.0,26161521161.0
phi2_conv300,2754,25249840000.0,26164599885.0
phi2_conv300,2755,25249840000.0,26167678609.0
phi2_conv300,2756,25249840000.0,26170757333.0
phi2_conv300,2757,25249840000.0,26173836057.0
phi2_conv300,2758,25249840000.0,26176914781.0
phi2_conv300,2759,25249840000.0,26179993505.0
phi2_conv300,2760,25249840000.0,26183072229.0
phi2_conv300,2761,25249840000.0,26186150953.0
phi2_conv300,2762,25249840000.0,26189229677.0
phi2_conv300,2763,25249840000.0,26192308401.0
phi2_conv300,2764,25249840000.0,26195387125.0
phi2_conv300,2765,25249840000.0,26198465849.0
phi2_conv300,2766,25249840000.0,26201544573.0
phi2_conv300,2767,25249840000.0,26204623297.0
phi2_conv300,2768,25249840000.0,26207702021.0
phi2_conv300,2769,25249840000.0,26210780745.0
phi2_conv300,2770,25249840000.0,26213859469.0
phi2_conv300,2771,25249840000.0,26216938193.0
phi2_conv300,2772,25249840000.0,26220016917.0
phi2_conv300,2773,25249840000.0,26223095641.0
phi2_conv300,2774,25249840000.0,26226174365.0
phi2_conv300,2775,25249840000.0,26229253089.0
phi2_conv300,2776,25249840000.0,26232331813.0
phi2_conv300,2777,25249840000.0,26235410537.0
phi2_conv300,2778,25223379000.0,26237804141.0
phi2_conv300,2779,25223379000.0,26240197745.0
phi2_conv300,2780,25223379000.0,26242591349.0
phi2_conv300,2781,25223379000.0,26244984953.0
phi2_conv300,2782,25223379000.0,26247378557.0
phi2_conv300,2783,25223379000.0,26249772161.0
phi2_conv300,2784,25223379000.0,26252165765.0
phi2_conv300,2785,25223379000.0,26254559369.0
phi2_conv300,2786,25223379000.0,26256952973.0
phi2_conv300,2787,25223379000.0,26259346577.0
phi2_conv300,2788,25223379000.0,26261740181.0
phi2_conv300,2789,25223379000.0,26264133785.0
phi2_conv300,2790,25223379000.0,26266527389.0
phi2_conv300,2791,25223379000.0,26268920993.0
phi2_conv300,2792,25223379000.0,26271314597.0
phi2_conv300,2793,25223379000.0,26273708201.0
phi2_conv300,2794,25223379000.0,26276101805.0
phi2_conv300,2795,25223379000.0,26278495409.0
phi2_conv300,2796,25223379000.0,26280889013.0
phi2_conv300,2797,25223379000.0,26283282617.0
phi2_conv300,2798,25223379000.0,26285676221.0
phi2_conv300,2799,25223379000.0,26288069825.0
phi2_conv300,2800,25223379000.0,26290463429.0
phi2_conv300,2801,25223379000.0,26292857033.0
phi2_conv300,2802,25223379000.0,26295250637.0
phi2_conv300,2803,25223379000.0,26297644241.0
phi2_conv300,2804,25223379000.0,26300037845.0
phi2_conv300,2805,25223379000.0,26302431449.0
phi2_conv300,2806,25917107000.0,26387502068.0
phi2_conv300,2807,25917107000.0,26475724559.0
phi2_conv300,2808,25917107000.0,26488190771.0
phi2_conv300,2809,25917107000.0,26490925431.0
phi2_conv300,2810,25917107000.0,26493709243.0
phi2_conv300,2811,25917107000.0,26496493055.0
phi2_conv300,2812,25917107000.0,26499227715.0
phi2_conv300,2813,25917107000.0,26502011527.0
phi2_conv300,2814,25917107000.0,26504795339.0
phi2_conv300,2815,25917107000.0,26507529999.0
phi2_conv300,2816,25917107000.0,26510313811.0
phi2_conv300,2817,25917107000.0,26513097623.0
phi2_conv300,2818,25917107000.0,26515832283.0
phi2_conv300,2819,25917107000.0,26518373343.0
phi2_conv300,2820,25917107000.0,26520914403.0
phi2_conv300,2821,25917107000.0,26523406311.0
phi2_conv300,2822,25917107000.0,26525947371.0
phi2_conv300,2823,25917107000.0,26528488431.0
phi2_conv300,2824,25917107000.0,26530980339.0
phi2_conv300,2825,25917107000.0,26533521399.0
phi2_conv300,2826,25917107000.0,26536062459.0
phi2_conv300,2827,25917107000.0,26538554367.0
phi2_conv300,2828,25917107000.0,26541095427.0
phi2_conv300,2829,25917107000.0,26543636487.0
phi2_conv300,2830,25917107000.0,26546128395.0
phi2_conv300,2831,25917107000.0,26548669455.0
phi2_conv300,2832,25917107000.0,26551210515.0
phi2_conv300,2833,25917107000.0,26553702423.0
phi2_conv300,2834,25917107000.0,26556243483.0
phi2_conv300,2835,25917107000.0,26558784543.0
phi2_conv300,2836,25917107000.0,26561276451.0
phi2_conv300,2837,25917107000.0,26563817511.0
phi2_conv300,2838,25917107000.0,26566358571.0
phi2_conv300,2839,25917107000.0,26568850479.0
phi2_conv300,2840,25917107000.0,26571391539.0
phi2_conv300,2841,25917107000.0,26573932599.0
phi2_conv300,2842,25917107000.0,26576424507.0
phi2_conv300,2843,25917107000.0,26578965567.0
phi2_conv300,2844,25917107000.0,26581506627.0
phi2_conv300,2845,25917107000.0,26583998535.0
phi2_conv300,2846,25917107000.0,26586539595.0
phi2_conv300,2847,25917107000.0,26589080655.0
phi2_conv300,2848,25917107000.0,26591572563.0
phi2_conv300,2849,25917107000.0,26594113623.0
phi2_conv300,2850,25917107000.0,26596654683.0
phi2_conv300,2851,25917107000.0,26599146591.0
phi2_conv300,2852,25917107000.0,26601687651.0
phi2_conv300,2853,25917107000.0,26604228711.0
phi2_conv300,2854,25917107000.0,26606720619.0
phi2_conv300,2855,25917107000.0,26609261679.0
phi2_conv300,2856,25917107000.0,26611802739.0
phi2_conv300,2857,25917107000.0,26614294647.0
phi2_conv300,2858,25917107000.0,26616835707.0
phi2_conv300,2859,25917107000.0,26619376767.0
phi2_conv300,2860,25917107000.0,26621868675.0
phi2_conv300,2861,25917107000.0,26624409735.0
phi2_conv300,2862,25917107000.0,26626950795.0
phi2_conv300,2863,25917107000.0,26629442703.0
phi2_conv300,2864,25917107000.0,26631983763.0
phi2_conv300,2865,26254478000.0,26695234608.0
phi2_conv300,2866,26254478000.0,26697969268.0
phi2_conv300,2867,26254478000.0,26700753080.0
phi2_conv300,2868,26254478000.0,26703536892.0
phi2_conv300,2869,26254478000.0,26706271552.0
phi2_conv300,2870,26254478000.0,26709055364.0
phi2_conv300,2871,26254478000.0,26711839176.0
phi2_conv300,2872,26254478000.0,26714573836.0
phi2_conv300,2873,26254478000.0,26717357648.0
phi2_conv300,2874,26254478000.0,26720141460.0
phi2_conv300,2875,26254478000.0,26722876120.0
phi2_conv300,2876,26254478000.0,26725659932.0
phi2_conv300,2877,26254478000.0,26728443744.0
phi2_conv300,2878,26254478000.0,26731178404.0
phi2_conv300,2879,26254478000.0,26733962216.0
phi2_conv300,2880,26254478000.0,26736746028.0
phi2_conv300,2881,26254478000.0,26739480688.0
phi2_conv300,2882,26254478000.0,26742264500.0
phi2_conv300,2883,26254478000.0,26745048312.0
phi2_conv300,2884,26254478000.0,26747782972.0
phi2_conv300,2885,26254478000.0,26750566784.0
phi2_conv300,2886,26254478000.0,26753107844.0
phi2_conv300,2887,26254478000.0,26755599752.0
phi2_conv300,2888,26254478000.0,26758140812.0
phi2_conv300,2889,26254478000.0,26760681872.0
phi2_conv300,2890,26254478000.0,26763173780.0
phi2_conv300,2891,26254478000.0,26765761944.0
phi2_conv300,2892,26407057000.0,26834837946.0
phi2_conv300,2893,26407057000.0,26837666814.0
phi2_conv300,2894,26407057000.0,26840544834.0
phi2_conv300,2895,26407057000.0,26843422854.0
phi2_conv300,2896,26407057000.0,26846251722.0
phi2_conv300,2897,26407057000.0,26849129742.0
phi2_conv300,2898,26407057000.0,26852007762.0
phi2_conv300,2899,26407057000.0,26854836630.0
phi2_conv300,2900,26461144000.0,26887327927.0
phi2_conv300,2901,26461144000.0,26890446651.0
phi2_conv300,2902,26461144000.0,26893516223.0
phi2_conv300,2903,26461144000.0,26896634947.0
phi2_conv300,2904,26461144000.0,26899753671.0
phi2_conv300,2905,26461144000.0,26902823243.0
phi2_conv300,2906,26461144000.0,26905944015.0
phi2_conv300,2907,26461144000.0,26909064787.0
phi2_conv300,2908,26461144000.0,26912136407.0
phi2_conv300,2909,26461144000.0,26915257179.0
phi2_conv300,2910,26461144000.0,26918377951.0
phi2_conv300,2911,26461144000.0,26921449571.0
phi2_conv300,2912,26461144000.0,26924570343.0
phi2_conv300,2913,26461144000.0,26927691115.0
phi2_conv300,2914,26461144000.0,26930762735.0
phi2_conv300,2915,26461144000.0,26933883507.0
phi2_conv300,2916,26461144000.0,26937004279.0
phi2_conv300,2917,26461144000.0,26940075899.0
phi2_conv300,2918,26461144000.0,26943196671.0
phi2_conv300,2919,26461144000.0,26946317443.0
phi2_conv300,2920,26461144000.0,26949389063.0
phi2_conv300,2921,26461144000.0,26952509835.0
phi2_conv300,2922,26461144000.0,26955630607.0
phi2_conv300,2923,26461144000.0,26958702227.0
phi2_conv300,2924,26461144000.0,26961822999.0
phi2_conv300,2925,26461144000.0,26964943771.0
phi2_conv300,2926,26461144000.0,26968015391.0
phi2_conv300,2927,26461144000.0,26971136163.0
phi2_conv300,2928,26461144000.0,26974256935.0
phi2_conv300,2929,26461144000.0,26977038699.0
phi2_conv300,2930,26461144000.0,26979869615.0
phi2_conv300,2931,26461144000.0,26982700531.0
phi2_conv300,2932,26461144000.0,26985482295.0
phi2_conv300,2933,26461144000.0,26988313211.0
phi2_conv300,2934,26461144000.0,26991144127.0
phi2_conv300,2935,26461144000.0,26993925891.0
phi2_conv300,2936,26461144000.0,26996756807.0
phi2_conv300,2937,26461144000.0,26999587723.0
phi2_conv300,2938,26461144000.0,27002369487.0
phi2_conv300,2939,26461144000.0,27005200403.0
phi2_conv300,2940,26461144000.0,27008031319.0
phi2_conv300,2941,26461144000.0,27010813083.0
phi2_conv300,2942,26461144000.0,27013643999.0
phi2_conv300,2943,26461144000.0,27016474915.0
phi2_conv300,2944,26461144000.0,27019256679.0
phi2_conv300,2945,26461144000.0,27022087595.0
phi2_conv300,2946,26461144000.0,27024918511.0
phi2_conv300,2947,26461144000.0,27027749427.0
phi2_conv300,2948,26461144000.0,27030580343.0
phi2_conv300,2949,26461144000.0,27033411259.0
phi2_conv300,2950,26461144000.0,27036242175.0
phi2_conv300,2951,26461144000.0,27039073091.0
phi2_conv300,2952,26461144000.0,27041904007.0
phi2_conv300,2953,26461144000.0,27044734923.0
phi2_conv300,2954,26461144000.0,27047565839.0
phi2_conv300,2955,26461144000.0,27050396755.0
phi2_conv300,2956,26461144000.0,27053227671.0
phi2_conv300,2957,26461144000.0,27056058587.0
phi2_conv300,2958,26461144000.0,27058889503.0
phi2_conv300,2959,26461144000.0,27061720419.0
phi2_conv300,2960,26461144000.0,27064551335.0
phi2_conv300,2961,26461144000.0,27067382251.0
phi2_conv300,2962,26461144000.0,27070213167.0
phi2_conv300,2963,26461144000.0,27073044083.0
phi2_conv300,2964,26461144000.0,27075874999.0
phi2_conv300,2965,26461144000.0,27078705915.0
phi2_conv300,2966,26461144000.0,27081536831.0
phi2_conv300,2967,26461144000.0,27084367747.0
phi2_conv300,2968,26461144000.0,27087198663.0
phi2_conv300,2969,26461144000.0,27090029579.0
phi2_conv300,2970,26461144000.0,27092860495.0
phi2_conv300,2971,26461144000.0,27095691411.0
phi2_conv300,2972,26461144000.0,27098522327.0
phi2_conv300,2973,26461144000.0,27101353243.0
phi2_conv300,2974,26461144000.0,27104184159.0
phi2_conv300,2975,26461144000.0,27107015075.0
phi2_conv300,2976,26461144000.0,27109845991.0
phi2_conv300,2977,26461144000.0,27112676907.0
phi2_conv300,2978,26461144000.0,27115507823.0
phi2_conv300,2979,26461144000.0,27118338739.0
phi2_conv300,2980,26461144000.0,27121169655.0
phi2_conv300,2981,26461144000.0,27124000571.0
phi2_conv300,2982,26461144000.0,27126831487.0
phi2_conv300,2983,26461144000.0,27129662403.0
phi2_conv300,2984,26461144000.0,27132493319.0
phi2_conv300,2985,26461144000.0,27135324235.0
phi2_conv300,2986,26461144000.0,27138155151.0
phi2_conv300,2987,26461144000.0,27140986067.0
phi2_conv300,2988,26461144000.0,27143816983.0
phi2_conv300,2989,26461144000.0,27146647899.0
phi2_conv300,2990,26461144000.0,27149478815.0
phi2_conv300,2991,26461144000.0,27152309731.0
phi2_conv300,2992,26461144000.0,27155142695.0
phi2_conv300,2993,26461144000.0,27157975659.0
phi2_conv300,2994,26461144000.0,27160516719.0
phi2_conv300,2995,26461144000.0,27163057779.0
phi2_conv300,2996,26461144000.0,27165598839.0
phi2_conv300,2997,26461144000.0,27168139899.0
phi2_conv300,2998,26461144000.0,27170680959.0
phi2_conv300,2999,26461144000.0,27173222019.0
phi2_conv300,3000,26461144000.0,27175763079.0
phi2_conv300,3001,26461144000.0,27178304139.0
phi2_conv300,3002,26461144000.0,27180845199.0
phi2_conv300,3003,26461144000.0,27183386259.0
phi2_conv300,3004,26461144000.0,27185927319.0
phi2_conv300,3005,26461144000.0,27188468379.0
phi2_conv300,3006,26461144000.0,27191009439.0
phi2_conv300,3007,26461144000.0,27193550499.0
phi2_conv300,3008,26461144000.0,27196091559.0
phi2_conv300,3009,26461144000.0,27198632619.0
phi2_conv300,3010,26461144000.0,27201173679.0
phi2_conv300,3011,26461144000.0,27203714739.0
phi2_conv300,3012,26461144000.0,27206255799.0
phi2_conv300,3013,26461144000.0,27208796859.0
phi2_conv300,3014,26461144000.0,27211337919.0
phi2_conv300,3015,26461144000.0,27213878979.0
phi2_conv300,3016,26461144000.0,27216420039.0
phi2_conv300,3017,26461144000.0,27218961099.0
phi2_conv300,3018,26461144000.0,27221502159.0
phi2_conv300,3019,26461144000.0,27224043219.0
phi2_conv300,3020,26461144000.0,27226584279.0
phi2_conv300,3021,26461144000.0,27229125339.0
phi2_conv300,3022,26461144000.0,27231666399.0
phi2_conv300,3023,26461144000.0,27234207459.0
phi2_conv300,3024,26461144000.0,27236748519.0
phi2_conv300,3025,26461144000.0,27239289579.0
phi2_conv300,3026,26461144000.0,27241830639.0
phi2_conv300,3027,26461144000.0,27244371699.0
phi2_conv300,3028,26461144000.0,27246912759.0
phi2_conv300,3029,26461144000.0,27249453819.0
phi2_conv300,3030,26461144000.0,27251994879.0
phi2_conv300,3031,26461144000.0,27254535939.0
phi2_conv300,3032,26461144000.0,27257076999.0
phi2_conv300,3033,26461144000.0,27259618059.0
phi2_conv300,3034,26461144000.0,27262159119.0
phi2_conv300,3035,26461144000.0,27264700179.0
phi2_conv300,3036,26461144000.0,27267241239.0
phi2_conv300,3037,26461144000.0,27269782299.0
phi2_conv300,3038,26461144000.0,27272323359.0
phi2_conv300,3039,26461144000.0,27274864419.0
phi2_conv300,3040,26461144000.0,27277405479.0
phi2_conv300,3041,26461144000.0,27279946539.0
phi2_conv300,3042,26461144000.0,27282487599.0
phi2_conv300,3043,26461144000.0,27285028659.0
phi2_conv300,3044,26461144000.0,27287569719.0
phi2_conv300,3045,26461144000.0,27290110779.0
phi2_conv300,3046,26461144000.0,27292651839.0
phi2_conv300,3047,26461144000.0,27295192899.0
phi2_conv300,3048,26461144000.0,27297733959.0
phi2_conv300,3049,26461144000.0,27300275019.0
phi2_conv300,3050,26461144000.0,27302816079.0
phi2_conv300,3051,26461144000.0,27305357139.0
phi2_conv300,3052,26461144000.0,27307898199.0
phi2_conv300,3053,26461144000.0,27310439259.0
phi2_conv300,3054,26461144000.0,27312980319.0
phi2_conv300,3055,26461144000.0,27315521379.0
phi2_conv300,3056,26461144000.0,27318062439.0
phi2_conv300,3057,26461144000.0,27320603499.0
phi2_conv300,3058,26461144000.0,27323144559.0
phi2_conv300,3059,26461144000.0,27325685619.0
phi2_conv300,3060,26461144000.0,27328226679.0
phi2_conv300,3061,27330266000.0,27364257070.0
phi2_conv300,3062,27330266000.0,27367040882.0
phi2_conv300,3063,27330266000.0,27369824694.0
phi2_conv300,3064,27330266000.0,27372608506.0
phi2_conv300,3065,27330266000.0,27375392318.0
phi2_conv300,3066,27330266000.0,27378176130.0
phi2_conv300,3067,27330266000.0,27380959942.0
phi2_conv300,3068,27330266000.0,27383743754.0
phi2_conv300,3069,27330266000.0,27386527566.0
phi2_conv300,3070,27330266000.0,27389311378.0
phi2_conv300,3071,27330266000.0,27392095190.0
phi2_conv300,3072,27330266000.0,27394879002.0
phi2_conv300,3073,27330266000.0,27397662814.0
phi2_conv300,3074,27330266000.0,27400446626.0
phi2_conv300,3075,27330266000.0,27403230438.0
phi2_conv300,3076,27330266000.0,27406014250.0
phi2_conv300,3077,27330266000.0,27408798062.0
phi2_conv300,3078,27330266000.0,27411581874.0
phi2_conv300,3079,27330266000.0,27414365686.0
phi2_conv300,3080,27330266000.0,27417149498.0
phi2_conv300,3081,27330266000.0,27419982462.0
phi2_conv300,3082,27330266000.0,27422766274.0
phi2_conv300,3083,27330266000.0,27425599238.0
phi2_conv300,3084,27330266000.0,27428383050.0
phi2_conv300,3085,27330266000.0,27431216014.0
phi2_conv300,3086,27330266000.0,27433999826.0
phi2_conv300,3087,27330266000.0,27436832790.0
phi2_conv300,3088,27330266000.0,27439616602.0
phi2_conv300,3089,27330266000.0,27442449566.0
phi2_conv300,3090,27330266000.0,27445233378.0
phi2_conv300,3091,27330266000.0,27448066342.0
phi2_conv300,3092,27330266000.0,27450850154.0
phi2_conv300,3093,27330266000.0,27453683118.0
phi2_conv300,3094,27330266000.0,27456466930.0
phi2_conv300,3095,27330266000.0,27459299894.0
phi2_conv300,3096,27330266000.0,27462083706.0
phi2_conv300,3097,27330266000.0,27464916670.0
phi2_conv300,3098,27330266000.0,27467700482.0
phi2_conv300,3099,27330266000.0,27470533446.0
phi2_conv300,3100,27330266000.0,27473317258.0
phi2_conv300,3101,27330266000.0,27476150222.0
phi2_conv300,3102,27552529000.0,27585874751.0
phi2_conv300,3103,27552529000.0,27588950467.0
phi2_conv300,3104,27552529000.0,27591977031.0
phi2_conv300,3105,27552529000.0,27595052747.0
phi2_conv300,3106,27552529000.0,27598079311.0
phi2_conv300,3107,27552529000.0,27601155027.0
phi2_conv300,3108,27552529000.0,27604181591.0
phi2_conv300,3109,27552529000.0,27607257307.0
phi2_conv300,3110,27552529000.0,27610283871.0
phi2_conv300,3111,27552529000.0,27613359587.0
phi2_conv300,3112,27552529000.0,27616386151.0
phi2_conv300,3113,27552529000.0,27619461867.0
phi2_conv300,3114,27552529000.0,27622535535.0
phi2_conv300,3115,27552529000.0,27625658355.0
phi2_conv300,3116,27552529000.0,27628732023.0
phi2_conv300,3117,27552529000.0,27631564987.0
phi2_conv300,3118,27552529000.0,27634348799.0
phi2_conv300,3119,27552529000.0,27637181763.0
phi2_conv300,3120,27552529000.0,27639965575.0
phi2_conv300,3121,27552529000.0,27642798539.0
phi2_conv300,3122,27552529000.0,27645582351.0
phi2_conv300,3123,27552529000.0,27648415315.0
phi2_conv300,3124,27552529000.0,27651199127.0
phi2_conv300,3125,27552529000.0,27654032091.0
phi2_conv300,3126,27552529000.0,27656815903.0
phi2_conv300,3127,27552529000.0,27659648867.0
phi2_conv300,3128,27552529000.0,27662432679.0
phi2_conv300,3129,27552529000.0,27665265643.0
phi2_conv300,3130,27552529000.0,27668049455.0
phi2_conv300,3131,27552529000.0,27670882419.0
phi2_conv300,3132,27552529000.0,27673666231.0
phi2_conv300,3133,27552529000.0,27676499195.0
phi2_conv300,3134,27552529000.0,27679283007.0
phi2_conv300,3135,27552529000.0,27682115971.0
phi2_conv300,3136,27552529000.0,27684899783.0
phi2_conv300,3137,27552529000.0,27687732747.0
phi2_conv300,3138,27552529000.0,27690516559.0
phi2_conv300,3139,27552529000.0,27693349523.0
phi2_conv300,3140,27552529000.0,27696133335.0
phi2_conv300,3141,27552529000.0,27698966299.0
phi2_conv300,3142,27552529000.0,27701750111.0
phi2_conv300,3143,27552529000.0,27704583075.0
phi2_conv300,3144,27552529000.0,27707366887.0
phi2_conv300,3145,27552529000.0,27710199851.0
phi2_conv300,3146,27552529000.0,27712983663.0
phi2_conv300,3147,27552529000.0,27715816627.0
phi2_conv300,3148,27552529000.0,27718600439.0
phi2_conv300,3149,27552529000.0,27721433403.0
phi2_conv300,3150,27552529000.0,27724217215.0
phi2_conv300,3151,27552529000.0,27727050179.0
phi2_conv300,3152,27552529000.0,27729833991.0
phi2_conv300,3153,27552529000.0,27732666955.0
phi2_conv300,3154,27552529000.0,27735450767.0
phi2_conv300,3155,27552529000.0,27738283731.0
phi2_conv300,3156,27552529000.0,27741067543.0
phi2_conv300,3157,27552529000.0,27743900507.0
phi2_conv300,3158,27552529000.0,27746684319.0
phi2_conv300,3159,27552529000.0,27749517283.0
phi2_conv300,3160,27552529000.0,27752301095.0
phi2_conv300,3161,27552529000.0,27755134059.0
phi2_conv300,3162,27552529000.0,27757917871.0
phi2_conv300,3163,27552529000.0,27760750835.0
phi2_conv300,3164,27552529000.0,27763534647.0
phi2_conv300,3165,27552529000.0,27766367611.0
phi2_conv300,3166,27552529000.0,27769151423.0
phi2_conv300,3167,27552529000.0,27771984387.0
phi2_conv300,3168,27552529000.0,27774768199.0
phi2_conv300,3169,27552529000.0,27777601163.0
phi2_conv300,3170,27552529000.0,27780384975.0
phi2_conv300,3171,27552529000.0,27783217939.0
phi2_conv300,3172,27552529000.0,27786001751.0
phi2_conv300,3173,27552529000.0,27788834715.0
phi2_conv300,3174,27552529000.0,27791618527.0
phi2_conv300,3175,27552529000.0,27794451491.0
phi2_conv300,3176,27552529000.0,27797235303.0
phi2_conv300,3177,27552529000.0,27800068267.0
phi2_conv300,3178,27552529000.0,27802852079.0
phi2_conv300,3179,27552529000.0,27805685043.0
phi2_conv300,3180,27552529000.0,27808468855.0
phi2_conv300,3181,27552529000.0,27811301819.0
phi2_conv300,3182,27552529000.0,27814085631.0
phi2_conv300,3183,27552529000.0,27816918595.0
phi2_conv300,3184,27552529000.0,27819702407.0
phi2_conv300,3185,27552529000.0,27822535371.0
phi2_conv300,3186,27552529000.0,27825319183.0
phi2_conv300,3187,27552529000.0,27828152147.0
phi2_conv300,3188,27552529000.0,27830935959.0
phi2_conv300,3189,27552529000.0,27833768923.0
phi2_conv300,3190,27552529000.0,27836552735.0
phi2_conv300,3191,27552529000.0,27839385699.0
phi2_conv300,3192,27552529000.0,27842169511.0
phi2_conv300,3193,27552529000.0,27845002475.0
phi2_conv300,3194,27552529000.0,27847786287.0
phi2_conv300,3195,27552529000.0,27850619251.0
phi2_conv300,3196,27552529000.0,27853403063.0
phi2_conv300,3197,27552529000.0,27856236027.0
phi2_conv300,3198,27552529000.0,27859019839.0
phi2_conv300,3199,27552529000.0,27861852803.0
phi2_conv300,3200,27552529000.0,27864636615.0
phi2_conv300,3201,27552529000.0,27867469579.0
phi2_conv300,3202,28090234000.0,28101548628.0
phi2_conv300,3203,28090234000.0,28104622296.0
phi2_conv300,3204,28090234000.0,28107646812.0
phi2_conv300,3205,28090234000.0,28110720480.0
phi2_conv300,3206,28090234000.0,28113744996.0
phi2_conv300,3207,28090234000.0,28116818664.0
phi2_conv300,3208,28090234000.0,28119843180.0
phi2_conv300,3209,28090234000.0,28122477488.0
phi2_conv300,3210,28090234000.0,28125111796.0
phi2_conv300,3211,28090234000.0,28127746104.0
phi2_conv300,3212,28090234000.0,28130380412.0
phi2_conv300,3213,28090234000.0,28133014720.0
phi2_conv300,3214,28090234000.0,28135649028.0
phi2_conv300,3215,28090234000.0,28138283336.0
phi2_conv300,3216,28090234000.0,28140917644.0
phi2_conv300,3217,28090234000.0,28143551952.0
phi2_conv300,3218,28090234000.0,28146186260.0
phi2_conv300,3219,28090234000.0,28148820568.0
phi2_conv300,3220,28090234000.0,28151454876.0
phi2_conv300,3221,28090234000.0,28154089184.0
phi2_conv300,3222,28090234000.0,28156723492.0
phi2_conv300,3223,28090234000.0,28159357800.0
phi2_conv300,3224,28090234000.0,28161992108.0
phi2_conv300,3225,28090234000.0,28164626416.0
phi2_conv300,3226,28090234000.0,28167260724.0
phi2_conv300,3227,28090234000.0,28169895032.0
phi2_conv300,3228,28090234000.0,28172529340.0
phi2_conv300,3229,28090234000.0,28175163648.0
phi2_conv300,3230,28090234000.0,28177797956.0
phi2_conv300,3231,28090234000.0,28180432264.0
phi2_conv300,3232,28090234000.0,28183066572.0
phi2_conv300,3233,28090234000.0,28185700880.0
phi2_conv300,3234,28090234000.0,28188335188.0
phi2_conv300,3235,28090234000.0,28190969496.0
phi2_conv300,3236,28090234000.0,28193603804.0
phi2_conv300,3237,28090234000.0,28196238112.0
phi2_conv300,3238,28090234000.0,28198872420.0
phi2_conv300,3239,28090234000.0,28201506728.0
phi2_conv300,3240,28090234000.0,28204141036.0
phi2_conv300,3241,28090234000.0,28206775344.0
phi2_conv300,3242,28090234000.0,28209409652.0
phi2_conv300,3243,28090234000.0,28212043960.0
phi2_conv300,3244,28090234000.0,28214678268.0
phi2_conv300,3245,28090234000.0,28217312576.0
phi2_conv300,3246,28090234000.0,28219946884.0
phi2_conv300,3247,28090234000.0,28222581192.0
phi2_conv300,3248,28090234000.0,28225215500.0
phi2_conv300,3249,28090234000.0,28227849808.0
phi2_conv300,3250,28090234000.0,28230484116.0
phi2_conv300,3251,28090234000.0,28233118424.0
phi2_conv300,3252,28090234000.0,28235752732.0
phi2_conv300,3253,28353357000.0,28430363469.0
phi2_conv300,3254,28353357000.0,28433287633.0
phi2_conv300,3255,28353357000.0,28436211797.0
phi2_conv300,3256,28353357000.0,28439135961.0
phi2_conv300,3257,28353357000.0,28442060125.0
phi2_conv300,3258,28353357000.0,28444984289.0
phi2_conv300,3259,28353357000.0,28447908453.0
phi2_conv300,3260,28353357000.0,28450832617.0
phi2_conv300,3261,28353357000.0,28453756781.0
phi2_conv300,3262,28353357000.0,28456680945.0
phi2_conv300,3263,28353357000.0,28459605109.0
phi2_conv300,3264,28353357000.0,28462529273.0
phi2_conv300,3265,28353357000.0,28465453437.0
phi2_conv300,3266,28353357000.0,28468424705.0
phi2_conv300,3267,28353357000.0,28471395973.0
phi2_conv300,3268,28353357000.0,28474367241.0
phi2_conv300,3269,28353357000.0,28477338509.0
phi2_conv300,3270,28353357000.0,28480309777.0
phi2_conv300,3271,28353357000.0,28483281045.0
phi2_conv300,3272,28353357000.0,28486252313.0
phi2_conv300,3273,28353357000.0,28489223581.0
phi2_conv300,3274,28353357000.0,28492194849.0
phi2_conv300,3275,28353357000.0,28495166117.0
phi2_conv300,3276,28353357000.0,28498137385.0
phi2_conv300,3277,28353357000.0,28501108653.0
phi2_conv300,3278,28353357000.0,28503790065.0
phi2_conv300,3279,28353357000.0,28506471477.0
phi2_conv300,3280,28353357000.0,28509152889.0
phi2_conv300,3281,28353357000.0,28511834301.0
phi2_conv300,3282,28353357000.0,28514515713.0
phi2_conv300,3283,28353357000.0,28517197125.0
phi2_conv300,3284,28353357000.0,28519878537.0
phi2_conv300,3285,28353357000.0,28522559949.0
phi2_conv300,3286,28353357000.0,28525241361.0
phi2_conv300,3287,28353357000.0,28527922773.0
phi2_conv300,3288,28353357000.0,28530604185.0
phi2_conv300,3289,28353357000.0,28533285597.0
phi2_conv300,3290,28353357000.0,28535967009.0
phi2_conv300,3291,28353357000.0,28538648421.0
phi2_conv300,3292,28353357000.0,28541329833.0
phi2_conv300,3293,28353357000.0,28544011245.0
phi2_conv300,3294,28578535000.0,28663919541.0
phi2_conv300,3295,28578535000.0,28752637202.0
phi2_conv300,3296,28607772000.0,28840701937.0
phi2_conv300,3297,28607772000.0,28927356432.0
phi2_conv300,3298,28607772000.0,28961346730.0
phi2_conv300,3299,28607772000.0,28964625326.0
phi2_conv300,3300,28607772000.0,28967903922.0
phi2_conv300,3301,28607772000.0,28971182518.0
phi2_conv300,3302,28607772000.0,28974461114.0
phi2_conv300,3303,28607772000.0,28977739710.0
phi2_conv300,3304,28607772000.0,28981067458.0
phi2_conv300,3305,28607772000.0,28984346054.0
phi2_conv300,3306,28607772000.0,28987673802.0
phi2_conv300,3307,28607772000.0,28990954446.0
phi2_conv300,3308,28607772000.0,28994284242.0
phi2_conv300,3309,28607772000.0,28997564886.0
phi2_conv300,3310,28607772000.0,29000941786.0
phi2_conv300,3311,28607772000.0,29004269534.0
phi2_conv300,3312,28607772000.0,29007646434.0
phi2_conv300,3313,28607772000.0,29010974182.0
phi2_conv300,3314,28607772000.0,29014351082.0
phi2_conv300,3315,28607772000.0,29017678830.0
phi2_conv300,3316,28607772000.0,29021055730.0
phi2_conv300,3317,28764379000.0,29084424303.0
phi2_conv300,3318,28764379000.0,29087884115.0
phi2_conv300,3319,28764379000.0,29091164759.0
phi2_conv300,3320,28764379000.0,29094494555.0
phi2_conv300,3321,28764379000.0,29097775199.0
phi2_conv300,3322,28764379000.0,29101104995.0
phi2_conv300,3323,28764379000.0,29104385639.0
phi2_conv300,3324,28764379000.0,29107715435.0
phi2_conv300,3325,28764379000.0,29110996079.0
phi2_conv300,3326,28764379000.0,29114325875.0
phi2_conv300,3327,28764379000.0,29117606519.0
phi2_conv300,3328,28764379000.0,29120936315.0
phi2_conv300,3329,28764379000.0,29124216959.0
phi2_conv300,3330,28764379000.0,29127546755.0
phi2_conv300,3331,28764379000.0,29130827399.0
phi2_conv300,3332,28764379000.0,29134157195.0
phi2_conv300,3333,28764379000.0,29137437839.0
phi2_conv300,3334,28764379000.0,29140767635.0
phi2_conv300,3335,28764379000.0,29144048279.0
phi2_conv300,3336,28764379000.0,29147378075.0
phi2_conv300,3337,28764379000.0,29150658719.0
phi2_conv300,3338,28764379000.0,29153990563.0
phi2_conv300,3339,28764379000.0,29157273255.0
phi2_conv300,3340,28764379000.0,29160605099.0
phi2_conv300,3341,28764379000.0,29163887791.0
phi2_conv300,3342,28764379000.0,29167219635.0
phi2_conv300,3343,28764379000.0,29170502327.0
phi2_conv300,3344,28764379000.0,29173834171.0
phi2_conv300,3345,28764379000.0,29177116863.0
phi2_conv300,3346,28764379000.0,29180448707.0
phi2_conv300,3347,28764379000.0,29183778503.0
phi2_conv300,3348,28764379000.0,29187157451.0
phi2_conv300,3349,28764379000.0,29190487247.0
phi2_conv300,3350,28764379000.0,29193866195.0
phi2_conv300,3351,28764379000.0,29197195991.0
phi2_conv300,3352,28764379000.0,29200574939.0
phi2_conv300,3353,28764379000.0,29203904735.0
phi2_conv300,3354,28764379000.0,29207283683.0
phi2_conv300,3355,28764379000.0,29210613479.0
phi2_conv300,3356,28764379000.0,29213992427.0
phi2_conv300,3357,28764379000.0,29217322223.0
phi2_conv300,3358,28764379000.0,29220701171.0
phi2_conv300,3359,28764379000.0,29224030967.0
phi2_conv300,3360,28764379000.0,29227409915.0
phi2_conv300,3361,28764379000.0,29230739711.0
phi2_conv300,3362,28764379000.0,29234118659.0
phi2_conv300,3363,28764379000.0,29237448455.0
phi2_conv300,3364,28764379000.0,29240827403.0
phi2_conv300,3365,28764379000.0,29244157199.0
phi2_conv300,3366,28764379000.0,29247536147.0
phi2_conv300,3367,28764379000.0,29250865943.0
phi2_conv300,3368,28764379000.0,29254244891.0
phi2_conv300,3369,28764379000.0,29257574687.0
phi2_conv300,3370,28764379000.0,29260953635.0
phi2_conv300,3371,28764379000.0,29264283431.0
phi2_conv300,3372,28764379000.0,29267662379.0
phi2_conv300,3373,28764379000.0,29270992175.0
phi2_conv300,3374,28764379000.0,29274371123.0
phi2_conv300,3375,28607772000.0,29277543095.0
phi2_conv300,3376,28607772000.0,29280229563.0
phi2_conv300,3377,28607772000.0,29282866879.0
phi2_conv300,3378,28607772000.0,29285553347.0
phi2_conv300,3379,28607772000.0,29288190663.0
phi2_conv300,3380,28607772000.0,29290877131.0
phi2_conv300,3381,28607772000.0,29293514447.0
phi2_conv300,3382,28607772000.0,29296200915.0
phi2_conv300,3383,28607772000.0,29298838231.0
phi2_conv300,3384,28607772000.0,29301524699.0
phi2_conv300,3385,28607772000.0,29304162015.0
phi2_conv300,3386,28607772000.0,29306848483.0
phi2_conv300,3387,28607772000.0,29309485799.0
phi2_conv300,3388,28607772000.0,29312172267.0
phi2_conv300,3389,28607772000.0,29314809583.0
phi2_conv300,3390,28607772000.0,29317496051.0
phi2_conv300,3391,28607772000.0,29320133367.0
phi2_conv300,3392,28607772000.0,29322819835.0
phi2_conv300,3393,28607772000.0,29325457151.0
phi2_conv300,3394,28607772000.0,29328143619.0
phi2_conv300,3395,28607772000.0,29330780935.0
phi2_conv300,3396,28607772000.0,29333467403.0
phi2_conv300,3397,28607772000.0,29336104719.0
phi2_conv300,3398,28607772000.0,29338791187.0
phi2_conv300,3399,28607772000.0,29341428503.0
phi2_conv300,3400,28607772000.0,29344114971.0
phi2_conv300,3401,28607772000.0,29346752287.0
phi2_conv300,3402,28607772000.0,29349438755.0
phi2_conv300,3403,28607772000.0,29352076071.0
phi2_conv300,3404,28607772000.0,29354762539.0
phi2_conv300,3405,28607772000.0,29357399855.0
phi2_conv300,3406,28607772000.0,29360086323.0
phi2_conv300,3407,28607772000.0,29362723639.0
phi2_conv300,3408,28607772000.0,29365410107.0
phi2_conv300,3409,28607772000.0,29368047423.0
phi2_conv300,3410,28607772000.0,29370733891.0
phi2_conv300,3411,28607772000.0,29373371207.0
phi2_conv300,3412,28607772000.0,29376057675.0
phi2_conv300,3413,28607772000.0,29378694991.0
phi2_conv300,3414,28607772000.0,29381381459.0
phi2_conv300,3415,28607772000.0,29384018775.0
phi2_conv300,3416,29340288000.0,29399578523.0
phi2_conv300,3417,29340288000.0,29402456543.0
phi2_conv300,3418,29340288000.0,29405383715.0
phi2_conv300,3419,29340288000.0,29408261735.0
phi2_conv300,3420,29340288000.0,29411188907.0
phi2_conv300,3421,29340288000.0,29414066927.0
phi2_conv300,3422,29340288000.0,29416994099.0
phi2_conv300,3423,29340288000.0,29419872119.0
phi2_conv300,3424,29340288000.0,29422799291.0
phi2_conv300,3425,29340288000.0,29425677311.0
phi2_conv300,3426,29340288000.0,29428604483.0
phi2_conv300,3427,29340288000.0,29431482503.0
phi2_conv300,3428,29340288000.0,29434409675.0
phi2_conv300,3429,29340288000.0,29437287695.0
phi2_conv300,3430,29340288000.0,29440214867.0
phi2_conv300,3431,29340288000.0,29443092887.0
phi2_conv300,3432,28607772000.0,29445779355.0
phi2_conv300,3433,28607772000.0,29448416671.0
phi2_conv300,3434,28607772000.0,29451103139.0
phi2_conv300,3435,28607772000.0,29453740455.0
phi2_conv300,3436,28607772000.0,29456426923.0
phi2_conv300,3437,28607772000.0,29459064239.0
phi2_conv300,3438,28607772000.0,29461750707.0
phi2_conv300,3439,28607772000.0,29464388023.0
phi2_conv300,3440,28607772000.0,29467074491.0
phi2_conv300,3441,28607772000.0,29469711807.0
phi2_conv300,3442,28607772000.0,29472398275.0
phi2_conv300,3443,28607772000.0,29475035591.0
phi2_conv300,3444,28607772000.0,29477722059.0
phi2_conv300,3445,28607772000.0,29480359375.0
phi2_conv300,3446,28607772000.0,29483045843.0
phi2_conv300,3447,28607772000.0,29485683159.0
phi2_conv300,3448,28607772000.0,29488420827.0
phi2_conv300,3449,28607772000.0,29491060191.0
phi2_conv300,3450,28607772000.0,29493797859.0
phi2_conv300,3451,28607772000.0,29496486375.0
phi2_conv300,3452,28607772000.0,29499174891.0
phi2_conv300,3453,28607772000.0,29501863407.0
phi2_conv300,3454,28607772000.0,29504161715.0
phi2_conv300,3455,28607772000.0,29506410871.0
phi2_conv300,3456,28607772000.0,29508709179.0
phi2_conv300,3457,28607772000.0,29511007487.0
phi2_conv300,3458,28607772000.0,29513256643.0
phi2_conv300,3459,28607772000.0,29515554951.0
phi2_conv300,3460,28607772000.0,29517853259.0
phi2_conv300,3461,28607772000.0,29520102415.0
phi2_conv300,3462,28607772000.0,29522400723.0
phi2_conv300,3463,28607772000.0,29524699031.0
phi2_conv300,3464,28607772000.0,29526948187.0
phi2_conv300,3465,28607772000.0,29529246495.0
phi2_conv300,3466,28607772000.0,29531544803.0
phi2_conv300,3467,28607772000.0,29533793959.0
phi2_conv300,3468,28607772000.0,29536092267.0
phi2_conv300,3469,28607772000.0,29538390575.0
phi2_conv300,3470,28607772000.0,29540639731.0
phi2_conv300,3471,28607772000.0,29542938039.0
phi2_conv300,3472,28607772000.0,29545236347.0
phi2_conv300,3473,28607772000.0,29547485503.0
phi2_conv300,3474,28607772000.0,29549783811.0
phi2_conv300,3475,28607772000.0,29552082119.0
phi2_conv300,3476,28607772000.0,29554331275.0
phi2_conv300,3477,28607772000.0,29556629583.0
phi2_conv300,3478,28607772000.0,29558927891.0
phi2_conv300,3479,28607772000.0,29561177047.0
phi2_conv300,3480,29686078000.0,29771393737.0
phi2_conv300,3481,29686078000.0,29860046690.0
phi2_conv300,3482,29686078000.0,29952510971.0
phi2_conv300,3483,29686078000.0,30048361620.0
phi2_conv300,3484,29686078000.0,30146535725.0
phi2_conv300,3485,29686078000.0,30249625030.0
phi2_conv300,3486,29686078000.0,30356623967.0
phi2_conv300,3487,29686078000.0,30455799506.0
phi2_conv300,3488,29686078000.0,30458733782.0
phi2_conv300,3489,29686078000.0,30461717210.0
phi2_conv300,3490,29686078000.0,30464700638.0
phi2_conv300,3491,29686078000.0,30467634914.0
phi2_conv300,3492,29686078000.0,30470618342.0
phi2_conv300,3493,29686078000.0,30473601770.0
phi2_conv300,3494,29686078000.0,30476536046.0
phi2_conv300,3495,29686078000.0,30479519474.0
phi2_conv300,3496,29686078000.0,30482502902.0
phi2_conv300,3497,29686078000.0,30485437178.0
phi2_conv300,3498,29686078000.0,30488420606.0
phi2_conv300,3499,29686078000.0,30491404034.0
phi2_conv300,3500,29686078000.0,30494338310.0
phi2_conv300,3501,29686078000.0,30497321738.0
phi2_conv300,3502,29686078000.0,30500305166.0
phi2_conv300,3503,29686078000.0,30503239442.0
phi2_conv300,3504,29686078000.0,30506222870.0
phi2_conv300,3505,29686078000.0,30509206298.0
phi2_conv300,3506,29686078000.0,30512140574.0
phi2_conv300,3507,29686078000.0,30515124002.0
phi2_conv300,3508,29686078000.0,30518107430.0
phi2_conv300,3509,29686078000.0,30521041706.0
phi2_conv300,3510,29686078000.0,30524025134.0
phi2_conv300,3511,29686078000.0,30527008562.0
phi2_conv300,3512,29686078000.0,30529942838.0
phi2_conv300,3513,29686078000.0,30532926266.0
phi2_conv300,3514,29686078000.0,30535909694.0
phi2_conv300,3515,29686078000.0,30538843970.0
phi2_conv300,3516,29686078000.0,30541827398.0
phi2_conv300,3517,29686078000.0,30544810826.0
phi2_conv300,3518,29686078000.0,30547745102.0
phi2_conv300,3519,29686078000.0,30550728530.0
phi2_conv300,3520,29686078000.0,30553711958.0
phi2_conv300,3521,29686078000.0,30556646234.0
phi2_conv300,3522,29686078000.0,30559629662.0
phi2_conv300,3523,29686078000.0,30562613090.0
phi2_conv300,3524,29686078000.0,30565547366.0
phi2_conv300,3525,29686078000.0,30568530794.0
phi2_conv300,3526,29686078000.0,30571514222.0
phi2_conv300,3527,29686078000.0,30574448498.0
phi2_conv300,3528,29686078000.0,30577431926.0
phi2_conv300,3529,29686078000.0,30580415354.0
phi2_conv300,3530,29686078000.0,30583349630.0
phi2_conv300,3531,29686078000.0,30586333058.0
phi2_conv300,3532,29686078000.0,30589316486.0
phi2_conv300,3533,29686078000.0,30592250762.0
phi2_conv300,3534,29686078000.0,30595234190.0
phi2_conv300,3535,29686078000.0,30598217618.0
phi2_conv300,3536,29686078000.0,30601151894.0
phi2_conv300,3537,28607772000.0,30603450202.0
phi2_conv300,3538,28607772000.0,30605748510.0
phi2_conv300,3539,28607772000.0,30607997666.0
phi2_conv300,3540,28607772000.0,30610295974.0
phi2_conv300,3541,30181499000.0,30674473890.0
phi2_conv300,3542,30181499000.0,30676965798.0
phi2_conv300,3543,30181499000.0,30679506858.0
phi2_conv300,3544,30181499000.0,30682047918.0
phi2_conv300,3545,30181499000.0,30684539826.0
phi2_conv300,3546,30181499000.0,30687080886.0
phi2_conv300,3547,30181499000.0,30689621946.0
phi2_conv300,3548,30181499000.0,30692113854.0
phi2_conv300,3549,30181499000.0,30694654914.0
phi2_conv300,3550,30181499000.0,30697195974.0
phi2_conv300,3551,30181499000.0,30699687882.0
phi2_conv300,3552,30181499000.0,30702228942.0
phi2_conv300,3553,30181499000.0,30704770002.0
phi2_conv300,3554,30181499000.0,30707261910.0
phi2_conv300,3555,30181499000.0,30709802970.0
phi2_conv300,3556,30181499000.0,30712344030.0
phi2_conv300,3557,30181499000.0,30714835938.0
phi2_conv300,3558,30181499000.0,30717376998.0
phi2_conv300,3559,30181499000.0,30719918058.0
phi2_conv300,3560,30181499000.0,30722457070.0
phi2_conv300,3561,30181499000.0,30725045234.0
phi2_conv300,3562,30181499000.0,30727633398.0
phi2_conv300,3563,30181499000.0,30730172410.0
phi2_conv300,3564,30181499000.0,30732760574.0
phi2_conv300,3565,30181499000.0,30735348738.0
phi2_conv300,3566,30181499000.0,30737887750.0
phi2_conv300,3567,30181499000.0,30740475914.0
phi2_conv300,3568,30181499000.0,30743064078.0
phi2_conv300,3569,30181499000.0,30745603090.0
phi2_conv300,3570,30181499000.0,30748191254.0
phi2_conv300,3571,30181499000.0,30750779418.0
phi2_conv300,3572,30181499000.0,30753318430.0
phi2_conv300,3573,30181499000.0,30755906594.0
phi2_conv300,3574,30181499000.0,30758494758.0
phi2_conv300,3575,30181499000.0,30761033770.0
phi2_conv300,3576,30181499000.0,30763621934.0
phi2_conv300,3577,30181499000.0,30766210098.0
phi2_conv300,3578,30181499000.0,30768749110.0
phi2_conv300,3579,30181499000.0,30771337274.0
phi2_conv300,3580,30181499000.0,30773925438.0
phi2_conv300,3581,30181499000.0,30776464450.0
phi2_conv300,3582,30181499000.0,30779052614.0
phi2_conv300,3583,30181499000.0,30781640778.0
phi2_conv300,3584,30181499000.0,30784179790.0
phi2_conv300,3585,30181499000.0,30786767954.0
phi2_conv300,3586,30181499000.0,30789356118.0
phi2_conv300,3587,30181499000.0,30791895130.0
phi2_conv300,3588,30181499000.0,30794483294.0
phi2_conv300,3589,30181499000.0,30797071458.0
phi2_conv300,3590,30181499000.0,30799610470.0
phi2_conv300,3591,30181499000.0,30802198634.0
phi2_conv300,3592,30181499000.0,30804786798.0
phi2_conv300,3593,30181499000.0,30807325810.0
phi2_conv300,3594,30181499000.0,30809913974.0
phi2_conv300,3595,30181499000.0,30812502138.0
phi2_conv300,3596,30181499000.0,30815041150.0
phi2_conv300,3597,30181499000.0,30817629314.0
phi2_conv300,3598,30181499000.0,30820217478.0
phi2_conv300,3599,30181499000.0,30822756490.0
phi2_conv300,3600,30181499000.0,30825344654.0
phi2_conv300,3601,30181499000.0,30827932818.0
phi2_conv300,3602,30181499000.0,30830471830.0
phi2_conv300,3603,30181499000.0,30833059994.0
phi2_conv300,3604,30181499000.0,30835648158.0
phi2_conv300,3605,30181499000.0,30838187170.0
phi2_conv300,3606,30181499000.0,30840775334.0
phi2_conv300,3607,30181499000.0,30843363498.0
phi2_conv300,3608,30181499000.0,30845902510.0
phi2_conv300,3609,30181499000.0,30848490674.0
phi2_conv300,3610,30181499000.0,30851078838.0
phi2_conv300,3611,30181499000.0,30853617850.0
phi2_conv300,3612,30181499000.0,30856206014.0
phi2_conv300,3613,30181499000.0,30858794178.0
phi2_conv300,3614,30181499000.0,30861333190.0
phi2_conv300,3615,30181499000.0,30863921354.0
phi2_conv300,3616,30181499000.0,30866509518.0
phi2_conv300,3617,30181499000.0,30869048530.0
phi2_conv300,3618,30181499000.0,30871636694.0
phi2_conv300,3619,30181499000.0,30874224858.0
phi2_conv300,3620,30181499000.0,30876763870.0
phi2_conv300,3621,30181499000.0,30879352034.0
phi2_conv300,3622,30181499000.0,30881940198.0
phi2_conv300,3623,30181499000.0,30884479210.0
phi2_conv300,3624,30181499000.0,30887067374.0
phi2_conv300,3625,30181499000.0,30889655538.0
phi2_conv300,3626,30181499000.0,30892194550.0
phi2_conv300,3627,30181499000.0,30894782714.0
phi2_conv300,3628,30181499000.0,30897370878.0
phi2_conv300,3629,30181499000.0,30899909890.0
phi2_conv300,3630,28607772000.0,30902208198.0
phi2_conv300,3631,28607772000.0,30904506506.0
phi2_conv300,3632,28607772000.0,30906755662.0
phi2_conv300,3633,28607772000.0,30909053970.0
phi2_conv300,3634,28607772000.0,30911352278.0
phi2_conv300,3635,28607772000.0,30913601434.0
phi2_conv300,3636,28607772000.0,30915899742.0
phi2_conv300,3637,28607772000.0,30918198050.0
phi2_conv300,3638,28607772000.0,30920447206.0
phi2_conv300,3639,28607772000.0,30922745514.0
phi2_conv300,3640,28607772000.0,30925043822.0
phi2_conv300,3641,28607772000.0,30927292978.0
phi2_conv300,3642,28607772000.0,30929591286.0
phi2_conv300,3643,28607772000.0,30931889594.0
phi2_conv300,3644,28607772000.0,30934138750.0
phi2_conv300,3645,28607772000.0,30936437058.0
phi2_conv300,3646,28607772000.0,30938735366.0
phi2_conv300,3647,28607772000.0,30940984522.0
phi2_conv300,3648,28607772000.0,30943282830.0
phi2_conv300,3649,28607772000.0,30945581138.0
phi2_conv300,3650,28607772000.0,30947879446.0
phi2_conv300,3651,28607772000.0,30950177754.0
phi2_conv300,3652,28607772000.0,30952476062.0
phi2_conv300,3653,28607772000.0,30954774370.0
phi2_conv300,3654,28607772000.0,30957072678.0
phi2_conv300,3655,28607772000.0,30959370986.0
phi2_conv300,3656,28607772000.0,30961669294.0
phi2_conv300,3657,28607772000.0,30963967602.0
phi2_conv300,3658,28607772000.0,30966265910.0
phi2_conv300,3659,28607772000.0,30968564218.0
phi2_conv300,3660,28607772000.0,30970862526.0
phi2_conv300,3661,28607772000.0,30973160834.0
phi2_conv300,3662,28607772000.0,30975459142.0
phi2_conv300,3663,28607772000.0,30977757450.0
phi2_conv300,3664,28607772000.0,30980055758.0
phi2_conv300,3665,28607772000.0,30982354066.0
phi2_conv300,3666,28607772000.0,30984652374.0
phi2_conv300,3667,28607772000.0,30986950682.0
phi2_conv300,3668,28607772000.0,30989248990.0
phi2_conv300,3669,28607772000.0,30991547298.0
phi2_conv300,3670,28607772000.0,30993845606.0
phi2_conv300,3671,28607772000.0,30996143914.0
phi2_conv300,3672,28607772000.0,30998442222.0
phi2_conv300,3673,28607772000.0,31000740530.0
phi2_conv300,3674,28607772000.0,31003038838.0
phi2_conv300,3675,28607772000.0,31005337146.0
phi2_conv300,3676,28607772000.0,31007635454.0
phi2_conv300,3677,28607772000.0,31009933762.0
phi2_conv300,3678,28607772000.0,31012232070.0
phi2_conv300,3679,28607772000.0,31014530378.0
phi2_conv300,3680,28607772000.0,31016828686.0
phi2_conv300,3681,28607772000.0,31019126994.0
phi2_conv300,3682,28607772000.0,31021425302.0
phi2_conv300,3683,28607772000.0,31023723610.0
phi2_conv300,3684,28607772000.0,31026021918.0
phi2_conv300,3685,28607772000.0,31028320226.0
phi2_conv300,3686,28607772000.0,31030618534.0
phi2_conv300,3687,28607772000.0,31032916842.0
phi2_conv300,3688,28607772000.0,31035215150.0
phi2_conv300,3689,28607772000.0,31037513458.0
phi2_conv300,3690,28607772000.0,31039811766.0
phi2_conv300,3691,28607772000.0,31042110074.0
phi2_conv300,3692,28607772000.0,31044408382.0
phi2_conv300,3693,28607772000.0,31046706690.0
phi2_conv300,3694,28607772000.0,31049004998.0
phi2_conv300,3695,28607772000.0,31051303306.0
phi2_conv300,3696,28607772000.0,31053601614.0
phi2_conv300,3697,28607772000.0,31055899922.0
phi2_conv300,3698,28607772000.0,31058198230.0
phi2_conv300,3699,28607772000.0,31060496538.0
phi2_conv300,3700,28607772000.0,31062794846.0
phi2_conv300,3701,28607772000.0,31065093154.0
phi2_conv300,3702,31269171000.0,31303831408.0
phi2_conv300,3703,31269171000.0,31305982260.0
phi2_conv300,3704,31269171000.0,31308133112.0
phi2_conv300,3705,31269171000.0,31310283964.0
phi2_conv300,3706,31269171000.0,31312434816.0
phi2_conv300,3707,31269171000.0,31314585668.0
phi2_conv300,3708,31269171000.0,31316736520.0
phi2_conv300,3709,31269171000.0,31318887372.0
phi2_conv300,3710,31269171000.0,31321038224.0
phi2_conv300,3711,31269171000.0,31323189076.0
phi2_conv300,3712,31269171000.0,31325339928.0
phi2_conv300,3713,31269171000.0,31327490780.0
phi2_conv300,3714,31269171000.0,31329641632.0
phi2_conv300,3715,31269171000.0,31331792484.0
phi2_conv300,3716,31269171000.0,31333943336.0
phi2_conv300,3717,31269171000.0,31336094188.0
phi2_conv300,3718,31269171000.0,31338245040.0
phi2_conv300,3719,31269171000.0,31340395892.0
phi2_conv300,3720,31269171000.0,31342546744.0
phi2_conv300,3721,31269171000.0,31344697596.0
phi2_conv300,3722,31269171000.0,31346848448.0
phi2_conv300,3723,31269171000.0,31348999300.0
phi2_conv300,3724,31269171000.0,31351150152.0
phi2_conv300,3725,31269171000.0,31353301004.0
phi2_conv300,3726,31269171000.0,31355451856.0
phi2_conv300,3727,31269171000.0,31357602708.0
phi2_conv300,3728,31269171000.0,31359753560.0
phi2_conv300,3729,31269171000.0,31361904412.0
phi2_conv300,3730,31269171000.0,31364055264.0
phi2_conv300,3731,31269171000.0,31366206116.0
phi2_conv300,3732,31269171000.0,31368356968.0
phi2_conv300,3733,31269171000.0,31370507820.0
phi2_conv300,3734,31269171000.0,31372658672.0
phi2_conv300,3735,31269171000.0,31374809524.0
phi2_conv300,3736,31269171000.0,31376960376.0
phi2_conv300,3737,31269171000.0,31379111228.0
phi2_conv300,3738,31269171000.0,31381262080.0
phi2_conv300,3739,31269171000.0,31383412932.0
phi2_conv300,3740,31269171000.0,31385563784.0
phi2_conv300,3741,31269171000.0,31387714636.0
phi2_conv300,3742,31269171000.0,31389865488.0
phi2_conv300,3743,31269171000.0,31392016340.0
phi2_conv300,3744,31269171000.0,31394167192.0
phi2_conv300,3745,31269171000.0,31396318044.0
phi2_conv300,3746,31269171000.0,31398468896.0
phi2_conv300,3747,31269171000.0,31400619748.0
phi2_conv300,3748,31269171000.0,31402770600.0
phi2_conv300,3749,31269171000.0,31404921452.0
phi2_conv300,3750,31269171000.0,31407072304.0
phi2_conv300,3751,31269171000.0,31409223156.0
phi2_conv300,3752,31269171000.0,31411374008.0
phi2_conv300,3753,31269171000.0,31413524860.0
phi2_conv300,3754,31269171000.0,31415675712.0
phi2_conv300,3755,31269171000.0,31417826564.0
phi2_conv300,3756,31269171000.0,31419977416.0
phi2_conv300,3757,31269171000.0,31422128268.0
phi2_conv300,3758,31269171000.0,31424279120.0
phi2_conv300,3759,31269171000.0,31426429972.0
phi2_conv300,3760,31269171000.0,31428580824.0
phi2_conv300,3761,31269171000.0,31430731676.0
phi2_conv300,3762,31269171000.0,31432882528.0
phi2_conv300,3763,31269171000.0,31435033380.0
phi2_conv300,3764,31269171000.0,31437184232.0
phi2_conv300,3765,31269171000.0,31439335084.0
phi2_conv300,3766,31269171000.0,31441485936.0
phi2_conv300,3767,31269171000.0,31443636788.0
phi2_conv300,3768,31269171000.0,31445787640.0
phi2_conv300,3769,31269171000.0,31447938492.0
phi2_conv300,3770,31269171000.0,31450089344.0
phi2_conv300,3771,31269171000.0,31452240196.0
phi2_conv300,3772,31269171000.0,31454391048.0
phi2_conv300,3773,31620490000.0,31705658281.0
phi2_conv300,3774,31620490000.0,31794163778.0
phi2_conv300,3775,31620490000.0,31805536358.0
phi2_conv300,3776,31620490000.0,31808077418.0
phi2_conv300,3777,31620490000.0,31810618478.0
phi2_conv300,3778,31620490000.0,31813110386.0
phi2_conv300,3779,31620490000.0,31815651446.0
phi2_conv300,3780,31620490000.0,31818192506.0
phi2_conv300,3781,31620490000.0,31820684414.0
phi2_conv300,3782,31620490000.0,31823225474.0
phi2_conv300,3783,31620490000.0,31825766534.0
phi2_conv300,3784,31620490000.0,31828258442.0
phi2_conv300,3785,31620490000.0,31830799502.0
phi2_conv300,3786,31620490000.0,31833340562.0
phi2_conv300,3787,31620490000.0,31835832470.0
phi2_conv300,3788,31620490000.0,31838373530.0
phi2_conv300,3789,31620490000.0,31840914590.0
phi2_conv300,3790,31620490000.0,31843406498.0
phi2_conv300,3791,31620490000.0,31845947558.0
phi2_conv300,3792,31620490000.0,31848488618.0
phi2_conv300,3793,31620490000.0,31850980526.0
phi2_conv300,3794,31620490000.0,31853521586.0
phi2_conv300,3795,31760229000.0,31921080472.0
phi2_conv300,3796,31760229000.0,31923862236.0
phi2_conv300,3797,31760229000.0,31926693152.0
phi2_conv300,3798,31760229000.0,31929524068.0
phi2_conv300,3799,31760229000.0,31932305832.0
phi2_conv300,3800,31760229000.0,31935136748.0
phi2_conv300,3801,31760229000.0,31937967664.0
phi2_conv300,3802,31760229000.0,31940749428.0
phi2_conv300,3803,31760229000.0,31943580344.0
phi2_conv300,3804,31760229000.0,31946411260.0
phi2_conv300,3805,31760229000.0,31949193024.0
phi2_conv300,3806,31760229000.0,31952023940.0
phi2_conv300,3807,31760229000.0,31954854856.0
phi2_conv300,3808,31760229000.0,31957636620.0
phi2_conv300,3809,31760229000.0,31960467536.0
phi2_conv300,3810,31760229000.0,31963298452.0
phi2_conv300,3811,31760229000.0,31966080216.0
phi2_conv300,3812,31760229000.0,31968911132.0
phi2_conv300,3813,31760229000.0,31971742048.0
phi2_conv300,3814,31760229000.0,31974523812.0
phi2_conv300,3815,31760229000.0,31977354728.0
phi2_conv300,3816,31760229000.0,31980185644.0
phi2_conv300,3817,31760229000.0,31982967408.0
phi2_conv300,3818,31760229000.0,31985798324.0
phi2_conv300,3819,31760229000.0,31988629240.0
phi2_conv300,3820,31760229000.0,31991411004.0
phi2_conv300,3821,31760229000.0,31994241920.0
phi2_conv300,3822,31917003000.0,32060274673.0
phi2_conv300,3823,31917003000.0,32063299189.0
phi2_conv300,3824,31917003000.0,32066372857.0
phi2_conv300,3825,31917003000.0,32069446525.0
phi2_conv300,3826,31917003000.0,32072471041.0
phi2_conv300,3827,31917003000.0,32075544709.0
phi2_conv300,3828,31917003000.0,32078618377.0
phi2_conv300,3829,31917003000.0,32081642893.0
phi2_conv300,3830,31917003000.0,32084716561.0
phi2_conv300,3831,31917003000.0,32087790229.0
phi2_conv300,3832,31917003000.0,32090814745.0
phi2_conv300,3833,31917003000.0,32093888413.0
phi2_conv300,3834,31917003000.0,32097009185.0
phi2_conv300,3835,31917003000.0,32100080805.0
phi2_conv300,3836,31917003000.0,32103201577.0
phi2_conv300,3837,31917003000.0,32106322349.0
phi2_conv300,3838,31917003000.0,32109393969.0
phi2_conv300,3839,31917003000.0,32112514741.0
phi2_conv300,3840,31917003000.0,32115635513.0
phi2_conv300,3841,31917003000.0,32118707133.0
phi2_conv300,3842,31917003000.0,32121827905.0
phi2_conv300,3843,31917003000.0,32124948677.0
phi2_conv300,3844,31917003000.0,32128020297.0
phi2_conv300,3845,31917003000.0,32131141069.0
phi2_conv300,3846,31917003000.0,32134261841.0
phi2_conv300,3847,31917003000.0,32137333461.0
phi2_conv300,3848,31917003000.0,32140454233.0
phi2_conv300,3849,31917003000.0,32143575005.0
phi2_conv300,3850,31917003000.0,32146646625.0
phi2_conv300,3851,31917003000.0,32149767397.0
phi2_conv300,3852,31917003000.0,32152888169.0
phi2_conv300,3853,31917003000.0,32155959789.0
phi2_conv300,3854,31917003000.0,32159080561.0
phi2_conv300,3855,31917003000.0,32162201333.0
phi2_conv300,3856,31917003000.0,32165272953.0
phi2_conv300,3857,31917003000.0,32168393725.0
phi2_conv300,3858,31917003000.0,32171514497.0
phi2_conv300,3859,31917003000.0,32174586117.0
phi2_conv300,3860,31917003000.0,32177706889.0
phi2_conv300,3861,31917003000.0,32180827661.0
phi2_conv300,3862,31917003000.0,32183899281.0
phi2_conv300,3863,31917003000.0,32187020053.0
phi2_conv300,3864,31917003000.0,32190140825.0
phi2_conv300,3865,31917003000.0,32193212445.0
phi2_conv300,3866,31917003000.0,32196333217.0
phi2_conv300,3867,31917003000.0,32199453989.0
phi2_conv300,3868,31917003000.0,32202525609.0
phi2_conv300,3869,31917003000.0,32205646381.0
phi2_conv300,3870,31917003000.0,32208767153.0
phi2_conv300,3871,31917003000.0,32211838773.0
phi2_conv300,3872,31917003000.0,32214959545.0
phi2_conv300,3873,31917003000.0,32218080317.0
phi2_conv300,3874,31917003000.0,32221151937.0
phi2_conv300,3875,31917003000.0,32224272709.0
phi2_conv300,3876,31917003000.0,32227393481.0
phi2_conv300,3877,31917003000.0,32230465101.0
phi2_conv300,3878,31917003000.0,32233585873.0
phi2_conv300,3879,31917003000.0,32236706645.0
phi2_conv300,3880,31917003000.0,32239778265.0
phi2_conv300,3881,31917003000.0,32242899037.0
phi2_conv300,3882,31917003000.0,32246019809.0
phi2_conv300,3883,31917003000.0,32249091429.0
phi2_conv300,3884,31917003000.0,32252212201.0
phi2_conv300,3885,31917003000.0,32255090221.0
phi2_conv300,3886,31917003000.0,32257919089.0
phi2_conv300,3887,31917003000.0,32260797109.0
phi2_conv300,3888,31917003000.0,32263675129.0
phi2_conv300,3889,31917003000.0,32266503997.0
phi2_conv300,3890,31917003000.0,32269382017.0
phi2_conv300,3891,31917003000.0,32272260037.0
phi2_conv300,3892,31917003000.0,32275088905.0
phi2_conv300,3893,31917003000.0,32277966925.0
phi2_conv300,3894,31917003000.0,32280844945.0
phi2_conv300,3895,31917003000.0,32283673813.0
phi2_conv300,3896,31917003000.0,32286551833.0
phi2_conv300,3897,31917003000.0,32289429853.0
phi2_conv300,3898,31917003000.0,32292258721.0
phi2_conv300,3899,31917003000.0,32295136741.0
phi2_conv300,3900,31917003000.0,32298016809.0
phi2_conv300,3901,31917003000.0,32300847725.0
phi2_conv300,3902,31917003000.0,32303727793.0
phi2_conv300,3903,31917003000.0,32306607861.0
phi2_conv300,3904,31760229000.0,32309148921.0
phi2_conv300,3905,32388505000.000004,32473772227.000004
phi2_conv300,3906,32388505000.000004,32562191326.000004
phi2_conv300,3907,32388505000.000004,32565348386.000004
phi2_conv300,3908,32388505000.000004,32568328806.000004
phi2_conv300,3909,32388505000.000004,32571260074.000004
phi2_conv300,3910,32388505000.000004,32574191342.000004
phi2_conv300,3911,32388505000.000004,32577171762.000004
phi2_conv300,3912,32388505000.000004,32580103030.000004
phi2_conv300,3913,32388505000.000004,32583034298.000004
phi2_conv300,3914,32388505000.000004,32586014718.000004
phi2_conv300,3915,32388505000.000004,32588945986.000004
phi2_conv300,3916,32388505000.000004,32591926406.000004
phi2_conv300,3917,32388505000.000004,32594906826.000004
phi2_conv300,3918,32388505000.000004,32597838094.000004
phi2_conv300,3919,32388505000.000004,32600818514.000004
phi2_conv300,3920,32388505000.000004,32603798934.000004
phi2_conv300,3921,32388505000.000004,32606730202.000004
phi2_conv300,3922,32388505000.000004,32609710622.000004
phi2_conv300,3923,32388505000.000004,32612691042.000004
phi2_conv300,3924,32388505000.000004,32615622310.000004
phi2_conv300,3925,32388505000.000004,32618602730.000004
phi2_conv300,3926,32388505000.000004,32621291246.000004
phi2_conv300,3927,32388505000.000004,32623930610.000004
phi2_conv300,3928,32388505000.000004,32626619126.000004
phi2_conv300,3929,32388505000.000004,32629307642.000004
phi2_conv300,3930,32388505000.000004,32631947006.000004
phi2_conv300,3931,32388505000.000004,32634635522.000004
phi2_conv300,3932,32388505000.000004,32637324038.000004
phi2_conv300,3933,32388505000.000004,32639963402.000004
phi2_conv300,3934,32388505000.000004,32642651918.000004
phi2_conv300,3935,32388505000.000004,32645340434.000004
phi2_conv300,3936,32388505000.000004,32647979798.000004
phi2_conv300,3937,32388505000.000004,32650668314.000004
phi2_conv300,3938,32388505000.000004,32653356830.000004
phi2_conv300,3939,32388505000.000004,32655996194.000004
phi2_conv300,3940,32388505000.000004,32658684710.000004
phi2_conv300,3941,32388505000.000004,32661373226.000004
phi2_conv300,3942,32388505000.000004,32664012590.000004
phi2_conv300,3943,32388505000.000004,32666701106.000004
phi2_conv300,3944,32388505000.000004,32669389622.000004
phi2_conv300,3945,32388505000.000004,32672028986.000004
phi2_conv300,3946,32388505000.000004,32674717502.000004
phi2_conv300,3947,32388505000.000004,32677406018.000004
phi2_conv300,3948,32388505000.000004,32680045382.000004
phi2_conv300,3949,32388505000.000004,32682733898.000004
phi2_conv300,3950,32388505000.000004,32685422414.000004
phi2_conv300,3951,32388505000.000004,32688061778.000004
phi2_conv300,3952,32388505000.000004,32690750294.000004
phi2_conv300,3953,32388505000.000004,32693438810.000004
phi2_conv300,3954,32388505000.000004,32696078174.000004
phi2_conv300,3955,32388505000.000004,32698766690.000004
phi2_conv300,3956,32388505000.000004,32701455206.000004
phi2_conv300,3957,32388505000.000004,32704094570.000004
phi2_conv300,3958,32388505000.000004,32706783086.000004
phi2_conv300,3959,32388505000.000004,32709471602.000004
phi2_conv300,3960,32388505000.000004,32712110966.000004
phi2_conv300,3961,32388505000.000004,32714799482.000004
phi2_conv300,3962,32388505000.000004,32717487998.000004
phi2_conv300,3963,32388505000.000004,32720127362.000004
phi2_conv300,3964,32388505000.000004,32722815878.000004
phi2_conv300,3965,32388505000.000004,32725504394.000004
phi2_conv300,3966,32388505000.000004,32728143758.000004
phi2_conv300,3967,32388505000.000004,32730832274.000004
phi2_conv300,3968,32388505000.000004,32733520790.000004
phi2_conv300,3969,32388505000.000004,32736160154.000004
phi2_conv300,3970,32388505000.000004,32738848670.000004
phi2_conv300,3971,32388505000.000004,32741537186.000004
phi2_conv300,3972,32388505000.000004,32744176550.000004
phi2_conv300,3973,32388505000.000004,32746865066.000004
phi2_conv300,3974,32388505000.000004,32749553582.000004
phi2_conv300,3975,32388505000.000004,32752192946.000004
phi2_conv300,3976,32388505000.000004,32754881462.000004
phi2_conv300,3977,32388505000.000004,32757569978.000004
phi2_conv300,3978,32388505000.000004,32760209342.000004
phi2_conv300,3979,32388505000.000004,32762897858.000004
phi2_conv300,3980,32388505000.000004,32765586374.000004
phi2_conv300,3981,32388505000.000004,32768225738.000004
phi2_conv300,3982,32388505000.000004,32770914254.000004
phi2_conv300,3983,32388505000.000004,32773602770.000004
phi2_conv300,3984,32388505000.000004,32776242134.000004
phi2_conv300,3985,32388505000.000004,32778930650.000004
phi2_conv300,3986,32388505000.000004,32781619166.000004
phi2_conv300,3987,32388505000.000004,32784258530.000004
phi2_conv300,3988,32388505000.000004,32786947046.000004
phi2_conv300,3989,32388505000.000004,32789635562.000004
phi2_conv300,3990,32388505000.000004,32792274926.000004
phi2_conv300,3991,32388505000.000004,32794963442.000004
phi2_conv300,3992,32388505000.000004,32797651958.000004
phi2_conv300,3993,32388505000.000004,32800291322.000004
phi2_conv300,3994,32388505000.000004,32802979838.000004
phi2_conv300,3995,32388505000.000004,32805668354.000004
phi2_conv300,3996,32388505000.000004,32808307718.000004
phi2_conv300,3997,32388505000.000004,32810996234.000004
phi2_conv300,3998,32388505000.000004,32813684750.000004
phi2_conv300,3999,32388505000.000004,32816324114.000004
phi2_conv300,4000,32388505000.000004,32819012630.000004
phi2_conv300,4001,32388505000.000004,32821701146.000004
phi2_conv300,4002,32388505000.000004,32824340510.000004
phi2_conv300,4003,32388505000.000004,32827029026.000004
phi2_conv300,4004,32388505000.000004,32829717542.000004
phi2_conv300,4005,32388505000.000004,32832356906.000004
phi2_conv300,4006,32388505000.000004,32835045422.000004
phi2_conv300,4007,32388505000.000004,32837733938.000004
phi2_conv300,4008,32388505000.000004,32840373302.000004
phi2_conv300,4009,32388505000.000004,32843061818.000004
phi2_conv300,4010,32388505000.000004,32845750334.000004
phi2_conv300,4011,32388505000.000004,32848389698.000004
phi2_conv300,4012,32388505000.000004,32851078214.000004
phi2_conv300,4013,32388505000.000004,32853766730.000004
phi2_conv300,4014,32388505000.000004,32856406094.000004
phi2_conv300,4015,32388505000.000004,32859094610.000004
phi2_conv300,4016,32388505000.000004,32861783126.000004
phi2_conv300,4017,32388505000.000004,32864422490.000004
phi2_conv300,4018,32388505000.000004,32867111006.000004
phi2_conv300,4019,32388505000.000004,32869799522.000004
phi2_conv300,4020,32388505000.000004,32872438886.000004
phi2_conv300,4021,32388505000.000004,32875127402.000004
phi2_conv300,4022,32388505000.000004,32877815918.000004
phi2_conv300,4023,32388505000.000004,32880455282.000004
phi2_conv300,4024,32388505000.000004,32883143798.000004
phi2_conv300,4025,32388505000.000004,32885832314.000004
phi2_conv300,4026,32388505000.000004,32888471678.000004
phi2_conv300,4027,32388505000.000004,32891160194.000004
phi2_conv300,4028,32388505000.000004,32893848710.000004
phi2_conv300,4029,32388505000.000004,32896488074.000004
phi2_conv300,4030,32388505000.000004,32899176590.000004
phi2_conv300,4031,32388505000.000004,32901865106.000004
phi2_conv300,4032,32388505000.000004,32904504470.000004
phi2_conv300,4033,32388505000.000004,32907192986.000004
phi2_conv300,4034,32388505000.000004,32909881502.000004
phi2_conv300,4035,32388505000.000004,32912520866.000004
phi2_conv300,4036,32388505000.000004,32915209382.000004
phi2_conv300,4037,32388505000.000004,32917897898.000004
phi2_conv300,4038,32388505000.000004,32920537262.000004
phi2_conv300,4039,32388505000.000004,32923225778.000004
phi2_conv300,4040,32388505000.000004,32925914294.000004
phi2_conv300,4041,32388505000.000004,32928553658.000004
phi2_conv300,4042,32388505000.000004,32931242174.000004
phi2_conv300,4043,32388505000.000004,32933930690.000004
phi2_conv300,4044,32388505000.000004,32936570054.000004
phi2_conv300,4045,32388505000.000004,32939258570.000004
phi2_conv300,4046,32388505000.000004,32941947086.000004
phi2_conv300,4047,32388505000.000004,32944586450.000004
phi2_conv300,4048,32388505000.000004,32947274966.000004
phi2_conv300,4049,32388505000.000004,32949963482.000004
phi2_conv300,4050,32388505000.000004,32952651998.000004
phi2_conv300,4051,32388505000.000004,32955340514.000004
phi2_conv300,4052,32388505000.000004,32958078182.000004
phi2_conv300,4053,32388505000.000004,32960717546.000004
phi2_conv300,4054,33235881999.999996,33321296682.999996
phi2_conv300,4055,33235881999.999996,33400289351.999996
phi2_conv300,4056,33235881999.999996,33403316875.999996
phi2_conv300,4057,33235881999.999996,33406344399.999996
phi2_conv300,4058,33235881999.999996,33409421075.999996
phi2_conv300,4059,33235881999.999996,33412399447.999996
phi2_conv300,4060,33235881999.999996,33415476123.999996
phi2_conv300,4061,33235881999.999996,33418503647.999996
phi2_conv300,4062,33235881999.999996,33421531171.999996
phi2_conv300,4063,33235881999.999996,33424558695.999996
phi2_conv300,4064,33235881999.999996,33427635371.999996
phi2_conv300,4065,33235881999.999996,33430613743.999996
phi2_conv300,4066,33235881999.999996,33433690419.999996
phi2_conv300,4067,33235881999.999996,33436717943.999996
phi2_conv300,4068,33235881999.999996,33439745467.999996
phi2_conv300,4069,33235881999.999996,33442772991.999996
phi2_conv300,4070,33235881999.999996,33445849667.999996
phi2_conv300,4071,33235881999.999996,33448828039.999996
phi2_conv300,4072,33235881999.999996,33451904715.999996
phi2_conv300,4073,33235881999.999996,33454932239.999996
phi2_conv300,4074,33235881999.999996,33457959763.999996
phi2_conv300,4075,33235881999.999996,33460987287.999996
phi2_conv300,4076,33235881999.999996,33464063963.999996
phi2_conv300,4077,33235881999.999996,33467042335.999996
phi2_conv300,4078,33235881999.999996,33470119011.999996
phi2_conv300,4079,33235881999.999996,33473146535.999996
phi2_conv300,4080,33413528000.0,33507547241.999996
phi2_conv300,4081,33413528000.0,33510817517.999996
phi2_conv300,4082,33413528000.0,33514136945.999996
phi2_conv300,4083,33413528000.0,33517358069.999996
phi2_conv300,4084,33413528000.0,33520677497.999996
phi2_conv300,4085,33413528000.0,33523947773.999996
phi2_conv300,4086,33413528000.0,33527218049.999996
phi2_conv300,4087,33413528000.0,33530488325.999996
phi2_conv300,4088,33413528000.0,33533807753.999996
phi2_conv300,4089,33413528000.0,33537028877.999996
phi2_conv300,4090,33413528000.0,33540348305.999996
phi2_conv300,4091,33413528000.0,33543618581.999996
phi2_conv300,4092,33491000999.999996,33629428276.999996
phi2_conv300,4093,33491000999.999996,33698203851.999996
phi2_conv300,4094,33526770000.0,33729117060.999996
phi2_conv300,4095,33526770000.0,33732626024.999996
phi2_conv300,4096,33526770000.0,33736233292.999996
phi2_conv300,4097,33526770000.0,33739791408.999996
phi2_conv300,4098,33526770000.0,33743349524.999996
phi2_conv300,4099,33526770000.0,33746907640.999996
phi2_conv300,4100,33526770000.0,33750514908.999996
phi2_conv300,4101,33526770000.0,33754023872.999996
phi2_conv300,4102,33526770000.0,33757631140.999996
phi2_conv300,4103,33526770000.0,33761189256.999996
phi2_conv300,4104,33526770000.0,33764796524.999996
phi2_conv300,4105,33526770000.0,33768354640.999996
phi2_conv300,4106,33526770000.0,33771961908.999996
phi2_conv300,4107,33526770000.0,33775520024.999996
phi2_conv300,4108,33526770000.0,33779127292.999996
phi2_conv300,4109,33526770000.0,33782685408.999996
phi2_conv300,4110,33526770000.0,33786292676.999996
phi2_conv300,4111,33526770000.0,33789850792.999996
phi2_conv300,4112,33526770000.0,33793458060.999996
phi2_conv300,4113,33645713000.0,33847878691.999996
phi2_conv300,4114,33645713000.0,33851572728.999996
phi2_conv300,4115,33645713000.0,33855217613.999996
phi2_conv300,4116,33645713000.0,33858911650.999996
phi2_conv300,4117,33645713000.0,33862607735.999996
phi2_conv300,4118,33645713000.0,33866303820.999996
phi2_conv300,4119,33645713000.0,33869999905.999996
phi2_conv300,4120,33645713000.0,33873745142.999996
phi2_conv300,4121,33645713000.0,33877392075.999996
phi2_conv300,4122,33645713000.0,33881137312.999996
phi2_conv300,4123,33645713000.0,33884833397.999996
phi2_conv300,4124,33645713000.0,33888529482.999996
phi2_conv300,4125,33645713000.0,33892225567.999996
phi2_conv300,4126,33645713000.0,33895970804.999996
phi2_conv300,4127,33748702000.0,33982112114.999996
phi2_conv300,4128,33748702000.0,34071628528.999996
phi2_conv300,4129,33748702000.0,34092838030.999996
phi2_conv300,4130,33748702000.0,34096763500.999996
phi2_conv300,4131,33748702000.0,34100557889.999996
phi2_conv300,4132,33748702000.0,34104450582.999996
phi2_conv300,4133,33748702000.0,34108244971.999996
phi2_conv300,4134,33825000000.000004,34130698217.999996
phi2_conv300,4135,33825000000.000004,34134621639.999996
phi2_conv300,4136,33825000000.000004,34138545061.999996
phi2_conv300,4137,33825000000.000004,34142419331.999996
phi2_conv300,4138,33825000000.000004,34146391905.999996
phi2_conv300,4139,33825000000.000004,34150266175.999996
phi2_conv300,4140,33825000000.000004,34154189597.999996
phi2_conv300,4141,33825000000.000004,34158113019.999996
phi2_conv300,4142,33825000000.000004,34162036441.999996
phi2_conv300,4143,33825000000.000004,34165910711.999996
phi2_conv300,4144,33825000000.000004,34169883285.999996
phi2_conv300,4145,33825000000.000004,34173757555.999996
phi2_conv300,4146,33825000000.000004,34177680977.999996
phi2_conv300,4147,33825000000.000004,34181604399.999996
phi2_conv300,4148,33932529000.000004,34267816248.999996
phi2_conv300,4149,33932529000.000004,34357100097.999996
phi2_conv300,4150,33932529000.000004,34414344839.0
phi2_conv300,4151,33932529000.000004,34418447790.0
phi2_conv300,4152,33932529000.000004,34422599893.0
phi2_conv300,4153,33932529000.000004,34426751996.0
phi2_conv300,4154,33932529000.000004,34430904099.0
phi2_conv300,4155,33932529000.000004,34435007050.0
phi2_conv300,4156,33932529000.000004,34439208305.0
phi2_conv300,4157,33932529000.000004,34443311256.0
phi2_conv300,4158,33932529000.000004,34447463359.0
phi2_conv300,4159,33932529000.000004,34451615462.0
phi2_conv300,4160,33932529000.000004,34455767565.0
phi2_conv300,4161,33932529000.000004,34459870516.0
phi2_conv300,4162,33932529000.000004,34464071771.0
phi2_conv300,4163,33932529000.000004,34468174722.0
phi2_conv300,4164,33932529000.000004,34472326825.0
phi2_conv300,4165,33932529000.000004,34476478928.0
phi2_conv300,4166,33932529000.000004,34480631031.0
phi2_conv300,4167,33932529000.000004,34484733982.0
phi2_conv300,4168,33932529000.000004,34488935237.0
phi2_conv300,4169,33932529000.000004,34492809507.0
phi2_conv300,4170,33932529000.000004,34496683777.0
phi2_conv300,4171,33932529000.000004,34500607199.0
phi2_conv300,4172,33932529000.000004,34504481469.0
phi2_conv300,4173,33932529000.000004,34508355739.0
phi2_conv300,4174,33932529000.000004,34512279161.0
phi2_conv300,4175,33932529000.000004,34516153431.0
phi2_conv300,4176,33932529000.000004,34520027701.0
phi2_conv300,4177,33932529000.000004,34523951123.0
phi2_conv300,4178,33932529000.000004,34527825393.0
phi2_conv300,4179,33932529000.000004,34531699663.0
phi2_conv300,4180,33932529000.000004,34535623085.0
phi2_conv300,4181,33932529000.000004,34539497355.0
phi2_conv300,4182,33932529000.000004,34543371625.0
phi2_conv300,4183,33932529000.000004,34547295047.0
phi2_conv300,4184,33932529000.000004,34551169317.0
phi2_conv300,4185,33932529000.000004,34555043587.0
phi2_conv300,4186,33932529000.000004,34558967009.0
phi2_conv300,4187,33932529000.000004,34562663094.0
phi2_conv300,4188,33932529000.000004,34566359179.0
phi2_conv300,4189,33932529000.000004,34570104416.0
phi2_conv300,4190,33932529000.000004,34573800501.0
phi2_conv300,4191,33932529000.000004,34577496586.0
phi2_conv300,4192,33932529000.000004,34581241823.0
phi2_conv300,4193,33932529000.000004,34584937908.0
phi2_conv300,4194,33932529000.000004,34588633993.0
phi2_conv300,4195,33932529000.000004,34592379230.0
phi2_conv300,4196,33932529000.000004,34596075315.0
phi2_conv300,4197,33932529000.000004,34599820552.0
phi2_conv300,4198,33932529000.000004,34603565789.0
phi2_conv300,4199,33932529000.000004,34607311026.0
phi2_conv300,4200,33932529000.000004,34611007111.0
phi2_conv300,4201,33932529000.000004,34614801500.0
phi2_conv300,4202,33932529000.000004,34618497585.0
phi2_conv300,4203,33932529000.000004,34622242822.0
phi2_conv300,4204,33932529000.000004,34625988059.0
phi2_conv300,4205,33932529000.000004,34629733296.0
phi2_conv300,4206,33932529000.000004,34633429381.0
phi2_conv300,4207,33932529000.000004,34637223770.0
phi2_conv300,4208,33932529000.000004,34640919855.0
phi2_conv300,4209,33932529000.000004,34644665092.0
phi2_conv300,4210,33932529000.000004,34648412377.0
phi2_conv300,4211,33932529000.000004,34652159662.0
phi2_conv300,4212,33932529000.000004,34655857795.0
phi2_conv300,4213,33932529000.000004,34659654232.0
phi2_conv300,4214,33932529000.000004,34663352365.0
phi2_conv300,4215,33932529000.000004,34667099650.0
phi2_conv300,4216,33932529000.000004,34670846935.0
phi2_conv300,4217,33932529000.000004,34674594220.0
phi2_conv300,4218,33932529000.000004,34678292353.0
phi2_conv300,4219,33932529000.000004,34682088790.0
phi2_conv300,4220,33932529000.000004,34685786923.0
phi2_conv300,4221,33932529000.000004,34689534208.0
phi2_conv300,4222,33932529000.000004,34693281493.0
phi2_conv300,4223,33932529000.000004,34697028778.0
phi2_conv300,4224,33932529000.000004,34700726911.0
phi2_conv300,4225,33932529000.000004,34704523348.0
phi2_conv300,4226,33932529000.000004,34708221481.0
phi2_conv300,4227,33932529000.000004,34711968766.0
phi2_conv300,4228,33932529000.000004,34715716051.0
phi2_conv300,4229,33932529000.000004,34719463336.0
phi2_conv300,4230,33932529000.000004,34723161469.0
phi2_conv300,4231,33932529000.000004,34726957906.0
phi2_conv300,4232,33932529000.000004,34730656039.0
phi2_conv300,4233,33932529000.000004,34734403324.0
phi2_conv300,4234,33932529000.000004,34738150609.0
phi2_conv300,4235,33932529000.000004,34741897894.0
phi2_conv300,4236,33932529000.000004,34745645179.0
phi2_conv300,4237,33932529000.000004,34749441616.0
phi2_conv300,4238,33932529000.000004,34753188901.0
phi2_conv300,4239,33932529000.000004,34756985338.0
phi2_conv300,4240,33932529000.000004,34760781775.0
phi2_conv300,4241,33932529000.000004,34764529060.0
phi2_conv300,4242,33932529000.000004,34768325497.0
phi2_conv300,4243,33932529000.000004,34772121934.0
phi2_conv300,4244,33932529000.000004,34775869219.0
phi2_conv300,4245,33932529000.000004,34779665656.0
phi2_conv300,4246,33932529000.000004,34783462093.0
phi2_conv300,4247,33932529000.000004,34787209378.0
phi2_conv300,4248,33932529000.000004,34791005815.0
phi2_conv300,4249,33932529000.000004,34794802252.0
phi2_conv300,4250,33932529000.000004,34798549537.0
phi2_conv300,4251,33932529000.000004,34802345974.0
phi2_conv300,4252,33932529000.000004,34806142411.0
phi2_conv300,4253,33932529000.000004,34809889696.0
phi2_conv300,4254,33932529000.000004,34813686133.0
phi2_conv300,4255,33932529000.000004,34817482570.0
phi2_conv300,4256,34746446000.0,34903724232.0
phi2_conv300,4257,34746446000.0,34993291846.0
phi2_conv300,4258,34746446000.0,35010784548.0
phi2_conv300,4259,34746446000.0,35014712066.0
phi2_conv300,4260,34746446000.0,35018737888.0
phi2_conv300,4261,34746446000.0,35022763710.0
phi2_conv300,4262,34746446000.0,35026691228.0
phi2_conv300,4263,34746446000.0,35030717050.0
phi2_conv300,4264,34746446000.0,35034742872.0
phi2_conv300,4265,34746446000.0,35038670390.0
phi2_conv300,4266,34746446000.0,35042696212.0
phi2_conv300,4267,34746446000.0,35046722034.0
phi2_conv300,4268,34746446000.0,35050649552.0
phi2_conv300,4269,34746446000.0,35054675374.0
phi2_conv300,4270,34746446000.0,35058701196.0
phi2_conv300,4271,34746446000.0,35062628714.0
phi2_conv300,4272,34746446000.0,35066654536.0
phi2_conv300,4273,34746446000.0,35070680358.0
phi2_conv300,4274,34746446000.0,35074607876.0
phi2_conv300,4275,34746446000.0,35078633698.0
phi2_conv300,4276,34746446000.0,35082659520.0
phi2_conv300,4277,34746446000.0,35086587038.0
phi2_conv300,4278,34746446000.0,35090612860.0
phi2_conv300,4279,34746446000.0,35094638682.0
phi2_conv300,4280,34746446000.0,35098566200.0
phi2_conv300,4281,34746446000.0,35102592022.0
phi2_conv300,4282,34746446000.0,35106617844.0
phi2_conv300,4283,34746446000.0,35110545362.0
phi2_conv300,4284,34746446000.0,35114571184.0
phi2_conv300,4285,34746446000.0,35118644110.0
phi2_conv300,4286,34746446000.0,35122618732.0
phi2_conv300,4287,34746446000.0,35126691658.0
phi2_conv300,4288,34746446000.0,35130764584.0
phi2_conv300,4289,34746446000.0,35134739206.0
phi2_conv300,4290,34746446000.0,35138812132.0
phi2_conv300,4291,34746446000.0,35142803129.0
phi2_conv300,4292,34746446000.0,35146695822.0
phi2_conv300,4293,34746446000.0,35150686819.0
phi2_conv300,4294,34746446000.0,35154677816.0
phi2_conv300,4295,34746446000.0,35158570509.0
phi2_conv300,4296,34746446000.0,35162561506.0
phi2_conv300,4297,34746446000.0,35166420678.0
phi2_conv300,4298,34746446000.0,35170181546.0
phi2_conv300,4299,34746446000.0,35174040718.0
phi2_conv300,4300,34746446000.0,35177899890.0
phi2_conv300,4301,34746446000.0,35181660758.0
phi2_conv300,4302,34746446000.0,35185519930.0
phi2_conv300,4303,34746446000.0,35189379102.0
phi2_conv300,4304,34746446000.0,35193139970.0
phi2_conv300,4305,34746446000.0,35196999142.0
phi2_conv300,4306,34746446000.0,35200578794.0
phi2_conv300,4307,34746446000.0,35204109294.0
phi2_conv300,4308,34746446000.0,35207688946.0
phi2_conv300,4309,34746446000.0,35211317750.0
phi2_conv300,4310,34746446000.0,35214799098.0
phi2_conv300,4311,34746446000.0,35218427902.0
phi2_conv300,4312,34746446000.0,35222007554.0
phi2_conv300,4313,34746446000.0,35225538054.0
phi2_conv300,4314,34746446000.0,35229117706.0
phi2_conv300,4315,34746446000.0,35232746510.0
phi2_conv300,4316,34746446000.0,35236227858.0
phi2_conv300,4317,34746446000.0,35239856662.0
phi2_conv300,4318,34746446000.0,35243436314.0
phi2_conv300,4319,34746446000.0,35247015966.0
phi2_conv300,4320,34746446000.0,35250595618.0
phi2_conv300,4321,34746446000.0,35254271526.0
phi2_conv300,4322,34746446000.0,35257849130.0
phi2_conv300,4323,34746446000.0,35261525038.0
phi2_conv300,4324,34746446000.0,35265151794.0
phi2_conv300,4325,34746446000.0,35268778550.0
phi2_conv300,4326,34746446000.0,35272405306.0
phi2_conv300,4327,34746446000.0,35276081214.0
phi2_conv300,4328,34746446000.0,35279658818.0
phi2_conv300,4329,35294069000.0,35361244406.0
phi2_conv300,4330,35294069000.0,35364723706.0
phi2_conv300,4331,35294069000.0,35368153854.0
phi2_conv300,4332,35294069000.0,35371633154.0
phi2_conv300,4333,35294069000.0,35375112454.0
phi2_conv300,4334,35294069000.0,35378542602.0
phi2_conv300,4335,35294069000.0,35382021902.0
phi2_conv300,4336,35294069000.0,35385501202.0
phi2_conv300,4337,35294069000.0,35388978454.0
phi2_conv300,4338,35294069000.0,35392504858.0
phi2_conv300,4339,35294069000.0,35396031262.0
phi2_conv300,4340,35294069000.0,35399508514.0
phi2_conv300,4341,35294069000.0,35403034918.0
phi2_conv300,4342,35294069000.0,35406561322.0
phi2_conv300,4343,35294069000.0,35410038574.0
phi2_conv300,4344,35294069000.0,35413564978.0
phi2_conv300,4345,35294069000.0,35417091382.0
phi2_conv300,4346,35294069000.0,35420568634.0
phi2_conv300,4347,35294069000.0,35423937214.0
phi2_conv300,4348,35294069000.0,35427305794.0
phi2_conv300,4349,35294069000.0,35430625222.0
phi2_conv300,4350,35294069000.0,35433993802.0
phi2_conv300,4351,35294069000.0,35437362382.0
phi2_conv300,4352,35294069000.0,35440681810.0
phi2_conv300,4353,35294069000.0,35444050390.0
phi2_conv300,4354,35294069000.0,35447418970.0
phi2_conv300,4355,35294069000.0,35450738398.0
phi2_conv300,4356,35294069000.0,35454106978.0
phi2_conv300,4357,35294069000.0,35457475558.0
phi2_conv300,4358,35294069000.0,35460794986.0
phi2_conv300,4359,35294069000.0,35464163566.0
phi2_conv300,4360,35294069000.0,35467532146.0
phi2_conv300,4361,35294069000.0,35470851574.0
phi2_conv300,4362,35294069000.0,35474220154.0
phi2_conv300,4363,35294069000.0,35477588734.0
phi2_conv300,4364,35294069000.0,35480908162.0
phi2_conv300,4365,35294069000.0,35484276742.0
phi2_conv300,4366,35294069000.0,35487645322.0
phi2_conv300,4367,35294069000.0,35490964750.0
phi2_conv300,4368,35294069000.0,35494333330.0
phi2_conv300,4369,35294069000.0,35497701910.0
phi2_conv300,4370,35294069000.0,35501070490.0
phi2_conv300,4371,35294069000.0,35504439070.0
phi2_conv300,4372,35294069000.0,35507856802.0
phi2_conv300,4373,35294069000.0,35511176230.0
phi2_conv300,4374,35294069000.0,35514593962.0
phi2_conv300,4375,35294069000.0,35517962542.0
phi2_conv300,4376,35294069000.0,35521331122.0
phi2_conv300,4377,35294069000.0,35524699702.0
phi2_conv300,4378,35294069000.0,35528117434.0
phi2_conv300,4379,35294069000.0,35531436862.0
phi2_conv300,4380,35294069000.0,35534854594.0
phi2_conv300,4381,35294069000.0,35538223174.0
phi2_conv300,4382,35294069000.0,35541591754.0
phi2_conv300,4383,35294069000.0,35544960334.0
phi2_conv300,4384,35294069000.0,35548378066.0
phi2_conv300,4385,35294069000.0,35551697494.0
phi2_conv300,4386,35294069000.0,35555115226.0
phi2_conv300,4387,35294069000.0,35558483806.0
phi2_conv300,4388,35294069000.0,35561901538.0
phi2_conv300,4389,35294069000.0,35565270118.0
phi2_conv300,4390,35294069000.0,35568687850.0
phi2_conv300,4391,35294069000.0,35572056430.0
phi2_conv300,4392,35294069000.0,35575474162.0
phi2_conv300,4393,35294069000.0,35578842742.0
phi2_conv300,4394,35294069000.0,35582260474.0
phi2_conv300,4395,35294069000.0,35585629054.0
phi2_conv300,4396,35294069000.0,35589046786.0
phi2_conv300,4397,35294069000.0,35592415366.0
phi2_conv300,4398,35294069000.0,35595833098.0
phi2_conv300,4399,35294069000.0,35599201678.0
phi2_conv300,4400,35294069000.0,35602619410.0
phi2_conv300,4401,35294069000.0,35605987990.0
phi2_conv300,4402,35294069000.0,35609405722.0
phi2_conv300,4403,35294069000.0,35612774302.0
phi2_conv300,4404,35294069000.0,35616192034.0
phi2_conv300,4405,35294069000.0,35619560614.0
phi2_conv300,4406,35294069000.0,35622978346.0
phi2_conv300,4407,35294069000.0,35626346926.0
phi2_conv300,4408,35294069000.0,35629764658.0
phi2_conv300,4409,35294069000.0,35633133238.0
phi2_conv300,4410,35294069000.0,35636550970.0
phi2_conv300,4411,35294069000.0,35639919550.0
phi2_conv300,4412,35294069000.0,35643337282.0
phi2_conv300,4413,35294069000.0,35646705862.0
phi2_conv300,4414,35294069000.0,35650123594.0
phi2_conv300,4415,35294069000.0,35653492174.0
phi2_conv300,4416,35294069000.0,35656909906.0
phi2_conv300,4417,35294069000.0,35660278486.0
phi2_conv300,4418,35294069000.0,35663696218.0
phi2_conv300,4419,35294069000.0,35667064798.0
phi2_conv300,4420,35294069000.0,35670482530.0
phi2_conv300,4421,35294069000.0,35673851110.0
phi2_conv300,4422,35294069000.0,35677268842.0
phi2_conv300,4423,35294069000.0,35680637422.0
phi2_conv300,4424,35294069000.0,35684055154.0
phi2_conv300,4425,35294069000.0,35687423734.0
phi2_conv300,4426,35294069000.0,35690841466.0
phi2_conv300,4427,35294069000.0,35694210046.0
phi2_conv300,4428,35294069000.0,35697627778.0
phi2_conv300,4429,35294069000.0,35700996358.0
phi2_conv300,4430,35294069000.0,35704414090.0
phi2_conv300,4431,34746446000.0,35707492814.0
phi2_conv300,4432,34746446000.0,35710620690.0
phi2_conv300,4433,34746446000.0,35713699414.0
phi2_conv300,4434,34746446000.0,35716827290.0
phi2_conv300,4435,34746446000.0,35719906014.0
phi2_conv300,4436,34746446000.0,35723033890.0
phi2_conv300,4437,34746446000.0,35726112614.0
phi2_conv300,4438,34746446000.0,35729240490.0
phi2_conv300,4439,34746446000.0,35732319214.0
phi2_conv300,4440,34746446000.0,35735447090.0
phi2_conv300,4441,34746446000.0,35738525814.0
phi2_conv300,4442,34746446000.0,35741653690.0
phi2_conv300,4443,34746446000.0,35744732414.0
phi2_conv300,4444,34746446000.0,35747860290.0
phi2_conv300,4445,34746446000.0,35750939014.0
phi2_conv300,4446,34746446000.0,35754066890.0
phi2_conv300,4447,34746446000.0,35757145614.0
phi2_conv300,4448,34746446000.0,35760273490.0
phi2_conv300,4449,34746446000.0,35763352214.0
phi2_conv300,4450,34746446000.0,35766480090.0
phi2_conv300,4451,34746446000.0,35769558814.0
phi2_conv300,4452,34746446000.0,35772686690.0
phi2_conv300,4453,34746446000.0,35775814566.0
phi2_conv300,4454,34746446000.0,35778552234.0
phi2_conv300,4455,34746446000.0,35781240750.0
phi2_conv300,4456,34746446000.0,35783978418.0
phi2_conv300,4457,34746446000.0,35786666934.0
phi2_conv300,4458,34746446000.0,35789404602.0
phi2_conv300,4459,34746446000.0,35792093118.0
phi2_conv300,4460,34746446000.0,35794830786.0
phi2_conv300,4461,34746446000.0,35797519302.0
phi2_conv300,4462,34746446000.0,35800256970.0
phi2_conv300,4463,36138512000.0,36223877531.0
phi2_conv300,4464,36138512000.0,36312444086.0
phi2_conv300,4465,36138512000.0,36319942298.0
phi2_conv300,4466,36138512000.0,36323021022.0
phi2_conv300,4467,36138512000.0,36326099746.0
phi2_conv300,4468,36138512000.0,36329227622.0
phi2_conv300,4469,36138512000.0,36332257194.0
phi2_conv300,4470,36138512000.0,36335385070.0
phi2_conv300,4471,36138512000.0,36338463794.0
phi2_conv300,4472,36138512000.0,36341542518.0
phi2_conv300,4473,36138512000.0,36344621242.0
phi2_conv300,4474,36138512000.0,36347749118.0
phi2_conv300,4475,36138512000.0,36350778690.0
phi2_conv300,4476,36138512000.0,36353906566.0
phi2_conv300,4477,36138512000.0,36356985290.0
phi2_conv300,4478,36138512000.0,36360064014.0
phi2_conv300,4479,36138512000.0,36363142738.0
phi2_conv300,4480,36138512000.0,36366270614.0
phi2_conv300,4481,36138512000.0,36369300186.0
phi2_conv300,4482,36138512000.0,36372428062.0
phi2_conv300,4483,36138512000.0,36375506786.0
phi2_conv300,4484,36138512000.0,36378585510.0
phi2_conv300,4485,36138512000.0,36381664234.0
phi2_conv300,4486,36138512000.0,36384792110.0
phi2_conv300,4487,36138512000.0,36387821682.0
phi2_conv300,4488,36138512000.0,36390949558.0
phi2_conv300,4489,36138512000.0,36394028282.0
phi2_conv300,4490,36138512000.0,36397107006.0
phi2_conv300,4491,36138512000.0,36400185730.0
phi2_conv300,4492,36138512000.0,36403313606.0
phi2_conv300,4493,36138512000.0,36406343178.0
phi2_conv300,4494,36138512000.0,36409471054.0
phi2_conv300,4495,36138512000.0,36412549778.0
phi2_conv300,4496,36138512000.0,36415628502.0
phi2_conv300,4497,36138512000.0,36418707226.0
phi2_conv300,4498,36138512000.0,36421835102.0
phi2_conv300,4499,36138512000.0,36424864674.0
phi2_conv300,4500,36138512000.0,36427992550.0
phi2_conv300,4501,36138512000.0,36431071274.0
phi2_conv300,4502,36138512000.0,36434149998.0
phi2_conv300,4503,36138512000.0,36437228722.0
phi2_conv300,4504,36138512000.0,36440356598.0
phi2_conv300,4505,36138512000.0,36443386170.0
phi2_conv300,4506,36138512000.0,36446514046.0
phi2_conv300,4507,36138512000.0,36449592770.0
phi2_conv300,4508,36138512000.0,36452671494.0
phi2_conv300,4509,36138512000.0,36455750218.0
phi2_conv300,4510,36138512000.0,36458878094.0
phi2_conv300,4511,36138512000.0,36461907666.0
phi2_conv300,4512,36138512000.0,36465035542.0
phi2_conv300,4513,36138512000.0,36468114266.0
phi2_conv300,4514,36138512000.0,36471192990.0
phi2_conv300,4515,36138512000.0,36474271714.0
phi2_conv300,4516,36138512000.0,36477399590.0
phi2_conv300,4517,36138512000.0,36480429162.0
phi2_conv300,4518,36138512000.0,36483557038.0
phi2_conv300,4519,36138512000.0,36486635762.0
phi2_conv300,4520,36138512000.0,36489714486.0
phi2_conv300,4521,36138512000.0,36492793210.0
phi2_conv300,4522,36520417000.0,36554967210.0
phi2_conv300,4523,36520417000.0,36558239534.0
phi2_conv300,4524,36520417000.0,36561659314.0
phi2_conv300,4525,36520417000.0,36564980790.0
phi2_conv300,4526,36520417000.0,36568351418.0
phi2_conv300,4527,36520417000.0,36571672894.0
phi2_conv300,4528,36520417000.0,36575092674.0
phi2_conv300,4529,36520417000.0,36578364998.0
phi2_conv300,4530,36520417000.0,36581784778.0
phi2_conv300,4531,36520417000.0,36585106254.0
phi2_conv300,4532,36520417000.0,36588476882.0
phi2_conv300,4533,36520417000.0,36591798358.0
phi2_conv300,4534,36520417000.0,36595218138.0
phi2_conv300,4535,36520417000.0,36598490462.0
phi2_conv300,4536,36520417000.0,36601910242.0
phi2_conv300,4537,36520417000.0,36605231718.0
phi2_conv300,4538,36520417000.0,36608602346.0
phi2_conv300,4539,36520417000.0,36611923822.0
phi2_conv300,4540,36520417000.0,36615343602.0
phi2_conv300,4541,36520417000.0,36618615926.0
phi2_conv300,4542,36520417000.0,36622035706.0
phi2_conv300,4543,36520417000.0,36624966974.0
phi2_conv300,4544,36520417000.0,36627898242.0
phi2_conv300,4545,36520417000.0,36630829510.0
phi2_conv300,4546,36520417000.0,36633809930.0
phi2_conv300,4547,36520417000.0,36636692046.0
phi2_conv300,4548,36520417000.0,36639672466.0
phi2_conv300,4549,36520417000.0,36642603734.0
phi2_conv300,4550,36520417000.0,36645535002.0
phi2_conv300,4551,36520417000.0,36648466270.0
phi2_conv300,4552,36520417000.0,36651446690.0
phi2_conv300,4553,36520417000.0,36654328806.0
phi2_conv300,4554,36520417000.0,36657309226.0
phi2_conv300,4555,36520417000.0,36660240494.0
phi2_conv300,4556,36520417000.0,36663171762.0
phi2_conv300,4557,36520417000.0,36666103030.0
phi2_conv300,4558,36520417000.0,36669083450.0
phi2_conv300,4559,36520417000.0,36671965566.0
phi2_conv300,4560,36520417000.0,36674945986.0
phi2_conv300,4561,36520417000.0,36677877254.0
phi2_conv300,4562,36520417000.0,36680808522.0
phi2_conv300,4563,36520417000.0,36683739790.0
phi2_conv300,4564,36520417000.0,36686720210.0
phi2_conv300,4565,36520417000.0,36689602326.0
phi2_conv300,4566,36520417000.0,36692582746.0
phi2_conv300,4567,36520417000.0,36695514014.0
phi2_conv300,4568,36520417000.0,36698445282.0
phi2_conv300,4569,36520417000.0,36701376550.0
phi2_conv300,4570,36520417000.0,36704356970.0
phi2_conv300,4571,36520417000.0,36707239086.0
phi2_conv300,4572,36520417000.0,36710219506.0
phi2_conv300,4573,36520417000.0,36713150774.0
phi2_conv300,4574,36520417000.0,36716082042.0
phi2_conv300,4575,36520417000.0,36719013310.0
phi2_conv300,4576,36520417000.0,36721993730.0
phi2_conv300,4577,36520417000.0,36724875846.0
phi2_conv300,4578,36520417000.0,36727856266.0
phi2_conv300,4579,36520417000.0,36730787534.0
phi2_conv300,4580,36864739000.0,36950373397.0
phi2_conv300,4581,36864739000.0,37039340914.0
phi2_conv300,4582,36864739000.0,37092886431.0
phi2_conv300,4583,36864739000.0,37096158755.0
phi2_conv300,4584,36864739000.0,37099529383.0
phi2_conv300,4585,36864739000.0,37102850859.0
phi2_conv300,4586,36864739000.0,37106172335.0
phi2_conv300,4587,36864739000.0,37109493811.0
phi2_conv300,4588,36864739000.0,37112864439.0
phi2_conv300,4589,36864739000.0,37116136763.0
phi2_conv300,4590,36864739000.0,37119507391.0
phi2_conv300,4591,36864739000.0,37122828867.0
phi2_conv300,4592,36864739000.0,37126150343.0
phi2_conv300,4593,36864739000.0,37129471819.0
phi2_conv300,4594,36864739000.0,37132842447.0
phi2_conv300,4595,36864739000.0,37136114771.0
phi2_conv300,4596,36864739000.0,37139485399.0
phi2_conv300,4597,36864739000.0,37142806875.0
phi2_conv300,4598,36864739000.0,37146128351.0
phi2_conv300,4599,36864739000.0,37149449827.0
phi2_conv300,4600,36864739000.0,37152820455.0
phi2_conv300,4601,36864739000.0,37156092779.0
phi2_conv300,4602,36864739000.0,37159463407.0
phi2_conv300,4603,36864739000.0,37162784883.0
phi2_conv300,4604,36864739000.0,37166106359.0
phi2_conv300,4605,36864739000.0,37169427835.0
phi2_conv300,4606,36864739000.0,37172798463.0
phi2_conv300,4607,36864739000.0,37176070787.0
phi2_conv300,4608,36864739000.0,37179441415.0
phi2_conv300,4609,36864739000.0,37182762891.0
phi2_conv300,4610,36864739000.0,37186084367.0
phi2_conv300,4611,36864739000.0,37189405843.0
phi2_conv300,4612,36864739000.0,37192776471.0
phi2_conv300,4613,36864739000.0,37196048795.0
phi2_conv300,4614,36864739000.0,37199419423.0
phi2_conv300,4615,36864739000.0,37202740899.0
phi2_conv300,4616,37124806000.0,37206174503.0
phi2_conv300,4617,37124806000.0,37209604651.0
phi2_conv300,4618,37124806000.0,37213083951.0
phi2_conv300,4619,37124806000.0,37216464947.0
phi2_conv300,4620,37124806000.0,37219944247.0
phi2_conv300,4621,37124806000.0,37223374395.0
phi2_conv300,4622,37124806000.0,37226804543.0
phi2_conv300,4623,37124806000.0,37230234691.0
phi2_conv300,4624,37124806000.0,37233713991.0
phi2_conv300,4625,37124806000.0,37237094987.0
phi2_conv300,4626,37124806000.0,37240574287.0
phi2_conv300,4627,37124806000.0,37244004435.0
phi2_conv300,4628,37124806000.0,37247483735.0
phi2_conv300,4629,37124806000.0,37250913883.0
phi2_conv300,4630,37124806000.0,37254442335.0
phi2_conv300,4631,37124806000.0,37257823331.0
phi2_conv300,4632,37124806000.0,37261351783.0
phi2_conv300,4633,37124806000.0,37264781931.0
phi2_conv300,4634,37124806000.0,37268310383.0
phi2_conv300,4635,37124806000.0,37271740531.0
phi2_conv300,4636,37124806000.0,37275268983.0
phi2_conv300,4637,37124806000.0,37278699131.0
phi2_conv300,4638,37124806000.0,37282227583.0
phi2_conv300,4639,37124806000.0,37285657731.0
phi2_conv300,4640,37124806000.0,37289186183.0
phi2_conv300,4641,37124806000.0,37292358155.0
phi2_conv300,4642,37124806000.0,37295579279.0
phi2_conv300,4643,37124806000.0,37298751251.0
phi2_conv300,4644,37124806000.0,37301972375.0
phi2_conv300,4645,37124806000.0,37305144347.0
phi2_conv300,4646,37124806000.0,37308365471.0
phi2_conv300,4647,37124806000.0,37311537443.0
phi2_conv300,4648,37124806000.0,37314758567.0
phi2_conv300,4649,37124806000.0,37317930539.0
phi2_conv300,4650,37124806000.0,37321151663.0
phi2_conv300,4651,37124806000.0,37324323635.0
phi2_conv300,4652,37124806000.0,37327544759.0
phi2_conv300,4653,37124806000.0,37330716731.0
phi2_conv300,4654,37124806000.0,37333937855.0
phi2_conv300,4655,37124806000.0,37337109827.0
phi2_conv300,4656,37124806000.0,37340330951.0
phi2_conv300,4657,37124806000.0,37343502923.0
phi2_conv300,4658,37124806000.0,37346724047.0
phi2_conv300,4659,37124806000.0,37349896019.0
phi2_conv300,4660,37124806000.0,37353117143.0
phi2_conv300,4661,37124806000.0,37356289115.0
phi2_conv300,4662,37124806000.0,37359510239.0
phi2_conv300,4663,37124806000.0,37362682211.0
phi2_conv300,4664,37124806000.0,37365903335.0
phi2_conv300,4665,37124806000.0,37369075307.0
phi2_conv300,4666,37124806000.0,37372296431.0
phi2_conv300,4667,37124806000.0,37375468403.0
phi2_conv300,4668,37124806000.0,37378689527.0
phi2_conv300,4669,37124806000.0,37381861499.0
phi2_conv300,4670,37124806000.0,37385082623.0
phi2_conv300,4671,37124806000.0,37388254595.0
phi2_conv300,4672,37124806000.0,37391475719.0
phi2_conv300,4673,37124806000.0,37394647691.0
phi2_conv300,4674,37475965000.0,37561725543.0
phi2_conv300,4675,37475965000.0,37650768006.0
phi2_conv300,4676,37475965000.0,37660758090.0
phi2_conv300,4677,37475965000.0,37664188238.0
phi2_conv300,4678,37475965000.0,37667618386.0
phi2_conv300,4679,37475965000.0,37671048534.0
phi2_conv300,4680,37475965000.0,37674527834.0
phi2_conv300,4681,37475965000.0,37677908830.0
phi2_conv300,4682,37475965000.0,37681388130.0
phi2_conv300,4683,37475965000.0,37684818278.0
phi2_conv300,4684,37475965000.0,37688137706.0
phi2_conv300,4685,37475965000.0,37691457134.0
phi2_conv300,4686,37475965000.0,37694825714.0
phi2_conv300,4687,37475965000.0,37698095990.0
phi2_conv300,4688,37475965000.0,37701464570.0
phi2_conv300,4689,37475965000.0,37704783998.0
phi2_conv300,4690,37475965000.0,37708103426.0
phi2_conv300,4691,37475965000.0,37711422854.0
phi2_conv300,4692,37475965000.0,37714791434.0
phi2_conv300,4693,37475965000.0,37718061710.0
phi2_conv300,4694,37475965000.0,37721430290.0
phi2_conv300,4695,37475965000.0,37724749718.0
phi2_conv300,4696,37475965000.0,37728069146.0
phi2_conv300,4697,37475965000.0,37731388574.0
phi2_conv300,4698,37475965000.0,37734757154.0
phi2_conv300,4699,37475965000.0,37738027430.0
phi2_conv300,4700,37475965000.0,37741396010.0
phi2_conv300,4701,37475965000.0,37744715438.0
phi2_conv300,4702,37475965000.0,37748034866.0
phi2_conv300,4703,37475965000.0,37751354294.0
phi2_conv300,4704,37475965000.0,37754722874.0
phi2_conv300,4705,37475965000.0,37757993150.0
phi2_conv300,4706,37475965000.0,37761361730.0
phi2_conv300,4707,37475965000.0,37764681158.0
phi2_conv300,4708,37475965000.0,37768000586.0
phi2_conv300,4709,37475965000.0,37771079310.0
phi2_conv300,4710,37475965000.0,37774207186.0
phi2_conv300,4711,37475965000.0,37777236758.0
phi2_conv300,4712,37475965000.0,37780364634.0
phi2_conv300,4713,37475965000.0,37783443358.0
phi2_conv300,4714,37475965000.0,37786522082.0
phi2_conv300,4715,37475965000.0,37789600806.0
phi2_conv300,4716,37475965000.0,37792728682.0
phi2_conv300,4717,37475965000.0,37795758254.0
phi2_conv300,4718,37475965000.0,37798886130.0
phi2_conv300,4719,37475965000.0,37801964854.0
phi2_conv300,4720,37475965000.0,37805043578.0
phi2_conv300,4721,37475965000.0,37808122302.0
phi2_conv300,4722,37475965000.0,37811250178.0
phi2_conv300,4723,37475965000.0,37814279750.0
phi2_conv300,4724,37475965000.0,37817407626.0
phi2_conv300,4725,37475965000.0,37820486350.0
phi2_conv300,4726,37475965000.0,37823565074.0
phi2_conv300,4727,37475965000.0,37826643798.0
phi2_conv300,4728,37475965000.0,37829771674.0
phi2_conv300,4729,37475965000.0,37832801246.0
phi2_conv300,4730,37475965000.0,37835929122.0
phi2_conv300,4731,37475965000.0,37839007846.0
phi2_conv300,4732,37475965000.0,37842086570.0
phi2_conv300,4733,37475965000.0,37845165294.0
phi2_conv300,4734,37475965000.0,37848293170.0
phi2_conv300,4735,37475965000.0,37851322742.0
phi2_conv300,4736,37475965000.0,37854450618.0
phi2_conv300,4737,37475965000.0,37857529342.0
phi2_conv300,4738,37475965000.0,37860608066.0
phi2_conv300,4739,37475965000.0,37863686790.0
phi2_conv300,4740,37475965000.0,37866814666.0
phi2_conv300,4741,37475965000.0,37869844238.0
phi2_conv300,4742,37475965000.0,37872972114.0
phi2_conv300,4743,37475965000.0,37876050838.0
phi2_conv300,4744,37475965000.0,37879129562.0
phi2_conv300,4745,37475965000.0,37882208286.0
phi2_conv300,4746,37475965000.0,37885336162.0
phi2_conv300,4747,37475965000.0,37888365734.0
phi2_conv300,4748,37475965000.0,37891493610.0
phi2_conv300,4749,37475965000.0,37894572334.0
phi2_conv300,4750,37475965000.0,37897651058.0
phi2_conv300,4751,37475965000.0,37900729782.0
phi2_conv300,4752,37475965000.0,37903857658.0
phi2_conv300,4753,37475965000.0,37906887230.0
phi2_conv300,4754,37475965000.0,37910015106.0
phi2_conv300,4755,37475965000.0,37913093830.0
phi2_conv300,4756,37475965000.0,37916172554.0
phi2_conv300,4757,37475965000.0,37919251278.0
phi2_conv300,4758,37475965000.0,37922379154.0
phi2_conv300,4759,37475965000.0,37925408726.0
phi2_conv300,4760,37475965000.0,37928536602.0
phi2_conv300,4761,37475965000.0,37931615326.0
phi2_conv300,4762,37475965000.0,37934694050.0
phi2_conv300,4763,37475965000.0,37937772774.0
phi2_conv300,4764,37475965000.0,37940900650.0
phi2_conv300,4765,37475965000.0,37943930222.0
phi2_conv300,4766,37475965000.0,37947058098.0
phi2_conv300,4767,37475965000.0,37950136822.0
phi2_conv300,4768,37475965000.0,37953264698.0
phi2_conv300,4769,37475965000.0,37956343422.0
phi2_conv300,4770,37475965000.0,37959520450.0
phi2_conv300,4771,37475965000.0,37962550022.0
phi2_conv300,4772,37475965000.0,37965727050.0
phi2_conv300,4773,37475965000.0,37968805774.0
phi2_conv300,4774,37475965000.0,37971933650.0
phi2_conv300,4775,37475965000.0,37975012374.0
phi2_conv300,4776,37475965000.0,37978189402.0
phi2_conv300,4777,37475965000.0,37981218974.0
phi2_conv300,4778,37475965000.0,37984396002.0
phi2_conv300,4779,37475965000.0,37987474726.0
phi2_conv300,4780,37475965000.0,37990602602.0
phi2_conv300,4781,38154930000.0,38216797854.0
phi2_conv300,4782,38154930000.0,38220217634.0
phi2_conv300,4783,38154930000.0,38223489958.0
phi2_conv300,4784,38154930000.0,38226909738.0
phi2_conv300,4785,38154930000.0,38230231214.0
phi2_conv300,4786,38154930000.0,38233601842.0
phi2_conv300,4787,38154930000.0,38236923318.0
phi2_conv300,4788,38154930000.0,38240343098.0
phi2_conv300,4789,38154930000.0,38243615422.0
phi2_conv300,4790,38154930000.0,38247035202.0
phi2_conv300,4791,38154930000.0,38250356678.0
phi2_conv300,4792,38154930000.0,38253727306.0
phi2_conv300,4793,38154930000.0,38257048782.0
phi2_conv300,4794,38154930000.0,38260468562.0
phi2_conv300,4795,38154930000.0,38263740886.0
phi2_conv300,4796,38154930000.0,38267160666.0
phi2_conv300,4797,38154930000.0,38270482142.0
phi2_conv300,4798,38154930000.0,38273413410.0
phi2_conv300,4799,38154930000.0,38276344678.0
phi2_conv300,4800,38154930000.0,38279325098.0
phi2_conv300,4801,38154930000.0,38282207214.0
phi2_conv300,4802,38154930000.0,38285187634.0
phi2_conv300,4803,38154930000.0,38288118902.0
phi2_conv300,4804,38154930000.0,38291050170.0
phi2_conv300,4805,38154930000.0,38293981438.0
phi2_conv300,4806,38154930000.0,38296961858.0
phi2_conv300,4807,38154930000.0,38299843974.0
phi2_conv300,4808,38154930000.0,38302824394.0
phi2_conv300,4809,38154930000.0,38305755662.0
phi2_conv300,4810,38154930000.0,38308686930.0
phi2_conv300,4811,38154930000.0,38311618198.0
phi2_conv300,4812,38154930000.0,38314598618.0
phi2_conv300,4813,38154930000.0,38317480734.0
phi2_conv300,4814,38154930000.0,38320461154.0
phi2_conv300,4815,38154930000.0,38323392422.0
phi2_conv300,4816,38154930000.0,38326323690.0
phi2_conv300,4817,38154930000.0,38329302062.0
phi2_conv300,4818,38154930000.0,38332329586.0
phi2_conv300,4819,38392642000.0,38478274349.0
phi2_conv300,4820,38392642000.0,38567338122.0
phi2_conv300,4821,38392642000.0,38660207079.0
phi2_conv300,4822,38392642000.0,38756409156.0
phi2_conv300,4823,38392642000.0,38856533153.0
phi2_conv300,4824,38392642000.0,38960061950.0
phi2_conv300,4825,38392642000.0,39067346779.0
phi2_conv300,4826,38392642000.0,39164774074.0
phi2_conv300,4827,38549044000.0,39250976985.0
phi2_conv300,4828,38549044000.0,39340510968.0
phi2_conv300,4829,38549044000.0,39357624444.0
phi2_conv300,4830,38549044000.0,39361595264.0
phi2_conv300,4831,38549044000.0,39365418628.0
phi2_conv300,4832,38549044000.0,39369389448.0
phi2_conv300,4833,38549044000.0,39373311116.0
phi2_conv300,4834,38549044000.0,39377183632.0
phi2_conv300,4835,38549044000.0,39381105300.0
phi2_conv300,4836,38549044000.0,39385076120.0
phi2_conv300,4837,38549044000.0,39388948636.0
phi2_conv300,4838,38549044000.0,39392919456.0
phi2_conv300,4839,38549044000.0,39396841124.0
phi2_conv300,4840,38549044000.0,39400762792.0
phi2_conv300,4841,38549044000.0,39404526636.0
phi2_conv300,4842,38549044000.0,39408339632.0
phi2_conv300,4843,38549044000.0,39412054324.0
phi2_conv300,4844,38549044000.0,39415867320.0
phi2_conv300,4845,38549044000.0,39419631164.0
phi2_conv300,4846,38549044000.0,39423395008.0
phi2_conv300,4847,38549044000.0,39427158852.0
phi2_conv300,4848,38549044000.0,39430971848.0
phi2_conv300,4849,38549044000.0,39434686540.0
phi2_conv300,4850,38549044000.0,39438499536.0
phi2_conv300,4851,38549044000.0,39442263380.0
phi2_conv300,4852,38549044000.0,39446027224.0
phi2_conv300,4853,38549044000.0,39449791068.0
phi2_conv300,4854,38549044000.0,39453604064.0
phi2_conv300,4855,38549044000.0,39457318756.0
phi2_conv300,4856,38549044000.0,39461131752.0
phi2_conv300,4857,38549044000.0,39464895596.0
phi2_conv300,4858,38813332000.0,39551198859.0
phi2_conv300,4859,38813332000.0,39640833194.0
phi2_conv300,4860,38813332000.0,39653329582.0
phi2_conv300,4861,38813332000.0,39657253298.0
phi2_conv300,4862,38813332000.0,39661324470.0
phi2_conv300,4863,38813332000.0,39665346490.0
phi2_conv300,4864,38813332000.0,39669319358.0
phi2_conv300,4865,38813332000.0,39673341378.0
phi2_conv300,4866,38813332000.0,39677412550.0
phi2_conv300,4867,38813332000.0,39681336266.0
phi2_conv300,4868,38813332000.0,39685407438.0
phi2_conv300,4869,38813332000.0,39689429458.0
phi2_conv300,4870,38813332000.0,39693402326.0
phi2_conv300,4871,38813332000.0,39697424346.0
phi2_conv300,4872,38813332000.0,39701495518.0
phi2_conv300,4873,38813332000.0,39705419234.0
phi2_conv300,4874,38813332000.0,39709490406.0
phi2_conv300,4875,38813332000.0,39713512426.0
phi2_conv300,4876,38813332000.0,39717485294.0
phi2_conv300,4877,38813332000.0,39721507314.0
phi2_conv300,4878,38813332000.0,39725578486.0
phi2_conv300,4879,38813332000.0,39729502202.0
phi2_conv300,4880,38813332000.0,39733573374.0
phi2_conv300,4881,38813332000.0,39737595394.0
phi2_conv300,4882,38813332000.0,39741568262.0
phi2_conv300,4883,38813332000.0,39745590282.0
phi2_conv300,4884,38813332000.0,39749661454.0
phi2_conv300,4885,38813332000.0,39753585170.0
phi2_conv300,4886,38813332000.0,39757656342.0
phi2_conv300,4887,38813332000.0,39761678362.0
phi2_conv300,4888,38813332000.0,39765651230.0
phi2_conv300,4889,38813332000.0,39769415074.0
phi2_conv300,4890,38813332000.0,39773178918.0
phi2_conv300,4891,38813332000.0,39776844458.0
phi2_conv300,4892,39091915000.0,39863147721.0
phi2_conv300,4893,39091915000.0,39952782056.0
phi2_conv300,4894,39091915000.0,40045834503.0
phi2_conv300,4895,39091915000.0,40142651174.0
phi2_conv300,4896,39091915000.0,40243189061.0
phi2_conv300,4897,39091915000.0,40346510180.0
phi2_conv300,4898,39091915000.0,40454450563.0
phi2_conv300,4899,39220584000.0,40562675972.0
phi2_conv300,4900,39220584000.0,40649401285.0
phi2_conv300,4901,39220584000.0,40739553926.0
phi2_conv300,4902,39220584000.0,40778530170.0
phi2_conv300,4903,39324127000.0,40865480622.0
phi2_conv300,4904,39324127000.0,40955856354.0
phi2_conv300,4905,39324127000.0,40977348855.0
phi2_conv300,4906,39324127000.0,40982030028.0
phi2_conv300,4907,39324127000.0,40986809505.0
phi2_conv300,4908,39324127000.0,40991012741.0
phi2_conv300,4909,39324127000.0,40995166825.0
phi2_conv300,4910,39324127000.0,40999419213.0
phi2_conv300,4911,39324127000.0,41003622449.0
phi2_conv300,4912,39324127000.0,41007776533.0
phi2_conv300,4913,39324127000.0,41012028921.0
phi2_conv300,4914,39324127000.0,41016232157.0
phi2_conv300,4915,39324127000.0,41020386241.0
phi2_conv300,4916,39324127000.0,41024638629.0
phi2_conv300,4917,39324127000.0,41028841865.0
phi2_conv300,4918,39324127000.0,41032995949.0
phi2_conv300,4919,39324127000.0,41037248337.0
phi2_conv300,4920,39324127000.0,41041451573.0
phi2_conv300,4921,39324127000.0,41045605657.0
phi2_conv300,4922,39324127000.0,41049858045.0
phi2_conv300,4923,39324127000.0,41054061281.0
phi2_conv300,4924,39324127000.0,41058215365.0
phi2_conv300,4925,39324127000.0,41062467753.0
phi2_conv300,4926,39324127000.0,41066670989.0
phi2_conv300,4927,39324127000.0,41070825073.0
phi2_conv300,4928,39324127000.0,41075077461.0
phi2_conv300,4929,39324127000.0,41079280697.0
phi2_conv300,4930,39324127000.0,41083434781.0
phi2_conv300,4931,39324127000.0,41087687169.0
phi2_conv300,4932,39324127000.0,41091890405.0
phi2_conv300,4933,39324127000.0,41096044489.0
phi2_conv300,4934,39324127000.0,41100296877.0
phi2_conv300,4935,39324127000.0,41104500113.0
phi2_conv300,4936,39324127000.0,41108128917.0
phi2_conv300,4937,39324127000.0,41111856025.0
phi2_conv300,4938,39324127000.0,41115533981.0
phi2_conv300,4939,39324127000.0,41119162785.0
phi2_conv300,4940,39637764000.0,41183110184.0
phi2_conv300,4941,39645191000.0,41269372508.0
phi2_conv300,4942,39645191000.0,41358912656.0
phi2_conv300,4943,39645191000.0,41382575141.0
phi2_conv300,4944,39645191000.0,41386568186.0
phi2_conv300,4945,39645191000.0,41390512079.0
phi2_conv300,4946,39645191000.0,41394505124.0
phi2_conv300,4947,39645191000.0,41398498169.0
phi2_conv300,4948,39645191000.0,41402442062.0
phi2_conv300,4949,39645191000.0,41406435107.0
phi2_conv300,4950,39645191000.0,41410428152.0
phi2_conv300,4951,39645191000.0,41414421197.0
phi2_conv300,4952,39645191000.0,41418414242.0
phi2_conv300,4953,39645191000.0,41422407287.0
phi2_conv300,4954,39645191000.0,41426400332.0
phi2_conv300,4955,39645191000.0,41430393377.0
phi2_conv300,4956,39645191000.0,41434386422.0
phi2_conv300,4957,39645191000.0,41438379467.0
phi2_conv300,4958,39645191000.0,41442372512.0
phi2_conv300,4959,39645191000.0,41446365557.0
phi2_conv300,4960,39645191000.0,41450358602.0
phi2_conv300,4961,39645191000.0,41454351647.0
phi2_conv300,4962,39645191000.0,41458344692.0
phi2_conv300,4963,39645191000.0,41462337737.0
phi2_conv300,4964,39645191000.0,41466330782.0
phi2_conv300,4965,39645191000.0,41470323827.0
phi2_conv300,4966,39645191000.0,41474316872.0
phi2_conv300,4967,39645191000.0,41478309917.0
phi2_conv300,4968,39645191000.0,41482350066.0
phi2_conv300,4969,39645191000.0,41486390215.0
phi2_conv300,4970,39645191000.0,41490430364.0
phi2_conv300,4971,39645191000.0,41494519665.0
phi2_conv300,4972,39645191000.0,41498559814.0
phi2_conv300,4973,39645191000.0,41502649115.0
phi2_conv300,4974,39645191000.0,41506689264.0
phi2_conv300,4975,39645191000.0,41510778565.0
phi2_conv300,4976,39645191000.0,41514818714.0
phi2_conv300,4977,39645191000.0,41518908015.0
phi2_conv300,4978,39645191000.0,41522948164.0
phi2_conv300,4979,39645191000.0,41527037465.0
phi2_conv300,4980,39645191000.0,41531077614.0
phi2_conv300,4981,39645191000.0,41535166915.0
phi2_conv300,4982,39645191000.0,41539207064.0
phi2_conv300,4983,39645191000.0,41543296365.0
phi2_conv300,4984,39645191000.0,41547336514.0
phi2_conv300,4985,39645191000.0,41551425815.0
phi2_conv300,4986,39645191000.0,41555465964.0
phi2_conv300,4987,40041867000.0,41565030282.0
phi2_conv300,4988,40041867000.0,41569150312.0
phi2_conv300,4989,40041867000.0,41573319494.0
phi2_conv300,4990,40041867000.0,41577439524.0
phi2_conv300,4991,40041867000.0,41581608706.0
phi2_conv300,4992,40041867000.0,41585728736.0
phi2_conv300,4993,40041867000.0,41589897918.0
phi2_conv300,4994,40041867000.0,41594017948.0
phi2_conv300,4995,40041867000.0,41598187130.0
phi2_conv300,4996,40041867000.0,41602307160.0
phi2_conv300,4997,40041867000.0,41606476342.0
phi2_conv300,4998,40041867000.0,41610596372.0
phi2_conv300,4999,40041867000.0,41614765554.0
phi2_conv300,5000,40041867000.0,41618885584.0
phi2_conv300,5001,40041867000.0,41623054766.0
phi2_conv300,5002,40041867000.0,41627174796.0
phi2_conv300,5003,40041867000.0,41631343978.0
phi2_conv300,5004,40041867000.0,41635464008.0
phi2_conv300,5005,40041867000.0,41639633190.0
phi2_conv300,5006,40041867000.0,41643753220.0
phi2_conv300,5007,40041867000.0,41647922402.0
phi2_conv300,5008,40041867000.0,41652042432.0
phi2_conv300,5009,40041867000.0,41656211614.0
phi2_conv300,5010,40041867000.0,41660331644.0
phi2_conv300,5011,40041867000.0,41664549978.0
phi2_conv300,5012,40041867000.0,41668670008.0
phi2_conv300,5013,40041867000.0,41672888342.0
phi2_conv300,5014,40041867000.0,41677057524.0
phi2_conv300,5015,40041867000.0,41681226706.0
phi2_conv300,5016,40041867000.0,41685395888.0
phi2_conv300,5017,40041867000.0,41689614222.0
phi2_conv300,5018,40041867000.0,41693734252.0
phi2_conv300,5019,40041867000.0,41697952586.0
phi2_conv300,5020,40041867000.0,41702121768.0
phi2_conv300,5021,40041867000.0,41706290950.0
phi2_conv300,5022,40041867000.0,41710460132.0
phi2_conv300,5023,40041867000.0,41714678466.0
phi2_conv300,5024,40041867000.0,41718798496.0
phi2_conv300,5025,40041867000.0,41723016830.0
phi2_conv300,5026,40350634000.0,41809474439.0
phi2_conv300,5027,40350634000.0,41899053200.0
phi2_conv300,5028,40350634000.0,41991572889.0
phi2_conv300,5029,40350634000.0,42087959202.0
phi2_conv300,5030,40350634000.0,42187255723.0
phi2_conv300,5031,40350634000.0,42203776850.0
phi2_conv300,5032,40350634000.0,42208371321.0
phi2_conv300,5033,40479164000.0,42295448773.0
phi2_conv300,5034,40479164000.0,42385756945.0
phi2_conv300,5035,40479164000.0,42412703664.0
phi2_conv300,5036,40479164000.0,42417532888.0
phi2_conv300,5037,40479164000.0,42422362112.0
phi2_conv300,5038,40479164000.0,42427191336.0
phi2_conv300,5039,40479164000.0,42432161872.0
phi2_conv300,5040,40479164000.0,42436941944.0
phi2_conv300,5041,40479164000.0,42441912480.0
phi2_conv300,5042,40479164000.0,42446607303.0
phi2_conv300,5043,40479164000.0,42451394286.0
phi2_conv300,5044,40479164000.0,42456039957.0
phi2_conv300,5045,40479164000.0,42460876092.0
phi2_conv300,5046,40479164000.0,42465521763.0
phi2_conv300,5047,40479164000.0,42470357898.0
phi2_conv300,5048,40479164000.0,42475052721.0
phi2_conv300,5049,40479164000.0,42479839704.0
phi2_conv300,5050,40479164000.0,42484534527.0
phi2_conv300,5051,40479164000.0,42489278502.0
phi2_conv300,5052,40479164000.0,42493924173.0
phi2_conv300,5053,40479164000.0,42498760308.0
phi2_conv300,5054,40479164000.0,42503455131.0
phi2_conv300,5055,40479164000.0,42508242114.0
phi2_conv300,5056,40479164000.0,42512936937.0
phi2_conv300,5057,40479164000.0,42517773072.0
phi2_conv300,5058,40479164000.0,42522369591.0
phi2_conv300,5059,40479164000.0,42527205726.0
phi2_conv300,5060,40479164000.0,42531900549.0
phi2_conv300,5061,40479164000.0,42536687532.0
phi2_conv300,5062,40479164000.0,42541382355.0
phi2_conv300,5063,40479164000.0,42546218490.0
phi2_conv300,5064,40479164000.0,42550864161.0
phi2_conv300,5065,40479164000.0,42555608136.0
phi2_conv300,5066,40479164000.0,42560302959.0
phi2_conv300,5067,40479164000.0,42565089942.0
phi2_conv300,5068,40479164000.0,42569784765.0
phi2_conv300,5069,40479164000.0,42574620900.0
phi2_conv300,5070,40479164000.0,42579266571.0
phi2_conv300,5071,40479164000.0,42584102706.0
phi2_conv300,5072,40479164000.0,42588748377.0
phi2_conv300,5073,40479164000.0,42593535360.0
phi2_conv300,5074,40479164000.0,42598230183.0
phi2_conv300,5075,40479164000.0,42603066318.0
phi2_conv300,5076,40479164000.0,42607711989.0
phi2_conv300,5077,40479164000.0,42612548124.0
phi2_conv300,5078,40479164000.0,42617242947.0
phi2_conv300,5079,40479164000.0,42621937770.0
phi2_conv300,5080,40479164000.0,42626632593.0
phi2_conv300,5081,40479164000.0,42631000431.0
phi2_conv300,5082,40479164000.0,42635220813.0
phi2_conv300,5083,40479164000.0,42639588651.0
phi2_conv300,5084,40479164000.0,42643858185.0
phi2_conv300,5085,40479164000.0,42647947486.0
phi2_conv300,5086,40479164000.0,42651987635.0
phi2_conv300,5087,40479164000.0,42656126088.0
phi2_conv300,5088,40479164000.0,42660117085.0
phi2_conv300,5089,40479164000.0,42664255538.0
phi2_conv300,5090,40479164000.0,42668295687.0
phi2_conv300,5091,40479164000.0,42672384988.0
phi2_conv300,5092,40479164000.0,42676425137.0
phi2_conv300,5093,40479164000.0,42680563590.0
phi2_conv300,5094,40479164000.0,42684554587.0
phi2_conv300,5095,40479164000.0,42688693040.0
phi2_conv300,5096,40479164000.0,42692733189.0
phi2_conv300,5097,40479164000.0,42696822490.0
phi2_conv300,5098,40479164000.0,42700862639.0
phi2_conv300,5099,40479164000.0,42705001092.0
phi2_conv300,5100,40479164000.0,42708992089.0
phi2_conv300,5101,40479164000.0,42713130542.0
phi2_conv300,5102,40479164000.0,42717170691.0
phi2_conv300,5103,40479164000.0,42721259992.0
phi2_conv300,5104,40479164000.0,42725300141.0
phi2_conv300,5105,40479164000.0,42729438594.0
phi2_conv300,5106,40479164000.0,42733429591.0
phi2_conv300,5107,41125873000.0,42756493013.0
phi2_conv300,5108,41125873000.0,42760613043.0
phi2_conv300,5109,41125873000.0,42764782225.0
phi2_conv300,5110,41125873000.0,42768902255.0
phi2_conv300,5111,41125873000.0,42773120589.0
phi2_conv300,5112,41125873000.0,42777191467.0
phi2_conv300,5113,41125873000.0,42781409801.0
phi2_conv300,5114,41125873000.0,42785529831.0
phi2_conv300,5115,41125873000.0,42789699013.0
phi2_conv300,5116,41125873000.0,42793819043.0
phi2_conv300,5117,41125873000.0,42798037377.0
phi2_conv300,5118,41125873000.0,42802108255.0
phi2_conv300,5119,41125873000.0,42806326589.0
phi2_conv300,5120,41125873000.0,42810446619.0
phi2_conv300,5121,41125873000.0,42814664953.0
phi2_conv300,5122,41125873000.0,42818784983.0
phi2_conv300,5123,41125873000.0,42823003317.0
phi2_conv300,5124,41125873000.0,42827123347.0
phi2_conv300,5125,41125873000.0,42831341681.0
phi2_conv300,5126,41125873000.0,42835461711.0
phi2_conv300,5127,41125873000.0,42839680045.0
phi2_conv300,5128,41125873000.0,42843800075.0
phi2_conv300,5129,41125873000.0,42848018409.0
phi2_conv300,5130,41125873000.0,42852138439.0
phi2_conv300,5131,41125873000.0,42856356773.0
phi2_conv300,5132,41125873000.0,42860476803.0
phi2_conv300,5133,41125873000.0,42864695137.0
phi2_conv300,5134,41125873000.0,42868815167.0
phi2_conv300,5135,41125873000.0,42873033501.0
phi2_conv300,5136,41357391000.0,42947505078.0
phi2_conv300,5137,41357391000.0,42951851741.0
phi2_conv300,5138,41357391000.0,42956100100.0
phi2_conv300,5139,41357391000.0,42960446763.0
phi2_conv300,5140,41357391000.0,42964695122.0
phi2_conv300,5141,41357391000.0,42969041785.0
phi2_conv300,5142,41357391000.0,42973290144.0
phi2_conv300,5143,41357391000.0,42977636807.0
phi2_conv300,5144,41357391000.0,42981885166.0
phi2_conv300,5145,41357391000.0,42986283029.0
phi2_conv300,5146,41357391000.0,42990533436.0
phi2_conv300,5147,41357391000.0,42994980451.0
phi2_conv300,5148,41357391000.0,42999230858.0
phi2_conv300,5149,41357391000.0,43003677873.0
phi2_conv300,5150,41357391000.0,43007928280.0
phi2_conv300,5151,41357391000.0,43012375295.0
phi2_conv300,5152,41357391000.0,43016625702.0
phi2_conv300,5153,41357391000.0,43021072717.0
phi2_conv300,5154,41357391000.0,43025241899.0
phi2_conv300,5155,41357391000.0,43029607689.0
phi2_conv300,5156,41357391000.0,43033776871.0
phi2_conv300,5157,41357391000.0,43038142661.0
phi2_conv300,5158,41357391000.0,43042311843.0
phi2_conv300,5159,41357391000.0,43046677633.0
phi2_conv300,5160,41357391000.0,43050846815.0
phi2_conv300,5161,41357391000.0,43055212605.0
phi2_conv300,5162,41357391000.0,43059381787.0
phi2_conv300,5163,41357391000.0,43063747577.0
phi2_conv300,5164,41357391000.0,43067916759.0
phi2_conv300,5165,41357391000.0,43072282549.0
phi2_conv300,5166,41357391000.0,43076451731.0
phi2_conv300,5167,41357391000.0,43080817521.0
phi2_conv300,5168,41357391000.0,43084986703.0
phi2_conv300,5169,41357391000.0,43089352493.0
phi2_conv300,5170,41357391000.0,43093570827.0
phi2_conv300,5171,41357391000.0,43097936617.0
phi2_conv300,5172,41357391000.0,43102154951.0
phi2_conv300,5173,41357391000.0,43106520741.0
phi2_conv300,5174,41357391000.0,43110739075.0
phi2_conv300,5175,41357391000.0,43115104865.0
phi2_conv300,5176,41357391000.0,43119323199.0
phi2_conv300,5177,41357391000.0,43123688989.0
phi2_conv300,5178,41357391000.0,43127907323.0
phi2_conv300,5179,41357391000.0,43132273113.0
phi2_conv300,5180,41357391000.0,43136491447.0
phi2_conv300,5181,41357391000.0,43140859285.0
phi2_conv300,5182,41357391000.0,43145079667.0
phi2_conv300,5183,41357391000.0,43149447505.0
phi2_conv300,5184,41357391000.0,43153667887.0
phi2_conv300,5185,41357391000.0,43158035725.0
phi2_conv300,5186,41357391000.0,43162256107.0
phi2_conv300,5187,41357391000.0,43166623945.0
phi2_conv300,5188,41357391000.0,43170844327.0
phi2_conv300,5189,41357391000.0,43175212165.0
phi2_conv300,5190,41357391000.0,43179432547.0
phi2_conv300,5191,41357391000.0,43183800385.0
phi2_conv300,5192,41357391000.0,43188020767.0
phi2_conv300,5193,41357391000.0,43192388605.0
phi2_conv300,5194,41357391000.0,43196608987.0
phi2_conv300,5195,41357391000.0,43200976825.0
phi2_conv300,5196,41357391000.0,43205197207.0
phi2_conv300,5197,41357391000.0,43209565045.0
phi2_conv300,5198,41357391000.0,43213785427.0
phi2_conv300,5199,41357391000.0,43218153265.0
phi2_conv300,5200,41357391000.0,43222373647.0
phi2_conv300,5201,41357391000.0,43226741485.0
phi2_conv300,5202,41357391000.0,43230961867.0
phi2_conv300,5203,41357391000.0,43235329705.0
phi2_conv300,5204,41357391000.0,43239550087.0
phi2_conv300,5205,41357391000.0,43243917925.0
phi2_conv300,5206,41357391000.0,43248138307.0
phi2_conv300,5207,41357391000.0,43252506145.0
phi2_conv300,5208,41357391000.0,43256726527.0
phi2_conv300,5209,41357391000.0,43261094365.0
phi2_conv300,5210,41357391000.0,43265314747.0
phi2_conv300,5211,41357391000.0,43269682585.0
phi2_conv300,5212,41357391000.0,43273902967.0
phi2_conv300,5213,41357391000.0,43278270805.0
phi2_conv300,5214,41357391000.0,43282491187.0
phi2_conv300,5215,41357391000.0,43286859025.0
phi2_conv300,5216,41357391000.0,43291079407.0
phi2_conv300,5217,41357391000.0,43295449293.0
phi2_conv300,5218,41357391000.0,43299671723.0
phi2_conv300,5219,41357391000.0,43304041609.0
phi2_conv300,5220,41125873000.0,43308132958.0
phi2_conv300,5221,41125873000.0,43312371763.0
phi2_conv300,5222,41125873000.0,43316463112.0
phi2_conv300,5223,41125873000.0,43320420588.0
phi2_conv300,5224,41125873000.0,43324279760.0
phi2_conv300,5225,41125873000.0,43328237236.0
phi2_conv300,5226,41125873000.0,43332096408.0
phi2_conv300,5227,41125873000.0,43336053884.0
phi2_conv300,5228,41125873000.0,43339913056.0
phi2_conv300,5229,41125873000.0,43343870532.0
phi2_conv300,5230,41125873000.0,43347729704.0
phi2_conv300,5231,41125873000.0,43351687180.0
phi2_conv300,5232,41125873000.0,43355546352.0
phi2_conv300,5233,41125873000.0,43359503828.0
phi2_conv300,5234,41125873000.0,43363363000.0
phi2_conv300,5235,41125873000.0,43367320476.0
phi2_conv300,5236,41125873000.0,43371179648.0
phi2_conv300,5237,41125873000.0,43375137124.0
phi2_conv300,5238,41125873000.0,43378996296.0
phi2_conv300,5239,41125873000.0,43382953772.0
phi2_conv300,5240,41125873000.0,43386812944.0
phi2_conv300,5241,41125873000.0,43390770420.0
phi2_conv300,5242,41125873000.0,43394629592.0
phi2_conv300,5243,41125873000.0,43398587068.0
phi2_conv300,5244,41125873000.0,43402446240.0
phi2_conv300,5245,41125873000.0,43406403716.0
phi2_conv300,5246,41125873000.0,43410262888.0
phi2_conv300,5247,41125873000.0,43414220364.0
phi2_conv300,5248,41125873000.0,43418079536.0
phi2_conv300,5249,41125873000.0,43422037012.0
phi2_conv300,5250,41125873000.0,43425896184.0
phi2_conv300,5251,41125873000.0,43429853660.0
phi2_conv300,5252,41125873000.0,43433712832.0
phi2_conv300,5253,41125873000.0,43437670308.0
phi2_conv300,5254,41125873000.0,43441529480.0
phi2_conv300,5255,41125873000.0,43445536108.0
phi2_conv300,5256,41125873000.0,43449395280.0
phi2_conv300,5257,41125873000.0,43453401908.0
phi2_conv300,5258,41125873000.0,43457261080.0
phi2_conv300,5259,41125873000.0,43461267708.0
phi2_conv300,5260,41125873000.0,43465126880.0
phi2_conv300,5261,42334055000.0,43551634964.0
phi2_conv300,5262,42334055000.0,43641322568.0
phi2_conv300,5263,42334055000.0,43662097405.0
phi2_conv300,5264,42334055000.0,43666188754.0
phi2_conv300,5265,42334055000.0,43670427559.0
phi2_conv300,5266,42334055000.0,43674469756.0
phi2_conv300,5267,42334055000.0,43678708561.0
phi2_conv300,5268,42334055000.0,43682799910.0
phi2_conv300,5269,42334055000.0,43686989563.0
phi2_conv300,5270,42334055000.0,43691080912.0
phi2_conv300,5271,42334055000.0,43695319717.0
phi2_conv300,5272,42334055000.0,43699361914.0
phi2_conv300,5273,42334055000.0,43703600719.0
phi2_conv300,5274,42334055000.0,43707459891.0
phi2_conv300,5275,42334055000.0,43711088695.0
phi2_conv300,5276,42334055000.0,43714717499.0
phi2_conv300,5277,42334055000.0,43718395455.0
phi2_conv300,5278,42334055000.0,43721975107.0
phi2_conv300,5279,42334055000.0,43725653063.0
phi2_conv300,5280,42334055000.0,43729281867.0
phi2_conv300,5281,42334055000.0,43732910671.0
phi2_conv300,5282,42334055000.0,43736539475.0
phi2_conv300,5283,42334055000.0,43740217431.0
phi2_conv300,5284,42530625000.0,43824915275.0
phi2_conv300,5285,42545263000.0,43910126025.0
phi2_conv300,5286,42545263000.0,43999206215.0
phi2_conv300,5287,42563820000.0,44086806864.0
phi2_conv300,5288,42563820000.0,44174825049.0
phi2_conv300,5289,42563820000.0,44188692800.0
phi2_conv300,5290,42563820000.0,44192846951.0
phi2_conv300,5291,42563820000.0,44197050254.0
phi2_conv300,5292,42563820000.0,44201253557.0
phi2_conv300,5293,42563820000.0,44205503964.0
phi2_conv300,5294,42563820000.0,44209705219.0
phi2_conv300,5295,42563820000.0,44214004778.0
phi2_conv300,5296,42685223000.0,44300646006.0
phi2_conv300,5297,42691238000.0,44388530446.0
phi2_conv300,5298,42691238000.0,44476479142.0
phi2_conv300,5299,42715300000.0,44563770569.0
phi2_conv300,5300,42715300000.0,44652439020.0
phi2_conv300,5301,42715300000.0,44730916329.0
phi2_conv300,5302,42715300000.0,44735658148.0
phi2_conv300,5303,42808573000.0,44822968657.0
phi2_conv300,5304,42808573000.0,44895705109.0
phi2_conv300,5305,42808573000.0,44900673561.0
phi2_conv300,5306,42808573000.0,44905642013.0
phi2_conv300,5307,42808573000.0,44910708769.0
phi2_conv300,5308,42808573000.0,44915628069.0
phi2_conv300,5309,42808573000.0,44920645673.0
phi2_conv300,5310,42808573000.0,44925582052.0
phi2_conv300,5311,42808573000.0,44930469279.0
phi2_conv300,5312,42808573000.0,44935356506.0
phi2_conv300,5313,42808573000.0,44940342037.0
phi2_conv300,5314,42808573000.0,44945180112.0
phi2_conv300,5315,42808573000.0,44950116491.0
phi2_conv300,5316,42808573000.0,44955052870.0
phi2_conv300,5317,42808573000.0,44959940097.0
phi2_conv300,5318,42808573000.0,44964827324.0
phi2_conv300,5319,42808573000.0,44969812855.0
phi2_conv300,5320,42808573000.0,44974650930.0
phi2_conv300,5321,42808573000.0,44979587309.0
phi2_conv300,5322,42808573000.0,44984523688.0
phi2_conv300,5323,42999747000.0,45015113784.0
phi2_conv300,5324,42999747000.0,45020080188.0
phi2_conv300,5325,42999747000.0,45025144896.0
phi2_conv300,5326,42999747000.0,45030062148.0
phi2_conv300,5327,42999747000.0,45035077704.0
phi2_conv300,5328,42999747000.0,45039815427.0
phi2_conv300,5329,42999747000.0,45044553150.0
phi2_conv300,5330,42999747000.0,45049241721.0
phi2_conv300,5331,42999747000.0,45053799915.0
phi2_conv300,5332,42999747000.0,45058210653.0
phi2_conv300,5333,42999747000.0,45062719695.0
phi2_conv300,5334,42999747000.0,45067228737.0
phi2_conv300,5335,42999747000.0,45071737779.0
phi2_conv300,5336,42999747000.0,45076197669.0
phi2_conv300,5337,42999747000.0,45080755863.0
phi2_conv300,5338,42999747000.0,45085215753.0
phi2_conv300,5339,42999747000.0,45089724795.0
phi2_conv300,5340,42999747000.0,45094233837.0
phi2_conv300,5341,42999747000.0,45098742879.0
phi2_conv300,5342,42999747000.0,45103202769.0
phi2_conv300,5343,42999747000.0,45107760963.0
phi2_conv300,5344,42999747000.0,45112220853.0
phi2_conv300,5345,42999747000.0,45116729895.0
phi2_conv300,5346,42999747000.0,45121238937.0
phi2_conv300,5347,43193461000.0,45154132735.0
phi2_conv300,5348,43193461000.0,45158671802.0
phi2_conv300,5349,43193461000.0,45163309173.0
phi2_conv300,5350,43193461000.0,45167848240.0
phi2_conv300,5351,43193461000.0,45172436459.0
phi2_conv300,5352,43193461000.0,45177024678.0
phi2_conv300,5353,43193461000.0,45181612897.0
phi2_conv300,5354,43193461000.0,45186151964.0
phi2_conv300,5355,43193461000.0,45190789335.0
phi2_conv300,5356,43193461000.0,45195328402.0
phi2_conv300,5357,43193461000.0,45199916621.0
phi2_conv300,5358,43193461000.0,45204504840.0
phi2_conv300,5359,43193461000.0,45209093059.0
phi2_conv300,5360,43193461000.0,45213634174.0
phi2_conv300,5361,43193461000.0,45218273593.0
phi2_conv300,5362,43193461000.0,45222814708.0
phi2_conv300,5363,43193461000.0,45227404975.0
phi2_conv300,5364,43193461000.0,45231995242.0
phi2_conv300,5365,43193461000.0,45236585509.0
phi2_conv300,5366,43193461000.0,45241128672.0
phi2_conv300,5367,43193461000.0,45245770139.0
phi2_conv300,5368,43193461000.0,45250313302.0
phi2_conv300,5369,43193461000.0,45254905617.0
phi2_conv300,5370,43193461000.0,45259497932.0
phi2_conv300,5371,43193461000.0,45264090247.0
phi2_conv300,5372,43193461000.0,45268633410.0
phi2_conv300,5373,43193461000.0,45273274877.0
phi2_conv300,5374,43193461000.0,45277867192.0
phi2_conv300,5375,43193461000.0,45282459507.0
phi2_conv300,5376,43193461000.0,45286923493.0
phi2_conv300,5377,43193461000.0,45291436631.0
phi2_conv300,5378,43193461000.0,45295851465.0
phi2_conv300,5379,43193461000.0,45300364603.0
phi2_conv300,5380,43193461000.0,45304828589.0
phi2_conv300,5381,43193461000.0,45309292575.0
phi2_conv300,5382,43193461000.0,45313756561.0
phi2_conv300,5383,43193461000.0,45318269699.0
phi2_conv300,5384,43193461000.0,45322684533.0
phi2_conv300,5385,43193461000.0,45327197671.0
phi2_conv300,5386,43193461000.0,45331661657.0
phi2_conv300,5387,43193461000.0,45336125643.0
phi2_conv300,5388,43193461000.0,45340589629.0
phi2_conv300,5389,43193461000.0,45345102767.0
phi2_conv300,5390,43193461000.0,45349566753.0
phi2_conv300,5391,43193461000.0,45354079891.0
phi2_conv300,5392,43193461000.0,45358543877.0
phi2_conv300,5393,43193461000.0,45363057015.0
phi2_conv300,5394,43193461000.0,45367521001.0
phi2_conv300,5395,43193461000.0,45372034139.0
phi2_conv300,5396,43193461000.0,45376498125.0
phi2_conv300,5397,43589055000.0,45449233181.0
phi2_conv300,5398,43589055000.0,45453825496.0
phi2_conv300,5399,43609910000.0,45540937349.0
phi2_conv300,5400,43609910000.0,45630870322.0
phi2_conv300,5401,43609910000.0,45663708098.0
phi2_conv300,5402,43609910000.0,45668529094.0
phi2_conv300,5403,43609910000.0,45673399242.0
phi2_conv300,5404,43609910000.0,45678171086.0
phi2_conv300,5405,43609910000.0,45683041234.0
phi2_conv300,5406,43609910000.0,45687862230.0
phi2_conv300,5407,43609910000.0,45692683226.0
phi2_conv300,5408,43609910000.0,45697504222.0
phi2_conv300,5409,43609910000.0,45702374370.0
phi2_conv300,5410,43609910000.0,45707146214.0
phi2_conv300,5411,43609910000.0,45712016362.0
phi2_conv300,5412,43609910000.0,45716608677.0
phi2_conv300,5413,43609910000.0,45721151840.0
phi2_conv300,5414,43609910000.0,45725744155.0
phi2_conv300,5415,43609910000.0,45730336470.0
phi2_conv300,5416,43609910000.0,45734879633.0
phi2_conv300,5417,43609910000.0,45739471948.0
phi2_conv300,5418,43791124000.0,45783167073.0
phi2_conv300,5419,43791124000.0,45787791461.0
phi2_conv300,5420,43791124000.0,45792465001.0
phi2_conv300,5421,43791124000.0,45797138541.0
phi2_conv300,5422,43791124000.0,45801762929.0
phi2_conv300,5423,43791124000.0,45806436469.0
phi2_conv300,5424,43791124000.0,45811110009.0
phi2_conv300,5425,43791124000.0,45815734397.0
phi2_conv300,5426,43791124000.0,45820407937.0
phi2_conv300,5427,43791124000.0,45825081477.0
phi2_conv300,5428,43791124000.0,45829705865.0
phi2_conv300,5429,43791124000.0,45834430605.0
phi2_conv300,5430,43893426000.0,45921469882.0
phi2_conv300,5431,43893426000.0,46011717351.0
phi2_conv300,5432,43923071000.0,46099183444.0
phi2_conv300,5433,43923071000.0,46189629569.0
phi2_conv300,5434,43923071000.0,46263752046.0
phi2_conv300,5435,43923071000.0,46268916720.0
phi2_conv300,5436,43923071000.0,46274032242.0
phi2_conv300,5437,43923071000.0,46279049460.0
phi2_conv300,5438,43923071000.0,46284214134.0
phi2_conv300,5439,43923071000.0,46289329656.0
phi2_conv300,5440,44040741000.0,46376578772.0
phi2_conv300,5441,44040741000.0,46467065776.0
phi2_conv300,5442,44061321000.0,46554601532.0
phi2_conv300,5443,44061321000.0,46645060616.0
phi2_conv300,5444,44061321000.0,46692202294.0
phi2_conv300,5445,44061321000.0,46697939667.0
phi2_conv300,5446,44061321000.0,46703627888.0
phi2_conv300,5447,44061321000.0,46709316109.0
phi2_conv300,5448,44061321000.0,46715102634.0
phi2_conv300,5449,44061321000.0,46720741703.0
phi2_conv300,5450,44061321000.0,46726479076.0
phi2_conv300,5451,44061321000.0,46732267649.0
phi2_conv300,5452,44061321000.0,46737957918.0
phi2_conv300,5453,44061321000.0,46743697339.0
phi2_conv300,5454,44061321000.0,46749535064.0
phi2_conv300,5455,44061321000.0,46755176181.0
phi2_conv300,5456,44061321000.0,46760964754.0
phi2_conv300,5457,44061321000.0,46766753327.0
phi2_conv300,5458,44061321000.0,46772443596.0
phi2_conv300,5459,44061321000.0,46778183017.0
phi2_conv300,5460,44061321000.0,46784020742.0
phi2_conv300,5461,44061321000.0,46789661859.0
phi2_conv300,5462,44061321000.0,46795501632.0
phi2_conv300,5463,44061321000.0,46801046575.0
phi2_conv300,5464,44061321000.0,46806591518.0
phi2_conv300,5465,44061321000.0,46812136461.0
phi2_conv300,5466,44061321000.0,46817730556.0
phi2_conv300,5467,44061321000.0,46823226347.0
phi2_conv300,5468,44061321000.0,46828820442.0
phi2_conv300,5469,44061321000.0,46834414537.0
phi2_conv300,5470,44061321000.0,46839959480.0
phi2_conv300,5471,44061321000.0,46845553575.0
phi2_conv300,5472,44061321000.0,46851147670.0
phi2_conv300,5473,44061321000.0,46856692613.0
phi2_conv300,5474,44061321000.0,46862286708.0
phi2_conv300,5475,44061321000.0,46867880803.0
phi2_conv300,5476,44061321000.0,46873425746.0
phi2_conv300,5477,44061321000.0,46879019841.0
phi2_conv300,5478,44061321000.0,46884613936.0
phi2_conv300,5479,44061321000.0,46890158879.0
phi2_conv300,5480,44061321000.0,46895752974.0
phi2_conv300,5481,44061321000.0,46901347069.0
phi2_conv300,5482,44061321000.0,46906892012.0
phi2_conv300,5483,44061321000.0,46912486107.0
phi2_conv300,5484,44061321000.0,46918080202.0
phi2_conv300,5485,44061321000.0,46923496780.0
phi2_conv300,5486,44061321000.0,46928962510.0
phi2_conv300,5487,44061321000.0,46934428240.0
phi2_conv300,5488,44061321000.0,46939844818.0
phi2_conv300,5489,44061321000.0,46945310548.0
phi2_conv300,5490,44061321000.0,46950776278.0
phi2_conv300,5491,44061321000.0,46956192856.0
phi2_conv300,5492,44061321000.0,46961658586.0
phi2_conv300,5493,44061321000.0,46967124316.0
phi2_conv300,5494,44061321000.0,46972540894.0
phi2_conv300,5495,44061321000.0,46978006624.0
phi2_conv300,5496,44061321000.0,46983472354.0
phi2_conv300,5497,44061321000.0,46988888932.0
phi2_conv300,5498,44061321000.0,46994354662.0
phi2_conv300,5499,44061321000.0,46999820392.0
phi2_conv300,5500,44061321000.0,47005236970.0
phi2_conv300,5501,44061321000.0,47010702700.0
phi2_conv300,5502,44061321000.0,47016168430.0
phi2_conv300,5503,44061321000.0,47021585008.0
phi2_conv300,5504,44061321000.0,47027050738.0
phi2_conv300,5505,44061321000.0,47032516468.0
phi2_conv300,5506,44061321000.0,47037933046.0
phi2_conv300,5507,44061321000.0,47043398776.0
phi2_conv300,5508,44061321000.0,47048913658.0
phi2_conv300,5509,44061321000.0,47054330236.0
phi2_conv300,5510,44061321000.0,47059845118.0
phi2_conv300,5511,44061321000.0,47065310848.0
phi2_conv300,5512,44061321000.0,47070776578.0
phi2_conv300,5513,44061321000.0,47076242308.0
phi2_conv300,5514,44061321000.0,47081757190.0
phi2_conv300,5515,44061321000.0,47087173768.0
phi2_conv300,5516,44061321000.0,47092688650.0
phi2_conv300,5517,44828079000.0,47180386278.0
phi2_conv300,5518,44828079000.0,47271174338.0
phi2_conv300,5519,44828079000.0,47296911857.0
phi2_conv300,5520,44828079000.0,47302606304.0
phi2_conv300,5521,44828079000.0,47308251599.0
phi2_conv300,5522,44828079000.0,47313995198.0
phi2_conv300,5523,44828079000.0,47319640493.0
phi2_conv300,5524,44828079000.0,47325384092.0
phi2_conv300,5525,44828079000.0,47331078539.0
phi2_conv300,5526,44828079000.0,47336822138.0
phi2_conv300,5527,44828079000.0,47342467433.0
phi2_conv300,5528,44828079000.0,47348260184.0
phi2_conv300,5529,44828079000.0,47353905479.0
phi2_conv300,5530,44828079000.0,47359649078.0
phi2_conv300,5531,44828079000.0,47365343525.0
phi2_conv300,5532,44828079000.0,47371087124.0
phi2_conv300,5533,45009757000.0,47459188960.0
phi2_conv300,5534,45009757000.0,47550731436.0
phi2_conv300,5535,45025513000.0,47638577191.0
phi2_conv300,5536,45025513000.0,47729671842.0
phi2_conv300,5537,45104946000.0,47822500110.0
phi2_conv300,5538,45104946000.0,47911094906.0
phi2_conv300,5539,45120367000.0,47972103023.0
phi2_conv300,5540,45120367000.0,47979210005.0
phi2_conv300,5541,45174957000.0,48067972127.0
phi2_conv300,5542,45174957000.0,48140302722.0
phi2_conv300,5543,45174957000.0,48147699670.0
phi2_conv300,5544,45174957000.0,48155145770.0
phi2_conv300,5545,45246852000.0,48243922980.0
phi2_conv300,5546,45246852000.0,48335839774.0
phi2_conv300,5547,45246852000.0,48356902098.0
phi2_conv300,5548,45246852000.0,48364495654.0
phi2_conv300,5549,45246852000.0,48371990906.0
phi2_conv300,5550,45246852000.0,48379584462.0
phi2_conv300,5551,45246852000.0,48387079714.0
phi2_conv300,5552,45246852000.0,48394673270.0
phi2_conv300,5553,45246852000.0,48402168522.0
phi2_conv300,5554,45246852000.0,48409762078.0
phi2_conv300,5555,45246852000.0,48417257330.0
phi2_conv300,5556,45246852000.0,48424850886.0
phi2_conv300,5557,45246852000.0,48432346138.0
phi2_conv300,5558,45246852000.0,48439939694.0
phi2_conv300,5559,45246852000.0,48447192084.0
phi2_conv300,5560,45246852000.0,48454542778.0
phi2_conv300,5561,45246852000.0,48461795168.0
phi2_conv300,5562,45246852000.0,48469145862.0
phi2_conv300,5563,45246852000.0,48476398252.0
phi2_conv300,5564,45246852000.0,48483798098.0
phi2_conv300,5565,45246852000.0,48491050488.0
phi2_conv300,5566,45246852000.0,48498401182.0
phi2_conv300,5567,45502752000.0,48587456168.0
phi2_conv300,5568,45502752000.0,48679788978.0
phi2_conv300,5569,45530242000.0,48769653932.0
phi2_conv300,5570,45530242000.0,48860602022.0
phi2_conv300,5571,45530242000.0,48913812247.0
phi2_conv300,5572,45530242000.0,48921894425.0
phi2_conv300,5573,45530242000.0,48929927451.0
phi2_conv300,5574,45530242000.0,48938058781.0
phi2_conv300,5575,45530242000.0,48946042655.0
phi2_conv300,5576,45530242000.0,48954173985.0
phi2_conv300,5577,45530242000.0,48962207011.0
phi2_conv300,5578,45530242000.0,48970289189.0
phi2_conv300,5579,45530242000.0,48978322215.0
phi2_conv300,5580,45530242000.0,48986014075.0
phi2_conv300,5581,45530242000.0,48993607631.0
phi2_conv300,5582,45530242000.0,49001299491.0
phi2_conv300,5583,45530242000.0,49008942199.0
phi2_conv300,5584,45530242000.0,49016634059.0
phi2_conv300,5585,45530242000.0,49024276767.0
phi2_conv300,5586,45530242000.0,49032017779.0
phi2_conv300,5587,45530242000.0,49039611335.0
phi2_conv300,5588,45530242000.0,49047352347.0
phi2_conv300,5589,45530242000.0,49054995055.0
phi2_conv300,5590,45530242000.0,49062686915.0
phi2_conv300,5591,45530242000.0,49070329623.0
phi2_conv300,5592,45530242000.0,49078070635.0
phi2_conv300,5593,45530242000.0,49085664191.0
phi2_conv300,5594,45530242000.0,49093405203.0
phi2_conv300,5595,45530242000.0,49101047911.0
phi2_conv300,5596,45530242000.0,49108739771.0
phi2_conv300,5597,45530242000.0,49116382479.0
phi2_conv300,5598,45530242000.0,49124172643.0
phi2_conv300,5599,45530242000.0,49131766199.0
phi2_conv300,5600,45530242000.0,49139556363.0
phi2_conv300,5601,45530242000.0,49147199071.0
phi2_conv300,5602,45530242000.0,49154940083.0
phi2_conv300,5603,45530242000.0,49162582791.0
phi2_conv300,5604,45530242000.0,49170372955.0
phi2_conv300,5605,45980822000.0,49259395925.0
phi2_conv300,5606,45980822000.0,49351607631.0
phi2_conv300,5607,45980822000.0,49446598473.0
phi2_conv300,5608,45980822000.0,49545316675.0
phi2_conv300,5609,45980822000.0,49647610685.0
phi2_conv300,5610,46102321000.0,49751859302.0
phi2_conv300,5611,46102321000.0,49841352015.0
phi2_conv300,5612,46102321000.0,49936139832.0
phi2_conv300,5613,46102321000.0,50032803617.0
phi2_conv300,5614,46102321000.0,50131384330.0
phi2_conv300,5615,46102321000.0,50234876147.0
phi2_conv300,5616,46102321000.0,50339712476.0
phi2_conv300,5617,46102321000.0,50448128709.0
phi2_conv300,5618,46102321000.0,50561577902.0
phi2_conv300,5619,46190439000.0,50654656583.0
phi2_conv300,5620,46190439000.0,50747749344.0
phi2_conv300,5621,46230075000.0,50839761768.0
phi2_conv300,5622,46230075000.0,50931322352.0
phi2_conv300,5623,46406559000.0,51022765160.0
phi2_conv300,5624,46406559000.0,51114568160.0
phi2_conv300,5625,46406559000.0,51174034522.0
phi2_conv300,5626,46406559000.0,51184119059.0
phi2_conv300,5627,46406559000.0,51194148300.0
phi2_conv300,5628,46406559000.0,51204324997.0
phi2_conv300,5629,46406559000.0,51214305086.0
phi2_conv300,5630,46406559000.0,51224438775.0
phi2_conv300,5631,46406559000.0,51234227201.0
phi2_conv300,5632,46406559000.0,51244015627.0
phi2_conv300,5633,46626689000.0,51285491161.0
phi2_conv300,5634,46626689000.0,51295624850.0
phi2_conv300,5635,46626689000.0,51305555787.0
phi2_conv300,5636,46678144000.0,51396444082.0
phi2_conv300,5637,46678144000.0,51490499609.0
phi2_conv300,5638,46678144000.0,51588325504.0
phi2_conv300,5639,46678144000.0,51689214183.0
phi2_conv300,5640,46678144000.0,51793041742.0
phi2_conv300,5641,46678144000.0,51900455349.0
phi2_conv300,5642,46678144000.0,52011140636.0
phi2_conv300,5643,46678144000.0,52125534851.0
phi2_conv300,5644,46678144000.0,52167976825.0
phi2_conv300,5645,46678144000.0,52178595039.0
phi2_conv300,5646,46678144000.0,52188730776.0
phi2_conv300,5647,46678144000.0,52198712913.0
phi2_conv300,5648,46678144000.0,52208793354.0
phi2_conv300,5649,46678144000.0,52218824643.0
phi2_conv300,5650,46678144000.0,52228911228.0
phi2_conv300,5651,46678144000.0,52238895413.0
phi2_conv300,5652,46678144000.0,52249076206.0
phi2_conv300,5653,46678144000.0,52259158695.0
phi2_conv300,5654,46678144000.0,52269247328.0
phi2_conv300,5655,46678144000.0,52279280665.0
phi2_conv300,5656,46678144000.0,52289510610.0
phi2_conv300,5657,46678144000.0,52299494795.0
phi2_conv300,5658,46678144000.0,52309632580.0
phi2_conv300,5659,46678144000.0,52319766269.0
phi2_conv300,5660,46678144000.0,52329899958.0
phi2_conv300,5661,46678144000.0,52339984495.0
phi2_conv300,5662,46678144000.0,52350222632.0
phi2_conv300,5663,46678144000.0,52360208865.0
phi2_conv300,5664,46678144000.0,52370490010.0
phi2_conv300,5665,47209725000.0,52412253336.0
phi2_conv300,5666,47209725000.0,52422584830.0
phi2_conv300,5667,47209725000.0,52432959332.0
phi2_conv300,5668,47209725000.0,52443093021.0
phi2_conv300,5669,47209725000.0,52452061050.0
phi2_conv300,5670,47209725000.0,52461323991.0
phi2_conv300,5671,47209725000.0,52470439476.0
phi2_conv300,5672,47209725000.0,52479554961.0
phi2_conv300,5673,47209725000.0,52488670446.0
phi2_conv300,5674,47209725000.0,52497933387.0
phi2_conv300,5675,47209725000.0,52506952616.0
phi2_conv300,5676,47209725000.0,52516217605.0
phi2_conv300,5677,47209725000.0,52525433442.0
phi2_conv300,5678,47209725000.0,52534649279.0
phi2_conv300,5679,47209725000.0,52543815964.0
phi2_conv300,5680,47209725000.0,52553130105.0
phi2_conv300,5681,47209725000.0,52562247638.0
phi2_conv300,5682,47209725000.0,52571512627.0
phi2_conv300,5683,47209725000.0,52580338146.0
phi2_conv300,5684,47459940000.0,52670111435.0
phi2_conv300,5685,47459940000.0,52763158452.0
phi2_conv300,5686,47459940000.0,52841534612.0
phi2_conv300,5687,47459940000.0,52850261827.0
phi2_conv300,5688,47459940000.0,52859087346.0
phi2_conv300,5689,47459940000.0,52867912865.0
phi2_conv300,5690,47459940000.0,52876689232.0
phi2_conv300,5691,47459940000.0,52885465599.0
phi2_conv300,5692,47459940000.0,52894340270.0
phi2_conv300,5693,47459940000.0,52902379440.0
phi2_conv300,5694,47459940000.0,52910516914.0
phi2_conv300,5695,47459940000.0,52918654388.0
phi2_conv300,5696,47459940000.0,52926742710.0
phi2_conv300,5697,47459940000.0,52934831032.0
phi2_conv300,5698,47459940000.0,52943115962.0
phi2_conv300,5699,47459940000.0,52951155132.0
phi2_conv300,5700,47459940000.0,52959341758.0
phi2_conv300,5701,47459940000.0,52967138066.0
phi2_conv300,5702,47459940000.0,52974885222.0
phi2_conv300,5703,47459940000.0,52982583226.0
phi2_conv300,5704,47734062000.0,53071907252.0
phi2_conv300,5705,47734062000.0,53163977646.0
phi2_conv300,5706,47734062000.0,53211600143.0
phi2_conv300,5707,47734062000.0,53219396451.0
phi2_conv300,5708,47734062000.0,53227192759.0
phi2_conv300,5709,47734062000.0,53234841611.0
phi2_conv300,5710,47734062000.0,53242296753.0
phi2_conv300,5711,47734062000.0,53249604439.0
phi2_conv300,5712,47734062000.0,53256912125.0
phi2_conv300,5713,47734062000.0,53264318115.0
phi2_conv300,5714,47734062000.0,53271674953.0
phi2_conv300,5715,47734062000.0,53278933487.0
phi2_conv300,5716,47734062000.0,53286388629.0
phi2_conv300,5717,47734062000.0,53293696315.0
phi2_conv300,5718,47734062000.0,53301053153.0
phi2_conv300,5719,47925302000.0,53389931323.0
phi2_conv300,5720,47925302000.0,53481857191.0
phi2_conv300,5721,47925302000.0,53493026688.0
phi2_conv300,5722,47925302000.0,53500040313.0
phi2_conv300,5723,47925302000.0,53506906482.0
phi2_conv300,5724,47925302000.0,53513821803.0
phi2_conv300,5725,47925302000.0,53520737124.0
phi2_conv300,5726,47925302000.0,53527701597.0
phi2_conv300,5727,48032991000.0,53616381111.0
phi2_conv300,5728,48032991000.0,53708439825.0
phi2_conv300,5729,48045529000.0,53798026587.0
phi2_conv300,5730,48045529000.0,53889251429.0
phi2_conv300,5731,48045529000.0,53983613807.0
phi2_conv300,5732,48045529000.0,54080433785.0
phi2_conv300,5733,48045529000.0,54179892611.0
phi2_conv300,5734,48045529000.0,54285305997.0
phi2_conv300,5735,48045529000.0,54393295767.0
phi2_conv300,5736,48045529000.0,54504969889.0
phi2_conv300,5737,48134608000.0,54607678875.0
phi2_conv300,5738,48134608000.0,54698377109.0
phi2_conv300,5739,48296375000.0,54790412606.0
phi2_conv300,5740,48296375000.0,54820128130.0
phi2_conv300,5741,48296375000.0,54828757041.0
phi2_conv300,5742,48296375000.0,54837287648.0
phi2_conv300,5743,48296375000.0,54845965711.0
phi2_conv300,5744,48296375000.0,54854692926.0
phi2_conv300,5745,48296375000.0,54863125229.0
phi2_conv300,5746,48296375000.0,54871901596.0
phi2_conv300,5747,48296375000.0,54880530507.0
phi2_conv300,5748,48296375000.0,54889061114.0
phi2_conv300,5749,48296375000.0,54897739177.0
phi2_conv300,5750,48296375000.0,54906466392.0
phi2_conv300,5751,48296375000.0,54914947847.0
phi2_conv300,5752,48296375000.0,54923724214.0
phi2_conv300,5753,48296375000.0,54932402277.0
phi2_conv300,5754,48296375000.0,54940932884.0
phi2_conv300,5755,48296375000.0,54949660099.0
phi2_conv300,5756,48296375000.0,54958387314.0
phi2_conv300,5757,48296375000.0,54966868769.0
phi2_conv300,5758,48296375000.0,54975645136.0
phi2_conv300,5759,48296375000.0,54984323199.0
phi2_conv300,5760,48296375000.0,54992853806.0
phi2_conv300,5761,48296375000.0,55001581021.0
phi2_conv300,5762,48296375000.0,55010308236.0
phi2_conv300,5763,48296375000.0,55018789691.0
phi2_conv300,5764,48296375000.0,55027566058.0
phi2_conv300,5765,48296375000.0,55036293273.0
phi2_conv300,5766,48296375000.0,55044823880.0
phi2_conv300,5767,48296375000.0,55053600247.0
phi2_conv300,5768,48709657000.0,55143606672.0
phi2_conv300,5769,48709657000.0,55236335913.0
phi2_conv300,5770,48709657000.0,55289215753.0
phi2_conv300,5771,48709657000.0,55298333286.0
phi2_conv300,5772,48709657000.0,55307352515.0
phi2_conv300,5773,48709657000.0,55316519200.0
phi2_conv300,5774,48709657000.0,55325685885.0
phi2_conv300,5775,48709657000.0,55334655962.0
phi2_conv300,5776,48709657000.0,55343871799.0
phi2_conv300,5777,48709657000.0,55352989332.0
phi2_conv300,5778,48709657000.0,55362008561.0
phi2_conv300,5779,48709657000.0,55371175246.0
phi2_conv300,5780,48709657000.0,55380341931.0
phi2_conv300,5781,48709657000.0,55389312008.0
phi2_conv300,5782,48709657000.0,55398527845.0
phi2_conv300,5783,48709657000.0,55407645378.0
phi2_conv300,5784,48709657000.0,55416664607.0
phi2_conv300,5785,48709657000.0,55425831292.0
phi2_conv300,5786,48709657000.0,55434997977.0
phi2_conv300,5787,48709657000.0,55443968054.0
phi2_conv300,5788,48995607000.0,55534107326.0
phi2_conv300,5789,48995607000.0,55626563669.0
phi2_conv300,5790,48995607000.0,55635922015.0
phi2_conv300,5791,48995607000.0,55645427817.0
phi2_conv300,5792,48995607000.0,55654933619.0
phi2_conv300,5793,48995607000.0,55664242813.0
phi2_conv300,5794,48995607000.0,55673797767.0
phi2_conv300,5795,48995607000.0,55683254417.0
phi2_conv300,5796,48995607000.0,55692612763.0
phi2_conv300,5797,48995607000.0,55701433336.0
phi2_conv300,5798,48995607000.0,55710253909.0
phi2_conv300,5799,48995607000.0,55718877874.0
phi2_conv300,5800,48995607000.0,55727747599.0
phi2_conv300,5801,48995607000.0,55736519020.0
phi2_conv300,5802,48995607000.0,55745192137.0
phi2_conv300,5803,48995607000.0,55754012710.0
phi2_conv300,5804,49227038000.0,55796829389.0
phi2_conv300,5805,49227038000.0,55805696215.0
phi2_conv300,5806,49227038000.0,55814808801.0
phi2_conv300,5807,49227038000.0,55823823083.0
phi2_conv300,5808,49227038000.0,55832739061.0
phi2_conv300,5809,49227038000.0,55841802495.0
phi2_conv300,5810,49227038000.0,55850865929.0
phi2_conv300,5811,49227038000.0,55859732755.0
phi2_conv300,5812,49227038000.0,55868894493.0
phi2_conv300,5813,49227038000.0,55877908775.0
phi2_conv300,5814,49227038000.0,55886873905.0
phi2_conv300,5815,49227038000.0,55895937339.0
phi2_conv300,5816,49227038000.0,55904807064.0
phi2_conv300,5817,49227038000.0,55913431029.0
phi2_conv300,5818,49227038000.0,55922349906.0
phi2_conv300,5819,49227038000.0,55931121327.0
phi2_conv300,5820,49227038000.0,55939843596.0
phi2_conv300,5821,49227038000.0,55948664169.0
phi2_conv300,5822,49227038000.0,55957533894.0
phi2_conv300,5823,49227038000.0,55966157859.0
phi2_conv300,5824,49227038000.0,55975076736.0
phi2_conv300,5825,49227038000.0,55983848157.0
phi2_conv300,5826,49227038000.0,55992570426.0
phi2_conv300,5827,49227038000.0,56001000681.0
phi2_conv300,5828,49227038000.0,56009430936.0
phi2_conv300,5829,49227038000.0,56017664583.0
phi2_conv300,5830,49227038000.0,56026143990.0
phi2_conv300,5831,49561183000.0,56063686630.0
phi2_conv300,5832,49561183000.0,56072259395.0
phi2_conv300,5833,49587457000.0,56161853899.0
phi2_conv300,5834,49587457000.0,56254496851.0
phi2_conv300,5835,49587457000.0,56271757309.0
phi2_conv300,5836,49587457000.0,56280916999.0
phi2_conv300,5837,49660912000.0,56370845055.0
phi2_conv300,5838,49660912000.0,56447900030.0
phi2_conv300,5839,49660912000.0,56456912264.0
phi2_conv300,5840,49724480000.0,56546889472.0
phi2_conv300,5841,49724480000.0,56639937656.0
phi2_conv300,5842,49742685000.0,56730061279.0
phi2_conv300,5843,49742685000.0,56822915654.0
phi2_conv300,5844,49742691000.0,56913627741.0
phi2_conv300,5845,49742691000.0,57005602164.0
phi2_conv300,5846,49832434000.0,57096769515.0
phi2_conv300,5847,49832434000.0,57188184418.0
phi2_conv300,5848,49878430000.0,57278765768.0
phi2_conv300,5849,49878430000.0,57372032814.0
phi2_conv300,5850,49878430000.0,57442580986.0
phi2_conv300,5851,49878430000.0,57453407449.0
phi2_conv300,5852,49878430000.0,57464332216.0
phi2_conv300,5853,49878430000.0,57475060375.0
phi2_conv300,5854,49878430000.0,57486083446.0
phi2_conv300,5855,49878430000.0,57496860757.0
phi2_conv300,5856,49878430000.0,57507785524.0
phi2_conv300,5857,49878430000.0,57518611987.0
phi2_conv300,5858,49878430000.0,57529585906.0
phi2_conv300,5859,49878430000.0,57540314065.0
phi2_conv300,5860,49878430000.0,57550946819.0
phi2_conv300,5861,49878430000.0,57561385013.0
phi2_conv300,5862,49878430000.0,57571921511.0
phi2_conv300,5863,49878430000.0,57582359705.0
phi2_conv300,5864,49878430000.0,57593043659.0
phi2_conv300,5865,49878430000.0,57603383549.0
phi2_conv300,5866,49878430000.0,57614067503.0
phi2_conv300,5867,49878430000.0,57624505697.0
phi2_conv300,5868,50228524000.0,57715337671.0
phi2_conv300,5869,50228524000.0,57809153581.0
phi2_conv300,5870,50228524000.0,57820280671.0
phi2_conv300,5871,50228524000.0,57830520209.0
phi2_conv300,5872,50228524000.0,57841152963.0
phi2_conv300,5873,50228524000.0,57851490805.0
phi2_conv300,5874,50228524000.0,57862025255.0
phi2_conv300,5875,50228524000.0,57872363097.0
phi2_conv300,5876,50228524000.0,57883042955.0
phi2_conv300,5877,50228524000.0,57893378749.0
phi2_conv300,5878,50228524000.0,57904058607.0
phi2_conv300,5879,50228524000.0,57914443553.0
phi2_conv300,5880,50228524000.0,57925074259.0
phi2_conv300,5881,50228524000.0,57935459205.0
phi2_conv300,5882,50228524000.0,57945836953.0
phi2_conv300,5883,50228524000.0,57955870637.0
phi2_conv300,5884,50228524000.0,57966248385.0
phi2_conv300,5885,50228524000.0,57976331221.0
phi2_conv300,5886,50486136000.0,58067154252.0
phi2_conv300,5887,50486136000.0,58160791235.0
phi2_conv300,5888,50486136000.0,58193402997.0
phi2_conv300,5889,50486136000.0,58203839143.0
phi2_conv300,5890,50486136000.0,58214619353.0
phi2_conv300,5891,50486136000.0,58225055499.0
phi2_conv300,5892,50486136000.0,58235786557.0
phi2_conv300,5893,50486136000.0,58246321007.0
phi2_conv300,5894,50631087000.0,58290543858.0
phi2_conv300,5895,50631087000.0,58301222865.0
phi2_conv300,5896,50657657000.0,58390691477.0
phi2_conv300,5897,50657657000.0,58483132569.0
phi2_conv300,5898,50657657000.0,58579565213.0
phi2_conv300,5899,50657657000.0,58599416375.0
phi2_conv300,5900,50741785000.0,58690924332.0
phi2_conv300,5901,50741785000.0,58775565400.0
phi2_conv300,5902,50741785000.0,58787659841.0
phi2_conv300,5903,50741785000.0,58799361066.0
phi2_conv300,5904,50741785000.0,58811357203.0
phi2_conv300,5905,50741785000.0,58823156732.0
phi2_conv300,5906,50741785000.0,58835152869.0
phi2_conv300,5907,50741785000.0,58846854094.0
phi2_conv300,5908,50741785000.0,58858948535.0
phi2_conv300,5909,50894221000.0,58950094683.0
phi2_conv300,5910,50894221000.0,59044435711.0
phi2_conv300,5911,50908333000.0,59136071315.0
phi2_conv300,5912,50908333000.0,59230109991.0
phi2_conv300,5913,50995179000.0,59321896811.0
phi2_conv300,5914,50995179000.0,59353099263.0
phi2_conv300,5915,50995179000.0,59365822961.0
phi2_conv300,5916,50995179000.0,59378597845.0
phi2_conv300,5917,50995179000.0,59391126969.0
phi2_conv300,5918,50995179000.0,59403901853.0
phi2_conv300,5919,51121242000.0,59495689505.0
phi2_conv300,5920,51121242000.0,59590947493.0
phi2_conv300,5921,51121242000.0,59630489434.0
phi2_conv300,5922,51121242000.0,59643706700.0
phi2_conv300,5923,51121242000.0,59656629054.0
phi2_conv300,5924,51121242000.0,59669797168.0
phi2_conv300,5925,51121242000.0,59682719522.0
phi2_conv300,5926,51121242000.0,59695936788.0
phi2_conv300,5927,51121242000.0,59708809990.0
phi2_conv300,5928,51121242000.0,59722027256.0
phi2_conv300,5929,51121242000.0,59734949610.0
phi2_conv300,5930,51121242000.0,59748164828.0
phi2_conv300,5931,51121242000.0,59760792256.0
phi2_conv300,5932,51121242000.0,59773616292.0
phi2_conv300,5933,51365096000.0,59865148216.0
phi2_conv300,5934,51365096000.0,59959933660.0
phi2_conv300,5935,51365096000.0,60002231984.0
phi2_conv300,5936,51365096000.0,60014616390.0
phi2_conv300,5937,51365096000.0,60026804188.0
phi2_conv300,5938,51365096000.0,60039188594.0
phi2_conv300,5939,51479026000.0,60130720518.0
phi2_conv300,5940,51479026000.0,60213078885.0
phi2_conv300,5941,51479026000.0,60225608009.0
phi2_conv300,5942,51479026000.0,60237894111.0
phi2_conv300,5943,51479026000.0,60250180213.0
phi2_conv300,5944,51479026000.0,60262515467.0
phi2_conv300,5945,51479026000.0,60274654113.0
phi2_conv300,5946,51479026000.0,60287087671.0
phi2_conv300,5947,51621416000.0,60378717899.0
phi2_conv300,5948,51621416000.0,60451577553.0
phi2_conv300,5949,51678347000.0,60543510613.0
phi2_conv300,5950,51678347000.0,60638619097.0
phi2_conv300,5951,51678347000.0,60675206409.0
phi2_conv300,5952,51678347000.0,60688321275.0
phi2_conv300,5953,51678347000.0,60701239533.0
phi2_conv300,5954,51678347000.0,60714256095.0
phi2_conv300,5955,51678347000.0,60727272657.0
phi2_conv300,5956,51678347000.0,60740338371.0
phi2_conv300,5957,51678347000.0,60752916647.0
phi2_conv300,5958,51678347000.0,60765789835.0
phi2_conv300,5959,51678347000.0,60778417263.0
phi2_conv300,5960,51678347000.0,60791142995.0
phi2_conv300,5961,51678347000.0,60803478249.0
phi2_conv300,5962,51678347000.0,60815813503.0
phi2_conv300,5963,51678347000.0,60828001301.0
phi2_conv300,5964,51678347000.0,60840434859.0
phi2_conv300,5965,51940252000.0,60886283398.0
phi2_conv300,5966,51940252000.0,60898812522.0
phi2_conv300,5967,51940252000.0,60911390798.0
phi2_conv300,5968,51940252000.0,60923969074.0
phi2_conv300,5969,51940252000.0,60936399894.0
phi2_conv300,5970,51940252000.0,60949076474.0
phi2_conv300,5971,51940252000.0,60961556446.0
phi2_conv300,5972,51940252000.0,60974085570.0
phi2_conv300,5973,51940252000.0,60986663846.0
phi2_conv300,5974,51940252000.0,60999293322.0
phi2_conv300,5975,51940252000.0,61011726190.0
phi2_conv300,5976,52120220000.0,61103761650.0
phi2_conv300,5977,52120220000.0,61188405304.0
phi2_conv300,5978,52120220000.0,61201276458.0
phi2_conv300,5979,52120220000.0,61214245916.0
phi2_conv300,5980,52120220000.0,61227215374.0
phi2_conv300,5981,52120220000.0,61239988224.0
phi2_conv300,5982,52227631000.0,61332064307.0
phi2_conv300,5983,52227631000.0,61426859110.0
phi2_conv300,5984,52248622000.0,61521871257.0
phi2_conv300,5985,52248622000.0,61614041548.0
phi2_conv300,5986,52248622000.0,61709474303.0
phi2_conv300,5987,52257840000.0,61793066639.0
phi2_conv300,5988,52257840000.0,61806802316.0
phi2_conv300,5989,52257840000.0,61820439689.0
phi2_conv300,5990,52257840000.0,61834027910.0
phi2_conv300,5991,52257840000.0,61847714435.0
phi2_conv300,5992,52257840000.0,61861400960.0
phi2_conv300,5993,52257840000.0,61874940029.0
phi2_conv300,5994,52257840000.0,61888675706.0
phi2_conv300,5995,52257840000.0,61901940153.0
phi2_conv300,5996,52257840000.0,61915057144.0
phi2_conv300,5997,52257840000.0,61928370743.0
phi2_conv300,5998,52257840000.0,61941586038.0
phi2_conv300,5999,52257840000.0,61954801333.0
phi2_conv300,6000,52257840000.0,61968065780.0
phi2_conv300,6001,52257840000.0,61981379379.0
phi2_conv300,6002,52257840000.0,61994496370.0
phi2_conv300,6003,52257840000.0,62007666532.0
phi2_conv300,6004,52257840000.0,62020640086.0
phi2_conv300,6005,52257840000.0,62033662792.0
phi2_conv300,6006,52257840000.0,62046734650.0
phi2_conv300,6007,52257840000.0,62059806508.0
phi2_conv300,6008,52257840000.0,62072730910.0
phi2_conv300,6009,52257840000.0,62085901072.0
phi2_conv300,6010,52257840000.0,62098874626.0
phi2_conv300,6011,52257840000.0,62111897332.0
phi2_conv300,6012,52257840000.0,62124578008.0
phi2_conv300,6013,52257840000.0,62137209532.0
phi2_conv300,6014,52257840000.0,62149742752.0
phi2_conv300,6015,52257840000.0,62162472580.0
phi2_conv300,6016,52257840000.0,62175054952.0
phi2_conv300,6017,52257840000.0,62187737676.0
phi2_conv300,6018,52257840000.0,62200420400.0
phi2_conv300,6019,52883306000.0,62292105924.0
phi2_conv300,6020,52883306000.0,62369970633.0
phi2_conv300,6021,52883306000.0,62382359135.0
phi2_conv300,6022,52883306000.0,62394698485.0
phi2_conv300,6023,52883306000.0,62407037835.0
phi2_conv300,6024,52883306000.0,62419426337.0
phi2_conv300,6025,52883306000.0,62431765687.0
phi2_conv300,6026,52883306000.0,62444105037.0
phi2_conv300,6027,52883306000.0,62456542691.0
phi2_conv300,6028,52883306000.0,62468931193.0
phi2_conv300,6029,52883306000.0,62481319695.0
phi2_conv300,6030,52883306000.0,62493708197.0
phi2_conv300,6031,52883306000.0,62506145851.0
phi2_conv300,6032,52883306000.0,62518144036.0
phi2_conv300,6033,52883306000.0,62530191373.0
phi2_conv300,6034,52883306000.0,62542189558.0
phi2_conv300,6035,53143328000.0,62581289072.0
phi2_conv300,6036,53172040000.0,62672970500.0
phi2_conv300,6037,53172040000.0,62759683686.0
phi2_conv300,6038,53172040000.0,62772360266.0
phi2_conv300,6039,53172040000.0,62784987694.0
phi2_conv300,6040,53172040000.0,62797615122.0
phi2_conv300,6041,53172040000.0,62810340854.0
phi2_conv300,6042,53172040000.0,62822919130.0
phi2_conv300,6043,53172040000.0,62835644862.0
phi2_conv300,6044,53172040000.0,62848321442.0
phi2_conv300,6045,53172040000.0,62860948870.0
phi2_conv300,6046,53172040000.0,62873625450.0
phi2_conv300,6047,53172040000.0,62886351182.0
phi2_conv300,6048,53172040000.0,62898929458.0
phi2_conv300,6049,53172040000.0,62911655190.0
phi2_conv300,6050,53172040000.0,62924331770.0
phi2_conv300,6051,53172040000.0,62936959198.0
phi2_conv300,6052,53172040000.0,62949635778.0
phi2_conv300,6053,53172040000.0,62962361510.0
phi2_conv300,6054,53172040000.0,62974649660.0
phi2_conv300,6055,53172040000.0,62987085266.0
phi2_conv300,6056,53172040000.0,62999471720.0
phi2_conv300,6057,53172040000.0,63011809022.0
phi2_conv300,6058,53172040000.0,63024195476.0
phi2_conv300,6059,53172040000.0,63036631082.0
phi2_conv300,6060,53172040000.0,63048919232.0
phi2_conv300,6061,53563248000.0,63095446923.0
phi2_conv300,6062,53563248000.0,63108076399.0
phi2_conv300,6063,53563248000.0,63120705875.0
phi2_conv300,6064,53563248000.0,63133335351.0
phi2_conv300,6065,53563248000.0,63146063131.0
phi2_conv300,6066,53563248000.0,63158643455.0
phi2_conv300,6067,53563248000.0,63171371235.0
phi2_conv300,6068,53563248000.0,63184002759.0
phi2_conv300,6069,53563248000.0,63196683435.0
phi2_conv300,6070,53706456000.0,63288622639.0
phi2_conv300,6071,53706456000.0,63383786419.0
phi2_conv300,6072,53706456000.0,63400909989.0
phi2_conv300,6073,53706456000.0,63413979799.0
phi2_conv300,6074,53706456000.0,63427002505.0
phi2_conv300,6075,53706456000.0,63440025211.0
phi2_conv300,6076,53706456000.0,63453047917.0
phi2_conv300,6077,53706456000.0,63465925201.0
phi2_conv300,6078,53706456000.0,63478605877.0
phi2_conv300,6079,53706456000.0,63491483161.0
phi2_conv300,6080,53706456000.0,63504262141.0
phi2_conv300,6081,53706456000.0,63517041121.0
phi2_conv300,6082,53706456000.0,63529820101.0
phi2_conv300,6083,53706456000.0,63542697385.0
phi2_conv300,6084,53706456000.0,63555476365.0
phi2_conv300,6085,53706456000.0,63568353649.0
phi2_conv300,6086,53992761000.0,63613262855.0
phi2_conv300,6087,53992761000.0,63626383865.0
phi2_conv300,6088,54022464000.0,63718414892.0
phi2_conv300,6089,54022464000.0,63813508703.0
phi2_conv300,6090,54022464000.0,63890793226.0
phi2_conv300,6091,54022464000.0,63904354633.0
phi2_conv300,6092,54117659000.0,63996708539.0
phi2_conv300,6093,54117659000.0,64092103406.0
phi2_conv300,6094,54117659000.0,64113027021.0
phi2_conv300,6095,54117659000.0,64126488076.0
phi2_conv300,6096,54117659000.0,64139410430.0
phi2_conv300,6097,54117659000.0,64152431088.0
phi2_conv300,6098,54117659000.0,64165353442.0
phi2_conv300,6099,54117659000.0,64177933766.0
phi2_conv300,6100,54117659000.0,64190464938.0
phi2_conv300,6101,54117659000.0,64203045262.0
phi2_conv300,6102,54117659000.0,64215576434.0
phi2_conv300,6103,54117659000.0,64228207958.0
phi2_conv300,6104,54117659000.0,64240498156.0
phi2_conv300,6105,54117659000.0,64252886658.0
phi2_conv300,6106,54117659000.0,64265226008.0
phi2_conv300,6107,54117659000.0,64277565358.0
phi2_conv300,6108,54117659000.0,64289904708.0
phi2_conv300,6109,54117659000.0,64302293210.0
phi2_conv300,6110,54117659000.0,64314583408.0
phi2_conv300,6111,54117659000.0,64326971910.0
phi2_conv300,6112,54117659000.0,64339311260.0
phi2_conv300,6113,54117659000.0,64351650610.0
phi2_conv300,6114,54117659000.0,64364041160.0
phi2_conv300,6115,54117659000.0,64376431710.0
phi2_conv300,6116,54117659000.0,64388773108.0
phi2_conv300,6117,54117659000.0,64401212810.0
phi2_conv300,6118,54117659000.0,64413554208.0
phi2_conv300,6119,54117659000.0,64425995958.0
phi2_conv300,6120,54117659000.0,64438388556.0
phi2_conv300,6121,54117659000.0,64450830306.0
phi2_conv300,6122,54117659000.0,64463222904.0
phi2_conv300,6123,54117659000.0,64475664654.0
phi2_conv300,6124,54117659000.0,64488106404.0
phi2_conv300,6125,54117659000.0,64500597306.0
phi2_conv300,6126,54117659000.0,64512989904.0
phi2_conv300,6127,54117659000.0,64524651018.0
phi2_conv300,6128,54117659000.0,64536213828.0
phi2_conv300,6129,54117659000.0,64547825790.0
phi2_conv300,6130,54117659000.0,64559437752.0
phi2_conv300,6131,54117659000.0,64571049714.0
phi2_conv300,6132,54117659000.0,64582612524.0
phi2_conv300,6133,54117659000.0,64594273638.0
phi2_conv300,6134,54117659000.0,64605836448.0
phi2_conv300,6135,54117659000.0,64617448410.0
phi2_conv300,6136,54117659000.0,64629060372.0
phi2_conv300,6137,54117659000.0,64640721486.0
phi2_conv300,6138,54117659000.0,64652284296.0
phi2_conv300,6139,54117659000.0,64663994562.0
phi2_conv300,6140,54117659000.0,64675557372.0
phi2_conv300,6141,54117659000.0,64687218486.0
phi2_conv300,6142,54117659000.0,64698830448.0
phi2_conv300,6143,54117659000.0,64710540714.0
phi2_conv300,6144,54117659000.0,64722103524.0
phi2_conv300,6145,54117659000.0,64733813790.0
phi2_conv300,6146,54117659000.0,64745425752.0
phi2_conv300,6147,54117659000.0,64757138066.0
phi2_conv300,6148,54117659000.0,64768752076.0
phi2_conv300,6149,54117659000.0,64780513542.0
phi2_conv300,6150,54117659000.0,64792127552.0
phi2_conv300,6151,54117659000.0,64803889018.0
phi2_conv300,6152,54117659000.0,64815552180.0
phi2_conv300,6153,54117659000.0,64827313646.0
phi2_conv300,6154,54117659000.0,64838927656.0
phi2_conv300,6155,54117659000.0,64850738274.0
phi2_conv300,6156,55083021000.0,64942203223.0
phi2_conv300,6157,55083021000.0,65037019724.0
phi2_conv300,6158,55110396000.0,65128476400.0
phi2_conv300,6159,55110396000.0,65147105350.0
phi2_conv300,6160,55110396000.0,65159352540.0
phi2_conv300,6161,55110396000.0,65171796338.0
phi2_conv300,6162,55110396000.0,65184043528.0
phi2_conv300,6163,55110396000.0,65196438174.0
phi2_conv300,6164,55110396000.0,65208344199.0
phi2_conv300,6165,55110396000.0,65219859905.0
phi2_conv300,6166,55110396000.0,65231375611.0
phi2_conv300,6167,55110396000.0,65243036725.0
phi2_conv300,6168,55110396000.0,65254597487.0
phi2_conv300,6169,55110396000.0,65266354857.0
phi2_conv300,6170,55110396000.0,65278013923.0
phi2_conv300,6171,55339650000.0,65369622232.0
phi2_conv300,6172,55339650000.0,65464287181.0
phi2_conv300,6173,55339650000.0,65493918838.0
phi2_conv300,6174,55339650000.0,65505919071.0
phi2_conv300,6175,55339650000.0,65518066760.0
phi2_conv300,6176,55339650000.0,65529924482.0
phi2_conv300,6177,55339650000.0,65541831356.0
phi2_conv300,6178,55339650000.0,65553541622.0
phi2_conv300,6179,55339650000.0,65565595952.0
phi2_conv300,6180,55339650000.0,65577306218.0
phi2_conv300,6181,55339650000.0,65589213092.0
phi2_conv300,6182,55339650000.0,65601122014.0
phi2_conv300,6183,55339650000.0,65613030936.0
phi2_conv300,6184,55339650000.0,65624792402.0
phi2_conv300,6185,55339650000.0,65636897932.0
phi2_conv300,6186,55339650000.0,65648610246.0
phi2_conv300,6187,55339650000.0,65660568320.0
phi2_conv300,6188,55339650000.0,65672477242.0
phi2_conv300,6189,55339650000.0,65683946695.0
phi2_conv300,6190,55339650000.0,65695268692.0
phi2_conv300,6191,55339650000.0,65706934753.0
phi2_conv300,6192,55339650000.0,65718207598.0
phi2_conv300,6193,55339650000.0,65729726203.0
phi2_conv300,6194,55339650000.0,65741195656.0
phi2_conv300,6195,55339650000.0,65752665109.0
phi2_conv300,6196,55339650000.0,65763987106.0
phi2_conv300,6197,55339650000.0,65775702319.0
phi2_conv300,6198,55339650000.0,65786975164.0
phi2_conv300,6199,55339650000.0,65798542921.0
phi2_conv300,6200,55339650000.0,65810012374.0
phi2_conv300,6201,55339650000.0,65821530979.0
phi2_conv300,6202,55339650000.0,65832852976.0
phi2_conv300,6203,55339650000.0,65844568189.0
phi2_conv300,6204,55339650000.0,65855841034.0
phi2_conv300,6205,55339650000.0,65867064809.0
phi2_conv300,6206,55339650000.0,65878091976.0
phi2_conv300,6207,55339650000.0,65889217447.0
phi2_conv300,6208,55339650000.0,65900146310.0
phi2_conv300,6209,55339650000.0,65911468389.0
phi2_conv300,6210,55339650000.0,65922298948.0
phi2_conv300,6211,55339650000.0,65933522723.0
phi2_conv300,6212,55339650000.0,65944549890.0
phi2_conv300,6213,55339650000.0,65955675361.0
phi2_conv300,6214,55339650000.0,65966361363.0
phi2_conv300,6215,55339650000.0,65977440581.0
phi2_conv300,6216,55339650000.0,65988028279.0
phi2_conv300,6217,55339650000.0,65998557579.0
phi2_conv300,6218,55339650000.0,66009037727.0
phi2_conv300,6219,55339650000.0,66019517875.0
phi2_conv300,6220,55339650000.0,66029899719.0
phi2_conv300,6221,55339650000.0,66040527323.0
phi2_conv300,6222,55339650000.0,66050860015.0
phi2_conv300,6223,55339650000.0,66060998997.0
phi2_conv300,6224,55339650000.0,66071039675.0
phi2_conv300,6225,55339650000.0,66081129505.0
phi2_conv300,6226,55339650000.0,66091071879.0
phi2_conv300,6227,55339650000.0,66101309165.0
phi2_conv300,6228,55339650000.0,66111202387.0
phi2_conv300,6229,55339650000.0,66121341369.0
phi2_conv300,6230,55339650000.0,66131382047.0
phi2_conv300,6231,55339650000.0,66141471877.0
phi2_conv300,6232,55339650000.0,66151414251.0
phi2_conv300,6233,55339650000.0,66161651537.0
phi2_conv300,6234,55339650000.0,66171544759.0
phi2_conv300,6235,55339650000.0,66181683741.0
phi2_conv300,6236,55339650000.0,66191724419.0
phi2_conv300,6237,55339650000.0,66201814249.0
phi2_conv300,6238,55339650000.0,66211756623.0
phi2_conv300,6239,55339650000.0,66221993909.0
phi2_conv300,6240,55339650000.0,66231887131.0
phi2_conv300,6241,55339650000.0,66242026113.0
phi2_conv300,6242,55339650000.0,66252066791.0
phi2_conv300,6243,55339650000.0,66262156621.0
phi2_conv300,6244,55339650000.0,66272098995.0
phi2_conv300,6245,55339650000.0,66282336281.0
phi2_conv300,6246,55339650000.0,66291839186.0
phi2_conv300,6247,55339650000.0,66301295836.0
phi2_conv300,6248,55339650000.0,66310703334.0
phi2_conv300,6249,55339650000.0,66320110832.0
phi2_conv300,6250,55339650000.0,66329420026.0
phi2_conv300,6251,55339650000.0,66338974980.0
phi2_conv300,6252,55339650000.0,66348235022.0
phi2_conv300,6253,55339650000.0,66357691672.0
phi2_conv300,6254,55339650000.0,66367099170.0
phi2_conv300,6255,55339650000.0,66376506668.0
phi2_conv300,6256,55339650000.0,66385425545.0
phi2_conv300,6257,55339650000.0,66394590182.0
phi2_conv300,6258,55339650000.0,66403509059.0
phi2_conv300,6259,55339650000.0,66412575392.0
phi2_conv300,6260,55339650000.0,66421688829.0
phi2_conv300,6261,56587820000.0,66511676549.0
phi2_conv300,6262,56587820000.0,66604614413.0
phi2_conv300,6263,56587820000.0,66623949911.0
phi2_conv300,6264,56587820000.0,66633257057.0
phi2_conv300,6265,56587820000.0,66642080528.0
phi2_conv300,6266,56587820000.0,66650854847.0
phi2_conv300,6267,56587820000.0,66659580014.0
phi2_conv300,6268,56587820000.0,66668256029.0
phi2_conv300,6269,56587820000.0,66677177804.0
phi2_conv300,6270,56587820000.0,66685755515.0
phi2_conv300,6271,56587820000.0,66694136701.0
phi2_conv300,6272,56587820000.0,66702517887.0
phi2_conv300,6273,56587820000.0,66710800769.0
phi2_conv300,6274,56587820000.0,66719083651.0
phi2_conv300,6275,56587820000.0,66727563141.0
phi2_conv300,6276,56587820000.0,66735796871.0
phi2_conv300,6277,56587820000.0,66744227209.0
phi2_conv300,6278,56587820000.0,66752318429.0
phi2_conv300,6279,56587820000.0,66760409649.0
phi2_conv300,6280,56587820000.0,66768402565.0
phi2_conv300,6281,56587820000.0,66776201771.0
phi2_conv300,6282,56587820000.0,66783755217.0
phi2_conv300,6283,56587820000.0,66791456119.0
phi2_conv300,6284,56587820000.0,66798766704.0
phi2_conv300,6285,56587820000.0,66805978985.0
phi2_conv300,6286,56587820000.0,66813191266.0
phi2_conv300,6287,56587820000.0,66820551003.0
phi2_conv300,6288,56587820000.0,66827714132.0
phi2_conv300,6289,56587820000.0,66834975565.0
phi2_conv300,6290,56965420000.0,66924148647.0
phi2_conv300,6291,56965420000.0,67016406017.0
phi2_conv300,6292,56965420000.0,67068925404.0
phi2_conv300,6293,56965420000.0,67076675458.0
phi2_conv300,6294,56965420000.0,67084228904.0
phi2_conv300,6295,56965420000.0,67091880654.0
phi2_conv300,6296,56965420000.0,67099581556.0
phi2_conv300,6297,56965420000.0,67107184154.0
phi2_conv300,6298,56965420000.0,67114396435.0
phi2_conv300,6299,56965420000.0,67121756172.0
phi2_conv300,6300,56965420000.0,67128968453.0
phi2_conv300,6301,56965420000.0,67136229886.0
phi2_conv300,6302,56965420000.0,67143540471.0
phi2_conv300,6303,56965420000.0,67150801904.0
phi2_conv300,6304,56965420000.0,67158014185.0
phi2_conv300,6305,56965420000.0,67165423074.0
phi2_conv300,6306,56965420000.0,67172245036.0
phi2_conv300,6307,56965420000.0,67179066998.0
phi2_conv300,6308,56965420000.0,67186036416.0
phi2_conv300,6309,56965420000.0,67192858378.0
phi2_conv300,6310,57217515000.0,67281590390.0
phi2_conv300,6311,57217515000.0,67373498850.0
phi2_conv300,6312,57217515000.0,67404151070.0
phi2_conv300,6313,57280079000.0,67493225848.0
phi2_conv300,6314,57280079000.0,67585581522.0
phi2_conv300,6315,57280079000.0,67594922360.0
phi2_conv300,6316,57280079000.0,67602522910.0
phi2_conv300,6317,57280079000.0,67610172612.0
phi2_conv300,6318,57280079000.0,67617724010.0
phi2_conv300,6319,57280079000.0,67625324560.0
phi2_conv300,6320,57280079000.0,67632974262.0
phi2_conv300,6321,57280079000.0,67640574812.0
phi2_conv300,6322,57280079000.0,67648175362.0
phi2_conv300,6323,57414624000.0,67737578508.0
phi2_conv300,6324,57414624000.0,67830161174.0
phi2_conv300,6325,57452439000.0,67919730704.0
phi2_conv300,6326,57492631000.0,68010986233.0
phi2_conv300,6327,57492631000.0,68100704226.0
phi2_conv300,6328,57503945000.0,68194230139.0
phi2_conv300,6329,57511147000.0,68283670275.0
phi2_conv300,6330,57511147000.0,68373690763.0
phi2_conv300,6331,57577696000.0,68464243987.0
phi2_conv300,6332,57577696000.0,68555237275.0
phi2_conv300,6333,57577696000.0,68627345633.0
phi2_conv300,6334,57577696000.0,68636155966.0
phi2_conv300,6335,57577696000.0,68644575981.0
phi2_conv300,6336,57577696000.0,68652995996.0
phi2_conv300,6337,57577696000.0,68661366859.0
phi2_conv300,6338,57577696000.0,68669836026.0
phi2_conv300,6339,57577696000.0,68678309289.0
phi2_conv300,6340,57577696000.0,68686733400.0
phi2_conv300,6341,57577696000.0,68695255815.0
phi2_conv300,6342,57780753000.0,68785057440.0
phi2_conv300,6343,57780753000.0,68877363081.0
phi2_conv300,6344,57780753000.0,68972727410.0
phi2_conv300,6345,57780753000.0,69072410971.0
phi2_conv300,6346,57780753000.0,69174767172.0
phi2_conv300,6347,57780753000.0,69279312685.0
phi2_conv300,6348,57780753000.0,69388786710.0
phi2_conv300,6349,57780753000.0,69498995967.0
phi2_conv300,6350,57780753000.0,69533989136.0
phi2_conv300,6351,57780753000.0,69542757311.0
phi2_conv300,6352,57780753000.0,69551525486.0
phi2_conv300,6353,57780753000.0,69560391965.0
phi2_conv300,6354,57780753000.0,69569209292.0
phi2_conv300,6355,57780753000.0,69577977467.0
phi2_conv300,6356,57780753000.0,69586843946.0
phi2_conv300,6357,57780753000.0,69595270188.0
phi2_conv300,6358,57780753000.0,69603647278.0
phi2_conv300,6359,57780753000.0,69612122672.0
phi2_conv300,6360,57780753000.0,69620598066.0
phi2_conv300,6361,57780753000.0,69628926004.0
phi2_conv300,6362,57780753000.0,69637450550.0
phi2_conv300,6363,57780753000.0,69645876792.0
phi2_conv300,6364,57780753000.0,69653863564.0
phi2_conv300,6365,57780753000.0,69661899488.0
phi2_conv300,6366,57780753000.0,69669984564.0
phi2_conv300,6367,57780753000.0,69677873032.0
phi2_conv300,6368,57780753000.0,69686007260.0
phi2_conv300,6369,57780753000.0,69693994032.0
phi2_conv300,6370,57780753000.0,69701980804.0
phi2_conv300,6371,57780753000.0,69710016728.0
phi2_conv300,6372,58265729000.0,69782799518.0
phi2_conv300,6373,58265729000.0,69790930848.0
phi2_conv300,6374,58265729000.0,69799307938.0
phi2_conv300,6375,58265729000.0,69807537572.0
phi2_conv300,6376,58265729000.0,69815767206.0
phi2_conv300,6377,58265729000.0,69823655674.0
phi2_conv300,6378,58265729000.0,69831544142.0
phi2_conv300,6379,58265729000.0,69839285154.0
phi2_conv300,6380,58265729000.0,69847222774.0
phi2_conv300,6381,58265729000.0,69854671772.0
phi2_conv300,6382,58265729000.0,69862120770.0
phi2_conv300,6383,58265729000.0,69869228603.0
phi2_conv300,6384,58265729000.0,69876336436.0
phi2_conv300,6385,58265729000.0,69883393069.0
phi2_conv300,6386,58265729000.0,69890548006.0
phi2_conv300,6387,58265729000.0,69897702943.0
phi2_conv300,6388,58265729000.0,69904759576.0
phi2_conv300,6389,58464914000.0,69945993513.0
phi2_conv300,6390,58464914000.0,69953391311.0
phi2_conv300,6391,58464914000.0,69960690805.0
phi2_conv300,6392,58464914000.0,69968088603.0
phi2_conv300,6393,58464914000.0,69975486401.0
phi2_conv300,6394,58464914000.0,69982100666.0
phi2_conv300,6395,58464914000.0,69988813235.0
phi2_conv300,6396,58464914000.0,69995525804.0
phi2_conv300,6397,58464914000.0,70002140069.0
phi2_conv300,6398,58464914000.0,70008852638.0
phi2_conv300,6399,58464914000.0,70015565207.0
phi2_conv300,6400,58464914000.0,70022179472.0
phi2_conv300,6401,58464914000.0,70028892041.0
phi2_conv300,6402,58464914000.0,70035604610.0
phi2_conv300,6403,58464914000.0,70042218875.0
phi2_conv300,6404,58464914000.0,70048931444.0
phi2_conv300,6405,58464914000.0,70055644013.0
phi2_conv300,6406,58464914000.0,70062258278.0
phi2_conv300,6407,58464914000.0,70068970847.0
phi2_conv300,6408,58464914000.0,70075683416.0
phi2_conv300,6409,58464914000.0,70082346833.0
phi2_conv300,6410,58464914000.0,70089108554.0
phi2_conv300,6411,58464914000.0,70095870275.0
phi2_conv300,6412,58464914000.0,70102484540.0
phi2_conv300,6413,58464914000.0,70108956294.0
phi2_conv300,6414,58464914000.0,70115329744.0
phi2_conv300,6415,58464914000.0,70121654042.0
phi2_conv300,6416,58464914000.0,70128076644.0
phi2_conv300,6417,58464914000.0,70134499246.0
phi2_conv300,6418,58464914000.0,70140774392.0
phi2_conv300,6419,58464914000.0,70147246146.0
phi2_conv300,6420,58464914000.0,70153619596.0
phi2_conv300,6421,58464914000.0,70159943894.0
phi2_conv300,6422,58464914000.0,70166027379.0
phi2_conv300,6423,58464914000.0,70172110864.0
phi2_conv300,6424,58464914000.0,70178046893.0
phi2_conv300,6425,58464914000.0,70184179530.0
phi2_conv300,6426,58464914000.0,70190213863.0
phi2_conv300,6427,58464914000.0,70196199044.0
phi2_conv300,6428,58464914000.0,70202282529.0
phi2_conv300,6429,58464914000.0,70208366014.0
phi2_conv300,6430,58464914000.0,70214009261.0
phi2_conv300,6431,58464914000.0,70219620399.0
phi2_conv300,6432,58464914000.0,70225133233.0
phi2_conv300,6433,58464914000.0,70230596915.0
phi2_conv300,6434,58464914000.0,70236208053.0
phi2_conv300,6435,58464914000.0,70241770039.0
phi2_conv300,6436,58464914000.0,70247233721.0
phi2_conv300,6437,58464914000.0,70252844859.0
phi2_conv300,6438,58464914000.0,70258406845.0
phi2_conv300,6439,58464914000.0,70263870527.0
phi2_conv300,6440,58464914000.0,70269481665.0
phi2_conv300,6441,58464914000.0,70275043651.0
phi2_conv300,6442,58464914000.0,70280507333.0
phi2_conv300,6443,58464914000.0,70286118471.0
phi2_conv300,6444,58464914000.0,70291680457.0
phi2_conv300,6445,58464914000.0,70296902861.0
phi2_conv300,6446,58464914000.0,70302272721.0
phi2_conv300,6447,58464914000.0,70307593429.0
phi2_conv300,6448,58464914000.0,70312815833.0
phi2_conv300,6449,58464914000.0,70318185693.0
phi2_conv300,6450,58464914000.0,70323555553.0
phi2_conv300,6451,58464914000.0,70328549276.0
phi2_conv300,6452,58464914000.0,70333739607.0
phi2_conv300,6453,58464914000.0,70338880786.0
phi2_conv300,6454,58464914000.0,70343923661.0
phi2_conv300,6455,58464914000.0,70349113992.0
phi2_conv300,6456,58464914000.0,70354304323.0
phi2_conv300,6457,58464914000.0,70359347198.0
phi2_conv300,6458,58464914000.0,70364537529.0
phi2_conv300,6459,58464914000.0,70369727860.0
phi2_conv300,6460,58464914000.0,70374770735.0
phi2_conv300,6461,58464914000.0,70379961066.0
phi2_conv300,6462,58464914000.0,70385151397.0
phi2_conv300,6463,58464914000.0,70390194272.0
phi2_conv300,6464,58464914000.0,70395384603.0
phi2_conv300,6465,58464914000.0,70400574934.0
phi2_conv300,6466,58464914000.0,70405617809.0
phi2_conv300,6467,58464914000.0,70410808140.0
phi2_conv300,6468,58464914000.0,70416047623.0
phi2_conv300,6469,58464914000.0,70421090498.0
phi2_conv300,6470,58464914000.0,70426329981.0
phi2_conv300,6471,58464914000.0,70431391983.0
phi2_conv300,6472,58464914000.0,70436355681.0
phi2_conv300,6473,58464914000.0,70441417683.0
phi2_conv300,6474,58464914000.0,70446528837.0
phi2_conv300,6475,58464914000.0,70451443383.0
phi2_conv300,6476,58464914000.0,70456554537.0
phi2_conv300,6477,58464914000.0,70461616539.0
phi2_conv300,6478,58464914000.0,70466580237.0
phi2_conv300,6479,58464914000.0,70471642239.0
phi2_conv300,6480,58464914000.0,70476753393.0
phi2_conv300,6481,58464914000.0,70481667939.0
phi2_conv300,6482,58464914000.0,70486779093.0
phi2_conv300,6483,58464914000.0,70491841095.0
phi2_conv300,6484,58464914000.0,70496804793.0
phi2_conv300,6485,58464914000.0,70501866795.0
phi2_conv300,6486,58464914000.0,70506977949.0
phi2_conv300,6487,58464914000.0,70511892495.0
phi2_conv300,6488,58464914000.0,70517003649.0
phi2_conv300,6489,58464914000.0,70522065651.0
phi2_conv300,6490,58464914000.0,70527029349.0
phi2_conv300,6491,58464914000.0,70532091351.0
phi2_conv300,6492,58464914000.0,70537202505.0
phi2_conv300,6493,58464914000.0,70542117051.0
phi2_conv300,6494,58464914000.0,70547228205.0
phi2_conv300,6495,58464914000.0,70552290207.0
phi2_conv300,6496,58464914000.0,70557253905.0
phi2_conv300,6497,58464914000.0,70562315907.0
phi2_conv300,6498,58464914000.0,70567427061.0
phi2_conv300,6499,58464914000.0,70572341607.0
phi2_conv300,6500,58464914000.0,70577452761.0
phi2_conv300,6501,58464914000.0,70582514763.0
phi2_conv300,6502,58464914000.0,70587478461.0
phi2_conv300,6503,58464914000.0,70592540463.0
phi2_conv300,6504,58464914000.0,70597651617.0
phi2_conv300,6505,58464914000.0,70602566163.0
phi2_conv300,6506,58464914000.0,70607677317.0
phi2_conv300,6507,58464914000.0,70612739319.0
phi2_conv300,6508,58464914000.0,70617703017.0
phi2_conv300,6509,58464914000.0,70622765019.0
phi2_conv300,6510,58464914000.0,70627647491.0
phi2_conv300,6511,58464914000.0,70632284203.0
phi2_conv300,6512,58464914000.0,70637166675.0
phi2_conv300,6513,58464914000.0,70641950843.0
phi2_conv300,6514,58464914000.0,70646735011.0
phi2_conv300,6515,58464914000.0,70651519179.0
phi2_conv300,6516,58464914000.0,70656401651.0
phi2_conv300,6517,58464914000.0,70661087515.0
phi2_conv300,6518,58464914000.0,70665969987.0
phi2_conv300,6519,58464914000.0,70670754155.0
phi2_conv300,6520,58464914000.0,70675538323.0
phi2_conv300,6521,58464914000.0,70680322491.0
phi2_conv300,6522,58464914000.0,70685204963.0
phi2_conv300,6523,58464914000.0,70689890827.0
phi2_conv300,6524,58464914000.0,70694773299.0
phi2_conv300,6525,58464914000.0,70699557467.0
phi2_conv300,6526,58464914000.0,70704341635.0
phi2_conv300,6527,58464914000.0,70709125803.0
phi2_conv300,6528,58464914000.0,70714008275.0
phi2_conv300,6529,58464914000.0,70718694139.0
phi2_conv300,6530,58464914000.0,70723576611.0
phi2_conv300,6531,58464914000.0,70728360779.0
phi2_conv300,6532,58464914000.0,70733144947.0
phi2_conv300,6533,58464914000.0,70737929115.0
phi2_conv300,6534,58464914000.0,70742811587.0
phi2_conv300,6535,58464914000.0,70747497451.0
phi2_conv300,6536,58464914000.0,70752379923.0
phi2_conv300,6537,58464914000.0,70757164091.0
phi2_conv300,6538,58464914000.0,70761948259.0
phi2_conv300,6539,58464914000.0,70766732427.0
phi2_conv300,6540,58464914000.0,70771614899.0
phi2_conv300,6541,58464914000.0,70776399067.0
phi2_conv300,6542,58464914000.0,70781281539.0
phi2_conv300,6543,58464914000.0,70786065707.0
phi2_conv300,6544,58464914000.0,70790997331.0
phi2_conv300,6545,58464914000.0,70795781499.0
phi2_conv300,6546,58464914000.0,70800713123.0
phi2_conv300,6547,58464914000.0,70805497291.0
phi2_conv300,6548,58464914000.0,70810428915.0
phi2_conv300,6549,58464914000.0,70815213083.0
phi2_conv300,6550,58464914000.0,70820144707.0
phi2_conv300,6551,58464914000.0,70824928875.0
phi2_conv300,6552,58464914000.0,70829860499.0
phi2_conv300,6553,58464914000.0,70834644667.0
phi2_conv300,6554,58464914000.0,70839576291.0
phi2_conv300,6555,58464914000.0,70844125706.0
phi2_conv300,6556,59993520000.0,70876853109.0
phi2_conv300,6557,59993520000.0,70881487773.0
phi2_conv300,6558,59993520000.0,70886220741.0
phi2_conv300,6559,59993520000.0,70890855405.0
phi2_conv300,6560,59993520000.0,70895588373.0
phi2_conv300,6561,59993520000.0,70900223037.0
phi2_conv300,6562,59993520000.0,70904956005.0
phi2_conv300,6563,59993520000.0,70909590669.0
phi2_conv300,6564,59993520000.0,70914323637.0
phi2_conv300,6565,59993520000.0,70918958301.0
phi2_conv300,6566,59993520000.0,70923691269.0
phi2_conv300,6567,59993520000.0,70928325933.0
phi2_conv300,6568,59993520000.0,70933058901.0
phi2_conv300,6569,59993520000.0,70937693565.0
phi2_conv300,6570,59993520000.0,70942426533.0
phi2_conv300,6571,59993520000.0,70947061197.0
phi2_conv300,6572,59993520000.0,70951794165.0
phi2_conv300,6573,59993520000.0,70956428829.0
phi2_conv300,6574,59993520000.0,70961161797.0
phi2_conv300,6575,59993520000.0,70965798509.0
phi2_conv300,6576,60172200000.0,71053010949.0
phi2_conv300,6577,60172200000.0,71143443869.0
phi2_conv300,6578,60183596000.0,71230669696.0
phi2_conv300,6579,60183596000.0,71320685731.0
phi2_conv300,6580,60183596000.0,71339237086.0
phi2_conv300,6581,60183596000.0,71344230809.0
phi2_conv300,6582,60183596000.0,71349371988.0
phi2_conv300,6583,60183596000.0,71354414863.0
phi2_conv300,6584,60183596000.0,71359506890.0
phi2_conv300,6585,60183596000.0,71364549765.0
phi2_conv300,6586,60183596000.0,71369690944.0
phi2_conv300,6587,60183596000.0,71374733819.0
phi2_conv300,6588,60183596000.0,71379922102.0
phi2_conv300,6589,60183596000.0,71385061233.0
phi2_conv300,6590,60183596000.0,71390200364.0
phi2_conv300,6591,60183596000.0,71395339495.0
phi2_conv300,6592,60183596000.0,71400527778.0
phi2_conv300,6593,60183596000.0,71405617757.0
phi2_conv300,6594,60183596000.0,71410806040.0
phi2_conv300,6595,60183596000.0,71415945171.0
phi2_conv300,6596,60183596000.0,71421084302.0
phi2_conv300,6597,60183596000.0,71426223433.0
phi2_conv300,6598,60183596000.0,71431411716.0
phi2_conv300,6599,60183596000.0,71436501695.0
phi2_conv300,6600,60426171000.0,71524160364.0
phi2_conv300,6601,60426171000.0,71614640153.0
phi2_conv300,6602,60426171000.0,71708056774.0
phi2_conv300,6603,60426171000.0,71777138988.0
phi2_conv300,6604,60426171000.0,71782605104.0
phi2_conv300,6605,60426171000.0,71787972916.0
phi2_conv300,6606,60426171000.0,71793310703.0
phi2_conv300,6607,60426171000.0,71798599338.0
phi2_conv300,6608,60426171000.0,71803887973.0
phi2_conv300,6609,60426171000.0,71809176608.0
phi2_conv300,6610,60426171000.0,71814514395.0
phi2_conv300,6611,60426171000.0,71819753878.0
phi2_conv300,6612,60426171000.0,71825091665.0
phi2_conv300,6613,60426171000.0,71830380300.0
phi2_conv300,6614,60426171000.0,71835668935.0
phi2_conv300,6615,60426171000.0,71840957570.0
phi2_conv300,6616,60426171000.0,71846295357.0
phi2_conv300,6617,60426171000.0,71851534840.0
phi2_conv300,6618,60426171000.0,71856872627.0
phi2_conv300,6619,60648144000.0,71925890864.0
phi2_conv300,6620,60648144000.0,71931260724.0
phi2_conv300,6621,60648144000.0,71936630584.0
phi2_conv300,6622,60648144000.0,71942049596.0
phi2_conv300,6623,60648144000.0,71947370304.0
phi2_conv300,6624,60648144000.0,71952789316.0
phi2_conv300,6625,60648144000.0,71958159176.0
phi2_conv300,6626,60648144000.0,71963529036.0
phi2_conv300,6627,60648144000.0,71968898896.0
phi2_conv300,6628,60648144000.0,71974317908.0
phi2_conv300,6629,60648144000.0,71979638616.0
phi2_conv300,6630,60648144000.0,71985057628.0
phi2_conv300,6631,60648144000.0,71990427488.0
phi2_conv300,6632,60778525000.0,72027165678.0
phi2_conv300,6633,60778525000.0,72032629360.0
phi2_conv300,6634,60778525000.0,72038191346.0
phi2_conv300,6635,60778525000.0,72043704180.0
phi2_conv300,6636,60778525000.0,72049266166.0
phi2_conv300,6637,60831569000.0,72137060050.0
phi2_conv300,6638,60831569000.0,72224362875.0
phi2_conv300,6639,60872432000.0,72312509767.0
phi2_conv300,6640,60872432000.0,72404048147.0
phi2_conv300,6641,60872432000.0,72415178576.0
phi2_conv300,6642,60872432000.0,72421311213.0
phi2_conv300,6643,60872432000.0,72427443850.0
phi2_conv300,6644,60872432000.0,72433527335.0
phi2_conv300,6645,60872432000.0,72439610820.0
phi2_conv300,6646,60872432000.0,72445792609.0
phi2_conv300,6647,60872432000.0,72451826942.0
phi2_conv300,6648,60872432000.0,72458008731.0
phi2_conv300,6649,60872432000.0,72464141368.0
phi2_conv300,6650,60872432000.0,72470274005.0
phi2_conv300,6651,60872432000.0,72476357490.0
phi2_conv300,6652,60872432000.0,72482588431.0
phi2_conv300,6653,60872432000.0,72488622764.0
phi2_conv300,6654,60872432000.0,72494804553.0
phi2_conv300,6655,60872432000.0,72500937190.0
phi2_conv300,6656,60872432000.0,72506627541.0
phi2_conv300,6657,60872432000.0,72512268740.0
phi2_conv300,6658,60872432000.0,72518057395.0
phi2_conv300,6659,60872432000.0,72523649442.0
phi2_conv300,6660,60872432000.0,72529388945.0
phi2_conv300,6661,60872432000.0,72535079296.0
phi2_conv300,6662,60872432000.0,72540769647.0
phi2_conv300,6663,61145266000.0,72628867387.0
phi2_conv300,6664,61145266000.0,72720405767.0
phi2_conv300,6665,61145266000.0,72731746660.0
phi2_conv300,6666,61145266000.0,72737387859.0
phi2_conv300,6667,61145266000.0,72743078210.0
phi2_conv300,6668,61145266000.0,72748719409.0
phi2_conv300,6669,61145266000.0,72754230195.0
phi2_conv300,6670,61145266000.0,72759888437.0
phi2_conv300,6671,61145266000.0,72765399223.0
phi2_conv300,6672,61263537000.0,72853191059.0
phi2_conv300,6673,61263537000.0,72944122479.0
phi2_conv300,6674,61285563000.0,73032444731.0
phi2_conv300,6675,61285563000.0,73123495687.0
phi2_conv300,6676,61294115000.0,73212328578.0
phi2_conv300,6677,61294115000.0,73302792445.0
phi2_conv300,6678,61294115000.0,73319358407.0
phi2_conv300,6679,61294115000.0,73325928465.0
phi2_conv300,6680,61294115000.0,73332449371.0
phi2_conv300,6681,61294115000.0,73339019429.0
phi2_conv300,6682,61294115000.0,73345589487.0
phi2_conv300,6683,61294115000.0,73352159545.0
phi2_conv300,6684,61294115000.0,73358729603.0
phi2_conv300,6685,61294115000.0,73365299661.0
phi2_conv300,6686,61294115000.0,73371918871.0
phi2_conv300,6687,61294115000.0,73378540129.0
phi2_conv300,6688,61294115000.0,73385112235.0
phi2_conv300,6689,61294115000.0,73391782645.0
phi2_conv300,6690,61294115000.0,73397571300.0
phi2_conv300,6691,61294115000.0,73403261651.0
phi2_conv300,6692,61294115000.0,73409099458.0
phi2_conv300,6693,61294115000.0,73414838961.0
phi2_conv300,6694,61294115000.0,73420578464.0
phi2_conv300,6695,61294115000.0,73426367119.0
phi2_conv300,6696,61294115000.0,73431877905.0
phi2_conv300,6697,61294115000.0,73437339539.0
phi2_conv300,6698,61294115000.0,73442899477.0
phi2_conv300,6699,61294115000.0,73448410263.0
phi2_conv300,6700,61294115000.0,73453871897.0
phi2_conv300,6701,61294115000.0,73459431835.0
phi2_conv300,6702,61294115000.0,73464942621.0
phi2_conv300,6703,61294115000.0,73470404255.0
phi2_conv300,6704,61294115000.0,73475964193.0
phi2_conv300,6705,61294115000.0,73481474979.0
phi2_conv300,6706,61294115000.0,73486936613.0
phi2_conv300,6707,61294115000.0,73492496551.0
phi2_conv300,6708,61294115000.0,73498007337.0
phi2_conv300,6709,61294115000.0,73503178541.0
phi2_conv300,6710,61294115000.0,73508497201.0
phi2_conv300,6711,61294115000.0,73513717557.0
phi2_conv300,6712,61294115000.0,73518937913.0
phi2_conv300,6713,61294115000.0,73524207421.0
phi2_conv300,6714,61294115000.0,73529476929.0
phi2_conv300,6715,61294115000.0,73534519804.0
phi2_conv300,6716,61764605000.0,73621695263.0
phi2_conv300,6717,61764605000.0,73711406023.0
phi2_conv300,6718,61764605000.0,73716397698.0
phi2_conv300,6719,61764605000.0,73721487677.0
phi2_conv300,6720,61764605000.0,73726528504.0
phi2_conv300,6721,61764605000.0,73731520179.0
phi2_conv300,6722,61838028000.0,73818663136.0
phi2_conv300,6723,61838028000.0,73895937292.0
phi2_conv300,6724,61838028000.0,73901198222.0
phi2_conv300,6725,61838028000.0,73906557456.0
phi2_conv300,6726,61838028000.0,73911867538.0
phi2_conv300,6727,61906835000.0,73983807905.0
phi2_conv300,6728,61928694000.0,74071752045.0
phi2_conv300,6729,61928694000.0,74162940217.0
phi2_conv300,6730,61928694000.0,74188786902.0
phi2_conv300,6731,61928694000.0,74194667635.0
phi2_conv300,6732,61928694000.0,74200450064.0
phi2_conv300,6733,61928694000.0,74206232493.0
phi2_conv300,6734,61928694000.0,74212113226.0
phi2_conv300,6735,61928694000.0,74217895655.0
phi2_conv300,6736,61928694000.0,74223678084.0
phi2_conv300,6737,61928694000.0,74229558817.0
phi2_conv300,6738,61928694000.0,74235341246.0
phi2_conv300,6739,61928694000.0,74241123675.0
phi2_conv300,6740,61928694000.0,74247004408.0
phi2_conv300,6741,61928694000.0,74252835989.0
phi2_conv300,6742,61928694000.0,74258618418.0
phi2_conv300,6743,61928694000.0,74264548303.0
phi2_conv300,6744,61928694000.0,74270381932.0
phi2_conv300,6745,61928694000.0,74276215561.0
phi2_conv300,6746,61928694000.0,74282147494.0
phi2_conv300,6747,61928694000.0,74288030275.0
phi2_conv300,6748,61928694000.0,74293814752.0
phi2_conv300,6749,61928694000.0,74299795837.0
phi2_conv300,6750,61928694000.0,74305629466.0
phi2_conv300,6751,62174486000.0,74393691029.0
phi2_conv300,6752,62174486000.0,74485088784.0
phi2_conv300,6753,62174486000.0,74548249803.0
phi2_conv300,6754,62174486000.0,74554424597.0
phi2_conv300,6755,62174486000.0,74560795999.0
phi2_conv300,6756,62174486000.0,74567019945.0
phi2_conv300,6757,62174486000.0,74573293043.0
phi2_conv300,6758,62276484000.0,74661452910.0
phi2_conv300,6759,62276484000.0,74752752361.0
phi2_conv300,6760,62276484000.0,74774296435.0
phi2_conv300,6761,62276484000.0,74780618685.0
phi2_conv300,6762,62276484000.0,74786793479.0
phi2_conv300,6763,62276484000.0,74793017425.0
phi2_conv300,6764,62276484000.0,74799339675.0
phi2_conv300,6765,62276484000.0,74805514469.0
phi2_conv300,6766,62276484000.0,74811738415.0
phi2_conv300,6767,62276484000.0,74817621196.0
phi2_conv300,6768,62276484000.0,74823356521.0
phi2_conv300,6769,62276484000.0,74829140998.0
phi2_conv300,6770,62276484000.0,74835023779.0
phi2_conv300,6771,62276484000.0,74840759104.0
phi2_conv300,6772,62276484000.0,74846543581.0
phi2_conv300,6773,62276484000.0,74852426362.0
phi2_conv300,6774,62276484000.0,74858161687.0
phi2_conv300,6775,62276484000.0,74863946164.0
phi2_conv300,6776,62482331000.0,74952056879.0
phi2_conv300,6777,62482331000.0,75043258026.0
phi2_conv300,6778,62482331000.0,75074874869.0
phi2_conv300,6779,62482331000.0,75081147967.0
phi2_conv300,6780,62482331000.0,75087273609.0
phi2_conv300,6781,62482331000.0,75093399251.0
phi2_conv300,6782,62482331000.0,75099672349.0
phi2_conv300,6783,62482331000.0,75105797991.0
phi2_conv300,6784,62482331000.0,75111923633.0
phi2_conv300,6785,62482331000.0,75118196731.0
phi2_conv300,6786,62482331000.0,75124322373.0
phi2_conv300,6787,62482331000.0,75130448015.0
phi2_conv300,6788,62482331000.0,75136721113.0
phi2_conv300,6789,62482331000.0,75142846755.0
phi2_conv300,6790,62482331000.0,75148972397.0
phi2_conv300,6791,62482331000.0,75155245495.0
phi2_conv300,6792,62482331000.0,75161371137.0
phi2_conv300,6793,62482331000.0,75167496779.0
phi2_conv300,6794,62482331000.0,75173769877.0
phi2_conv300,6795,62482331000.0,75179895519.0
phi2_conv300,6796,62482331000.0,75186021161.0
phi2_conv300,6797,62482331000.0,75192294259.0
phi2_conv300,6798,62482331000.0,75198419901.0
phi2_conv300,6799,62482331000.0,75204545543.0
phi2_conv300,6800,62482331000.0,75210867793.0
phi2_conv300,6801,62482331000.0,75216993435.0
phi2_conv300,6802,62482331000.0,75223168229.0
phi2_conv300,6803,62482331000.0,75229441327.0
phi2_conv300,6804,62482331000.0,75235616121.0
phi2_conv300,6805,62482331000.0,75241741763.0
phi2_conv300,6806,62482331000.0,75248064013.0
phi2_conv300,6807,62482331000.0,75254189655.0
phi2_conv300,6808,62482331000.0,75260364449.0
phi2_conv300,6809,62482331000.0,75266637547.0
phi2_conv300,6810,62843126000.0,75354722391.0
phi2_conv300,6811,62843126000.0,75443701345.0
phi2_conv300,6812,62843126000.0,75450362714.0
phi2_conv300,6813,62843126000.0,75456827475.0
phi2_conv300,6814,62843126000.0,75463341388.0
phi2_conv300,6815,62843126000.0,75469953605.0
phi2_conv300,6816,62843126000.0,75476467518.0
phi2_conv300,6817,62843126000.0,75482932279.0
phi2_conv300,6818,62843126000.0,75489303681.0
phi2_conv300,6819,62843126000.0,75495478475.0
phi2_conv300,6820,62843126000.0,75501751573.0
phi2_conv300,6821,62843126000.0,75508073823.0
phi2_conv300,6822,62843126000.0,75514346921.0
phi2_conv300,6823,62843126000.0,75520521715.0
phi2_conv300,6824,62843126000.0,75526942269.0
phi2_conv300,6825,62843126000.0,75533117063.0
phi2_conv300,6826,62843126000.0,75539390161.0
phi2_conv300,6827,63043028000.0,75549906474.0
phi2_conv300,6828,63043028000.0,75556471587.0
phi2_conv300,6829,63043028000.0,75562889244.0
phi2_conv300,6830,63043028000.0,75569601813.0
phi2_conv300,6831,63043028000.0,75576068622.0
phi2_conv300,6832,63043028000.0,75582584583.0
phi2_conv300,6833,63043028000.0,75589198848.0
phi2_conv300,6834,63112742000.0,75659048490.0
phi2_conv300,6835,63112742000.0,75665709008.0
phi2_conv300,6836,63112742000.0,75672664438.0
phi2_conv300,6837,63112742000.0,75679423260.0
phi2_conv300,6838,63112742000.0,75686182082.0
phi2_conv300,6839,63112742000.0,75693039208.0
phi2_conv300,6840,63112742000.0,75699896334.0
phi2_conv300,6841,63112742000.0,75706556852.0
phi2_conv300,6842,63112742000.0,75713561434.0
phi2_conv300,6843,63112742000.0,75720416512.0
phi2_conv300,6844,63112742000.0,75727222438.0
phi2_conv300,6845,63112742000.0,75734175820.0
phi2_conv300,6846,63112742000.0,75741129202.0
phi2_conv300,6847,63112742000.0,75747836824.0
phi2_conv300,6848,63112742000.0,75754888510.0
phi2_conv300,6849,63112742000.0,75761453623.0
phi2_conv300,6850,63112742000.0,75767971632.0
phi2_conv300,6851,63112742000.0,75774637097.0
phi2_conv300,6852,63112742000.0,75781302562.0
phi2_conv300,6853,63112742000.0,75787722267.0
phi2_conv300,6854,63112742000.0,75794486036.0
phi2_conv300,6855,63112742000.0,75801053197.0
phi2_conv300,6856,63112742000.0,75807618310.0
phi2_conv300,6857,63112742000.0,75814382079.0
phi2_conv300,6858,63112742000.0,75821096696.0
phi2_conv300,6859,63112742000.0,75827614705.0
phi2_conv300,6860,63112742000.0,75834476778.0
phi2_conv300,6861,63112742000.0,75841093091.0
phi2_conv300,6862,63112742000.0,75847709404.0
phi2_conv300,6863,63112742000.0,75854473173.0
phi2_conv300,6864,63112742000.0,75861236942.0
phi2_conv300,6865,63112742000.0,75867804103.0
phi2_conv300,6866,63112742000.0,75874666176.0
phi2_conv300,6867,63112742000.0,75881331641.0
phi2_conv300,6868,63112742000.0,75887997106.0
phi2_conv300,6869,63112742000.0,75894760875.0
phi2_conv300,6870,63112742000.0,75901524644.0
phi2_conv300,6871,63112742000.0,75908091805.0
phi2_conv300,6872,63112742000.0,75914953878.0
phi2_conv300,6873,63112742000.0,75921619343.0
phi2_conv300,6874,63112742000.0,75928333960.0
phi2_conv300,6875,63112742000.0,75935097729.0
phi2_conv300,6876,63112742000.0,75941861498.0
phi2_conv300,6877,63112742000.0,75948477811.0
phi2_conv300,6878,63112742000.0,75955339884.0
phi2_conv300,6879,63112742000.0,75962005349.0
phi2_conv300,6880,63112742000.0,75968719966.0
phi2_conv300,6881,63112742000.0,75975483735.0
phi2_conv300,6882,63597893000.0,76064110001.0
phi2_conv300,6883,63597893000.0,76155771403.0
phi2_conv300,6884,63597893000.0,76177428753.0
phi2_conv300,6885,63597893000.0,76184484535.0
phi2_conv300,6886,63597893000.0,76191540317.0
phi2_conv300,6887,63597893000.0,76198694403.0
phi2_conv300,6888,63597893000.0,76205848489.0
phi2_conv300,6889,63597893000.0,76212855119.0
phi2_conv300,6890,63597893000.0,76220107509.0
phi2_conv300,6891,63597893000.0,76227212443.0
phi2_conv300,6892,63597893000.0,76234317377.0
phi2_conv300,6893,63597893000.0,76241520615.0
phi2_conv300,6894,63597893000.0,76248674701.0
phi2_conv300,6895,63597893000.0,76255440518.0
phi2_conv300,6896,63597893000.0,76262454143.0
phi2_conv300,6897,63597893000.0,76269271160.0
phi2_conv300,6898,63597893000.0,76276137329.0
phi2_conv300,6899,63597893000.0,76283101802.0
phi2_conv300,6900,63597893000.0,76289967971.0
phi2_conv300,6901,63597893000.0,76296784988.0
phi2_conv300,6902,63597893000.0,76303798613.0
phi2_conv300,6903,63597893000.0,76310664782.0
phi2_conv300,6904,63597893000.0,76317530951.0
phi2_conv300,6905,63597893000.0,76324495424.0
phi2_conv300,6906,63597893000.0,76331410745.0
phi2_conv300,6907,63597893000.0,76338227762.0
phi2_conv300,6908,63597893000.0,76345241387.0
phi2_conv300,6909,63597893000.0,76352107556.0
phi2_conv300,6910,63597893000.0,76358973725.0
phi2_conv300,6911,63597893000.0,76365938198.0
phi2_conv300,6912,63597893000.0,76372853519.0
phi2_conv300,6913,63597893000.0,76379670536.0
phi2_conv300,6914,63597893000.0,76386684161.0
phi2_conv300,6915,63597893000.0,76393550330.0
phi2_conv300,6916,63597893000.0,76400416499.0
phi2_conv300,6917,63597893000.0,76407380972.0
phi2_conv300,6918,63597893000.0,76414296293.0
phi2_conv300,6919,63597893000.0,76421113310.0
phi2_conv300,6920,63597893000.0,76428126935.0
phi2_conv300,6921,63597893000.0,76434993104.0
phi2_conv300,6922,63597893000.0,76441859273.0
phi2_conv300,6923,63597893000.0,76448433427.0
phi2_conv300,6924,63597893000.0,76454909277.0
phi2_conv300,6925,63597893000.0,76461335975.0
phi2_conv300,6926,63597893000.0,76467910129.0
phi2_conv300,6927,63597893000.0,76474385979.0
phi2_conv300,6928,64095402000.00001,76514912347.0
phi2_conv300,6929,64095402000.00001,76521729364.0
phi2_conv300,6930,64095402000.00001,76528448077.0
phi2_conv300,6931,64095402000.00001,76535117638.0
phi2_conv300,6932,64095402000.00001,76541934655.0
phi2_conv300,6933,64095402000.00001,76548653368.0
phi2_conv300,6934,64095402000.00001,76555322929.0
phi2_conv300,6935,64095402000.00001,76562139946.0
phi2_conv300,6936,64186733000.0,76650721156.0
phi2_conv300,6937,64186733000.0,76742435806.0
phi2_conv300,6938,64186733000.0,76768538884.0
phi2_conv300,6939,64186733000.0,76775598762.0
phi2_conv300,6940,64186733000.0,76782658640.0
phi2_conv300,6941,64186733000.0,76789865974.0
phi2_conv300,6942,64186733000.0,76796925852.0
phi2_conv300,6943,64186733000.0,76803985730.0
phi2_conv300,6944,64186733000.0,76811193064.0
phi2_conv300,6945,64186733000.0,76818252942.0
phi2_conv300,6946,64186733000.0,76825361972.0
phi2_conv300,6947,64186733000.0,76832569306.0
phi2_conv300,6948,64186733000.0,76839629184.0
phi2_conv300,6949,64186733000.0,76846738214.0
phi2_conv300,6950,64186733000.0,76853945548.0
phi2_conv300,6951,64186733000.0,76861005426.0
phi2_conv300,6952,64186733000.0,76868114456.0
phi2_conv300,6953,64186733000.0,76875321790.0
phi2_conv300,6954,64186733000.0,76882381668.0
phi2_conv300,6955,64186733000.0,76889490698.0
phi2_conv300,6956,64186733000.0,76896698032.0
phi2_conv300,6957,64186733000.0,76903757910.0
phi2_conv300,6958,64186733000.0,76910866940.0
phi2_conv300,6959,64186733000.0,76918074274.0
phi2_conv300,6960,64186733000.0,76925134152.0
phi2_conv300,6961,64186733000.0,76932243182.0
phi2_conv300,6962,64186733000.0,76939450516.0
phi2_conv300,6963,64186733000.0,76946510394.0
phi2_conv300,6964,64186733000.0,76953619424.0
phi2_conv300,6965,64186733000.0,76960826758.0
phi2_conv300,6966,64186733000.0,76967886636.0
phi2_conv300,6967,64186733000.0,76974752805.0
phi2_conv300,6968,64186733000.0,76981766430.0
phi2_conv300,6969,64186733000.0,76988583447.0
phi2_conv300,6970,64186733000.0,76995498768.0
phi2_conv300,6971,64186733000.0,77002463241.0
phi2_conv300,6972,64186733000.0,77008889939.0
phi2_conv300,6973,64186733000.0,77015124976.0
phi2_conv300,6974,64186733000.0,77021458317.0
phi2_conv300,6975,64186733000.0,77027644202.0
phi2_conv300,6976,64186733000.0,77033928391.0
phi2_conv300,6977,64186733000.0,77040310884.0
phi2_conv300,6978,64186733000.0,77046545921.0
phi2_conv300,6979,64186733000.0,77052830110.0
phi2_conv300,6980,64186733000.0,77059212603.0
phi2_conv300,6981,64186733000.0,77065447640.0
phi2_conv300,6982,64186733000.0,77071731829.0
phi2_conv300,6983,64186733000.0,77078114322.0
phi2_conv300,6984,64186733000.0,77084349359.0
phi2_conv300,6985,64186733000.0,77090633548.0
phi2_conv300,6986,64186733000.0,77097016041.0
phi2_conv300,6987,64186733000.0,77103251078.0
phi2_conv300,6988,64186733000.0,77109535267.0
phi2_conv300,6989,64186733000.0,77115917760.0
phi2_conv300,6990,64186733000.0,77122152797.0
phi2_conv300,6991,64186733000.0,77128436986.0
phi2_conv300,6992,64186733000.0,77134377193.0
phi2_conv300,6993,64186733000.0,77140219096.0
phi2_conv300,6994,64186733000.0,77146060999.0
phi2_conv300,6995,64186733000.0,77152050358.0
phi2_conv300,6996,64186733000.0,77157843109.0
phi2_conv300,6997,64186733000.0,77163734164.0
phi2_conv300,6998,64186733000.0,77169723523.0
phi2_conv300,6999,64186733000.0,77175614578.0
phi2_conv300,7000,64888310000.00001,77200716207.0
phi2_conv300,7001,64888310000.00001,77206998348.0
phi2_conv300,7002,64910998000.00001,77233202378.0
phi2_conv300,7003,64910998000.00001,77239627028.0
phi2_conv300,7004,64940790000.00001,77327785518.0
phi2_conv300,7005,64940790000.00001,77416336008.0
phi2_conv300,7006,64940790000.00001,77509711586.0
phi2_conv300,7007,64940790000.00001,77606417212.0
phi2_conv300,7008,64940790000.00001,77704998806.0
phi2_conv300,7009,64940790000.00001,77807385584.0
phi2_conv300,7010,64940790000.00001,77911691338.0
phi2_conv300,7011,64940790000.00001,78020689060.0
phi2_conv300,7012,64940790000.00001,78131229200.0
phi2_conv300,7013,65064085000.00001,78219920410.0
phi2_conv300,7014,65064085000.00001,78308862756.0
phi2_conv300,7015,65064156000.0,78401959518.0
phi2_conv300,7016,65064156000.0,78491414616.0
phi2_conv300,7017,65064156000.0,78583917138.0
phi2_conv300,7018,65066011000.0,78673326075.0
phi2_conv300,7019,65066011000.0,78760403578.0
phi2_conv300,7020,65066011000.0,78768878889.0
phi2_conv300,7021,65348307000.00001,78811325759.0
phi2_conv300,7022,65348307000.00001,78820142236.0
phi2_conv300,7023,65348307000.00001,78828909561.0
phi2_conv300,7024,65348307000.00001,78837627734.0
phi2_conv300,7025,65348307000.00001,78846493363.0
phi2_conv300,7026,65348307000.00001,78855211536.0
phi2_conv300,7027,65348307000.00001,78864025965.0
phi2_conv300,7028,65348307000.00001,78872889546.0
phi2_conv300,7029,65348307000.00001,78881703975.0
phi2_conv300,7030,65348307000.00001,78890518404.0
phi2_conv300,7031,65348307000.00001,78899431137.0
phi2_conv300,7032,65348307000.00001,78908196414.0
phi2_conv300,7033,65348307000.00001,78917059995.0
phi2_conv300,7034,65348307000.00001,78925923576.0
phi2_conv300,7035,65348307000.00001,78934738005.0
phi2_conv300,7036,65531595999.99999,79024525021.0
phi2_conv300,7037,65531595999.99999,79117409637.0
phi2_conv300,7038,65531595999.99999,79149267055.0
phi2_conv300,7039,65531595999.99999,79158619257.0
phi2_conv300,7040,65531595999.99999,79167873155.0
phi2_conv300,7041,65531595999.99999,79177077901.0
phi2_conv300,7042,65531595999.99999,79186331799.0
phi2_conv300,7043,65531595999.99999,79195684001.0
phi2_conv300,7044,65531595999.99999,79204790443.0
phi2_conv300,7045,65531595999.99999,79214142645.0
phi2_conv300,7046,65531595999.99999,79223396543.0
phi2_conv300,7047,65531595999.99999,79232161820.0
phi2_conv300,7048,65715096000.0,79321948836.0
phi2_conv300,7049,65715096000.0,79414784300.0
phi2_conv300,7050,65715096000.0,79426127158.0
phi2_conv300,7051,65715096000.0,79435379008.0
phi2_conv300,7052,65786250999.99999,79525546680.0
phi2_conv300,7053,65786250999.99999,79602166403.0
phi2_conv300,7054,65786250999.99999,79610583520.0
phi2_conv300,7055,65786250999.99999,79619098941.0
phi2_conv300,7056,65786250999.99999,79627368602.0
phi2_conv300,7057,65786250999.99999,79635884023.0
phi2_conv300,7058,65786250999.99999,79644301140.0
phi2_conv300,7059,65786250999.99999,79652718257.0
phi2_conv300,7060,65786250999.99999,79661135374.0
phi2_conv300,7061,65786250999.99999,79669650795.0
phi2_conv300,7062,65786250999.99999,79677969608.0
phi2_conv300,7063,65786250999.99999,79686485029.0
phi2_conv300,7064,65786250999.99999,79694902146.0
phi2_conv300,7065,65786250999.99999,79703368415.0
phi2_conv300,7066,65786250999.99999,79711785532.0
phi2_conv300,7067,65786250999.99999,79720300953.0
phi2_conv300,7068,65786250999.99999,79728668918.0
phi2_conv300,7069,65786250999.99999,79737184339.0
phi2_conv300,7070,65786250999.99999,79745161986.0
phi2_conv300,7071,65786250999.99999,79753237937.0
phi2_conv300,7072,65786250999.99999,79761215584.0
phi2_conv300,7073,65786250999.99999,79769340687.0
phi2_conv300,7074,65786250999.99999,79777269182.0
phi2_conv300,7075,65786250999.99999,79785394285.0
phi2_conv300,7076,65786250999.99999,79793373980.0
phi2_conv300,7077,65786250999.99999,79801451979.0
phi2_conv300,7078,65786250999.99999,79809431674.0
phi2_conv300,7079,65786250999.99999,79817558825.0
phi2_conv300,7080,65786250999.99999,79825145387.0
phi2_conv300,7081,65786250999.99999,79832930605.0
phi2_conv300,7082,65786250999.99999,79840568367.0
phi2_conv300,7083,65786250999.99999,79847864963.0
phi2_conv300,7084,65786250999.99999,79854722089.0
phi2_conv300,7085,65786250999.99999,79861628367.0
phi2_conv300,7086,65786250999.99999,79868436341.0
phi2_conv300,7087,65786250999.99999,79875391771.0
phi2_conv300,7088,65786250999.99999,79882199745.0
phi2_conv300,7089,65786250999.99999,79889106023.0
phi2_conv300,7090,65786250999.99999,79895720288.0
phi2_conv300,7091,65786250999.99999,79902383705.0
phi2_conv300,7092,65786250999.99999,79908948818.0
phi2_conv300,7093,65786250999.99999,79915661387.0
phi2_conv300,7094,65786250999.99999,79922226500.0
phi2_conv300,7095,65786250999.99999,79928889917.0
phi2_conv300,7096,65786250999.99999,79935214215.0
phi2_conv300,7097,66310171000.0,80023497715.0
phi2_conv300,7098,66310171000.0,80114761055.0
phi2_conv300,7099,66310171000.0,80209750731.0
phi2_conv300,7100,66310171000.0,80306982967.0
phi2_conv300,7101,66403490000.00001,80402878801.0
phi2_conv300,7102,66403490000.00001,80492666283.0
phi2_conv300,7103,66403490000.00001,80580906124.0
phi2_conv300,7104,66403490000.00001,80588062258.0
phi2_conv300,7105,66403490000.00001,80595472344.0
phi2_conv300,7106,66403490000.00001,80602726782.0
phi2_conv300,7107,66403490000.00001,80609981220.0
phi2_conv300,7108,66511613000.0,80699038254.0
phi2_conv300,7109,66511613000.0,80791323960.0
phi2_conv300,7110,66511613000.0,80812373854.0
phi2_conv300,7111,66511613000.0,80819835140.0
phi2_conv300,7112,66511613000.0,80827140778.0
phi2_conv300,7113,66511613000.0,80834397264.0
phi2_conv300,7114,66511613000.0,80841752054.0
phi2_conv300,7115,66511613000.0,80849164188.0
phi2_conv300,7116,66624229000.0,80938075814.0
phi2_conv300,7117,66624229000.0,81030519216.0
phi2_conv300,7118,66655683999.99999,81119613098.0
phi2_conv300,7119,66693467999.99999,81208907347.0
phi2_conv300,7120,66693467999.99999,81301222477.0
phi2_conv300,7121,66711635000.0,81376010162.0
phi2_conv300,7122,66711635000.0,81384045153.0
phi2_conv300,7123,66711635000.0,81392325904.0
phi2_conv300,7124,66711635000.0,81400557503.0
phi2_conv300,7125,66711635000.0,81408690798.0
phi2_conv300,7126,66711635000.0,81416922397.0
phi2_conv300,7127,66711635000.0,81425260492.0
phi2_conv300,7128,66711635000.0,81433295483.0
phi2_conv300,7129,66711635000.0,81441633578.0
phi2_conv300,7130,66711635000.0,81449816025.0
phi2_conv300,7131,66711635000.0,81457949320.0
phi2_conv300,7132,66711635000.0,81466180919.0
phi2_conv300,7133,66711635000.0,81474519014.0
phi2_conv300,7134,66711635000.0,81482554005.0
phi2_conv300,7135,66711635000.0,81490892100.0
phi2_conv300,7136,66711635000.0,81499123699.0
phi2_conv300,7137,66711635000.0,81507256994.0
phi2_conv300,7138,66711635000.0,81515488593.0
phi2_conv300,7139,66711635000.0,81523826688.0
phi2_conv300,7140,66711635000.0,81531861679.0
phi2_conv300,7141,66711635000.0,81540199774.0
phi2_conv300,7142,66711635000.0,81548431373.0
phi2_conv300,7143,66711635000.0,81556564668.0
phi2_conv300,7144,66711635000.0,81564452286.0
phi2_conv300,7145,66711635000.0,81572544704.0
phi2_conv300,7146,66711635000.0,81580284866.0
phi2_conv300,7147,66711635000.0,81588328132.0
phi2_conv300,7148,66711635000.0,81596314054.0
phi2_conv300,7149,66711635000.0,81604152520.0
phi2_conv300,7150,66711635000.0,81612089290.0
phi2_conv300,7151,66711635000.0,81620124364.0
phi2_conv300,7152,66711635000.0,81627864526.0
phi2_conv300,7153,66711635000.0,81635907792.0
phi2_conv300,7154,66711635000.0,81643893714.0
phi2_conv300,7155,66711635000.0,81651781332.0
phi2_conv300,7156,66711635000.0,81659718102.0
phi2_conv300,7157,66711635000.0,81667810520.0
phi2_conv300,7158,66711635000.0,81675599834.0
phi2_conv300,7159,66711635000.0,81683643100.0
phi2_conv300,7160,66711635000.0,81691629022.0
phi2_conv300,7161,66711635000.0,81699516640.0
phi2_conv300,7162,66711635000.0,81707453410.0
phi2_conv300,7163,67245928000.00001,81777578788.0
phi2_conv300,7164,67245928000.00001,81785613779.0
phi2_conv300,7165,67245928000.00001,81793845378.0
phi2_conv300,7166,67245928000.00001,81802076977.0
phi2_conv300,7167,67245928000.00001,81810210272.0
phi2_conv300,7168,67245928000.00001,81818392719.0
phi2_conv300,7169,67245928000.00001,81826730814.0
phi2_conv300,7170,67245928000.00001,81834814957.0
phi2_conv300,7171,67245928000.00001,81843103900.0
phi2_conv300,7172,67245928000.00001,81850942366.0
phi2_conv300,7173,67245928000.00001,81858144754.0
phi2_conv300,7174,67245928000.00001,81865396294.0
phi2_conv300,7175,67245928000.00001,81872454124.0
phi2_conv300,7176,67245928000.00001,81879413650.0
phi2_conv300,7177,67245928000.00001,81886422328.0
phi2_conv300,7178,67245928000.00001,81893480158.0
phi2_conv300,7179,67245928000.00001,81900439684.0
phi2_conv300,7180,67439933000.0,81916382072.0
phi2_conv300,7181,67439933000.0,81923680716.0
phi2_conv300,7182,67439933000.0,81930881056.0
phi2_conv300,7183,67439933000.0,81938130548.0
phi2_conv300,7184,67439933000.0,81945429192.0
phi2_conv300,7185,67439933000.0,81952629532.0
phi2_conv300,7186,67439933000.0,81959488706.0
phi2_conv300,7187,67439933000.0,81966347880.0
phi2_conv300,7188,67439933000.0,81973207054.0
phi2_conv300,7189,67439933000.0,81980068276.0
phi2_conv300,7190,67439933000.0,81986978650.0
phi2_conv300,7191,67439933000.0,81993839872.0
phi2_conv300,7192,67439933000.0,82000797350.0
phi2_conv300,7193,67439933000.0,82007754828.0
phi2_conv300,7194,67439933000.0,82014712306.0
phi2_conv300,7195,67439933000.0,82021669784.0
phi2_conv300,7196,67439933000.0,82028627262.0
phi2_conv300,7197,67439933000.0,82035584740.0
phi2_conv300,7198,67439933000.0,82042301405.0
phi2_conv300,7199,67439933000.0,82049018070.0
phi2_conv300,7200,67439933000.0,82055685583.0
phi2_conv300,7201,67439933000.0,82062451400.0
phi2_conv300,7202,67439933000.0,82069118913.0
phi2_conv300,7203,67439933000.0,82075835578.0
phi2_conv300,7204,67439933000.0,82082552243.0
phi2_conv300,7205,67439933000.0,82089268908.0
phi2_conv300,7206,67439933000.0,82095936421.0
phi2_conv300,7207,67439933000.0,82102702238.0
phi2_conv300,7208,67439933000.0,82109369751.0
phi2_conv300,7209,67439933000.0,82115696097.0
phi2_conv300,7210,67439933000.0,82121973291.0
phi2_conv300,7211,67439933000.0,82128299637.0
phi2_conv300,7212,67439933000.0,82134527679.0
phi2_conv300,7213,67439933000.0,82140903177.0
phi2_conv300,7214,67439933000.0,82147131219.0
phi2_conv300,7215,67439933000.0,82153457565.0
phi2_conv300,7216,67439933000.0,82159734759.0
phi2_conv300,7217,67439933000.0,82166061105.0
phi2_conv300,7218,67439933000.0,82172289147.0
phi2_conv300,7219,67439933000.0,82178664645.0
phi2_conv300,7220,67439933000.0,82184939791.0
phi2_conv300,7221,67439933000.0,82191362393.0
phi2_conv300,7222,67439933000.0,82197686691.0
phi2_conv300,7223,67439933000.0,82204060141.0
phi2_conv300,7224,67439933000.0,82210384439.0
phi2_conv300,7225,67439933000.0,82216807041.0
phi2_conv300,7226,67439933000.0,82223082187.0
phi2_conv300,7227,67439933000.0,82229504789.0
phi2_conv300,7228,67439933000.0,82235878239.0
phi2_conv300,7229,67930409000.0,82324161739.0
phi2_conv300,7230,67930409000.0,82415425079.0
phi2_conv300,7231,67966089999.99999,82505479105.0
phi2_conv300,7232,67966089999.99999,82538777719.0
phi2_conv300,7233,67966089999.99999,82546076363.0
phi2_conv300,7234,67966089999.99999,82553325855.0
phi2_conv300,7235,67966089999.99999,82560575347.0
phi2_conv300,7236,67966089999.99999,82567775687.0
phi2_conv300,7237,67966089999.99999,82575123483.0
phi2_conv300,7238,67966089999.99999,82581984705.0
phi2_conv300,7239,67966089999.99999,82588993383.0
phi2_conv300,7240,67966089999.99999,82595952909.0
phi2_conv300,7241,67966089999.99999,82602912435.0
phi2_conv300,7242,67966089999.99999,82609822809.0
phi2_conv300,7243,67966089999.99999,82616880639.0
phi2_conv300,7244,67966089999.99999,82623741861.0
phi2_conv300,7245,67966089999.99999,82630750539.0
phi2_conv300,7246,67966089999.99999,82637710065.0
phi2_conv300,7247,67966089999.99999,82644669591.0
phi2_conv300,7248,67966089999.99999,82651189648.0
phi2_conv300,7249,67966089999.99999,82657808009.0
phi2_conv300,7250,67966089999.99999,82664328066.0
phi2_conv300,7251,67966089999.99999,82670897275.0
phi2_conv300,7252,67966089999.99999,82677515636.0
phi2_conv300,7253,67966089999.99999,82684035693.0
phi2_conv300,7254,67966089999.99999,82690604902.0
phi2_conv300,7255,67966089999.99999,82697223263.0
phi2_conv300,7256,67966089999.99999,82703743320.0
phi2_conv300,7257,67966089999.99999,82710312529.0
phi2_conv300,7258,67966089999.99999,82716930890.0
phi2_conv300,7259,67966089999.99999,82723450947.0
phi2_conv300,7260,67966089999.99999,82730020156.0
phi2_conv300,7261,67966089999.99999,82736199046.0
phi2_conv300,7262,67966089999.99999,82742279632.0
phi2_conv300,7263,67966089999.99999,82748409370.0
phi2_conv300,7264,67966089999.99999,82754588260.0
phi2_conv300,7265,67966089999.99999,82760668846.0
phi2_conv300,7266,67966089999.99999,82766798584.0
phi2_conv300,7267,67966089999.99999,82772977474.0
phi2_conv300,7268,67966089999.99999,82779058060.0
phi2_conv300,7269,67966089999.99999,82785236950.0
phi2_conv300,7270,67966089999.99999,82791415840.0
phi2_conv300,7271,67966089999.99999,82797496426.0
phi2_conv300,7272,67966089999.99999,82803675316.0
phi2_conv300,7273,67966089999.99999,82809854206.0
phi2_conv300,7274,67966089999.99999,82815934792.0
phi2_conv300,7275,67966089999.99999,82822113682.0
phi2_conv300,7276,67966089999.99999,82828292572.0
phi2_conv300,7277,67966089999.99999,82834373158.0
phi2_conv300,7278,67966089999.99999,82840552048.0
phi2_conv300,7279,67966089999.99999,82846780090.0
phi2_conv300,7280,67966089999.99999,82852860676.0
phi2_conv300,7281,67966089999.99999,82859088718.0
phi2_conv300,7282,67966089999.99999,82865267608.0
phi2_conv300,7283,67966089999.99999,82871446498.0
phi2_conv300,7284,67966089999.99999,82877625388.0
phi2_conv300,7285,67966089999.99999,82883853430.0
phi2_conv300,7286,67966089999.99999,82889983168.0
phi2_conv300,7287,67966089999.99999,82896211210.0
phi2_conv300,7288,67966089999.99999,82902390100.0
phi2_conv300,7289,67966089999.99999,82908618142.0
phi2_conv300,7290,67966089999.99999,82914797032.0
phi2_conv300,7291,67966089999.99999,82921074226.0
phi2_conv300,7292,67966089999.99999,82927203964.0
phi2_conv300,7293,67966089999.99999,82933481158.0
phi2_conv300,7294,67966089999.99999,82939660048.0
phi2_conv300,7295,67966089999.99999,82945497773.0
phi2_conv300,7296,67966089999.99999,82951239242.0
phi2_conv300,7297,67966089999.99999,82957128167.0
phi2_conv300,7298,67966089999.99999,82962820484.0
phi2_conv300,7299,67966089999.99999,82968709409.0
phi2_conv300,7300,68682209000.0,83056661741.0
phi2_conv300,7301,68682209000.0,83148005561.0
phi2_conv300,7302,68682209000.0,83168798454.0
phi2_conv300,7303,68682209000.0,83174834835.0
phi2_conv300,7304,68682209000.0,83180625456.0
phi2_conv300,7305,68682209000.0,83186661837.0
phi2_conv300,7306,68682209000.0,83192550762.0
phi2_conv300,7307,68682209000.0,83198194009.0
phi2_conv300,7308,68682209000.0,83203788104.0
phi2_conv300,7309,68682209000.0,83209529655.0
phi2_conv300,7310,68682209000.0,83215025446.0
phi2_conv300,7311,68682209000.0,83220766997.0
phi2_conv300,7312,68682209000.0,83226361092.0
phi2_conv300,7313,68682209000.0,83232004339.0
phi2_conv300,7314,68682209000.0,83237598434.0
phi2_conv300,7315,68682209000.0,83243339985.0
phi2_conv300,7316,68682209000.0,83248835776.0
phi2_conv300,7317,68682209000.0,83254577327.0
phi2_conv300,7318,68682209000.0,83260171422.0
phi2_conv300,7319,68682209000.0,83265814669.0
phi2_conv300,7320,68682209000.0,83271408764.0
phi2_conv300,7321,68682209000.0,83277150315.0
phi2_conv300,7322,68682209000.0,83282695258.0
phi2_conv300,7323,68682209000.0,83288436809.0
phi2_conv300,7324,68682209000.0,83294082104.0
phi2_conv300,7325,68682209000.0,83299727399.0
phi2_conv300,7326,68682209000.0,83305372694.0
phi2_conv300,7327,68682209000.0,83311116293.0
phi2_conv300,7328,68682209000.0,83316663284.0
phi2_conv300,7329,68682209000.0,83322406883.0
phi2_conv300,7330,68682209000.0,83328052178.0
phi2_conv300,7331,69017743000.0,83361044356.0
phi2_conv300,7332,69017743000.0,83366982433.0
phi2_conv300,7333,69017743000.0,83372969662.0
phi2_conv300,7334,69017743000.0,83378809435.0
phi2_conv300,7335,69017743000.0,83384796664.0
phi2_conv300,7336,69017743000.0,83390734741.0
phi2_conv300,7337,69017743000.0,83396623666.0
phi2_conv300,7338,69017743000.0,83402561743.0
phi2_conv300,7339,69017743000.0,83408548972.0
phi2_conv300,7340,69017743000.0,83414388745.0
phi2_conv300,7341,69017743000.0,83420375974.0
phi2_conv300,7342,69017743000.0,83426314051.0
phi2_conv300,7343,69017743000.0,83432202976.0
phi2_conv300,7344,69017743000.0,83437895375.0
phi2_conv300,7345,69017743000.0,83443636926.0
phi2_conv300,7346,69017743000.0,83449231021.0
phi2_conv300,7347,69017743000.0,83454972572.0
phi2_conv300,7348,69017743000.0,83460664971.0
phi2_conv300,7349,69017743000.0,83466308218.0
phi2_conv300,7350,69017743000.0,83472000617.0
phi2_conv300,7351,69017743000.0,83477742168.0
phi2_conv300,7352,69017743000.0,83483336263.0
phi2_conv300,7353,69017743000.0,83489077814.0
phi2_conv300,7354,69017743000.0,83494770213.0
phi2_conv300,7355,69017743000.0,83500462612.0
phi2_conv300,7356,69017743000.0,83506155011.0
phi2_conv300,7357,69017743000.0,83511945714.0
phi2_conv300,7358,69017743000.0,83517539809.0
phi2_conv300,7359,69017743000.0,83523379664.0
phi2_conv300,7360,69017743000.0,83529074111.0
phi2_conv300,7361,69017743000.0,83534817710.0
phi2_conv300,7362,69017743000.0,83540561309.0
phi2_conv300,7363,69017743000.0,83546403212.0
phi2_conv300,7364,69017743000.0,83552048507.0
phi2_conv300,7365,69017743000.0,83557890410.0
phi2_conv300,7366,69017743000.0,83563634009.0
phi2_conv300,7367,69017743000.0,83569377608.0
phi2_conv300,7368,69017743000.0,83575121207.0
phi2_conv300,7369,69017743000.0,83580963110.0
phi2_conv300,7370,69017743000.0,83586608405.0
phi2_conv300,7371,69017743000.0,83592450308.0
phi2_conv300,7372,69017743000.0,83598193907.0
phi2_conv300,7373,69017743000.0,83603937506.0
phi2_conv300,7374,69017743000.0,83609681105.0
phi2_conv300,7375,69017743000.0,83615523008.0
phi2_conv300,7376,69017743000.0,83621168303.0
phi2_conv300,7377,69017743000.0,83627010206.0
phi2_conv300,7378,69017743000.0,83632753805.0
phi2_conv300,7379,69017743000.0,83638497404.0
phi2_conv300,7380,69017743000.0,83644241003.0
phi2_conv300,7381,69017743000.0,83650082906.0
phi2_conv300,7382,69017743000.0,83655728201.0
phi2_conv300,7383,69017743000.0,83661570104.0
phi2_conv300,7384,69017743000.0,83667313703.0
phi2_conv300,7385,69017743000.0,83673057302.0
phi2_conv300,7386,69017743000.0,83678800901.0
phi2_conv300,7387,69017743000.0,83684642804.0
phi2_conv300,7388,69017743000.0,83690288099.0
phi2_conv300,7389,69017743000.0,83696130002.0
phi2_conv300,7390,69017743000.0,83701873601.0
phi2_conv300,7391,69017743000.0,83707666352.0
phi2_conv300,7392,69017743000.0,83713409951.0
phi2_conv300,7393,69017743000.0,83718880163.0
phi2_conv300,7394,69017743000.0,83724170846.0
phi2_conv300,7395,69017743000.0,83729559833.0
phi2_conv300,7396,69017743000.0,83734899668.0
phi2_conv300,7397,69017743000.0,83740239503.0
phi2_conv300,7398,69017743000.0,83745579338.0
phi2_conv300,7399,69017743000.0,83750968325.0
phi2_conv300,7400,69017743000.0,83756259008.0
phi2_conv300,7401,69017743000.0,83761647995.0
phi2_conv300,7402,69017743000.0,83766987830.0
phi2_conv300,7403,69017743000.0,83772098984.0
phi2_conv300,7404,69017743000.0,83777210138.0
phi2_conv300,7405,69017743000.0,83782370444.0
phi2_conv300,7406,69017743000.0,83787432446.0
phi2_conv300,7407,69017743000.0,83792592752.0
phi2_conv300,7408,69017743000.0,83797703906.0
phi2_conv300,7409,69017743000.0,83802815060.0
phi2_conv300,7410,69017743000.0,83807926214.0
phi2_conv300,7411,69017743000.0,83813086520.0
phi2_conv300,7412,69017743000.0,83818148522.0
phi2_conv300,7413,69017743000.0,83823308828.0
phi2_conv300,7414,69017743000.0,83827907395.0
phi2_conv300,7415,69017743000.0,83832505962.0
phi2_conv300,7416,69017743000.0,83837104529.0
phi2_conv300,7417,69017743000.0,83841801400.0
phi2_conv300,7418,69017743000.0,83846350815.0
phi2_conv300,7419,69017743000.0,83851047686.0
phi2_conv300,7420,69017743000.0,83855646253.0
phi2_conv300,7421,69017743000.0,83860293972.0
phi2_conv300,7422,69017743000.0,83864892539.0
phi2_conv300,7423,69017743000.0,83869589410.0
phi2_conv300,7424,69017743000.0,83874138825.0
phi2_conv300,7425,69017743000.0,83878835696.0
phi2_conv300,7426,69017743000.0,83883434263.0
phi2_conv300,7427,69017743000.0,83888081982.0
phi2_conv300,7428,69017743000.0,83892680549.0
phi2_conv300,7429,69017743000.0,83897377420.0
phi2_conv300,7430,69017743000.0,83901926835.0
phi2_conv300,7431,69017743000.0,83906623706.0
phi2_conv300,7432,69017743000.0,83911222273.0
phi2_conv300,7433,69017743000.0,83915869992.0
phi2_conv300,7434,69017743000.0,83920468559.0
phi2_conv300,7435,69017743000.0,83925165430.0
phi2_conv300,7436,69017743000.0,83929714845.0
phi2_conv300,7437,69017743000.0,83934411716.0
phi2_conv300,7438,69017743000.0,83939010283.0
phi2_conv300,7439,69017743000.0,83943658002.0
phi2_conv300,7440,69017743000.0,83948256569.0
phi2_conv300,7441,69017743000.0,83952953440.0
phi2_conv300,7442,69017743000.0,83957502855.0
phi2_conv300,7443,69017743000.0,83962199726.0
phi2_conv300,7444,69017743000.0,83966798293.0
phi2_conv300,7445,70095865000.0,84053935137.0
phi2_conv300,7446,70095865000.0,84139961193.0
phi2_conv300,7447,70095865000.0,84144841617.0
phi2_conv300,7448,70095865000.0,84149623737.0
phi2_conv300,7449,70095865000.0,84154504161.0
phi2_conv300,7450,70095865000.0,84159286281.0
phi2_conv300,7451,70095865000.0,84164166705.0
phi2_conv300,7452,70095865000.0,84168948825.0
phi2_conv300,7453,70095865000.0,84173829249.0
phi2_conv300,7454,70095865000.0,84178611369.0
phi2_conv300,7455,70095865000.0,84183491793.0
phi2_conv300,7456,70095865000.0,84188273913.0
phi2_conv300,7457,70095865000.0,84193154337.0
phi2_conv300,7458,70095865000.0,84197936457.0
phi2_conv300,7459,70095865000.0,84202816881.0
phi2_conv300,7460,70095865000.0,84207599001.0
phi2_conv300,7461,70095865000.0,84212479425.0
phi2_conv300,7462,70095865000.0,84217261545.0
phi2_conv300,7463,70095865000.0,84222141969.0
phi2_conv300,7464,70095865000.0,84226924089.0
phi2_conv300,7465,70287471000.0,84314281937.0
phi2_conv300,7466,70287471000.0,84404860265.0
phi2_conv300,7467,70287471000.0,84499346177.0
phi2_conv300,7468,70287471000.0,84597076121.0
phi2_conv300,7469,70287471000.0,84638324119.0
phi2_conv300,7470,70287471000.0,84643521289.0
phi2_conv300,7471,70287471000.0,84648500017.0
phi2_conv300,7472,70287471000.0,84653429593.0
phi2_conv300,7473,70287471000.0,84658496385.0
phi2_conv300,7474,70287471000.0,84663376809.0
phi2_conv300,7475,70287471000.0,84668443601.0
phi2_conv300,7476,70287471000.0,84673412089.0
phi2_conv300,7477,70457950000.0,84738529299.0
phi2_conv300,7478,70457950000.0,84743579013.0
phi2_conv300,7479,70457950000.0,84748688119.0
phi2_conv300,7480,70457950000.0,84753649769.0
phi2_conv300,7481,70457950000.0,84758797787.0
phi2_conv300,7482,70457950000.0,84763847501.0
phi2_conv300,7483,70457950000.0,84768907455.0
phi2_conv300,7484,70457950000.0,84773957169.0
phi2_conv300,7485,70457950000.0,84779105187.0
phi2_conv300,7486,70457950000.0,84784066837.0
phi2_conv300,7487,70457950000.0,84789214855.0
phi2_conv300,7488,70457950000.0,84794315769.0
phi2_conv300,7489,70457950000.0,84799377771.0
phi2_conv300,7490,70457950000.0,84804478685.0
phi2_conv300,7491,70457950000.0,84809165316.0
phi2_conv300,7492,70457950000.0,84813616427.0
phi2_conv300,7493,70457950000.0,84818264146.0
phi2_conv300,7494,70457950000.0,84822852473.0
phi2_conv300,7495,70457950000.0,84827401888.0
phi2_conv300,7496,70457950000.0,84831990215.0
phi2_conv300,7497,70457950000.0,84836676846.0
phi2_conv300,7498,70457950000.0,84841127957.0
phi2_conv300,7499,70457950000.0,84845814588.0
phi2_conv300,7500,70457950000.0,84850364003.0
phi2_conv300,7501,70457950000.0,84854913418.0
phi2_conv300,7502,70457950000.0,84859501745.0
phi2_conv300,7503,70457950000.0,84864188376.0
phi2_conv300,7504,70457950000.0,84868410806.0
phi2_conv300,7505,70457950000.0,84872819604.0
phi2_conv300,7506,70457950000.0,84877179250.0
phi2_conv300,7507,70457950000.0,84881450832.0
phi2_conv300,7508,70457950000.0,84885810478.0
phi2_conv300,7509,70457950000.0,84890237708.0
phi2_conv300,7510,70457950000.0,84894460138.0
phi2_conv300,7511,70457950000.0,84898934472.0
phi2_conv300,7512,70457950000.0,84903351462.0
phi2_conv300,7513,70457950000.0,84907670148.0
phi2_conv300,7514,70457950000.0,84911956057.0
phi2_conv300,7515,70457950000.0,84916348462.0
phi2_conv300,7516,70457950000.0,84920536067.0
phi2_conv300,7517,70457950000.0,84924928472.0
phi2_conv300,7518,70457950000.0,84929263533.0
phi2_conv300,7519,70457950000.0,84933500290.0
phi2_conv300,7520,70457950000.0,84937835351.0
phi2_conv300,7521,70457950000.0,84942170412.0
phi2_conv300,7522,70457950000.0,84946358017.0
phi2_conv300,7523,70457950000.0,84950750422.0
phi2_conv300,7524,70457950000.0,84955085483.0
phi2_conv300,7525,70457950000.0,84959322240.0
phi2_conv300,7526,70457950000.0,84963657301.0
phi2_conv300,7527,70457950000.0,84968049706.0
phi2_conv300,7528,70457950000.0,84972237311.0
phi2_conv300,7529,70913521000.0,85059124093.0
phi2_conv300,7530,70913521000.0,85149230331.0
phi2_conv300,7531,70913521000.0,85153587088.0
phi2_conv300,7532,70913521000.0,85157971301.0
phi2_conv300,7533,70977717000.0,85181337827.0
phi2_conv300,7534,70977717000.0,85185654465.0
phi2_conv300,7535,70977717000.0,85190118559.0
phi2_conv300,7536,70977717000.0,85194633853.0
phi2_conv300,7537,70977717000.0,85199001691.0
phi2_conv300,7538,70977717000.0,85203516985.0
phi2_conv300,7539,70977717000.0,85208089623.0
phi2_conv300,7540,70977717000.0,85212408309.0
phi2_conv300,7541,70977717000.0,85216751562.0
phi2_conv300,7542,70977717000.0,85220939167.0
phi2_conv300,7543,70977717000.0,85225077620.0
phi2_conv300,7544,70977717000.0,85229314377.0
phi2_conv300,7545,70977717000.0,85233657630.0
phi2_conv300,7546,70977717000.0,85237697779.0
phi2_conv300,7547,70977717000.0,85242041032.0
phi2_conv300,7548,70977717000.0,85246277789.0
phi2_conv300,7549,70977717000.0,85250416242.0
phi2_conv300,7550,70977717000.0,85254652999.0
phi2_conv300,7551,70977717000.0,85258996252.0
phi2_conv300,7552,70977717000.0,85263036401.0
phi2_conv300,7553,70977717000.0,85267379654.0
phi2_conv300,7554,70977717000.0,85271616411.0
phi2_conv300,7555,70977717000.0,85275754864.0
phi2_conv300,7556,70977717000.0,85279562836.0
phi2_conv300,7557,70977717000.0,85283469112.0
phi2_conv300,7558,70977717000.0,85287178780.0
phi2_conv300,7559,70977717000.0,85291085056.0
phi2_conv300,7560,70977717000.0,85294893028.0
phi2_conv300,7561,70977717000.0,85298701000.0
phi2_conv300,7562,70977717000.0,85302508972.0
phi2_conv300,7563,70977717000.0,85306415248.0
phi2_conv300,7564,70977717000.0,85310124916.0
phi2_conv300,7565,70977717000.0,85314031192.0
phi2_conv300,7566,70977717000.0,85317839164.0
phi2_conv300,7567,70977717000.0,85321647136.0
phi2_conv300,7568,70977717000.0,85325455108.0
phi2_conv300,7569,70977717000.0,85329361384.0
phi2_conv300,7570,70977717000.0,85333071052.0
phi2_conv300,7571,70977717000.0,85336977328.0
phi2_conv300,7572,70977717000.0,85340785300.0
phi2_conv300,7573,70977717000.0,85344593272.0
phi2_conv300,7574,70977717000.0,85348401244.0
phi2_conv300,7575,70977717000.0,85352307520.0
phi2_conv300,7576,70977717000.0,85356017188.0
phi2_conv300,7577,70977717000.0,85359923464.0
phi2_conv300,7578,70977717000.0,85363731436.0
phi2_conv300,7579,70977717000.0,85367588560.0
phi2_conv300,7580,70977717000.0,85371396532.0
phi2_conv300,7581,70977717000.0,85375351960.0
phi2_conv300,7582,70977717000.0,85379061628.0
phi2_conv300,7583,70977717000.0,85383017056.0
phi2_conv300,7584,70977717000.0,85386825028.0
phi2_conv300,7585,70977717000.0,85390682152.0
phi2_conv300,7586,70977717000.0,85394490124.0
phi2_conv300,7587,70977717000.0,85398445552.0
phi2_conv300,7588,70977717000.0,85402155220.0
phi2_conv300,7589,70977717000.0,85406110648.0
phi2_conv300,7590,70977717000.0,85409918620.0
phi2_conv300,7591,70977717000.0,85413775744.0
phi2_conv300,7592,70977717000.0,85417583716.0
phi2_conv300,7593,70977717000.0,85421539144.0
phi2_conv300,7594,70977717000.0,85425248812.0
phi2_conv300,7595,70977717000.0,85429204240.0
phi2_conv300,7596,70977717000.0,85433012212.0
phi2_conv300,7597,70977717000.0,85436869336.0
phi2_conv300,7598,70977717000.0,85440677308.0
phi2_conv300,7599,70977717000.0,85444632736.0
phi2_conv300,7600,70977717000.0,85448342404.0
phi2_conv300,7601,70977717000.0,85452297832.0
phi2_conv300,7602,70977717000.0,85456105804.0
phi2_conv300,7603,70977717000.0,85459962928.0
phi2_conv300,7604,70977717000.0,85463770900.0
phi2_conv300,7605,70977717000.0,85467726328.0
phi2_conv300,7606,70977717000.0,85471435996.0
phi2_conv300,7607,70977717000.0,85475393472.0
phi2_conv300,7608,70977717000.0,85479203492.0
phi2_conv300,7609,70977717000.0,85483062664.0
phi2_conv300,7610,70977717000.0,85486872684.0
phi2_conv300,7611,70977717000.0,85490830160.0
phi2_conv300,7612,70977717000.0,85494541876.0
phi2_conv300,7613,70977717000.0,85498499352.0
phi2_conv300,7614,71553215000.0,85584810828.0
phi2_conv300,7615,71553215000.0,85674498432.0
phi2_conv300,7616,71553215000.0,85700638437.0
phi2_conv300,7617,71553215000.0,85704778938.0
phi2_conv300,7618,71553215000.0,85708722831.0
phi2_conv300,7619,71553215000.0,85712912484.0
phi2_conv300,7620,71553215000.0,85716905529.0
phi2_conv300,7621,71553215000.0,85720996878.0
phi2_conv300,7622,71553215000.0,85725039075.0
phi2_conv300,7623,71553215000.0,85729179576.0
phi2_conv300,7624,71553215000.0,85733123469.0
phi2_conv300,7625,71553215000.0,85737313122.0
phi2_conv300,7626,71553215000.0,85741306167.0
phi2_conv300,7627,71553215000.0,85745397516.0
phi2_conv300,7628,71553215000.0,85749488865.0
phi2_conv300,7629,71553215000.0,85753629366.0
phi2_conv300,7630,71553215000.0,85757622411.0
phi2_conv300,7631,71553215000.0,85761812064.0
phi2_conv300,7632,71553215000.0,85765903413.0
phi2_conv300,7633,71553215000.0,85769994762.0
phi2_conv300,7634,71553215000.0,85774135263.0
phi2_conv300,7635,71553215000.0,85778275764.0
phi2_conv300,7636,71553215000.0,85782317961.0
phi2_conv300,7637,71553215000.0,85786507614.0
phi2_conv300,7638,71553215000.0,85790598963.0
phi2_conv300,7639,71553215000.0,85794690312.0
phi2_conv300,7640,71553215000.0,85798830813.0
phi2_conv300,7641,71553215000.0,85802410465.0
phi2_conv300,7642,71553215000.0,85805891813.0
phi2_conv300,7643,71553215000.0,85809520617.0
phi2_conv300,7644,71553215000.0,85813051117.0
phi2_conv300,7645,71553215000.0,85816581617.0
phi2_conv300,7646,71553215000.0,85820161269.0
phi2_conv300,7647,71553215000.0,85823740921.0
phi2_conv300,7648,71553215000.0,85827222269.0
phi2_conv300,7649,71553215000.0,85830851073.0
phi2_conv300,7650,71553215000.0,85834381573.0
phi2_conv300,7651,71553215000.0,85837912073.0
phi2_conv300,7652,71553215000.0,85841491725.0
phi2_conv300,7653,71553215000.0,85845071377.0
phi2_conv300,7654,71553215000.0,85848552725.0
phi2_conv300,7655,71553215000.0,85852181529.0
phi2_conv300,7656,71553215000.0,85855712029.0
phi2_conv300,7657,71553215000.0,85859242529.0
phi2_conv300,7658,71553215000.0,85862822181.0
phi2_conv300,7659,71553215000.0,85866401833.0
phi2_conv300,7660,71553215000.0,85869883181.0
phi2_conv300,7661,71553215000.0,85873511985.0
phi2_conv300,7662,71926622000.0,85959356658.0
phi2_conv300,7663,71926622000.0,86048337843.0
phi2_conv300,7664,71926622000.0,86061381879.0
phi2_conv300,7665,71926622000.0,86065142747.0
phi2_conv300,7666,71926622000.0,86068854463.0
phi2_conv300,7667,71926622000.0,86072713635.0
phi2_conv300,7668,71926622000.0,86076425351.0
phi2_conv300,7669,71926622000.0,86080186219.0
phi2_conv300,7670,71926622000.0,86083996239.0
phi2_conv300,7671,71926622000.0,86087757107.0
phi2_conv300,7672,71926622000.0,86091468823.0
phi2_conv300,7673,71926622000.0,86095327995.0
phi2_conv300,7674,71926622000.0,86099039711.0
phi2_conv300,7675,71926622000.0,86102800579.0
phi2_conv300,7676,71926622000.0,86106610599.0
phi2_conv300,7677,71926622000.0,86110371467.0
phi2_conv300,7678,71926622000.0,86114083183.0
phi2_conv300,7679,71926622000.0,86117942355.0
phi2_conv300,7680,71926622000.0,86121423703.0
phi2_conv300,7681,71926622000.0,86124905051.0
phi2_conv300,7682,71926622000.0,86128484703.0
phi2_conv300,7683,71926622000.0,86131966051.0
phi2_conv300,7684,71926622000.0,86135447399.0
phi2_conv300,7685,71926622000.0,86139027051.0
phi2_conv300,7686,71926622000.0,86142508399.0
phi2_conv300,7687,71926622000.0,86145989747.0
phi2_conv300,7688,71926622000.0,86149569399.0
phi2_conv300,7689,71926622000.0,86153050747.0
phi2_conv300,7690,71926622000.0,86156581247.0
phi2_conv300,7691,71926622000.0,86160160899.0
phi2_conv300,7692,71926622000.0,86163642247.0
phi2_conv300,7693,71926622000.0,86167172747.0
phi2_conv300,7694,71926622000.0,86170752399.0
phi2_conv300,7695,71926622000.0,86174282899.0
phi2_conv300,7696,71926622000.0,86177813399.0
phi2_conv300,7697,71926622000.0,86181393051.0
phi2_conv300,7698,71926622000.0,86184923551.0
phi2_conv300,7699,71926622000.0,86188454051.0
phi2_conv300,7700,71926622000.0,86192033703.0
phi2_conv300,7701,71926622000.0,86195564203.0
phi2_conv300,7702,71926622000.0,86199094703.0
phi2_conv300,7703,71926622000.0,86202674355.0
phi2_conv300,7704,71926622000.0,86206204855.0
phi2_conv300,7705,71926622000.0,86209735355.0
phi2_conv300,7706,71926622000.0,86213315007.0
phi2_conv300,7707,71926622000.0,86216845507.0
phi2_conv300,7708,71926622000.0,86220376007.0
phi2_conv300,7709,71926622000.0,86223955659.0
phi2_conv300,7710,72258986000.0,86309800332.0
phi2_conv300,7711,72258986000.0,86376082430.0
phi2_conv300,7712,72258986000.0,86379841250.0
phi2_conv300,7713,72258986000.0,86383550918.0
phi2_conv300,7714,72258986000.0,86387260586.0
phi2_conv300,7715,72258986000.0,86391019406.0
phi2_conv300,7716,72258986000.0,86394729074.0
phi2_conv300,7717,72258986000.0,86398438742.0
phi2_conv300,7718,72258986000.0,86402197562.0
phi2_conv300,7719,72258986000.0,86405907230.0
phi2_conv300,7720,72258986000.0,86409616898.0
phi2_conv300,7721,72258986000.0,86413375718.0
phi2_conv300,7722,72258986000.0,86417085386.0
phi2_conv300,7723,72258986000.0,86420795054.0
phi2_conv300,7724,72258986000.0,86424553874.0
phi2_conv300,7725,72258986000.0,86428263542.0
phi2_conv300,7726,72258986000.0,86431973210.0
phi2_conv300,7727,72258986000.0,86435732030.0
phi2_conv300,7728,72258986000.0,86439441698.0
phi2_conv300,7729,72258986000.0,86443151366.0
phi2_conv300,7730,72258986000.0,86446910186.0
phi2_conv300,7731,72258986000.0,86450619854.0
phi2_conv300,7732,72258986000.0,86454329522.0
phi2_conv300,7733,72258986000.0,86458088342.0
phi2_conv300,7734,72258986000.0,86461798010.0
phi2_conv300,7735,72258986000.0,86465507678.0
phi2_conv300,7736,72258986000.0,86469266498.0
phi2_conv300,7737,72258986000.0,86472976166.0
phi2_conv300,7738,72463206000.0,86502141587.0
phi2_conv300,7739,72463206000.0,86505898359.0
phi2_conv300,7740,72463206000.0,86509605979.0
phi2_conv300,7741,72463206000.0,86513362751.0
phi2_conv300,7742,72463206000.0,86517119523.0
phi2_conv300,7743,72463206000.0,86520827143.0
phi2_conv300,7744,72463206000.0,86524583915.0
phi2_conv300,7745,72463206000.0,86528340687.0
phi2_conv300,7746,72463206000.0,86532048307.0
phi2_conv300,7747,72463206000.0,86535805079.0
phi2_conv300,7748,72463206000.0,86539561851.0
phi2_conv300,7749,72463206000.0,86543269471.0
phi2_conv300,7750,72463206000.0,86547026243.0
phi2_conv300,7751,72463206000.0,86550783015.0
phi2_conv300,7752,72463206000.0,86554490635.0
phi2_conv300,7753,72463206000.0,86558247407.0
phi2_conv300,7754,72463206000.0,86562004179.0
phi2_conv300,7755,72463206000.0,86565711799.0
phi2_conv300,7756,72463206000.0,86569468571.0
phi2_conv300,7757,72463206000.0,86573225343.0
phi2_conv300,7758,72463206000.0,86576932963.0
phi2_conv300,7759,72463206000.0,86580689735.0
phi2_conv300,7760,72463206000.0,86584446507.0
phi2_conv300,7761,72463206000.0,86588154127.0
phi2_conv300,7762,72463206000.0,86591910899.0
phi2_conv300,7763,72463206000.0,86595667671.0
phi2_conv300,7764,72463206000.0,86599375291.0
phi2_conv300,7765,72463206000.0,86603132063.0
phi2_conv300,7766,72463206000.0,86606888835.0
phi2_conv300,7767,72463206000.0,86610596455.0
phi2_conv300,7768,72463206000.0,86614353227.0
phi2_conv300,7769,72463206000.0,86618112047.0
phi2_conv300,7770,72463206000.0,86621821715.0
phi2_conv300,7771,72463206000.0,86625580535.0
phi2_conv300,7772,72686339000.0,86711840811.0
phi2_conv300,7773,72686339000.0,86801378911.0
phi2_conv300,7774,72686339000.0,86818007220.0
phi2_conv300,7775,72686339000.0,86821998217.0
phi2_conv300,7776,72686339000.0,86825940062.0
phi2_conv300,7777,72686339000.0,86829881907.0
phi2_conv300,7778,72686339000.0,86833872904.0
phi2_conv300,7779,72686339000.0,86837814749.0
phi2_conv300,7780,72772330000.0,86924250971.0
phi2_conv300,7781,72772330000.0,87012473448.0
phi2_conv300,7782,72772330000.0,87016593478.0
phi2_conv300,7783,72772330000.0,87020713508.0
phi2_conv300,7784,72772330000.0,87024882690.0
phi2_conv300,7785,72772330000.0,87029002720.0
phi2_conv300,7786,72772330000.0,87033122750.0
phi2_conv300,7787,72772330000.0,87037291932.0
phi2_conv300,7788,72772330000.0,87041411962.0
phi2_conv300,7789,72772330000.0,87045531992.0
phi2_conv300,7790,72772330000.0,87049701174.0
phi2_conv300,7791,72772330000.0,87053821204.0
phi2_conv300,7792,72772330000.0,87057941234.0
phi2_conv300,7793,72772330000.0,87062110416.0
phi2_conv300,7794,72772330000.0,87066230446.0
phi2_conv300,7795,72772330000.0,87070350476.0
phi2_conv300,7796,72772330000.0,87074519658.0
phi2_conv300,7797,72772330000.0,87078639688.0
phi2_conv300,7798,72772330000.0,87082759718.0
phi2_conv300,7799,72772330000.0,87086928900.0
phi2_conv300,7800,72772330000.0,87091048930.0
phi2_conv300,7801,72772330000.0,87095168960.0
phi2_conv300,7802,72772330000.0,87099338142.0
phi2_conv300,7803,72772330000.0,87103458172.0
phi2_conv300,7804,72772330000.0,87107629402.0
phi2_conv300,7805,72772330000.0,87111800632.0
phi2_conv300,7806,72772330000.0,87115971862.0
phi2_conv300,7807,72772330000.0,87120143092.0
phi2_conv300,7808,72772330000.0,87124314322.0
phi2_conv300,7809,72772330000.0,87128485552.0
phi2_conv300,7810,72772330000.0,87132656782.0
phi2_conv300,7811,72772330000.0,87136828012.0
phi2_conv300,7812,72772330000.0,87141048394.0
phi2_conv300,7813,72772330000.0,87145219624.0
phi2_conv300,7814,72772330000.0,87149390854.0
phi2_conv300,7815,73069107000.0,87216594916.0
phi2_conv300,7816,73069107000.0,87220847371.0
phi2_conv300,7817,73069107000.0,87225099826.0
phi2_conv300,7818,73069107000.0,87229401433.0
phi2_conv300,7819,73069107000.0,87233653888.0
phi2_conv300,7820,73069107000.0,87237906343.0
phi2_conv300,7821,73069107000.0,87242207950.0
phi2_conv300,7822,73139437000.0,87328900378.0
phi2_conv300,7823,73139437000.0,87418866534.0
phi2_conv300,7824,73139437000.0,87512719794.0
phi2_conv300,7825,73139437000.0,87609748478.0
phi2_conv300,7826,73139437000.0,87710682698.0
phi2_conv300,7827,73139437000.0,87814890646.0
phi2_conv300,7828,73139437000.0,87922909922.0
phi2_conv300,7829,73139437000.0,88034202926.0
phi2_conv300,7830,73188991000.0,88122670726.0
phi2_conv300,7831,73188991000.0,88213298206.0
phi2_conv300,7832,73284651000.0,88300829185.0
phi2_conv300,7833,73284651000.0,88391136036.0
phi2_conv300,7834,73284651000.0,88425823284.0
phi2_conv300,7835,73284651000.0,88431109871.0
phi2_conv300,7836,73284651000.0,88436494762.0
phi2_conv300,7837,73284651000.0,88441781349.0
phi2_conv300,7838,73284651000.0,88447067936.0
phi2_conv300,7839,73284651000.0,88452452827.0
phi2_conv300,7840,73284651000.0,88457739414.0
phi2_conv300,7841,73284651000.0,88463026001.0
phi2_conv300,7842,73284651000.0,88468410892.0
phi2_conv300,7843,73501684000.0,88556167865.0
phi2_conv300,7844,73501684000.0,88646795110.0
phi2_conv300,7845,73501684000.0,88663889802.0
phi2_conv300,7846,73501684000.0,88669405070.0
phi2_conv300,7847,73501684000.0,88674920338.0
phi2_conv300,7848,73501684000.0,88680484758.0
phi2_conv300,7849,73501684000.0,88686000026.0
phi2_conv300,7850,73501684000.0,88691515294.0
phi2_conv300,7851,73501684000.0,88697079714.0
phi2_conv300,7852,73501684000.0,88702646182.0
phi2_conv300,7853,73501684000.0,88708163498.0
phi2_conv300,7854,73501684000.0,88713779118.0
phi2_conv300,7855,73501684000.0,88719345586.0
phi2_conv300,7856,73501684000.0,88724862902.0
phi2_conv300,7857,73501684000.0,88730478522.0
phi2_conv300,7858,73501684000.0,88736044990.0
phi2_conv300,7859,73501684000.0,88741562306.0
phi2_conv300,7860,73501684000.0,88747177926.0
phi2_conv300,7861,73501684000.0,88752744394.0
phi2_conv300,7862,73501684000.0,88758261710.0
phi2_conv300,7863,73501684000.0,88763877330.0
phi2_conv300,7864,73501684000.0,88769443798.0
phi2_conv300,7865,73501684000.0,88774961114.0
phi2_conv300,7866,73501684000.0,88780576734.0
phi2_conv300,7867,73501684000.0,88786143202.0
phi2_conv300,7868,73501684000.0,88791136925.0
phi2_conv300,7869,73501684000.0,88796228952.0
phi2_conv300,7870,73501684000.0,88801271827.0
phi2_conv300,7871,73501684000.0,88806265550.0
phi2_conv300,7872,73501684000.0,88811406729.0
phi2_conv300,7873,73501684000.0,88816449604.0
phi2_conv300,7874,73501684000.0,88821492479.0
phi2_conv300,7875,73501684000.0,88826355825.0
phi2_conv300,7876,73501684000.0,88831170019.0
phi2_conv300,7877,73501684000.0,88835935061.0
phi2_conv300,7878,73841563000.0,88923061368.0
phi2_conv300,7879,73841563000.0,89008156918.0
phi2_conv300,7880,73841563000.0,89013099441.0
phi2_conv300,7881,73841563000.0,89018140268.0
phi2_conv300,7882,73841563000.0,89023131943.0
phi2_conv300,7883,73841563000.0,89028074466.0
phi2_conv300,7884,73841563000.0,89033115293.0
phi2_conv300,7885,73841563000.0,89038106968.0
phi2_conv300,7886,73841563000.0,89043049491.0
phi2_conv300,7887,73841563000.0,89048090318.0
phi2_conv300,7888,73841563000.0,89053081993.0
phi2_conv300,7889,73841563000.0,89058024516.0
phi2_conv300,7890,73841563000.0,89063065343.0
phi2_conv300,7891,73841563000.0,89068057018.0
phi2_conv300,7892,73841563000.0,89072999541.0
phi2_conv300,7893,73841563000.0,89078040368.0
phi2_conv300,7894,73841563000.0,89083032043.0
phi2_conv300,7895,74006953000.0,89170444952.0
phi2_conv300,7896,74006953000.0,89260826437.0
phi2_conv300,7897,74046995000.0,89348324786.0
phi2_conv300,7898,74046995000.0,89438102239.0
phi2_conv300,7899,74046995000.0,89456722273.0
phi2_conv300,7900,74046995000.0,89462132707.0
phi2_conv300,7901,74046995000.0,89467444837.0
phi2_conv300,7902,74046995000.0,89472904423.0
phi2_conv300,7903,74046995000.0,89478314857.0
phi2_conv300,7904,74046995000.0,89483626987.0
phi2_conv300,7905,74046995000.0,89489086573.0
phi2_conv300,7906,74046995000.0,89494546159.0
phi2_conv300,7907,74046995000.0,89499858289.0
phi2_conv300,7908,74046995000.0,89505176949.0
phi2_conv300,7909,74046995000.0,89510495609.0
phi2_conv300,7910,74046995000.0,89515666813.0
phi2_conv300,7911,74046995000.0,89520985473.0
phi2_conv300,7912,74046995000.0,89526304133.0
phi2_conv300,7913,74046995000.0,89531475337.0
phi2_conv300,7914,74046995000.0,89536793997.0
phi2_conv300,7915,74046995000.0,89542112657.0
phi2_conv300,7916,74046995000.0,89547283861.0
phi2_conv300,7917,74046995000.0,89552602521.0
phi2_conv300,7918,74046995000.0,89557921181.0
phi2_conv300,7919,74046995000.0,89563092385.0
phi2_conv300,7920,74046995000.0,89568411045.0
phi2_conv300,7921,74046995000.0,89573729705.0
phi2_conv300,7922,74046995000.0,89578900909.0
phi2_conv300,7923,74046995000.0,89584219569.0
phi2_conv300,7924,74046995000.0,89589538229.0
phi2_conv300,7925,74046995000.0,89594709433.0
phi2_conv300,7926,74046995000.0,89600028093.0
phi2_conv300,7927,74046995000.0,89605346753.0
phi2_conv300,7928,74046995000.0,89610517957.0
phi2_conv300,7929,74046995000.0,89615836617.0
phi2_conv300,7930,74046995000.0,89621155277.0
phi2_conv300,7931,74046995000.0,89626377681.0
phi2_conv300,7932,74046995000.0,89631698389.0
phi2_conv300,7933,74046995000.0,89637068249.0
phi2_conv300,7934,74046995000.0,89642290653.0
phi2_conv300,7935,74046995000.0,89647611361.0
phi2_conv300,7936,74046995000.0,89652981221.0
phi2_conv300,7937,74046995000.0,89658203625.0
phi2_conv300,7938,74046995000.0,89663524333.0
phi2_conv300,7939,74046995000.0,89668894193.0
phi2_conv300,7940,74046995000.0,89674116597.0
phi2_conv300,7941,74046995000.0,89679437305.0
phi2_conv300,7942,74046995000.0,89684807165.0
phi2_conv300,7943,74046995000.0,89690080769.0
phi2_conv300,7944,74046995000.0,89695125692.0
phi2_conv300,7945,74046995000.0,89700318071.0
phi2_conv300,7946,74046995000.0,89705362994.0
phi2_conv300,7947,74046995000.0,89710457069.0
phi2_conv300,7948,74046995000.0,89715649448.0
phi2_conv300,7949,74046995000.0,89720694371.0
phi2_conv300,7950,74046995000.0,89725788446.0
phi2_conv300,7951,74046995000.0,89730980825.0
phi2_conv300,7952,74046995000.0,89736025748.0
phi2_conv300,7953,74046995000.0,89741119823.0
phi2_conv300,7954,74046995000.0,89746312202.0
phi2_conv300,7955,74046995000.0,89751275900.0
phi2_conv300,7956,74046995000.0,89756288750.0
phi2_conv300,7957,74046995000.0,89761399904.0
phi2_conv300,7958,74046995000.0,89766363602.0
phi2_conv300,7959,74046995000.0,89771376452.0
phi2_conv300,7960,74046995000.0,89776487606.0
phi2_conv300,7961,74046995000.0,89781451304.0
phi2_conv300,7962,74046995000.0,89786464154.0
phi2_conv300,7963,74046995000.0,89791575308.0
phi2_conv300,7964,74046995000.0,89796539006.0
phi2_conv300,7965,74046995000.0,89801551856.0
phi2_conv300,7966,74046995000.0,89806663010.0
phi2_conv300,7967,74046995000.0,89811626708.0
phi2_conv300,7968,74046995000.0,89816639558.0
phi2_conv300,7969,74046995000.0,89821750712.0
phi2_conv300,7970,74046995000.0,89826714410.0
phi2_conv300,7971,74046995000.0,89831727260.0
phi2_conv300,7972,74046995000.0,89836838414.0
phi2_conv300,7973,74046995000.0,89841851264.0
phi2_conv300,7974,74046995000.0,89846864114.0
phi2_conv300,7975,74046995000.0,89851975268.0
phi2_conv300,7976,74046995000.0,89856988118.0
phi2_conv300,7977,74046995000.0,89862000968.0
phi2_conv300,7978,74046995000.0,89867112122.0
phi2_conv300,7979,74046995000.0,89872124972.0
phi2_conv300,7980,74046995000.0,89877137822.0
phi2_conv300,7981,74046995000.0,89882248976.0
phi2_conv300,7982,74046995000.0,89887261826.0
phi2_conv300,7983,74046995000.0,89892274676.0
phi2_conv300,7984,74046995000.0,89897385830.0
phi2_conv300,7985,74046995000.0,89902398680.0
phi2_conv300,7986,74046995000.0,89907411530.0
phi2_conv300,7987,74046995000.0,89912522684.0
phi2_conv300,7988,74046995000.0,89917535534.0
phi2_conv300,7989,74046995000.0,89922548384.0
phi2_conv300,7990,74046995000.0,89927659538.0
phi2_conv300,7991,74046995000.0,89932672388.0
phi2_conv300,7992,74046995000.0,89937685238.0
phi2_conv300,7993,74046995000.0,89942796392.0
phi2_conv300,7994,74046995000.0,89947809242.0
phi2_conv300,7995,74046995000.0,89952822092.0
phi2_conv300,7996,74046995000.0,89957982398.0
phi2_conv300,7997,74046995000.0,89962995248.0
phi2_conv300,7998,74046995000.0,89968008098.0
phi2_conv300,7999,74046995000.0,89973168404.0
phi2_conv300,8000,74046995000.0,89978181254.0
phi2_conv300,8001,74046995000.0,89983243256.0
phi2_conv300,8002,74046995000.0,89988403562.0
phi2_conv300,8003,74046995000.0,89993416412.0
phi2_conv300,8004,74046995000.0,89998478414.0
phi2_conv300,8005,74046995000.0,90003638720.0
phi2_conv300,8006,74046995000.0,90008700722.0
phi2_conv300,8007,74046995000.0,90013762724.0
phi2_conv300,8008,74046995000.0,90018923030.0
phi2_conv300,8009,74046995000.0,90023985032.0
phi2_conv300,8010,74046995000.0,90029047034.0
phi2_conv300,8011,74046995000.0,90034207340.0
phi2_conv300,8012,74046995000.0,90039040660.0
phi2_conv300,8013,74046995000.0,90043824828.0
phi2_conv300,8014,74046995000.0,90048756452.0
phi2_conv300,8015,74046995000.0,90053540620.0
phi2_conv300,8016,74046995000.0,90058373940.0
phi2_conv300,8017,74046995000.0,90063256412.0
phi2_conv300,8018,74046995000.0,90068089732.0
phi2_conv300,8019,74046995000.0,90072873900.0
phi2_conv300,8020,74046995000.0,90077805524.0
phi2_conv300,8021,74046995000.0,90082589692.0
phi2_conv300,8022,74046995000.0,90087423012.0
phi2_conv300,8023,74046995000.0,90092305484.0
phi2_conv300,8024,74046995000.0,90097187956.0
phi2_conv300,8025,74046995000.0,90101972124.0
phi2_conv300,8026,74046995000.0,90106903748.0
phi2_conv300,8027,74046995000.0,90111737068.0
phi2_conv300,8028,74046995000.0,90116570388.0
phi2_conv300,8029,74046995000.0,90121452860.0
phi2_conv300,8030,74046995000.0,90126335332.0
phi2_conv300,8031,74046995000.0,90131119500.0
phi2_conv300,8032,74046995000.0,90136051124.0
phi2_conv300,8033,74046995000.0,90140884444.0
phi2_conv300,8034,74046995000.0,90145717764.0
phi2_conv300,8035,74046995000.0,90150600236.0
phi2_conv300,8036,74046995000.0,90155482708.0
phi2_conv300,8037,75304583000.0,90242744300.0
phi2_conv300,8038,75304583000.0,90333472132.0
phi2_conv300,8039,75304583000.0,90346730998.0
phi2_conv300,8040,75304583000.0,90351793000.0
phi2_conv300,8041,75304583000.0,90356904154.0
phi2_conv300,8042,75304583000.0,90362064460.0
phi2_conv300,8043,75304583000.0,90367028158.0
phi2_conv300,8044,75304583000.0,90372237616.0
phi2_conv300,8045,75304583000.0,90377299618.0
phi2_conv300,8046,75304583000.0,90382361620.0
phi2_conv300,8047,75304583000.0,90387472774.0
phi2_conv300,8048,75304583000.0,90392633080.0
phi2_conv300,8049,75304583000.0,90397596778.0
phi2_conv300,8050,75304583000.0,90402806236.0
phi2_conv300,8051,75304583000.0,90407868238.0
phi2_conv300,8052,75304583000.0,90412930240.0
phi2_conv300,8053,75304583000.0,90418041394.0
phi2_conv300,8054,75304583000.0,90423250852.0
phi2_conv300,8055,75304583000.0,90428214550.0
phi2_conv300,8056,75304583000.0,90433424008.0
phi2_conv300,8057,75304583000.0,90438535162.0
phi2_conv300,8058,75304583000.0,90443597164.0
phi2_conv300,8059,75304583000.0,90448708318.0
phi2_conv300,8060,75304583000.0,90453917776.0
phi2_conv300,8061,75304583000.0,90458881474.0
phi2_conv300,8062,75304583000.0,90464090932.0
phi2_conv300,8063,75304583000.0,90469202086.0
phi2_conv300,8064,75304583000.0,90474264088.0
phi2_conv300,8065,75304583000.0,90479375242.0
phi2_conv300,8066,75304583000.0,90484584700.0
phi2_conv300,8067,75304583000.0,90489548398.0
phi2_conv300,8068,75304583000.0,90494757856.0
phi2_conv300,8069,75304583000.0,90499869010.0
phi2_conv300,8070,75627209000.0,90587193973.0
phi2_conv300,8071,75627209000.0,90677673880.0
phi2_conv300,8072,75627209000.0,90696041075.0
phi2_conv300,8073,75627209000.0,90701233454.0
phi2_conv300,8074,75627209000.0,90706671593.0
phi2_conv300,8075,75627209000.0,90711962276.0
phi2_conv300,8076,75627209000.0,90717252959.0
phi2_conv300,8077,75627209000.0,90722592794.0
phi2_conv300,8078,75726526000.0,90810452167.0
phi2_conv300,8079,75726526000.0,90900985204.0
phi2_conv300,8080,75726526000.0,90918393176.0
phi2_conv300,8081,75726526000.0,90923863388.0
phi2_conv300,8082,75726526000.0,90929382752.0
phi2_conv300,8083,75726526000.0,90934951268.0
phi2_conv300,8084,75726526000.0,90940519784.0
phi2_conv300,8085,75726526000.0,90945940844.0
phi2_conv300,8086,75726526000.0,90951607664.0
phi2_conv300,8087,75833898000.0,91020084204.0
phi2_conv300,8088,75833898000.0,91025697390.0
phi2_conv300,8089,75862760000.0,91043651229.0
phi2_conv300,8090,75862760000.0,91049392780.0
phi2_conv300,8091,75862760000.0,91054986875.0
phi2_conv300,8092,75862760000.0,91060548861.0
phi2_conv300,8093,75862760000.0,91065963391.0
phi2_conv300,8094,75862760000.0,91071377921.0
phi2_conv300,8095,75862760000.0,91076890755.0
phi2_conv300,8096,75862760000.0,91082354437.0
phi2_conv300,8097,75862760000.0,91087719815.0
phi2_conv300,8098,75862760000.0,91093281801.0
phi2_conv300,8099,75862760000.0,91098696331.0
phi2_conv300,8100,75862760000.0,91104110861.0
phi2_conv300,8101,75862760000.0,91109623695.0
phi2_conv300,8102,75862760000.0,91115087377.0
phi2_conv300,8103,75862760000.0,91120452755.0
phi2_conv300,8104,75862760000.0,91126014741.0
phi2_conv300,8105,75862760000.0,91131429271.0
phi2_conv300,8106,75862760000.0,91136843801.0
phi2_conv300,8107,75862760000.0,91142405787.0
phi2_conv300,8108,75862760000.0,91147869469.0
phi2_conv300,8109,75862760000.0,91153283999.0
phi2_conv300,8110,75862760000.0,91158893089.0
phi2_conv300,8111,75862760000.0,91164403875.0
phi2_conv300,8112,75862760000.0,91169865509.0
phi2_conv300,8113,75862760000.0,91175474599.0
phi2_conv300,8114,76099724000.0,91248974571.0
phi2_conv300,8115,76099724000.0,91254564570.0
phi2_conv300,8116,76099724000.0,91260302025.0
phi2_conv300,8117,76099724000.0,91265941176.0
phi2_conv300,8118,76099724000.0,91271531175.0
phi2_conv300,8119,76099724000.0,91277268630.0
phi2_conv300,8120,76099724000.0,91282907781.0
phi2_conv300,8121,76099724000.0,91288497780.0
phi2_conv300,8122,76099724000.0,91294235235.0
phi2_conv300,8123,76099724000.0,91299874386.0
phi2_conv300,8124,76099724000.0,91305235668.0
phi2_conv300,8125,76099724000.0,91310744406.0
phi2_conv300,8126,76099724000.0,91316154840.0
phi2_conv300,8127,76099724000.0,91321516122.0
phi2_conv300,8128,76099724000.0,91327024860.0
phi2_conv300,8129,76099724000.0,91332435294.0
phi2_conv300,8130,76099724000.0,91337845728.0
phi2_conv300,8131,76099724000.0,91343354466.0
phi2_conv300,8132,76286150000.0,91431045950.0
phi2_conv300,8133,76286150000.0,91521778714.0
phi2_conv300,8134,76286150000.0,91532613801.0
phi2_conv300,8135,76286150000.0,91538252952.0
phi2_conv300,8136,76286150000.0,91543941255.0
phi2_conv300,8137,76286150000.0,91549727862.0
phi2_conv300,8138,76286150000.0,91555367013.0
phi2_conv300,8139,76286150000.0,91561055316.0
phi2_conv300,8140,76286150000.0,91566891075.0
phi2_conv300,8141,76286150000.0,91572530226.0
phi2_conv300,8142,76286150000.0,91578267681.0
phi2_conv300,8143,76286150000.0,91584054288.0
phi2_conv300,8144,76286150000.0,91589742591.0
phi2_conv300,8145,76286150000.0,91595480046.0
phi2_conv300,8146,76286150000.0,91601315805.0
phi2_conv300,8147,76286150000.0,91606954956.0
phi2_conv300,8148,76286150000.0,91612741563.0
phi2_conv300,8149,76286150000.0,91618528170.0
phi2_conv300,8150,76286150000.0,91624216473.0
phi2_conv300,8151,76286150000.0,91629953928.0
phi2_conv300,8152,76286150000.0,91635789687.0
phi2_conv300,8153,76286150000.0,91641428838.0
phi2_conv300,8154,76286150000.0,91647215445.0
phi2_conv300,8155,76286150000.0,91653002052.0
phi2_conv300,8156,76286150000.0,91658690355.0
phi2_conv300,8157,76286150000.0,91664427810.0
phi2_conv300,8158,76558380000.0,91752769262.0
phi2_conv300,8159,76558380000.0,91844158138.0
phi2_conv300,8160,76558380000.0,91876338054.0
phi2_conv300,8161,76558380000.0,91882517795.0
phi2_conv300,8162,76558380000.0,91888599232.0
phi2_conv300,8163,76558380000.0,91894729821.0
phi2_conv300,8164,76558380000.0,91901007866.0
phi2_conv300,8165,76558380000.0,91906990999.0
phi2_conv300,8166,76558380000.0,91913219892.0
phi2_conv300,8167,76558380000.0,91919399633.0
phi2_conv300,8168,76558380000.0,91925481070.0
phi2_conv300,8169,76558380000.0,91931611659.0
phi2_conv300,8170,76558380000.0,91937889704.0
phi2_conv300,8171,76558380000.0,91943872837.0
phi2_conv300,8172,76558380000.0,91950101730.0
phi2_conv300,8173,76558380000.0,91956281471.0
phi2_conv300,8174,76749357000.0,92044590842.0
phi2_conv300,8175,76749357000.0,92136187253.0
phi2_conv300,8176,76749357000.0,92142968255.0
phi2_conv300,8177,76749357000.0,92149290505.0
phi2_conv300,8178,76749357000.0,92155858515.0
phi2_conv300,8179,76749357000.0,92162377373.0
phi2_conv300,8180,76749357000.0,92168797927.0
phi2_conv300,8181,76749357000.0,92175267633.0
phi2_conv300,8182,76749357000.0,92181884795.0
phi2_conv300,8183,76749357000.0,92188207045.0
phi2_conv300,8184,76749357000.0,92194775055.0
phi2_conv300,8185,76749357000.0,92201003948.0
phi2_conv300,8186,76749357000.0,92207134537.0
phi2_conv300,8187,76749357000.0,92213314278.0
phi2_conv300,8188,76749357000.0,92219641475.0
phi2_conv300,8189,76749357000.0,92225673760.0
phi2_conv300,8190,76749357000.0,92231951805.0
phi2_conv300,8191,76749357000.0,92238180698.0
phi2_conv300,8192,76749357000.0,92244311287.0
phi2_conv300,8193,76749357000.0,92250491028.0
phi2_conv300,8194,76749357000.0,92256818225.0
phi2_conv300,8195,76749357000.0,92262850510.0
phi2_conv300,8196,76749357000.0,92269128555.0
phi2_conv300,8197,76749357000.0,92275357448.0
phi2_conv300,8198,76749357000.0,92281488037.0
phi2_conv300,8199,76749357000.0,92287667778.0
phi2_conv300,8200,76749357000.0,92293994975.0
phi2_conv300,8201,76749357000.0,92300027260.0
phi2_conv300,8202,76749357000.0,92306305305.0
phi2_conv300,8203,76749357000.0,92312141064.0
phi2_conv300,8204,76749357000.0,92317829367.0
phi2_conv300,8205,76749357000.0,92323615974.0
phi2_conv300,8206,76749357000.0,92329552085.0
phi2_conv300,8207,76749357000.0,92335193284.0
phi2_conv300,8208,76749357000.0,92340851526.0
phi2_conv300,8209,76749357000.0,92346509768.0
phi2_conv300,8210,76749357000.0,92351922250.0
phi2_conv300,8211,76749357000.0,92357582540.0
phi2_conv300,8212,76749357000.0,92363242830.0
phi2_conv300,8213,76749357000.0,92368657360.0
phi2_conv300,8214,76749357000.0,92374176724.0
phi2_conv300,8215,76749357000.0,92379696088.0
phi2_conv300,8216,76749357000.0,92385018844.0
phi2_conv300,8217,76749357000.0,92390538208.0
phi2_conv300,8218,76749357000.0,92396057572.0
phi2_conv300,8219,76749357000.0,92401380328.0
phi2_conv300,8220,76749357000.0,92406671011.0
phi2_conv300,8221,76749357000.0,92411912542.0
phi2_conv300,8222,76749357000.0,92417006617.0
phi2_conv300,8223,76749357000.0,92422248148.0
phi2_conv300,8224,76749357000.0,92427538831.0
phi2_conv300,8225,76749357000.0,92432583754.0
phi2_conv300,8226,76749357000.0,92437874437.0
phi2_conv300,8227,76749357000.0,92443115968.0
phi2_conv300,8228,77310607000.0,92530680429.0
phi2_conv300,8229,77310607000.0,92594276413.0
phi2_conv300,8230,77310607000.0,92599385519.0
phi2_conv300,8231,77310607000.0,92604298017.0
phi2_conv300,8232,77310607000.0,92609407123.0
phi2_conv300,8233,77310607000.0,92614516229.0
phi2_conv300,8234,77310607000.0,92619477879.0
phi2_conv300,8235,77310607000.0,92624586985.0
phi2_conv300,8236,77310607000.0,92629696091.0
phi2_conv300,8237,77310607000.0,92634657741.0
phi2_conv300,8238,77310607000.0,92639766847.0
phi2_conv300,8239,77310607000.0,92644875953.0
phi2_conv300,8240,77310607000.0,92649886755.0
phi2_conv300,8241,77310607000.0,92654995861.0
phi2_conv300,8242,77310607000.0,92660104967.0
phi2_conv300,8243,77310607000.0,92665115769.0
phi2_conv300,8244,77310607000.0,92670224875.0
phi2_conv300,8245,77310607000.0,92675333981.0
phi2_conv300,8246,77310607000.0,92680344783.0
phi2_conv300,8247,77310607000.0,92685453889.0
phi2_conv300,8248,77310607000.0,92690562995.0
phi2_conv300,8249,77310607000.0,92695573797.0
phi2_conv300,8250,77310607000.0,92700682903.0
phi2_conv300,8251,77310607000.0,92705792009.0
phi2_conv300,8252,77310607000.0,92710802811.0
phi2_conv300,8253,77546989000.0,92798174878.0
phi2_conv300,8254,77546989000.0,92888652737.0
phi2_conv300,8255,77546989000.0,92916873449.0
phi2_conv300,8256,77546989000.0,92921982555.0
phi2_conv300,8257,77546989000.0,92926993357.0
phi2_conv300,8258,77546989000.0,92932004159.0
phi2_conv300,8259,77546989000.0,92937064113.0
phi2_conv300,8260,77546989000.0,92942124067.0
phi2_conv300,8261,77546989000.0,92947085717.0
phi2_conv300,8262,77546989000.0,92952194823.0
phi2_conv300,8263,77546989000.0,92957205625.0
phi2_conv300,8264,77546989000.0,92962216427.0
phi2_conv300,8265,77546989000.0,92967276381.0
phi2_conv300,8266,77546989000.0,92972336335.0
phi2_conv300,8267,77546989000.0,92977347137.0
phi2_conv300,8268,77546989000.0,92982456243.0
phi2_conv300,8269,77546989000.0,92987516197.0
phi2_conv300,8270,77546989000.0,92992526999.0
phi2_conv300,8271,77546989000.0,92997636105.0
phi2_conv300,8272,77546989000.0,93002696059.0
phi2_conv300,8273,77546989000.0,93007706861.0
phi2_conv300,8274,77546989000.0,93012815967.0
phi2_conv300,8275,77546989000.0,93017875921.0
phi2_conv300,8276,77546989000.0,93022886723.0
phi2_conv300,8277,77546989000.0,93027995829.0
phi2_conv300,8278,77546989000.0,93033055783.0
phi2_conv300,8279,77546989000.0,93038115737.0
phi2_conv300,8280,77546989000.0,93043224843.0
phi2_conv300,8281,77546989000.0,93048333949.0
phi2_conv300,8282,77546989000.0,93053344751.0
phi2_conv300,8283,77546989000.0,93058225175.0
phi2_conv300,8284,77546989000.0,93063056447.0
phi2_conv300,8285,77546989000.0,93067838567.0
phi2_conv300,8286,77546989000.0,93072718991.0
phi2_conv300,8287,77546989000.0,93077550263.0
phi2_conv300,8288,77546989000.0,93082332383.0
phi2_conv300,8289,77546989000.0,93087212807.0
phi2_conv300,8290,77546989000.0,93092044079.0
phi2_conv300,8291,77546989000.0,93096591446.0
phi2_conv300,8292,77546989000.0,93101187965.0
phi2_conv300,8293,77546989000.0,93105784484.0
phi2_conv300,8294,77546989000.0,93110282699.0
phi2_conv300,8295,77546989000.0,93114928370.0
phi2_conv300,8296,77546989000.0,93119475737.0
phi2_conv300,8297,77546989000.0,93124023104.0
phi2_conv300,8298,77546989000.0,93128619623.0
phi2_conv300,8299,77546989000.0,93133216142.0
phi2_conv300,8300,77546989000.0,93137714357.0
phi2_conv300,8301,77546989000.0,93142360028.0
phi2_conv300,8302,77546989000.0,93146907395.0
phi2_conv300,8303,77546989000.0,93151454762.0
phi2_conv300,8304,77546989000.0,93156051281.0
phi2_conv300,8305,77546989000.0,93160647800.0
phi2_conv300,8306,77546989000.0,93165146015.0
phi2_conv300,8307,77546989000.0,93169791686.0
phi2_conv300,8308,77546989000.0,93174339053.0
phi2_conv300,8309,77546989000.0,93178886420.0
phi2_conv300,8310,77546989000.0,93183482939.0
phi2_conv300,8311,77546989000.0,93188079458.0
phi2_conv300,8312,77546989000.0,93192577673.0
phi2_conv300,8313,77546989000.0,93197223344.0
phi2_conv300,8314,77546989000.0,93201770711.0
phi2_conv300,8315,77546989000.0,93206318078.0
phi2_conv300,8316,77546989000.0,93210914597.0
phi2_conv300,8317,77546989000.0,93215511116.0
phi2_conv300,8318,77546989000.0,93220009331.0
phi2_conv300,8319,77546989000.0,93224655002.0
phi2_conv300,8320,77546989000.0,93229202369.0
phi2_conv300,8321,77546989000.0,93233749736.0
phi2_conv300,8322,77546989000.0,93238346255.0
phi2_conv300,8323,77546989000.0,93242942774.0
phi2_conv300,8324,77546989000.0,93247440989.0
phi2_conv300,8325,77546989000.0,93252086660.0
phi2_conv300,8326,77546989000.0,93256634027.0
phi2_conv300,8327,77546989000.0,93261181394.0
phi2_conv300,8328,77546989000.0,93265777913.0
phi2_conv300,8329,77546989000.0,93270374432.0
phi2_conv300,8330,77546989000.0,93274872647.0
phi2_conv300,8331,78254342000.0,93361958291.0
phi2_conv300,8332,78254342000.0,93452219359.0
phi2_conv300,8333,78254342000.0,93464993287.0
phi2_conv300,8334,78254342000.0,93469824559.0
phi2_conv300,8335,78313936000.0,93557084103.0
phi2_conv300,8336,78313936000.0,93647662431.0
phi2_conv300,8337,78313936000.0,93713204003.0
phi2_conv300,8338,78313936000.0,93717988171.0
phi2_conv300,8339,78313936000.0,93722870643.0
phi2_conv300,8340,78313936000.0,93727753115.0
phi2_conv300,8341,78313936000.0,93732635587.0
phi2_conv300,8342,78313936000.0,93737518059.0
phi2_conv300,8343,78313936000.0,93742498835.0
phi2_conv300,8344,78313936000.0,93747381307.0
phi2_conv300,8345,78313936000.0,93752312931.0
phi2_conv300,8346,78313936000.0,93757244555.0
phi2_conv300,8347,78313936000.0,93762176179.0
phi2_conv300,8348,78313936000.0,93767058651.0
phi2_conv300,8349,78313936000.0,93772039427.0
phi2_conv300,8350,78313936000.0,93776971051.0
phi2_conv300,8351,78313936000.0,93781902675.0
phi2_conv300,8352,78313936000.0,93786883451.0
phi2_conv300,8353,78313936000.0,93791815075.0
phi2_conv300,8354,78313936000.0,93796746699.0
phi2_conv300,8355,78313936000.0,93801727475.0
phi2_conv300,8356,78313936000.0,93806659099.0
phi2_conv300,8357,78313936000.0,93811590723.0
phi2_conv300,8358,78313936000.0,93816571499.0
phi2_conv300,8359,78313936000.0,93821503123.0
phi2_conv300,8360,78313936000.0,93826434747.0
phi2_conv300,8361,78313936000.0,93831415523.0
phi2_conv300,8362,78313936000.0,93836347147.0
phi2_conv300,8363,78313936000.0,93841278771.0
phi2_conv300,8364,78313936000.0,93846259547.0
phi2_conv300,8365,78313936000.0,93851191171.0
phi2_conv300,8366,78313936000.0,93856122795.0
phi2_conv300,8367,78313936000.0,93861103571.0
phi2_conv300,8368,78313936000.0,93866084347.0
phi2_conv300,8369,78313936000.0,93871015971.0
phi2_conv300,8370,78313936000.0,93876045899.0
phi2_conv300,8371,78313936000.0,93880977523.0
phi2_conv300,8372,78313936000.0,93885958299.0
phi2_conv300,8373,78684997000.0,93916895681.0
phi2_conv300,8374,78684997000.0,93922004787.0
phi2_conv300,8375,78707843000.0,94009278550.0
phi2_conv300,8376,78707843000.0,94099805561.0
phi2_conv300,8377,78707843000.0,94193803932.0
phi2_conv300,8378,78741657000.0,94257920250.0
phi2_conv300,8379,78741657000.0,94263337214.0
phi2_conv300,8380,78741657000.0,94268803330.0
phi2_conv300,8381,78741657000.0,94274171142.0
phi2_conv300,8382,78741657000.0,94279686410.0
phi2_conv300,8383,78741657000.0,94285054222.0
phi2_conv300,8384,78741657000.0,94290520338.0
phi2_conv300,8385,78741657000.0,94295937302.0
phi2_conv300,8386,78741657000.0,94301403418.0
phi2_conv300,8387,78741657000.0,94306771230.0
phi2_conv300,8388,78741657000.0,94312286498.0
phi2_conv300,8389,78741657000.0,94317654310.0
phi2_conv300,8390,78741657000.0,94323120426.0
phi2_conv300,8391,78741657000.0,94328537390.0
phi2_conv300,8392,78741657000.0,94334003506.0
phi2_conv300,8393,78741657000.0,94339371318.0
phi2_conv300,8394,78741657000.0,94344886586.0
phi2_conv300,8395,78741657000.0,94350254398.0
phi2_conv300,8396,78741657000.0,94355720514.0
phi2_conv300,8397,78741657000.0,94361137478.0
phi2_conv300,8398,78741657000.0,94366603594.0
phi2_conv300,8399,78741657000.0,94371971406.0
phi2_conv300,8400,78741657000.0,94377486674.0
phi2_conv300,8401,78741657000.0,94382854486.0
phi2_conv300,8402,78741657000.0,94388320602.0
phi2_conv300,8403,78741657000.0,94393737566.0
phi2_conv300,8404,78741657000.0,94399203682.0
phi2_conv300,8405,78741657000.0,94404571494.0
phi2_conv300,8406,78741657000.0,94410088810.0
phi2_conv300,8407,78741657000.0,94415458670.0
phi2_conv300,8408,78741657000.0,94420975986.0
phi2_conv300,8409,78741657000.0,94426394998.0
phi2_conv300,8410,78741657000.0,94431863162.0
phi2_conv300,8411,78741657000.0,94437282174.0
phi2_conv300,8412,78741657000.0,94442799490.0
phi2_conv300,8413,78741657000.0,94448169350.0
phi2_conv300,8414,78741657000.0,94453686666.0
phi2_conv300,8415,78741657000.0,94459105678.0
phi2_conv300,8416,78741657000.0,94464573842.0
phi2_conv300,8417,78741657000.0,94469992854.0
phi2_conv300,8418,78741657000.0,94475510170.0
phi2_conv300,8419,78741657000.0,94480880030.0
phi2_conv300,8420,78741657000.0,94486397346.0
phi2_conv300,8421,78741657000.0,94491816358.0
phi2_conv300,8422,78741657000.0,94497284522.0
phi2_conv300,8423,78741657000.0,94502703534.0
phi2_conv300,8424,78741657000.0,94508220850.0
phi2_conv300,8425,78741657000.0,94513590710.0
phi2_conv300,8426,78741657000.0,94519108026.0
phi2_conv300,8427,78741657000.0,94524527038.0
phi2_conv300,8428,78741657000.0,94529717369.0
phi2_conv300,8429,78741657000.0,94534858548.0
phi2_conv300,8430,78741657000.0,94540098031.0
phi2_conv300,8431,79246030000.0,94611409310.0
phi2_conv300,8432,79246030000.0,94616499289.0
phi2_conv300,8433,79246030000.0,94621540116.0
phi2_conv300,8434,79246030000.0,94626580943.0
phi2_conv300,8435,79246030000.0,94631621770.0
phi2_conv300,8436,79246030000.0,94636711749.0
phi2_conv300,8437,79246030000.0,94641703424.0
phi2_conv300,8438,79316404000.0,94729263789.0
phi2_conv300,8439,79316404000.0,94819645274.0
phi2_conv300,8440,79323080000.0,94864546776.0
phi2_conv300,8441,79323080000.0,94869908058.0
phi2_conv300,8442,79323080000.0,94875269340.0
phi2_conv300,8443,79323080000.0,94880581470.0
phi2_conv300,8444,79323080000.0,94885991904.0
phi2_conv300,8445,79323080000.0,94891304034.0
phi2_conv300,8446,79323080000.0,94896665316.0
phi2_conv300,8447,79431406000.0,94984258496.0
phi2_conv300,8448,79431406000.0,95074942108.0
phi2_conv300,8449,79466727000.0,95165146408.0
phi2_conv300,8450,79466727000.0,95171029189.0
phi2_conv300,8451,79466727000.0,95176813666.0
phi2_conv300,8452,79466727000.0,95182647295.0
phi2_conv300,8453,79466727000.0,95188480924.0
phi2_conv300,8454,79466727000.0,95193921419.0
phi2_conv300,8455,79466727000.0,95199263610.0
phi2_conv300,8456,79466727000.0,95204753257.0
phi2_conv300,8457,79466727000.0,95210095448.0
phi2_conv300,8458,79466727000.0,95215535943.0
phi2_conv300,8459,79466727000.0,95220929334.0
phi2_conv300,8460,79466727000.0,95226371877.0
phi2_conv300,8461,79466727000.0,95231716116.0
phi2_conv300,8462,79466727000.0,95237207811.0
phi2_conv300,8463,79466727000.0,95242552050.0
phi2_conv300,8464,79466727000.0,95247994593.0
phi2_conv300,8465,79466727000.0,95253387984.0
phi2_conv300,8466,79466727000.0,95258830527.0
phi2_conv300,8467,79466727000.0,95264223918.0
phi2_conv300,8468,79466727000.0,95269715613.0
phi2_conv300,8469,79466727000.0,95275111052.0
phi2_conv300,8470,79466727000.0,95280555643.0
phi2_conv300,8471,79466727000.0,95286000234.0
phi2_conv300,8472,79466727000.0,95291444825.0
phi2_conv300,8473,79466727000.0,95296840264.0
phi2_conv300,8474,79466727000.0,95302334007.0
phi2_conv300,8475,79466727000.0,95307778598.0
phi2_conv300,8476,79466727000.0,95313223189.0
phi2_conv300,8477,79466727000.0,95318716932.0
phi2_conv300,8478,79466727000.0,95324161523.0
phi2_conv300,8479,79466727000.0,95329606114.0
phi2_conv300,8480,79466727000.0,95334821988.0
phi2_conv300,8481,79788963000.0,95366006602.0
phi2_conv300,8482,79788963000.0,95371053881.0
phi2_conv300,8483,79788963000.0,95376248616.0
phi2_conv300,8484,79817387000.0,95463752436.0
phi2_conv300,8485,79817387000.0,95554647744.0
phi2_conv300,8486,79817387000.0,95616103233.0
phi2_conv300,8487,79817387000.0,95621641950.0
phi2_conv300,8488,79817387000.0,95627082363.0
phi2_conv300,8489,79817387000.0,95632670232.0
phi2_conv300,8490,79817387000.0,95638110645.0
phi2_conv300,8491,79817387000.0,95643649362.0
phi2_conv300,8492,79817387000.0,95649138927.0
phi2_conv300,8493,79817387000.0,95654677644.0
phi2_conv300,8494,79817387000.0,95660118057.0
phi2_conv300,8495,79817387000.0,95665755078.0
phi2_conv300,8496,79817387000.0,95671195491.0
phi2_conv300,8497,79817387000.0,95676783360.0
phi2_conv300,8498,79817387000.0,95682272925.0
phi2_conv300,8499,79817387000.0,95687860794.0
phi2_conv300,8500,79996058000.0,95775578293.0
phi2_conv300,8501,79996058000.0,95866681136.0
phi2_conv300,8502,79996058000.0,95883166170.0
phi2_conv300,8503,79996058000.0,95889193508.0
phi2_conv300,8504,79996058000.0,95895024238.0
phi2_conv300,8505,79996058000.0,95901002424.0
phi2_conv300,8506,79996058000.0,95906882306.0
phi2_conv300,8507,79996058000.0,95912860492.0
phi2_conv300,8508,79996058000.0,95918691222.0
phi2_conv300,8509,79996058000.0,95924718560.0
phi2_conv300,8510,79996058000.0,95930549290.0
phi2_conv300,8511,79996058000.0,95936527476.0
phi2_conv300,8512,79996058000.0,95942166545.0
phi2_conv300,8513,79996058000.0,95947903918.0
phi2_conv300,8514,79996058000.0,95953493835.0
phi2_conv300,8515,79996058000.0,95959280360.0
phi2_conv300,8516,79996058000.0,95964870277.0
phi2_conv300,8517,80182683000.0,96052835584.0
phi2_conv300,8518,80182683000.0,96141284622.0
phi2_conv300,8519,80182683000.0,96147363160.0
phi2_conv300,8520,80182683000.0,96153294242.0
phi2_conv300,8521,80182683000.0,96159421932.0
phi2_conv300,8522,80182683000.0,96164962697.0
phi2_conv300,8523,80182683000.0,96170601766.0
phi2_conv300,8524,80182683000.0,96176191683.0
phi2_conv300,8525,80182683000.0,96181830752.0
phi2_conv300,8526,80182683000.0,96187371517.0
phi2_conv300,8527,80182683000.0,96193059738.0
phi2_conv300,8528,80182683000.0,96198600503.0
phi2_conv300,8529,80182683000.0,96204239572.0
phi2_conv300,8530,80182683000.0,96209829489.0
phi2_conv300,8531,80182683000.0,96215468558.0
phi2_conv300,8532,80182683000.0,96221058475.0
phi2_conv300,8533,80182683000.0,96226746696.0
phi2_conv300,8534,80182683000.0,96232336613.0
phi2_conv300,8535,80182683000.0,96237682900.0
phi2_conv300,8536,80182683000.0,96243029187.0
phi2_conv300,8537,80396777000.0,96330329503.0
phi2_conv300,8538,80396777000.0,96420720251.0
phi2_conv300,8539,80421214000.0,96509737799.0
phi2_conv300,8540,80421214000.0,96599187219.0
phi2_conv300,8541,80421214000.0,96653150436.0
phi2_conv300,8542,80421214000.0,96658889857.0
phi2_conv300,8543,80421214000.0,96664530974.0
phi2_conv300,8544,80421214000.0,96670024717.0
phi2_conv300,8545,80421214000.0,96675469308.0
phi2_conv300,8546,80421214000.0,96680913899.0
phi2_conv300,8547,80421214000.0,96686358490.0
phi2_conv300,8548,80421214000.0,96691901385.0
phi2_conv300,8549,80421214000.0,96697296824.0
phi2_conv300,8550,80421214000.0,96702790567.0
phi2_conv300,8551,80421214000.0,96708284310.0
phi2_conv300,8552,80421214000.0,96713728901.0
phi2_conv300,8553,80421214000.0,96719173492.0
phi2_conv300,8554,80421214000.0,96724716387.0
phi2_conv300,8555,80421214000.0,96730111826.0
phi2_conv300,8556,80421214000.0,96735605569.0
phi2_conv300,8557,80421214000.0,96741099312.0
phi2_conv300,8558,80421214000.0,96746543903.0
phi2_conv300,8559,80421214000.0,96751988494.0
phi2_conv300,8560,80421214000.0,96757531389.0
phi2_conv300,8561,80421214000.0,96762926828.0
phi2_conv300,8562,80421214000.0,96768420571.0
phi2_conv300,8563,80421214000.0,96773914314.0
phi2_conv300,8564,80421214000.0,96779410105.0
phi2_conv300,8565,80421214000.0,96784856744.0
phi2_conv300,8566,80421214000.0,96790450839.0
phi2_conv300,8567,80421214000.0,96795897478.0
phi2_conv300,8568,80421214000.0,96801393269.0
phi2_conv300,8569,80421214000.0,96806938212.0
phi2_conv300,8570,80421214000.0,96812434003.0
phi2_conv300,8571,80421214000.0,96817880642.0
phi2_conv300,8572,80421214000.0,96823474737.0
phi2_conv300,8573,80421214000.0,96828921376.0
phi2_conv300,8574,80421214000.0,96834337954.0
phi2_conv300,8575,80421214000.0,96839803684.0
phi2_conv300,8576,80421214000.0,96845220262.0
phi2_conv300,8577,80421214000.0,96850587688.0
phi2_conv300,8578,80421214000.0,96856008748.0
phi2_conv300,8579,80421214000.0,96861282352.0
phi2_conv300,8580,80421214000.0,96866605108.0
phi2_conv300,8581,80421214000.0,96871977016.0
phi2_conv300,8582,80421214000.0,96877299772.0
phi2_conv300,8583,80421214000.0,96882573376.0
phi2_conv300,8584,80421214000.0,96887994436.0
phi2_conv300,8585,80895356000.0,96975631729.0
phi2_conv300,8586,80895356000.0,97057735703.0
phi2_conv300,8587,80895356000.0,97063007259.0
phi2_conv300,8588,80895356000.0,97068278815.0
phi2_conv300,8589,80895356000.0,97073452067.0
phi2_conv300,8590,80895356000.0,97078821927.0
phi2_conv300,8591,80895356000.0,97083995179.0
phi2_conv300,8592,80895356000.0,97089266735.0
phi2_conv300,8593,80895356000.0,97094538291.0
phi2_conv300,8594,80895356000.0,97099809847.0
phi2_conv300,8595,80895356000.0,97104754418.0
phi2_conv300,8596,80895356000.0,97109846445.0
phi2_conv300,8597,80895356000.0,97114791016.0
phi2_conv300,8598,80895356000.0,97119784739.0
phi2_conv300,8599,80895356000.0,97124827614.0
phi2_conv300,8600,80895356000.0,97129821337.0
phi2_conv300,8601,80895356000.0,97134815060.0
phi2_conv300,8602,80895356000.0,97139907087.0
phi2_conv300,8603,80895356000.0,97144851658.0
phi2_conv300,8604,80895356000.0,97149894533.0
phi2_conv300,8605,80895356000.0,97154937408.0
phi2_conv300,8606,80895356000.0,97159931131.0
phi2_conv300,8607,80895356000.0,97164924854.0
phi2_conv300,8608,80895356000.0,97170016881.0
phi2_conv300,8609,80895356000.0,97174961452.0
phi2_conv300,8610,80895356000.0,97180004327.0
phi2_conv300,8611,81144872000.0,97267517588.0
phi2_conv300,8612,81144872000.0,97357851969.0
phi2_conv300,8613,81144872000.0,97403669713.0
phi2_conv300,8614,81144872000.0,97408990421.0
phi2_conv300,8615,81144872000.0,97414163673.0
phi2_conv300,8616,81144872000.0,97419435229.0
phi2_conv300,8617,81144872000.0,97424706785.0
phi2_conv300,8618,81144872000.0,97429929189.0
phi2_conv300,8619,81144872000.0,97435151593.0
phi2_conv300,8620,81144872000.0,97440472301.0
phi2_conv300,8621,81144872000.0,97445645553.0
phi2_conv300,8622,81144872000.0,97450917109.0
phi2_conv300,8623,81144872000.0,97456188665.0
phi2_conv300,8624,81144872000.0,97461411069.0
phi2_conv300,8625,81144872000.0,97466633473.0
phi2_conv300,8626,81144872000.0,97471676348.0
phi2_conv300,8627,81144872000.0,97476620919.0
phi2_conv300,8628,81144872000.0,97481614642.0
phi2_conv300,8629,81144872000.0,97486657517.0
phi2_conv300,8630,81144872000.0,97491602088.0
phi2_conv300,8631,81144872000.0,97496595811.0
phi2_conv300,8632,81144872000.0,97501638686.0
phi2_conv300,8633,81144872000.0,97506583257.0
phi2_conv300,8634,81144872000.0,97511626132.0
phi2_conv300,8635,81144872000.0,97516669007.0
phi2_conv300,8636,81144872000.0,97521662730.0
phi2_conv300,8637,81144872000.0,97526656453.0
phi2_conv300,8638,81144872000.0,97531748480.0
phi2_conv300,8639,81144872000.0,97536693051.0
phi2_conv300,8640,81144872000.0,97541735926.0
phi2_conv300,8641,81144872000.0,97546778801.0
phi2_conv300,8642,81144872000.0,97551772524.0
phi2_conv300,8643,81144872000.0,97556766247.0
phi2_conv300,8644,81144872000.0,97561858274.0
phi2_conv300,8645,81144872000.0,97566802845.0
phi2_conv300,8646,81144872000.0,97571845720.0
phi2_conv300,8647,81144872000.0,97576888595.0
phi2_conv300,8648,81144872000.0,97581882318.0
phi2_conv300,8649,81144872000.0,97586876041.0
phi2_conv300,8650,81144872000.0,97591968068.0
phi2_conv300,8651,81144872000.0,97596912639.0
phi2_conv300,8652,81144872000.0,97601955514.0
phi2_conv300,8653,81144872000.0,97606998389.0
phi2_conv300,8654,81144872000.0,97611992112.0
phi2_conv300,8655,81144872000.0,97616985835.0
phi2_conv300,8656,81144872000.0,97622077862.0
phi2_conv300,8657,81144872000.0,97627022433.0
phi2_conv300,8658,81144872000.0,97632065308.0
phi2_conv300,8659,81144872000.0,97637159383.0
phi2_conv300,8660,81144872000.0,97642155154.0
phi2_conv300,8661,81144872000.0,97647200077.0
phi2_conv300,8662,81144872000.0,97652343304.0
phi2_conv300,8663,81628783000.0,97739760309.0
phi2_conv300,8664,81628783000.0,97830195042.0
phi2_conv300,8665,81628783000.0,97891245924.0
phi2_conv300,8666,81628783000.0,97896470376.0
phi2_conv300,8667,81628783000.0,97901791084.0
phi2_conv300,8668,81628783000.0,97907210096.0
phi2_conv300,8669,81628783000.0,97912432500.0
phi2_conv300,8670,81628783000.0,97917802360.0
phi2_conv300,8671,81628783000.0,97923172220.0
phi2_conv300,8672,81628783000.0,97928492928.0
phi2_conv300,8673,81628783000.0,97933813636.0
phi2_conv300,8674,81628783000.0,97939232648.0
phi2_conv300,8675,81628783000.0,97944504204.0
phi2_conv300,8676,81628783000.0,97949874064.0
phi2_conv300,8677,81628783000.0,97955243924.0
phi2_conv300,8678,81628783000.0,97960564632.0
phi2_conv300,8679,81628783000.0,97965885340.0
phi2_conv300,8680,81628783000.0,97971304352.0
phi2_conv300,8681,81628783000.0,97976447579.0
phi2_conv300,8682,81628783000.0,97981738262.0
phi2_conv300,8683,81628783000.0,97986979793.0
phi2_conv300,8684,81628783000.0,97992221324.0
phi2_conv300,8685,81628783000.0,97997135870.0
phi2_conv300,8686,81628783000.0,98002165798.0
phi2_conv300,8687,81628783000.0,98006949966.0
phi2_conv300,8688,81628783000.0,98011930742.0
phi2_conv300,8689,81628783000.0,98016578461.0
phi2_conv300,8690,81628783000.0,98021226180.0
phi2_conv300,8691,81628783000.0,98025824747.0
phi2_conv300,8692,81628783000.0,98030570770.0
phi2_conv300,8693,81628783000.0,98035120185.0
phi2_conv300,8694,81628783000.0,98039817056.0
phi2_conv300,8695,81628783000.0,98044464775.0
phi2_conv300,8696,81628783000.0,98049112494.0
phi2_conv300,8697,81628783000.0,98053711061.0
phi2_conv300,8698,81628783000.0,98058457084.0
phi2_conv300,8699,81628783000.0,98063006499.0
phi2_conv300,8700,81628783000.0,98067703370.0
phi2_conv300,8701,81628783000.0,98072351089.0
phi2_conv300,8702,81628783000.0,98076998808.0
phi2_conv300,8703,81628783000.0,98081597375.0
phi2_conv300,8704,81628783000.0,98086343398.0
phi2_conv300,8705,81628783000.0,98090892813.0
phi2_conv300,8706,81628783000.0,98095589684.0
phi2_conv300,8707,81628783000.0,98100237403.0
phi2_conv300,8708,81628783000.0,98104934274.0
phi2_conv300,8709,82066092000.0,98191972814.0
phi2_conv300,8710,82066092000.0,98282481690.0
phi2_conv300,8711,82109910000.0,98369830578.0
phi2_conv300,8712,82109910000.0,98456543830.0
phi2_conv300,8713,82109910000.0,98461603784.0
phi2_conv300,8714,82109910000.0,98466712890.0
phi2_conv300,8715,82109910000.0,98471723692.0
phi2_conv300,8716,82109910000.0,98476931102.0
phi2_conv300,8717,82109910000.0,98481892752.0
phi2_conv300,8718,82109910000.0,98487051010.0
phi2_conv300,8719,82109910000.0,98492110964.0
phi2_conv300,8720,82109910000.0,98497220070.0
phi2_conv300,8721,82109910000.0,98502230872.0
phi2_conv300,8722,82109910000.0,98507438282.0
phi2_conv300,8723,82109910000.0,98512399932.0
phi2_conv300,8724,82109910000.0,98517558190.0
phi2_conv300,8725,82109910000.0,98522618144.0
phi2_conv300,8726,82109910000.0,98527727250.0
phi2_conv300,8727,82109910000.0,98532738052.0
phi2_conv300,8728,82109910000.0,98537945462.0
phi2_conv300,8729,82109910000.0,98542907112.0
phi2_conv300,8730,82109910000.0,98548065370.0
phi2_conv300,8731,82109910000.0,98553125324.0
phi2_conv300,8732,82109910000.0,98558234430.0
phi2_conv300,8733,82109910000.0,98563245232.0
phi2_conv300,8734,82109910000.0,98568452642.0
phi2_conv300,8735,82109910000.0,98573463444.0
phi2_conv300,8736,82109910000.0,98578621702.0
phi2_conv300,8737,82109910000.0,98583730808.0
phi2_conv300,8738,82109910000.0,98588839914.0
phi2_conv300,8739,82109910000.0,98593899868.0
phi2_conv300,8740,82109910000.0,98599156430.0
phi2_conv300,8741,82109910000.0,98604167232.0
phi2_conv300,8742,82109910000.0,98609374642.0
phi2_conv300,8743,82413633000.0,98696746709.0
phi2_conv300,8744,82413633000.0,98787273720.0
phi2_conv300,8745,82413633000.0,98812940659.0
phi2_conv300,8746,82413633000.0,98818376750.0
phi2_conv300,8747,82413633000.0,98823616233.0
phi2_conv300,8748,82413633000.0,98829052324.0
phi2_conv300,8749,82497749000.0,98916811345.0
phi2_conv300,8750,82497749000.0,99007538942.0
phi2_conv300,8751,82497749000.0,99028748674.0
phi2_conv300,8752,82497749000.0,99034413446.0
phi2_conv300,8753,82497749000.0,99039832458.0
phi2_conv300,8754,82497749000.0,99045497230.0
phi2_conv300,8755,82497749000.0,99051014546.0
phi2_conv300,8756,82497749000.0,99056581014.0
phi2_conv300,8757,82497749000.0,99062098330.0
phi2_conv300,8758,82497749000.0,99067763102.0
phi2_conv300,8759,82497749000.0,99073182114.0
phi2_conv300,8760,82497749000.0,99078846886.0
phi2_conv300,8761,82497749000.0,99084364202.0
phi2_conv300,8762,82497749000.0,99089930670.0
phi2_conv300,8763,82497749000.0,99095447986.0
phi2_conv300,8764,82497749000.0,99101112758.0
phi2_conv300,8765,82497749000.0,99106531770.0
phi2_conv300,8766,82497749000.0,99112245694.0
phi2_conv300,8767,82497749000.0,99117763010.0
phi2_conv300,8768,82497749000.0,99123329478.0
phi2_conv300,8769,82497749000.0,99128895946.0
phi2_conv300,8770,82497749000.0,99134560718.0
phi2_conv300,8771,82497749000.0,99139979730.0
phi2_conv300,8772,82497749000.0,99145693654.0
phi2_conv300,8773,82497749000.0,99151210970.0
phi2_conv300,8774,82497749000.0,99156777438.0
phi2_conv300,8775,82497749000.0,99162343906.0
phi2_conv300,8776,82497749000.0,99168008678.0
phi2_conv300,8777,82497749000.0,99173427690.0
phi2_conv300,8778,82497749000.0,99179141614.0
phi2_conv300,8779,82497749000.0,99184658930.0
phi2_conv300,8780,82497749000.0,99190225398.0
phi2_conv300,8781,82497749000.0,99195791866.0
phi2_conv300,8782,82497749000.0,99201456638.0
phi2_conv300,8783,82497749000.0,99206875650.0
phi2_conv300,8784,82497749000.0,99212589574.0
phi2_conv300,8785,82497749000.0,99218106890.0
phi2_conv300,8786,82497749000.0,99223673358.0
phi2_conv300,8787,82497749000.0,99229239826.0
phi2_conv300,8788,82497749000.0,99234904598.0
phi2_conv300,8789,82497749000.0,99240323610.0
phi2_conv300,8790,82497749000.0,99246037534.0
phi2_conv300,8791,82497749000.0,99251554850.0
phi2_conv300,8792,82919064000.0,99339485007.0
phi2_conv300,8793,82919064000.0,99430623356.0
phi2_conv300,8794,82919064000.0,99450185406.0
phi2_conv300,8795,82919064000.0,99455845696.0
phi2_conv300,8796,82919064000.0,99461800898.0
phi2_conv300,8797,82919064000.0,99467510340.0
phi2_conv300,8798,82919064000.0,99473318086.0
phi2_conv300,8799,82919064000.0,99479125832.0
phi2_conv300,8800,82919064000.0,99484982730.0
phi2_conv300,8801,82919064000.0,99490643020.0
phi2_conv300,8802,82919064000.0,99496598222.0
phi2_conv300,8803,82919064000.0,99502307664.0
phi2_conv300,8804,82919064000.0,99508115410.0
phi2_conv300,8805,82919064000.0,99513923156.0
phi2_conv300,8806,82919064000.0,99519829206.0
phi2_conv300,8807,82919064000.0,99525489496.0
phi2_conv300,8808,82919064000.0,99531493850.0
phi2_conv300,8809,82919064000.0,99537203292.0
phi2_conv300,8810,82919064000.0,99543060190.0
phi2_conv300,8811,82919064000.0,99548867936.0
phi2_conv300,8812,82919064000.0,99554773986.0
phi2_conv300,8813,82919064000.0,99560434276.0
phi2_conv300,8814,82919064000.0,99566438630.0
phi2_conv300,8815,82919064000.0,99572148072.0
phi2_conv300,8816,82919064000.0,99578004970.0
phi2_conv300,8817,82919064000.0,99583812716.0
phi2_conv300,8818,82919064000.0,99589718766.0
phi2_conv300,8819,82919064000.0,99595379056.0
phi2_conv300,8820,82919064000.0,99601383410.0
phi2_conv300,8821,82919064000.0,99607092852.0
phi2_conv300,8822,82919064000.0,99612949750.0
phi2_conv300,8823,82919064000.0,99618757496.0
phi2_conv300,8824,82919064000.0,99624663546.0
phi2_conv300,8825,82919064000.0,99630323836.0
phi2_conv300,8826,82919064000.0,99636328190.0
phi2_conv300,8827,82919064000.0,99642037632.0
phi2_conv300,8828,82919064000.0,99647894530.0
phi2_conv300,8829,82919064000.0,99653702276.0
phi2_conv300,8830,82919064000.0,99659608326.0
phi2_conv300,8831,82919064000.0,99665268616.0
phi2_conv300,8832,82919064000.0,99671272970.0
phi2_conv300,8833,82919064000.0,99676982412.0
phi2_conv300,8834,82919064000.0,99682598032.0
phi2_conv300,8835,82919064000.0,99688164500.0
phi2_conv300,8836,82919064000.0,99693780120.0
phi2_conv300,8837,82919064000.0,99699248284.0
phi2_conv300,8838,82919064000.0,99704962208.0
phi2_conv300,8839,82919064000.0,99710430372.0
phi2_conv300,8840,82919064000.0,99716045992.0
phi2_conv300,8841,82919064000.0,99721612460.0
phi2_conv300,8842,82919064000.0,99727228080.0
phi2_conv300,8843,82919064000.0,99732696244.0
phi2_conv300,8844,82919064000.0,99738410168.0
phi2_conv300,8845,82919064000.0,99743927484.0
phi2_conv300,8846,82919064000.0,99749543104.0
phi2_conv300,8847,82919064000.0,99755158724.0
phi2_conv300,8848,82919064000.0,99760823496.0
phi2_conv300,8849,82919064000.0,99766392012.0
phi2_conv300,8850,82919064000.0,99772107984.0
phi2_conv300,8851,82919064000.0,99777447819.0
phi2_conv300,8852,82919064000.0,99782885958.0
phi2_conv300,8853,82919064000.0,99788225793.0
phi2_conv300,8854,82919064000.0,99793713084.0
phi2_conv300,8855,82919064000.0,99799003767.0
phi2_conv300,8856,82919064000.0,99804491058.0
phi2_conv300,8857,82919064000.0,99809830893.0
phi2_conv300,8858,82919064000.0,99815269032.0
phi2_conv300,8859,82919064000.0,99820608867.0
phi2_conv300,8860,82919064000.0,99826096158.0
phi2_conv300,8861,82919064000.0,99831435993.0
phi2_conv300,8862,82919064000.0,99836923284.0
phi2_conv300,8863,82919064000.0,99842263119.0
phi2_conv300,8864,82919064000.0,99847750410.0
phi2_conv300,8865,82919064000.0,99853090245.0
phi2_conv300,8866,82919064000.0,99858577536.0
phi2_conv300,8867,82919064000.0,99863917371.0
phi2_conv300,8868,82919064000.0,99869404662.0
phi2_conv300,8869,82919064000.0,99874744497.0
phi2_conv300,8870,82919064000.0,99880231788.0
phi2_conv300,8871,82919064000.0,99885571623.0
phi2_conv300,8872,82919064000.0,99891058914.0
phi2_conv300,8873,82919064000.0,99896398749.0
phi2_conv300,8874,83735745000.0,99984356426.0
phi2_conv300,8875,83735745000.0,100075036919.0
phi2_conv300,8876,83735745000.0,100092908667.0
phi2_conv300,8877,83735745000.0,100098477183.0
phi2_conv300,8878,83797671000.0,100186556844.0
phi2_conv300,8879,83797671000.0,100277648089.0
phi2_conv300,8880,83797671000.0,100309144888.0
phi2_conv300,8881,83797671000.0,100314905530.0
phi2_conv300,8882,83797671000.0,100320862780.0
phi2_conv300,8883,83797671000.0,100326672574.0
phi2_conv300,8884,83797671000.0,100332580672.0
phi2_conv300,8885,83797671000.0,100338390466.0
phi2_conv300,8886,83797671000.0,100344347716.0
phi2_conv300,8887,83797671000.0,100350108358.0
phi2_conv300,8888,83797671000.0,100356065608.0
phi2_conv300,8889,83797671000.0,100361875402.0
phi2_conv300,8890,83797671000.0,100367783500.0
phi2_conv300,8891,83797671000.0,100373593294.0
phi2_conv300,8892,83797671000.0,100379550544.0
phi2_conv300,8893,83797671000.0,100385311186.0
phi2_conv300,8894,83797671000.0,100391268436.0
phi2_conv300,8895,83797671000.0,100397078230.0
phi2_conv300,8896,83797671000.0,100402695898.0
phi2_conv300,8897,83797671000.0,100408264414.0
phi2_conv300,8898,84029102000.0,100448023267.0
phi2_conv300,8899,84029102000.0,100453636453.0
phi2_conv300,8900,84029102000.0,100459446247.0
phi2_conv300,8901,84029102000.0,100465108585.0
phi2_conv300,8902,84029102000.0,100470869227.0
phi2_conv300,8903,84029102000.0,100476531565.0
phi2_conv300,8904,84029102000.0,100482341359.0
phi2_conv300,8905,84029102000.0,100487954545.0
phi2_conv300,8906,84029102000.0,100493764339.0
phi2_conv300,8907,84029102000.0,100499475829.0
phi2_conv300,8908,84029102000.0,100505236471.0
phi2_conv300,8909,84029102000.0,100510947961.0
phi2_conv300,8910,84029102000.0,100516757755.0
phi2_conv300,8911,84029102000.0,100522420093.0
phi2_conv300,8912,84029102000.0,100528229887.0
phi2_conv300,8913,84029102000.0,100533941377.0
phi2_conv300,8914,84029102000.0,100539702019.0
phi2_conv300,8915,84029102000.0,100545413509.0
phi2_conv300,8916,84029102000.0,100551223303.0
phi2_conv300,8917,84029102000.0,100556885641.0
phi2_conv300,8918,84029102000.0,100562695435.0
phi2_conv300,8919,84029102000.0,100568406925.0
phi2_conv300,8920,84029102000.0,100574167567.0
phi2_conv300,8921,84029102000.0,100579879057.0
phi2_conv300,8922,84029102000.0,100585688851.0
phi2_conv300,8923,84029102000.0,100591351189.0
phi2_conv300,8924,84029102000.0,100597160983.0
phi2_conv300,8925,84029102000.0,100602872473.0
phi2_conv300,8926,84029102000.0,100608633115.0
phi2_conv300,8927,84029102000.0,100614344605.0
phi2_conv300,8928,84029102000.0,100620154399.0
phi2_conv300,8929,84029102000.0,100625816737.0
phi2_conv300,8930,84029102000.0,100631626531.0
phi2_conv300,8931,84029102000.0,100637338021.0
phi2_conv300,8932,84029102000.0,100643098663.0
phi2_conv300,8933,84029102000.0,100648810153.0
phi2_conv300,8934,84029102000.0,100654619947.0
phi2_conv300,8935,84029102000.0,100660282285.0
phi2_conv300,8936,84029102000.0,100666092079.0
phi2_conv300,8937,84029102000.0,100671803569.0
phi2_conv300,8938,84029102000.0,100677564211.0
phi2_conv300,8939,84029102000.0,100682985271.0
phi2_conv300,8940,84029102000.0,100688553787.0
phi2_conv300,8941,84029102000.0,100693974847.0
phi2_conv300,8942,84029102000.0,100699543363.0
phi2_conv300,8943,84029102000.0,100704964423.0
phi2_conv300,8944,84029102000.0,100710532939.0
phi2_conv300,8945,84029102000.0,100715953999.0
phi2_conv300,8946,84029102000.0,100721522515.0
phi2_conv300,8947,84029102000.0,100726943575.0
phi2_conv300,8948,84029102000.0,100732512091.0
phi2_conv300,8949,84029102000.0,100737933151.0
phi2_conv300,8950,84029102000.0,100743501667.0
phi2_conv300,8951,84029102000.0,100748922727.0
phi2_conv300,8952,84029102000.0,100754491243.0
phi2_conv300,8953,84029102000.0,100759912303.0
phi2_conv300,8954,84029102000.0,100765480819.0
phi2_conv300,8955,84029102000.0,100770951031.0
phi2_conv300,8956,84029102000.0,100776519547.0
phi2_conv300,8957,84029102000.0,100781989759.0
phi2_conv300,8958,84029102000.0,100787558275.0
phi2_conv300,8959,84029102000.0,100793077639.0
phi2_conv300,8960,84029102000.0,100798368322.0
phi2_conv300,8961,84029102000.0,100803609853.0
phi2_conv300,8962,84029102000.0,100808949688.0
phi2_conv300,8963,84029102000.0,100814191219.0
phi2_conv300,8964,84029102000.0,100819481902.0
phi2_conv300,8965,84029102000.0,100824772585.0
phi2_conv300,8966,84029102000.0,100830063268.0
phi2_conv300,8967,84029102000.0,100835304799.0
phi2_conv300,8968,84029102000.0,100840693786.0
phi2_conv300,8969,84029102000.0,100845935317.0
phi2_conv300,8970,84029102000.0,100851275152.0
phi2_conv300,8971,84029102000.0,100856565835.0
phi2_conv300,8972,84029102000.0,100861905670.0
phi2_conv300,8973,84029102000.0,100867147201.0
phi2_conv300,8974,84029102000.0,100872536188.0
phi2_conv300,8975,84029102000.0,100877777719.0
phi2_conv300,8976,84029102000.0,100883117554.0
phi2_conv300,8977,84029102000.0,100888408237.0
phi2_conv300,8978,84029102000.0,100893748072.0
phi2_conv300,8979,84029102000.0,100898989603.0
phi2_conv300,8980,84029102000.0,100904378590.0
phi2_conv300,8981,84029102000.0,100909620121.0
phi2_conv300,8982,84029102000.0,100914731275.0
phi2_conv300,8983,84029102000.0,100919744125.0
phi2_conv300,8984,84029102000.0,100924855279.0
phi2_conv300,8985,84029102000.0,100929818977.0
phi2_conv300,8986,84029102000.0,100934979283.0
phi2_conv300,8987,84029102000.0,100939942981.0
phi2_conv300,8988,84029102000.0,100945054135.0
phi2_conv300,8989,84029102000.0,100950066985.0
phi2_conv300,8990,84029102000.0,100955178139.0
phi2_conv300,8991,84029102000.0,100960141837.0
phi2_conv300,8992,84029102000.0,100965302143.0
phi2_conv300,8993,84029102000.0,100970265841.0
phi2_conv300,8994,84029102000.0,100975376995.0
phi2_conv300,8995,84029102000.0,100980438997.0
phi2_conv300,8996,84029102000.0,100985550151.0
phi2_conv300,8997,84029102000.0,100990563001.0
phi2_conv300,8998,84029102000.0,100995723307.0
phi2_conv300,8999,84029102000.0,101000736157.0
phi2_conv300,9000,84029102000.0,101005847311.0
phi2_conv300,9001,84029102000.0,101010909313.0
phi2_conv300,9002,84029102000.0,101016020467.0
phi2_conv300,9003,84029102000.0,101021033317.0
phi2_conv300,9004,84029102000.0,101026193623.0
phi2_conv300,9005,84029102000.0,101031206473.0
phi2_conv300,9006,84029102000.0,101036317627.0
phi2_conv300,9007,84029102000.0,101041379629.0
phi2_conv300,9008,84029102000.0,101046490783.0
phi2_conv300,9009,84029102000.0,101051503633.0
phi2_conv300,9010,84029102000.0,101056663939.0
phi2_conv300,9011,84029102000.0,101061676789.0
phi2_conv300,9012,84029102000.0,101066787943.0
phi2_conv300,9013,84029102000.0,101071899097.0
phi2_conv300,9014,84029102000.0,101076732417.0
phi2_conv300,9015,84029102000.0,101081516585.0
phi2_conv300,9016,84029102000.0,101086448209.0
phi2_conv300,9017,84029102000.0,101091232377.0
phi2_conv300,9018,84029102000.0,101096114849.0
phi2_conv300,9019,84029102000.0,101100948169.0
phi2_conv300,9020,84029102000.0,101105830641.0
phi2_conv300,9021,84029102000.0,101110614809.0
phi2_conv300,9022,84029102000.0,101115546433.0
phi2_conv300,9023,84029102000.0,101120330601.0
phi2_conv300,9024,84029102000.0,101125213073.0
phi2_conv300,9025,84029102000.0,101130046393.0
phi2_conv300,9026,84029102000.0,101134928865.0
phi2_conv300,9027,84029102000.0,101139713033.0
phi2_conv300,9028,84029102000.0,101144644657.0
phi2_conv300,9029,84029102000.0,101149477977.0
phi2_conv300,9030,84029102000.0,101154360449.0
phi2_conv300,9031,84029102000.0,101158909864.0
phi2_conv300,9032,84029102000.0,101163606735.0
phi2_conv300,9033,84029102000.0,101168106998.0
phi2_conv300,9034,84029102000.0,101172803869.0
phi2_conv300,9035,84029102000.0,101177353284.0
phi2_conv300,9036,84029102000.0,101182001003.0
phi2_conv300,9037,84029102000.0,101186550418.0
phi2_conv300,9038,84029102000.0,101191247289.0
phi2_conv300,9039,84029102000.0,101195747552.0
phi2_conv300,9040,84029102000.0,101200444423.0
phi2_conv300,9041,84029102000.0,101204993838.0
phi2_conv300,9042,84029102000.0,101209641557.0
phi2_conv300,9043,84029102000.0,101214190972.0
phi2_conv300,9044,84029102000.0,101218887843.0
phi2_conv300,9045,84029102000.0,101223388106.0
phi2_conv300,9046,84029102000.0,101228084977.0
phi2_conv300,9047,84029102000.0,101232634392.0
phi2_conv300,9048,84029102000.0,101237282111.0
phi2_conv300,9049,84029102000.0,101241831526.0
phi2_conv300,9050,84029102000.0,101246528397.0
phi2_conv300,9051,84029102000.0,101251077812.0
phi2_conv300,9052,84029102000.0,101255774683.0
phi2_conv300,9053,84029102000.0,101260324098.0
phi2_conv300,9054,84029102000.0,101265020969.0
phi2_conv300,9055,84029102000.0,101269570384.0
phi2_conv300,9056,84029102000.0,101274267255.0
phi2_conv300,9057,84029102000.0,101278816670.0
phi2_conv300,9058,84029102000.0,101283513541.0
phi2_conv300,9059,84029102000.0,101288062956.0
phi2_conv300,9060,84029102000.0,101292759827.0
phi2_conv300,9061,84029102000.0,101297309242.0
phi2_conv300,9062,84029102000.0,101302006113.0
phi2_conv300,9063,84029102000.0,101306555528.0
phi2_conv300,9064,84029102000.0,101311252399.0
phi2_conv300,9065,84029102000.0,101315801814.0
phi2_conv300,9066,84029102000.0,101320498685.0
phi2_conv300,9067,84029102000.0,101325048100.0
phi2_conv300,9068,84029102000.0,101329744971.0
phi2_conv300,9069,84029102000.0,101334294386.0
phi2_conv300,9070,84029102000.0,101338991257.0
phi2_conv300,9071,84029102000.0,101343540672.0
phi2_conv300,9072,84029102000.0,101348237543.0
phi2_conv300,9073,84029102000.0,101352786958.0
phi2_conv300,9074,84029102000.0,101357483829.0
phi2_conv300,9075,84029102000.0,101362082396.0
phi2_conv300,9076,84029102000.0,101366779267.0
phi2_conv300,9077,84029102000.0,101371377834.0
phi2_conv300,9078,84029102000.0,101376074705.0
phi2_conv300,9079,84029102000.0,101380673272.0
phi2_conv300,9080,84029102000.0,101385370143.0
phi2_conv300,9081,83797671000.0,101389887485.0
phi2_conv300,9082,83797671000.0,101394503131.0
phi2_conv300,9083,83797671000.0,101399020473.0
phi2_conv300,9084,83797671000.0,101403636119.0
phi2_conv300,9085,83797671000.0,101408153461.0
phi2_conv300,9086,83797671000.0,101412769107.0
phi2_conv300,9087,83797671000.0,101417057064.0
phi2_conv300,9088,83797671000.0,101421443325.0
phi2_conv300,9089,83797671000.0,101425731282.0
phi2_conv300,9090,83797671000.0,101430117543.0
phi2_conv300,9091,83797671000.0,101434405500.0
phi2_conv300,9092,83797671000.0,101438791761.0
phi2_conv300,9093,83797671000.0,101443128870.0
phi2_conv300,9094,83797671000.0,101447515131.0
phi2_conv300,9095,83797671000.0,101451852240.0
phi2_conv300,9096,83797671000.0,101456238501.0
phi2_conv300,9097,83797671000.0,101460575610.0
phi2_conv300,9098,83797671000.0,101464961871.0
phi2_conv300,9099,83797671000.0,101469298980.0
phi2_conv300,9100,83797671000.0,101473685241.0
phi2_conv300,9101,83797671000.0,101478022350.0
phi2_conv300,9102,83797671000.0,101482408611.0
phi2_conv300,9103,83797671000.0,101486745720.0
phi2_conv300,9104,83797671000.0,101490850652.0
phi2_conv300,9105,83797671000.0,101494906432.0
phi2_conv300,9106,83797671000.0,101499011364.0
phi2_conv300,9107,83797671000.0,101503067144.0
phi2_conv300,9108,83797671000.0,101507172076.0
phi2_conv300,9109,83797671000.0,101511227856.0
phi2_conv300,9110,83797671000.0,101515332788.0
phi2_conv300,9111,83797671000.0,101519388568.0
phi2_conv300,9112,83797671000.0,101523493500.0
phi2_conv300,9113,83797671000.0,101527549280.0
phi2_conv300,9114,83797671000.0,101531654212.0
phi2_conv300,9115,83797671000.0,101535709992.0
phi2_conv300,9116,83797671000.0,101539814924.0
phi2_conv300,9117,83797671000.0,101543870704.0
phi2_conv300,9118,83797671000.0,101547975636.0
phi2_conv300,9119,83797671000.0,101552031416.0
phi2_conv300,9120,83797671000.0,101556136348.0
phi2_conv300,9121,83797671000.0,101560192128.0
phi2_conv300,9122,83797671000.0,101564297060.0
phi2_conv300,9123,83797671000.0,101568352840.0
phi2_conv300,9124,83797671000.0,101572457772.0
phi2_conv300,9125,83797671000.0,101576513552.0
phi2_conv300,9126,83797671000.0,101580618484.0
phi2_conv300,9127,83797671000.0,101584674264.0
phi2_conv300,9128,83797671000.0,101588779196.0
phi2_conv300,9129,83797671000.0,101592834976.0
phi2_conv300,9130,83797671000.0,101596660388.0
phi2_conv300,9131,83797671000.0,101600485800.0
phi2_conv300,9132,83797671000.0,101604311212.0
phi2_conv300,9133,83797671000.0,101608136624.0
phi2_conv300,9134,83797671000.0,101611962036.0
phi2_conv300,9135,83797671000.0,101615787448.0
phi2_conv300,9136,83797671000.0,101619612860.0
phi2_conv300,9137,83797671000.0,101623438272.0
phi2_conv300,9138,83797671000.0,101627263684.0
phi2_conv300,9139,83797671000.0,101631089096.0
phi2_conv300,9140,83797671000.0,101634914508.0
phi2_conv300,9141,83797671000.0,101638481744.0
phi2_conv300,9142,83797671000.0,101641999828.0
phi2_conv300,9143,83797671000.0,101645567064.0
phi2_conv300,9144,83797671000.0,101649085148.0
phi2_conv300,9145,83797671000.0,101652652384.0
phi2_conv300,9146,83797671000.0,101656170468.0
phi2_conv300,9147,83797671000.0,101659737704.0
phi2_conv300,9148,83797671000.0,101663255788.0
phi2_conv300,9149,83797671000.0,101666823024.0
phi2_conv300,9150,83797671000.0,101670341108.0
phi2_conv300,9151,83797671000.0,101673908344.0
phi2_conv300,9152,83797671000.0,101677426428.0
phi2_conv300,9153,83797671000.0,101680993664.0
phi2_conv300,9154,83797671000.0,101684511748.0
phi2_conv300,9155,83797671000.0,101688078984.0
phi2_conv300,9156,83797671000.0,101691597068.0
phi2_conv300,9157,83797671000.0,101695164304.0
phi2_conv300,9158,83797671000.0,101698682388.0
phi2_conv300,9159,83797671000.0,101702249624.0
phi2_conv300,9160,83797671000.0,101705767708.0
phi2_conv300,9161,83797671000.0,101709334944.0
phi2_conv300,9162,83797671000.0,101712853028.0
phi2_conv300,9163,83797671000.0,101716469416.0
phi2_conv300,9164,83797671000.0,101719987500.0
phi2_conv300,9165,83797671000.0,101723603888.0
phi2_conv300,9166,83797671000.0,101727121972.0
phi2_conv300,9167,83797671000.0,101730738360.0
phi2_conv300,9168,83797671000.0,101734256444.0
phi2_conv300,9169,83797671000.0,101737872832.0
phi2_conv300,9170,83797671000.0,101741390916.0
phi2_conv300,9171,83797671000.0,101745007304.0
phi2_conv300,9172,83797671000.0,101748525388.0
phi2_conv300,9173,83797671000.0,101752141776.0
phi2_conv300,9174,83797671000.0,101755659860.0
phi2_conv300,9175,83797671000.0,101759276248.0
phi2_conv300,9176,83797671000.0,101762794332.0
phi2_conv300,9177,83797671000.0,101766410720.0
phi2_conv300,9178,83797671000.0,101769928804.0
phi2_conv300,9179,83797671000.0,101773545192.0
phi2_conv300,9180,83797671000.0,101777063276.0
phi2_conv300,9181,83797671000.0,101780679664.0
phi2_conv300,9182,83797671000.0,101784197748.0
phi2_conv300,9183,83797671000.0,101787814136.0
phi2_conv300,9184,83797671000.0,101791332220.0
phi2_conv300,9185,83797671000.0,101794948608.0
phi2_conv300,9186,83797671000.0,101798466692.0
phi2_conv300,9187,83797671000.0,101802083080.0
phi2_conv300,9188,83797671000.0,101805601164.0
phi2_conv300,9189,83797671000.0,101809217552.0
phi2_conv300,9190,83797671000.0,101812735636.0
phi2_conv300,9191,83797671000.0,101816352024.0
phi2_conv300,9192,83797671000.0,101819870108.0
phi2_conv300,9193,83797671000.0,101823486496.0
phi2_conv300,9194,83797671000.0,101827004580.0
phi2_conv300,9195,83797671000.0,101830620968.0
phi2_conv300,9196,83797671000.0,101834139052.0
phi2_conv300,9197,83797671000.0,101837755440.0
phi2_conv300,9198,83797671000.0,101841273524.0
phi2_conv300,9199,83797671000.0,101844889912.0
phi2_conv300,9200,83797671000.0,101848407996.0
phi2_conv300,9201,83797671000.0,101852024384.0
phi2_conv300,9202,83797671000.0,101855542468.0
phi2_conv300,9203,83797671000.0,101859158856.0
phi2_conv300,9204,83797671000.0,101862676940.0
phi2_conv300,9205,83797671000.0,101866293328.0
phi2_conv300,9206,83797671000.0,101869811412.0
phi2_conv300,9207,83797671000.0,101873427800.0
phi2_conv300,9208,83797671000.0,101876945884.0
phi2_conv300,9209,83797671000.0,101880562272.0
phi2_conv300,9210,83797671000.0,101884080356.0
phi2_conv300,9211,83797671000.0,101887696744.0
phi2_conv300,9212,83797671000.0,101891214828.0
phi2_conv300,9213,83797671000.0,101894391856.0
phi2_conv300,9214,83797671000.0,101897519732.0
phi2_conv300,9215,83797671000.0,101900696760.0
phi2_conv300,9216,83797671000.0,101903824636.0
phi2_conv300,9217,83797671000.0,101907001664.0
phi2_conv300,9218,83797671000.0,101910129540.0
phi2_conv300,9219,83797671000.0,101913306568.0
phi2_conv300,9220,83797671000.0,101916434444.0
phi2_conv300,9221,83797671000.0,101919611472.0
phi2_conv300,9222,83797671000.0,101922739348.0
phi2_conv300,9223,83797671000.0,101925916376.0
phi2_conv300,9224,83797671000.0,101929044252.0
phi2_conv300,9225,83797671000.0,101932221280.0
phi2_conv300,9226,83797671000.0,101935349156.0
phi2_conv300,9227,83797671000.0,101938526184.0
phi2_conv300,9228,83797671000.0,101941654060.0
phi2_conv300,9229,83797671000.0,101944831088.0
phi2_conv300,9230,83797671000.0,101947958964.0
phi2_conv300,9231,83797671000.0,101950745784.0
phi2_conv300,9232,83797671000.0,101953434300.0
phi2_conv300,9233,83797671000.0,101956221120.0
phi2_conv300,9234,83797671000.0,101958909636.0
phi2_conv300,9235,83797671000.0,101961696456.0
phi2_conv300,9236,83797671000.0,101964384972.0
phi2_conv300,9237,83797671000.0,101967171792.0
phi2_conv300,9238,83797671000.0,101969860308.0
phi2_conv300,9239,83797671000.0,101972647128.0
phi2_conv300,9240,83797671000.0,101975335644.0
phi2_conv300,9241,83797671000.0,101978122464.0
phi2_conv300,9242,83797671000.0,101980810980.0
phi2_conv300,9243,83797671000.0,101983597800.0
phi2_conv300,9244,83797671000.0,101986286316.0
phi2_conv300,9245,83797671000.0,101989073136.0
phi2_conv300,9246,83797671000.0,101991761652.0
phi2_conv300,9247,83797671000.0,101994548472.0
phi2_conv300,9248,83797671000.0,101997236988.0
phi2_conv300,9249,83797671000.0,102000023808.0
phi2_conv300,9250,83797671000.0,102002712324.0
phi2_conv300,9251,83797671000.0,102005499144.0
phi2_conv300,9252,83797671000.0,102008187660.0
phi2_conv300,9253,83797671000.0,102010974480.0
phi2_conv300,9254,83797671000.0,102013662996.0
phi2_conv300,9255,83797671000.0,102016449816.0
phi2_conv300,9256,83797671000.0,102019138332.0
phi2_conv300,9257,83797671000.0,102021925152.0
phi2_conv300,9258,83797671000.0,102024613668.0
phi2_conv300,9259,83797671000.0,102027400488.0
phi2_conv300,9260,83797671000.0,102030089004.0
phi2_conv300,9261,83797671000.0,102032875824.0
phi2_conv300,9262,83797671000.0,102035564340.0
phi2_conv300,9263,83797671000.0,102038351160.0
phi2_conv300,9264,83797671000.0,102041039676.0
phi2_conv300,9265,83797671000.0,102043826496.0
phi2_conv300,9266,83797671000.0,102046515012.0
phi2_conv300,9267,83797671000.0,102049301832.0
phi2_conv300,9268,83797671000.0,102051990348.0
phi2_conv300,9269,83797671000.0,102054777168.0
phi2_conv300,9270,83797671000.0,102057465684.0
phi2_conv300,9271,83797671000.0,102060252504.0
phi2_conv300,9272,83797671000.0,102062941020.0
phi2_conv300,9273,83797671000.0,102065727840.0
phi2_conv300,9274,83797671000.0,102068416356.0
phi2_conv300,9275,83797671000.0,102071203176.0
phi2_conv300,9276,83797671000.0,102073891692.0
phi2_conv300,9277,83797671000.0,102076678512.0
phi2_conv300,9278,83797671000.0,102079367028.0
phi2_conv300,9279,83797671000.0,102082153848.0
phi2_conv300,9280,83797671000.0,102084842364.0
phi2_conv300,9281,83797671000.0,102087629184.0
phi2_conv300,9282,83797671000.0,102090317700.0
phi2_conv300,9283,83797671000.0,102093104520.0
phi2_conv300,9284,83797671000.0,102095793036.0
phi2_conv300,9285,83797671000.0,102098579856.0
phi2_conv300,9286,83797671000.0,102101268372.0
phi2_conv300,9287,83797671000.0,102104055192.0
phi2_conv300,9288,83797671000.0,102106743708.0
phi2_conv300,9289,83797671000.0,102109530528.0
phi2_conv300,9290,83797671000.0,102112219044.0
phi2_conv300,9291,83797671000.0,102115005864.0
phi2_conv300,9292,83797671000.0,102117694380.0
phi2_conv300,9293,83735745000.0,102120041840.0
phi2_conv300,9294,83735745000.0,102122340148.0
phi2_conv300,9295,83735745000.0,102124687608.0
